identity,frame,score
without_bg,data\demo\train\video_fragmentation_preview\crop_0000.jpg,0.13809217512607574
without_bg,data\demo\train\video_fragmentation_preview\crop_0001.jpg,0.378659188747406
without_bg,data\demo\train\video_fragmentation_preview\crop_0002.jpg,0.2685837149620056
without_bg,data\demo\train\video_fragmentation_preview\crop_0003.jpg,0.2295067459344864
without_bg,data\demo\train\video_fragmentation_preview\crop_0004.jpg,0.2729729413986206
without_bg,data\demo\train\video_fragmentation_preview\crop_0005.jpg,0.38313204050064087
without_bg,data\demo\train\video_fragmentation_preview\crop_0006.jpg,0.41603702306747437
without_bg,data\demo\train\video_fragmentation_preview\crop_0007.jpg,0.4097043573856354
without_bg,data\demo\train\video_fragmentation_preview\crop_0008.jpg,0.5283141136169434
without_bg,data\demo\train\video_fragmentation_preview\crop_0009.jpg,0.4169081449508667
without_bg,data\demo\train\video_fragmentation_preview\crop_0010.jpg,0.6085078716278076
without_bg,data\demo\train\video_fragmentation_preview\crop_0011.jpg,0.5748251080513
without_bg,data\demo\train\video_fragmentation_preview\crop_0012.jpg,0.6144879460334778
without_bg,data\demo\train\video_fragmentation_preview\crop_0013.jpg,0.5592188835144043
without_bg,data\demo\train\video_fragmentation_preview\crop_0014.jpg,0.4370318651199341
without_bg,data\demo\train\video_fragmentation_preview\crop_0015.jpg,0.43543994426727295
without_bg,data\demo\train\video_fragmentation_preview\crop_0016.jpg,0.5784004926681519
without_bg,data\demo\train\video_fragmentation_preview\crop_0017.jpg,0.5320816040039062
without_bg,data\demo\train\video_fragmentation_preview\crop_0018.jpg,0.4007825255393982
without_bg,data\demo\train\video_fragmentation_preview\crop_0019.jpg,0.23822367191314697
without_bg,data\demo\train\video_fragmentation_preview\crop_0020.jpg,0.39404040575027466
without_bg,data\demo\train\video_fragmentation_preview\crop_0021.jpg,0.2679472863674164
without_bg,data\demo\train\video_fragmentation_preview\crop_0022.jpg,0.20637211203575134
without_bg,data\demo\train\video_fragmentation_preview\crop_0023.jpg,0.2591513693332672
without_bg,data\demo\train\video_fragmentation_preview\crop_0024.jpg,0.23748557269573212
without_bg,data\demo\train\video_fragmentation_preview\crop_0025.jpg,0.23882922530174255
without_bg,data\demo\train\video_fragmentation_preview\crop_0026.jpg,0.2515304982662201
without_bg,data\demo\train\video_fragmentation_preview\crop_0027.jpg,0.2223558872938156
without_bg,data\demo\train\video_fragmentation_preview\crop_0028.jpg,0.2783139944076538
without_bg,data\demo\train\video_fragmentation_preview\crop_0029.jpg,0.2485523819923401
without_bg,data\demo\train\video_fragmentation_preview\crop_0030.jpg,0.2626879811286926
without_bg,data\demo\train\video_fragmentation_preview\crop_0031.jpg,0.25630807876586914
without_bg,data\demo\train\video_fragmentation_preview\crop_0032.jpg,0.2025916576385498
without_bg,data\demo\train\video_fragmentation_preview\crop_0033.jpg,0.11472825706005096
without_bg,data\demo\train\video_fragmentation_preview\crop_0034.jpg,0.2927424907684326
without_bg,data\demo\train\video_fragmentation_preview\crop_0035.jpg,0.22422322630882263
without_bg,data\demo\train\video_fragmentation_preview\crop_0036.jpg,0.4219145178794861
without_bg,data\demo\train\video_fragmentation_preview\crop_0037.jpg,0.17856855690479279
without_bg,data\demo\train\video_fragmentation_preview\crop_0038.jpg,0.2662997841835022
without_bg,data\demo\train\video_fragmentation_preview\crop_0039.jpg,0.14705267548561096
without_bg,data\demo\train\video_fragmentation_preview\crop_0040.jpg,0.16352158784866333
without_bg,data\demo\train\video_fragmentation_preview\crop_0041.jpg,-0.008045166730880737
without_bg,data\demo\train\video_fragmentation_preview\crop_0042.jpg,0.175516739487648
without_bg,data\demo\train\video_fragmentation_preview\crop_0043.jpg,0.06670133769512177
without_bg,data\demo\train\video_fragmentation_preview\crop_0044.jpg,-0.002127908170223236
without_bg,data\demo\train\video_fragmentation_preview\crop_0045.jpg,0.11271191388368607
without_bg,data\demo\train\video_fragmentation_preview\crop_0046.jpg,0.031064502894878387
without_bg,data\demo\train\video_fragmentation_preview\crop_0047.jpg,0.0049611106514930725
without_bg,data\demo\train\video_fragmentation_preview\crop_0048.jpg,2.3320317268371582e-05
without_bg,data\demo\train\video_fragmentation_preview\crop_0049.jpg,0.035377081483602524
without_bg,data\demo\train\video_fragmentation_preview\crop_0050.jpg,0.042557694017887115
without_bg,data\demo\train\video_fragmentation_preview\crop_0051.jpg,0.24442827701568604
without_bg,data\demo\train\video_fragmentation_preview\crop_0052.jpg,0.14866572618484497
without_bg,data\demo\train\video_fragmentation_preview\crop_0053.jpg,0.3494001626968384
without_bg,data\demo\train\video_fragmentation_preview\crop_0054.jpg,0.14322347939014435
without_bg,data\demo\train\video_fragmentation_preview\crop_0055.jpg,0.18822720646858215
without_bg,data\demo\train\video_fragmentation_preview\crop_0056.jpg,0.19863562285900116
without_bg,data\demo\train\video_fragmentation_preview\crop_0057.jpg,0.38706767559051514
without_bg,data\demo\train\video_fragmentation_preview\crop_0058.jpg,0.4745327830314636
without_bg,data\demo\train\video_fragmentation_preview\crop_0059.jpg,0.3907112181186676
without_bg,data\demo\train\video_fragmentation_preview\crop_0060.jpg,0.27627336978912354
without_bg,data\demo\train\video_fragmentation_preview\crop_0061.jpg,0.4104264974594116
without_bg,data\demo\train\video_fragmentation_preview\crop_0062.jpg,0.3724832534790039
without_bg,data\demo\train\video_fragmentation_preview\crop_0063.jpg,0.4382759630680084
without_bg,data\demo\train\video_fragmentation_preview\crop_0064.jpg,0.28489047288894653
without_bg,data\demo\train\video_fragmentation_preview\crop_0065.jpg,0.3864361345767975
without_bg,data\demo\train\video_fragmentation_preview\crop_0066.jpg,0.8054695725440979
without_bg,data\demo\train\video_fragmentation_preview\crop_0067.jpg,0.7771892547607422
without_bg,data\demo\train\video_fragmentation_preview\crop_0068.jpg,0.7661855220794678
without_bg,data\demo\train\video_fragmentation_preview\crop_0069.jpg,0.7516351342201233
attack_uav,data\demo\train\video_fragmentation_preview\crop_0000.jpg,0.30241209268569946
attack_uav,data\demo\train\video_fragmentation_preview\crop_0001.jpg,0.3699639141559601
attack_uav,data\demo\train\video_fragmentation_preview\crop_0002.jpg,0.372591495513916
attack_uav,data\demo\train\video_fragmentation_preview\crop_0003.jpg,0.1889285147190094
attack_uav,data\demo\train\video_fragmentation_preview\crop_0004.jpg,0.22471918165683746
attack_uav,data\demo\train\video_fragmentation_preview\crop_0005.jpg,0.2631954252719879
attack_uav,data\demo\train\video_fragmentation_preview\crop_0006.jpg,0.11606079339981079
attack_uav,data\demo\train\video_fragmentation_preview\crop_0007.jpg,0.22026798129081726
attack_uav,data\demo\train\video_fragmentation_preview\crop_0008.jpg,0.16710036993026733
attack_uav,data\demo\train\video_fragmentation_preview\crop_0009.jpg,0.09917186200618744
attack_uav,data\demo\train\video_fragmentation_preview\crop_0010.jpg,0.03909260407090187
attack_uav,data\demo\train\video_fragmentation_preview\crop_0011.jpg,0.060096386820077896
attack_uav,data\demo\train\video_fragmentation_preview\crop_0012.jpg,-0.06723297387361526
attack_uav,data\demo\train\video_fragmentation_preview\crop_0013.jpg,-0.16042590141296387
attack_uav,data\demo\train\video_fragmentation_preview\crop_0014.jpg,0.03348759561777115
attack_uav,data\demo\train\video_fragmentation_preview\crop_0015.jpg,-0.10978659987449646
attack_uav,data\demo\train\video_fragmentation_preview\crop_0016.jpg,-0.49814167618751526
attack_uav,data\demo\train\video_fragmentation_preview\crop_0017.jpg,-0.32489579916000366
attack_uav,data\demo\train\video_fragmentation_preview\crop_0018.jpg,-0.1852610856294632
attack_uav,data\demo\train\video_fragmentation_preview\crop_0019.jpg,-0.35271090269088745
attack_uav,data\demo\train\video_fragmentation_preview\crop_0020.jpg,-0.5967634320259094
attack_uav,data\demo\train\video_fragmentation_preview\crop_0021.jpg,-0.29603564739227295
attack_uav,data\demo\train\video_fragmentation_preview\crop_0022.jpg,-0.32746922969818115
attack_uav,data\demo\train\video_fragmentation_preview\crop_0023.jpg,-0.5780102014541626
attack_uav,data\demo\train\video_fragmentation_preview\crop_0024.jpg,-0.23540934920310974
attack_uav,data\demo\train\video_fragmentation_preview\crop_0025.jpg,-0.37464624643325806
attack_uav,data\demo\train\video_fragmentation_preview\crop_0026.jpg,-0.509555459022522
attack_uav,data\demo\train\video_fragmentation_preview\crop_0027.jpg,-0.35009506344795227
attack_uav,data\demo\train\video_fragmentation_preview\crop_0028.jpg,-0.32330024242401123
attack_uav,data\demo\train\video_fragmentation_preview\crop_0029.jpg,-0.46100181341171265
attack_uav,data\demo\train\video_fragmentation_preview\crop_0030.jpg,-0.5122550129890442
attack_uav,data\demo\train\video_fragmentation_preview\crop_0031.jpg,-0.3368173837661743
attack_uav,data\demo\train\video_fragmentation_preview\crop_0032.jpg,0.3539198637008667
attack_uav,data\demo\train\video_fragmentation_preview\crop_0033.jpg,0.3014383912086487
attack_uav,data\demo\train\video_fragmentation_preview\crop_0034.jpg,0.34269171953201294
attack_uav,data\demo\train\video_fragmentation_preview\crop_0035.jpg,0.2650946378707886
attack_uav,data\demo\train\video_fragmentation_preview\crop_0036.jpg,0.37507328391075134
attack_uav,data\demo\train\video_fragmentation_preview\crop_0037.jpg,0.4348425567150116
attack_uav,data\demo\train\video_fragmentation_preview\crop_0038.jpg,0.36697620153427124
attack_uav,data\demo\train\video_fragmentation_preview\crop_0039.jpg,0.5944762229919434
attack_uav,data\demo\train\video_fragmentation_preview\crop_0040.jpg,0.5357451438903809
attack_uav,data\demo\train\video_fragmentation_preview\crop_0041.jpg,0.647047758102417
attack_uav,data\demo\train\video_fragmentation_preview\crop_0042.jpg,0.5840153098106384
attack_uav,data\demo\train\video_fragmentation_preview\crop_0043.jpg,0.6487429141998291
attack_uav,data\demo\train\video_fragmentation_preview\crop_0044.jpg,0.684144139289856
attack_uav,data\demo\train\video_fragmentation_preview\crop_0045.jpg,0.6837568879127502
attack_uav,data\demo\train\video_fragmentation_preview\crop_0046.jpg,0.7249223589897156
attack_uav,data\demo\train\video_fragmentation_preview\crop_0047.jpg,0.7033015489578247
attack_uav,data\demo\train\video_fragmentation_preview\crop_0048.jpg,0.6391971707344055
attack_uav,data\demo\train\video_fragmentation_preview\crop_0049.jpg,0.5941554307937622
attack_uav,data\demo\train\video_fragmentation_preview\crop_0050.jpg,0.48212048411369324
attack_uav,data\demo\train\video_fragmentation_preview\crop_0051.jpg,0.4988645315170288
attack_uav,data\demo\train\video_fragmentation_preview\crop_0052.jpg,0.4811919927597046
attack_uav,data\demo\train\video_fragmentation_preview\crop_0053.jpg,0.35098883509635925
attack_uav,data\demo\train\video_fragmentation_preview\crop_0054.jpg,0.5818142294883728
attack_uav,data\demo\train\video_fragmentation_preview\crop_0055.jpg,0.5072017908096313
attack_uav,data\demo\train\video_fragmentation_preview\crop_0056.jpg,0.2564971148967743
attack_uav,data\demo\train\video_fragmentation_preview\crop_0057.jpg,0.22416967153549194
attack_uav,data\demo\train\video_fragmentation_preview\crop_0058.jpg,0.03933962434530258
attack_uav,data\demo\train\video_fragmentation_preview\crop_0059.jpg,0.2367030382156372
attack_uav,data\demo\train\video_fragmentation_preview\crop_0060.jpg,0.27820807695388794
attack_uav,data\demo\train\video_fragmentation_preview\crop_0061.jpg,0.1762724071741104
attack_uav,data\demo\train\video_fragmentation_preview\crop_0062.jpg,0.22375556826591492
attack_uav,data\demo\train\video_fragmentation_preview\crop_0063.jpg,0.01829187572002411
attack_uav,data\demo\train\video_fragmentation_preview\crop_0064.jpg,0.09003642946481705
attack_uav,data\demo\train\video_fragmentation_preview\crop_0065.jpg,0.03507866710424423
attack_uav,data\demo\train\video_fragmentation_preview\crop_0066.jpg,-0.25248706340789795
attack_uav,data\demo\train\video_fragmentation_preview\crop_0067.jpg,-0.2758362889289856
attack_uav,data\demo\train\video_fragmentation_preview\crop_0068.jpg,-0.2221890389919281
attack_uav,data\demo\train\video_fragmentation_preview\crop_0069.jpg,-0.2926247715950012
baykar_bayraktar_tb2,data\demo\train\video_fragmentation_preview\crop_0000.jpg,0.6568228006362915
baykar_bayraktar_tb2,data\demo\train\video_fragmentation_preview\crop_0001.jpg,0.3610217273235321
baykar_bayraktar_tb2,data\demo\train\video_fragmentation_preview\crop_0002.jpg,0.2731004059314728
baykar_bayraktar_tb2,data\demo\train\video_fragmentation_preview\crop_0003.jpg,0.444741815328598
baykar_bayraktar_tb2,data\demo\train\video_fragmentation_preview\crop_0004.jpg,0.48436111211776733
baykar_bayraktar_tb2,data\demo\train\video_fragmentation_preview\crop_0005.jpg,0.15375836193561554
baykar_bayraktar_tb2,data\demo\train\video_fragmentation_preview\crop_0006.jpg,0.090142622590065
baykar_bayraktar_tb2,data\demo\train\video_fragmentation_preview\crop_0007.jpg,0.4132007360458374
baykar_bayraktar_tb2,data\demo\train\video_fragmentation_preview\crop_0008.jpg,0.20481817424297333
baykar_bayraktar_tb2,data\demo\train\video_fragmentation_preview\crop_0009.jpg,0.2423320859670639
baykar_bayraktar_tb2,data\demo\train\video_fragmentation_preview\crop_0010.jpg,0.15296092629432678
baykar_bayraktar_tb2,data\demo\train\video_fragmentation_preview\crop_0011.jpg,-0.08108711987733841
baykar_bayraktar_tb2,data\demo\train\video_fragmentation_preview\crop_0012.jpg,0.37726953625679016
baykar_bayraktar_tb2,data\demo\train\video_fragmentation_preview\crop_0013.jpg,0.07781466096639633
baykar_bayraktar_tb2,data\demo\train\video_fragmentation_preview\crop_0014.jpg,0.2383127063512802
baykar_bayraktar_tb2,data\demo\train\video_fragmentation_preview\crop_0015.jpg,0.278109073638916
baykar_bayraktar_tb2,data\demo\train\video_fragmentation_preview\crop_0016.jpg,-0.06746575981378555
baykar_bayraktar_tb2,data\demo\train\video_fragmentation_preview\crop_0017.jpg,-0.3797212839126587
baykar_bayraktar_tb2,data\demo\train\video_fragmentation_preview\crop_0018.jpg,-0.5424270629882812
baykar_bayraktar_tb2,data\demo\train\video_fragmentation_preview\crop_0019.jpg,-0.3740389943122864
baykar_bayraktar_tb2,data\demo\train\video_fragmentation_preview\crop_0020.jpg,-0.08126328140497208
baykar_bayraktar_tb2,data\demo\train\video_fragmentation_preview\crop_0021.jpg,0.10224752128124237
baykar_bayraktar_tb2,data\demo\train\video_fragmentation_preview\crop_0022.jpg,0.008508354425430298
baykar_bayraktar_tb2,data\demo\train\video_fragmentation_preview\crop_0023.jpg,0.01642949879169464
baykar_bayraktar_tb2,data\demo\train\video_fragmentation_preview\crop_0024.jpg,0.3242834806442261
baykar_bayraktar_tb2,data\demo\train\video_fragmentation_preview\crop_0025.jpg,0.13543196022510529
baykar_bayraktar_tb2,data\demo\train\video_fragmentation_preview\crop_0026.jpg,0.26645928621292114
baykar_bayraktar_tb2,data\demo\train\video_fragmentation_preview\crop_0027.jpg,0.19290919601917267
baykar_bayraktar_tb2,data\demo\train\video_fragmentation_preview\crop_0028.jpg,0.27434611320495605
baykar_bayraktar_tb2,data\demo\train\video_fragmentation_preview\crop_0029.jpg,0.1905718594789505
baykar_bayraktar_tb2,data\demo\train\video_fragmentation_preview\crop_0030.jpg,0.20387877523899078
baykar_bayraktar_tb2,data\demo\train\video_fragmentation_preview\crop_0031.jpg,0.4297874867916107
baykar_bayraktar_tb2,data\demo\train\video_fragmentation_preview\crop_0032.jpg,0.05929688364267349
baykar_bayraktar_tb2,data\demo\train\video_fragmentation_preview\crop_0033.jpg,-0.16639789938926697
baykar_bayraktar_tb2,data\demo\train\video_fragmentation_preview\crop_0034.jpg,-0.0050850361585617065
baykar_bayraktar_tb2,data\demo\train\video_fragmentation_preview\crop_0035.jpg,-0.1365152895450592
baykar_bayraktar_tb2,data\demo\train\video_fragmentation_preview\crop_0036.jpg,-0.2643299996852875
baykar_bayraktar_tb2,data\demo\train\video_fragmentation_preview\crop_0037.jpg,-0.1682974398136139
baykar_bayraktar_tb2,data\demo\train\video_fragmentation_preview\crop_0038.jpg,-0.06359439343214035
baykar_bayraktar_tb2,data\demo\train\video_fragmentation_preview\crop_0039.jpg,-0.04276357591152191
baykar_bayraktar_tb2,data\demo\train\video_fragmentation_preview\crop_0040.jpg,0.004376515746116638
baykar_bayraktar_tb2,data\demo\train\video_fragmentation_preview\crop_0041.jpg,-0.048828959465026855
baykar_bayraktar_tb2,data\demo\train\video_fragmentation_preview\crop_0042.jpg,-0.062477584928274155
baykar_bayraktar_tb2,data\demo\train\video_fragmentation_preview\crop_0043.jpg,0.1464746594429016
baykar_bayraktar_tb2,data\demo\train\video_fragmentation_preview\crop_0044.jpg,0.10695359110832214
baykar_bayraktar_tb2,data\demo\train\video_fragmentation_preview\crop_0045.jpg,0.11529958248138428
baykar_bayraktar_tb2,data\demo\train\video_fragmentation_preview\crop_0046.jpg,0.16826654970645905
baykar_bayraktar_tb2,data\demo\train\video_fragmentation_preview\crop_0047.jpg,0.14186227321624756
baykar_bayraktar_tb2,data\demo\train\video_fragmentation_preview\crop_0048.jpg,0.2256927490234375
baykar_bayraktar_tb2,data\demo\train\video_fragmentation_preview\crop_0049.jpg,-0.04027020186185837
baykar_bayraktar_tb2,data\demo\train\video_fragmentation_preview\crop_0050.jpg,-0.224911630153656
baykar_bayraktar_tb2,data\demo\train\video_fragmentation_preview\crop_0051.jpg,-0.2530997097492218
baykar_bayraktar_tb2,data\demo\train\video_fragmentation_preview\crop_0052.jpg,0.1630576252937317
baykar_bayraktar_tb2,data\demo\train\video_fragmentation_preview\crop_0053.jpg,-0.07772356271743774
baykar_bayraktar_tb2,data\demo\train\video_fragmentation_preview\crop_0054.jpg,0.14765042066574097
baykar_bayraktar_tb2,data\demo\train\video_fragmentation_preview\crop_0055.jpg,0.12205977737903595
baykar_bayraktar_tb2,data\demo\train\video_fragmentation_preview\crop_0056.jpg,0.031011078506708145
baykar_bayraktar_tb2,data\demo\train\video_fragmentation_preview\crop_0057.jpg,-0.007160089910030365
baykar_bayraktar_tb2,data\demo\train\video_fragmentation_preview\crop_0058.jpg,-0.10164381563663483
baykar_bayraktar_tb2,data\demo\train\video_fragmentation_preview\crop_0059.jpg,-0.0003167092800140381
baykar_bayraktar_tb2,data\demo\train\video_fragmentation_preview\crop_0060.jpg,-0.3361252248287201
baykar_bayraktar_tb2,data\demo\train\video_fragmentation_preview\crop_0061.jpg,-0.32985803484916687
baykar_bayraktar_tb2,data\demo\train\video_fragmentation_preview\crop_0062.jpg,-0.3786991834640503
baykar_bayraktar_tb2,data\demo\train\video_fragmentation_preview\crop_0063.jpg,-0.20005714893341064
baykar_bayraktar_tb2,data\demo\train\video_fragmentation_preview\crop_0064.jpg,-0.4686330556869507
baykar_bayraktar_tb2,data\demo\train\video_fragmentation_preview\crop_0065.jpg,-0.5014501214027405
baykar_bayraktar_tb2,data\demo\train\video_fragmentation_preview\crop_0066.jpg,0.06318379938602448
baykar_bayraktar_tb2,data\demo\train\video_fragmentation_preview\crop_0067.jpg,-0.02642587199807167
baykar_bayraktar_tb2,data\demo\train\video_fragmentation_preview\crop_0068.jpg,0.04445424675941467
baykar_bayraktar_tb2,data\demo\train\video_fragmentation_preview\crop_0069.jpg,0.07375742495059967
bayraktar_tb2_military_ukrainian_navi,data\demo\train\video_fragmentation_preview\crop_0000.jpg,0.3765709400177002
bayraktar_tb2_military_ukrainian_navi,data\demo\train\video_fragmentation_preview\crop_0001.jpg,0.3488251566886902
bayraktar_tb2_military_ukrainian_navi,data\demo\train\video_fragmentation_preview\crop_0002.jpg,0.4236927926540375
bayraktar_tb2_military_ukrainian_navi,data\demo\train\video_fragmentation_preview\crop_0003.jpg,0.4464947581291199
bayraktar_tb2_military_ukrainian_navi,data\demo\train\video_fragmentation_preview\crop_0004.jpg,0.4912060797214508
bayraktar_tb2_military_ukrainian_navi,data\demo\train\video_fragmentation_preview\crop_0005.jpg,0.6167598962783813
bayraktar_tb2_military_ukrainian_navi,data\demo\train\video_fragmentation_preview\crop_0006.jpg,0.5955806374549866
bayraktar_tb2_military_ukrainian_navi,data\demo\train\video_fragmentation_preview\crop_0007.jpg,0.59033203125
bayraktar_tb2_military_ukrainian_navi,data\demo\train\video_fragmentation_preview\crop_0008.jpg,0.5449597835540771
bayraktar_tb2_military_ukrainian_navi,data\demo\train\video_fragmentation_preview\crop_0009.jpg,0.1769832968711853
bayraktar_tb2_military_ukrainian_navi,data\demo\train\video_fragmentation_preview\crop_0010.jpg,0.38018977642059326
bayraktar_tb2_military_ukrainian_navi,data\demo\train\video_fragmentation_preview\crop_0011.jpg,0.31631654500961304
bayraktar_tb2_military_ukrainian_navi,data\demo\train\video_fragmentation_preview\crop_0012.jpg,0.2196037769317627
bayraktar_tb2_military_ukrainian_navi,data\demo\train\video_fragmentation_preview\crop_0013.jpg,-0.020210962742567062
bayraktar_tb2_military_ukrainian_navi,data\demo\train\video_fragmentation_preview\crop_0014.jpg,-0.051668431609869
bayraktar_tb2_military_ukrainian_navi,data\demo\train\video_fragmentation_preview\crop_0015.jpg,-0.12088758498430252
bayraktar_tb2_military_ukrainian_navi,data\demo\train\video_fragmentation_preview\crop_0016.jpg,-0.23333492875099182
bayraktar_tb2_military_ukrainian_navi,data\demo\train\video_fragmentation_preview\crop_0017.jpg,-0.19760359823703766
bayraktar_tb2_military_ukrainian_navi,data\demo\train\video_fragmentation_preview\crop_0018.jpg,-0.22855421900749207
bayraktar_tb2_military_ukrainian_navi,data\demo\train\video_fragmentation_preview\crop_0019.jpg,-0.444689005613327
bayraktar_tb2_military_ukrainian_navi,data\demo\train\video_fragmentation_preview\crop_0020.jpg,-0.15820452570915222
bayraktar_tb2_military_ukrainian_navi,data\demo\train\video_fragmentation_preview\crop_0021.jpg,-0.453139990568161
bayraktar_tb2_military_ukrainian_navi,data\demo\train\video_fragmentation_preview\crop_0022.jpg,-0.5667896866798401
bayraktar_tb2_military_ukrainian_navi,data\demo\train\video_fragmentation_preview\crop_0023.jpg,-0.3652827739715576
bayraktar_tb2_military_ukrainian_navi,data\demo\train\video_fragmentation_preview\crop_0024.jpg,-0.3471934199333191
bayraktar_tb2_military_ukrainian_navi,data\demo\train\video_fragmentation_preview\crop_0025.jpg,-0.38950204849243164
bayraktar_tb2_military_ukrainian_navi,data\demo\train\video_fragmentation_preview\crop_0026.jpg,-0.38423168659210205
bayraktar_tb2_military_ukrainian_navi,data\demo\train\video_fragmentation_preview\crop_0027.jpg,-0.4868975281715393
bayraktar_tb2_military_ukrainian_navi,data\demo\train\video_fragmentation_preview\crop_0028.jpg,-0.41935446858406067
bayraktar_tb2_military_ukrainian_navi,data\demo\train\video_fragmentation_preview\crop_0029.jpg,-0.4550856649875641
bayraktar_tb2_military_ukrainian_navi,data\demo\train\video_fragmentation_preview\crop_0030.jpg,-0.37435436248779297
bayraktar_tb2_military_ukrainian_navi,data\demo\train\video_fragmentation_preview\crop_0031.jpg,-0.2871614992618561
bayraktar_tb2_military_ukrainian_navi,data\demo\train\video_fragmentation_preview\crop_0032.jpg,0.18954980373382568
bayraktar_tb2_military_ukrainian_navi,data\demo\train\video_fragmentation_preview\crop_0033.jpg,-0.2402426153421402
bayraktar_tb2_military_ukrainian_navi,data\demo\train\video_fragmentation_preview\crop_0034.jpg,0.10212905704975128
bayraktar_tb2_military_ukrainian_navi,data\demo\train\video_fragmentation_preview\crop_0035.jpg,-0.021379880607128143
bayraktar_tb2_military_ukrainian_navi,data\demo\train\video_fragmentation_preview\crop_0036.jpg,0.14815489947795868
bayraktar_tb2_military_ukrainian_navi,data\demo\train\video_fragmentation_preview\crop_0037.jpg,-0.07513035088777542
bayraktar_tb2_military_ukrainian_navi,data\demo\train\video_fragmentation_preview\crop_0038.jpg,0.08381284028291702
bayraktar_tb2_military_ukrainian_navi,data\demo\train\video_fragmentation_preview\crop_0039.jpg,0.004323061555624008
bayraktar_tb2_military_ukrainian_navi,data\demo\train\video_fragmentation_preview\crop_0040.jpg,-0.004743592813611031
bayraktar_tb2_military_ukrainian_navi,data\demo\train\video_fragmentation_preview\crop_0041.jpg,0.19784776866436005
bayraktar_tb2_military_ukrainian_navi,data\demo\train\video_fragmentation_preview\crop_0042.jpg,0.26107531785964966
bayraktar_tb2_military_ukrainian_navi,data\demo\train\video_fragmentation_preview\crop_0043.jpg,0.3189202845096588
bayraktar_tb2_military_ukrainian_navi,data\demo\train\video_fragmentation_preview\crop_0044.jpg,0.17576339840888977
bayraktar_tb2_military_ukrainian_navi,data\demo\train\video_fragmentation_preview\crop_0045.jpg,0.2579836845397949
bayraktar_tb2_military_ukrainian_navi,data\demo\train\video_fragmentation_preview\crop_0046.jpg,0.3748677968978882
bayraktar_tb2_military_ukrainian_navi,data\demo\train\video_fragmentation_preview\crop_0047.jpg,0.36121296882629395
bayraktar_tb2_military_ukrainian_navi,data\demo\train\video_fragmentation_preview\crop_0048.jpg,0.3985894024372101
bayraktar_tb2_military_ukrainian_navi,data\demo\train\video_fragmentation_preview\crop_0049.jpg,0.14337100088596344
bayraktar_tb2_military_ukrainian_navi,data\demo\train\video_fragmentation_preview\crop_0050.jpg,0.24761347472667694
bayraktar_tb2_military_ukrainian_navi,data\demo\train\video_fragmentation_preview\crop_0051.jpg,0.1740502119064331
bayraktar_tb2_military_ukrainian_navi,data\demo\train\video_fragmentation_preview\crop_0052.jpg,0.3765794336795807
bayraktar_tb2_military_ukrainian_navi,data\demo\train\video_fragmentation_preview\crop_0053.jpg,0.3688938617706299
bayraktar_tb2_military_ukrainian_navi,data\demo\train\video_fragmentation_preview\crop_0054.jpg,0.3766714632511139
bayraktar_tb2_military_ukrainian_navi,data\demo\train\video_fragmentation_preview\crop_0055.jpg,0.16078464686870575
bayraktar_tb2_military_ukrainian_navi,data\demo\train\video_fragmentation_preview\crop_0056.jpg,0.09331653267145157
bayraktar_tb2_military_ukrainian_navi,data\demo\train\video_fragmentation_preview\crop_0057.jpg,0.17752006649971008
bayraktar_tb2_military_ukrainian_navi,data\demo\train\video_fragmentation_preview\crop_0058.jpg,0.3657795190811157
bayraktar_tb2_military_ukrainian_navi,data\demo\train\video_fragmentation_preview\crop_0059.jpg,0.37644755840301514
bayraktar_tb2_military_ukrainian_navi,data\demo\train\video_fragmentation_preview\crop_0060.jpg,-0.10544348508119583
bayraktar_tb2_military_ukrainian_navi,data\demo\train\video_fragmentation_preview\crop_0061.jpg,0.27093005180358887
bayraktar_tb2_military_ukrainian_navi,data\demo\train\video_fragmentation_preview\crop_0062.jpg,0.20244447886943817
bayraktar_tb2_military_ukrainian_navi,data\demo\train\video_fragmentation_preview\crop_0063.jpg,0.0021437853574752808
bayraktar_tb2_military_ukrainian_navi,data\demo\train\video_fragmentation_preview\crop_0064.jpg,0.04976968467235565
bayraktar_tb2_military_ukrainian_navi,data\demo\train\video_fragmentation_preview\crop_0065.jpg,-0.08135658502578735
bayraktar_tb2_military_ukrainian_navi,data\demo\train\video_fragmentation_preview\crop_0066.jpg,0.3148637115955353
bayraktar_tb2_military_ukrainian_navi,data\demo\train\video_fragmentation_preview\crop_0067.jpg,0.15937399864196777
bayraktar_tb2_military_ukrainian_navi,data\demo\train\video_fragmentation_preview\crop_0068.jpg,0.08163942396640778
bayraktar_tb2_military_ukrainian_navi,data\demo\train\video_fragmentation_preview\crop_0069.jpg,0.22915327548980713
drone_uav_wing_desert_camo,data\demo\train\video_fragmentation_preview\crop_0000.jpg,-0.08726316690444946
drone_uav_wing_desert_camo,data\demo\train\video_fragmentation_preview\crop_0001.jpg,-0.03898252546787262
drone_uav_wing_desert_camo,data\demo\train\video_fragmentation_preview\crop_0002.jpg,0.036804720759391785
drone_uav_wing_desert_camo,data\demo\train\video_fragmentation_preview\crop_0003.jpg,-0.09102585166692734
drone_uav_wing_desert_camo,data\demo\train\video_fragmentation_preview\crop_0004.jpg,-0.1332341432571411
drone_uav_wing_desert_camo,data\demo\train\video_fragmentation_preview\crop_0005.jpg,-0.07179029285907745
drone_uav_wing_desert_camo,data\demo\train\video_fragmentation_preview\crop_0006.jpg,-0.10786525160074234
drone_uav_wing_desert_camo,data\demo\train\video_fragmentation_preview\crop_0007.jpg,-0.08954378217458725
drone_uav_wing_desert_camo,data\demo\train\video_fragmentation_preview\crop_0008.jpg,-0.03492550924420357
drone_uav_wing_desert_camo,data\demo\train\video_fragmentation_preview\crop_0009.jpg,-0.1873520165681839
drone_uav_wing_desert_camo,data\demo\train\video_fragmentation_preview\crop_0010.jpg,-0.12144950777292252
drone_uav_wing_desert_camo,data\demo\train\video_fragmentation_preview\crop_0011.jpg,-0.14739741384983063
drone_uav_wing_desert_camo,data\demo\train\video_fragmentation_preview\crop_0012.jpg,-0.2946082353591919
drone_uav_wing_desert_camo,data\demo\train\video_fragmentation_preview\crop_0013.jpg,-0.39560699462890625
drone_uav_wing_desert_camo,data\demo\train\video_fragmentation_preview\crop_0014.jpg,-0.18447889387607574
drone_uav_wing_desert_camo,data\demo\train\video_fragmentation_preview\crop_0015.jpg,-0.18856006860733032
drone_uav_wing_desert_camo,data\demo\train\video_fragmentation_preview\crop_0016.jpg,-0.2891435921192169
drone_uav_wing_desert_camo,data\demo\train\video_fragmentation_preview\crop_0017.jpg,-0.08962386846542358
drone_uav_wing_desert_camo,data\demo\train\video_fragmentation_preview\crop_0018.jpg,-0.23536686599254608
drone_uav_wing_desert_camo,data\demo\train\video_fragmentation_preview\crop_0019.jpg,-0.3306782841682434
drone_uav_wing_desert_camo,data\demo\train\video_fragmentation_preview\crop_0020.jpg,-0.5142862796783447
drone_uav_wing_desert_camo,data\demo\train\video_fragmentation_preview\crop_0021.jpg,-0.38683658838272095
drone_uav_wing_desert_camo,data\demo\train\video_fragmentation_preview\crop_0022.jpg,-0.3598761558532715
drone_uav_wing_desert_camo,data\demo\train\video_fragmentation_preview\crop_0023.jpg,-0.2583295702934265
drone_uav_wing_desert_camo,data\demo\train\video_fragmentation_preview\crop_0024.jpg,-0.09589695185422897
drone_uav_wing_desert_camo,data\demo\train\video_fragmentation_preview\crop_0025.jpg,-0.21200737357139587
drone_uav_wing_desert_camo,data\demo\train\video_fragmentation_preview\crop_0026.jpg,-0.17938095331192017
drone_uav_wing_desert_camo,data\demo\train\video_fragmentation_preview\crop_0027.jpg,-0.2283170372247696
drone_uav_wing_desert_camo,data\demo\train\video_fragmentation_preview\crop_0028.jpg,-0.25746873021125793
drone_uav_wing_desert_camo,data\demo\train\video_fragmentation_preview\crop_0029.jpg,-0.25211015343666077
drone_uav_wing_desert_camo,data\demo\train\video_fragmentation_preview\crop_0030.jpg,-0.2419055700302124
drone_uav_wing_desert_camo,data\demo\train\video_fragmentation_preview\crop_0031.jpg,-0.3251597583293915
drone_uav_wing_desert_camo,data\demo\train\video_fragmentation_preview\crop_0032.jpg,-0.1247345358133316
drone_uav_wing_desert_camo,data\demo\train\video_fragmentation_preview\crop_0033.jpg,-0.15604574978351593
drone_uav_wing_desert_camo,data\demo\train\video_fragmentation_preview\crop_0034.jpg,-0.1555812954902649
drone_uav_wing_desert_camo,data\demo\train\video_fragmentation_preview\crop_0035.jpg,-0.12467466294765472
drone_uav_wing_desert_camo,data\demo\train\video_fragmentation_preview\crop_0036.jpg,-0.04636482149362564
drone_uav_wing_desert_camo,data\demo\train\video_fragmentation_preview\crop_0037.jpg,-0.08701439201831818
drone_uav_wing_desert_camo,data\demo\train\video_fragmentation_preview\crop_0038.jpg,-0.08570829033851624
drone_uav_wing_desert_camo,data\demo\train\video_fragmentation_preview\crop_0039.jpg,-0.07684588432312012
drone_uav_wing_desert_camo,data\demo\train\video_fragmentation_preview\crop_0040.jpg,-0.07328392565250397
drone_uav_wing_desert_camo,data\demo\train\video_fragmentation_preview\crop_0041.jpg,0.019785076379776
drone_uav_wing_desert_camo,data\demo\train\video_fragmentation_preview\crop_0042.jpg,0.00041703134775161743
drone_uav_wing_desert_camo,data\demo\train\video_fragmentation_preview\crop_0043.jpg,0.022066347301006317
drone_uav_wing_desert_camo,data\demo\train\video_fragmentation_preview\crop_0044.jpg,-0.02748306840658188
drone_uav_wing_desert_camo,data\demo\train\video_fragmentation_preview\crop_0045.jpg,-0.05094697326421738
drone_uav_wing_desert_camo,data\demo\train\video_fragmentation_preview\crop_0046.jpg,0.006421931087970734
drone_uav_wing_desert_camo,data\demo\train\video_fragmentation_preview\crop_0047.jpg,-0.05264587700366974
drone_uav_wing_desert_camo,data\demo\train\video_fragmentation_preview\crop_0048.jpg,-0.03901994973421097
drone_uav_wing_desert_camo,data\demo\train\video_fragmentation_preview\crop_0049.jpg,-0.08706766366958618
drone_uav_wing_desert_camo,data\demo\train\video_fragmentation_preview\crop_0050.jpg,-0.06820617616176605
drone_uav_wing_desert_camo,data\demo\train\video_fragmentation_preview\crop_0051.jpg,-0.055699385702610016
drone_uav_wing_desert_camo,data\demo\train\video_fragmentation_preview\crop_0052.jpg,-0.13237886130809784
drone_uav_wing_desert_camo,data\demo\train\video_fragmentation_preview\crop_0053.jpg,-0.06280791759490967
drone_uav_wing_desert_camo,data\demo\train\video_fragmentation_preview\crop_0054.jpg,-0.03349548578262329
drone_uav_wing_desert_camo,data\demo\train\video_fragmentation_preview\crop_0055.jpg,-0.1286712884902954
drone_uav_wing_desert_camo,data\demo\train\video_fragmentation_preview\crop_0056.jpg,-0.14183549582958221
drone_uav_wing_desert_camo,data\demo\train\video_fragmentation_preview\crop_0057.jpg,0.0008325427770614624
drone_uav_wing_desert_camo,data\demo\train\video_fragmentation_preview\crop_0058.jpg,-0.01820456236600876
drone_uav_wing_desert_camo,data\demo\train\video_fragmentation_preview\crop_0059.jpg,0.06382249295711517
drone_uav_wing_desert_camo,data\demo\train\video_fragmentation_preview\crop_0060.jpg,-0.01578620821237564
drone_uav_wing_desert_camo,data\demo\train\video_fragmentation_preview\crop_0061.jpg,0.07390082627534866
drone_uav_wing_desert_camo,data\demo\train\video_fragmentation_preview\crop_0062.jpg,0.02114686742424965
drone_uav_wing_desert_camo,data\demo\train\video_fragmentation_preview\crop_0063.jpg,-0.012415800243616104
drone_uav_wing_desert_camo,data\demo\train\video_fragmentation_preview\crop_0064.jpg,0.026465680450201035
drone_uav_wing_desert_camo,data\demo\train\video_fragmentation_preview\crop_0065.jpg,-0.03265702724456787
drone_uav_wing_desert_camo,data\demo\train\video_fragmentation_preview\crop_0066.jpg,-0.0021614469587802887
drone_uav_wing_desert_camo,data\demo\train\video_fragmentation_preview\crop_0067.jpg,-0.020490393042564392
drone_uav_wing_desert_camo,data\demo\train\video_fragmentation_preview\crop_0068.jpg,0.0784112736582756
drone_uav_wing_desert_camo,data\demo\train\video_fragmentation_preview\crop_0069.jpg,0.0007045995444059372
lancet,data\demo\train\video_fragmentation_preview\crop_0000.jpg,-0.28237608075141907
lancet,data\demo\train\video_fragmentation_preview\crop_0001.jpg,-0.2624935507774353
lancet,data\demo\train\video_fragmentation_preview\crop_0002.jpg,-0.3342304527759552
lancet,data\demo\train\video_fragmentation_preview\crop_0003.jpg,-0.34325462579727173
lancet,data\demo\train\video_fragmentation_preview\crop_0004.jpg,-0.23065105080604553
lancet,data\demo\train\video_fragmentation_preview\crop_0005.jpg,-0.051417648792266846
lancet,data\demo\train\video_fragmentation_preview\crop_0006.jpg,0.09851780533790588
lancet,data\demo\train\video_fragmentation_preview\crop_0007.jpg,-0.22523006796836853
lancet,data\demo\train\video_fragmentation_preview\crop_0008.jpg,-0.03776169568300247
lancet,data\demo\train\video_fragmentation_preview\crop_0009.jpg,-0.07686426490545273
lancet,data\demo\train\video_fragmentation_preview\crop_0010.jpg,-0.033643901348114014
lancet,data\demo\train\video_fragmentation_preview\crop_0011.jpg,-0.008731983602046967
lancet,data\demo\train\video_fragmentation_preview\crop_0012.jpg,-0.24448271095752716
lancet,data\demo\train\video_fragmentation_preview\crop_0013.jpg,-0.0414411723613739
lancet,data\demo\train\video_fragmentation_preview\crop_0014.jpg,-0.3803948760032654
lancet,data\demo\train\video_fragmentation_preview\crop_0015.jpg,-0.2503818869590759
lancet,data\demo\train\video_fragmentation_preview\crop_0016.jpg,0.08850698173046112
lancet,data\demo\train\video_fragmentation_preview\crop_0017.jpg,-0.19643014669418335
lancet,data\demo\train\video_fragmentation_preview\crop_0018.jpg,-0.0032576192170381546
lancet,data\demo\train\video_fragmentation_preview\crop_0019.jpg,-0.15381842851638794
lancet,data\demo\train\video_fragmentation_preview\crop_0020.jpg,0.05123039707541466
lancet,data\demo\train\video_fragmentation_preview\crop_0021.jpg,-0.057810693979263306
lancet,data\demo\train\video_fragmentation_preview\crop_0022.jpg,0.011701107025146484
lancet,data\demo\train\video_fragmentation_preview\crop_0023.jpg,-0.01870644837617874
lancet,data\demo\train\video_fragmentation_preview\crop_0024.jpg,0.10453426092863083
lancet,data\demo\train\video_fragmentation_preview\crop_0025.jpg,0.12717364728450775
lancet,data\demo\train\video_fragmentation_preview\crop_0026.jpg,-0.17009717226028442
lancet,data\demo\train\video_fragmentation_preview\crop_0027.jpg,-0.10063038021326065
lancet,data\demo\train\video_fragmentation_preview\crop_0028.jpg,-0.03883405774831772
lancet,data\demo\train\video_fragmentation_preview\crop_0029.jpg,-0.10873061418533325
lancet,data\demo\train\video_fragmentation_preview\crop_0030.jpg,-0.13306546211242676
lancet,data\demo\train\video_fragmentation_preview\crop_0031.jpg,-0.03215301036834717
lancet,data\demo\train\video_fragmentation_preview\crop_0032.jpg,-0.04854186624288559
lancet,data\demo\train\video_fragmentation_preview\crop_0033.jpg,-0.14328153431415558
lancet,data\demo\train\video_fragmentation_preview\crop_0034.jpg,-0.13733287155628204
lancet,data\demo\train\video_fragmentation_preview\crop_0035.jpg,-0.08748061954975128
lancet,data\demo\train\video_fragmentation_preview\crop_0036.jpg,0.1493777185678482
lancet,data\demo\train\video_fragmentation_preview\crop_0037.jpg,-0.10602764785289764
lancet,data\demo\train\video_fragmentation_preview\crop_0038.jpg,-0.03505437821149826
lancet,data\demo\train\video_fragmentation_preview\crop_0039.jpg,0.00809083878993988
lancet,data\demo\train\video_fragmentation_preview\crop_0040.jpg,-0.06104002892971039
lancet,data\demo\train\video_fragmentation_preview\crop_0041.jpg,-0.007106360048055649
lancet,data\demo\train\video_fragmentation_preview\crop_0042.jpg,-0.007997246459126472
lancet,data\demo\train\video_fragmentation_preview\crop_0043.jpg,-0.023165401071310043
lancet,data\demo\train\video_fragmentation_preview\crop_0044.jpg,-0.034060195088386536
lancet,data\demo\train\video_fragmentation_preview\crop_0045.jpg,-0.015916621312499046
lancet,data\demo\train\video_fragmentation_preview\crop_0046.jpg,0.07612092047929764
lancet,data\demo\train\video_fragmentation_preview\crop_0047.jpg,-0.006713827606290579
lancet,data\demo\train\video_fragmentation_preview\crop_0048.jpg,-0.05674957111477852
lancet,data\demo\train\video_fragmentation_preview\crop_0049.jpg,0.1264636218547821
lancet,data\demo\train\video_fragmentation_preview\crop_0050.jpg,0.17357945442199707
lancet,data\demo\train\video_fragmentation_preview\crop_0051.jpg,0.23152989149093628
lancet,data\demo\train\video_fragmentation_preview\crop_0052.jpg,0.15251970291137695
lancet,data\demo\train\video_fragmentation_preview\crop_0053.jpg,0.3795929551124573
lancet,data\demo\train\video_fragmentation_preview\crop_0054.jpg,0.15684004127979279
lancet,data\demo\train\video_fragmentation_preview\crop_0055.jpg,0.03724409639835358
lancet,data\demo\train\video_fragmentation_preview\crop_0056.jpg,0.2647121548652649
lancet,data\demo\train\video_fragmentation_preview\crop_0057.jpg,0.2453719973564148
lancet,data\demo\train\video_fragmentation_preview\crop_0058.jpg,0.32251113653182983
lancet,data\demo\train\video_fragmentation_preview\crop_0059.jpg,0.15455658733844757
lancet,data\demo\train\video_fragmentation_preview\crop_0060.jpg,0.12326300144195557
lancet,data\demo\train\video_fragmentation_preview\crop_0061.jpg,0.2351386547088623
lancet,data\demo\train\video_fragmentation_preview\crop_0062.jpg,0.2993813157081604
lancet,data\demo\train\video_fragmentation_preview\crop_0063.jpg,0.11208005994558334
lancet,data\demo\train\video_fragmentation_preview\crop_0064.jpg,0.1519833207130432
lancet,data\demo\train\video_fragmentation_preview\crop_0065.jpg,0.18809765577316284
lancet,data\demo\train\video_fragmentation_preview\crop_0066.jpg,0.1515861451625824
lancet,data\demo\train\video_fragmentation_preview\crop_0067.jpg,0.06357164680957794
lancet,data\demo\train\video_fragmentation_preview\crop_0068.jpg,0.14950503408908844
lancet,data\demo\train\video_fragmentation_preview\crop_0069.jpg,0.11583150923252106
morok_uav_drone_3d_model,data\demo\train\video_fragmentation_preview\crop_0000.jpg,0.3006473481655121
morok_uav_drone_3d_model,data\demo\train\video_fragmentation_preview\crop_0001.jpg,0.12694841623306274
morok_uav_drone_3d_model,data\demo\train\video_fragmentation_preview\crop_0002.jpg,0.11749748885631561
morok_uav_drone_3d_model,data\demo\train\video_fragmentation_preview\crop_0003.jpg,0.2808619737625122
morok_uav_drone_3d_model,data\demo\train\video_fragmentation_preview\crop_0004.jpg,0.19457268714904785
morok_uav_drone_3d_model,data\demo\train\video_fragmentation_preview\crop_0005.jpg,-0.16098737716674805
morok_uav_drone_3d_model,data\demo\train\video_fragmentation_preview\crop_0006.jpg,-0.16004398465156555
morok_uav_drone_3d_model,data\demo\train\video_fragmentation_preview\crop_0007.jpg,0.08981118351221085
morok_uav_drone_3d_model,data\demo\train\video_fragmentation_preview\crop_0008.jpg,-0.0265517458319664
morok_uav_drone_3d_model,data\demo\train\video_fragmentation_preview\crop_0009.jpg,0.2268907129764557
morok_uav_drone_3d_model,data\demo\train\video_fragmentation_preview\crop_0010.jpg,0.10315889120101929
morok_uav_drone_3d_model,data\demo\train\video_fragmentation_preview\crop_0011.jpg,-0.07092808187007904
morok_uav_drone_3d_model,data\demo\train\video_fragmentation_preview\crop_0012.jpg,0.30691713094711304
morok_uav_drone_3d_model,data\demo\train\video_fragmentation_preview\crop_0013.jpg,0.2535976767539978
morok_uav_drone_3d_model,data\demo\train\video_fragmentation_preview\crop_0014.jpg,0.42134010791778564
morok_uav_drone_3d_model,data\demo\train\video_fragmentation_preview\crop_0015.jpg,0.4972553253173828
morok_uav_drone_3d_model,data\demo\train\video_fragmentation_preview\crop_0016.jpg,0.4035329222679138
morok_uav_drone_3d_model,data\demo\train\video_fragmentation_preview\crop_0017.jpg,0.18547269701957703
morok_uav_drone_3d_model,data\demo\train\video_fragmentation_preview\crop_0018.jpg,-0.02172754891216755
morok_uav_drone_3d_model,data\demo\train\video_fragmentation_preview\crop_0019.jpg,0.12838318943977356
morok_uav_drone_3d_model,data\demo\train\video_fragmentation_preview\crop_0020.jpg,0.23919960856437683
morok_uav_drone_3d_model,data\demo\train\video_fragmentation_preview\crop_0021.jpg,0.44432318210601807
morok_uav_drone_3d_model,data\demo\train\video_fragmentation_preview\crop_0022.jpg,0.44364145398139954
morok_uav_drone_3d_model,data\demo\train\video_fragmentation_preview\crop_0023.jpg,0.5055460929870605
morok_uav_drone_3d_model,data\demo\train\video_fragmentation_preview\crop_0024.jpg,0.42500388622283936
morok_uav_drone_3d_model,data\demo\train\video_fragmentation_preview\crop_0025.jpg,0.3243134617805481
morok_uav_drone_3d_model,data\demo\train\video_fragmentation_preview\crop_0026.jpg,0.7161253094673157
morok_uav_drone_3d_model,data\demo\train\video_fragmentation_preview\crop_0027.jpg,0.6268645524978638
morok_uav_drone_3d_model,data\demo\train\video_fragmentation_preview\crop_0028.jpg,0.5935587286949158
morok_uav_drone_3d_model,data\demo\train\video_fragmentation_preview\crop_0029.jpg,0.6317453384399414
morok_uav_drone_3d_model,data\demo\train\video_fragmentation_preview\crop_0030.jpg,0.7062202095985413
morok_uav_drone_3d_model,data\demo\train\video_fragmentation_preview\crop_0031.jpg,0.5536688566207886
morok_uav_drone_3d_model,data\demo\train\video_fragmentation_preview\crop_0032.jpg,-0.32223573327064514
morok_uav_drone_3d_model,data\demo\train\video_fragmentation_preview\crop_0033.jpg,-0.20260044932365417
morok_uav_drone_3d_model,data\demo\train\video_fragmentation_preview\crop_0034.jpg,-0.2966819405555725
morok_uav_drone_3d_model,data\demo\train\video_fragmentation_preview\crop_0035.jpg,-0.32831430435180664
morok_uav_drone_3d_model,data\demo\train\video_fragmentation_preview\crop_0036.jpg,-0.4770374596118927
morok_uav_drone_3d_model,data\demo\train\video_fragmentation_preview\crop_0037.jpg,-0.3751828074455261
morok_uav_drone_3d_model,data\demo\train\video_fragmentation_preview\crop_0038.jpg,-0.2962486147880554
morok_uav_drone_3d_model,data\demo\train\video_fragmentation_preview\crop_0039.jpg,-0.41846656799316406
morok_uav_drone_3d_model,data\demo\train\video_fragmentation_preview\crop_0040.jpg,-0.28448301553726196
morok_uav_drone_3d_model,data\demo\train\video_fragmentation_preview\crop_0041.jpg,-0.5210359692573547
morok_uav_drone_3d_model,data\demo\train\video_fragmentation_preview\crop_0042.jpg,-0.503305971622467
morok_uav_drone_3d_model,data\demo\train\video_fragmentation_preview\crop_0043.jpg,-0.43804144859313965
morok_uav_drone_3d_model,data\demo\train\video_fragmentation_preview\crop_0044.jpg,-0.4896049201488495
morok_uav_drone_3d_model,data\demo\train\video_fragmentation_preview\crop_0045.jpg,-0.5069801807403564
morok_uav_drone_3d_model,data\demo\train\video_fragmentation_preview\crop_0046.jpg,-0.5750859379768372
morok_uav_drone_3d_model,data\demo\train\video_fragmentation_preview\crop_0047.jpg,-0.6061888933181763
morok_uav_drone_3d_model,data\demo\train\video_fragmentation_preview\crop_0048.jpg,-0.5131161212921143
morok_uav_drone_3d_model,data\demo\train\video_fragmentation_preview\crop_0049.jpg,-0.6541633605957031
morok_uav_drone_3d_model,data\demo\train\video_fragmentation_preview\crop_0050.jpg,-0.7295834422111511
morok_uav_drone_3d_model,data\demo\train\video_fragmentation_preview\crop_0051.jpg,-0.694323718547821
morok_uav_drone_3d_model,data\demo\train\video_fragmentation_preview\crop_0052.jpg,-0.610843300819397
morok_uav_drone_3d_model,data\demo\train\video_fragmentation_preview\crop_0053.jpg,-0.6329143643379211
morok_uav_drone_3d_model,data\demo\train\video_fragmentation_preview\crop_0054.jpg,-0.6005385518074036
morok_uav_drone_3d_model,data\demo\train\video_fragmentation_preview\crop_0055.jpg,-0.4251600205898285
morok_uav_drone_3d_model,data\demo\train\video_fragmentation_preview\crop_0056.jpg,-0.46841076016426086
morok_uav_drone_3d_model,data\demo\train\video_fragmentation_preview\crop_0057.jpg,-0.41262540221214294
morok_uav_drone_3d_model,data\demo\train\video_fragmentation_preview\crop_0058.jpg,-0.4256361424922943
morok_uav_drone_3d_model,data\demo\train\video_fragmentation_preview\crop_0059.jpg,-0.3666243553161621
morok_uav_drone_3d_model,data\demo\train\video_fragmentation_preview\crop_0060.jpg,-0.3570377826690674
morok_uav_drone_3d_model,data\demo\train\video_fragmentation_preview\crop_0061.jpg,-0.3942550718784332
morok_uav_drone_3d_model,data\demo\train\video_fragmentation_preview\crop_0062.jpg,-0.48137611150741577
morok_uav_drone_3d_model,data\demo\train\video_fragmentation_preview\crop_0063.jpg,-0.21042650938034058
morok_uav_drone_3d_model,data\demo\train\video_fragmentation_preview\crop_0064.jpg,-0.3738953173160553
morok_uav_drone_3d_model,data\demo\train\video_fragmentation_preview\crop_0065.jpg,-0.31924718618392944
morok_uav_drone_3d_model,data\demo\train\video_fragmentation_preview\crop_0066.jpg,-0.02149030566215515
morok_uav_drone_3d_model,data\demo\train\video_fragmentation_preview\crop_0067.jpg,0.04768083244562149
morok_uav_drone_3d_model,data\demo\train\video_fragmentation_preview\crop_0068.jpg,0.09788648784160614
morok_uav_drone_3d_model,data\demo\train\video_fragmentation_preview\crop_0069.jpg,0.08760799467563629
mq-1_uav_war_thunder,data\demo\train\video_fragmentation_preview\crop_0000.jpg,-0.052379705011844635
mq-1_uav_war_thunder,data\demo\train\video_fragmentation_preview\crop_0001.jpg,-0.0385996550321579
mq-1_uav_war_thunder,data\demo\train\video_fragmentation_preview\crop_0002.jpg,-0.1295269876718521
mq-1_uav_war_thunder,data\demo\train\video_fragmentation_preview\crop_0003.jpg,-0.2935064435005188
mq-1_uav_war_thunder,data\demo\train\video_fragmentation_preview\crop_0004.jpg,-0.2017378807067871
mq-1_uav_war_thunder,data\demo\train\video_fragmentation_preview\crop_0005.jpg,-0.13228435814380646
mq-1_uav_war_thunder,data\demo\train\video_fragmentation_preview\crop_0006.jpg,-0.28009939193725586
mq-1_uav_war_thunder,data\demo\train\video_fragmentation_preview\crop_0007.jpg,-0.21096259355545044
mq-1_uav_war_thunder,data\demo\train\video_fragmentation_preview\crop_0008.jpg,-0.19066375494003296
mq-1_uav_war_thunder,data\demo\train\video_fragmentation_preview\crop_0009.jpg,-0.20626839995384216
mq-1_uav_war_thunder,data\demo\train\video_fragmentation_preview\crop_0010.jpg,-0.2468283325433731
mq-1_uav_war_thunder,data\demo\train\video_fragmentation_preview\crop_0011.jpg,-0.2067975103855133
mq-1_uav_war_thunder,data\demo\train\video_fragmentation_preview\crop_0012.jpg,-0.11714053899049759
mq-1_uav_war_thunder,data\demo\train\video_fragmentation_preview\crop_0013.jpg,-0.26630187034606934
mq-1_uav_war_thunder,data\demo\train\video_fragmentation_preview\crop_0014.jpg,-0.13870616257190704
mq-1_uav_war_thunder,data\demo\train\video_fragmentation_preview\crop_0015.jpg,-0.07817041873931885
mq-1_uav_war_thunder,data\demo\train\video_fragmentation_preview\crop_0016.jpg,-0.41606754064559937
mq-1_uav_war_thunder,data\demo\train\video_fragmentation_preview\crop_0017.jpg,-0.26120200753211975
mq-1_uav_war_thunder,data\demo\train\video_fragmentation_preview\crop_0018.jpg,-0.3066016137599945
mq-1_uav_war_thunder,data\demo\train\video_fragmentation_preview\crop_0019.jpg,-0.10447882115840912
mq-1_uav_war_thunder,data\demo\train\video_fragmentation_preview\crop_0020.jpg,-0.40275219082832336
mq-1_uav_war_thunder,data\demo\train\video_fragmentation_preview\crop_0021.jpg,-0.12346653640270233
mq-1_uav_war_thunder,data\demo\train\video_fragmentation_preview\crop_0022.jpg,-0.1668049693107605
mq-1_uav_war_thunder,data\demo\train\video_fragmentation_preview\crop_0023.jpg,-0.28473225235939026
mq-1_uav_war_thunder,data\demo\train\video_fragmentation_preview\crop_0024.jpg,0.15699568390846252
mq-1_uav_war_thunder,data\demo\train\video_fragmentation_preview\crop_0025.jpg,0.0900714099407196
mq-1_uav_war_thunder,data\demo\train\video_fragmentation_preview\crop_0026.jpg,-0.2696928381919861
mq-1_uav_war_thunder,data\demo\train\video_fragmentation_preview\crop_0027.jpg,-0.18091639876365662
mq-1_uav_war_thunder,data\demo\train\video_fragmentation_preview\crop_0028.jpg,-0.14730581641197205
mq-1_uav_war_thunder,data\demo\train\video_fragmentation_preview\crop_0029.jpg,-0.2034831941127777
mq-1_uav_war_thunder,data\demo\train\video_fragmentation_preview\crop_0030.jpg,-0.3971478044986725
mq-1_uav_war_thunder,data\demo\train\video_fragmentation_preview\crop_0031.jpg,-0.13568435609340668
mq-1_uav_war_thunder,data\demo\train\video_fragmentation_preview\crop_0032.jpg,0.05590956658124924
mq-1_uav_war_thunder,data\demo\train\video_fragmentation_preview\crop_0033.jpg,0.06484246253967285
mq-1_uav_war_thunder,data\demo\train\video_fragmentation_preview\crop_0034.jpg,0.07693945616483688
mq-1_uav_war_thunder,data\demo\train\video_fragmentation_preview\crop_0035.jpg,0.03720484673976898
mq-1_uav_war_thunder,data\demo\train\video_fragmentation_preview\crop_0036.jpg,0.07675286382436752
mq-1_uav_war_thunder,data\demo\train\video_fragmentation_preview\crop_0037.jpg,0.20251984894275665
mq-1_uav_war_thunder,data\demo\train\video_fragmentation_preview\crop_0038.jpg,0.028839418664574623
mq-1_uav_war_thunder,data\demo\train\video_fragmentation_preview\crop_0039.jpg,0.3041200339794159
mq-1_uav_war_thunder,data\demo\train\video_fragmentation_preview\crop_0040.jpg,0.20396767556667328
mq-1_uav_war_thunder,data\demo\train\video_fragmentation_preview\crop_0041.jpg,0.3189452588558197
mq-1_uav_war_thunder,data\demo\train\video_fragmentation_preview\crop_0042.jpg,0.2260548621416092
mq-1_uav_war_thunder,data\demo\train\video_fragmentation_preview\crop_0043.jpg,0.2975584864616394
mq-1_uav_war_thunder,data\demo\train\video_fragmentation_preview\crop_0044.jpg,0.42125403881073
mq-1_uav_war_thunder,data\demo\train\video_fragmentation_preview\crop_0045.jpg,0.4002121686935425
mq-1_uav_war_thunder,data\demo\train\video_fragmentation_preview\crop_0046.jpg,0.46526238322257996
mq-1_uav_war_thunder,data\demo\train\video_fragmentation_preview\crop_0047.jpg,0.4488251507282257
mq-1_uav_war_thunder,data\demo\train\video_fragmentation_preview\crop_0048.jpg,0.367716521024704
mq-1_uav_war_thunder,data\demo\train\video_fragmentation_preview\crop_0049.jpg,0.4654325246810913
mq-1_uav_war_thunder,data\demo\train\video_fragmentation_preview\crop_0050.jpg,0.26621925830841064
mq-1_uav_war_thunder,data\demo\train\video_fragmentation_preview\crop_0051.jpg,0.33102792501449585
mq-1_uav_war_thunder,data\demo\train\video_fragmentation_preview\crop_0052.jpg,0.3658331036567688
mq-1_uav_war_thunder,data\demo\train\video_fragmentation_preview\crop_0053.jpg,0.17848914861679077
mq-1_uav_war_thunder,data\demo\train\video_fragmentation_preview\crop_0054.jpg,0.4147641956806183
mq-1_uav_war_thunder,data\demo\train\video_fragmentation_preview\crop_0055.jpg,0.2801628112792969
mq-1_uav_war_thunder,data\demo\train\video_fragmentation_preview\crop_0056.jpg,0.22137799859046936
mq-1_uav_war_thunder,data\demo\train\video_fragmentation_preview\crop_0057.jpg,0.19199052453041077
mq-1_uav_war_thunder,data\demo\train\video_fragmentation_preview\crop_0058.jpg,-0.06941088289022446
mq-1_uav_war_thunder,data\demo\train\video_fragmentation_preview\crop_0059.jpg,0.005871906876564026
mq-1_uav_war_thunder,data\demo\train\video_fragmentation_preview\crop_0060.jpg,0.03737402707338333
mq-1_uav_war_thunder,data\demo\train\video_fragmentation_preview\crop_0061.jpg,-0.15535162389278412
mq-1_uav_war_thunder,data\demo\train\video_fragmentation_preview\crop_0062.jpg,-0.053029194474220276
mq-1_uav_war_thunder,data\demo\train\video_fragmentation_preview\crop_0063.jpg,-0.1387508064508438
mq-1_uav_war_thunder,data\demo\train\video_fragmentation_preview\crop_0064.jpg,-0.1911754459142685
mq-1_uav_war_thunder,data\demo\train\video_fragmentation_preview\crop_0065.jpg,-0.20280182361602783
mq-1_uav_war_thunder,data\demo\train\video_fragmentation_preview\crop_0066.jpg,-0.28659552335739136
mq-1_uav_war_thunder,data\demo\train\video_fragmentation_preview\crop_0067.jpg,-0.29949790239334106
mq-1_uav_war_thunder,data\demo\train\video_fragmentation_preview\crop_0068.jpg,-0.13356514275074005
mq-1_uav_war_thunder,data\demo\train\video_fragmentation_preview\crop_0069.jpg,-0.3140103816986084
mq-9_reaper,data\demo\train\video_fragmentation_preview\crop_0000.jpg,0.49414801597595215
mq-9_reaper,data\demo\train\video_fragmentation_preview\crop_0001.jpg,0.6053472757339478
mq-9_reaper,data\demo\train\video_fragmentation_preview\crop_0002.jpg,0.6752005815505981
mq-9_reaper,data\demo\train\video_fragmentation_preview\crop_0003.jpg,0.5818392038345337
mq-9_reaper,data\demo\train\video_fragmentation_preview\crop_0004.jpg,0.6358838677406311
mq-9_reaper,data\demo\train\video_fragmentation_preview\crop_0005.jpg,0.8311614394187927
mq-9_reaper,data\demo\train\video_fragmentation_preview\crop_0006.jpg,0.7869818210601807
mq-9_reaper,data\demo\train\video_fragmentation_preview\crop_0007.jpg,0.7594490051269531
mq-9_reaper,data\demo\train\video_fragmentation_preview\crop_0008.jpg,0.7689421772956848
mq-9_reaper,data\demo\train\video_fragmentation_preview\crop_0009.jpg,0.3859947919845581
mq-9_reaper,data\demo\train\video_fragmentation_preview\crop_0010.jpg,0.60024094581604
mq-9_reaper,data\demo\train\video_fragmentation_preview\crop_0011.jpg,0.5473980903625488
mq-9_reaper,data\demo\train\video_fragmentation_preview\crop_0012.jpg,0.29221275448799133
mq-9_reaper,data\demo\train\video_fragmentation_preview\crop_0013.jpg,0.11326727271080017
mq-9_reaper,data\demo\train\video_fragmentation_preview\crop_0014.jpg,0.08876869827508926
mq-9_reaper,data\demo\train\video_fragmentation_preview\crop_0015.jpg,-0.040125489234924316
mq-9_reaper,data\demo\train\video_fragmentation_preview\crop_0016.jpg,-0.2036685049533844
mq-9_reaper,data\demo\train\video_fragmentation_preview\crop_0017.jpg,-0.1423640251159668
mq-9_reaper,data\demo\train\video_fragmentation_preview\crop_0018.jpg,-0.061430785804986954
mq-9_reaper,data\demo\train\video_fragmentation_preview\crop_0019.jpg,-0.5195211172103882
mq-9_reaper,data\demo\train\video_fragmentation_preview\crop_0020.jpg,-0.323721319437027
mq-9_reaper,data\demo\train\video_fragmentation_preview\crop_0021.jpg,-0.4756105840206146
mq-9_reaper,data\demo\train\video_fragmentation_preview\crop_0022.jpg,-0.5754488706588745
mq-9_reaper,data\demo\train\video_fragmentation_preview\crop_0023.jpg,-0.5254860520362854
mq-9_reaper,data\demo\train\video_fragmentation_preview\crop_0024.jpg,-0.4027600586414337
mq-9_reaper,data\demo\train\video_fragmentation_preview\crop_0025.jpg,-0.5170364379882812
mq-9_reaper,data\demo\train\video_fragmentation_preview\crop_0026.jpg,-0.5363022089004517
mq-9_reaper,data\demo\train\video_fragmentation_preview\crop_0027.jpg,-0.5313411951065063
mq-9_reaper,data\demo\train\video_fragmentation_preview\crop_0028.jpg,-0.44891858100891113
mq-9_reaper,data\demo\train\video_fragmentation_preview\crop_0029.jpg,-0.5705069899559021
mq-9_reaper,data\demo\train\video_fragmentation_preview\crop_0030.jpg,-0.48383036255836487
mq-9_reaper,data\demo\train\video_fragmentation_preview\crop_0031.jpg,-0.38975101709365845
mq-9_reaper,data\demo\train\video_fragmentation_preview\crop_0032.jpg,0.35773444175720215
mq-9_reaper,data\demo\train\video_fragmentation_preview\crop_0033.jpg,-0.05233738198876381
mq-9_reaper,data\demo\train\video_fragmentation_preview\crop_0034.jpg,0.2828214466571808
mq-9_reaper,data\demo\train\video_fragmentation_preview\crop_0035.jpg,0.12772107124328613
mq-9_reaper,data\demo\train\video_fragmentation_preview\crop_0036.jpg,0.48397427797317505
mq-9_reaper,data\demo\train\video_fragmentation_preview\crop_0037.jpg,0.15911749005317688
mq-9_reaper,data\demo\train\video_fragmentation_preview\crop_0038.jpg,0.334769606590271
mq-9_reaper,data\demo\train\video_fragmentation_preview\crop_0039.jpg,0.3197028636932373
mq-9_reaper,data\demo\train\video_fragmentation_preview\crop_0040.jpg,0.2964073121547699
mq-9_reaper,data\demo\train\video_fragmentation_preview\crop_0041.jpg,0.4714951515197754
mq-9_reaper,data\demo\train\video_fragmentation_preview\crop_0042.jpg,0.5584750175476074
mq-9_reaper,data\demo\train\video_fragmentation_preview\crop_0043.jpg,0.5844683647155762
mq-9_reaper,data\demo\train\video_fragmentation_preview\crop_0044.jpg,0.41974079608917236
mq-9_reaper,data\demo\train\video_fragmentation_preview\crop_0045.jpg,0.5324703454971313
mq-9_reaper,data\demo\train\video_fragmentation_preview\crop_0046.jpg,0.6373317837715149
mq-9_reaper,data\demo\train\video_fragmentation_preview\crop_0047.jpg,0.5745139122009277
mq-9_reaper,data\demo\train\video_fragmentation_preview\crop_0048.jpg,0.5622435212135315
mq-9_reaper,data\demo\train\video_fragmentation_preview\crop_0049.jpg,0.34232550859451294
mq-9_reaper,data\demo\train\video_fragmentation_preview\crop_0050.jpg,0.43327462673187256
mq-9_reaper,data\demo\train\video_fragmentation_preview\crop_0051.jpg,0.4527677893638611
mq-9_reaper,data\demo\train\video_fragmentation_preview\crop_0052.jpg,0.4909093379974365
mq-9_reaper,data\demo\train\video_fragmentation_preview\crop_0053.jpg,0.6001570820808411
mq-9_reaper,data\demo\train\video_fragmentation_preview\crop_0054.jpg,0.5734230875968933
mq-9_reaper,data\demo\train\video_fragmentation_preview\crop_0055.jpg,0.36768677830696106
mq-9_reaper,data\demo\train\video_fragmentation_preview\crop_0056.jpg,0.18661636114120483
mq-9_reaper,data\demo\train\video_fragmentation_preview\crop_0057.jpg,0.33300602436065674
mq-9_reaper,data\demo\train\video_fragmentation_preview\crop_0058.jpg,0.4853093922138214
mq-9_reaper,data\demo\train\video_fragmentation_preview\crop_0059.jpg,0.5675452947616577
mq-9_reaper,data\demo\train\video_fragmentation_preview\crop_0060.jpg,0.17768456041812897
mq-9_reaper,data\demo\train\video_fragmentation_preview\crop_0061.jpg,0.555020272731781
mq-9_reaper,data\demo\train\video_fragmentation_preview\crop_0062.jpg,0.5010649561882019
mq-9_reaper,data\demo\train\video_fragmentation_preview\crop_0063.jpg,0.15493780374526978
mq-9_reaper,data\demo\train\video_fragmentation_preview\crop_0064.jpg,0.2617245316505432
mq-9_reaper,data\demo\train\video_fragmentation_preview\crop_0065.jpg,0.15930244326591492
mq-9_reaper,data\demo\train\video_fragmentation_preview\crop_0066.jpg,0.3747738003730774
mq-9_reaper,data\demo\train\video_fragmentation_preview\crop_0067.jpg,0.21278029680252075
mq-9_reaper,data\demo\train\video_fragmentation_preview\crop_0068.jpg,0.17063798010349274
mq-9_reaper,data\demo\train\video_fragmentation_preview\crop_0069.jpg,0.26642313599586487
mq-9_reaper_uav_drone,data\demo\train\video_fragmentation_preview\crop_0000.jpg,0.2983632981777191
mq-9_reaper_uav_drone,data\demo\train\video_fragmentation_preview\crop_0001.jpg,0.11040765047073364
mq-9_reaper_uav_drone,data\demo\train\video_fragmentation_preview\crop_0002.jpg,-0.07698918133974075
mq-9_reaper_uav_drone,data\demo\train\video_fragmentation_preview\crop_0003.jpg,0.013784527778625488
mq-9_reaper_uav_drone,data\demo\train\video_fragmentation_preview\crop_0004.jpg,0.04080645740032196
mq-9_reaper_uav_drone,data\demo\train\video_fragmentation_preview\crop_0005.jpg,-0.3377815783023834
mq-9_reaper_uav_drone,data\demo\train\video_fragmentation_preview\crop_0006.jpg,-0.4310040771961212
mq-9_reaper_uav_drone,data\demo\train\video_fragmentation_preview\crop_0007.jpg,-0.08396872133016586
mq-9_reaper_uav_drone,data\demo\train\video_fragmentation_preview\crop_0008.jpg,-0.1787692904472351
mq-9_reaper_uav_drone,data\demo\train\video_fragmentation_preview\crop_0009.jpg,0.1883246898651123
mq-9_reaper_uav_drone,data\demo\train\video_fragmentation_preview\crop_0010.jpg,-0.005109518766403198
mq-9_reaper_uav_drone,data\demo\train\video_fragmentation_preview\crop_0011.jpg,-0.19703757762908936
mq-9_reaper_uav_drone,data\demo\train\video_fragmentation_preview\crop_0012.jpg,0.4401898980140686
mq-9_reaper_uav_drone,data\demo\train\video_fragmentation_preview\crop_0013.jpg,0.3024193048477173
mq-9_reaper_uav_drone,data\demo\train\video_fragmentation_preview\crop_0014.jpg,0.4880130887031555
mq-9_reaper_uav_drone,data\demo\train\video_fragmentation_preview\crop_0015.jpg,0.683498740196228
mq-9_reaper_uav_drone,data\demo\train\video_fragmentation_preview\crop_0016.jpg,0.39100897312164307
mq-9_reaper_uav_drone,data\demo\train\video_fragmentation_preview\crop_0017.jpg,0.09312935173511505
mq-9_reaper_uav_drone,data\demo\train\video_fragmentation_preview\crop_0018.jpg,-0.1864354908466339
mq-9_reaper_uav_drone,data\demo\train\video_fragmentation_preview\crop_0019.jpg,0.23614084720611572
mq-9_reaper_uav_drone,data\demo\train\video_fragmentation_preview\crop_0020.jpg,0.20133188366889954
mq-9_reaper_uav_drone,data\demo\train\video_fragmentation_preview\crop_0021.jpg,0.6923102140426636
mq-9_reaper_uav_drone,data\demo\train\video_fragmentation_preview\crop_0022.jpg,0.6609866619110107
mq-9_reaper_uav_drone,data\demo\train\video_fragmentation_preview\crop_0023.jpg,0.5576296448707581
mq-9_reaper_uav_drone,data\demo\train\video_fragmentation_preview\crop_0024.jpg,0.8934173583984375
mq-9_reaper_uav_drone,data\demo\train\video_fragmentation_preview\crop_0025.jpg,0.743704617023468
mq-9_reaper_uav_drone,data\demo\train\video_fragmentation_preview\crop_0026.jpg,0.8045296669006348
mq-9_reaper_uav_drone,data\demo\train\video_fragmentation_preview\crop_0027.jpg,0.8105144500732422
mq-9_reaper_uav_drone,data\demo\train\video_fragmentation_preview\crop_0028.jpg,0.8430405855178833
mq-9_reaper_uav_drone,data\demo\train\video_fragmentation_preview\crop_0029.jpg,0.8049302697181702
mq-9_reaper_uav_drone,data\demo\train\video_fragmentation_preview\crop_0030.jpg,0.6864091157913208
mq-9_reaper_uav_drone,data\demo\train\video_fragmentation_preview\crop_0031.jpg,0.8357848525047302
mq-9_reaper_uav_drone,data\demo\train\video_fragmentation_preview\crop_0032.jpg,-0.2783063054084778
mq-9_reaper_uav_drone,data\demo\train\video_fragmentation_preview\crop_0033.jpg,-0.09159564971923828
mq-9_reaper_uav_drone,data\demo\train\video_fragmentation_preview\crop_0034.jpg,-0.1901223063468933
mq-9_reaper_uav_drone,data\demo\train\video_fragmentation_preview\crop_0035.jpg,-0.28113654255867004
mq-9_reaper_uav_drone,data\demo\train\video_fragmentation_preview\crop_0036.jpg,-0.41402021050453186
mq-9_reaper_uav_drone,data\demo\train\video_fragmentation_preview\crop_0037.jpg,-0.20049075782299042
mq-9_reaper_uav_drone,data\demo\train\video_fragmentation_preview\crop_0038.jpg,-0.2547350823879242
mq-9_reaper_uav_drone,data\demo\train\video_fragmentation_preview\crop_0039.jpg,-0.14208190143108368
mq-9_reaper_uav_drone,data\demo\train\video_fragmentation_preview\crop_0040.jpg,-0.08831534534692764
mq-9_reaper_uav_drone,data\demo\train\video_fragmentation_preview\crop_0041.jpg,-0.36927393078804016
mq-9_reaper_uav_drone,data\demo\train\video_fragmentation_preview\crop_0042.jpg,-0.4017171859741211
mq-9_reaper_uav_drone,data\demo\train\video_fragmentation_preview\crop_0043.jpg,-0.2785903215408325
mq-9_reaper_uav_drone,data\demo\train\video_fragmentation_preview\crop_0044.jpg,-0.19771096110343933
mq-9_reaper_uav_drone,data\demo\train\video_fragmentation_preview\crop_0045.jpg,-0.22232142090797424
mq-9_reaper_uav_drone,data\demo\train\video_fragmentation_preview\crop_0046.jpg,-0.27981236577033997
mq-9_reaper_uav_drone,data\demo\train\video_fragmentation_preview\crop_0047.jpg,-0.3320057988166809
mq-9_reaper_uav_drone,data\demo\train\video_fragmentation_preview\crop_0048.jpg,-0.3173640966415405
mq-9_reaper_uav_drone,data\demo\train\video_fragmentation_preview\crop_0049.jpg,-0.3069562315940857
mq-9_reaper_uav_drone,data\demo\train\video_fragmentation_preview\crop_0050.jpg,-0.6209120750427246
mq-9_reaper_uav_drone,data\demo\train\video_fragmentation_preview\crop_0051.jpg,-0.4543363153934479
mq-9_reaper_uav_drone,data\demo\train\video_fragmentation_preview\crop_0052.jpg,-0.3245811462402344
mq-9_reaper_uav_drone,data\demo\train\video_fragmentation_preview\crop_0053.jpg,-0.47630831599235535
mq-9_reaper_uav_drone,data\demo\train\video_fragmentation_preview\crop_0054.jpg,-0.2844911813735962
mq-9_reaper_uav_drone,data\demo\train\video_fragmentation_preview\crop_0055.jpg,-0.15524548292160034
mq-9_reaper_uav_drone,data\demo\train\video_fragmentation_preview\crop_0056.jpg,-0.20439065992832184
mq-9_reaper_uav_drone,data\demo\train\video_fragmentation_preview\crop_0057.jpg,-0.16804006695747375
mq-9_reaper_uav_drone,data\demo\train\video_fragmentation_preview\crop_0058.jpg,-0.4520385265350342
mq-9_reaper_uav_drone,data\demo\train\video_fragmentation_preview\crop_0059.jpg,-0.3751800060272217
mq-9_reaper_uav_drone,data\demo\train\video_fragmentation_preview\crop_0060.jpg,-0.28594669699668884
mq-9_reaper_uav_drone,data\demo\train\video_fragmentation_preview\crop_0061.jpg,-0.5780709981918335
mq-9_reaper_uav_drone,data\demo\train\video_fragmentation_preview\crop_0062.jpg,-0.5586965084075928
mq-9_reaper_uav_drone,data\demo\train\video_fragmentation_preview\crop_0063.jpg,-0.2473812997341156
mq-9_reaper_uav_drone,data\demo\train\video_fragmentation_preview\crop_0064.jpg,-0.5810977816581726
mq-9_reaper_uav_drone,data\demo\train\video_fragmentation_preview\crop_0065.jpg,-0.45046278834342957
mq-9_reaper_uav_drone,data\demo\train\video_fragmentation_preview\crop_0066.jpg,-0.1012229323387146
mq-9_reaper_uav_drone,data\demo\train\video_fragmentation_preview\crop_0067.jpg,-0.03864491358399391
mq-9_reaper_uav_drone,data\demo\train\video_fragmentation_preview\crop_0068.jpg,0.17665819823741913
mq-9_reaper_uav_drone,data\demo\train\video_fragmentation_preview\crop_0069.jpg,-0.010144956409931183
mq_1_predator_uav,data\demo\train\video_fragmentation_preview\crop_0000.jpg,-0.37381425499916077
mq_1_predator_uav,data\demo\train\video_fragmentation_preview\crop_0001.jpg,-0.46454519033432007
mq_1_predator_uav,data\demo\train\video_fragmentation_preview\crop_0002.jpg,-0.626885175704956
mq_1_predator_uav,data\demo\train\video_fragmentation_preview\crop_0003.jpg,-0.6163631677627563
mq_1_predator_uav,data\demo\train\video_fragmentation_preview\crop_0004.jpg,-0.49910566210746765
mq_1_predator_uav,data\demo\train\video_fragmentation_preview\crop_0005.jpg,-0.4486314058303833
mq_1_predator_uav,data\demo\train\video_fragmentation_preview\crop_0006.jpg,-0.4729123115539551
mq_1_predator_uav,data\demo\train\video_fragmentation_preview\crop_0007.jpg,-0.48581579327583313
mq_1_predator_uav,data\demo\train\video_fragmentation_preview\crop_0008.jpg,-0.3866667151451111
mq_1_predator_uav,data\demo\train\video_fragmentation_preview\crop_0009.jpg,-0.35664844512939453
mq_1_predator_uav,data\demo\train\video_fragmentation_preview\crop_0010.jpg,-0.2901596426963806
mq_1_predator_uav,data\demo\train\video_fragmentation_preview\crop_0011.jpg,-0.3295481204986572
mq_1_predator_uav,data\demo\train\video_fragmentation_preview\crop_0012.jpg,0.040627315640449524
mq_1_predator_uav,data\demo\train\video_fragmentation_preview\crop_0013.jpg,-0.11593983322381973
mq_1_predator_uav,data\demo\train\video_fragmentation_preview\crop_0014.jpg,-0.2116890549659729
mq_1_predator_uav,data\demo\train\video_fragmentation_preview\crop_0015.jpg,0.11775814741849899
mq_1_predator_uav,data\demo\train\video_fragmentation_preview\crop_0016.jpg,0.09469486773014069
mq_1_predator_uav,data\demo\train\video_fragmentation_preview\crop_0017.jpg,-0.009846549481153488
mq_1_predator_uav,data\demo\train\video_fragmentation_preview\crop_0018.jpg,-0.2829887866973877
mq_1_predator_uav,data\demo\train\video_fragmentation_preview\crop_0019.jpg,0.2233263999223709
mq_1_predator_uav,data\demo\train\video_fragmentation_preview\crop_0020.jpg,0.19373881816864014
mq_1_predator_uav,data\demo\train\video_fragmentation_preview\crop_0021.jpg,0.2197752147912979
mq_1_predator_uav,data\demo\train\video_fragmentation_preview\crop_0022.jpg,0.1748679280281067
mq_1_predator_uav,data\demo\train\video_fragmentation_preview\crop_0023.jpg,0.3421187102794647
mq_1_predator_uav,data\demo\train\video_fragmentation_preview\crop_0024.jpg,0.6414792537689209
mq_1_predator_uav,data\demo\train\video_fragmentation_preview\crop_0025.jpg,0.6743206977844238
mq_1_predator_uav,data\demo\train\video_fragmentation_preview\crop_0026.jpg,0.3001959025859833
mq_1_predator_uav,data\demo\train\video_fragmentation_preview\crop_0027.jpg,0.2168603092432022
mq_1_predator_uav,data\demo\train\video_fragmentation_preview\crop_0028.jpg,0.2755869925022125
mq_1_predator_uav,data\demo\train\video_fragmentation_preview\crop_0029.jpg,0.3350745141506195
mq_1_predator_uav,data\demo\train\video_fragmentation_preview\crop_0030.jpg,0.10605686157941818
mq_1_predator_uav,data\demo\train\video_fragmentation_preview\crop_0031.jpg,0.33085036277770996
mq_1_predator_uav,data\demo\train\video_fragmentation_preview\crop_0032.jpg,-0.44013291597366333
mq_1_predator_uav,data\demo\train\video_fragmentation_preview\crop_0033.jpg,-0.44083136320114136
mq_1_predator_uav,data\demo\train\video_fragmentation_preview\crop_0034.jpg,-0.40883052349090576
mq_1_predator_uav,data\demo\train\video_fragmentation_preview\crop_0035.jpg,-0.41857147216796875
mq_1_predator_uav,data\demo\train\video_fragmentation_preview\crop_0036.jpg,-0.39816683530807495
mq_1_predator_uav,data\demo\train\video_fragmentation_preview\crop_0037.jpg,-0.3901463747024536
mq_1_predator_uav,data\demo\train\video_fragmentation_preview\crop_0038.jpg,-0.494398295879364
mq_1_predator_uav,data\demo\train\video_fragmentation_preview\crop_0039.jpg,-0.3616057336330414
mq_1_predator_uav,data\demo\train\video_fragmentation_preview\crop_0040.jpg,-0.4431453347206116
mq_1_predator_uav,data\demo\train\video_fragmentation_preview\crop_0041.jpg,-0.41847357153892517
mq_1_predator_uav,data\demo\train\video_fragmentation_preview\crop_0042.jpg,-0.45683544874191284
mq_1_predator_uav,data\demo\train\video_fragmentation_preview\crop_0043.jpg,-0.3951958417892456
mq_1_predator_uav,data\demo\train\video_fragmentation_preview\crop_0044.jpg,-0.30572545528411865
mq_1_predator_uav,data\demo\train\video_fragmentation_preview\crop_0045.jpg,-0.3098335862159729
mq_1_predator_uav,data\demo\train\video_fragmentation_preview\crop_0046.jpg,-0.22057242691516876
mq_1_predator_uav,data\demo\train\video_fragmentation_preview\crop_0047.jpg,-0.26060721278190613
mq_1_predator_uav,data\demo\train\video_fragmentation_preview\crop_0048.jpg,-0.31786251068115234
mq_1_predator_uav,data\demo\train\video_fragmentation_preview\crop_0049.jpg,-0.15453769266605377
mq_1_predator_uav,data\demo\train\video_fragmentation_preview\crop_0050.jpg,-0.31590181589126587
mq_1_predator_uav,data\demo\train\video_fragmentation_preview\crop_0051.jpg,-0.20388254523277283
mq_1_predator_uav,data\demo\train\video_fragmentation_preview\crop_0052.jpg,-0.10440424829721451
mq_1_predator_uav,data\demo\train\video_fragmentation_preview\crop_0053.jpg,-0.15927396714687347
mq_1_predator_uav,data\demo\train\video_fragmentation_preview\crop_0054.jpg,-0.12848731875419617
mq_1_predator_uav,data\demo\train\video_fragmentation_preview\crop_0055.jpg,-0.28919845819473267
mq_1_predator_uav,data\demo\train\video_fragmentation_preview\crop_0056.jpg,-0.05845412239432335
mq_1_predator_uav,data\demo\train\video_fragmentation_preview\crop_0057.jpg,-0.007564523257315159
mq_1_predator_uav,data\demo\train\video_fragmentation_preview\crop_0058.jpg,-0.13927128911018372
mq_1_predator_uav,data\demo\train\video_fragmentation_preview\crop_0059.jpg,-0.2857867181301117
mq_1_predator_uav,data\demo\train\video_fragmentation_preview\crop_0060.jpg,-0.3960852026939392
mq_1_predator_uav,data\demo\train\video_fragmentation_preview\crop_0061.jpg,-0.460561603307724
mq_1_predator_uav,data\demo\train\video_fragmentation_preview\crop_0062.jpg,-0.3753776550292969
mq_1_predator_uav,data\demo\train\video_fragmentation_preview\crop_0063.jpg,-0.303637832403183
mq_1_predator_uav,data\demo\train\video_fragmentation_preview\crop_0064.jpg,-0.49403464794158936
mq_1_predator_uav,data\demo\train\video_fragmentation_preview\crop_0065.jpg,-0.43814510107040405
mq_1_predator_uav,data\demo\train\video_fragmentation_preview\crop_0066.jpg,-0.024846568703651428
mq_1_predator_uav,data\demo\train\video_fragmentation_preview\crop_0067.jpg,-0.06944291293621063
mq_1_predator_uav,data\demo\train\video_fragmentation_preview\crop_0068.jpg,0.15127408504486084
mq_1_predator_uav,data\demo\train\video_fragmentation_preview\crop_0069.jpg,-0.03939291834831238
neg_airplane,data\demo\train\video_fragmentation_preview\crop_0000.jpg,0.4536797106266022
neg_airplane,data\demo\train\video_fragmentation_preview\crop_0001.jpg,0.2535911202430725
neg_airplane,data\demo\train\video_fragmentation_preview\crop_0002.jpg,0.047443877905607224
neg_airplane,data\demo\train\video_fragmentation_preview\crop_0003.jpg,0.18135417997837067
neg_airplane,data\demo\train\video_fragmentation_preview\crop_0004.jpg,0.22930936515331268
neg_airplane,data\demo\train\video_fragmentation_preview\crop_0005.jpg,-0.18191447854042053
neg_airplane,data\demo\train\video_fragmentation_preview\crop_0006.jpg,-0.23120033740997314
neg_airplane,data\demo\train\video_fragmentation_preview\crop_0007.jpg,0.07421854138374329
neg_airplane,data\demo\train\video_fragmentation_preview\crop_0008.jpg,-0.009611977264285088
neg_airplane,data\demo\train\video_fragmentation_preview\crop_0009.jpg,0.38344651460647583
neg_airplane,data\demo\train\video_fragmentation_preview\crop_0010.jpg,0.16376668214797974
neg_airplane,data\demo\train\video_fragmentation_preview\crop_0011.jpg,-0.03941343352198601
neg_airplane,data\demo\train\video_fragmentation_preview\crop_0012.jpg,0.5534588098526001
neg_airplane,data\demo\train\video_fragmentation_preview\crop_0013.jpg,0.4699496626853943
neg_airplane,data\demo\train\video_fragmentation_preview\crop_0014.jpg,0.5822386741638184
neg_airplane,data\demo\train\video_fragmentation_preview\crop_0015.jpg,0.7489515542984009
neg_airplane,data\demo\train\video_fragmentation_preview\crop_0016.jpg,0.5274118185043335
neg_airplane,data\demo\train\video_fragmentation_preview\crop_0017.jpg,0.09755048900842667
neg_airplane,data\demo\train\video_fragmentation_preview\crop_0018.jpg,-0.11354116350412369
neg_airplane,data\demo\train\video_fragmentation_preview\crop_0019.jpg,0.1894282102584839
neg_airplane,data\demo\train\video_fragmentation_preview\crop_0020.jpg,0.3117533326148987
neg_airplane,data\demo\train\video_fragmentation_preview\crop_0021.jpg,0.7746570110321045
neg_airplane,data\demo\train\video_fragmentation_preview\crop_0022.jpg,0.7398762702941895
neg_airplane,data\demo\train\video_fragmentation_preview\crop_0023.jpg,0.6150369048118591
neg_airplane,data\demo\train\video_fragmentation_preview\crop_0024.jpg,0.9135188460350037
neg_airplane,data\demo\train\video_fragmentation_preview\crop_0025.jpg,0.7527952194213867
neg_airplane,data\demo\train\video_fragmentation_preview\crop_0026.jpg,0.8551173210144043
neg_airplane,data\demo\train\video_fragmentation_preview\crop_0027.jpg,0.8758651614189148
neg_airplane,data\demo\train\video_fragmentation_preview\crop_0028.jpg,0.919501006603241
neg_airplane,data\demo\train\video_fragmentation_preview\crop_0029.jpg,0.8480267524719238
neg_airplane,data\demo\train\video_fragmentation_preview\crop_0030.jpg,0.7860389351844788
neg_airplane,data\demo\train\video_fragmentation_preview\crop_0031.jpg,0.9218912720680237
neg_airplane,data\demo\train\video_fragmentation_preview\crop_0032.jpg,-0.17637309432029724
neg_airplane,data\demo\train\video_fragmentation_preview\crop_0033.jpg,-0.05192454159259796
neg_airplane,data\demo\train\video_fragmentation_preview\crop_0034.jpg,-0.1174328401684761
neg_airplane,data\demo\train\video_fragmentation_preview\crop_0035.jpg,-0.2203405648469925
neg_airplane,data\demo\train\video_fragmentation_preview\crop_0036.jpg,-0.32472264766693115
neg_airplane,data\demo\train\video_fragmentation_preview\crop_0037.jpg,-0.17012599110603333
neg_airplane,data\demo\train\video_fragmentation_preview\crop_0038.jpg,-0.16505050659179688
neg_airplane,data\demo\train\video_fragmentation_preview\crop_0039.jpg,-0.10472201555967331
neg_airplane,data\demo\train\video_fragmentation_preview\crop_0040.jpg,-0.019859567284584045
neg_airplane,data\demo\train\video_fragmentation_preview\crop_0041.jpg,-0.34603577852249146
neg_airplane,data\demo\train\video_fragmentation_preview\crop_0042.jpg,-0.34728097915649414
neg_airplane,data\demo\train\video_fragmentation_preview\crop_0043.jpg,-0.2326742559671402
neg_airplane,data\demo\train\video_fragmentation_preview\crop_0044.jpg,-0.17448057234287262
neg_airplane,data\demo\train\video_fragmentation_preview\crop_0045.jpg,-0.17517049610614777
neg_airplane,data\demo\train\video_fragmentation_preview\crop_0046.jpg,-0.25179165601730347
neg_airplane,data\demo\train\video_fragmentation_preview\crop_0047.jpg,-0.3122386932373047
neg_airplane,data\demo\train\video_fragmentation_preview\crop_0048.jpg,-0.26079970598220825
neg_airplane,data\demo\train\video_fragmentation_preview\crop_0049.jpg,-0.2714647054672241
neg_airplane,data\demo\train\video_fragmentation_preview\crop_0050.jpg,-0.5778111219406128
neg_airplane,data\demo\train\video_fragmentation_preview\crop_0051.jpg,-0.4017941951751709
neg_airplane,data\demo\train\video_fragmentation_preview\crop_0052.jpg,-0.23648753762245178
neg_airplane,data\demo\train\video_fragmentation_preview\crop_0053.jpg,-0.3597378432750702
neg_airplane,data\demo\train\video_fragmentation_preview\crop_0054.jpg,-0.220890611410141
neg_airplane,data\demo\train\video_fragmentation_preview\crop_0055.jpg,-0.055882517248392105
neg_airplane,data\demo\train\video_fragmentation_preview\crop_0056.jpg,-0.0925714373588562
neg_airplane,data\demo\train\video_fragmentation_preview\crop_0057.jpg,-0.07886049151420593
neg_airplane,data\demo\train\video_fragmentation_preview\crop_0058.jpg,-0.306685209274292
neg_airplane,data\demo\train\video_fragmentation_preview\crop_0059.jpg,-0.2590946555137634
neg_airplane,data\demo\train\video_fragmentation_preview\crop_0060.jpg,-0.21606343984603882
neg_airplane,data\demo\train\video_fragmentation_preview\crop_0061.jpg,-0.46152418851852417
neg_airplane,data\demo\train\video_fragmentation_preview\crop_0062.jpg,-0.45769983530044556
neg_airplane,data\demo\train\video_fragmentation_preview\crop_0063.jpg,-0.13017259538173676
neg_airplane,data\demo\train\video_fragmentation_preview\crop_0064.jpg,-0.4992466866970062
neg_airplane,data\demo\train\video_fragmentation_preview\crop_0065.jpg,-0.35724782943725586
neg_airplane,data\demo\train\video_fragmentation_preview\crop_0066.jpg,0.05794259533286095
neg_airplane,data\demo\train\video_fragmentation_preview\crop_0067.jpg,0.11535876989364624
neg_airplane,data\demo\train\video_fragmentation_preview\crop_0068.jpg,0.30533185601234436
neg_airplane,data\demo\train\video_fragmentation_preview\crop_0069.jpg,0.16528794169425964
neg_airplane_crj-900_cityjet,data\demo\train\video_fragmentation_preview\crop_0000.jpg,0.42348700761795044
neg_airplane_crj-900_cityjet,data\demo\train\video_fragmentation_preview\crop_0001.jpg,0.1893579065799713
neg_airplane_crj-900_cityjet,data\demo\train\video_fragmentation_preview\crop_0002.jpg,-0.009639354422688484
neg_airplane_crj-900_cityjet,data\demo\train\video_fragmentation_preview\crop_0003.jpg,0.09228307008743286
neg_airplane_crj-900_cityjet,data\demo\train\video_fragmentation_preview\crop_0004.jpg,0.1458796262741089
neg_airplane_crj-900_cityjet,data\demo\train\video_fragmentation_preview\crop_0005.jpg,-0.24174031615257263
neg_airplane_crj-900_cityjet,data\demo\train\video_fragmentation_preview\crop_0006.jpg,-0.3381752669811249
neg_airplane_crj-900_cityjet,data\demo\train\video_fragmentation_preview\crop_0007.jpg,0.024786071851849556
neg_airplane_crj-900_cityjet,data\demo\train\video_fragmentation_preview\crop_0008.jpg,-0.10273477435112
neg_airplane_crj-900_cityjet,data\demo\train\video_fragmentation_preview\crop_0009.jpg,0.2092139571905136
neg_airplane_crj-900_cityjet,data\demo\train\video_fragmentation_preview\crop_0010.jpg,0.009180113673210144
neg_airplane_crj-900_cityjet,data\demo\train\video_fragmentation_preview\crop_0011.jpg,-0.20889192819595337
neg_airplane_crj-900_cityjet,data\demo\train\video_fragmentation_preview\crop_0012.jpg,0.41477569937705994
neg_airplane_crj-900_cityjet,data\demo\train\video_fragmentation_preview\crop_0013.jpg,0.2407642900943756
neg_airplane_crj-900_cityjet,data\demo\train\video_fragmentation_preview\crop_0014.jpg,0.4171612858772278
neg_airplane_crj-900_cityjet,data\demo\train\video_fragmentation_preview\crop_0015.jpg,0.5886095762252808
neg_airplane_crj-900_cityjet,data\demo\train\video_fragmentation_preview\crop_0016.jpg,0.25340086221694946
neg_airplane_crj-900_cityjet,data\demo\train\video_fragmentation_preview\crop_0017.jpg,-0.10463719069957733
neg_airplane_crj-900_cityjet,data\demo\train\video_fragmentation_preview\crop_0018.jpg,-0.34592729806900024
neg_airplane_crj-900_cityjet,data\demo\train\video_fragmentation_preview\crop_0019.jpg,0.032224200665950775
neg_airplane_crj-900_cityjet,data\demo\train\video_fragmentation_preview\crop_0020.jpg,0.0710853785276413
neg_airplane_crj-900_cityjet,data\demo\train\video_fragmentation_preview\crop_0021.jpg,0.5705171823501587
neg_airplane_crj-900_cityjet,data\demo\train\video_fragmentation_preview\crop_0022.jpg,0.5318164825439453
neg_airplane_crj-900_cityjet,data\demo\train\video_fragmentation_preview\crop_0023.jpg,0.38856226205825806
neg_airplane_crj-900_cityjet,data\demo\train\video_fragmentation_preview\crop_0024.jpg,0.8328565359115601
neg_airplane_crj-900_cityjet,data\demo\train\video_fragmentation_preview\crop_0025.jpg,0.6452480554580688
neg_airplane_crj-900_cityjet,data\demo\train\video_fragmentation_preview\crop_0026.jpg,0.6625857353210449
neg_airplane_crj-900_cityjet,data\demo\train\video_fragmentation_preview\crop_0027.jpg,0.6821020841598511
neg_airplane_crj-900_cityjet,data\demo\train\video_fragmentation_preview\crop_0028.jpg,0.7472349405288696
neg_airplane_crj-900_cityjet,data\demo\train\video_fragmentation_preview\crop_0029.jpg,0.6600518822669983
neg_airplane_crj-900_cityjet,data\demo\train\video_fragmentation_preview\crop_0030.jpg,0.5476617813110352
neg_airplane_crj-900_cityjet,data\demo\train\video_fragmentation_preview\crop_0031.jpg,0.7979437112808228
neg_airplane_crj-900_cityjet,data\demo\train\video_fragmentation_preview\crop_0032.jpg,-0.13319461047649384
neg_airplane_crj-900_cityjet,data\demo\train\video_fragmentation_preview\crop_0033.jpg,-0.0378127358853817
neg_airplane_crj-900_cityjet,data\demo\train\video_fragmentation_preview\crop_0034.jpg,-0.07735653966665268
neg_airplane_crj-900_cityjet,data\demo\train\video_fragmentation_preview\crop_0035.jpg,-0.19545741379261017
neg_airplane_crj-900_cityjet,data\demo\train\video_fragmentation_preview\crop_0036.jpg,-0.32226619124412537
neg_airplane_crj-900_cityjet,data\demo\train\video_fragmentation_preview\crop_0037.jpg,-0.1130140870809555
neg_airplane_crj-900_cityjet,data\demo\train\video_fragmentation_preview\crop_0038.jpg,-0.14013247191905975
neg_airplane_crj-900_cityjet,data\demo\train\video_fragmentation_preview\crop_0039.jpg,0.0006083697080612183
neg_airplane_crj-900_cityjet,data\demo\train\video_fragmentation_preview\crop_0040.jpg,0.03685300424695015
neg_airplane_crj-900_cityjet,data\demo\train\video_fragmentation_preview\crop_0041.jpg,-0.20086117088794708
neg_airplane_crj-900_cityjet,data\demo\train\video_fragmentation_preview\crop_0042.jpg,-0.2473137229681015
neg_airplane_crj-900_cityjet,data\demo\train\video_fragmentation_preview\crop_0043.jpg,-0.0814257562160492
neg_airplane_crj-900_cityjet,data\demo\train\video_fragmentation_preview\crop_0044.jpg,-0.004970382899045944
neg_airplane_crj-900_cityjet,data\demo\train\video_fragmentation_preview\crop_0045.jpg,-0.030328303575515747
neg_airplane_crj-900_cityjet,data\demo\train\video_fragmentation_preview\crop_0046.jpg,-0.05546066537499428
neg_airplane_crj-900_cityjet,data\demo\train\video_fragmentation_preview\crop_0047.jpg,-0.11103661358356476
neg_airplane_crj-900_cityjet,data\demo\train\video_fragmentation_preview\crop_0048.jpg,-0.09646956622600555
neg_airplane_crj-900_cityjet,data\demo\train\video_fragmentation_preview\crop_0049.jpg,-0.12682311236858368
neg_airplane_crj-900_cityjet,data\demo\train\video_fragmentation_preview\crop_0050.jpg,-0.4574306607246399
neg_airplane_crj-900_cityjet,data\demo\train\video_fragmentation_preview\crop_0051.jpg,-0.3183806240558624
neg_airplane_crj-900_cityjet,data\demo\train\video_fragmentation_preview\crop_0052.jpg,-0.10718398541212082
neg_airplane_crj-900_cityjet,data\demo\train\video_fragmentation_preview\crop_0053.jpg,-0.29544660449028015
neg_airplane_crj-900_cityjet,data\demo\train\video_fragmentation_preview\crop_0054.jpg,-0.0602266751229763
neg_airplane_crj-900_cityjet,data\demo\train\video_fragmentation_preview\crop_0055.jpg,0.023499183356761932
neg_airplane_crj-900_cityjet,data\demo\train\video_fragmentation_preview\crop_0056.jpg,-0.04653257504105568
neg_airplane_crj-900_cityjet,data\demo\train\video_fragmentation_preview\crop_0057.jpg,-0.03467770665884018
neg_airplane_crj-900_cityjet,data\demo\train\video_fragmentation_preview\crop_0058.jpg,-0.33758777379989624
neg_airplane_crj-900_cityjet,data\demo\train\video_fragmentation_preview\crop_0059.jpg,-0.234686017036438
neg_airplane_crj-900_cityjet,data\demo\train\video_fragmentation_preview\crop_0060.jpg,-0.2249826341867447
neg_airplane_crj-900_cityjet,data\demo\train\video_fragmentation_preview\crop_0061.jpg,-0.5077162981033325
neg_airplane_crj-900_cityjet,data\demo\train\video_fragmentation_preview\crop_0062.jpg,-0.48301953077316284
neg_airplane_crj-900_cityjet,data\demo\train\video_fragmentation_preview\crop_0063.jpg,-0.20152994990348816
neg_airplane_crj-900_cityjet,data\demo\train\video_fragmentation_preview\crop_0064.jpg,-0.5493522882461548
neg_airplane_crj-900_cityjet,data\demo\train\video_fragmentation_preview\crop_0065.jpg,-0.4436980187892914
neg_airplane_crj-900_cityjet,data\demo\train\video_fragmentation_preview\crop_0066.jpg,-0.0763840600848198
neg_airplane_crj-900_cityjet,data\demo\train\video_fragmentation_preview\crop_0067.jpg,-0.06099504232406616
neg_airplane_crj-900_cityjet,data\demo\train\video_fragmentation_preview\crop_0068.jpg,0.15105482935905457
neg_airplane_crj-900_cityjet,data\demo\train\video_fragmentation_preview\crop_0069.jpg,-0.009444773197174072
neg_airplane_ww1,data\demo\train\video_fragmentation_preview\crop_0000.jpg,-0.580274224281311
neg_airplane_ww1,data\demo\train\video_fragmentation_preview\crop_0001.jpg,-0.7115492820739746
neg_airplane_ww1,data\demo\train\video_fragmentation_preview\crop_0002.jpg,-0.6214812397956848
neg_airplane_ww1,data\demo\train\video_fragmentation_preview\crop_0003.jpg,-0.5282743573188782
neg_airplane_ww1,data\demo\train\video_fragmentation_preview\crop_0004.jpg,-0.5884413719177246
neg_airplane_ww1,data\demo\train\video_fragmentation_preview\crop_0005.jpg,-0.5234934687614441
neg_airplane_ww1,data\demo\train\video_fragmentation_preview\crop_0006.jpg,-0.5509304404258728
neg_airplane_ww1,data\demo\train\video_fragmentation_preview\crop_0007.jpg,-0.5321072936058044
neg_airplane_ww1,data\demo\train\video_fragmentation_preview\crop_0008.jpg,-0.5801620483398438
neg_airplane_ww1,data\demo\train\video_fragmentation_preview\crop_0009.jpg,-0.6740140914916992
neg_airplane_ww1,data\demo\train\video_fragmentation_preview\crop_0010.jpg,-0.5570741295814514
neg_airplane_ww1,data\demo\train\video_fragmentation_preview\crop_0011.jpg,-0.5081479549407959
neg_airplane_ww1,data\demo\train\video_fragmentation_preview\crop_0012.jpg,-0.27808117866516113
neg_airplane_ww1,data\demo\train\video_fragmentation_preview\crop_0013.jpg,-0.43285974860191345
neg_airplane_ww1,data\demo\train\video_fragmentation_preview\crop_0014.jpg,-0.4004979133605957
neg_airplane_ww1,data\demo\train\video_fragmentation_preview\crop_0015.jpg,-0.23522943258285522
neg_airplane_ww1,data\demo\train\video_fragmentation_preview\crop_0016.jpg,-0.1693536639213562
neg_airplane_ww1,data\demo\train\video_fragmentation_preview\crop_0017.jpg,0.11113305389881134
neg_airplane_ww1,data\demo\train\video_fragmentation_preview\crop_0018.jpg,-0.21934422850608826
neg_airplane_ww1,data\demo\train\video_fragmentation_preview\crop_0019.jpg,0.3300623893737793
neg_airplane_ww1,data\demo\train\video_fragmentation_preview\crop_0020.jpg,0.2022864669561386
neg_airplane_ww1,data\demo\train\video_fragmentation_preview\crop_0021.jpg,-0.13733741641044617
neg_airplane_ww1,data\demo\train\video_fragmentation_preview\crop_0022.jpg,-0.1601088047027588
neg_airplane_ww1,data\demo\train\video_fragmentation_preview\crop_0023.jpg,0.23040050268173218
neg_airplane_ww1,data\demo\train\video_fragmentation_preview\crop_0024.jpg,-0.029505617916584015
neg_airplane_ww1,data\demo\train\video_fragmentation_preview\crop_0025.jpg,0.18289995193481445
neg_airplane_ww1,data\demo\train\video_fragmentation_preview\crop_0026.jpg,0.14388826489448547
neg_airplane_ww1,data\demo\train\video_fragmentation_preview\crop_0027.jpg,-0.09372235834598541
neg_airplane_ww1,data\demo\train\video_fragmentation_preview\crop_0028.jpg,-0.15241947770118713
neg_airplane_ww1,data\demo\train\video_fragmentation_preview\crop_0029.jpg,0.09343856573104858
neg_airplane_ww1,data\demo\train\video_fragmentation_preview\crop_0030.jpg,0.000544961541891098
neg_airplane_ww1,data\demo\train\video_fragmentation_preview\crop_0031.jpg,-0.06476946920156479
neg_airplane_ww1,data\demo\train\video_fragmentation_preview\crop_0032.jpg,-0.5128628015518188
neg_airplane_ww1,data\demo\train\video_fragmentation_preview\crop_0033.jpg,-0.44101712107658386
neg_airplane_ww1,data\demo\train\video_fragmentation_preview\crop_0034.jpg,-0.44608741998672485
neg_airplane_ww1,data\demo\train\video_fragmentation_preview\crop_0035.jpg,-0.394361287355423
neg_airplane_ww1,data\demo\train\video_fragmentation_preview\crop_0036.jpg,-0.6615821123123169
neg_airplane_ww1,data\demo\train\video_fragmentation_preview\crop_0037.jpg,-0.47896990180015564
neg_airplane_ww1,data\demo\train\video_fragmentation_preview\crop_0038.jpg,-0.5977256894111633
neg_airplane_ww1,data\demo\train\video_fragmentation_preview\crop_0039.jpg,-0.6791641116142273
neg_airplane_ww1,data\demo\train\video_fragmentation_preview\crop_0040.jpg,-0.7077770233154297
neg_airplane_ww1,data\demo\train\video_fragmentation_preview\crop_0041.jpg,-0.5522104501724243
neg_airplane_ww1,data\demo\train\video_fragmentation_preview\crop_0042.jpg,-0.615918755531311
neg_airplane_ww1,data\demo\train\video_fragmentation_preview\crop_0043.jpg,-0.6186148524284363
neg_airplane_ww1,data\demo\train\video_fragmentation_preview\crop_0044.jpg,-0.5682111382484436
neg_airplane_ww1,data\demo\train\video_fragmentation_preview\crop_0045.jpg,-0.6370131969451904
neg_airplane_ww1,data\demo\train\video_fragmentation_preview\crop_0046.jpg,-0.5888055562973022
neg_airplane_ww1,data\demo\train\video_fragmentation_preview\crop_0047.jpg,-0.48770833015441895
neg_airplane_ww1,data\demo\train\video_fragmentation_preview\crop_0048.jpg,-0.48538464307785034
neg_airplane_ww1,data\demo\train\video_fragmentation_preview\crop_0049.jpg,-0.4795016050338745
neg_airplane_ww1,data\demo\train\video_fragmentation_preview\crop_0050.jpg,-0.3796173930168152
neg_airplane_ww1,data\demo\train\video_fragmentation_preview\crop_0051.jpg,-0.5337603092193604
neg_airplane_ww1,data\demo\train\video_fragmentation_preview\crop_0052.jpg,-0.43359285593032837
neg_airplane_ww1,data\demo\train\video_fragmentation_preview\crop_0053.jpg,-0.5712488889694214
neg_airplane_ww1,data\demo\train\video_fragmentation_preview\crop_0054.jpg,-0.5097597241401672
neg_airplane_ww1,data\demo\train\video_fragmentation_preview\crop_0055.jpg,-0.6250447034835815
neg_airplane_ww1,data\demo\train\video_fragmentation_preview\crop_0056.jpg,-0.4440619945526123
neg_airplane_ww1,data\demo\train\video_fragmentation_preview\crop_0057.jpg,-0.41701722145080566
neg_airplane_ww1,data\demo\train\video_fragmentation_preview\crop_0058.jpg,-0.3659619688987732
neg_airplane_ww1,data\demo\train\video_fragmentation_preview\crop_0059.jpg,-0.47619545459747314
neg_airplane_ww1,data\demo\train\video_fragmentation_preview\crop_0060.jpg,-0.549468994140625
neg_airplane_ww1,data\demo\train\video_fragmentation_preview\crop_0061.jpg,-0.5321331024169922
neg_airplane_ww1,data\demo\train\video_fragmentation_preview\crop_0062.jpg,-0.535993218421936
neg_airplane_ww1,data\demo\train\video_fragmentation_preview\crop_0063.jpg,-0.4151386618614197
neg_airplane_ww1,data\demo\train\video_fragmentation_preview\crop_0064.jpg,-0.353713721036911
neg_airplane_ww1,data\demo\train\video_fragmentation_preview\crop_0065.jpg,-0.42329320311546326
neg_airplane_ww1,data\demo\train\video_fragmentation_preview\crop_0066.jpg,-0.28823715448379517
neg_airplane_ww1,data\demo\train\video_fragmentation_preview\crop_0067.jpg,-0.26129767298698425
neg_airplane_ww1,data\demo\train\video_fragmentation_preview\crop_0068.jpg,-0.31753072142601013
neg_airplane_ww1,data\demo\train\video_fragmentation_preview\crop_0069.jpg,-0.28321748971939087
neg_aknc_uav,data\demo\train\video_fragmentation_preview\crop_0000.jpg,-0.6757102012634277
neg_aknc_uav,data\demo\train\video_fragmentation_preview\crop_0001.jpg,-0.7470649480819702
neg_aknc_uav,data\demo\train\video_fragmentation_preview\crop_0002.jpg,-0.736383318901062
neg_aknc_uav,data\demo\train\video_fragmentation_preview\crop_0003.jpg,-0.6947630643844604
neg_aknc_uav,data\demo\train\video_fragmentation_preview\crop_0004.jpg,-0.6327439546585083
neg_aknc_uav,data\demo\train\video_fragmentation_preview\crop_0005.jpg,-0.39180195331573486
neg_aknc_uav,data\demo\train\video_fragmentation_preview\crop_0006.jpg,-0.32023710012435913
neg_aknc_uav,data\demo\train\video_fragmentation_preview\crop_0007.jpg,-0.5491572618484497
neg_aknc_uav,data\demo\train\video_fragmentation_preview\crop_0008.jpg,-0.44811439514160156
neg_aknc_uav,data\demo\train\video_fragmentation_preview\crop_0009.jpg,-0.6259547472000122
neg_aknc_uav,data\demo\train\video_fragmentation_preview\crop_0010.jpg,-0.4852224588394165
neg_aknc_uav,data\demo\train\video_fragmentation_preview\crop_0011.jpg,-0.39940720796585083
neg_aknc_uav,data\demo\train\video_fragmentation_preview\crop_0012.jpg,-0.444932758808136
neg_aknc_uav,data\demo\train\video_fragmentation_preview\crop_0013.jpg,-0.4354618191719055
neg_aknc_uav,data\demo\train\video_fragmentation_preview\crop_0014.jpg,-0.6527816653251648
neg_aknc_uav,data\demo\train\video_fragmentation_preview\crop_0015.jpg,-0.4771982431411743
neg_aknc_uav,data\demo\train\video_fragmentation_preview\crop_0016.jpg,-0.15486644208431244
neg_aknc_uav,data\demo\train\video_fragmentation_preview\crop_0017.jpg,-0.07676781713962555
neg_aknc_uav,data\demo\train\video_fragmentation_preview\crop_0018.jpg,-0.2275618016719818
neg_aknc_uav,data\demo\train\video_fragmentation_preview\crop_0019.jpg,0.10553403943777084
neg_aknc_uav,data\demo\train\video_fragmentation_preview\crop_0020.jpg,0.14071884751319885
neg_aknc_uav,data\demo\train\video_fragmentation_preview\crop_0021.jpg,-0.25293391942977905
neg_aknc_uav,data\demo\train\video_fragmentation_preview\crop_0022.jpg,-0.21846230328083038
neg_aknc_uav,data\demo\train\video_fragmentation_preview\crop_0023.jpg,0.061798498034477234
neg_aknc_uav,data\demo\train\video_fragmentation_preview\crop_0024.jpg,-0.010706058703362942
neg_aknc_uav,data\demo\train\video_fragmentation_preview\crop_0025.jpg,0.20485815405845642
neg_aknc_uav,data\demo\train\video_fragmentation_preview\crop_0026.jpg,-0.14528082311153412
neg_aknc_uav,data\demo\train\video_fragmentation_preview\crop_0027.jpg,-0.2748319208621979
neg_aknc_uav,data\demo\train\video_fragmentation_preview\crop_0028.jpg,-0.26295143365859985
neg_aknc_uav,data\demo\train\video_fragmentation_preview\crop_0029.jpg,-0.13632594048976898
neg_aknc_uav,data\demo\train\video_fragmentation_preview\crop_0030.jpg,-0.23699845373630524
neg_aknc_uav,data\demo\train\video_fragmentation_preview\crop_0031.jpg,-0.13597677648067474
neg_aknc_uav,data\demo\train\video_fragmentation_preview\crop_0032.jpg,-0.2772744596004486
neg_aknc_uav,data\demo\train\video_fragmentation_preview\crop_0033.jpg,-0.32683002948760986
neg_aknc_uav,data\demo\train\video_fragmentation_preview\crop_0034.jpg,-0.26080796122550964
neg_aknc_uav,data\demo\train\video_fragmentation_preview\crop_0035.jpg,-0.20343908667564392
neg_aknc_uav,data\demo\train\video_fragmentation_preview\crop_0036.jpg,-0.2714904546737671
neg_aknc_uav,data\demo\train\video_fragmentation_preview\crop_0037.jpg,-0.2765583395957947
neg_aknc_uav,data\demo\train\video_fragmentation_preview\crop_0038.jpg,-0.34989482164382935
neg_aknc_uav,data\demo\train\video_fragmentation_preview\crop_0039.jpg,-0.37009158730506897
neg_aknc_uav,data\demo\train\video_fragmentation_preview\crop_0040.jpg,-0.46856194734573364
neg_aknc_uav,data\demo\train\video_fragmentation_preview\crop_0041.jpg,-0.2637753486633301
neg_aknc_uav,data\demo\train\video_fragmentation_preview\crop_0042.jpg,-0.316181480884552
neg_aknc_uav,data\demo\train\video_fragmentation_preview\crop_0043.jpg,-0.3445788621902466
neg_aknc_uav,data\demo\train\video_fragmentation_preview\crop_0044.jpg,-0.2777490019798279
neg_aknc_uav,data\demo\train\video_fragmentation_preview\crop_0045.jpg,-0.32718122005462646
neg_aknc_uav,data\demo\train\video_fragmentation_preview\crop_0046.jpg,-0.2287445068359375
neg_aknc_uav,data\demo\train\video_fragmentation_preview\crop_0047.jpg,-0.17749598622322083
neg_aknc_uav,data\demo\train\video_fragmentation_preview\crop_0048.jpg,-0.21218717098236084
neg_aknc_uav,data\demo\train\video_fragmentation_preview\crop_0049.jpg,-0.04796217381954193
neg_aknc_uav,data\demo\train\video_fragmentation_preview\crop_0050.jpg,0.06723029911518097
neg_aknc_uav,data\demo\train\video_fragmentation_preview\crop_0051.jpg,-0.033371392637491226
neg_aknc_uav,data\demo\train\video_fragmentation_preview\crop_0052.jpg,0.02442965656518936
neg_aknc_uav,data\demo\train\video_fragmentation_preview\crop_0053.jpg,0.036941684782505035
neg_aknc_uav,data\demo\train\video_fragmentation_preview\crop_0054.jpg,-0.029590949416160583
neg_aknc_uav,data\demo\train\video_fragmentation_preview\crop_0055.jpg,-0.24694465100765228
neg_aknc_uav,data\demo\train\video_fragmentation_preview\crop_0056.jpg,0.062415216118097305
neg_aknc_uav,data\demo\train\video_fragmentation_preview\crop_0057.jpg,0.08082123845815659
neg_aknc_uav,data\demo\train\video_fragmentation_preview\crop_0058.jpg,0.14724895358085632
neg_aknc_uav,data\demo\train\video_fragmentation_preview\crop_0059.jpg,-0.06492418795824051
neg_aknc_uav,data\demo\train\video_fragmentation_preview\crop_0060.jpg,-0.1721726357936859
neg_aknc_uav,data\demo\train\video_fragmentation_preview\crop_0061.jpg,-0.11466901004314423
neg_aknc_uav,data\demo\train\video_fragmentation_preview\crop_0062.jpg,-0.06475551426410675
neg_aknc_uav,data\demo\train\video_fragmentation_preview\crop_0063.jpg,-0.08251972496509552
neg_aknc_uav,data\demo\train\video_fragmentation_preview\crop_0064.jpg,-0.012791831977665424
neg_aknc_uav,data\demo\train\video_fragmentation_preview\crop_0065.jpg,-0.05473409220576286
neg_aknc_uav,data\demo\train\video_fragmentation_preview\crop_0066.jpg,0.0005138516426086426
neg_aknc_uav,data\demo\train\video_fragmentation_preview\crop_0067.jpg,-0.04997674375772476
neg_aknc_uav,data\demo\train\video_fragmentation_preview\crop_0068.jpg,-0.07685292512178421
neg_aknc_uav,data\demo\train\video_fragmentation_preview\crop_0069.jpg,-0.04052667319774628
neg_bald_eagle_flying_bird_model,data\demo\train\video_fragmentation_preview\crop_0000.jpg,-0.459492027759552
neg_bald_eagle_flying_bird_model,data\demo\train\video_fragmentation_preview\crop_0001.jpg,-0.5482512712478638
neg_bald_eagle_flying_bird_model,data\demo\train\video_fragmentation_preview\crop_0002.jpg,-0.37179166078567505
neg_bald_eagle_flying_bird_model,data\demo\train\video_fragmentation_preview\crop_0003.jpg,-0.324086993932724
neg_bald_eagle_flying_bird_model,data\demo\train\video_fragmentation_preview\crop_0004.jpg,-0.43523502349853516
neg_bald_eagle_flying_bird_model,data\demo\train\video_fragmentation_preview\crop_0005.jpg,-0.355769544839859
neg_bald_eagle_flying_bird_model,data\demo\train\video_fragmentation_preview\crop_0006.jpg,-0.35242050886154175
neg_bald_eagle_flying_bird_model,data\demo\train\video_fragmentation_preview\crop_0007.jpg,-0.33629992604255676
neg_bald_eagle_flying_bird_model,data\demo\train\video_fragmentation_preview\crop_0008.jpg,-0.4308660626411438
neg_bald_eagle_flying_bird_model,data\demo\train\video_fragmentation_preview\crop_0009.jpg,-0.6272311210632324
neg_bald_eagle_flying_bird_model,data\demo\train\video_fragmentation_preview\crop_0010.jpg,-0.5017919540405273
neg_bald_eagle_flying_bird_model,data\demo\train\video_fragmentation_preview\crop_0011.jpg,-0.46698522567749023
neg_bald_eagle_flying_bird_model,data\demo\train\video_fragmentation_preview\crop_0012.jpg,-0.4962693452835083
neg_bald_eagle_flying_bird_model,data\demo\train\video_fragmentation_preview\crop_0013.jpg,-0.585279107093811
neg_bald_eagle_flying_bird_model,data\demo\train\video_fragmentation_preview\crop_0014.jpg,-0.46531444787979126
neg_bald_eagle_flying_bird_model,data\demo\train\video_fragmentation_preview\crop_0015.jpg,-0.49452584981918335
neg_bald_eagle_flying_bird_model,data\demo\train\video_fragmentation_preview\crop_0016.jpg,-0.35010743141174316
neg_bald_eagle_flying_bird_model,data\demo\train\video_fragmentation_preview\crop_0017.jpg,-0.031203024089336395
neg_bald_eagle_flying_bird_model,data\demo\train\video_fragmentation_preview\crop_0018.jpg,-0.24868807196617126
neg_bald_eagle_flying_bird_model,data\demo\train\video_fragmentation_preview\crop_0019.jpg,0.013650171458721161
neg_bald_eagle_flying_bird_model,data\demo\train\video_fragmentation_preview\crop_0020.jpg,-0.10707111656665802
neg_bald_eagle_flying_bird_model,data\demo\train\video_fragmentation_preview\crop_0021.jpg,-0.4443749785423279
neg_bald_eagle_flying_bird_model,data\demo\train\video_fragmentation_preview\crop_0022.jpg,-0.3984615206718445
neg_bald_eagle_flying_bird_model,data\demo\train\video_fragmentation_preview\crop_0023.jpg,-0.1398288905620575
neg_bald_eagle_flying_bird_model,data\demo\train\video_fragmentation_preview\crop_0024.jpg,-0.41337263584136963
neg_bald_eagle_flying_bird_model,data\demo\train\video_fragmentation_preview\crop_0025.jpg,-0.2695327401161194
neg_bald_eagle_flying_bird_model,data\demo\train\video_fragmentation_preview\crop_0026.jpg,-0.18143287301063538
neg_bald_eagle_flying_bird_model,data\demo\train\video_fragmentation_preview\crop_0027.jpg,-0.3624230921268463
neg_bald_eagle_flying_bird_model,data\demo\train\video_fragmentation_preview\crop_0028.jpg,-0.4131019711494446
neg_bald_eagle_flying_bird_model,data\demo\train\video_fragmentation_preview\crop_0029.jpg,-0.25171414017677307
neg_bald_eagle_flying_bird_model,data\demo\train\video_fragmentation_preview\crop_0030.jpg,-0.2312171459197998
neg_bald_eagle_flying_bird_model,data\demo\train\video_fragmentation_preview\crop_0031.jpg,-0.3177163898944855
neg_bald_eagle_flying_bird_model,data\demo\train\video_fragmentation_preview\crop_0032.jpg,-0.22791001200675964
neg_bald_eagle_flying_bird_model,data\demo\train\video_fragmentation_preview\crop_0033.jpg,-0.19089539349079132
neg_bald_eagle_flying_bird_model,data\demo\train\video_fragmentation_preview\crop_0034.jpg,-0.17833946645259857
neg_bald_eagle_flying_bird_model,data\demo\train\video_fragmentation_preview\crop_0035.jpg,-0.13612857460975647
neg_bald_eagle_flying_bird_model,data\demo\train\video_fragmentation_preview\crop_0036.jpg,-0.3801325559616089
neg_bald_eagle_flying_bird_model,data\demo\train\video_fragmentation_preview\crop_0037.jpg,-0.22578826546669006
neg_bald_eagle_flying_bird_model,data\demo\train\video_fragmentation_preview\crop_0038.jpg,-0.2607974410057068
neg_bald_eagle_flying_bird_model,data\demo\train\video_fragmentation_preview\crop_0039.jpg,-0.3573412299156189
neg_bald_eagle_flying_bird_model,data\demo\train\video_fragmentation_preview\crop_0040.jpg,-0.37737858295440674
neg_bald_eagle_flying_bird_model,data\demo\train\video_fragmentation_preview\crop_0041.jpg,-0.19061881303787231
neg_bald_eagle_flying_bird_model,data\demo\train\video_fragmentation_preview\crop_0042.jpg,-0.25053784251213074
neg_bald_eagle_flying_bird_model,data\demo\train\video_fragmentation_preview\crop_0043.jpg,-0.2612727880477905
neg_bald_eagle_flying_bird_model,data\demo\train\video_fragmentation_preview\crop_0044.jpg,-0.27411511540412903
neg_bald_eagle_flying_bird_model,data\demo\train\video_fragmentation_preview\crop_0045.jpg,-0.3687516450881958
neg_bald_eagle_flying_bird_model,data\demo\train\video_fragmentation_preview\crop_0046.jpg,-0.31827136874198914
neg_bald_eagle_flying_bird_model,data\demo\train\video_fragmentation_preview\crop_0047.jpg,-0.21321630477905273
neg_bald_eagle_flying_bird_model,data\demo\train\video_fragmentation_preview\crop_0048.jpg,-0.22460013628005981
neg_bald_eagle_flying_bird_model,data\demo\train\video_fragmentation_preview\crop_0049.jpg,-0.2989014685153961
neg_bald_eagle_flying_bird_model,data\demo\train\video_fragmentation_preview\crop_0050.jpg,-0.07991671562194824
neg_bald_eagle_flying_bird_model,data\demo\train\video_fragmentation_preview\crop_0051.jpg,-0.31921523809432983
neg_bald_eagle_flying_bird_model,data\demo\train\video_fragmentation_preview\crop_0052.jpg,-0.29577136039733887
neg_bald_eagle_flying_bird_model,data\demo\train\video_fragmentation_preview\crop_0053.jpg,-0.3493502736091614
neg_bald_eagle_flying_bird_model,data\demo\train\video_fragmentation_preview\crop_0054.jpg,-0.277521550655365
neg_bald_eagle_flying_bird_model,data\demo\train\video_fragmentation_preview\crop_0055.jpg,-0.37979188561439514
neg_bald_eagle_flying_bird_model,data\demo\train\video_fragmentation_preview\crop_0056.jpg,-0.31989675760269165
neg_bald_eagle_flying_bird_model,data\demo\train\video_fragmentation_preview\crop_0057.jpg,-0.2499600499868393
neg_bald_eagle_flying_bird_model,data\demo\train\video_fragmentation_preview\crop_0058.jpg,-0.1653108447790146
neg_bald_eagle_flying_bird_model,data\demo\train\video_fragmentation_preview\crop_0059.jpg,-0.1794660985469818
neg_bald_eagle_flying_bird_model,data\demo\train\video_fragmentation_preview\crop_0060.jpg,-0.22125466167926788
neg_bald_eagle_flying_bird_model,data\demo\train\video_fragmentation_preview\crop_0061.jpg,-0.15235015749931335
neg_bald_eagle_flying_bird_model,data\demo\train\video_fragmentation_preview\crop_0062.jpg,-0.21110376715660095
neg_bald_eagle_flying_bird_model,data\demo\train\video_fragmentation_preview\crop_0063.jpg,-0.15805359184741974
neg_bald_eagle_flying_bird_model,data\demo\train\video_fragmentation_preview\crop_0064.jpg,0.03395384922623634
neg_bald_eagle_flying_bird_model,data\demo\train\video_fragmentation_preview\crop_0065.jpg,-0.09866493195295334
neg_bald_eagle_flying_bird_model,data\demo\train\video_fragmentation_preview\crop_0066.jpg,-0.2181587517261505
neg_bald_eagle_flying_bird_model,data\demo\train\video_fragmentation_preview\crop_0067.jpg,-0.21059435606002808
neg_bald_eagle_flying_bird_model,data\demo\train\video_fragmentation_preview\crop_0068.jpg,-0.37046128511428833
neg_bald_eagle_flying_bird_model,data\demo\train\video_fragmentation_preview\crop_0069.jpg,-0.24418365955352783
neg_bionic_dragonfly_four-axis_uav_aircraft,data\demo\train\video_fragmentation_preview\crop_0000.jpg,-0.1723867654800415
neg_bionic_dragonfly_four-axis_uav_aircraft,data\demo\train\video_fragmentation_preview\crop_0001.jpg,-0.08318780362606049
neg_bionic_dragonfly_four-axis_uav_aircraft,data\demo\train\video_fragmentation_preview\crop_0002.jpg,-0.1748756319284439
neg_bionic_dragonfly_four-axis_uav_aircraft,data\demo\train\video_fragmentation_preview\crop_0003.jpg,-0.2245229184627533
neg_bionic_dragonfly_four-axis_uav_aircraft,data\demo\train\video_fragmentation_preview\crop_0004.jpg,-0.15425468981266022
neg_bionic_dragonfly_four-axis_uav_aircraft,data\demo\train\video_fragmentation_preview\crop_0005.jpg,-0.03922279551625252
neg_bionic_dragonfly_four-axis_uav_aircraft,data\demo\train\video_fragmentation_preview\crop_0006.jpg,0.063280388712883
neg_bionic_dragonfly_four-axis_uav_aircraft,data\demo\train\video_fragmentation_preview\crop_0007.jpg,-0.12813831865787506
neg_bionic_dragonfly_four-axis_uav_aircraft,data\demo\train\video_fragmentation_preview\crop_0008.jpg,0.027725018560886383
neg_bionic_dragonfly_four-axis_uav_aircraft,data\demo\train\video_fragmentation_preview\crop_0009.jpg,0.012423388659954071
neg_bionic_dragonfly_four-axis_uav_aircraft,data\demo\train\video_fragmentation_preview\crop_0010.jpg,0.014240648597478867
neg_bionic_dragonfly_four-axis_uav_aircraft,data\demo\train\video_fragmentation_preview\crop_0011.jpg,0.1035955473780632
neg_bionic_dragonfly_four-axis_uav_aircraft,data\demo\train\video_fragmentation_preview\crop_0012.jpg,-0.13158346712589264
neg_bionic_dragonfly_four-axis_uav_aircraft,data\demo\train\video_fragmentation_preview\crop_0013.jpg,0.09578945487737656
neg_bionic_dragonfly_four-axis_uav_aircraft,data\demo\train\video_fragmentation_preview\crop_0014.jpg,-0.15780574083328247
neg_bionic_dragonfly_four-axis_uav_aircraft,data\demo\train\video_fragmentation_preview\crop_0015.jpg,-0.13487911224365234
neg_bionic_dragonfly_four-axis_uav_aircraft,data\demo\train\video_fragmentation_preview\crop_0016.jpg,0.2463081181049347
neg_bionic_dragonfly_four-axis_uav_aircraft,data\demo\train\video_fragmentation_preview\crop_0017.jpg,0.10255473852157593
neg_bionic_dragonfly_four-axis_uav_aircraft,data\demo\train\video_fragmentation_preview\crop_0018.jpg,0.09889417886734009
neg_bionic_dragonfly_four-axis_uav_aircraft,data\demo\train\video_fragmentation_preview\crop_0019.jpg,-0.03805259242653847
neg_bionic_dragonfly_four-axis_uav_aircraft,data\demo\train\video_fragmentation_preview\crop_0020.jpg,0.0671069324016571
neg_bionic_dragonfly_four-axis_uav_aircraft,data\demo\train\video_fragmentation_preview\crop_0021.jpg,0.055176958441734314
neg_bionic_dragonfly_four-axis_uav_aircraft,data\demo\train\video_fragmentation_preview\crop_0022.jpg,0.1358587145805359
neg_bionic_dragonfly_four-axis_uav_aircraft,data\demo\train\video_fragmentation_preview\crop_0023.jpg,0.05123269557952881
neg_bionic_dragonfly_four-axis_uav_aircraft,data\demo\train\video_fragmentation_preview\crop_0024.jpg,0.1606934368610382
neg_bionic_dragonfly_four-axis_uav_aircraft,data\demo\train\video_fragmentation_preview\crop_0025.jpg,0.20931264758110046
neg_bionic_dragonfly_four-axis_uav_aircraft,data\demo\train\video_fragmentation_preview\crop_0026.jpg,-0.002997182309627533
neg_bionic_dragonfly_four-axis_uav_aircraft,data\demo\train\video_fragmentation_preview\crop_0027.jpg,0.033967599272727966
neg_bionic_dragonfly_four-axis_uav_aircraft,data\demo\train\video_fragmentation_preview\crop_0028.jpg,0.07333405315876007
neg_bionic_dragonfly_four-axis_uav_aircraft,data\demo\train\video_fragmentation_preview\crop_0029.jpg,0.0023123249411582947
neg_bionic_dragonfly_four-axis_uav_aircraft,data\demo\train\video_fragmentation_preview\crop_0030.jpg,0.002422422170639038
neg_bionic_dragonfly_four-axis_uav_aircraft,data\demo\train\video_fragmentation_preview\crop_0031.jpg,0.1370762139558792
neg_bionic_dragonfly_four-axis_uav_aircraft,data\demo\train\video_fragmentation_preview\crop_0032.jpg,0.431262731552124
neg_bionic_dragonfly_four-axis_uav_aircraft,data\demo\train\video_fragmentation_preview\crop_0033.jpg,0.49573320150375366
neg_bionic_dragonfly_four-axis_uav_aircraft,data\demo\train\video_fragmentation_preview\crop_0034.jpg,0.4908358156681061
neg_bionic_dragonfly_four-axis_uav_aircraft,data\demo\train\video_fragmentation_preview\crop_0035.jpg,0.49353545904159546
neg_bionic_dragonfly_four-axis_uav_aircraft,data\demo\train\video_fragmentation_preview\crop_0036.jpg,0.528964638710022
neg_bionic_dragonfly_four-axis_uav_aircraft,data\demo\train\video_fragmentation_preview\crop_0037.jpg,0.5048431754112244
neg_bionic_dragonfly_four-axis_uav_aircraft,data\demo\train\video_fragmentation_preview\crop_0038.jpg,0.48825952410697937
neg_bionic_dragonfly_four-axis_uav_aircraft,data\demo\train\video_fragmentation_preview\crop_0039.jpg,0.4397660493850708
neg_bionic_dragonfly_four-axis_uav_aircraft,data\demo\train\video_fragmentation_preview\crop_0040.jpg,0.4267604947090149
neg_bionic_dragonfly_four-axis_uav_aircraft,data\demo\train\video_fragmentation_preview\crop_0041.jpg,0.34530889987945557
neg_bionic_dragonfly_four-axis_uav_aircraft,data\demo\train\video_fragmentation_preview\crop_0042.jpg,0.3570663034915924
neg_bionic_dragonfly_four-axis_uav_aircraft,data\demo\train\video_fragmentation_preview\crop_0043.jpg,0.23299768567085266
neg_bionic_dragonfly_four-axis_uav_aircraft,data\demo\train\video_fragmentation_preview\crop_0044.jpg,0.3231310546398163
neg_bionic_dragonfly_four-axis_uav_aircraft,data\demo\train\video_fragmentation_preview\crop_0045.jpg,0.3068954348564148
neg_bionic_dragonfly_four-axis_uav_aircraft,data\demo\train\video_fragmentation_preview\crop_0046.jpg,0.21932116150856018
neg_bionic_dragonfly_four-axis_uav_aircraft,data\demo\train\video_fragmentation_preview\crop_0047.jpg,0.23500080406665802
neg_bionic_dragonfly_four-axis_uav_aircraft,data\demo\train\video_fragmentation_preview\crop_0048.jpg,0.22134782373905182
neg_bionic_dragonfly_four-axis_uav_aircraft,data\demo\train\video_fragmentation_preview\crop_0049.jpg,0.46225684881210327
neg_bionic_dragonfly_four-axis_uav_aircraft,data\demo\train\video_fragmentation_preview\crop_0050.jpg,0.46130645275115967
neg_bionic_dragonfly_four-axis_uav_aircraft,data\demo\train\video_fragmentation_preview\crop_0051.jpg,0.555274248123169
neg_bionic_dragonfly_four-axis_uav_aircraft,data\demo\train\video_fragmentation_preview\crop_0052.jpg,0.3914223909378052
neg_bionic_dragonfly_four-axis_uav_aircraft,data\demo\train\video_fragmentation_preview\crop_0053.jpg,0.5607081651687622
neg_bionic_dragonfly_four-axis_uav_aircraft,data\demo\train\video_fragmentation_preview\crop_0054.jpg,0.4393238127231598
neg_bionic_dragonfly_four-axis_uav_aircraft,data\demo\train\video_fragmentation_preview\crop_0055.jpg,0.4665120840072632
neg_bionic_dragonfly_four-axis_uav_aircraft,data\demo\train\video_fragmentation_preview\crop_0056.jpg,0.6081197261810303
neg_bionic_dragonfly_four-axis_uav_aircraft,data\demo\train\video_fragmentation_preview\crop_0057.jpg,0.7125789523124695
neg_bionic_dragonfly_four-axis_uav_aircraft,data\demo\train\video_fragmentation_preview\crop_0058.jpg,0.6601128578186035
neg_bionic_dragonfly_four-axis_uav_aircraft,data\demo\train\video_fragmentation_preview\crop_0059.jpg,0.572439432144165
neg_bionic_dragonfly_four-axis_uav_aircraft,data\demo\train\video_fragmentation_preview\crop_0060.jpg,0.7093745470046997
neg_bionic_dragonfly_four-axis_uav_aircraft,data\demo\train\video_fragmentation_preview\crop_0061.jpg,0.5585715770721436
neg_bionic_dragonfly_four-axis_uav_aircraft,data\demo\train\video_fragmentation_preview\crop_0062.jpg,0.6159448623657227
neg_bionic_dragonfly_four-axis_uav_aircraft,data\demo\train\video_fragmentation_preview\crop_0063.jpg,0.7283306121826172
neg_bionic_dragonfly_four-axis_uav_aircraft,data\demo\train\video_fragmentation_preview\crop_0064.jpg,0.6525087952613831
neg_bionic_dragonfly_four-axis_uav_aircraft,data\demo\train\video_fragmentation_preview\crop_0065.jpg,0.7318254113197327
neg_bionic_dragonfly_four-axis_uav_aircraft,data\demo\train\video_fragmentation_preview\crop_0066.jpg,0.48436832427978516
neg_bionic_dragonfly_four-axis_uav_aircraft,data\demo\train\video_fragmentation_preview\crop_0067.jpg,0.5035895109176636
neg_bionic_dragonfly_four-axis_uav_aircraft,data\demo\train\video_fragmentation_preview\crop_0068.jpg,0.49771997332572937
neg_bionic_dragonfly_four-axis_uav_aircraft,data\demo\train\video_fragmentation_preview\crop_0069.jpg,0.48885494470596313
neg_cesna_airplane,data\demo\train\video_fragmentation_preview\crop_0000.jpg,-0.5795433521270752
neg_cesna_airplane,data\demo\train\video_fragmentation_preview\crop_0001.jpg,-0.7368491888046265
neg_cesna_airplane,data\demo\train\video_fragmentation_preview\crop_0002.jpg,-0.6815578937530518
neg_cesna_airplane,data\demo\train\video_fragmentation_preview\crop_0003.jpg,-0.5239291191101074
neg_cesna_airplane,data\demo\train\video_fragmentation_preview\crop_0004.jpg,-0.561825156211853
neg_cesna_airplane,data\demo\train\video_fragmentation_preview\crop_0005.jpg,-0.5305256843566895
neg_cesna_airplane,data\demo\train\video_fragmentation_preview\crop_0006.jpg,-0.488554984331131
neg_cesna_airplane,data\demo\train\video_fragmentation_preview\crop_0007.jpg,-0.5352765917778015
neg_cesna_airplane,data\demo\train\video_fragmentation_preview\crop_0008.jpg,-0.5587745904922485
neg_cesna_airplane,data\demo\train\video_fragmentation_preview\crop_0009.jpg,-0.5741347670555115
neg_cesna_airplane,data\demo\train\video_fragmentation_preview\crop_0010.jpg,-0.4990371763706207
neg_cesna_airplane,data\demo\train\video_fragmentation_preview\crop_0011.jpg,-0.4560474753379822
neg_cesna_airplane,data\demo\train\video_fragmentation_preview\crop_0012.jpg,-0.23872336745262146
neg_cesna_airplane,data\demo\train\video_fragmentation_preview\crop_0013.jpg,-0.28217145800590515
neg_cesna_airplane,data\demo\train\video_fragmentation_preview\crop_0014.jpg,-0.3585520088672638
neg_cesna_airplane,data\demo\train\video_fragmentation_preview\crop_0015.jpg,-0.1879267394542694
neg_cesna_airplane,data\demo\train\video_fragmentation_preview\crop_0016.jpg,0.05087874084711075
neg_cesna_airplane,data\demo\train\video_fragmentation_preview\crop_0017.jpg,0.16553828120231628
neg_cesna_airplane,data\demo\train\video_fragmentation_preview\crop_0018.jpg,-0.11626394093036652
neg_cesna_airplane,data\demo\train\video_fragmentation_preview\crop_0019.jpg,0.40709188580513
neg_cesna_airplane,data\demo\train\video_fragmentation_preview\crop_0020.jpg,0.42169713973999023
neg_cesna_airplane,data\demo\train\video_fragmentation_preview\crop_0021.jpg,0.036205217242240906
neg_cesna_airplane,data\demo\train\video_fragmentation_preview\crop_0022.jpg,0.04331672191619873
neg_cesna_airplane,data\demo\train\video_fragmentation_preview\crop_0023.jpg,0.40891584753990173
neg_cesna_airplane,data\demo\train\video_fragmentation_preview\crop_0024.jpg,0.07864347100257874
neg_cesna_airplane,data\demo\train\video_fragmentation_preview\crop_0025.jpg,0.3246381878852844
neg_cesna_airplane,data\demo\train\video_fragmentation_preview\crop_0026.jpg,0.28729939460754395
neg_cesna_airplane,data\demo\train\video_fragmentation_preview\crop_0027.jpg,0.0682545080780983
neg_cesna_airplane,data\demo\train\video_fragmentation_preview\crop_0028.jpg,0.017920292913913727
neg_cesna_airplane,data\demo\train\video_fragmentation_preview\crop_0029.jpg,0.24780046939849854
neg_cesna_airplane,data\demo\train\video_fragmentation_preview\crop_0030.jpg,0.19184009730815887
neg_cesna_airplane,data\demo\train\video_fragmentation_preview\crop_0031.jpg,0.11769218742847443
neg_cesna_airplane,data\demo\train\video_fragmentation_preview\crop_0032.jpg,-0.4994325041770935
neg_cesna_airplane,data\demo\train\video_fragmentation_preview\crop_0033.jpg,-0.41566482186317444
neg_cesna_airplane,data\demo\train\video_fragmentation_preview\crop_0034.jpg,-0.4338136911392212
neg_cesna_airplane,data\demo\train\video_fragmentation_preview\crop_0035.jpg,-0.3720940947532654
neg_cesna_airplane,data\demo\train\video_fragmentation_preview\crop_0036.jpg,-0.6518887281417847
neg_cesna_airplane,data\demo\train\video_fragmentation_preview\crop_0037.jpg,-0.49818795919418335
neg_cesna_airplane,data\demo\train\video_fragmentation_preview\crop_0038.jpg,-0.580473005771637
neg_cesna_airplane,data\demo\train\video_fragmentation_preview\crop_0039.jpg,-0.7090939283370972
neg_cesna_airplane,data\demo\train\video_fragmentation_preview\crop_0040.jpg,-0.717719554901123
neg_cesna_airplane,data\demo\train\video_fragmentation_preview\crop_0041.jpg,-0.6347883939743042
neg_cesna_airplane,data\demo\train\video_fragmentation_preview\crop_0042.jpg,-0.6773524284362793
neg_cesna_airplane,data\demo\train\video_fragmentation_preview\crop_0043.jpg,-0.7023428082466125
neg_cesna_airplane,data\demo\train\video_fragmentation_preview\crop_0044.jpg,-0.6473193168640137
neg_cesna_airplane,data\demo\train\video_fragmentation_preview\crop_0045.jpg,-0.7135633230209351
neg_cesna_airplane,data\demo\train\video_fragmentation_preview\crop_0046.jpg,-0.6948801875114441
neg_cesna_airplane,data\demo\train\video_fragmentation_preview\crop_0047.jpg,-0.5925679802894592
neg_cesna_airplane,data\demo\train\video_fragmentation_preview\crop_0048.jpg,-0.5659676790237427
neg_cesna_airplane,data\demo\train\video_fragmentation_preview\crop_0049.jpg,-0.5130329132080078
neg_cesna_airplane,data\demo\train\video_fragmentation_preview\crop_0050.jpg,-0.39909592270851135
neg_cesna_airplane,data\demo\train\video_fragmentation_preview\crop_0051.jpg,-0.5460846424102783
neg_cesna_airplane,data\demo\train\video_fragmentation_preview\crop_0052.jpg,-0.432643324136734
neg_cesna_airplane,data\demo\train\video_fragmentation_preview\crop_0053.jpg,-0.5242555737495422
neg_cesna_airplane,data\demo\train\video_fragmentation_preview\crop_0054.jpg,-0.5361515283584595
neg_cesna_airplane,data\demo\train\video_fragmentation_preview\crop_0055.jpg,-0.6003819108009338
neg_cesna_airplane,data\demo\train\video_fragmentation_preview\crop_0056.jpg,-0.3484179973602295
neg_cesna_airplane,data\demo\train\video_fragmentation_preview\crop_0057.jpg,-0.3504117727279663
neg_cesna_airplane,data\demo\train\video_fragmentation_preview\crop_0058.jpg,-0.2599712610244751
neg_cesna_airplane,data\demo\train\video_fragmentation_preview\crop_0059.jpg,-0.4389874041080475
neg_cesna_airplane,data\demo\train\video_fragmentation_preview\crop_0060.jpg,-0.4861845374107361
neg_cesna_airplane,data\demo\train\video_fragmentation_preview\crop_0061.jpg,-0.4780418872833252
neg_cesna_airplane,data\demo\train\video_fragmentation_preview\crop_0062.jpg,-0.48461416363716125
neg_cesna_airplane,data\demo\train\video_fragmentation_preview\crop_0063.jpg,-0.3022686541080475
neg_cesna_airplane,data\demo\train\video_fragmentation_preview\crop_0064.jpg,-0.2794622778892517
neg_cesna_airplane,data\demo\train\video_fragmentation_preview\crop_0065.jpg,-0.311427503824234
neg_cesna_airplane,data\demo\train\video_fragmentation_preview\crop_0066.jpg,-0.15167808532714844
neg_cesna_airplane,data\demo\train\video_fragmentation_preview\crop_0067.jpg,-0.11159699410200119
neg_cesna_airplane,data\demo\train\video_fragmentation_preview\crop_0068.jpg,-0.1990746408700943
neg_cesna_airplane,data\demo\train\video_fragmentation_preview\crop_0069.jpg,-0.12343230843544006
neg_kf-280_uav,data\demo\train\video_fragmentation_preview\crop_0000.jpg,0.2795960307121277
neg_kf-280_uav,data\demo\train\video_fragmentation_preview\crop_0001.jpg,0.2106521725654602
neg_kf-280_uav,data\demo\train\video_fragmentation_preview\crop_0002.jpg,0.23255077004432678
neg_kf-280_uav,data\demo\train\video_fragmentation_preview\crop_0003.jpg,0.36926111578941345
neg_kf-280_uav,data\demo\train\video_fragmentation_preview\crop_0004.jpg,0.2896817922592163
neg_kf-280_uav,data\demo\train\video_fragmentation_preview\crop_0005.jpg,0.016118090599775314
neg_kf-280_uav,data\demo\train\video_fragmentation_preview\crop_0006.jpg,0.015485208481550217
neg_kf-280_uav,data\demo\train\video_fragmentation_preview\crop_0007.jpg,0.17089861631393433
neg_kf-280_uav,data\demo\train\video_fragmentation_preview\crop_0008.jpg,0.10950140655040741
neg_kf-280_uav,data\demo\train\video_fragmentation_preview\crop_0009.jpg,0.4005448818206787
neg_kf-280_uav,data\demo\train\video_fragmentation_preview\crop_0010.jpg,0.27786964178085327
neg_kf-280_uav,data\demo\train\video_fragmentation_preview\crop_0011.jpg,0.18016627430915833
neg_kf-280_uav,data\demo\train\video_fragmentation_preview\crop_0012.jpg,0.4356919527053833
neg_kf-280_uav,data\demo\train\video_fragmentation_preview\crop_0013.jpg,0.4770582318305969
neg_kf-280_uav,data\demo\train\video_fragmentation_preview\crop_0014.jpg,0.6034181118011475
neg_kf-280_uav,data\demo\train\video_fragmentation_preview\crop_0015.jpg,0.6119545698165894
neg_kf-280_uav,data\demo\train\video_fragmentation_preview\crop_0016.jpg,0.5785872936248779
neg_kf-280_uav,data\demo\train\video_fragmentation_preview\crop_0017.jpg,0.44888150691986084
neg_kf-280_uav,data\demo\train\video_fragmentation_preview\crop_0018.jpg,0.33625566959381104
neg_kf-280_uav,data\demo\train\video_fragmentation_preview\crop_0019.jpg,0.38747668266296387
neg_kf-280_uav,data\demo\train\video_fragmentation_preview\crop_0020.jpg,0.4645204544067383
neg_kf-280_uav,data\demo\train\video_fragmentation_preview\crop_0021.jpg,0.5742355585098267
neg_kf-280_uav,data\demo\train\video_fragmentation_preview\crop_0022.jpg,0.5613449811935425
neg_kf-280_uav,data\demo\train\video_fragmentation_preview\crop_0023.jpg,0.6238805651664734
neg_kf-280_uav,data\demo\train\video_fragmentation_preview\crop_0024.jpg,0.33009862899780273
neg_kf-280_uav,data\demo\train\video_fragmentation_preview\crop_0025.jpg,0.319557785987854
neg_kf-280_uav,data\demo\train\video_fragmentation_preview\crop_0026.jpg,0.7128764390945435
neg_kf-280_uav,data\demo\train\video_fragmentation_preview\crop_0027.jpg,0.6740880012512207
neg_kf-280_uav,data\demo\train\video_fragmentation_preview\crop_0028.jpg,0.6017746925354004
neg_kf-280_uav,data\demo\train\video_fragmentation_preview\crop_0029.jpg,0.6689803004264832
neg_kf-280_uav,data\demo\train\video_fragmentation_preview\crop_0030.jpg,0.7748515605926514
neg_kf-280_uav,data\demo\train\video_fragmentation_preview\crop_0031.jpg,0.49216243624687195
neg_kf-280_uav,data\demo\train\video_fragmentation_preview\crop_0032.jpg,-0.3668590188026428
neg_kf-280_uav,data\demo\train\video_fragmentation_preview\crop_0033.jpg,-0.2217564731836319
neg_kf-280_uav,data\demo\train\video_fragmentation_preview\crop_0034.jpg,-0.3094732165336609
neg_kf-280_uav,data\demo\train\video_fragmentation_preview\crop_0035.jpg,-0.34436267614364624
neg_kf-280_uav,data\demo\train\video_fragmentation_preview\crop_0036.jpg,-0.4239656925201416
neg_kf-280_uav,data\demo\train\video_fragmentation_preview\crop_0037.jpg,-0.3795768618583679
neg_kf-280_uav,data\demo\train\video_fragmentation_preview\crop_0038.jpg,-0.31738895177841187
neg_kf-280_uav,data\demo\train\video_fragmentation_preview\crop_0039.jpg,-0.47274652123451233
neg_kf-280_uav,data\demo\train\video_fragmentation_preview\crop_0040.jpg,-0.3210454285144806
neg_kf-280_uav,data\demo\train\video_fragmentation_preview\crop_0041.jpg,-0.5724992156028748
neg_kf-280_uav,data\demo\train\video_fragmentation_preview\crop_0042.jpg,-0.5122237801551819
neg_kf-280_uav,data\demo\train\video_fragmentation_preview\crop_0043.jpg,-0.5249643325805664
neg_kf-280_uav,data\demo\train\video_fragmentation_preview\crop_0044.jpg,-0.5799528360366821
neg_kf-280_uav,data\demo\train\video_fragmentation_preview\crop_0045.jpg,-0.5621668696403503
neg_kf-280_uav,data\demo\train\video_fragmentation_preview\crop_0046.jpg,-0.6691535711288452
neg_kf-280_uav,data\demo\train\video_fragmentation_preview\crop_0047.jpg,-0.6835649013519287
neg_kf-280_uav,data\demo\train\video_fragmentation_preview\crop_0048.jpg,-0.585211992263794
neg_kf-280_uav,data\demo\train\video_fragmentation_preview\crop_0049.jpg,-0.6894468665122986
neg_kf-280_uav,data\demo\train\video_fragmentation_preview\crop_0050.jpg,-0.7032005786895752
neg_kf-280_uav,data\demo\train\video_fragmentation_preview\crop_0051.jpg,-0.6501272916793823
neg_kf-280_uav,data\demo\train\video_fragmentation_preview\crop_0052.jpg,-0.6498590707778931
neg_kf-280_uav,data\demo\train\video_fragmentation_preview\crop_0053.jpg,-0.6384785175323486
neg_kf-280_uav,data\demo\train\video_fragmentation_preview\crop_0054.jpg,-0.6719255447387695
neg_kf-280_uav,data\demo\train\video_fragmentation_preview\crop_0055.jpg,-0.45814958214759827
neg_kf-280_uav,data\demo\train\video_fragmentation_preview\crop_0056.jpg,-0.5256147384643555
neg_kf-280_uav,data\demo\train\video_fragmentation_preview\crop_0057.jpg,-0.4871743321418762
neg_kf-280_uav,data\demo\train\video_fragmentation_preview\crop_0058.jpg,-0.4173579216003418
neg_kf-280_uav,data\demo\train\video_fragmentation_preview\crop_0059.jpg,-0.40713703632354736
neg_kf-280_uav,data\demo\train\video_fragmentation_preview\crop_0060.jpg,-0.33048415184020996
neg_kf-280_uav,data\demo\train\video_fragmentation_preview\crop_0061.jpg,-0.31100994348526
neg_kf-280_uav,data\demo\train\video_fragmentation_preview\crop_0062.jpg,-0.40669143199920654
neg_kf-280_uav,data\demo\train\video_fragmentation_preview\crop_0063.jpg,-0.21602971851825714
neg_kf-280_uav,data\demo\train\video_fragmentation_preview\crop_0064.jpg,-0.2903566062450409
neg_kf-280_uav,data\demo\train\video_fragmentation_preview\crop_0065.jpg,-0.22134356200695038
neg_kf-280_uav,data\demo\train\video_fragmentation_preview\crop_0066.jpg,0.0012528598308563232
neg_kf-280_uav,data\demo\train\video_fragmentation_preview\crop_0067.jpg,0.12567773461341858
neg_kf-280_uav,data\demo\train\video_fragmentation_preview\crop_0068.jpg,0.10466377437114716
neg_kf-280_uav,data\demo\train\video_fragmentation_preview\crop_0069.jpg,0.13617181777954102
neg_md-500_defender_helicopter,data\demo\train\video_fragmentation_preview\crop_0000.jpg,0.0922437310218811
neg_md-500_defender_helicopter,data\demo\train\video_fragmentation_preview\crop_0001.jpg,-0.14147566258907318
neg_md-500_defender_helicopter,data\demo\train\video_fragmentation_preview\crop_0002.jpg,-0.2619333565235138
neg_md-500_defender_helicopter,data\demo\train\video_fragmentation_preview\crop_0003.jpg,-0.17592188715934753
neg_md-500_defender_helicopter,data\demo\train\video_fragmentation_preview\crop_0004.jpg,-0.12676548957824707
neg_md-500_defender_helicopter,data\demo\train\video_fragmentation_preview\crop_0005.jpg,-0.3081423044204712
neg_md-500_defender_helicopter,data\demo\train\video_fragmentation_preview\crop_0006.jpg,-0.3046283721923828
neg_md-500_defender_helicopter,data\demo\train\video_fragmentation_preview\crop_0007.jpg,-0.1536133885383606
neg_md-500_defender_helicopter,data\demo\train\video_fragmentation_preview\crop_0008.jpg,-0.2699243724346161
neg_md-500_defender_helicopter,data\demo\train\video_fragmentation_preview\crop_0009.jpg,-0.22200056910514832
neg_md-500_defender_helicopter,data\demo\train\video_fragmentation_preview\crop_0010.jpg,-0.34704798460006714
neg_md-500_defender_helicopter,data\demo\train\video_fragmentation_preview\crop_0011.jpg,-0.4193841218948364
neg_md-500_defender_helicopter,data\demo\train\video_fragmentation_preview\crop_0012.jpg,-0.20557528734207153
neg_md-500_defender_helicopter,data\demo\train\video_fragmentation_preview\crop_0013.jpg,-0.23850886523723602
neg_md-500_defender_helicopter,data\demo\train\video_fragmentation_preview\crop_0014.jpg,-0.25800561904907227
neg_md-500_defender_helicopter,data\demo\train\video_fragmentation_preview\crop_0015.jpg,-0.19944508373737335
neg_md-500_defender_helicopter,data\demo\train\video_fragmentation_preview\crop_0016.jpg,-0.1784335821866989
neg_md-500_defender_helicopter,data\demo\train\video_fragmentation_preview\crop_0017.jpg,-0.43261033296585083
neg_md-500_defender_helicopter,data\demo\train\video_fragmentation_preview\crop_0018.jpg,-0.5671617388725281
neg_md-500_defender_helicopter,data\demo\train\video_fragmentation_preview\crop_0019.jpg,-0.3207518458366394
neg_md-500_defender_helicopter,data\demo\train\video_fragmentation_preview\crop_0020.jpg,-0.20674368739128113
neg_md-500_defender_helicopter,data\demo\train\video_fragmentation_preview\crop_0021.jpg,-0.02330818772315979
neg_md-500_defender_helicopter,data\demo\train\video_fragmentation_preview\crop_0022.jpg,0.027630867436528206
neg_md-500_defender_helicopter,data\demo\train\video_fragmentation_preview\crop_0023.jpg,-0.11830738186836243
neg_md-500_defender_helicopter,data\demo\train\video_fragmentation_preview\crop_0024.jpg,0.2682337462902069
neg_md-500_defender_helicopter,data\demo\train\video_fragmentation_preview\crop_0025.jpg,0.2013539969921112
neg_md-500_defender_helicopter,data\demo\train\video_fragmentation_preview\crop_0026.jpg,0.05245653912425041
neg_md-500_defender_helicopter,data\demo\train\video_fragmentation_preview\crop_0027.jpg,0.035863228142261505
neg_md-500_defender_helicopter,data\demo\train\video_fragmentation_preview\crop_0028.jpg,0.12184169143438339
neg_md-500_defender_helicopter,data\demo\train\video_fragmentation_preview\crop_0029.jpg,0.024894114583730698
neg_md-500_defender_helicopter,data\demo\train\video_fragmentation_preview\crop_0030.jpg,-0.04121175408363342
neg_md-500_defender_helicopter,data\demo\train\video_fragmentation_preview\crop_0031.jpg,0.348235547542572
neg_md-500_defender_helicopter,data\demo\train\video_fragmentation_preview\crop_0032.jpg,0.409635454416275
neg_md-500_defender_helicopter,data\demo\train\video_fragmentation_preview\crop_0033.jpg,0.44198107719421387
neg_md-500_defender_helicopter,data\demo\train\video_fragmentation_preview\crop_0034.jpg,0.44112035632133484
neg_md-500_defender_helicopter,data\demo\train\video_fragmentation_preview\crop_0035.jpg,0.38773036003112793
neg_md-500_defender_helicopter,data\demo\train\video_fragmentation_preview\crop_0036.jpg,0.125465527176857
neg_md-500_defender_helicopter,data\demo\train\video_fragmentation_preview\crop_0037.jpg,0.4020272493362427
neg_md-500_defender_helicopter,data\demo\train\video_fragmentation_preview\crop_0038.jpg,0.3591954708099365
neg_md-500_defender_helicopter,data\demo\train\video_fragmentation_preview\crop_0039.jpg,0.43774181604385376
neg_md-500_defender_helicopter,data\demo\train\video_fragmentation_preview\crop_0040.jpg,0.40417081117630005
neg_md-500_defender_helicopter,data\demo\train\video_fragmentation_preview\crop_0041.jpg,0.3661969304084778
neg_md-500_defender_helicopter,data\demo\train\video_fragmentation_preview\crop_0042.jpg,0.2591363191604614
neg_md-500_defender_helicopter,data\demo\train\video_fragmentation_preview\crop_0043.jpg,0.3504412770271301
neg_md-500_defender_helicopter,data\demo\train\video_fragmentation_preview\crop_0044.jpg,0.4841410219669342
neg_md-500_defender_helicopter,data\demo\train\video_fragmentation_preview\crop_0045.jpg,0.3855029344558716
neg_md-500_defender_helicopter,data\demo\train\video_fragmentation_preview\crop_0046.jpg,0.3694274425506592
neg_md-500_defender_helicopter,data\demo\train\video_fragmentation_preview\crop_0047.jpg,0.4193210303783417
neg_md-500_defender_helicopter,data\demo\train\video_fragmentation_preview\crop_0048.jpg,0.40993279218673706
neg_md-500_defender_helicopter,data\demo\train\video_fragmentation_preview\crop_0049.jpg,0.46551185846328735
neg_md-500_defender_helicopter,data\demo\train\video_fragmentation_preview\crop_0050.jpg,0.3124336004257202
neg_md-500_defender_helicopter,data\demo\train\video_fragmentation_preview\crop_0051.jpg,0.261057049036026
neg_md-500_defender_helicopter,data\demo\train\video_fragmentation_preview\crop_0052.jpg,0.44324707984924316
neg_md-500_defender_helicopter,data\demo\train\video_fragmentation_preview\crop_0053.jpg,0.2852834165096283
neg_md-500_defender_helicopter,data\demo\train\video_fragmentation_preview\crop_0054.jpg,0.4935513138771057
neg_md-500_defender_helicopter,data\demo\train\video_fragmentation_preview\crop_0055.jpg,0.48702287673950195
neg_md-500_defender_helicopter,data\demo\train\video_fragmentation_preview\crop_0056.jpg,0.5288724303245544
neg_md-500_defender_helicopter,data\demo\train\video_fragmentation_preview\crop_0057.jpg,0.5163614749908447
neg_md-500_defender_helicopter,data\demo\train\video_fragmentation_preview\crop_0058.jpg,0.26049694418907166
neg_md-500_defender_helicopter,data\demo\train\video_fragmentation_preview\crop_0059.jpg,0.32206615805625916
neg_md-500_defender_helicopter,data\demo\train\video_fragmentation_preview\crop_0060.jpg,0.35172951221466064
neg_md-500_defender_helicopter,data\demo\train\video_fragmentation_preview\crop_0061.jpg,0.02025512605905533
neg_md-500_defender_helicopter,data\demo\train\video_fragmentation_preview\crop_0062.jpg,0.08373899757862091
neg_md-500_defender_helicopter,data\demo\train\video_fragmentation_preview\crop_0063.jpg,0.35167551040649414
neg_md-500_defender_helicopter,data\demo\train\video_fragmentation_preview\crop_0064.jpg,0.14825201034545898
neg_md-500_defender_helicopter,data\demo\train\video_fragmentation_preview\crop_0065.jpg,0.16255447268486023
neg_md-500_defender_helicopter,data\demo\train\video_fragmentation_preview\crop_0066.jpg,0.054615505039691925
neg_md-500_defender_helicopter,data\demo\train\video_fragmentation_preview\crop_0067.jpg,0.018436085432767868
neg_md-500_defender_helicopter,data\demo\train\video_fragmentation_preview\crop_0068.jpg,0.050476811826229095
neg_md-500_defender_helicopter,data\demo\train\video_fragmentation_preview\crop_0069.jpg,0.04475010931491852
neg_pigeon_in_flight,data\demo\train\video_fragmentation_preview\crop_0000.jpg,-0.09515704214572906
neg_pigeon_in_flight,data\demo\train\video_fragmentation_preview\crop_0001.jpg,-0.3595077395439148
neg_pigeon_in_flight,data\demo\train\video_fragmentation_preview\crop_0002.jpg,-0.28151190280914307
neg_pigeon_in_flight,data\demo\train\video_fragmentation_preview\crop_0003.jpg,-0.122468501329422
neg_pigeon_in_flight,data\demo\train\video_fragmentation_preview\crop_0004.jpg,-0.2278202325105667
neg_pigeon_in_flight,data\demo\train\video_fragmentation_preview\crop_0005.jpg,-0.42773038148880005
neg_pigeon_in_flight,data\demo\train\video_fragmentation_preview\crop_0006.jpg,-0.4396262764930725
neg_pigeon_in_flight,data\demo\train\video_fragmentation_preview\crop_0007.jpg,-0.20460031926631927
neg_pigeon_in_flight,data\demo\train\video_fragmentation_preview\crop_0008.jpg,-0.41172313690185547
neg_pigeon_in_flight,data\demo\train\video_fragmentation_preview\crop_0009.jpg,-0.4616662859916687
neg_pigeon_in_flight,data\demo\train\video_fragmentation_preview\crop_0010.jpg,-0.453865647315979
neg_pigeon_in_flight,data\demo\train\video_fragmentation_preview\crop_0011.jpg,-0.5637392997741699
neg_pigeon_in_flight,data\demo\train\video_fragmentation_preview\crop_0012.jpg,-0.2611142694950104
neg_pigeon_in_flight,data\demo\train\video_fragmentation_preview\crop_0013.jpg,-0.4507010281085968
neg_pigeon_in_flight,data\demo\train\video_fragmentation_preview\crop_0014.jpg,-0.26216262578964233
neg_pigeon_in_flight,data\demo\train\video_fragmentation_preview\crop_0015.jpg,-0.2178332805633545
neg_pigeon_in_flight,data\demo\train\video_fragmentation_preview\crop_0016.jpg,-0.2341328263282776
neg_pigeon_in_flight,data\demo\train\video_fragmentation_preview\crop_0017.jpg,-0.18359392881393433
neg_pigeon_in_flight,data\demo\train\video_fragmentation_preview\crop_0018.jpg,-0.5244365930557251
neg_pigeon_in_flight,data\demo\train\video_fragmentation_preview\crop_0019.jpg,-0.13022300601005554
neg_pigeon_in_flight,data\demo\train\video_fragmentation_preview\crop_0020.jpg,-0.09412579238414764
neg_pigeon_in_flight,data\demo\train\video_fragmentation_preview\crop_0021.jpg,-0.1944310963153839
neg_pigeon_in_flight,data\demo\train\video_fragmentation_preview\crop_0022.jpg,-0.17853125929832458
neg_pigeon_in_flight,data\demo\train\video_fragmentation_preview\crop_0023.jpg,0.03389611467719078
neg_pigeon_in_flight,data\demo\train\video_fragmentation_preview\crop_0024.jpg,-0.031079715117812157
neg_pigeon_in_flight,data\demo\train\video_fragmentation_preview\crop_0025.jpg,-0.01776295155286789
neg_pigeon_in_flight,data\demo\train\video_fragmentation_preview\crop_0026.jpg,0.20088505744934082
neg_pigeon_in_flight,data\demo\train\video_fragmentation_preview\crop_0027.jpg,-0.014692333526909351
neg_pigeon_in_flight,data\demo\train\video_fragmentation_preview\crop_0028.jpg,-0.0267889853566885
neg_pigeon_in_flight,data\demo\train\video_fragmentation_preview\crop_0029.jpg,0.07846997678279877
neg_pigeon_in_flight,data\demo\train\video_fragmentation_preview\crop_0030.jpg,0.10156518220901489
neg_pigeon_in_flight,data\demo\train\video_fragmentation_preview\crop_0031.jpg,0.13450758159160614
neg_pigeon_in_flight,data\demo\train\video_fragmentation_preview\crop_0032.jpg,-0.16812333464622498
neg_pigeon_in_flight,data\demo\train\video_fragmentation_preview\crop_0033.jpg,-0.13231003284454346
neg_pigeon_in_flight,data\demo\train\video_fragmentation_preview\crop_0034.jpg,-0.12966932356357574
neg_pigeon_in_flight,data\demo\train\video_fragmentation_preview\crop_0035.jpg,-0.13925430178642273
neg_pigeon_in_flight,data\demo\train\video_fragmentation_preview\crop_0036.jpg,-0.5055618286132812
neg_pigeon_in_flight,data\demo\train\video_fragmentation_preview\crop_0037.jpg,-0.2443440705537796
neg_pigeon_in_flight,data\demo\train\video_fragmentation_preview\crop_0038.jpg,-0.23582085967063904
neg_pigeon_in_flight,data\demo\train\video_fragmentation_preview\crop_0039.jpg,-0.33477863669395447
neg_pigeon_in_flight,data\demo\train\video_fragmentation_preview\crop_0040.jpg,-0.30176275968551636
neg_pigeon_in_flight,data\demo\train\video_fragmentation_preview\crop_0041.jpg,-0.26122888922691345
neg_pigeon_in_flight,data\demo\train\video_fragmentation_preview\crop_0042.jpg,-0.338321328163147
neg_pigeon_in_flight,data\demo\train\video_fragmentation_preview\crop_0043.jpg,-0.24461431801319122
neg_pigeon_in_flight,data\demo\train\video_fragmentation_preview\crop_0044.jpg,-0.24715769290924072
neg_pigeon_in_flight,data\demo\train\video_fragmentation_preview\crop_0045.jpg,-0.3524627089500427
neg_pigeon_in_flight,data\demo\train\video_fragmentation_preview\crop_0046.jpg,-0.3326375484466553
neg_pigeon_in_flight,data\demo\train\video_fragmentation_preview\crop_0047.jpg,-0.2505049705505371
neg_pigeon_in_flight,data\demo\train\video_fragmentation_preview\crop_0048.jpg,-0.20212700963020325
neg_pigeon_in_flight,data\demo\train\video_fragmentation_preview\crop_0049.jpg,-0.36352401971817017
neg_pigeon_in_flight,data\demo\train\video_fragmentation_preview\crop_0050.jpg,-0.3143174648284912
neg_pigeon_in_flight,data\demo\train\video_fragmentation_preview\crop_0051.jpg,-0.5077428221702576
neg_pigeon_in_flight,data\demo\train\video_fragmentation_preview\crop_0052.jpg,-0.30297476053237915
neg_pigeon_in_flight,data\demo\train\video_fragmentation_preview\crop_0053.jpg,-0.46885737776756287
neg_pigeon_in_flight,data\demo\train\video_fragmentation_preview\crop_0054.jpg,-0.28869742155075073
neg_pigeon_in_flight,data\demo\train\video_fragmentation_preview\crop_0055.jpg,-0.31117022037506104
neg_pigeon_in_flight,data\demo\train\video_fragmentation_preview\crop_0056.jpg,-0.276999831199646
neg_pigeon_in_flight,data\demo\train\video_fragmentation_preview\crop_0057.jpg,-0.22912785410881042
neg_pigeon_in_flight,data\demo\train\video_fragmentation_preview\crop_0058.jpg,-0.25849100947380066
neg_pigeon_in_flight,data\demo\train\video_fragmentation_preview\crop_0059.jpg,-0.2062879502773285
neg_pigeon_in_flight,data\demo\train\video_fragmentation_preview\crop_0060.jpg,-0.3131469488143921
neg_pigeon_in_flight,data\demo\train\video_fragmentation_preview\crop_0061.jpg,-0.3686745762825012
neg_pigeon_in_flight,data\demo\train\video_fragmentation_preview\crop_0062.jpg,-0.43364840745925903
neg_pigeon_in_flight,data\demo\train\video_fragmentation_preview\crop_0063.jpg,-0.16030557453632355
neg_pigeon_in_flight,data\demo\train\video_fragmentation_preview\crop_0064.jpg,-0.2042124718427658
neg_pigeon_in_flight,data\demo\train\video_fragmentation_preview\crop_0065.jpg,-0.2936859130859375
neg_pigeon_in_flight,data\demo\train\video_fragmentation_preview\crop_0066.jpg,-0.15679161250591278
neg_pigeon_in_flight,data\demo\train\video_fragmentation_preview\crop_0067.jpg,-0.1563764214515686
neg_pigeon_in_flight,data\demo\train\video_fragmentation_preview\crop_0068.jpg,-0.23154902458190918
neg_pigeon_in_flight,data\demo\train\video_fragmentation_preview\crop_0069.jpg,-0.14267662167549133
neg_real4,data\demo\train\video_fragmentation_preview\crop_0000.jpg,-0.01300320029258728
neg_real4,data\demo\train\video_fragmentation_preview\crop_0001.jpg,0.004636760801076889
neg_real4,data\demo\train\video_fragmentation_preview\crop_0002.jpg,-0.018174398690462112
neg_real4,data\demo\train\video_fragmentation_preview\crop_0003.jpg,0.04981645196676254
neg_real4,data\demo\train\video_fragmentation_preview\crop_0004.jpg,0.051964908838272095
neg_real4,data\demo\train\video_fragmentation_preview\crop_0005.jpg,0.10414303839206696
neg_real4,data\demo\train\video_fragmentation_preview\crop_0006.jpg,0.10383105278015137
neg_real4,data\demo\train\video_fragmentation_preview\crop_0007.jpg,0.1793704330921173
neg_real4,data\demo\train\video_fragmentation_preview\crop_0008.jpg,0.17723190784454346
neg_real4,data\demo\train\video_fragmentation_preview\crop_0009.jpg,-0.028743047267198563
neg_real4,data\demo\train\video_fragmentation_preview\crop_0010.jpg,0.17931903898715973
neg_real4,data\demo\train\video_fragmentation_preview\crop_0011.jpg,0.16560089588165283
neg_real4,data\demo\train\video_fragmentation_preview\crop_0012.jpg,0.3515516519546509
neg_real4,data\demo\train\video_fragmentation_preview\crop_0013.jpg,0.14914323389530182
neg_real4,data\demo\train\video_fragmentation_preview\crop_0014.jpg,0.09913752973079681
neg_real4,data\demo\train\video_fragmentation_preview\crop_0015.jpg,0.15357360243797302
neg_real4,data\demo\train\video_fragmentation_preview\crop_0016.jpg,0.2881525158882141
neg_real4,data\demo\train\video_fragmentation_preview\crop_0017.jpg,0.39583852887153625
neg_real4,data\demo\train\video_fragmentation_preview\crop_0018.jpg,-0.02246301993727684
neg_real4,data\demo\train\video_fragmentation_preview\crop_0019.jpg,0.1768268197774887
neg_real4,data\demo\train\video_fragmentation_preview\crop_0020.jpg,0.3586973547935486
neg_real4,data\demo\train\video_fragmentation_preview\crop_0021.jpg,0.033401377499103546
neg_real4,data\demo\train\video_fragmentation_preview\crop_0022.jpg,-0.06016983836889267
neg_real4,data\demo\train\video_fragmentation_preview\crop_0023.jpg,0.27620676159858704
neg_real4,data\demo\train\video_fragmentation_preview\crop_0024.jpg,0.13980095088481903
neg_real4,data\demo\train\video_fragmentation_preview\crop_0025.jpg,0.24420836567878723
neg_real4,data\demo\train\video_fragmentation_preview\crop_0026.jpg,0.2899964153766632
neg_real4,data\demo\train\video_fragmentation_preview\crop_0027.jpg,0.053777821362018585
neg_real4,data\demo\train\video_fragmentation_preview\crop_0028.jpg,0.07789771258831024
neg_real4,data\demo\train\video_fragmentation_preview\crop_0029.jpg,0.1823698878288269
neg_real4,data\demo\train\video_fragmentation_preview\crop_0030.jpg,0.1910359412431717
neg_real4,data\demo\train\video_fragmentation_preview\crop_0031.jpg,0.22569896280765533
neg_real4,data\demo\train\video_fragmentation_preview\crop_0032.jpg,0.10845178365707397
neg_real4,data\demo\train\video_fragmentation_preview\crop_0033.jpg,-0.009433619678020477
neg_real4,data\demo\train\video_fragmentation_preview\crop_0034.jpg,0.22461511194705963
neg_real4,data\demo\train\video_fragmentation_preview\crop_0035.jpg,0.13648869097232819
neg_real4,data\demo\train\video_fragmentation_preview\crop_0036.jpg,0.027339324355125427
neg_real4,data\demo\train\video_fragmentation_preview\crop_0037.jpg,0.026354964822530746
neg_real4,data\demo\train\video_fragmentation_preview\crop_0038.jpg,0.05144340172410011
neg_real4,data\demo\train\video_fragmentation_preview\crop_0039.jpg,-0.16203312575817108
neg_real4,data\demo\train\video_fragmentation_preview\crop_0040.jpg,-0.122761569917202
neg_real4,data\demo\train\video_fragmentation_preview\crop_0041.jpg,-0.15349678695201874
neg_real4,data\demo\train\video_fragmentation_preview\crop_0042.jpg,-0.06089287996292114
neg_real4,data\demo\train\video_fragmentation_preview\crop_0043.jpg,-0.1337188333272934
neg_real4,data\demo\train\video_fragmentation_preview\crop_0044.jpg,-0.14961083233356476
neg_real4,data\demo\train\video_fragmentation_preview\crop_0045.jpg,-0.11356055736541748
neg_real4,data\demo\train\video_fragmentation_preview\crop_0046.jpg,-0.1767929196357727
neg_real4,data\demo\train\video_fragmentation_preview\crop_0047.jpg,-0.0940229594707489
neg_real4,data\demo\train\video_fragmentation_preview\crop_0048.jpg,-0.034623969346284866
neg_real4,data\demo\train\video_fragmentation_preview\crop_0049.jpg,-0.0898609608411789
neg_real4,data\demo\train\video_fragmentation_preview\crop_0050.jpg,-0.03547872602939606
neg_real4,data\demo\train\video_fragmentation_preview\crop_0051.jpg,-0.018340595066547394
neg_real4,data\demo\train\video_fragmentation_preview\crop_0052.jpg,0.0819101631641388
neg_real4,data\demo\train\video_fragmentation_preview\crop_0053.jpg,0.06876223534345627
neg_real4,data\demo\train\video_fragmentation_preview\crop_0054.jpg,0.043037667870521545
neg_real4,data\demo\train\video_fragmentation_preview\crop_0055.jpg,0.00011194497346878052
neg_real4,data\demo\train\video_fragmentation_preview\crop_0056.jpg,0.0921834409236908
neg_real4,data\demo\train\video_fragmentation_preview\crop_0057.jpg,0.29831480979919434
neg_real4,data\demo\train\video_fragmentation_preview\crop_0058.jpg,0.3917786777019501
neg_real4,data\demo\train\video_fragmentation_preview\crop_0059.jpg,0.29326194524765015
neg_real4,data\demo\train\video_fragmentation_preview\crop_0060.jpg,0.0378500372171402
neg_real4,data\demo\train\video_fragmentation_preview\crop_0061.jpg,0.13928824663162231
neg_real4,data\demo\train\video_fragmentation_preview\crop_0062.jpg,0.08145944029092789
neg_real4,data\demo\train\video_fragmentation_preview\crop_0063.jpg,0.3319731652736664
neg_real4,data\demo\train\video_fragmentation_preview\crop_0064.jpg,0.173814058303833
neg_real4,data\demo\train\video_fragmentation_preview\crop_0065.jpg,0.1657935380935669
neg_real4,data\demo\train\video_fragmentation_preview\crop_0066.jpg,0.6402885913848877
neg_real4,data\demo\train\video_fragmentation_preview\crop_0067.jpg,0.6349316835403442
neg_real4,data\demo\train\video_fragmentation_preview\crop_0068.jpg,0.5397376418113708
neg_real4,data\demo\train\video_fragmentation_preview\crop_0069.jpg,0.6228671073913574
neg_seagul_v2,data\demo\train\video_fragmentation_preview\crop_0000.jpg,-6.948970258235931e-05
neg_seagul_v2,data\demo\train\video_fragmentation_preview\crop_0001.jpg,-0.1924562007188797
neg_seagul_v2,data\demo\train\video_fragmentation_preview\crop_0002.jpg,-0.13160312175750732
neg_seagul_v2,data\demo\train\video_fragmentation_preview\crop_0003.jpg,-0.08960704505443573
neg_seagul_v2,data\demo\train\video_fragmentation_preview\crop_0004.jpg,-0.2000122368335724
neg_seagul_v2,data\demo\train\video_fragmentation_preview\crop_0005.jpg,-0.43177902698516846
neg_seagul_v2,data\demo\train\video_fragmentation_preview\crop_0006.jpg,-0.488762229681015
neg_seagul_v2,data\demo\train\video_fragmentation_preview\crop_0007.jpg,-0.22114747762680054
neg_seagul_v2,data\demo\train\video_fragmentation_preview\crop_0008.jpg,-0.38167911767959595
neg_seagul_v2,data\demo\train\video_fragmentation_preview\crop_0009.jpg,-0.3646838665008545
neg_seagul_v2,data\demo\train\video_fragmentation_preview\crop_0010.jpg,-0.4385000765323639
neg_seagul_v2,data\demo\train\video_fragmentation_preview\crop_0011.jpg,-0.5588217973709106
neg_seagul_v2,data\demo\train\video_fragmentation_preview\crop_0012.jpg,-0.336406946182251
neg_seagul_v2,data\demo\train\video_fragmentation_preview\crop_0013.jpg,-0.5158984661102295
neg_seagul_v2,data\demo\train\video_fragmentation_preview\crop_0014.jpg,-0.17168094217777252
neg_seagul_v2,data\demo\train\video_fragmentation_preview\crop_0015.jpg,-0.16047754883766174
neg_seagul_v2,data\demo\train\video_fragmentation_preview\crop_0016.jpg,-0.3614255487918854
neg_seagul_v2,data\demo\train\video_fragmentation_preview\crop_0017.jpg,-0.2751176953315735
neg_seagul_v2,data\demo\train\video_fragmentation_preview\crop_0018.jpg,-0.5292306542396545
neg_seagul_v2,data\demo\train\video_fragmentation_preview\crop_0019.jpg,-0.28575241565704346
neg_seagul_v2,data\demo\train\video_fragmentation_preview\crop_0020.jpg,-0.4403100311756134
neg_seagul_v2,data\demo\train\video_fragmentation_preview\crop_0021.jpg,-0.2270076423883438
neg_seagul_v2,data\demo\train\video_fragmentation_preview\crop_0022.jpg,-0.18413972854614258
neg_seagul_v2,data\demo\train\video_fragmentation_preview\crop_0023.jpg,-0.12557977437973022
neg_seagul_v2,data\demo\train\video_fragmentation_preview\crop_0024.jpg,0.024283424019813538
neg_seagul_v2,data\demo\train\video_fragmentation_preview\crop_0025.jpg,-0.10185547918081284
neg_seagul_v2,data\demo\train\video_fragmentation_preview\crop_0026.jpg,0.11626987159252167
neg_seagul_v2,data\demo\train\video_fragmentation_preview\crop_0027.jpg,0.004539612680673599
neg_seagul_v2,data\demo\train\video_fragmentation_preview\crop_0028.jpg,-0.02876162715256214
neg_seagul_v2,data\demo\train\video_fragmentation_preview\crop_0029.jpg,0.011949233710765839
neg_seagul_v2,data\demo\train\video_fragmentation_preview\crop_0030.jpg,0.01534958928823471
neg_seagul_v2,data\demo\train\video_fragmentation_preview\crop_0031.jpg,0.004504337906837463
neg_seagul_v2,data\demo\train\video_fragmentation_preview\crop_0032.jpg,-0.17280469834804535
neg_seagul_v2,data\demo\train\video_fragmentation_preview\crop_0033.jpg,-0.08166995644569397
neg_seagul_v2,data\demo\train\video_fragmentation_preview\crop_0034.jpg,-0.17768573760986328
neg_seagul_v2,data\demo\train\video_fragmentation_preview\crop_0035.jpg,-0.14343762397766113
neg_seagul_v2,data\demo\train\video_fragmentation_preview\crop_0036.jpg,-0.4161108136177063
neg_seagul_v2,data\demo\train\video_fragmentation_preview\crop_0037.jpg,-0.16177554428577423
neg_seagul_v2,data\demo\train\video_fragmentation_preview\crop_0038.jpg,-0.18634667992591858
neg_seagul_v2,data\demo\train\video_fragmentation_preview\crop_0039.jpg,-0.18133828043937683
neg_seagul_v2,data\demo\train\video_fragmentation_preview\crop_0040.jpg,-0.14711862802505493
neg_seagul_v2,data\demo\train\video_fragmentation_preview\crop_0041.jpg,-0.13595600426197052
neg_seagul_v2,data\demo\train\video_fragmentation_preview\crop_0042.jpg,-0.22807320952415466
neg_seagul_v2,data\demo\train\video_fragmentation_preview\crop_0043.jpg,-0.10590557754039764
neg_seagul_v2,data\demo\train\video_fragmentation_preview\crop_0044.jpg,-0.10363224148750305
neg_seagul_v2,data\demo\train\video_fragmentation_preview\crop_0045.jpg,-0.210489422082901
neg_seagul_v2,data\demo\train\video_fragmentation_preview\crop_0046.jpg,-0.18500080704689026
neg_seagul_v2,data\demo\train\video_fragmentation_preview\crop_0047.jpg,-0.17425301671028137
neg_seagul_v2,data\demo\train\video_fragmentation_preview\crop_0048.jpg,-0.13275563716888428
neg_seagul_v2,data\demo\train\video_fragmentation_preview\crop_0049.jpg,-0.2737710177898407
neg_seagul_v2,data\demo\train\video_fragmentation_preview\crop_0050.jpg,-0.3236129581928253
neg_seagul_v2,data\demo\train\video_fragmentation_preview\crop_0051.jpg,-0.43554943799972534
neg_seagul_v2,data\demo\train\video_fragmentation_preview\crop_0052.jpg,-0.31191712617874146
neg_seagul_v2,data\demo\train\video_fragmentation_preview\crop_0053.jpg,-0.46045225858688354
neg_seagul_v2,data\demo\train\video_fragmentation_preview\crop_0054.jpg,-0.2505495548248291
neg_seagul_v2,data\demo\train\video_fragmentation_preview\crop_0055.jpg,-0.23623013496398926
neg_seagul_v2,data\demo\train\video_fragmentation_preview\crop_0056.jpg,-0.27979201078414917
neg_seagul_v2,data\demo\train\video_fragmentation_preview\crop_0057.jpg,-0.24765370786190033
neg_seagul_v2,data\demo\train\video_fragmentation_preview\crop_0058.jpg,-0.3818317651748657
neg_seagul_v2,data\demo\train\video_fragmentation_preview\crop_0059.jpg,-0.23213237524032593
neg_seagul_v2,data\demo\train\video_fragmentation_preview\crop_0060.jpg,-0.2446393370628357
neg_seagul_v2,data\demo\train\video_fragmentation_preview\crop_0061.jpg,-0.3657556176185608
neg_seagul_v2,data\demo\train\video_fragmentation_preview\crop_0062.jpg,-0.42716845870018005
neg_seagul_v2,data\demo\train\video_fragmentation_preview\crop_0063.jpg,-0.19955042004585266
neg_seagul_v2,data\demo\train\video_fragmentation_preview\crop_0064.jpg,-0.2646530270576477
neg_seagul_v2,data\demo\train\video_fragmentation_preview\crop_0065.jpg,-0.3300238251686096
neg_seagul_v2,data\demo\train\video_fragmentation_preview\crop_0066.jpg,-0.28766751289367676
neg_seagul_v2,data\demo\train\video_fragmentation_preview\crop_0067.jpg,-0.2742365002632141
neg_seagul_v2,data\demo\train\video_fragmentation_preview\crop_0068.jpg,-0.22019290924072266
neg_seagul_v2,data\demo\train\video_fragmentation_preview\crop_0069.jpg,-0.25490397214889526
neg_uav_drone_shop_war_thunder_props,data\demo\train\video_fragmentation_preview\crop_0000.jpg,0.33104705810546875
neg_uav_drone_shop_war_thunder_props,data\demo\train\video_fragmentation_preview\crop_0001.jpg,0.08555607497692108
neg_uav_drone_shop_war_thunder_props,data\demo\train\video_fragmentation_preview\crop_0002.jpg,-0.07956361025571823
neg_uav_drone_shop_war_thunder_props,data\demo\train\video_fragmentation_preview\crop_0003.jpg,0.006449073553085327
neg_uav_drone_shop_war_thunder_props,data\demo\train\video_fragmentation_preview\crop_0004.jpg,0.0684405043721199
neg_uav_drone_shop_war_thunder_props,data\demo\train\video_fragmentation_preview\crop_0005.jpg,-0.20806416869163513
neg_uav_drone_shop_war_thunder_props,data\demo\train\video_fragmentation_preview\crop_0006.jpg,-0.23583939671516418
neg_uav_drone_shop_war_thunder_props,data\demo\train\video_fragmentation_preview\crop_0007.jpg,-0.005993176251649857
neg_uav_drone_shop_war_thunder_props,data\demo\train\video_fragmentation_preview\crop_0008.jpg,-0.12742659449577332
neg_uav_drone_shop_war_thunder_props,data\demo\train\video_fragmentation_preview\crop_0009.jpg,-0.01622859761118889
neg_uav_drone_shop_war_thunder_props,data\demo\train\video_fragmentation_preview\crop_0010.jpg,-0.1902845799922943
neg_uav_drone_shop_war_thunder_props,data\demo\train\video_fragmentation_preview\crop_0011.jpg,-0.2988452911376953
neg_uav_drone_shop_war_thunder_props,data\demo\train\video_fragmentation_preview\crop_0012.jpg,0.009173313155770302
neg_uav_drone_shop_war_thunder_props,data\demo\train\video_fragmentation_preview\crop_0013.jpg,-0.08108837157487869
neg_uav_drone_shop_war_thunder_props,data\demo\train\video_fragmentation_preview\crop_0014.jpg,-0.03737948462367058
neg_uav_drone_shop_war_thunder_props,data\demo\train\video_fragmentation_preview\crop_0015.jpg,0.029776282608509064
neg_uav_drone_shop_war_thunder_props,data\demo\train\video_fragmentation_preview\crop_0016.jpg,-0.08535069972276688
neg_uav_drone_shop_war_thunder_props,data\demo\train\video_fragmentation_preview\crop_0017.jpg,-0.39645349979400635
neg_uav_drone_shop_war_thunder_props,data\demo\train\video_fragmentation_preview\crop_0018.jpg,-0.5726394653320312
neg_uav_drone_shop_war_thunder_props,data\demo\train\video_fragmentation_preview\crop_0019.jpg,-0.3519596457481384
neg_uav_drone_shop_war_thunder_props,data\demo\train\video_fragmentation_preview\crop_0020.jpg,-0.21085190773010254
neg_uav_drone_shop_war_thunder_props,data\demo\train\video_fragmentation_preview\crop_0021.jpg,0.11846597492694855
neg_uav_drone_shop_war_thunder_props,data\demo\train\video_fragmentation_preview\crop_0022.jpg,0.13227330148220062
neg_uav_drone_shop_war_thunder_props,data\demo\train\video_fragmentation_preview\crop_0023.jpg,-0.028270244598388672
neg_uav_drone_shop_war_thunder_props,data\demo\train\video_fragmentation_preview\crop_0024.jpg,0.45155924558639526
neg_uav_drone_shop_war_thunder_props,data\demo\train\video_fragmentation_preview\crop_0025.jpg,0.3078160285949707
neg_uav_drone_shop_war_thunder_props,data\demo\train\video_fragmentation_preview\crop_0026.jpg,0.215187668800354
neg_uav_drone_shop_war_thunder_props,data\demo\train\video_fragmentation_preview\crop_0027.jpg,0.20122641324996948
neg_uav_drone_shop_war_thunder_props,data\demo\train\video_fragmentation_preview\crop_0028.jpg,0.2870604991912842
neg_uav_drone_shop_war_thunder_props,data\demo\train\video_fragmentation_preview\crop_0029.jpg,0.16449370980262756
neg_uav_drone_shop_war_thunder_props,data\demo\train\video_fragmentation_preview\crop_0030.jpg,0.10275571048259735
neg_uav_drone_shop_war_thunder_props,data\demo\train\video_fragmentation_preview\crop_0031.jpg,0.4876580834388733
neg_uav_drone_shop_war_thunder_props,data\demo\train\video_fragmentation_preview\crop_0032.jpg,0.44243329763412476
neg_uav_drone_shop_war_thunder_props,data\demo\train\video_fragmentation_preview\crop_0033.jpg,0.4520493745803833
neg_uav_drone_shop_war_thunder_props,data\demo\train\video_fragmentation_preview\crop_0034.jpg,0.4615863263607025
neg_uav_drone_shop_war_thunder_props,data\demo\train\video_fragmentation_preview\crop_0035.jpg,0.38521313667297363
neg_uav_drone_shop_war_thunder_props,data\demo\train\video_fragmentation_preview\crop_0036.jpg,0.13397683203220367
neg_uav_drone_shop_war_thunder_props,data\demo\train\video_fragmentation_preview\crop_0037.jpg,0.41891372203826904
neg_uav_drone_shop_war_thunder_props,data\demo\train\video_fragmentation_preview\crop_0038.jpg,0.38135990500450134
neg_uav_drone_shop_war_thunder_props,data\demo\train\video_fragmentation_preview\crop_0039.jpg,0.4577009081840515
neg_uav_drone_shop_war_thunder_props,data\demo\train\video_fragmentation_preview\crop_0040.jpg,0.46343445777893066
neg_uav_drone_shop_war_thunder_props,data\demo\train\video_fragmentation_preview\crop_0041.jpg,0.3535550832748413
neg_uav_drone_shop_war_thunder_props,data\demo\train\video_fragmentation_preview\crop_0042.jpg,0.26613980531692505
neg_uav_drone_shop_war_thunder_props,data\demo\train\video_fragmentation_preview\crop_0043.jpg,0.37941646575927734
neg_uav_drone_shop_war_thunder_props,data\demo\train\video_fragmentation_preview\crop_0044.jpg,0.5126345753669739
neg_uav_drone_shop_war_thunder_props,data\demo\train\video_fragmentation_preview\crop_0045.jpg,0.4390241503715515
neg_uav_drone_shop_war_thunder_props,data\demo\train\video_fragmentation_preview\crop_0046.jpg,0.39296358823776245
neg_uav_drone_shop_war_thunder_props,data\demo\train\video_fragmentation_preview\crop_0047.jpg,0.4174007177352905
neg_uav_drone_shop_war_thunder_props,data\demo\train\video_fragmentation_preview\crop_0048.jpg,0.4533926248550415
neg_uav_drone_shop_war_thunder_props,data\demo\train\video_fragmentation_preview\crop_0049.jpg,0.4677516222000122
neg_uav_drone_shop_war_thunder_props,data\demo\train\video_fragmentation_preview\crop_0050.jpg,0.21582409739494324
neg_uav_drone_shop_war_thunder_props,data\demo\train\video_fragmentation_preview\crop_0051.jpg,0.2325206995010376
neg_uav_drone_shop_war_thunder_props,data\demo\train\video_fragmentation_preview\crop_0052.jpg,0.46633338928222656
neg_uav_drone_shop_war_thunder_props,data\demo\train\video_fragmentation_preview\crop_0053.jpg,0.2596844434738159
neg_uav_drone_shop_war_thunder_props,data\demo\train\video_fragmentation_preview\crop_0054.jpg,0.5063478946685791
neg_uav_drone_shop_war_thunder_props,data\demo\train\video_fragmentation_preview\crop_0055.jpg,0.5469911098480225
neg_uav_drone_shop_war_thunder_props,data\demo\train\video_fragmentation_preview\crop_0056.jpg,0.5498002767562866
neg_uav_drone_shop_war_thunder_props,data\demo\train\video_fragmentation_preview\crop_0057.jpg,0.540611207485199
neg_uav_drone_shop_war_thunder_props,data\demo\train\video_fragmentation_preview\crop_0058.jpg,0.24681347608566284
neg_uav_drone_shop_war_thunder_props,data\demo\train\video_fragmentation_preview\crop_0059.jpg,0.341377317905426
neg_uav_drone_shop_war_thunder_props,data\demo\train\video_fragmentation_preview\crop_0060.jpg,0.32480987906455994
neg_uav_drone_shop_war_thunder_props,data\demo\train\video_fragmentation_preview\crop_0061.jpg,-0.028276043012738228
neg_uav_drone_shop_war_thunder_props,data\demo\train\video_fragmentation_preview\crop_0062.jpg,0.024261444807052612
neg_uav_drone_shop_war_thunder_props,data\demo\train\video_fragmentation_preview\crop_0063.jpg,0.3664945960044861
neg_uav_drone_shop_war_thunder_props,data\demo\train\video_fragmentation_preview\crop_0064.jpg,0.045007701963186264
neg_uav_drone_shop_war_thunder_props,data\demo\train\video_fragmentation_preview\crop_0065.jpg,0.08357849717140198
neg_uav_drone_shop_war_thunder_props,data\demo\train\video_fragmentation_preview\crop_0066.jpg,0.13943257927894592
neg_uav_drone_shop_war_thunder_props,data\demo\train\video_fragmentation_preview\crop_0067.jpg,0.11832965910434723
neg_uav_drone_shop_war_thunder_props,data\demo\train\video_fragmentation_preview\crop_0068.jpg,0.21260301768779755
neg_uav_drone_shop_war_thunder_props,data\demo\train\video_fragmentation_preview\crop_0069.jpg,0.16333264112472534
neg_vampire_uav_babayaga,data\demo\train\video_fragmentation_preview\crop_0000.jpg,0.07374119013547897
neg_vampire_uav_babayaga,data\demo\train\video_fragmentation_preview\crop_0001.jpg,-0.061353690922260284
neg_vampire_uav_babayaga,data\demo\train\video_fragmentation_preview\crop_0002.jpg,-0.06378871202468872
neg_vampire_uav_babayaga,data\demo\train\video_fragmentation_preview\crop_0003.jpg,0.024837901815772057
neg_vampire_uav_babayaga,data\demo\train\video_fragmentation_preview\crop_0004.jpg,0.014651909470558167
neg_vampire_uav_babayaga,data\demo\train\video_fragmentation_preview\crop_0005.jpg,-0.0666467621922493
neg_vampire_uav_babayaga,data\demo\train\video_fragmentation_preview\crop_0006.jpg,0.07158171385526657
neg_vampire_uav_babayaga,data\demo\train\video_fragmentation_preview\crop_0007.jpg,-0.006400004029273987
neg_vampire_uav_babayaga,data\demo\train\video_fragmentation_preview\crop_0008.jpg,-0.06174552068114281
neg_vampire_uav_babayaga,data\demo\train\video_fragmentation_preview\crop_0009.jpg,-0.10032173991203308
neg_vampire_uav_babayaga,data\demo\train\video_fragmentation_preview\crop_0010.jpg,-0.19171226024627686
neg_vampire_uav_babayaga,data\demo\train\video_fragmentation_preview\crop_0011.jpg,-0.17473194003105164
neg_vampire_uav_babayaga,data\demo\train\video_fragmentation_preview\crop_0012.jpg,-0.4047732949256897
neg_vampire_uav_babayaga,data\demo\train\video_fragmentation_preview\crop_0013.jpg,-0.2083945870399475
neg_vampire_uav_babayaga,data\demo\train\video_fragmentation_preview\crop_0014.jpg,-0.38727524876594543
neg_vampire_uav_babayaga,data\demo\train\video_fragmentation_preview\crop_0015.jpg,-0.47457849979400635
neg_vampire_uav_babayaga,data\demo\train\video_fragmentation_preview\crop_0016.jpg,-0.158730149269104
neg_vampire_uav_babayaga,data\demo\train\video_fragmentation_preview\crop_0017.jpg,-0.4210677742958069
neg_vampire_uav_babayaga,data\demo\train\video_fragmentation_preview\crop_0018.jpg,-0.29237601161003113
neg_vampire_uav_babayaga,data\demo\train\video_fragmentation_preview\crop_0019.jpg,-0.4908510744571686
neg_vampire_uav_babayaga,data\demo\train\video_fragmentation_preview\crop_0020.jpg,-0.22326554358005524
neg_vampire_uav_babayaga,data\demo\train\video_fragmentation_preview\crop_0021.jpg,-0.2541906237602234
neg_vampire_uav_babayaga,data\demo\train\video_fragmentation_preview\crop_0022.jpg,-0.13961027562618256
neg_vampire_uav_babayaga,data\demo\train\video_fragmentation_preview\crop_0023.jpg,-0.29592329263687134
neg_vampire_uav_babayaga,data\demo\train\video_fragmentation_preview\crop_0024.jpg,-0.2113475501537323
neg_vampire_uav_babayaga,data\demo\train\video_fragmentation_preview\crop_0025.jpg,-0.24427279829978943
neg_vampire_uav_babayaga,data\demo\train\video_fragmentation_preview\crop_0026.jpg,-0.21623964607715607
neg_vampire_uav_babayaga,data\demo\train\video_fragmentation_preview\crop_0027.jpg,-0.2164171189069748
neg_vampire_uav_babayaga,data\demo\train\video_fragmentation_preview\crop_0028.jpg,-0.1693311184644699
neg_vampire_uav_babayaga,data\demo\train\video_fragmentation_preview\crop_0029.jpg,-0.27452415227890015
neg_vampire_uav_babayaga,data\demo\train\video_fragmentation_preview\crop_0030.jpg,-0.16633427143096924
neg_vampire_uav_babayaga,data\demo\train\video_fragmentation_preview\crop_0031.jpg,0.006899198517203331
neg_vampire_uav_babayaga,data\demo\train\video_fragmentation_preview\crop_0032.jpg,0.6391009092330933
neg_vampire_uav_babayaga,data\demo\train\video_fragmentation_preview\crop_0033.jpg,0.6208046078681946
neg_vampire_uav_babayaga,data\demo\train\video_fragmentation_preview\crop_0034.jpg,0.58014976978302
neg_vampire_uav_babayaga,data\demo\train\video_fragmentation_preview\crop_0035.jpg,0.6143324375152588
neg_vampire_uav_babayaga,data\demo\train\video_fragmentation_preview\crop_0036.jpg,0.43144696950912476
neg_vampire_uav_babayaga,data\demo\train\video_fragmentation_preview\crop_0037.jpg,0.5424692630767822
neg_vampire_uav_babayaga,data\demo\train\video_fragmentation_preview\crop_0038.jpg,0.615548849105835
neg_vampire_uav_babayaga,data\demo\train\video_fragmentation_preview\crop_0039.jpg,0.5288790464401245
neg_vampire_uav_babayaga,data\demo\train\video_fragmentation_preview\crop_0040.jpg,0.5417957305908203
neg_vampire_uav_babayaga,data\demo\train\video_fragmentation_preview\crop_0041.jpg,0.5335582494735718
neg_vampire_uav_babayaga,data\demo\train\video_fragmentation_preview\crop_0042.jpg,0.4734208285808563
neg_vampire_uav_babayaga,data\demo\train\video_fragmentation_preview\crop_0043.jpg,0.46407628059387207
neg_vampire_uav_babayaga,data\demo\train\video_fragmentation_preview\crop_0044.jpg,0.5093979239463806
neg_vampire_uav_babayaga,data\demo\train\video_fragmentation_preview\crop_0045.jpg,0.4301864206790924
neg_vampire_uav_babayaga,data\demo\train\video_fragmentation_preview\crop_0046.jpg,0.38166776299476624
neg_vampire_uav_babayaga,data\demo\train\video_fragmentation_preview\crop_0047.jpg,0.436867892742157
neg_vampire_uav_babayaga,data\demo\train\video_fragmentation_preview\crop_0048.jpg,0.4700765013694763
neg_vampire_uav_babayaga,data\demo\train\video_fragmentation_preview\crop_0049.jpg,0.5007376074790955
neg_vampire_uav_babayaga,data\demo\train\video_fragmentation_preview\crop_0050.jpg,0.5495731830596924
neg_vampire_uav_babayaga,data\demo\train\video_fragmentation_preview\crop_0051.jpg,0.4239547550678253
neg_vampire_uav_babayaga,data\demo\train\video_fragmentation_preview\crop_0052.jpg,0.46158257126808167
neg_vampire_uav_babayaga,data\demo\train\video_fragmentation_preview\crop_0053.jpg,0.4978127181529999
neg_vampire_uav_babayaga,data\demo\train\video_fragmentation_preview\crop_0054.jpg,0.4894063472747803
neg_vampire_uav_babayaga,data\demo\train\video_fragmentation_preview\crop_0055.jpg,0.5521265268325806
neg_vampire_uav_babayaga,data\demo\train\video_fragmentation_preview\crop_0056.jpg,0.6201046705245972
neg_vampire_uav_babayaga,data\demo\train\video_fragmentation_preview\crop_0057.jpg,0.5746455192565918
neg_vampire_uav_babayaga,data\demo\train\video_fragmentation_preview\crop_0058.jpg,0.5464200973510742
neg_vampire_uav_babayaga,data\demo\train\video_fragmentation_preview\crop_0059.jpg,0.57182776927948
neg_vampire_uav_babayaga,data\demo\train\video_fragmentation_preview\crop_0060.jpg,0.631855845451355
neg_vampire_uav_babayaga,data\demo\train\video_fragmentation_preview\crop_0061.jpg,0.4733242094516754
neg_vampire_uav_babayaga,data\demo\train\video_fragmentation_preview\crop_0062.jpg,0.49407070875167847
neg_vampire_uav_babayaga,data\demo\train\video_fragmentation_preview\crop_0063.jpg,0.6552325487136841
neg_vampire_uav_babayaga,data\demo\train\video_fragmentation_preview\crop_0064.jpg,0.6180458068847656
neg_vampire_uav_babayaga,data\demo\train\video_fragmentation_preview\crop_0065.jpg,0.5944290161132812
neg_vampire_uav_babayaga,data\demo\train\video_fragmentation_preview\crop_0066.jpg,0.20750632882118225
neg_vampire_uav_babayaga,data\demo\train\video_fragmentation_preview\crop_0067.jpg,0.1700572669506073
neg_vampire_uav_babayaga,data\demo\train\video_fragmentation_preview\crop_0068.jpg,0.06446122378110886
neg_vampire_uav_babayaga,data\demo\train\video_fragmentation_preview\crop_0069.jpg,0.19509217143058777
neg_vintage_toy_airplane,data\demo\train\video_fragmentation_preview\crop_0000.jpg,-0.5864454507827759
neg_vintage_toy_airplane,data\demo\train\video_fragmentation_preview\crop_0001.jpg,-0.7802064418792725
neg_vintage_toy_airplane,data\demo\train\video_fragmentation_preview\crop_0002.jpg,-0.7811150550842285
neg_vintage_toy_airplane,data\demo\train\video_fragmentation_preview\crop_0003.jpg,-0.6054847240447998
neg_vintage_toy_airplane,data\demo\train\video_fragmentation_preview\crop_0004.jpg,-0.6166313886642456
neg_vintage_toy_airplane,data\demo\train\video_fragmentation_preview\crop_0005.jpg,-0.6215949058532715
neg_vintage_toy_airplane,data\demo\train\video_fragmentation_preview\crop_0006.jpg,-0.5452778935432434
neg_vintage_toy_airplane,data\demo\train\video_fragmentation_preview\crop_0007.jpg,-0.5989797711372375
neg_vintage_toy_airplane,data\demo\train\video_fragmentation_preview\crop_0008.jpg,-0.625603437423706
neg_vintage_toy_airplane,data\demo\train\video_fragmentation_preview\crop_0009.jpg,-0.595055878162384
neg_vintage_toy_airplane,data\demo\train\video_fragmentation_preview\crop_0010.jpg,-0.5561927556991577
neg_vintage_toy_airplane,data\demo\train\video_fragmentation_preview\crop_0011.jpg,-0.5383002758026123
neg_vintage_toy_airplane,data\demo\train\video_fragmentation_preview\crop_0012.jpg,-0.293189138174057
neg_vintage_toy_airplane,data\demo\train\video_fragmentation_preview\crop_0013.jpg,-0.28723520040512085
neg_vintage_toy_airplane,data\demo\train\video_fragmentation_preview\crop_0014.jpg,-0.4276704490184784
neg_vintage_toy_airplane,data\demo\train\video_fragmentation_preview\crop_0015.jpg,-0.23192833364009857
neg_vintage_toy_airplane,data\demo\train\video_fragmentation_preview\crop_0016.jpg,0.07468172907829285
neg_vintage_toy_airplane,data\demo\train\video_fragmentation_preview\crop_0017.jpg,0.0420822948217392
neg_vintage_toy_airplane,data\demo\train\video_fragmentation_preview\crop_0018.jpg,-0.2007748931646347
neg_vintage_toy_airplane,data\demo\train\video_fragmentation_preview\crop_0019.jpg,0.3379475176334381
neg_vintage_toy_airplane,data\demo\train\video_fragmentation_preview\crop_0020.jpg,0.41395241022109985
neg_vintage_toy_airplane,data\demo\train\video_fragmentation_preview\crop_0021.jpg,0.08941131085157394
neg_vintage_toy_airplane,data\demo\train\video_fragmentation_preview\crop_0022.jpg,0.1272757202386856
neg_vintage_toy_airplane,data\demo\train\video_fragmentation_preview\crop_0023.jpg,0.3969762921333313
neg_vintage_toy_airplane,data\demo\train\video_fragmentation_preview\crop_0024.jpg,0.18077734112739563
neg_vintage_toy_airplane,data\demo\train\video_fragmentation_preview\crop_0025.jpg,0.3995315730571747
neg_vintage_toy_airplane,data\demo\train\video_fragmentation_preview\crop_0026.jpg,0.30457648634910583
neg_vintage_toy_airplane,data\demo\train\video_fragmentation_preview\crop_0027.jpg,0.12147939950227737
neg_vintage_toy_airplane,data\demo\train\video_fragmentation_preview\crop_0028.jpg,0.10758502781391144
neg_vintage_toy_airplane,data\demo\train\video_fragmentation_preview\crop_0029.jpg,0.2842283248901367
neg_vintage_toy_airplane,data\demo\train\video_fragmentation_preview\crop_0030.jpg,0.21140839159488678
neg_vintage_toy_airplane,data\demo\train\video_fragmentation_preview\crop_0031.jpg,0.24319908022880554
neg_vintage_toy_airplane,data\demo\train\video_fragmentation_preview\crop_0032.jpg,-0.40463364124298096
neg_vintage_toy_airplane,data\demo\train\video_fragmentation_preview\crop_0033.jpg,-0.3005963861942291
neg_vintage_toy_airplane,data\demo\train\video_fragmentation_preview\crop_0034.jpg,-0.3430168926715851
neg_vintage_toy_airplane,data\demo\train\video_fragmentation_preview\crop_0035.jpg,-0.28362566232681274
neg_vintage_toy_airplane,data\demo\train\video_fragmentation_preview\crop_0036.jpg,-0.5730475187301636
neg_vintage_toy_airplane,data\demo\train\video_fragmentation_preview\crop_0037.jpg,-0.40834176540374756
neg_vintage_toy_airplane,data\demo\train\video_fragmentation_preview\crop_0038.jpg,-0.476550817489624
neg_vintage_toy_airplane,data\demo\train\video_fragmentation_preview\crop_0039.jpg,-0.5630249977111816
neg_vintage_toy_airplane,data\demo\train\video_fragmentation_preview\crop_0040.jpg,-0.5902473330497742
neg_vintage_toy_airplane,data\demo\train\video_fragmentation_preview\crop_0041.jpg,-0.5460383296012878
neg_vintage_toy_airplane,data\demo\train\video_fragmentation_preview\crop_0042.jpg,-0.6064954996109009
neg_vintage_toy_airplane,data\demo\train\video_fragmentation_preview\crop_0043.jpg,-0.6114498376846313
neg_vintage_toy_airplane,data\demo\train\video_fragmentation_preview\crop_0044.jpg,-0.5336040258407593
neg_vintage_toy_airplane,data\demo\train\video_fragmentation_preview\crop_0045.jpg,-0.6163285970687866
neg_vintage_toy_airplane,data\demo\train\video_fragmentation_preview\crop_0046.jpg,-0.5955633521080017
neg_vintage_toy_airplane,data\demo\train\video_fragmentation_preview\crop_0047.jpg,-0.5027540922164917
neg_vintage_toy_airplane,data\demo\train\video_fragmentation_preview\crop_0048.jpg,-0.501239538192749
neg_vintage_toy_airplane,data\demo\train\video_fragmentation_preview\crop_0049.jpg,-0.3983725309371948
neg_vintage_toy_airplane,data\demo\train\video_fragmentation_preview\crop_0050.jpg,-0.3192697763442993
neg_vintage_toy_airplane,data\demo\train\video_fragmentation_preview\crop_0051.jpg,-0.45287588238716125
neg_vintage_toy_airplane,data\demo\train\video_fragmentation_preview\crop_0052.jpg,-0.33540812134742737
neg_vintage_toy_airplane,data\demo\train\video_fragmentation_preview\crop_0053.jpg,-0.406270831823349
neg_vintage_toy_airplane,data\demo\train\video_fragmentation_preview\crop_0054.jpg,-0.4199858009815216
neg_vintage_toy_airplane,data\demo\train\video_fragmentation_preview\crop_0055.jpg,-0.4743208587169647
neg_vintage_toy_airplane,data\demo\train\video_fragmentation_preview\crop_0056.jpg,-0.19265331327915192
neg_vintage_toy_airplane,data\demo\train\video_fragmentation_preview\crop_0057.jpg,-0.21460188925266266
neg_vintage_toy_airplane,data\demo\train\video_fragmentation_preview\crop_0058.jpg,-0.17967453598976135
neg_vintage_toy_airplane,data\demo\train\video_fragmentation_preview\crop_0059.jpg,-0.3659180998802185
neg_vintage_toy_airplane,data\demo\train\video_fragmentation_preview\crop_0060.jpg,-0.3683365285396576
neg_vintage_toy_airplane,data\demo\train\video_fragmentation_preview\crop_0061.jpg,-0.43458735942840576
neg_vintage_toy_airplane,data\demo\train\video_fragmentation_preview\crop_0062.jpg,-0.4127906560897827
neg_vintage_toy_airplane,data\demo\train\video_fragmentation_preview\crop_0063.jpg,-0.20259125530719757
neg_vintage_toy_airplane,data\demo\train\video_fragmentation_preview\crop_0064.jpg,-0.22294864058494568
neg_vintage_toy_airplane,data\demo\train\video_fragmentation_preview\crop_0065.jpg,-0.23046256601810455
neg_vintage_toy_airplane,data\demo\train\video_fragmentation_preview\crop_0066.jpg,-0.1218462586402893
neg_vintage_toy_airplane,data\demo\train\video_fragmentation_preview\crop_0067.jpg,-0.10049726814031601
neg_vintage_toy_airplane,data\demo\train\video_fragmentation_preview\crop_0068.jpg,-0.1627838909626007
neg_vintage_toy_airplane,data\demo\train\video_fragmentation_preview\crop_0069.jpg,-0.10515148192644119
real1,data\demo\train\video_fragmentation_preview\crop_0000.jpg,-0.0330621600151062
real1,data\demo\train\video_fragmentation_preview\crop_0001.jpg,0.04513487219810486
real1,data\demo\train\video_fragmentation_preview\crop_0002.jpg,0.08008906245231628
real1,data\demo\train\video_fragmentation_preview\crop_0003.jpg,0.047232404351234436
real1,data\demo\train\video_fragmentation_preview\crop_0004.jpg,-0.03449314832687378
real1,data\demo\train\video_fragmentation_preview\crop_0005.jpg,-0.01749822311103344
real1,data\demo\train\video_fragmentation_preview\crop_0006.jpg,-0.02596290595829487
real1,data\demo\train\video_fragmentation_preview\crop_0007.jpg,0.12135016918182373
real1,data\demo\train\video_fragmentation_preview\crop_0008.jpg,0.014968040399253368
real1,data\demo\train\video_fragmentation_preview\crop_0009.jpg,-0.0894303023815155
real1,data\demo\train\video_fragmentation_preview\crop_0010.jpg,0.10892380774021149
real1,data\demo\train\video_fragmentation_preview\crop_0011.jpg,0.0025007370859384537
real1,data\demo\train\video_fragmentation_preview\crop_0012.jpg,0.13796745240688324
real1,data\demo\train\video_fragmentation_preview\crop_0013.jpg,0.04423525556921959
real1,data\demo\train\video_fragmentation_preview\crop_0014.jpg,0.030537640675902367
real1,data\demo\train\video_fragmentation_preview\crop_0015.jpg,0.06782709807157516
real1,data\demo\train\video_fragmentation_preview\crop_0016.jpg,0.06143663078546524
real1,data\demo\train\video_fragmentation_preview\crop_0017.jpg,0.0883331373333931
real1,data\demo\train\video_fragmentation_preview\crop_0018.jpg,-0.007507193833589554
real1,data\demo\train\video_fragmentation_preview\crop_0019.jpg,0.008811556734144688
real1,data\demo\train\video_fragmentation_preview\crop_0020.jpg,-0.006363758817315102
real1,data\demo\train\video_fragmentation_preview\crop_0021.jpg,-0.06548930704593658
real1,data\demo\train\video_fragmentation_preview\crop_0022.jpg,-0.09038566052913666
real1,data\demo\train\video_fragmentation_preview\crop_0023.jpg,-0.11632543802261353
real1,data\demo\train\video_fragmentation_preview\crop_0024.jpg,-0.1361953467130661
real1,data\demo\train\video_fragmentation_preview\crop_0025.jpg,-0.18995380401611328
real1,data\demo\train\video_fragmentation_preview\crop_0026.jpg,0.008745696395635605
real1,data\demo\train\video_fragmentation_preview\crop_0027.jpg,-0.037261560559272766
real1,data\demo\train\video_fragmentation_preview\crop_0028.jpg,0.03427575156092644
real1,data\demo\train\video_fragmentation_preview\crop_0029.jpg,0.003293448593467474
real1,data\demo\train\video_fragmentation_preview\crop_0030.jpg,-0.002867717295885086
real1,data\demo\train\video_fragmentation_preview\crop_0031.jpg,0.0653529241681099
real1,data\demo\train\video_fragmentation_preview\crop_0032.jpg,0.01244867593050003
real1,data\demo\train\video_fragmentation_preview\crop_0033.jpg,0.07436677068471909
real1,data\demo\train\video_fragmentation_preview\crop_0034.jpg,0.10315985232591629
real1,data\demo\train\video_fragmentation_preview\crop_0035.jpg,-0.005384631454944611
real1,data\demo\train\video_fragmentation_preview\crop_0036.jpg,0.11956143379211426
real1,data\demo\train\video_fragmentation_preview\crop_0037.jpg,-0.003248058259487152
real1,data\demo\train\video_fragmentation_preview\crop_0038.jpg,0.11864203214645386
real1,data\demo\train\video_fragmentation_preview\crop_0039.jpg,0.13857875764369965
real1,data\demo\train\video_fragmentation_preview\crop_0040.jpg,0.11012108623981476
real1,data\demo\train\video_fragmentation_preview\crop_0041.jpg,0.0672493726015091
real1,data\demo\train\video_fragmentation_preview\crop_0042.jpg,0.08755040913820267
real1,data\demo\train\video_fragmentation_preview\crop_0043.jpg,0.10019131004810333
real1,data\demo\train\video_fragmentation_preview\crop_0044.jpg,-0.025395460426807404
real1,data\demo\train\video_fragmentation_preview\crop_0045.jpg,-0.00848425179719925
real1,data\demo\train\video_fragmentation_preview\crop_0046.jpg,0.018805138766765594
real1,data\demo\train\video_fragmentation_preview\crop_0047.jpg,0.00199924036860466
real1,data\demo\train\video_fragmentation_preview\crop_0048.jpg,-0.14812412858009338
real1,data\demo\train\video_fragmentation_preview\crop_0049.jpg,-0.23897717893123627
real1,data\demo\train\video_fragmentation_preview\crop_0050.jpg,-0.12948565185070038
real1,data\demo\train\video_fragmentation_preview\crop_0051.jpg,-0.09992815554141998
real1,data\demo\train\video_fragmentation_preview\crop_0052.jpg,-0.31149983406066895
real1,data\demo\train\video_fragmentation_preview\crop_0053.jpg,-0.1167459785938263
real1,data\demo\train\video_fragmentation_preview\crop_0054.jpg,-0.15504953265190125
real1,data\demo\train\video_fragmentation_preview\crop_0055.jpg,-0.18436245620250702
real1,data\demo\train\video_fragmentation_preview\crop_0056.jpg,-0.3366503417491913
real1,data\demo\train\video_fragmentation_preview\crop_0057.jpg,-0.15123364329338074
real1,data\demo\train\video_fragmentation_preview\crop_0058.jpg,-0.12788444757461548
real1,data\demo\train\video_fragmentation_preview\crop_0059.jpg,-0.034871600568294525
real1,data\demo\train\video_fragmentation_preview\crop_0060.jpg,0.014506176114082336
real1,data\demo\train\video_fragmentation_preview\crop_0061.jpg,0.11647580564022064
real1,data\demo\train\video_fragmentation_preview\crop_0062.jpg,0.11468729376792908
real1,data\demo\train\video_fragmentation_preview\crop_0063.jpg,-0.04411943256855011
real1,data\demo\train\video_fragmentation_preview\crop_0064.jpg,0.0910329520702362
real1,data\demo\train\video_fragmentation_preview\crop_0065.jpg,0.07379476726055145
real1,data\demo\train\video_fragmentation_preview\crop_0066.jpg,-0.011687330901622772
real1,data\demo\train\video_fragmentation_preview\crop_0067.jpg,-0.0667644739151001
real1,data\demo\train\video_fragmentation_preview\crop_0068.jpg,-0.0912935882806778
real1,data\demo\train\video_fragmentation_preview\crop_0069.jpg,-0.11744040995836258
real3,data\demo\train\video_fragmentation_preview\crop_0000.jpg,0.023487303406000137
real3,data\demo\train\video_fragmentation_preview\crop_0001.jpg,0.025501787662506104
real3,data\demo\train\video_fragmentation_preview\crop_0002.jpg,-0.09842385351657867
real3,data\demo\train\video_fragmentation_preview\crop_0003.jpg,-0.011997714638710022
real3,data\demo\train\video_fragmentation_preview\crop_0004.jpg,-0.014291491359472275
real3,data\demo\train\video_fragmentation_preview\crop_0005.jpg,-0.15128149092197418
real3,data\demo\train\video_fragmentation_preview\crop_0006.jpg,-0.06590238213539124
real3,data\demo\train\video_fragmentation_preview\crop_0007.jpg,-0.0864187479019165
real3,data\demo\train\video_fragmentation_preview\crop_0008.jpg,-0.0839313194155693
real3,data\demo\train\video_fragmentation_preview\crop_0009.jpg,0.011017285287380219
real3,data\demo\train\video_fragmentation_preview\crop_0010.jpg,-0.14670827984809875
real3,data\demo\train\video_fragmentation_preview\crop_0011.jpg,-0.06115037947893143
real3,data\demo\train\video_fragmentation_preview\crop_0012.jpg,-0.04816150665283203
real3,data\demo\train\video_fragmentation_preview\crop_0013.jpg,-0.014873623847961426
real3,data\demo\train\video_fragmentation_preview\crop_0014.jpg,-0.03036051243543625
real3,data\demo\train\video_fragmentation_preview\crop_0015.jpg,-0.12846337258815765
real3,data\demo\train\video_fragmentation_preview\crop_0016.jpg,-0.08129461109638214
real3,data\demo\train\video_fragmentation_preview\crop_0017.jpg,-0.14211170375347137
real3,data\demo\train\video_fragmentation_preview\crop_0018.jpg,-0.007047440856695175
real3,data\demo\train\video_fragmentation_preview\crop_0019.jpg,-0.012159992009401321
real3,data\demo\train\video_fragmentation_preview\crop_0020.jpg,0.08627873659133911
real3,data\demo\train\video_fragmentation_preview\crop_0021.jpg,0.09346334636211395
real3,data\demo\train\video_fragmentation_preview\crop_0022.jpg,0.09025408327579498
real3,data\demo\train\video_fragmentation_preview\crop_0023.jpg,0.040211860090494156
real3,data\demo\train\video_fragmentation_preview\crop_0024.jpg,0.013554496690630913
real3,data\demo\train\video_fragmentation_preview\crop_0025.jpg,0.02899438515305519
real3,data\demo\train\video_fragmentation_preview\crop_0026.jpg,0.07347433269023895
real3,data\demo\train\video_fragmentation_preview\crop_0027.jpg,0.06128176674246788
real3,data\demo\train\video_fragmentation_preview\crop_0028.jpg,0.0055512734688818455
real3,data\demo\train\video_fragmentation_preview\crop_0029.jpg,0.04343681409955025
real3,data\demo\train\video_fragmentation_preview\crop_0030.jpg,0.07293792814016342
real3,data\demo\train\video_fragmentation_preview\crop_0031.jpg,-0.002389945089817047
real3,data\demo\train\video_fragmentation_preview\crop_0032.jpg,0.36131805181503296
real3,data\demo\train\video_fragmentation_preview\crop_0033.jpg,0.3566069006919861
real3,data\demo\train\video_fragmentation_preview\crop_0034.jpg,0.24387794733047485
real3,data\demo\train\video_fragmentation_preview\crop_0035.jpg,0.4893319308757782
real3,data\demo\train\video_fragmentation_preview\crop_0036.jpg,0.15407127141952515
real3,data\demo\train\video_fragmentation_preview\crop_0037.jpg,0.3120291233062744
real3,data\demo\train\video_fragmentation_preview\crop_0038.jpg,0.22598350048065186
real3,data\demo\train\video_fragmentation_preview\crop_0039.jpg,0.1178012415766716
real3,data\demo\train\video_fragmentation_preview\crop_0040.jpg,0.15037588775157928
real3,data\demo\train\video_fragmentation_preview\crop_0041.jpg,0.04692750796675682
real3,data\demo\train\video_fragmentation_preview\crop_0042.jpg,0.08827055245637894
real3,data\demo\train\video_fragmentation_preview\crop_0043.jpg,0.07594971358776093
real3,data\demo\train\video_fragmentation_preview\crop_0044.jpg,0.17645618319511414
real3,data\demo\train\video_fragmentation_preview\crop_0045.jpg,0.17070624232292175
real3,data\demo\train\video_fragmentation_preview\crop_0046.jpg,0.04798252880573273
real3,data\demo\train\video_fragmentation_preview\crop_0047.jpg,0.1244853287935257
real3,data\demo\train\video_fragmentation_preview\crop_0048.jpg,0.29316315054893494
real3,data\demo\train\video_fragmentation_preview\crop_0049.jpg,0.34594297409057617
real3,data\demo\train\video_fragmentation_preview\crop_0050.jpg,0.20339623093605042
real3,data\demo\train\video_fragmentation_preview\crop_0051.jpg,0.16693900525569916
real3,data\demo\train\video_fragmentation_preview\crop_0052.jpg,0.44358596205711365
real3,data\demo\train\video_fragmentation_preview\crop_0053.jpg,0.20485258102416992
real3,data\demo\train\video_fragmentation_preview\crop_0054.jpg,0.14679807424545288
real3,data\demo\train\video_fragmentation_preview\crop_0055.jpg,0.3695208728313446
real3,data\demo\train\video_fragmentation_preview\crop_0056.jpg,0.5658661127090454
real3,data\demo\train\video_fragmentation_preview\crop_0057.jpg,0.2111731916666031
real3,data\demo\train\video_fragmentation_preview\crop_0058.jpg,0.20202642679214478
real3,data\demo\train\video_fragmentation_preview\crop_0059.jpg,0.11313006281852722
real3,data\demo\train\video_fragmentation_preview\crop_0060.jpg,0.10312137007713318
real3,data\demo\train\video_fragmentation_preview\crop_0061.jpg,-0.1042485237121582
real3,data\demo\train\video_fragmentation_preview\crop_0062.jpg,-0.09620814025402069
real3,data\demo\train\video_fragmentation_preview\crop_0063.jpg,0.32498663663864136
real3,data\demo\train\video_fragmentation_preview\crop_0064.jpg,-0.0021000169217586517
real3,data\demo\train\video_fragmentation_preview\crop_0065.jpg,0.060860525816679
real3,data\demo\train\video_fragmentation_preview\crop_0066.jpg,0.2775620222091675
real3,data\demo\train\video_fragmentation_preview\crop_0067.jpg,0.3145894408226013
real3,data\demo\train\video_fragmentation_preview\crop_0068.jpg,0.2863438129425049
real3,data\demo\train\video_fragmentation_preview\crop_0069.jpg,0.30473262071609497
real5,data\demo\train\video_fragmentation_preview\crop_0000.jpg,-0.12964574992656708
real5,data\demo\train\video_fragmentation_preview\crop_0001.jpg,-0.01544206403195858
real5,data\demo\train\video_fragmentation_preview\crop_0002.jpg,-0.0490870364010334
real5,data\demo\train\video_fragmentation_preview\crop_0003.jpg,-0.04625378176569939
real5,data\demo\train\video_fragmentation_preview\crop_0004.jpg,-0.12339960038661957
real5,data\demo\train\video_fragmentation_preview\crop_0005.jpg,-0.09399209916591644
real5,data\demo\train\video_fragmentation_preview\crop_0006.jpg,-0.05254550650715828
real5,data\demo\train\video_fragmentation_preview\crop_0007.jpg,0.022724391892552376
real5,data\demo\train\video_fragmentation_preview\crop_0008.jpg,0.02806292101740837
real5,data\demo\train\video_fragmentation_preview\crop_0009.jpg,-0.12227782607078552
real5,data\demo\train\video_fragmentation_preview\crop_0010.jpg,-0.0018798336386680603
real5,data\demo\train\video_fragmentation_preview\crop_0011.jpg,-0.06565876305103302
real5,data\demo\train\video_fragmentation_preview\crop_0012.jpg,-0.005921900272369385
real5,data\demo\train\video_fragmentation_preview\crop_0013.jpg,-0.125905841588974
real5,data\demo\train\video_fragmentation_preview\crop_0014.jpg,-0.08114255219697952
real5,data\demo\train\video_fragmentation_preview\crop_0015.jpg,-0.08554188907146454
real5,data\demo\train\video_fragmentation_preview\crop_0016.jpg,-0.10789687186479568
real5,data\demo\train\video_fragmentation_preview\crop_0017.jpg,-0.09396224468946457
real5,data\demo\train\video_fragmentation_preview\crop_0018.jpg,-0.008482195436954498
real5,data\demo\train\video_fragmentation_preview\crop_0019.jpg,-0.11858094483613968
real5,data\demo\train\video_fragmentation_preview\crop_0020.jpg,-0.18694984912872314
real5,data\demo\train\video_fragmentation_preview\crop_0021.jpg,-0.19953922927379608
real5,data\demo\train\video_fragmentation_preview\crop_0022.jpg,-0.14400717616081238
real5,data\demo\train\video_fragmentation_preview\crop_0023.jpg,-0.24116742610931396
real5,data\demo\train\video_fragmentation_preview\crop_0024.jpg,-0.10852274298667908
real5,data\demo\train\video_fragmentation_preview\crop_0025.jpg,-0.2125893384218216
real5,data\demo\train\video_fragmentation_preview\crop_0026.jpg,-0.13842758536338806
real5,data\demo\train\video_fragmentation_preview\crop_0027.jpg,-0.163892924785614
real5,data\demo\train\video_fragmentation_preview\crop_0028.jpg,-0.13612107932567596
real5,data\demo\train\video_fragmentation_preview\crop_0029.jpg,-0.12860232591629028
real5,data\demo\train\video_fragmentation_preview\crop_0030.jpg,-0.1748848855495453
real5,data\demo\train\video_fragmentation_preview\crop_0031.jpg,-0.19356557726860046
real5,data\demo\train\video_fragmentation_preview\crop_0032.jpg,0.09903152287006378
real5,data\demo\train\video_fragmentation_preview\crop_0033.jpg,0.075483538210392
real5,data\demo\train\video_fragmentation_preview\crop_0034.jpg,-0.0018783919513225555
real5,data\demo\train\video_fragmentation_preview\crop_0035.jpg,0.18062900006771088
real5,data\demo\train\video_fragmentation_preview\crop_0036.jpg,0.15075333416461945
real5,data\demo\train\video_fragmentation_preview\crop_0037.jpg,0.08970598876476288
real5,data\demo\train\video_fragmentation_preview\crop_0038.jpg,0.11722145974636078
real5,data\demo\train\video_fragmentation_preview\crop_0039.jpg,0.10345076024532318
real5,data\demo\train\video_fragmentation_preview\crop_0040.jpg,0.029457705095410347
real5,data\demo\train\video_fragmentation_preview\crop_0041.jpg,0.011372335255146027
real5,data\demo\train\video_fragmentation_preview\crop_0042.jpg,0.08958467096090317
real5,data\demo\train\video_fragmentation_preview\crop_0043.jpg,0.11672661453485489
real5,data\demo\train\video_fragmentation_preview\crop_0044.jpg,0.06597737967967987
real5,data\demo\train\video_fragmentation_preview\crop_0045.jpg,0.074229396879673
real5,data\demo\train\video_fragmentation_preview\crop_0046.jpg,0.10656918585300446
real5,data\demo\train\video_fragmentation_preview\crop_0047.jpg,0.06872046738862991
real5,data\demo\train\video_fragmentation_preview\crop_0048.jpg,0.021948162466287613
real5,data\demo\train\video_fragmentation_preview\crop_0049.jpg,-0.0076387301087379456
real5,data\demo\train\video_fragmentation_preview\crop_0050.jpg,-0.011383801698684692
real5,data\demo\train\video_fragmentation_preview\crop_0051.jpg,-0.0009354613721370697
real5,data\demo\train\video_fragmentation_preview\crop_0052.jpg,0.011963089928030968
real5,data\demo\train\video_fragmentation_preview\crop_0053.jpg,0.117612823843956
real5,data\demo\train\video_fragmentation_preview\crop_0054.jpg,-0.0636492371559143
real5,data\demo\train\video_fragmentation_preview\crop_0055.jpg,0.00023062340915203094
real5,data\demo\train\video_fragmentation_preview\crop_0056.jpg,0.029713990166783333
real5,data\demo\train\video_fragmentation_preview\crop_0057.jpg,-0.01802828535437584
real5,data\demo\train\video_fragmentation_preview\crop_0058.jpg,-0.030195169150829315
real5,data\demo\train\video_fragmentation_preview\crop_0059.jpg,0.017213981598615646
real5,data\demo\train\video_fragmentation_preview\crop_0060.jpg,-0.014369048178195953
real5,data\demo\train\video_fragmentation_preview\crop_0061.jpg,-0.009973309934139252
real5,data\demo\train\video_fragmentation_preview\crop_0062.jpg,-0.03548578917980194
real5,data\demo\train\video_fragmentation_preview\crop_0063.jpg,0.02703721821308136
real5,data\demo\train\video_fragmentation_preview\crop_0064.jpg,-0.07539483159780502
real5,data\demo\train\video_fragmentation_preview\crop_0065.jpg,-0.019083812832832336
real5,data\demo\train\video_fragmentation_preview\crop_0066.jpg,0.1473402976989746
real5,data\demo\train\video_fragmentation_preview\crop_0067.jpg,0.004164949059486389
real5,data\demo\train\video_fragmentation_preview\crop_0068.jpg,0.06683111935853958
real5,data\demo\train\video_fragmentation_preview\crop_0069.jpg,0.0007282793521881104
rough_sketch_of_a_male_uav,data\demo\train\video_fragmentation_preview\crop_0000.jpg,-0.03044501319527626
rough_sketch_of_a_male_uav,data\demo\train\video_fragmentation_preview\crop_0001.jpg,-0.21397137641906738
rough_sketch_of_a_male_uav,data\demo\train\video_fragmentation_preview\crop_0002.jpg,-0.23601487278938293
rough_sketch_of_a_male_uav,data\demo\train\video_fragmentation_preview\crop_0003.jpg,-0.13562849164009094
rough_sketch_of_a_male_uav,data\demo\train\video_fragmentation_preview\crop_0004.jpg,-0.17351746559143066
rough_sketch_of_a_male_uav,data\demo\train\video_fragmentation_preview\crop_0005.jpg,-0.41334229707717896
rough_sketch_of_a_male_uav,data\demo\train\video_fragmentation_preview\crop_0006.jpg,-0.32881519198417664
rough_sketch_of_a_male_uav,data\demo\train\video_fragmentation_preview\crop_0007.jpg,-0.28589877486228943
rough_sketch_of_a_male_uav,data\demo\train\video_fragmentation_preview\crop_0008.jpg,-0.4079103469848633
rough_sketch_of_a_male_uav,data\demo\train\video_fragmentation_preview\crop_0009.jpg,-0.12171502411365509
rough_sketch_of_a_male_uav,data\demo\train\video_fragmentation_preview\crop_0010.jpg,-0.3850465416908264
rough_sketch_of_a_male_uav,data\demo\train\video_fragmentation_preview\crop_0011.jpg,-0.47756069898605347
rough_sketch_of_a_male_uav,data\demo\train\video_fragmentation_preview\crop_0012.jpg,-0.4514002501964569
rough_sketch_of_a_male_uav,data\demo\train\video_fragmentation_preview\crop_0013.jpg,-0.21501949429512024
rough_sketch_of_a_male_uav,data\demo\train\video_fragmentation_preview\crop_0014.jpg,-0.19101035594940186
rough_sketch_of_a_male_uav,data\demo\train\video_fragmentation_preview\crop_0015.jpg,-0.23484137654304504
rough_sketch_of_a_male_uav,data\demo\train\video_fragmentation_preview\crop_0016.jpg,-0.15232469141483307
rough_sketch_of_a_male_uav,data\demo\train\video_fragmentation_preview\crop_0017.jpg,-0.5023429989814758
rough_sketch_of_a_male_uav,data\demo\train\video_fragmentation_preview\crop_0018.jpg,-0.1906445026397705
rough_sketch_of_a_male_uav,data\demo\train\video_fragmentation_preview\crop_0019.jpg,-0.19504937529563904
rough_sketch_of_a_male_uav,data\demo\train\video_fragmentation_preview\crop_0020.jpg,-0.19303712248802185
rough_sketch_of_a_male_uav,data\demo\train\video_fragmentation_preview\crop_0021.jpg,0.08858224749565125
rough_sketch_of_a_male_uav,data\demo\train\video_fragmentation_preview\crop_0022.jpg,0.2515435814857483
rough_sketch_of_a_male_uav,data\demo\train\video_fragmentation_preview\crop_0023.jpg,-0.12742328643798828
rough_sketch_of_a_male_uav,data\demo\train\video_fragmentation_preview\crop_0024.jpg,-0.007744455710053444
rough_sketch_of_a_male_uav,data\demo\train\video_fragmentation_preview\crop_0025.jpg,-0.09683217108249664
rough_sketch_of_a_male_uav,data\demo\train\video_fragmentation_preview\crop_0026.jpg,-0.017168093472719193
rough_sketch_of_a_male_uav,data\demo\train\video_fragmentation_preview\crop_0027.jpg,0.1580478549003601
rough_sketch_of_a_male_uav,data\demo\train\video_fragmentation_preview\crop_0028.jpg,0.17049570381641388
rough_sketch_of_a_male_uav,data\demo\train\video_fragmentation_preview\crop_0029.jpg,0.05910957232117653
rough_sketch_of_a_male_uav,data\demo\train\video_fragmentation_preview\crop_0030.jpg,0.08757326006889343
rough_sketch_of_a_male_uav,data\demo\train\video_fragmentation_preview\crop_0031.jpg,0.15681445598602295
rough_sketch_of_a_male_uav,data\demo\train\video_fragmentation_preview\crop_0032.jpg,-0.02731412462890148
rough_sketch_of_a_male_uav,data\demo\train\video_fragmentation_preview\crop_0033.jpg,0.1695658564567566
rough_sketch_of_a_male_uav,data\demo\train\video_fragmentation_preview\crop_0034.jpg,-0.09777109324932098
rough_sketch_of_a_male_uav,data\demo\train\video_fragmentation_preview\crop_0035.jpg,-0.009460074827075005
rough_sketch_of_a_male_uav,data\demo\train\video_fragmentation_preview\crop_0036.jpg,-0.152571901679039
rough_sketch_of_a_male_uav,data\demo\train\video_fragmentation_preview\crop_0037.jpg,-0.00490400567650795
rough_sketch_of_a_male_uav,data\demo\train\video_fragmentation_preview\crop_0038.jpg,0.02689572423696518
rough_sketch_of_a_male_uav,data\demo\train\video_fragmentation_preview\crop_0039.jpg,0.16719478368759155
rough_sketch_of_a_male_uav,data\demo\train\video_fragmentation_preview\crop_0040.jpg,0.14388249814510345
rough_sketch_of_a_male_uav,data\demo\train\video_fragmentation_preview\crop_0041.jpg,0.05600142478942871
rough_sketch_of_a_male_uav,data\demo\train\video_fragmentation_preview\crop_0042.jpg,-0.056170735508203506
rough_sketch_of_a_male_uav,data\demo\train\video_fragmentation_preview\crop_0043.jpg,0.05897463858127594
rough_sketch_of_a_male_uav,data\demo\train\video_fragmentation_preview\crop_0044.jpg,0.09273156523704529
rough_sketch_of_a_male_uav,data\demo\train\video_fragmentation_preview\crop_0045.jpg,-0.014914210885763168
rough_sketch_of_a_male_uav,data\demo\train\video_fragmentation_preview\crop_0046.jpg,0.01311451755464077
rough_sketch_of_a_male_uav,data\demo\train\video_fragmentation_preview\crop_0047.jpg,-0.01777116395533085
rough_sketch_of_a_male_uav,data\demo\train\video_fragmentation_preview\crop_0048.jpg,-0.06945700943470001
rough_sketch_of_a_male_uav,data\demo\train\video_fragmentation_preview\crop_0049.jpg,-0.02419392205774784
rough_sketch_of_a_male_uav,data\demo\train\video_fragmentation_preview\crop_0050.jpg,-0.057603150606155396
rough_sketch_of_a_male_uav,data\demo\train\video_fragmentation_preview\crop_0051.jpg,-0.16068020462989807
rough_sketch_of_a_male_uav,data\demo\train\video_fragmentation_preview\crop_0052.jpg,-0.14801692962646484
rough_sketch_of_a_male_uav,data\demo\train\video_fragmentation_preview\crop_0053.jpg,-0.14577192068099976
rough_sketch_of_a_male_uav,data\demo\train\video_fragmentation_preview\crop_0054.jpg,-0.10730620473623276
rough_sketch_of_a_male_uav,data\demo\train\video_fragmentation_preview\crop_0055.jpg,0.01881396770477295
rough_sketch_of_a_male_uav,data\demo\train\video_fragmentation_preview\crop_0056.jpg,-0.001184321939945221
rough_sketch_of_a_male_uav,data\demo\train\video_fragmentation_preview\crop_0057.jpg,-0.22101567685604095
rough_sketch_of_a_male_uav,data\demo\train\video_fragmentation_preview\crop_0058.jpg,-0.35933685302734375
rough_sketch_of_a_male_uav,data\demo\train\video_fragmentation_preview\crop_0059.jpg,-0.2743440568447113
rough_sketch_of_a_male_uav,data\demo\train\video_fragmentation_preview\crop_0060.jpg,0.027811165899038315
rough_sketch_of_a_male_uav,data\demo\train\video_fragmentation_preview\crop_0061.jpg,-0.20968754589557648
rough_sketch_of_a_male_uav,data\demo\train\video_fragmentation_preview\crop_0062.jpg,-0.17683088779449463
rough_sketch_of_a_male_uav,data\demo\train\video_fragmentation_preview\crop_0063.jpg,-0.16537463665008545
rough_sketch_of_a_male_uav,data\demo\train\video_fragmentation_preview\crop_0064.jpg,-0.10937962681055069
rough_sketch_of_a_male_uav,data\demo\train\video_fragmentation_preview\crop_0065.jpg,-0.07481078803539276
rough_sketch_of_a_male_uav,data\demo\train\video_fragmentation_preview\crop_0066.jpg,-0.5135433673858643
rough_sketch_of_a_male_uav,data\demo\train\video_fragmentation_preview\crop_0067.jpg,-0.5181429386138916
rough_sketch_of_a_male_uav,data\demo\train\video_fragmentation_preview\crop_0068.jpg,-0.5026657581329346
rough_sketch_of_a_male_uav,data\demo\train\video_fragmentation_preview\crop_0069.jpg,-0.4990941882133484
rq-11_raven_uav__high-poly_model,data\demo\train\video_fragmentation_preview\crop_0000.jpg,-0.540093719959259
rq-11_raven_uav__high-poly_model,data\demo\train\video_fragmentation_preview\crop_0001.jpg,-0.6328147053718567
rq-11_raven_uav__high-poly_model,data\demo\train\video_fragmentation_preview\crop_0002.jpg,-0.4771132171154022
rq-11_raven_uav__high-poly_model,data\demo\train\video_fragmentation_preview\crop_0003.jpg,-0.4107381999492645
rq-11_raven_uav__high-poly_model,data\demo\train\video_fragmentation_preview\crop_0004.jpg,-0.5014254450798035
rq-11_raven_uav__high-poly_model,data\demo\train\video_fragmentation_preview\crop_0005.jpg,-0.40200430154800415
rq-11_raven_uav__high-poly_model,data\demo\train\video_fragmentation_preview\crop_0006.jpg,-0.41806405782699585
rq-11_raven_uav__high-poly_model,data\demo\train\video_fragmentation_preview\crop_0007.jpg,-0.45264649391174316
rq-11_raven_uav__high-poly_model,data\demo\train\video_fragmentation_preview\crop_0008.jpg,-0.5310558080673218
rq-11_raven_uav__high-poly_model,data\demo\train\video_fragmentation_preview\crop_0009.jpg,-0.6736478805541992
rq-11_raven_uav__high-poly_model,data\demo\train\video_fragmentation_preview\crop_0010.jpg,-0.599757194519043
rq-11_raven_uav__high-poly_model,data\demo\train\video_fragmentation_preview\crop_0011.jpg,-0.4697531461715698
rq-11_raven_uav__high-poly_model,data\demo\train\video_fragmentation_preview\crop_0012.jpg,-0.4754222631454468
rq-11_raven_uav__high-poly_model,data\demo\train\video_fragmentation_preview\crop_0013.jpg,-0.5464392304420471
rq-11_raven_uav__high-poly_model,data\demo\train\video_fragmentation_preview\crop_0014.jpg,-0.4972613453865051
rq-11_raven_uav__high-poly_model,data\demo\train\video_fragmentation_preview\crop_0015.jpg,-0.4942505955696106
rq-11_raven_uav__high-poly_model,data\demo\train\video_fragmentation_preview\crop_0016.jpg,-0.3988646864891052
rq-11_raven_uav__high-poly_model,data\demo\train\video_fragmentation_preview\crop_0017.jpg,-0.00798032060265541
rq-11_raven_uav__high-poly_model,data\demo\train\video_fragmentation_preview\crop_0018.jpg,-0.17393483221530914
rq-11_raven_uav__high-poly_model,data\demo\train\video_fragmentation_preview\crop_0019.jpg,0.19060087203979492
rq-11_raven_uav__high-poly_model,data\demo\train\video_fragmentation_preview\crop_0020.jpg,0.03090662881731987
rq-11_raven_uav__high-poly_model,data\demo\train\video_fragmentation_preview\crop_0021.jpg,-0.36107492446899414
rq-11_raven_uav__high-poly_model,data\demo\train\video_fragmentation_preview\crop_0022.jpg,-0.3554982841014862
rq-11_raven_uav__high-poly_model,data\demo\train\video_fragmentation_preview\crop_0023.jpg,-0.05186370760202408
rq-11_raven_uav__high-poly_model,data\demo\train\video_fragmentation_preview\crop_0024.jpg,-0.41229021549224854
rq-11_raven_uav__high-poly_model,data\demo\train\video_fragmentation_preview\crop_0025.jpg,-0.1739683747291565
rq-11_raven_uav__high-poly_model,data\demo\train\video_fragmentation_preview\crop_0026.jpg,-0.16935673356056213
rq-11_raven_uav__high-poly_model,data\demo\train\video_fragmentation_preview\crop_0027.jpg,-0.35803037881851196
rq-11_raven_uav__high-poly_model,data\demo\train\video_fragmentation_preview\crop_0028.jpg,-0.4468528628349304
rq-11_raven_uav__high-poly_model,data\demo\train\video_fragmentation_preview\crop_0029.jpg,-0.21934133768081665
rq-11_raven_uav__high-poly_model,data\demo\train\video_fragmentation_preview\crop_0030.jpg,-0.2426876723766327
rq-11_raven_uav__high-poly_model,data\demo\train\video_fragmentation_preview\crop_0031.jpg,-0.354758620262146
rq-11_raven_uav__high-poly_model,data\demo\train\video_fragmentation_preview\crop_0032.jpg,-0.22388097643852234
rq-11_raven_uav__high-poly_model,data\demo\train\video_fragmentation_preview\crop_0033.jpg,-0.1595834195613861
rq-11_raven_uav__high-poly_model,data\demo\train\video_fragmentation_preview\crop_0034.jpg,-0.18708866834640503
rq-11_raven_uav__high-poly_model,data\demo\train\video_fragmentation_preview\crop_0035.jpg,-0.09103478491306305
rq-11_raven_uav__high-poly_model,data\demo\train\video_fragmentation_preview\crop_0036.jpg,-0.425598680973053
rq-11_raven_uav__high-poly_model,data\demo\train\video_fragmentation_preview\crop_0037.jpg,-0.1897764503955841
rq-11_raven_uav__high-poly_model,data\demo\train\video_fragmentation_preview\crop_0038.jpg,-0.32215243577957153
rq-11_raven_uav__high-poly_model,data\demo\train\video_fragmentation_preview\crop_0039.jpg,-0.4263402819633484
rq-11_raven_uav__high-poly_model,data\demo\train\video_fragmentation_preview\crop_0040.jpg,-0.45328235626220703
rq-11_raven_uav__high-poly_model,data\demo\train\video_fragmentation_preview\crop_0041.jpg,-0.23736636340618134
rq-11_raven_uav__high-poly_model,data\demo\train\video_fragmentation_preview\crop_0042.jpg,-0.3162738084793091
rq-11_raven_uav__high-poly_model,data\demo\train\video_fragmentation_preview\crop_0043.jpg,-0.35164308547973633
rq-11_raven_uav__high-poly_model,data\demo\train\video_fragmentation_preview\crop_0044.jpg,-0.2888777256011963
rq-11_raven_uav__high-poly_model,data\demo\train\video_fragmentation_preview\crop_0045.jpg,-0.3766110837459564
rq-11_raven_uav__high-poly_model,data\demo\train\video_fragmentation_preview\crop_0046.jpg,-0.35796335339546204
rq-11_raven_uav__high-poly_model,data\demo\train\video_fragmentation_preview\crop_0047.jpg,-0.20791561901569366
rq-11_raven_uav__high-poly_model,data\demo\train\video_fragmentation_preview\crop_0048.jpg,-0.1834058165550232
rq-11_raven_uav__high-poly_model,data\demo\train\video_fragmentation_preview\crop_0049.jpg,-0.19787554442882538
rq-11_raven_uav__high-poly_model,data\demo\train\video_fragmentation_preview\crop_0050.jpg,-0.032563772052526474
rq-11_raven_uav__high-poly_model,data\demo\train\video_fragmentation_preview\crop_0051.jpg,-0.27988457679748535
rq-11_raven_uav__high-poly_model,data\demo\train\video_fragmentation_preview\crop_0052.jpg,-0.18908128142356873
rq-11_raven_uav__high-poly_model,data\demo\train\video_fragmentation_preview\crop_0053.jpg,-0.3730865716934204
rq-11_raven_uav__high-poly_model,data\demo\train\video_fragmentation_preview\crop_0054.jpg,-0.2913972735404968
rq-11_raven_uav__high-poly_model,data\demo\train\video_fragmentation_preview\crop_0055.jpg,-0.36558616161346436
rq-11_raven_uav__high-poly_model,data\demo\train\video_fragmentation_preview\crop_0056.jpg,-0.23940330743789673
rq-11_raven_uav__high-poly_model,data\demo\train\video_fragmentation_preview\crop_0057.jpg,-0.3060186505317688
rq-11_raven_uav__high-poly_model,data\demo\train\video_fragmentation_preview\crop_0058.jpg,-0.2239190936088562
rq-11_raven_uav__high-poly_model,data\demo\train\video_fragmentation_preview\crop_0059.jpg,-0.2932095527648926
rq-11_raven_uav__high-poly_model,data\demo\train\video_fragmentation_preview\crop_0060.jpg,-0.30355948209762573
rq-11_raven_uav__high-poly_model,data\demo\train\video_fragmentation_preview\crop_0061.jpg,-0.3159024119377136
rq-11_raven_uav__high-poly_model,data\demo\train\video_fragmentation_preview\crop_0062.jpg,-0.32462573051452637
rq-11_raven_uav__high-poly_model,data\demo\train\video_fragmentation_preview\crop_0063.jpg,-0.23149244487285614
rq-11_raven_uav__high-poly_model,data\demo\train\video_fragmentation_preview\crop_0064.jpg,-0.07726359367370605
rq-11_raven_uav__high-poly_model,data\demo\train\video_fragmentation_preview\crop_0065.jpg,-0.19202926754951477
rq-11_raven_uav__high-poly_model,data\demo\train\video_fragmentation_preview\crop_0066.jpg,-0.3392527103424072
rq-11_raven_uav__high-poly_model,data\demo\train\video_fragmentation_preview\crop_0067.jpg,-0.29361623525619507
rq-11_raven_uav__high-poly_model,data\demo\train\video_fragmentation_preview\crop_0068.jpg,-0.4616563618183136
rq-11_raven_uav__high-poly_model,data\demo\train\video_fragmentation_preview\crop_0069.jpg,-0.34017837047576904
uav_2,data\demo\train\video_fragmentation_preview\crop_0000.jpg,-0.014665286988019943
uav_2,data\demo\train\video_fragmentation_preview\crop_0001.jpg,-0.2213694304227829
uav_2,data\demo\train\video_fragmentation_preview\crop_0002.jpg,-0.10779781639575958
uav_2,data\demo\train\video_fragmentation_preview\crop_0003.jpg,0.041716575622558594
uav_2,data\demo\train\video_fragmentation_preview\crop_0004.jpg,-0.047169558703899384
uav_2,data\demo\train\video_fragmentation_preview\crop_0005.jpg,-0.18194878101348877
uav_2,data\demo\train\video_fragmentation_preview\crop_0006.jpg,-0.043452873826026917
uav_2,data\demo\train\video_fragmentation_preview\crop_0007.jpg,-0.07231626659631729
uav_2,data\demo\train\video_fragmentation_preview\crop_0008.jpg,-0.23949651420116425
uav_2,data\demo\train\video_fragmentation_preview\crop_0009.jpg,-0.24535641074180603
uav_2,data\demo\train\video_fragmentation_preview\crop_0010.jpg,-0.34668415784835815
uav_2,data\demo\train\video_fragmentation_preview\crop_0011.jpg,-0.41613033413887024
uav_2,data\demo\train\video_fragmentation_preview\crop_0012.jpg,-0.5897985100746155
uav_2,data\demo\train\video_fragmentation_preview\crop_0013.jpg,-0.43969231843948364
uav_2,data\demo\train\video_fragmentation_preview\crop_0014.jpg,-0.4422855079174042
uav_2,data\demo\train\video_fragmentation_preview\crop_0015.jpg,-0.5944565534591675
uav_2,data\demo\train\video_fragmentation_preview\crop_0016.jpg,-0.385842889547348
uav_2,data\demo\train\video_fragmentation_preview\crop_0017.jpg,-0.6029398441314697
uav_2,data\demo\train\video_fragmentation_preview\crop_0018.jpg,-0.31353330612182617
uav_2,data\demo\train\video_fragmentation_preview\crop_0019.jpg,-0.4676841199398041
uav_2,data\demo\train\video_fragmentation_preview\crop_0020.jpg,-0.2812754511833191
uav_2,data\demo\train\video_fragmentation_preview\crop_0021.jpg,-0.37656503915786743
uav_2,data\demo\train\video_fragmentation_preview\crop_0022.jpg,-0.2299552708864212
uav_2,data\demo\train\video_fragmentation_preview\crop_0023.jpg,-0.40054118633270264
uav_2,data\demo\train\video_fragmentation_preview\crop_0024.jpg,-0.498444527387619
uav_2,data\demo\train\video_fragmentation_preview\crop_0025.jpg,-0.5462889671325684
uav_2,data\demo\train\video_fragmentation_preview\crop_0026.jpg,-0.3457253873348236
uav_2,data\demo\train\video_fragmentation_preview\crop_0027.jpg,-0.31016403436660767
uav_2,data\demo\train\video_fragmentation_preview\crop_0028.jpg,-0.29529282450675964
uav_2,data\demo\train\video_fragmentation_preview\crop_0029.jpg,-0.35934358835220337
uav_2,data\demo\train\video_fragmentation_preview\crop_0030.jpg,-0.21447890996932983
uav_2,data\demo\train\video_fragmentation_preview\crop_0031.jpg,-0.21008144319057465
uav_2,data\demo\train\video_fragmentation_preview\crop_0032.jpg,0.12319833785295486
uav_2,data\demo\train\video_fragmentation_preview\crop_0033.jpg,0.0938301682472229
uav_2,data\demo\train\video_fragmentation_preview\crop_0034.jpg,-0.017608236521482468
uav_2,data\demo\train\video_fragmentation_preview\crop_0035.jpg,0.08191676437854767
uav_2,data\demo\train\video_fragmentation_preview\crop_0036.jpg,-0.09933298826217651
uav_2,data\demo\train\video_fragmentation_preview\crop_0037.jpg,-0.03618965670466423
uav_2,data\demo\train\video_fragmentation_preview\crop_0038.jpg,0.09925232082605362
uav_2,data\demo\train\video_fragmentation_preview\crop_0039.jpg,0.08112893253564835
uav_2,data\demo\train\video_fragmentation_preview\crop_0040.jpg,0.07231035083532333
uav_2,data\demo\train\video_fragmentation_preview\crop_0041.jpg,0.15311072766780853
uav_2,data\demo\train\video_fragmentation_preview\crop_0042.jpg,0.0766189768910408
uav_2,data\demo\train\video_fragmentation_preview\crop_0043.jpg,0.17258861660957336
uav_2,data\demo\train\video_fragmentation_preview\crop_0044.jpg,0.10590758919715881
uav_2,data\demo\train\video_fragmentation_preview\crop_0045.jpg,0.007216917350888252
uav_2,data\demo\train\video_fragmentation_preview\crop_0046.jpg,0.08133147656917572
uav_2,data\demo\train\video_fragmentation_preview\crop_0047.jpg,0.10282709449529648
uav_2,data\demo\train\video_fragmentation_preview\crop_0048.jpg,0.10286075621843338
uav_2,data\demo\train\video_fragmentation_preview\crop_0049.jpg,-0.02637290209531784
uav_2,data\demo\train\video_fragmentation_preview\crop_0050.jpg,0.14108940958976746
uav_2,data\demo\train\video_fragmentation_preview\crop_0051.jpg,-0.13556402921676636
uav_2,data\demo\train\video_fragmentation_preview\crop_0052.jpg,-0.02860594354569912
uav_2,data\demo\train\video_fragmentation_preview\crop_0053.jpg,-0.015169188380241394
uav_2,data\demo\train\video_fragmentation_preview\crop_0054.jpg,-0.016780555248260498
uav_2,data\demo\train\video_fragmentation_preview\crop_0055.jpg,0.018389318138360977
uav_2,data\demo\train\video_fragmentation_preview\crop_0056.jpg,0.015846125781536102
uav_2,data\demo\train\video_fragmentation_preview\crop_0057.jpg,-0.1630553901195526
uav_2,data\demo\train\video_fragmentation_preview\crop_0058.jpg,-0.08667900413274765
uav_2,data\demo\train\video_fragmentation_preview\crop_0059.jpg,-0.02951676771044731
uav_2,data\demo\train\video_fragmentation_preview\crop_0060.jpg,0.0078591238707304
uav_2,data\demo\train\video_fragmentation_preview\crop_0061.jpg,0.02764602191746235
uav_2,data\demo\train\video_fragmentation_preview\crop_0062.jpg,-0.016461342573165894
uav_2,data\demo\train\video_fragmentation_preview\crop_0063.jpg,-0.04453670233488083
uav_2,data\demo\train\video_fragmentation_preview\crop_0064.jpg,0.11767297238111496
uav_2,data\demo\train\video_fragmentation_preview\crop_0065.jpg,0.01839650236070156
uav_2,data\demo\train\video_fragmentation_preview\crop_0066.jpg,-0.321491003036499
uav_2,data\demo\train\video_fragmentation_preview\crop_0067.jpg,-0.396697074174881
uav_2,data\demo\train\video_fragmentation_preview\crop_0068.jpg,-0.5441203713417053
uav_2,data\demo\train\video_fragmentation_preview\crop_0069.jpg,-0.36318325996398926
uav_bl,data\demo\train\video_fragmentation_preview\crop_0000.jpg,-0.09101885557174683
uav_bl,data\demo\train\video_fragmentation_preview\crop_0001.jpg,0.1793019026517868
uav_bl,data\demo\train\video_fragmentation_preview\crop_0002.jpg,0.2571239471435547
uav_bl,data\demo\train\video_fragmentation_preview\crop_0003.jpg,0.010065311565995216
uav_bl,data\demo\train\video_fragmentation_preview\crop_0004.jpg,-9.337067604064941e-05
uav_bl,data\demo\train\video_fragmentation_preview\crop_0005.jpg,0.1825065165758133
uav_bl,data\demo\train\video_fragmentation_preview\crop_0006.jpg,0.06939159333705902
uav_bl,data\demo\train\video_fragmentation_preview\crop_0007.jpg,-0.03860267624258995
uav_bl,data\demo\train\video_fragmentation_preview\crop_0008.jpg,0.07438133656978607
uav_bl,data\demo\train\video_fragmentation_preview\crop_0009.jpg,0.15268275141716003
uav_bl,data\demo\train\video_fragmentation_preview\crop_0010.jpg,0.07958532869815826
uav_bl,data\demo\train\video_fragmentation_preview\crop_0011.jpg,0.276167631149292
uav_bl,data\demo\train\video_fragmentation_preview\crop_0012.jpg,-0.08281885087490082
uav_bl,data\demo\train\video_fragmentation_preview\crop_0013.jpg,0.08941491693258286
uav_bl,data\demo\train\video_fragmentation_preview\crop_0014.jpg,0.21113769710063934
uav_bl,data\demo\train\video_fragmentation_preview\crop_0015.jpg,0.04866042733192444
uav_bl,data\demo\train\video_fragmentation_preview\crop_0016.jpg,-0.08989619463682175
uav_bl,data\demo\train\video_fragmentation_preview\crop_0017.jpg,0.30539369583129883
uav_bl,data\demo\train\video_fragmentation_preview\crop_0018.jpg,0.497620165348053
uav_bl,data\demo\train\video_fragmentation_preview\crop_0019.jpg,0.26846373081207275
uav_bl,data\demo\train\video_fragmentation_preview\crop_0020.jpg,-0.1798473596572876
uav_bl,data\demo\train\video_fragmentation_preview\crop_0021.jpg,8.556991815567017e-05
uav_bl,data\demo\train\video_fragmentation_preview\crop_0022.jpg,0.01513487845659256
uav_bl,data\demo\train\video_fragmentation_preview\crop_0023.jpg,-0.1536177396774292
uav_bl,data\demo\train\video_fragmentation_preview\crop_0024.jpg,-0.26290059089660645
uav_bl,data\demo\train\video_fragmentation_preview\crop_0025.jpg,-0.20398838818073273
uav_bl,data\demo\train\video_fragmentation_preview\crop_0026.jpg,-0.2999512553215027
uav_bl,data\demo\train\video_fragmentation_preview\crop_0027.jpg,-0.10436512529850006
uav_bl,data\demo\train\video_fragmentation_preview\crop_0028.jpg,-0.20227789878845215
uav_bl,data\demo\train\video_fragmentation_preview\crop_0029.jpg,-0.20672065019607544
uav_bl,data\demo\train\video_fragmentation_preview\crop_0030.jpg,-0.2243676781654358
uav_bl,data\demo\train\video_fragmentation_preview\crop_0031.jpg,-0.4073807895183563
uav_bl,data\demo\train\video_fragmentation_preview\crop_0032.jpg,0.053551554679870605
uav_bl,data\demo\train\video_fragmentation_preview\crop_0033.jpg,0.24796494841575623
uav_bl,data\demo\train\video_fragmentation_preview\crop_0034.jpg,0.13177338242530823
uav_bl,data\demo\train\video_fragmentation_preview\crop_0035.jpg,0.14297810196876526
uav_bl,data\demo\train\video_fragmentation_preview\crop_0036.jpg,0.3003978133201599
uav_bl,data\demo\train\video_fragmentation_preview\crop_0037.jpg,0.3249503970146179
uav_bl,data\demo\train\video_fragmentation_preview\crop_0038.jpg,0.163594588637352
uav_bl,data\demo\train\video_fragmentation_preview\crop_0039.jpg,0.28133344650268555
uav_bl,data\demo\train\video_fragmentation_preview\crop_0040.jpg,0.2721194624900818
uav_bl,data\demo\train\video_fragmentation_preview\crop_0041.jpg,0.30454614758491516
uav_bl,data\demo\train\video_fragmentation_preview\crop_0042.jpg,0.28950875997543335
uav_bl,data\demo\train\video_fragmentation_preview\crop_0043.jpg,0.16043886542320251
uav_bl,data\demo\train\video_fragmentation_preview\crop_0044.jpg,0.22943603992462158
uav_bl,data\demo\train\video_fragmentation_preview\crop_0045.jpg,0.2429102659225464
uav_bl,data\demo\train\video_fragmentation_preview\crop_0046.jpg,0.17092356085777283
uav_bl,data\demo\train\video_fragmentation_preview\crop_0047.jpg,0.17683838307857513
uav_bl,data\demo\train\video_fragmentation_preview\crop_0048.jpg,0.1297239065170288
uav_bl,data\demo\train\video_fragmentation_preview\crop_0049.jpg,0.27088311314582825
uav_bl,data\demo\train\video_fragmentation_preview\crop_0050.jpg,0.2789280414581299
uav_bl,data\demo\train\video_fragmentation_preview\crop_0051.jpg,0.3558076024055481
uav_bl,data\demo\train\video_fragmentation_preview\crop_0052.jpg,0.04337817430496216
uav_bl,data\demo\train\video_fragmentation_preview\crop_0053.jpg,0.05769422650337219
uav_bl,data\demo\train\video_fragmentation_preview\crop_0054.jpg,0.09973438084125519
uav_bl,data\demo\train\video_fragmentation_preview\crop_0055.jpg,0.15182390809059143
uav_bl,data\demo\train\video_fragmentation_preview\crop_0056.jpg,-0.025217808783054352
uav_bl,data\demo\train\video_fragmentation_preview\crop_0057.jpg,-0.03289450332522392
uav_bl,data\demo\train\video_fragmentation_preview\crop_0058.jpg,-0.09352811425924301
uav_bl,data\demo\train\video_fragmentation_preview\crop_0059.jpg,-0.014738872647285461
uav_bl,data\demo\train\video_fragmentation_preview\crop_0060.jpg,0.3154708743095398
uav_bl,data\demo\train\video_fragmentation_preview\crop_0061.jpg,0.21557164192199707
uav_bl,data\demo\train\video_fragmentation_preview\crop_0062.jpg,0.2563232481479645
uav_bl,data\demo\train\video_fragmentation_preview\crop_0063.jpg,0.029402632266283035
uav_bl,data\demo\train\video_fragmentation_preview\crop_0064.jpg,0.25567010045051575
uav_bl,data\demo\train\video_fragmentation_preview\crop_0065.jpg,0.270035982131958
uav_bl,data\demo\train\video_fragmentation_preview\crop_0066.jpg,-0.2902935743331909
uav_bl,data\demo\train\video_fragmentation_preview\crop_0067.jpg,-0.1480172574520111
uav_bl,data\demo\train\video_fragmentation_preview\crop_0068.jpg,-0.16722312569618225
uav_bl,data\demo\train\video_fragmentation_preview\crop_0069.jpg,-0.23855674266815186
uav_low_poly,data\demo\train\video_fragmentation_preview\crop_0000.jpg,-0.4969554543495178
uav_low_poly,data\demo\train\video_fragmentation_preview\crop_0001.jpg,-0.5852258205413818
uav_low_poly,data\demo\train\video_fragmentation_preview\crop_0002.jpg,-0.5431520938873291
uav_low_poly,data\demo\train\video_fragmentation_preview\crop_0003.jpg,-0.4033585786819458
uav_low_poly,data\demo\train\video_fragmentation_preview\crop_0004.jpg,-0.3919799327850342
uav_low_poly,data\demo\train\video_fragmentation_preview\crop_0005.jpg,-0.24952177703380585
uav_low_poly,data\demo\train\video_fragmentation_preview\crop_0006.jpg,-0.15303242206573486
uav_low_poly,data\demo\train\video_fragmentation_preview\crop_0007.jpg,-0.3438611626625061
uav_low_poly,data\demo\train\video_fragmentation_preview\crop_0008.jpg,-0.2803168296813965
uav_low_poly,data\demo\train\video_fragmentation_preview\crop_0009.jpg,-0.3934694230556488
uav_low_poly,data\demo\train\video_fragmentation_preview\crop_0010.jpg,-0.24377046525478363
uav_low_poly,data\demo\train\video_fragmentation_preview\crop_0011.jpg,-0.1607806384563446
uav_low_poly,data\demo\train\video_fragmentation_preview\crop_0012.jpg,-0.11785946041345596
uav_low_poly,data\demo\train\video_fragmentation_preview\crop_0013.jpg,-0.10653577744960785
uav_low_poly,data\demo\train\video_fragmentation_preview\crop_0014.jpg,-0.36289268732070923
uav_low_poly,data\demo\train\video_fragmentation_preview\crop_0015.jpg,-0.1939687877893448
uav_low_poly,data\demo\train\video_fragmentation_preview\crop_0016.jpg,0.17389577627182007
uav_low_poly,data\demo\train\video_fragmentation_preview\crop_0017.jpg,0.21543125808238983
uav_low_poly,data\demo\train\video_fragmentation_preview\crop_0018.jpg,0.002057969570159912
uav_low_poly,data\demo\train\video_fragmentation_preview\crop_0019.jpg,0.31624093651771545
uav_low_poly,data\demo\train\video_fragmentation_preview\crop_0020.jpg,0.5079913139343262
uav_low_poly,data\demo\train\video_fragmentation_preview\crop_0021.jpg,-0.005219094455242157
uav_low_poly,data\demo\train\video_fragmentation_preview\crop_0022.jpg,-0.024123400449752808
uav_low_poly,data\demo\train\video_fragmentation_preview\crop_0023.jpg,0.38372495770454407
uav_low_poly,data\demo\train\video_fragmentation_preview\crop_0024.jpg,0.02901865914463997
uav_low_poly,data\demo\train\video_fragmentation_preview\crop_0025.jpg,0.28445032238960266
uav_low_poly,data\demo\train\video_fragmentation_preview\crop_0026.jpg,0.18782024085521698
uav_low_poly,data\demo\train\video_fragmentation_preview\crop_0027.jpg,-0.03542155772447586
uav_low_poly,data\demo\train\video_fragmentation_preview\crop_0028.jpg,-0.056753456592559814
uav_low_poly,data\demo\train\video_fragmentation_preview\crop_0029.jpg,0.13692066073417664
uav_low_poly,data\demo\train\video_fragmentation_preview\crop_0030.jpg,0.1230194941163063
uav_low_poly,data\demo\train\video_fragmentation_preview\crop_0031.jpg,0.06305543333292007
uav_low_poly,data\demo\train\video_fragmentation_preview\crop_0032.jpg,-0.30866777896881104
uav_low_poly,data\demo\train\video_fragmentation_preview\crop_0033.jpg,-0.35761332511901855
uav_low_poly,data\demo\train\video_fragmentation_preview\crop_0034.jpg,-0.27876514196395874
uav_low_poly,data\demo\train\video_fragmentation_preview\crop_0035.jpg,-0.24038532376289368
uav_low_poly,data\demo\train\video_fragmentation_preview\crop_0036.jpg,-0.37108713388442993
uav_low_poly,data\demo\train\video_fragmentation_preview\crop_0037.jpg,-0.3863253891468048
uav_low_poly,data\demo\train\video_fragmentation_preview\crop_0038.jpg,-0.4024543762207031
uav_low_poly,data\demo\train\video_fragmentation_preview\crop_0039.jpg,-0.5938237309455872
uav_low_poly,data\demo\train\video_fragmentation_preview\crop_0040.jpg,-0.5956245064735413
uav_low_poly,data\demo\train\video_fragmentation_preview\crop_0041.jpg,-0.49389761686325073
uav_low_poly,data\demo\train\video_fragmentation_preview\crop_0042.jpg,-0.48464301228523254
uav_low_poly,data\demo\train\video_fragmentation_preview\crop_0043.jpg,-0.5640979409217834
uav_low_poly,data\demo\train\video_fragmentation_preview\crop_0044.jpg,-0.5451526641845703
uav_low_poly,data\demo\train\video_fragmentation_preview\crop_0045.jpg,-0.5550003051757812
uav_low_poly,data\demo\train\video_fragmentation_preview\crop_0046.jpg,-0.5399265885353088
uav_low_poly,data\demo\train\video_fragmentation_preview\crop_0047.jpg,-0.45520758628845215
uav_low_poly,data\demo\train\video_fragmentation_preview\crop_0048.jpg,-0.4121513366699219
uav_low_poly,data\demo\train\video_fragmentation_preview\crop_0049.jpg,-0.34278327226638794
uav_low_poly,data\demo\train\video_fragmentation_preview\crop_0050.jpg,-0.18794772028923035
uav_low_poly,data\demo\train\video_fragmentation_preview\crop_0051.jpg,-0.28825682401657104
uav_low_poly,data\demo\train\video_fragmentation_preview\crop_0052.jpg,-0.21137192845344543
uav_low_poly,data\demo\train\video_fragmentation_preview\crop_0053.jpg,-0.1969229280948639
uav_low_poly,data\demo\train\video_fragmentation_preview\crop_0054.jpg,-0.325102835893631
uav_low_poly,data\demo\train\video_fragmentation_preview\crop_0055.jpg,-0.4258599877357483
uav_low_poly,data\demo\train\video_fragmentation_preview\crop_0056.jpg,-0.12830893695354462
uav_low_poly,data\demo\train\video_fragmentation_preview\crop_0057.jpg,-0.08804532140493393
uav_low_poly,data\demo\train\video_fragmentation_preview\crop_0058.jpg,0.10722131282091141
uav_low_poly,data\demo\train\video_fragmentation_preview\crop_0059.jpg,-0.1368320882320404
uav_low_poly,data\demo\train\video_fragmentation_preview\crop_0060.jpg,-0.2929655909538269
uav_low_poly,data\demo\train\video_fragmentation_preview\crop_0061.jpg,-0.15583807229995728
uav_low_poly,data\demo\train\video_fragmentation_preview\crop_0062.jpg,-0.15607252717018127
uav_low_poly,data\demo\train\video_fragmentation_preview\crop_0063.jpg,-0.05268710106611252
uav_low_poly,data\demo\train\video_fragmentation_preview\crop_0064.jpg,-0.03379087150096893
uav_low_poly,data\demo\train\video_fragmentation_preview\crop_0065.jpg,-0.06501345336437225
uav_low_poly,data\demo\train\video_fragmentation_preview\crop_0066.jpg,0.15328341722488403
uav_low_poly,data\demo\train\video_fragmentation_preview\crop_0067.jpg,0.15802554786205292
uav_low_poly,data\demo\train\video_fragmentation_preview\crop_0068.jpg,0.05437276139855385
uav_low_poly,data\demo\train\video_fragmentation_preview\crop_0069.jpg,0.16439341008663177
uav_strike_drone_2_war_thunder_line_of_contact,data\demo\train\video_fragmentation_preview\crop_0000.jpg,-0.10818532854318619
uav_strike_drone_2_war_thunder_line_of_contact,data\demo\train\video_fragmentation_preview\crop_0001.jpg,0.10696570575237274
uav_strike_drone_2_war_thunder_line_of_contact,data\demo\train\video_fragmentation_preview\crop_0002.jpg,0.2608303427696228
uav_strike_drone_2_war_thunder_line_of_contact,data\demo\train\video_fragmentation_preview\crop_0003.jpg,0.22728610038757324
uav_strike_drone_2_war_thunder_line_of_contact,data\demo\train\video_fragmentation_preview\crop_0004.jpg,0.22068968415260315
uav_strike_drone_2_war_thunder_line_of_contact,data\demo\train\video_fragmentation_preview\crop_0005.jpg,0.46897727251052856
uav_strike_drone_2_war_thunder_line_of_contact,data\demo\train\video_fragmentation_preview\crop_0006.jpg,0.5453717112541199
uav_strike_drone_2_war_thunder_line_of_contact,data\demo\train\video_fragmentation_preview\crop_0007.jpg,0.1852034330368042
uav_strike_drone_2_war_thunder_line_of_contact,data\demo\train\video_fragmentation_preview\crop_0008.jpg,0.35923632979393005
uav_strike_drone_2_war_thunder_line_of_contact,data\demo\train\video_fragmentation_preview\crop_0009.jpg,0.3647369146347046
uav_strike_drone_2_war_thunder_line_of_contact,data\demo\train\video_fragmentation_preview\crop_0010.jpg,0.41823554039001465
uav_strike_drone_2_war_thunder_line_of_contact,data\demo\train\video_fragmentation_preview\crop_0011.jpg,0.5921368598937988
uav_strike_drone_2_war_thunder_line_of_contact,data\demo\train\video_fragmentation_preview\crop_0012.jpg,0.12086614966392517
uav_strike_drone_2_war_thunder_line_of_contact,data\demo\train\video_fragmentation_preview\crop_0013.jpg,0.40945273637771606
uav_strike_drone_2_war_thunder_line_of_contact,data\demo\train\video_fragmentation_preview\crop_0014.jpg,0.21372553706169128
uav_strike_drone_2_war_thunder_line_of_contact,data\demo\train\video_fragmentation_preview\crop_0015.jpg,0.08673469722270966
uav_strike_drone_2_war_thunder_line_of_contact,data\demo\train\video_fragmentation_preview\crop_0016.jpg,0.3569154739379883
uav_strike_drone_2_war_thunder_line_of_contact,data\demo\train\video_fragmentation_preview\crop_0017.jpg,0.49639996886253357
uav_strike_drone_2_war_thunder_line_of_contact,data\demo\train\video_fragmentation_preview\crop_0018.jpg,0.8060241937637329
uav_strike_drone_2_war_thunder_line_of_contact,data\demo\train\video_fragmentation_preview\crop_0019.jpg,0.398710161447525
uav_strike_drone_2_war_thunder_line_of_contact,data\demo\train\video_fragmentation_preview\crop_0020.jpg,0.44813933968544006
uav_strike_drone_2_war_thunder_line_of_contact,data\demo\train\video_fragmentation_preview\crop_0021.jpg,0.10124672949314117
uav_strike_drone_2_war_thunder_line_of_contact,data\demo\train\video_fragmentation_preview\crop_0022.jpg,0.10322652757167816
uav_strike_drone_2_war_thunder_line_of_contact,data\demo\train\video_fragmentation_preview\crop_0023.jpg,0.20499035716056824
uav_strike_drone_2_war_thunder_line_of_contact,data\demo\train\video_fragmentation_preview\crop_0024.jpg,-0.39109089970588684
uav_strike_drone_2_war_thunder_line_of_contact,data\demo\train\video_fragmentation_preview\crop_0025.jpg,-0.19617316126823425
uav_strike_drone_2_war_thunder_line_of_contact,data\demo\train\video_fragmentation_preview\crop_0026.jpg,-0.12766008079051971
uav_strike_drone_2_war_thunder_line_of_contact,data\demo\train\video_fragmentation_preview\crop_0027.jpg,-0.05089005082845688
uav_strike_drone_2_war_thunder_line_of_contact,data\demo\train\video_fragmentation_preview\crop_0028.jpg,-0.15005367994308472
uav_strike_drone_2_war_thunder_line_of_contact,data\demo\train\video_fragmentation_preview\crop_0029.jpg,-0.06958138942718506
uav_strike_drone_2_war_thunder_line_of_contact,data\demo\train\video_fragmentation_preview\crop_0030.jpg,0.07682006806135178
uav_strike_drone_2_war_thunder_line_of_contact,data\demo\train\video_fragmentation_preview\crop_0031.jpg,-0.33289507031440735
uav_strike_drone_2_war_thunder_line_of_contact,data\demo\train\video_fragmentation_preview\crop_0032.jpg,-0.22639751434326172
uav_strike_drone_2_war_thunder_line_of_contact,data\demo\train\video_fragmentation_preview\crop_0033.jpg,-0.2605360746383667
uav_strike_drone_2_war_thunder_line_of_contact,data\demo\train\video_fragmentation_preview\crop_0034.jpg,-0.25241386890411377
uav_strike_drone_2_war_thunder_line_of_contact,data\demo\train\video_fragmentation_preview\crop_0035.jpg,-0.21429036557674408
uav_strike_drone_2_war_thunder_line_of_contact,data\demo\train\video_fragmentation_preview\crop_0036.jpg,0.050977922976017
uav_strike_drone_2_war_thunder_line_of_contact,data\demo\train\video_fragmentation_preview\crop_0037.jpg,-0.23515644669532776
uav_strike_drone_2_war_thunder_line_of_contact,data\demo\train\video_fragmentation_preview\crop_0038.jpg,-0.17888951301574707
uav_strike_drone_2_war_thunder_line_of_contact,data\demo\train\video_fragmentation_preview\crop_0039.jpg,-0.33206015825271606
uav_strike_drone_2_war_thunder_line_of_contact,data\demo\train\video_fragmentation_preview\crop_0040.jpg,-0.27508509159088135
uav_strike_drone_2_war_thunder_line_of_contact,data\demo\train\video_fragmentation_preview\crop_0041.jpg,-0.23107436299324036
uav_strike_drone_2_war_thunder_line_of_contact,data\demo\train\video_fragmentation_preview\crop_0042.jpg,-0.12843039631843567
uav_strike_drone_2_war_thunder_line_of_contact,data\demo\train\video_fragmentation_preview\crop_0043.jpg,-0.3089509606361389
uav_strike_drone_2_war_thunder_line_of_contact,data\demo\train\video_fragmentation_preview\crop_0044.jpg,-0.4006659984588623
uav_strike_drone_2_war_thunder_line_of_contact,data\demo\train\video_fragmentation_preview\crop_0045.jpg,-0.30933064222335815
uav_strike_drone_2_war_thunder_line_of_contact,data\demo\train\video_fragmentation_preview\crop_0046.jpg,-0.33973270654678345
uav_strike_drone_2_war_thunder_line_of_contact,data\demo\train\video_fragmentation_preview\crop_0047.jpg,-0.345937043428421
uav_strike_drone_2_war_thunder_line_of_contact,data\demo\train\video_fragmentation_preview\crop_0048.jpg,-0.3103603422641754
uav_strike_drone_2_war_thunder_line_of_contact,data\demo\train\video_fragmentation_preview\crop_0049.jpg,-0.2730761170387268
uav_strike_drone_2_war_thunder_line_of_contact,data\demo\train\video_fragmentation_preview\crop_0050.jpg,-0.021414227783679962
uav_strike_drone_2_war_thunder_line_of_contact,data\demo\train\video_fragmentation_preview\crop_0051.jpg,-0.026799947023391724
uav_strike_drone_2_war_thunder_line_of_contact,data\demo\train\video_fragmentation_preview\crop_0052.jpg,-0.25441238284111023
uav_strike_drone_2_war_thunder_line_of_contact,data\demo\train\video_fragmentation_preview\crop_0053.jpg,-0.040518876165151596
uav_strike_drone_2_war_thunder_line_of_contact,data\demo\train\video_fragmentation_preview\crop_0054.jpg,-0.32384562492370605
uav_strike_drone_2_war_thunder_line_of_contact,data\demo\train\video_fragmentation_preview\crop_0055.jpg,-0.2884848713874817
uav_strike_drone_2_war_thunder_line_of_contact,data\demo\train\video_fragmentation_preview\crop_0056.jpg,-0.2756726145744324
uav_strike_drone_2_war_thunder_line_of_contact,data\demo\train\video_fragmentation_preview\crop_0057.jpg,-0.29938966035842896
uav_strike_drone_2_war_thunder_line_of_contact,data\demo\train\video_fragmentation_preview\crop_0058.jpg,0.043730370700359344
uav_strike_drone_2_war_thunder_line_of_contact,data\demo\train\video_fragmentation_preview\crop_0059.jpg,-0.10593809932470322
uav_strike_drone_2_war_thunder_line_of_contact,data\demo\train\video_fragmentation_preview\crop_0060.jpg,-0.04835519194602966
uav_strike_drone_2_war_thunder_line_of_contact,data\demo\train\video_fragmentation_preview\crop_0061.jpg,0.27522599697113037
uav_strike_drone_2_war_thunder_line_of_contact,data\demo\train\video_fragmentation_preview\crop_0062.jpg,0.22707174718379974
uav_strike_drone_2_war_thunder_line_of_contact,data\demo\train\video_fragmentation_preview\crop_0063.jpg,-0.08363615721464157
uav_strike_drone_2_war_thunder_line_of_contact,data\demo\train\video_fragmentation_preview\crop_0064.jpg,0.22205984592437744
uav_strike_drone_2_war_thunder_line_of_contact,data\demo\train\video_fragmentation_preview\crop_0065.jpg,0.21224361658096313
uav_strike_drone_2_war_thunder_line_of_contact,data\demo\train\video_fragmentation_preview\crop_0066.jpg,0.02810540422797203
uav_strike_drone_2_war_thunder_line_of_contact,data\demo\train\video_fragmentation_preview\crop_0067.jpg,0.1070256233215332
uav_strike_drone_2_war_thunder_line_of_contact,data\demo\train\video_fragmentation_preview\crop_0068.jpg,-0.0577826201915741
uav_strike_drone_2_war_thunder_line_of_contact,data\demo\train\video_fragmentation_preview\crop_0069.jpg,0.08407679200172424
uj-32_lastvika_uav,data\demo\train\video_fragmentation_preview\crop_0000.jpg,-0.7347124814987183
uj-32_lastvika_uav,data\demo\train\video_fragmentation_preview\crop_0001.jpg,-0.5930967330932617
uj-32_lastvika_uav,data\demo\train\video_fragmentation_preview\crop_0002.jpg,-0.5067808628082275
uj-32_lastvika_uav,data\demo\train\video_fragmentation_preview\crop_0003.jpg,-0.625308632850647
uj-32_lastvika_uav,data\demo\train\video_fragmentation_preview\crop_0004.jpg,-0.6626577973365784
uj-32_lastvika_uav,data\demo\train\video_fragmentation_preview\crop_0005.jpg,-0.43321096897125244
uj-32_lastvika_uav,data\demo\train\video_fragmentation_preview\crop_0006.jpg,-0.5046781301498413
uj-32_lastvika_uav,data\demo\train\video_fragmentation_preview\crop_0007.jpg,-0.6594350337982178
uj-32_lastvika_uav,data\demo\train\video_fragmentation_preview\crop_0008.jpg,-0.5441461801528931
uj-32_lastvika_uav,data\demo\train\video_fragmentation_preview\crop_0009.jpg,-0.47356316447257996
uj-32_lastvika_uav,data\demo\train\video_fragmentation_preview\crop_0010.jpg,-0.46048444509506226
uj-32_lastvika_uav,data\demo\train\video_fragmentation_preview\crop_0011.jpg,-0.2079031765460968
uj-32_lastvika_uav,data\demo\train\video_fragmentation_preview\crop_0012.jpg,-0.31848976016044617
uj-32_lastvika_uav,data\demo\train\video_fragmentation_preview\crop_0013.jpg,-0.18750205636024475
uj-32_lastvika_uav,data\demo\train\video_fragmentation_preview\crop_0014.jpg,-0.18791957199573517
uj-32_lastvika_uav,data\demo\train\video_fragmentation_preview\crop_0015.jpg,-0.12807846069335938
uj-32_lastvika_uav,data\demo\train\video_fragmentation_preview\crop_0016.jpg,-0.02986888587474823
uj-32_lastvika_uav,data\demo\train\video_fragmentation_preview\crop_0017.jpg,0.46133875846862793
uj-32_lastvika_uav,data\demo\train\video_fragmentation_preview\crop_0018.jpg,0.36429518461227417
uj-32_lastvika_uav,data\demo\train\video_fragmentation_preview\crop_0019.jpg,0.6887913942337036
uj-32_lastvika_uav,data\demo\train\video_fragmentation_preview\crop_0020.jpg,0.2166856974363327
uj-32_lastvika_uav,data\demo\train\video_fragmentation_preview\crop_0021.jpg,0.07113849371671677
uj-32_lastvika_uav,data\demo\train\video_fragmentation_preview\crop_0022.jpg,0.09643904864788055
uj-32_lastvika_uav,data\demo\train\video_fragmentation_preview\crop_0023.jpg,0.24869473278522491
uj-32_lastvika_uav,data\demo\train\video_fragmentation_preview\crop_0024.jpg,-0.08826734870672226
uj-32_lastvika_uav,data\demo\train\video_fragmentation_preview\crop_0025.jpg,0.1986745446920395
uj-32_lastvika_uav,data\demo\train\video_fragmentation_preview\crop_0026.jpg,-0.00038285553455352783
uj-32_lastvika_uav,data\demo\train\video_fragmentation_preview\crop_0027.jpg,-0.015963338315486908
uj-32_lastvika_uav,data\demo\train\video_fragmentation_preview\crop_0028.jpg,-0.14540818333625793
uj-32_lastvika_uav,data\demo\train\video_fragmentation_preview\crop_0029.jpg,0.06568115949630737
uj-32_lastvika_uav,data\demo\train\video_fragmentation_preview\crop_0030.jpg,-0.059400998055934906
uj-32_lastvika_uav,data\demo\train\video_fragmentation_preview\crop_0031.jpg,-0.24824517965316772
uj-32_lastvika_uav,data\demo\train\video_fragmentation_preview\crop_0032.jpg,-0.3696497678756714
uj-32_lastvika_uav,data\demo\train\video_fragmentation_preview\crop_0033.jpg,-0.04838240519165993
uj-32_lastvika_uav,data\demo\train\video_fragmentation_preview\crop_0034.jpg,-0.21861378848552704
uj-32_lastvika_uav,data\demo\train\video_fragmentation_preview\crop_0035.jpg,-0.13045227527618408
uj-32_lastvika_uav,data\demo\train\video_fragmentation_preview\crop_0036.jpg,-0.24264533817768097
uj-32_lastvika_uav,data\demo\train\video_fragmentation_preview\crop_0037.jpg,-0.054414860904216766
uj-32_lastvika_uav,data\demo\train\video_fragmentation_preview\crop_0038.jpg,-0.3280481994152069
uj-32_lastvika_uav,data\demo\train\video_fragmentation_preview\crop_0039.jpg,-0.30226507782936096
uj-32_lastvika_uav,data\demo\train\video_fragmentation_preview\crop_0040.jpg,-0.3437071144580841
uj-32_lastvika_uav,data\demo\train\video_fragmentation_preview\crop_0041.jpg,-0.25087299942970276
uj-32_lastvika_uav,data\demo\train\video_fragmentation_preview\crop_0042.jpg,-0.3158569037914276
uj-32_lastvika_uav,data\demo\train\video_fragmentation_preview\crop_0043.jpg,-0.4786149859428406
uj-32_lastvika_uav,data\demo\train\video_fragmentation_preview\crop_0044.jpg,-0.32314738631248474
uj-32_lastvika_uav,data\demo\train\video_fragmentation_preview\crop_0045.jpg,-0.3773784637451172
uj-32_lastvika_uav,data\demo\train\video_fragmentation_preview\crop_0046.jpg,-0.4415963292121887
uj-32_lastvika_uav,data\demo\train\video_fragmentation_preview\crop_0047.jpg,-0.34028685092926025
uj-32_lastvika_uav,data\demo\train\video_fragmentation_preview\crop_0048.jpg,-0.39217010140419006
uj-32_lastvika_uav,data\demo\train\video_fragmentation_preview\crop_0049.jpg,-0.134582981467247
uj-32_lastvika_uav,data\demo\train\video_fragmentation_preview\crop_0050.jpg,-0.06239284202456474
uj-32_lastvika_uav,data\demo\train\video_fragmentation_preview\crop_0051.jpg,-0.08347046375274658
uj-32_lastvika_uav,data\demo\train\video_fragmentation_preview\crop_0052.jpg,-0.32959359884262085
uj-32_lastvika_uav,data\demo\train\video_fragmentation_preview\crop_0053.jpg,-0.3864078223705292
uj-32_lastvika_uav,data\demo\train\video_fragmentation_preview\crop_0054.jpg,-0.36923670768737793
uj-32_lastvika_uav,data\demo\train\video_fragmentation_preview\crop_0055.jpg,-0.3725547194480896
uj-32_lastvika_uav,data\demo\train\video_fragmentation_preview\crop_0056.jpg,-0.2777917683124542
uj-32_lastvika_uav,data\demo\train\video_fragmentation_preview\crop_0057.jpg,-0.2772889733314514
uj-32_lastvika_uav,data\demo\train\video_fragmentation_preview\crop_0058.jpg,-0.3076714873313904
uj-32_lastvika_uav,data\demo\train\video_fragmentation_preview\crop_0059.jpg,-0.40496817231178284
uj-32_lastvika_uav,data\demo\train\video_fragmentation_preview\crop_0060.jpg,-0.06957211345434189
uj-32_lastvika_uav,data\demo\train\video_fragmentation_preview\crop_0061.jpg,-0.23781998455524445
uj-32_lastvika_uav,data\demo\train\video_fragmentation_preview\crop_0062.jpg,-0.16398337483406067
uj-32_lastvika_uav,data\demo\train\video_fragmentation_preview\crop_0063.jpg,-0.189485102891922
uj-32_lastvika_uav,data\demo\train\video_fragmentation_preview\crop_0064.jpg,0.011758700013160706
uj-32_lastvika_uav,data\demo\train\video_fragmentation_preview\crop_0065.jpg,0.02634790539741516
uj-32_lastvika_uav,data\demo\train\video_fragmentation_preview\crop_0066.jpg,-0.420645147562027
uj-32_lastvika_uav,data\demo\train\video_fragmentation_preview\crop_0067.jpg,-0.2478657066822052
uj-32_lastvika_uav,data\demo\train\video_fragmentation_preview\crop_0068.jpg,-0.30200329422950745
uj-32_lastvika_uav,data\demo\train\video_fragmentation_preview\crop_0069.jpg,-0.36187565326690674
Ukraine_pavilion_2,data\demo\train\video_fragmentation_preview\crop_0000.jpg,0.21001595258712769
Ukraine_pavilion_2,data\demo\train\video_fragmentation_preview\crop_0001.jpg,0.40920108556747437
Ukraine_pavilion_2,data\demo\train\video_fragmentation_preview\crop_0002.jpg,0.2833389341831207
Ukraine_pavilion_2,data\demo\train\video_fragmentation_preview\crop_0003.jpg,0.21274307370185852
Ukraine_pavilion_2,data\demo\train\video_fragmentation_preview\crop_0004.jpg,0.31031763553619385
Ukraine_pavilion_2,data\demo\train\video_fragmentation_preview\crop_0005.jpg,0.4104304909706116
Ukraine_pavilion_2,data\demo\train\video_fragmentation_preview\crop_0006.jpg,0.4192257523536682
Ukraine_pavilion_2,data\demo\train\video_fragmentation_preview\crop_0007.jpg,0.37423717975616455
Ukraine_pavilion_2,data\demo\train\video_fragmentation_preview\crop_0008.jpg,0.545681357383728
Ukraine_pavilion_2,data\demo\train\video_fragmentation_preview\crop_0009.jpg,0.48735857009887695
Ukraine_pavilion_2,data\demo\train\video_fragmentation_preview\crop_0010.jpg,0.5997287034988403
Ukraine_pavilion_2,data\demo\train\video_fragmentation_preview\crop_0011.jpg,0.6075285077095032
Ukraine_pavilion_2,data\demo\train\video_fragmentation_preview\crop_0012.jpg,0.5814275741577148
Ukraine_pavilion_2,data\demo\train\video_fragmentation_preview\crop_0013.jpg,0.5780496597290039
Ukraine_pavilion_2,data\demo\train\video_fragmentation_preview\crop_0014.jpg,0.4712967276573181
Ukraine_pavilion_2,data\demo\train\video_fragmentation_preview\crop_0015.jpg,0.47391706705093384
Ukraine_pavilion_2,data\demo\train\video_fragmentation_preview\crop_0016.jpg,0.6370273232460022
Ukraine_pavilion_2,data\demo\train\video_fragmentation_preview\crop_0017.jpg,0.5830167531967163
Ukraine_pavilion_2,data\demo\train\video_fragmentation_preview\crop_0018.jpg,0.3553365468978882
Ukraine_pavilion_2,data\demo\train\video_fragmentation_preview\crop_0019.jpg,0.21079325675964355
Ukraine_pavilion_2,data\demo\train\video_fragmentation_preview\crop_0020.jpg,0.36661356687545776
Ukraine_pavilion_2,data\demo\train\video_fragmentation_preview\crop_0021.jpg,0.33876898884773254
Ukraine_pavilion_2,data\demo\train\video_fragmentation_preview\crop_0022.jpg,0.27761292457580566
Ukraine_pavilion_2,data\demo\train\video_fragmentation_preview\crop_0023.jpg,0.35773909091949463
Ukraine_pavilion_2,data\demo\train\video_fragmentation_preview\crop_0024.jpg,0.4094199538230896
Ukraine_pavilion_2,data\demo\train\video_fragmentation_preview\crop_0025.jpg,0.42142564058303833
Ukraine_pavilion_2,data\demo\train\video_fragmentation_preview\crop_0026.jpg,0.32743510603904724
Ukraine_pavilion_2,data\demo\train\video_fragmentation_preview\crop_0027.jpg,0.30848801136016846
Ukraine_pavilion_2,data\demo\train\video_fragmentation_preview\crop_0028.jpg,0.3510294556617737
Ukraine_pavilion_2,data\demo\train\video_fragmentation_preview\crop_0029.jpg,0.3005995452404022
Ukraine_pavilion_2,data\demo\train\video_fragmentation_preview\crop_0030.jpg,0.3201541006565094
Ukraine_pavilion_2,data\demo\train\video_fragmentation_preview\crop_0031.jpg,0.3542930483818054
Ukraine_pavilion_2,data\demo\train\video_fragmentation_preview\crop_0032.jpg,0.2663463056087494
Ukraine_pavilion_2,data\demo\train\video_fragmentation_preview\crop_0033.jpg,0.18650448322296143
Ukraine_pavilion_2,data\demo\train\video_fragmentation_preview\crop_0034.jpg,0.39604252576828003
Ukraine_pavilion_2,data\demo\train\video_fragmentation_preview\crop_0035.jpg,0.26863518357276917
Ukraine_pavilion_2,data\demo\train\video_fragmentation_preview\crop_0036.jpg,0.45547667145729065
Ukraine_pavilion_2,data\demo\train\video_fragmentation_preview\crop_0037.jpg,0.285305917263031
Ukraine_pavilion_2,data\demo\train\video_fragmentation_preview\crop_0038.jpg,0.32301461696624756
Ukraine_pavilion_2,data\demo\train\video_fragmentation_preview\crop_0039.jpg,0.20473939180374146
Ukraine_pavilion_2,data\demo\train\video_fragmentation_preview\crop_0040.jpg,0.25826379656791687
Ukraine_pavilion_2,data\demo\train\video_fragmentation_preview\crop_0041.jpg,0.07897265255451202
Ukraine_pavilion_2,data\demo\train\video_fragmentation_preview\crop_0042.jpg,0.23026880621910095
Ukraine_pavilion_2,data\demo\train\video_fragmentation_preview\crop_0043.jpg,0.09293682873249054
Ukraine_pavilion_2,data\demo\train\video_fragmentation_preview\crop_0044.jpg,0.09217284619808197
Ukraine_pavilion_2,data\demo\train\video_fragmentation_preview\crop_0045.jpg,0.1899457573890686
Ukraine_pavilion_2,data\demo\train\video_fragmentation_preview\crop_0046.jpg,0.07077756524085999
Ukraine_pavilion_2,data\demo\train\video_fragmentation_preview\crop_0047.jpg,0.05411627143621445
Ukraine_pavilion_2,data\demo\train\video_fragmentation_preview\crop_0048.jpg,0.09809482097625732
Ukraine_pavilion_2,data\demo\train\video_fragmentation_preview\crop_0049.jpg,0.19502711296081543
Ukraine_pavilion_2,data\demo\train\video_fragmentation_preview\crop_0050.jpg,0.14745119214057922
Ukraine_pavilion_2,data\demo\train\video_fragmentation_preview\crop_0051.jpg,0.38088423013687134
Ukraine_pavilion_2,data\demo\train\video_fragmentation_preview\crop_0052.jpg,0.28745222091674805
Ukraine_pavilion_2,data\demo\train\video_fragmentation_preview\crop_0053.jpg,0.43871214985847473
Ukraine_pavilion_2,data\demo\train\video_fragmentation_preview\crop_0054.jpg,0.32390570640563965
Ukraine_pavilion_2,data\demo\train\video_fragmentation_preview\crop_0055.jpg,0.3494756817817688
Ukraine_pavilion_2,data\demo\train\video_fragmentation_preview\crop_0056.jpg,0.3788605332374573
Ukraine_pavilion_2,data\demo\train\video_fragmentation_preview\crop_0057.jpg,0.6324484348297119
Ukraine_pavilion_2,data\demo\train\video_fragmentation_preview\crop_0058.jpg,0.6594034433364868
Ukraine_pavilion_2,data\demo\train\video_fragmentation_preview\crop_0059.jpg,0.563345193862915
Ukraine_pavilion_2,data\demo\train\video_fragmentation_preview\crop_0060.jpg,0.45836377143859863
Ukraine_pavilion_2,data\demo\train\video_fragmentation_preview\crop_0061.jpg,0.5162848234176636
Ukraine_pavilion_2,data\demo\train\video_fragmentation_preview\crop_0062.jpg,0.4848707616329193
Ukraine_pavilion_2,data\demo\train\video_fragmentation_preview\crop_0063.jpg,0.6256217360496521
Ukraine_pavilion_2,data\demo\train\video_fragmentation_preview\crop_0064.jpg,0.4264509677886963
Ukraine_pavilion_2,data\demo\train\video_fragmentation_preview\crop_0065.jpg,0.5266549587249756
Ukraine_pavilion_2,data\demo\train\video_fragmentation_preview\crop_0066.jpg,0.8931246995925903
Ukraine_pavilion_2,data\demo\train\video_fragmentation_preview\crop_0067.jpg,0.9298298954963684
Ukraine_pavilion_2,data\demo\train\video_fragmentation_preview\crop_0068.jpg,0.9390202164649963
Ukraine_pavilion_2,data\demo\train\video_fragmentation_preview\crop_0069.jpg,0.9193717837333679
Ukraine_poseidon,data\demo\train\video_fragmentation_preview\crop_0000.jpg,0.07581815868616104
Ukraine_poseidon,data\demo\train\video_fragmentation_preview\crop_0001.jpg,0.13129836320877075
Ukraine_poseidon,data\demo\train\video_fragmentation_preview\crop_0002.jpg,0.13388150930404663
Ukraine_poseidon,data\demo\train\video_fragmentation_preview\crop_0003.jpg,0.08408313244581223
Ukraine_poseidon,data\demo\train\video_fragmentation_preview\crop_0004.jpg,0.0854257196187973
Ukraine_poseidon,data\demo\train\video_fragmentation_preview\crop_0005.jpg,0.13311970233917236
Ukraine_poseidon,data\demo\train\video_fragmentation_preview\crop_0006.jpg,0.18638569116592407
Ukraine_poseidon,data\demo\train\video_fragmentation_preview\crop_0007.jpg,0.08810612559318542
Ukraine_poseidon,data\demo\train\video_fragmentation_preview\crop_0008.jpg,0.12786924839019775
Ukraine_poseidon,data\demo\train\video_fragmentation_preview\crop_0009.jpg,0.05682704597711563
Ukraine_poseidon,data\demo\train\video_fragmentation_preview\crop_0010.jpg,0.021058961749076843
Ukraine_poseidon,data\demo\train\video_fragmentation_preview\crop_0011.jpg,0.15683513879776
Ukraine_poseidon,data\demo\train\video_fragmentation_preview\crop_0012.jpg,-0.17206357419490814
Ukraine_poseidon,data\demo\train\video_fragmentation_preview\crop_0013.jpg,0.018312543630599976
Ukraine_poseidon,data\demo\train\video_fragmentation_preview\crop_0014.jpg,-0.1289529800415039
Ukraine_poseidon,data\demo\train\video_fragmentation_preview\crop_0015.jpg,-0.25240060687065125
Ukraine_poseidon,data\demo\train\video_fragmentation_preview\crop_0016.jpg,0.006058201193809509
Ukraine_poseidon,data\demo\train\video_fragmentation_preview\crop_0017.jpg,0.01668454334139824
Ukraine_poseidon,data\demo\train\video_fragmentation_preview\crop_0018.jpg,0.02538042515516281
Ukraine_poseidon,data\demo\train\video_fragmentation_preview\crop_0019.jpg,-0.22159890830516815
Ukraine_poseidon,data\demo\train\video_fragmentation_preview\crop_0020.jpg,-0.13882073760032654
Ukraine_poseidon,data\demo\train\video_fragmentation_preview\crop_0021.jpg,-0.15378175675868988
Ukraine_poseidon,data\demo\train\video_fragmentation_preview\crop_0022.jpg,-0.09709906578063965
Ukraine_poseidon,data\demo\train\video_fragmentation_preview\crop_0023.jpg,-0.19594122469425201
Ukraine_poseidon,data\demo\train\video_fragmentation_preview\crop_0024.jpg,-0.18088388442993164
Ukraine_poseidon,data\demo\train\video_fragmentation_preview\crop_0025.jpg,-0.15226291120052338
Ukraine_poseidon,data\demo\train\video_fragmentation_preview\crop_0026.jpg,-0.181956946849823
Ukraine_poseidon,data\demo\train\video_fragmentation_preview\crop_0027.jpg,-0.1803211271762848
Ukraine_poseidon,data\demo\train\video_fragmentation_preview\crop_0028.jpg,-0.17286500334739685
Ukraine_poseidon,data\demo\train\video_fragmentation_preview\crop_0029.jpg,-0.24122843146324158
Ukraine_poseidon,data\demo\train\video_fragmentation_preview\crop_0030.jpg,-0.16099394857883453
Ukraine_poseidon,data\demo\train\video_fragmentation_preview\crop_0031.jpg,-0.05684996396303177
Ukraine_poseidon,data\demo\train\video_fragmentation_preview\crop_0032.jpg,0.7693300247192383
Ukraine_poseidon,data\demo\train\video_fragmentation_preview\crop_0033.jpg,0.8174684047698975
Ukraine_poseidon,data\demo\train\video_fragmentation_preview\crop_0034.jpg,0.8235454559326172
Ukraine_poseidon,data\demo\train\video_fragmentation_preview\crop_0035.jpg,0.800607442855835
Ukraine_poseidon,data\demo\train\video_fragmentation_preview\crop_0036.jpg,0.6945210695266724
Ukraine_poseidon,data\demo\train\video_fragmentation_preview\crop_0037.jpg,0.8154189586639404
Ukraine_poseidon,data\demo\train\video_fragmentation_preview\crop_0038.jpg,0.7893881797790527
Ukraine_poseidon,data\demo\train\video_fragmentation_preview\crop_0039.jpg,0.6772381663322449
Ukraine_poseidon,data\demo\train\video_fragmentation_preview\crop_0040.jpg,0.714113712310791
Ukraine_poseidon,data\demo\train\video_fragmentation_preview\crop_0041.jpg,0.6786885261535645
Ukraine_poseidon,data\demo\train\video_fragmentation_preview\crop_0042.jpg,0.6612652540206909
Ukraine_poseidon,data\demo\train\video_fragmentation_preview\crop_0043.jpg,0.5263162851333618
Ukraine_poseidon,data\demo\train\video_fragmentation_preview\crop_0044.jpg,0.6198831796646118
Ukraine_poseidon,data\demo\train\video_fragmentation_preview\crop_0045.jpg,0.5823643207550049
Ukraine_poseidon,data\demo\train\video_fragmentation_preview\crop_0046.jpg,0.43830543756484985
Ukraine_poseidon,data\demo\train\video_fragmentation_preview\crop_0047.jpg,0.5255834460258484
Ukraine_poseidon,data\demo\train\video_fragmentation_preview\crop_0048.jpg,0.5607510209083557
Ukraine_poseidon,data\demo\train\video_fragmentation_preview\crop_0049.jpg,0.6698614954948425
Ukraine_poseidon,data\demo\train\video_fragmentation_preview\crop_0050.jpg,0.6988767385482788
Ukraine_poseidon,data\demo\train\video_fragmentation_preview\crop_0051.jpg,0.6867523193359375
Ukraine_poseidon,data\demo\train\video_fragmentation_preview\crop_0052.jpg,0.5565003156661987
Ukraine_poseidon,data\demo\train\video_fragmentation_preview\crop_0053.jpg,0.6011987924575806
Ukraine_poseidon,data\demo\train\video_fragmentation_preview\crop_0054.jpg,0.6106147170066833
Ukraine_poseidon,data\demo\train\video_fragmentation_preview\crop_0055.jpg,0.6957475543022156
Ukraine_poseidon,data\demo\train\video_fragmentation_preview\crop_0056.jpg,0.6916741132736206
Ukraine_poseidon,data\demo\train\video_fragmentation_preview\crop_0057.jpg,0.7796855568885803
Ukraine_poseidon,data\demo\train\video_fragmentation_preview\crop_0058.jpg,0.7289178371429443
Ukraine_poseidon,data\demo\train\video_fragmentation_preview\crop_0059.jpg,0.7605301141738892
Ukraine_poseidon,data\demo\train\video_fragmentation_preview\crop_0060.jpg,0.8993099331855774
Ukraine_poseidon,data\demo\train\video_fragmentation_preview\crop_0061.jpg,0.7029957175254822
Ukraine_poseidon,data\demo\train\video_fragmentation_preview\crop_0062.jpg,0.7351863980293274
Ukraine_poseidon,data\demo\train\video_fragmentation_preview\crop_0063.jpg,0.8997831344604492
Ukraine_poseidon,data\demo\train\video_fragmentation_preview\crop_0064.jpg,0.8699002265930176
Ukraine_poseidon,data\demo\train\video_fragmentation_preview\crop_0065.jpg,0.8733511567115784
Ukraine_poseidon,data\demo\train\video_fragmentation_preview\crop_0066.jpg,0.4051751494407654
Ukraine_poseidon,data\demo\train\video_fragmentation_preview\crop_0067.jpg,0.4612407386302948
Ukraine_poseidon,data\demo\train\video_fragmentation_preview\crop_0068.jpg,0.34289202094078064
Ukraine_poseidon,data\demo\train\video_fragmentation_preview\crop_0069.jpg,0.4268544316291809
zala_421_16e2,data\demo\train\video_fragmentation_preview\crop_0000.jpg,0.34206539392471313
zala_421_16e2,data\demo\train\video_fragmentation_preview\crop_0001.jpg,0.40300679206848145
zala_421_16e2,data\demo\train\video_fragmentation_preview\crop_0002.jpg,0.4278087019920349
zala_421_16e2,data\demo\train\video_fragmentation_preview\crop_0003.jpg,0.49351799488067627
zala_421_16e2,data\demo\train\video_fragmentation_preview\crop_0004.jpg,0.48285743594169617
zala_421_16e2,data\demo\train\video_fragmentation_preview\crop_0005.jpg,0.35031116008758545
zala_421_16e2,data\demo\train\video_fragmentation_preview\crop_0006.jpg,0.39392560720443726
zala_421_16e2,data\demo\train\video_fragmentation_preview\crop_0007.jpg,0.3025878667831421
zala_421_16e2,data\demo\train\video_fragmentation_preview\crop_0008.jpg,0.3530350923538208
zala_421_16e2,data\demo\train\video_fragmentation_preview\crop_0009.jpg,0.7036786079406738
zala_421_16e2,data\demo\train\video_fragmentation_preview\crop_0010.jpg,0.5095094442367554
zala_421_16e2,data\demo\train\video_fragmentation_preview\crop_0011.jpg,0.5268768072128296
zala_421_16e2,data\demo\train\video_fragmentation_preview\crop_0012.jpg,0.4263436794281006
zala_421_16e2,data\demo\train\video_fragmentation_preview\crop_0013.jpg,0.7099823951721191
zala_421_16e2,data\demo\train\video_fragmentation_preview\crop_0014.jpg,0.6659737825393677
zala_421_16e2,data\demo\train\video_fragmentation_preview\crop_0015.jpg,0.5583600401878357
zala_421_16e2,data\demo\train\video_fragmentation_preview\crop_0016.jpg,0.6144026517868042
zala_421_16e2,data\demo\train\video_fragmentation_preview\crop_0017.jpg,0.4171938896179199
zala_421_16e2,data\demo\train\video_fragmentation_preview\crop_0018.jpg,0.7202581763267517
zala_421_16e2,data\demo\train\video_fragmentation_preview\crop_0019.jpg,0.41291719675064087
zala_421_16e2,data\demo\train\video_fragmentation_preview\crop_0020.jpg,0.51568204164505
zala_421_16e2,data\demo\train\video_fragmentation_preview\crop_0021.jpg,0.6149477958679199
zala_421_16e2,data\demo\train\video_fragmentation_preview\crop_0022.jpg,0.6285696029663086
zala_421_16e2,data\demo\train\video_fragmentation_preview\crop_0023.jpg,0.48181548714637756
zala_421_16e2,data\demo\train\video_fragmentation_preview\crop_0024.jpg,0.11108333617448807
zala_421_16e2,data\demo\train\video_fragmentation_preview\crop_0025.jpg,0.13507980108261108
zala_421_16e2,data\demo\train\video_fragmentation_preview\crop_0026.jpg,0.3838689625263214
zala_421_16e2,data\demo\train\video_fragmentation_preview\crop_0027.jpg,0.546160101890564
zala_421_16e2,data\demo\train\video_fragmentation_preview\crop_0028.jpg,0.46615296602249146
zala_421_16e2,data\demo\train\video_fragmentation_preview\crop_0029.jpg,0.44892221689224243
zala_421_16e2,data\demo\train\video_fragmentation_preview\crop_0030.jpg,0.5946779251098633
zala_421_16e2,data\demo\train\video_fragmentation_preview\crop_0031.jpg,0.2581571936607361
zala_421_16e2,data\demo\train\video_fragmentation_preview\crop_0032.jpg,-0.20985113084316254
zala_421_16e2,data\demo\train\video_fragmentation_preview\crop_0033.jpg,-0.1086791530251503
zala_421_16e2,data\demo\train\video_fragmentation_preview\crop_0034.jpg,-0.22738012671470642
zala_421_16e2,data\demo\train\video_fragmentation_preview\crop_0035.jpg,-0.22870402038097382
zala_421_16e2,data\demo\train\video_fragmentation_preview\crop_0036.jpg,-0.09358397871255875
zala_421_16e2,data\demo\train\video_fragmentation_preview\crop_0037.jpg,-0.2094915509223938
zala_421_16e2,data\demo\train\video_fragmentation_preview\crop_0038.jpg,-0.13800543546676636
zala_421_16e2,data\demo\train\video_fragmentation_preview\crop_0039.jpg,-0.2215552031993866
zala_421_16e2,data\demo\train\video_fragmentation_preview\crop_0040.jpg,-0.09406184405088425
zala_421_16e2,data\demo\train\video_fragmentation_preview\crop_0041.jpg,-0.3126409649848938
zala_421_16e2,data\demo\train\video_fragmentation_preview\crop_0042.jpg,-0.22963644564151764
zala_421_16e2,data\demo\train\video_fragmentation_preview\crop_0043.jpg,-0.3029104471206665
zala_421_16e2,data\demo\train\video_fragmentation_preview\crop_0044.jpg,-0.3556141257286072
zala_421_16e2,data\demo\train\video_fragmentation_preview\crop_0045.jpg,-0.28715085983276367
zala_421_16e2,data\demo\train\video_fragmentation_preview\crop_0046.jpg,-0.39102786779403687
zala_421_16e2,data\demo\train\video_fragmentation_preview\crop_0047.jpg,-0.4381656050682068
zala_421_16e2,data\demo\train\video_fragmentation_preview\crop_0048.jpg,-0.36332258582115173
zala_421_16e2,data\demo\train\video_fragmentation_preview\crop_0049.jpg,-0.3725060224533081
zala_421_16e2,data\demo\train\video_fragmentation_preview\crop_0050.jpg,-0.34810590744018555
zala_421_16e2,data\demo\train\video_fragmentation_preview\crop_0051.jpg,-0.2687782943248749
zala_421_16e2,data\demo\train\video_fragmentation_preview\crop_0052.jpg,-0.3787599205970764
zala_421_16e2,data\demo\train\video_fragmentation_preview\crop_0053.jpg,-0.28244104981422424
zala_421_16e2,data\demo\train\video_fragmentation_preview\crop_0054.jpg,-0.4345867335796356
zala_421_16e2,data\demo\train\video_fragmentation_preview\crop_0055.jpg,-0.19925764203071594
zala_421_16e2,data\demo\train\video_fragmentation_preview\crop_0056.jpg,-0.2966806888580322
zala_421_16e2,data\demo\train\video_fragmentation_preview\crop_0057.jpg,-0.39950886368751526
zala_421_16e2,data\demo\train\video_fragmentation_preview\crop_0058.jpg,-0.2544054687023163
zala_421_16e2,data\demo\train\video_fragmentation_preview\crop_0059.jpg,-0.2902980446815491
zala_421_16e2,data\demo\train\video_fragmentation_preview\crop_0060.jpg,-0.10350285470485687
zala_421_16e2,data\demo\train\video_fragmentation_preview\crop_0061.jpg,-0.02787148952484131
zala_421_16e2,data\demo\train\video_fragmentation_preview\crop_0062.jpg,-0.08020137250423431
zala_421_16e2,data\demo\train\video_fragmentation_preview\crop_0063.jpg,-0.15318834781646729
zala_421_16e2,data\demo\train\video_fragmentation_preview\crop_0064.jpg,-0.08531378209590912
zala_421_16e2,data\demo\train\video_fragmentation_preview\crop_0065.jpg,0.0026966482400894165
zala_421_16e2,data\demo\train\video_fragmentation_preview\crop_0066.jpg,-0.07021191716194153
zala_421_16e2,data\demo\train\video_fragmentation_preview\crop_0067.jpg,0.05885633826255798
zala_421_16e2,data\demo\train\video_fragmentation_preview\crop_0068.jpg,0.00232774019241333
zala_421_16e2,data\demo\train\video_fragmentation_preview\crop_0069.jpg,0.06404485553503036
