identity,frame,score
enhanced,data\demo\video_fragmentation_preview\frame_00000.jpg,-0.14753706753253937
enhanced,data\demo\video_fragmentation_preview\frame_00001.jpg,-0.12378820776939392
enhanced,data\demo\video_fragmentation_preview\frame_00002.jpg,-0.15730494260787964
enhanced,data\demo\video_fragmentation_preview\frame_00003.jpg,-0.1412111222743988
enhanced,data\demo\video_fragmentation_preview\frame_00004.jpg,-0.12299177795648575
enhanced,data\demo\video_fragmentation_preview\frame_00005.jpg,-0.10286559909582138
enhanced,data\demo\video_fragmentation_preview\frame_00006.jpg,0.027137065306305885
enhanced,data\demo\video_fragmentation_preview\frame_00007.jpg,0.02130841836333275
enhanced,data\demo\video_fragmentation_preview\frame_00008.jpg,-0.10690392553806305
enhanced,data\demo\video_fragmentation_preview\frame_00009.jpg,-0.197456955909729
enhanced,data\demo\video_fragmentation_preview\frame_00010.jpg,-0.1762200891971588
enhanced,data\demo\video_fragmentation_preview\frame_00011.jpg,-0.09857174754142761
enhanced,data\demo\video_fragmentation_preview\frame_00012.jpg,-0.07200031727552414
enhanced,data\demo\video_fragmentation_preview\frame_00013.jpg,-0.18508335947990417
enhanced,data\demo\video_fragmentation_preview\frame_00014.jpg,-0.19101163744926453
enhanced,data\demo\video_fragmentation_preview\frame_00015.jpg,-0.0959540531039238
enhanced,data\demo\video_fragmentation_preview\frame_00016.jpg,-0.14470449090003967
enhanced,data\demo\video_fragmentation_preview\frame_00017.jpg,-0.17675811052322388
enhanced,data\demo\video_fragmentation_preview\frame_00018.jpg,-0.09520341455936432
enhanced,data\demo\video_fragmentation_preview\frame_00019.jpg,-0.14831647276878357
enhanced,data\demo\video_fragmentation_preview\frame_00020.jpg,-0.03221174702048302
enhanced,data\demo\video_fragmentation_preview\frame_00021.jpg,0.07758979499340057
enhanced,data\demo\video_fragmentation_preview\frame_00022.jpg,-0.011082857847213745
enhanced,data\demo\video_fragmentation_preview\frame_00023.jpg,-0.012219872325658798
enhanced,data\demo\video_fragmentation_preview\frame_00024.jpg,-0.05340283736586571
enhanced,data\demo\video_fragmentation_preview\frame_00025.jpg,0.15965105593204498
enhanced,data\demo\video_fragmentation_preview\frame_00026.jpg,0.19406187534332275
enhanced,data\demo\video_fragmentation_preview\frame_00027.jpg,0.17686966061592102
enhanced,data\demo\video_fragmentation_preview\frame_00028.jpg,0.20644135773181915
enhanced,data\demo\video_fragmentation_preview\frame_00029.jpg,0.17001284658908844
enhanced,data\demo\video_fragmentation_preview\frame_00030.jpg,0.21564731001853943
enhanced,data\demo\video_fragmentation_preview\frame_00031.jpg,0.27300745248794556
enhanced,data\demo\video_fragmentation_preview\frame_00034.jpg,0.3367753326892853
enhanced,data\demo\video_fragmentation_preview\frame_00035.jpg,0.314405620098114
enhanced,data\demo\video_fragmentation_preview\frame_00036.jpg,0.24551720917224884
enhanced,data\demo\video_fragmentation_preview\frame_00037.jpg,0.0835990309715271
enhanced,data\demo\video_fragmentation_preview\frame_00038.jpg,-0.1063404232263565
enhanced,data\demo\video_fragmentation_preview\frame_00039.jpg,0.001793649047613144
enhanced,data\demo\video_fragmentation_preview\frame_00040.jpg,-0.0013719238340854645
enhanced,data\demo\video_fragmentation_preview\frame_00041.jpg,-0.0831172987818718
enhanced,data\demo\video_fragmentation_preview\frame_00042.jpg,0.11019175499677658
enhanced,data\demo\video_fragmentation_preview\frame_00043.jpg,-0.03885277733206749
enhanced,data\demo\video_fragmentation_preview\frame_00044.jpg,0.09784013777971268
enhanced,data\demo\video_fragmentation_preview\frame_00045.jpg,0.09052085131406784
enhanced,data\demo\video_fragmentation_preview\frame_00046.jpg,0.06891348958015442
enhanced,data\demo\video_fragmentation_preview\frame_00047.jpg,0.06764811277389526
enhanced,data\demo\video_fragmentation_preview\frame_00048.jpg,0.04303877055644989
enhanced,data\demo\video_fragmentation_preview\frame_00049.jpg,0.08280252665281296
enhanced,data\demo\video_fragmentation_preview\frame_00050.jpg,0.04818423092365265
enhanced,data\demo\video_fragmentation_preview\frame_00051.jpg,0.08328880369663239
enhanced,data\demo\video_fragmentation_preview\frame_00052.jpg,0.12982088327407837
enhanced,data\demo\video_fragmentation_preview\frame_00053.jpg,-0.05704006552696228
enhanced,data\demo\video_fragmentation_preview\frame_00054.jpg,0.04358895868062973
enhanced,data\demo\video_fragmentation_preview\frame_00055.jpg,0.014485912397503853
enhanced,data\demo\video_fragmentation_preview\frame_00056.jpg,0.1279822587966919
enhanced,data\demo\video_fragmentation_preview\frame_00057.jpg,0.07275336980819702
enhanced,data\demo\video_fragmentation_preview\frame_00058.jpg,0.04597652330994606
enhanced,data\demo\video_fragmentation_preview\frame_00059.jpg,-0.0725889801979065
enhanced,data\demo\video_fragmentation_preview\frame_00060.jpg,-0.05954432487487793
enhanced,data\demo\video_fragmentation_preview\frame_00061.jpg,-0.02486168034374714
enhanced,data\demo\video_fragmentation_preview\frame_00062.jpg,-0.04729876667261124
enhanced,data\demo\video_fragmentation_preview\frame_00063.jpg,-0.06337369233369827
enhanced,data\demo\video_fragmentation_preview\frame_00064.jpg,0.0031842412427067757
enhanced,data\demo\video_fragmentation_preview\frame_00065.jpg,-0.037260930985212326
enhanced,data\demo\video_fragmentation_preview\frame_00066.jpg,0.0033886684104800224
enhanced,data\demo\video_fragmentation_preview\frame_00067.jpg,0.056480273604393005
enhanced,data\demo\video_fragmentation_preview\frame_00068.jpg,0.06719900667667389
enhanced,data\demo\video_fragmentation_preview\frame_00069.jpg,0.09103269129991531
enhanced,data\demo\video_fragmentation_preview\frame_00070.jpg,0.09215489774942398
enhanced,data\demo\video_fragmentation_preview\frame_00071.jpg,0.09400779008865356
enhanced_and_without_bg,data\demo\video_fragmentation_preview\frame_00000.jpg,-0.2493273913860321
enhanced_and_without_bg,data\demo\video_fragmentation_preview\frame_00001.jpg,-0.20758353173732758
enhanced_and_without_bg,data\demo\video_fragmentation_preview\frame_00002.jpg,-0.23432573676109314
enhanced_and_without_bg,data\demo\video_fragmentation_preview\frame_00003.jpg,-0.23506596684455872
enhanced_and_without_bg,data\demo\video_fragmentation_preview\frame_00004.jpg,-0.21318596601486206
enhanced_and_without_bg,data\demo\video_fragmentation_preview\frame_00005.jpg,-0.17064616084098816
enhanced_and_without_bg,data\demo\video_fragmentation_preview\frame_00006.jpg,-0.07952339202165604
enhanced_and_without_bg,data\demo\video_fragmentation_preview\frame_00007.jpg,-0.0818716436624527
enhanced_and_without_bg,data\demo\video_fragmentation_preview\frame_00008.jpg,-0.1783081591129303
enhanced_and_without_bg,data\demo\video_fragmentation_preview\frame_00009.jpg,-0.262279212474823
enhanced_and_without_bg,data\demo\video_fragmentation_preview\frame_00010.jpg,-0.28293877840042114
enhanced_and_without_bg,data\demo\video_fragmentation_preview\frame_00011.jpg,-0.21028603613376617
enhanced_and_without_bg,data\demo\video_fragmentation_preview\frame_00012.jpg,-0.13474500179290771
enhanced_and_without_bg,data\demo\video_fragmentation_preview\frame_00013.jpg,-0.2866150736808777
enhanced_and_without_bg,data\demo\video_fragmentation_preview\frame_00014.jpg,-0.31606218218803406
enhanced_and_without_bg,data\demo\video_fragmentation_preview\frame_00015.jpg,-0.23211583495140076
enhanced_and_without_bg,data\demo\video_fragmentation_preview\frame_00016.jpg,-0.30377185344696045
enhanced_and_without_bg,data\demo\video_fragmentation_preview\frame_00017.jpg,-0.3473843038082123
enhanced_and_without_bg,data\demo\video_fragmentation_preview\frame_00018.jpg,-0.22516396641731262
enhanced_and_without_bg,data\demo\video_fragmentation_preview\frame_00019.jpg,-0.27392882108688354
enhanced_and_without_bg,data\demo\video_fragmentation_preview\frame_00020.jpg,-0.21220050752162933
enhanced_and_without_bg,data\demo\video_fragmentation_preview\frame_00021.jpg,-0.11413077265024185
enhanced_and_without_bg,data\demo\video_fragmentation_preview\frame_00022.jpg,-0.21705412864685059
enhanced_and_without_bg,data\demo\video_fragmentation_preview\frame_00023.jpg,-0.20581485331058502
enhanced_and_without_bg,data\demo\video_fragmentation_preview\frame_00024.jpg,-0.23830516636371613
enhanced_and_without_bg,data\demo\video_fragmentation_preview\frame_00025.jpg,-0.05162552744150162
enhanced_and_without_bg,data\demo\video_fragmentation_preview\frame_00026.jpg,-0.03476949781179428
enhanced_and_without_bg,data\demo\video_fragmentation_preview\frame_00027.jpg,-0.03882680833339691
enhanced_and_without_bg,data\demo\video_fragmentation_preview\frame_00028.jpg,-0.0018938928842544556
enhanced_and_without_bg,data\demo\video_fragmentation_preview\frame_00029.jpg,-0.05351075157523155
enhanced_and_without_bg,data\demo\video_fragmentation_preview\frame_00030.jpg,-0.034873247146606445
enhanced_and_without_bg,data\demo\video_fragmentation_preview\frame_00031.jpg,0.017443358898162842
enhanced_and_without_bg,data\demo\video_fragmentation_preview\frame_00034.jpg,0.28781819343566895
enhanced_and_without_bg,data\demo\video_fragmentation_preview\frame_00035.jpg,0.2775755226612091
enhanced_and_without_bg,data\demo\video_fragmentation_preview\frame_00036.jpg,0.20455169677734375
enhanced_and_without_bg,data\demo\video_fragmentation_preview\frame_00037.jpg,0.05474017933011055
enhanced_and_without_bg,data\demo\video_fragmentation_preview\frame_00038.jpg,-0.14743086695671082
enhanced_and_without_bg,data\demo\video_fragmentation_preview\frame_00039.jpg,-0.0538703016936779
enhanced_and_without_bg,data\demo\video_fragmentation_preview\frame_00040.jpg,-0.055080220103263855
enhanced_and_without_bg,data\demo\video_fragmentation_preview\frame_00041.jpg,-0.098951555788517
enhanced_and_without_bg,data\demo\video_fragmentation_preview\frame_00042.jpg,0.09357693791389465
enhanced_and_without_bg,data\demo\video_fragmentation_preview\frame_00043.jpg,-0.07391943037509918
enhanced_and_without_bg,data\demo\video_fragmentation_preview\frame_00044.jpg,0.08997488766908646
enhanced_and_without_bg,data\demo\video_fragmentation_preview\frame_00045.jpg,0.0183684341609478
enhanced_and_without_bg,data\demo\video_fragmentation_preview\frame_00046.jpg,0.04882967099547386
enhanced_and_without_bg,data\demo\video_fragmentation_preview\frame_00047.jpg,0.005725715309381485
enhanced_and_without_bg,data\demo\video_fragmentation_preview\frame_00048.jpg,0.029032304883003235
enhanced_and_without_bg,data\demo\video_fragmentation_preview\frame_00049.jpg,0.0727442130446434
enhanced_and_without_bg,data\demo\video_fragmentation_preview\frame_00050.jpg,0.026646655052900314
enhanced_and_without_bg,data\demo\video_fragmentation_preview\frame_00051.jpg,0.04188656434416771
enhanced_and_without_bg,data\demo\video_fragmentation_preview\frame_00052.jpg,0.1148809865117073
enhanced_and_without_bg,data\demo\video_fragmentation_preview\frame_00053.jpg,-0.10108029097318649
enhanced_and_without_bg,data\demo\video_fragmentation_preview\frame_00054.jpg,-0.00981728732585907
enhanced_and_without_bg,data\demo\video_fragmentation_preview\frame_00055.jpg,-0.018921375274658203
enhanced_and_without_bg,data\demo\video_fragmentation_preview\frame_00056.jpg,0.08829131722450256
enhanced_and_without_bg,data\demo\video_fragmentation_preview\frame_00057.jpg,0.027307547628879547
enhanced_and_without_bg,data\demo\video_fragmentation_preview\frame_00058.jpg,-0.03167468309402466
enhanced_and_without_bg,data\demo\video_fragmentation_preview\frame_00059.jpg,-0.1325732171535492
enhanced_and_without_bg,data\demo\video_fragmentation_preview\frame_00060.jpg,-0.144679993391037
enhanced_and_without_bg,data\demo\video_fragmentation_preview\frame_00061.jpg,-0.11022251844406128
enhanced_and_without_bg,data\demo\video_fragmentation_preview\frame_00062.jpg,-0.1250590831041336
enhanced_and_without_bg,data\demo\video_fragmentation_preview\frame_00063.jpg,-0.15305407345294952
enhanced_and_without_bg,data\demo\video_fragmentation_preview\frame_00064.jpg,-0.07128305733203888
enhanced_and_without_bg,data\demo\video_fragmentation_preview\frame_00065.jpg,-0.11859940737485886
enhanced_and_without_bg,data\demo\video_fragmentation_preview\frame_00066.jpg,-0.07676298916339874
enhanced_and_without_bg,data\demo\video_fragmentation_preview\frame_00067.jpg,-0.02346765622496605
enhanced_and_without_bg,data\demo\video_fragmentation_preview\frame_00068.jpg,-0.12723013758659363
enhanced_and_without_bg,data\demo\video_fragmentation_preview\frame_00069.jpg,-0.12293389439582825
enhanced_and_without_bg,data\demo\video_fragmentation_preview\frame_00070.jpg,-0.103755883872509
enhanced_and_without_bg,data\demo\video_fragmentation_preview\frame_00071.jpg,-0.10231895744800568
original,data\demo\video_fragmentation_preview\frame_00000.jpg,-0.15597230195999146
original,data\demo\video_fragmentation_preview\frame_00001.jpg,-0.16694200038909912
original,data\demo\video_fragmentation_preview\frame_00002.jpg,-0.1928173005580902
original,data\demo\video_fragmentation_preview\frame_00003.jpg,-0.1726548969745636
original,data\demo\video_fragmentation_preview\frame_00004.jpg,-0.16683825850486755
original,data\demo\video_fragmentation_preview\frame_00005.jpg,-0.14615969359874725
original,data\demo\video_fragmentation_preview\frame_00006.jpg,0.009796502068638802
original,data\demo\video_fragmentation_preview\frame_00007.jpg,0.03940173611044884
original,data\demo\video_fragmentation_preview\frame_00008.jpg,-0.08291240781545639
original,data\demo\video_fragmentation_preview\frame_00009.jpg,-0.15253767371177673
original,data\demo\video_fragmentation_preview\frame_00010.jpg,-0.11720096319913864
original,data\demo\video_fragmentation_preview\frame_00011.jpg,-0.03707277029752731
original,data\demo\video_fragmentation_preview\frame_00012.jpg,-0.05489170923829079
original,data\demo\video_fragmentation_preview\frame_00013.jpg,-0.10955020040273666
original,data\demo\video_fragmentation_preview\frame_00014.jpg,-0.07757371664047241
original,data\demo\video_fragmentation_preview\frame_00015.jpg,0.10638350248336792
original,data\demo\video_fragmentation_preview\frame_00016.jpg,0.09585034847259521
original,data\demo\video_fragmentation_preview\frame_00017.jpg,0.05658166855573654
original,data\demo\video_fragmentation_preview\frame_00018.jpg,0.08679360151290894
original,data\demo\video_fragmentation_preview\frame_00019.jpg,-0.031410761177539825
original,data\demo\video_fragmentation_preview\frame_00020.jpg,0.071005679666996
original,data\demo\video_fragmentation_preview\frame_00021.jpg,0.1785559207201004
original,data\demo\video_fragmentation_preview\frame_00022.jpg,0.09404265880584717
original,data\demo\video_fragmentation_preview\frame_00023.jpg,0.11240419000387192
original,data\demo\video_fragmentation_preview\frame_00024.jpg,0.02077145129442215
original,data\demo\video_fragmentation_preview\frame_00025.jpg,0.2449646145105362
original,data\demo\video_fragmentation_preview\frame_00026.jpg,0.29270118474960327
original,data\demo\video_fragmentation_preview\frame_00027.jpg,0.26335325837135315
original,data\demo\video_fragmentation_preview\frame_00028.jpg,0.24254222214221954
original,data\demo\video_fragmentation_preview\frame_00029.jpg,0.21650049090385437
original,data\demo\video_fragmentation_preview\frame_00030.jpg,0.3051963150501251
original,data\demo\video_fragmentation_preview\frame_00031.jpg,0.3753727078437805
original,data\demo\video_fragmentation_preview\frame_00034.jpg,0.22146199643611908
original,data\demo\video_fragmentation_preview\frame_00035.jpg,0.18565671145915985
original,data\demo\video_fragmentation_preview\frame_00036.jpg,0.12382833659648895
original,data\demo\video_fragmentation_preview\frame_00037.jpg,-0.018318897113204002
original,data\demo\video_fragmentation_preview\frame_00038.jpg,-0.1299048364162445
original,data\demo\video_fragmentation_preview\frame_00039.jpg,-0.0312514528632164
original,data\demo\video_fragmentation_preview\frame_00040.jpg,-0.04959479719400406
original,data\demo\video_fragmentation_preview\frame_00041.jpg,-0.14618980884552002
original,data\demo\video_fragmentation_preview\frame_00042.jpg,0.02440430037677288
original,data\demo\video_fragmentation_preview\frame_00043.jpg,-0.08653469383716583
original,data\demo\video_fragmentation_preview\frame_00044.jpg,0.05714954435825348
original,data\demo\video_fragmentation_preview\frame_00045.jpg,0.04853445291519165
original,data\demo\video_fragmentation_preview\frame_00046.jpg,0.01880880445241928
original,data\demo\video_fragmentation_preview\frame_00047.jpg,0.039369650185108185
original,data\demo\video_fragmentation_preview\frame_00048.jpg,-0.03719828277826309
original,data\demo\video_fragmentation_preview\frame_00049.jpg,-0.016613872721791267
original,data\demo\video_fragmentation_preview\frame_00050.jpg,-0.02862834930419922
original,data\demo\video_fragmentation_preview\frame_00051.jpg,0.04115648567676544
original,data\demo\video_fragmentation_preview\frame_00052.jpg,0.0695095956325531
original,data\demo\video_fragmentation_preview\frame_00053.jpg,-0.07261402159929276
original,data\demo\video_fragmentation_preview\frame_00054.jpg,-0.0129468385130167
original,data\demo\video_fragmentation_preview\frame_00055.jpg,-0.04990050569176674
original,data\demo\video_fragmentation_preview\frame_00056.jpg,0.06721003353595734
original,data\demo\video_fragmentation_preview\frame_00057.jpg,0.030421560630202293
original,data\demo\video_fragmentation_preview\frame_00058.jpg,0.029755931347608566
original,data\demo\video_fragmentation_preview\frame_00059.jpg,-0.13033448159694672
original,data\demo\video_fragmentation_preview\frame_00060.jpg,-0.022340552881360054
original,data\demo\video_fragmentation_preview\frame_00061.jpg,0.016254134476184845
original,data\demo\video_fragmentation_preview\frame_00062.jpg,-0.027109501883387566
original,data\demo\video_fragmentation_preview\frame_00063.jpg,-0.014866139739751816
original,data\demo\video_fragmentation_preview\frame_00064.jpg,-0.0015484420582652092
original,data\demo\video_fragmentation_preview\frame_00065.jpg,-0.01885359361767769
original,data\demo\video_fragmentation_preview\frame_00066.jpg,0.015398312360048294
original,data\demo\video_fragmentation_preview\frame_00067.jpg,0.07054298371076584
original,data\demo\video_fragmentation_preview\frame_00068.jpg,0.10259757936000824
original,data\demo\video_fragmentation_preview\frame_00069.jpg,0.14730596542358398
original,data\demo\video_fragmentation_preview\frame_00070.jpg,0.12411818653345108
original,data\demo\video_fragmentation_preview\frame_00071.jpg,0.12536941468715668
without_bg,data\demo\video_fragmentation_preview\frame_00000.jpg,-0.024325963109731674
without_bg,data\demo\video_fragmentation_preview\frame_00001.jpg,0.008665905334055424
without_bg,data\demo\video_fragmentation_preview\frame_00002.jpg,-0.022141138091683388
without_bg,data\demo\video_fragmentation_preview\frame_00003.jpg,-0.003467310220003128
without_bg,data\demo\video_fragmentation_preview\frame_00004.jpg,-0.030172044411301613
without_bg,data\demo\video_fragmentation_preview\frame_00005.jpg,0.043019574135541916
without_bg,data\demo\video_fragmentation_preview\frame_00006.jpg,0.02438579685986042
without_bg,data\demo\video_fragmentation_preview\frame_00007.jpg,0.0322626531124115
without_bg,data\demo\video_fragmentation_preview\frame_00008.jpg,-0.010425438173115253
without_bg,data\demo\video_fragmentation_preview\frame_00009.jpg,-0.062052734196186066
without_bg,data\demo\video_fragmentation_preview\frame_00010.jpg,-0.03405941277742386
without_bg,data\demo\video_fragmentation_preview\frame_00011.jpg,-0.02745564468204975
without_bg,data\demo\video_fragmentation_preview\frame_00012.jpg,-0.005847400054335594
without_bg,data\demo\video_fragmentation_preview\frame_00013.jpg,-0.13993757963180542
without_bg,data\demo\video_fragmentation_preview\frame_00014.jpg,-0.20345020294189453
without_bg,data\demo\video_fragmentation_preview\frame_00015.jpg,-0.2576589584350586
without_bg,data\demo\video_fragmentation_preview\frame_00016.jpg,-0.19152209162712097
without_bg,data\demo\video_fragmentation_preview\frame_00017.jpg,-0.22362510859966278
without_bg,data\demo\video_fragmentation_preview\frame_00018.jpg,-0.16546446084976196
without_bg,data\demo\video_fragmentation_preview\frame_00019.jpg,-0.1492522954940796
without_bg,data\demo\video_fragmentation_preview\frame_00020.jpg,-0.09185770153999329
without_bg,data\demo\video_fragmentation_preview\frame_00021.jpg,0.021850429475307465
without_bg,data\demo\video_fragmentation_preview\frame_00022.jpg,-0.05515843629837036
without_bg,data\demo\video_fragmentation_preview\frame_00023.jpg,-0.07517120987176895
without_bg,data\demo\video_fragmentation_preview\frame_00024.jpg,-0.09990441799163818
without_bg,data\demo\video_fragmentation_preview\frame_00025.jpg,0.024508170783519745
without_bg,data\demo\video_fragmentation_preview\frame_00026.jpg,0.01159319281578064
without_bg,data\demo\video_fragmentation_preview\frame_00027.jpg,-0.02845604345202446
without_bg,data\demo\video_fragmentation_preview\frame_00028.jpg,0.055099472403526306
without_bg,data\demo\video_fragmentation_preview\frame_00029.jpg,-0.016632411628961563
without_bg,data\demo\video_fragmentation_preview\frame_00030.jpg,0.028337083756923676
without_bg,data\demo\video_fragmentation_preview\frame_00031.jpg,0.07700783014297485
without_bg,data\demo\video_fragmentation_preview\frame_00034.jpg,0.44031864404678345
without_bg,data\demo\video_fragmentation_preview\frame_00035.jpg,0.42222434282302856
without_bg,data\demo\video_fragmentation_preview\frame_00036.jpg,0.3632325530052185
without_bg,data\demo\video_fragmentation_preview\frame_00037.jpg,0.22915004193782806
without_bg,data\demo\video_fragmentation_preview\frame_00038.jpg,0.031101197004318237
without_bg,data\demo\video_fragmentation_preview\frame_00039.jpg,0.12996727228164673
without_bg,data\demo\video_fragmentation_preview\frame_00040.jpg,0.11118791997432709
without_bg,data\demo\video_fragmentation_preview\frame_00041.jpg,0.09154567122459412
without_bg,data\demo\video_fragmentation_preview\frame_00042.jpg,0.281738817691803
without_bg,data\demo\video_fragmentation_preview\frame_00043.jpg,0.134238600730896
without_bg,data\demo\video_fragmentation_preview\frame_00044.jpg,0.2520119249820709
without_bg,data\demo\video_fragmentation_preview\frame_00045.jpg,0.17567846179008484
without_bg,data\demo\video_fragmentation_preview\frame_00046.jpg,0.22089813649654388
without_bg,data\demo\video_fragmentation_preview\frame_00047.jpg,0.14730900526046753
without_bg,data\demo\video_fragmentation_preview\frame_00048.jpg,0.2104095220565796
without_bg,data\demo\video_fragmentation_preview\frame_00049.jpg,0.26378750801086426
without_bg,data\demo\video_fragmentation_preview\frame_00050.jpg,0.2141886204481125
without_bg,data\demo\video_fragmentation_preview\frame_00051.jpg,0.18384355306625366
without_bg,data\demo\video_fragmentation_preview\frame_00052.jpg,0.27726638317108154
without_bg,data\demo\video_fragmentation_preview\frame_00053.jpg,0.10712769627571106
without_bg,data\demo\video_fragmentation_preview\frame_00054.jpg,0.2012534737586975
without_bg,data\demo\video_fragmentation_preview\frame_00055.jpg,0.20583456754684448
without_bg,data\demo\video_fragmentation_preview\frame_00056.jpg,0.28498607873916626
without_bg,data\demo\video_fragmentation_preview\frame_00057.jpg,0.21924333274364471
without_bg,data\demo\video_fragmentation_preview\frame_00058.jpg,0.17829467356204987
without_bg,data\demo\video_fragmentation_preview\frame_00059.jpg,0.09439066052436829
without_bg,data\demo\video_fragmentation_preview\frame_00060.jpg,0.03632865473628044
without_bg,data\demo\video_fragmentation_preview\frame_00061.jpg,0.05417771637439728
without_bg,data\demo\video_fragmentation_preview\frame_00062.jpg,0.031669992953538895
without_bg,data\demo\video_fragmentation_preview\frame_00063.jpg,-0.006832849234342575
without_bg,data\demo\video_fragmentation_preview\frame_00064.jpg,0.09522244334220886
without_bg,data\demo\video_fragmentation_preview\frame_00065.jpg,0.04787854850292206
without_bg,data\demo\video_fragmentation_preview\frame_00066.jpg,0.07142116874456406
without_bg,data\demo\video_fragmentation_preview\frame_00067.jpg,0.12953193485736847
without_bg,data\demo\video_fragmentation_preview\frame_00068.jpg,0.02243807166814804
without_bg,data\demo\video_fragmentation_preview\frame_00069.jpg,0.02112157642841339
without_bg,data\demo\video_fragmentation_preview\frame_00070.jpg,0.04413679987192154
without_bg,data\demo\video_fragmentation_preview\frame_00071.jpg,0.025819361209869385
aai_rq2_pioneer_uav,data\demo\video_fragmentation_preview\frame_00000.jpg,-0.5265926718711853
aai_rq2_pioneer_uav,data\demo\video_fragmentation_preview\frame_00001.jpg,-0.5132299661636353
aai_rq2_pioneer_uav,data\demo\video_fragmentation_preview\frame_00002.jpg,-0.45835942029953003
aai_rq2_pioneer_uav,data\demo\video_fragmentation_preview\frame_00003.jpg,-0.5757143497467041
aai_rq2_pioneer_uav,data\demo\video_fragmentation_preview\frame_00004.jpg,-0.39769789576530457
aai_rq2_pioneer_uav,data\demo\video_fragmentation_preview\frame_00005.jpg,-0.529105544090271
aai_rq2_pioneer_uav,data\demo\video_fragmentation_preview\frame_00006.jpg,-0.28471481800079346
aai_rq2_pioneer_uav,data\demo\video_fragmentation_preview\frame_00007.jpg,-0.39635032415390015
aai_rq2_pioneer_uav,data\demo\video_fragmentation_preview\frame_00008.jpg,-0.47648823261260986
aai_rq2_pioneer_uav,data\demo\video_fragmentation_preview\frame_00009.jpg,-0.5592113137245178
aai_rq2_pioneer_uav,data\demo\video_fragmentation_preview\frame_00010.jpg,-0.7278130650520325
aai_rq2_pioneer_uav,data\demo\video_fragmentation_preview\frame_00011.jpg,-0.551504909992218
aai_rq2_pioneer_uav,data\demo\video_fragmentation_preview\frame_00012.jpg,-0.35074323415756226
aai_rq2_pioneer_uav,data\demo\video_fragmentation_preview\frame_00013.jpg,-0.47070401906967163
aai_rq2_pioneer_uav,data\demo\video_fragmentation_preview\frame_00014.jpg,-0.2720985412597656
aai_rq2_pioneer_uav,data\demo\video_fragmentation_preview\frame_00015.jpg,-0.06690835952758789
aai_rq2_pioneer_uav,data\demo\video_fragmentation_preview\frame_00016.jpg,-0.506999671459198
aai_rq2_pioneer_uav,data\demo\video_fragmentation_preview\frame_00017.jpg,-0.512714684009552
aai_rq2_pioneer_uav,data\demo\video_fragmentation_preview\frame_00018.jpg,-0.22860872745513916
aai_rq2_pioneer_uav,data\demo\video_fragmentation_preview\frame_00019.jpg,-0.3526744246482849
aai_rq2_pioneer_uav,data\demo\video_fragmentation_preview\frame_00020.jpg,-0.399131178855896
aai_rq2_pioneer_uav,data\demo\video_fragmentation_preview\frame_00021.jpg,-0.48427727818489075
aai_rq2_pioneer_uav,data\demo\video_fragmentation_preview\frame_00022.jpg,-0.5012227892875671
aai_rq2_pioneer_uav,data\demo\video_fragmentation_preview\frame_00023.jpg,-0.44851183891296387
aai_rq2_pioneer_uav,data\demo\video_fragmentation_preview\frame_00024.jpg,-0.43544748425483704
aai_rq2_pioneer_uav,data\demo\video_fragmentation_preview\frame_00025.jpg,-0.3668435513973236
aai_rq2_pioneer_uav,data\demo\video_fragmentation_preview\frame_00026.jpg,-0.3117779493331909
aai_rq2_pioneer_uav,data\demo\video_fragmentation_preview\frame_00027.jpg,-0.19965147972106934
aai_rq2_pioneer_uav,data\demo\video_fragmentation_preview\frame_00028.jpg,-0.2674110531806946
aai_rq2_pioneer_uav,data\demo\video_fragmentation_preview\frame_00029.jpg,-0.31418377161026
aai_rq2_pioneer_uav,data\demo\video_fragmentation_preview\frame_00030.jpg,-0.4065236449241638
aai_rq2_pioneer_uav,data\demo\video_fragmentation_preview\frame_00031.jpg,-0.38610291481018066
aai_rq2_pioneer_uav,data\demo\video_fragmentation_preview\frame_00034.jpg,-0.44026249647140503
aai_rq2_pioneer_uav,data\demo\video_fragmentation_preview\frame_00035.jpg,-0.37036022543907166
aai_rq2_pioneer_uav,data\demo\video_fragmentation_preview\frame_00036.jpg,-0.41059428453445435
aai_rq2_pioneer_uav,data\demo\video_fragmentation_preview\frame_00037.jpg,-0.4116184413433075
aai_rq2_pioneer_uav,data\demo\video_fragmentation_preview\frame_00038.jpg,-0.431074321269989
aai_rq2_pioneer_uav,data\demo\video_fragmentation_preview\frame_00039.jpg,-0.4938322901725769
aai_rq2_pioneer_uav,data\demo\video_fragmentation_preview\frame_00040.jpg,-0.4091334939002991
aai_rq2_pioneer_uav,data\demo\video_fragmentation_preview\frame_00041.jpg,-0.4044589102268219
aai_rq2_pioneer_uav,data\demo\video_fragmentation_preview\frame_00042.jpg,-0.41826164722442627
aai_rq2_pioneer_uav,data\demo\video_fragmentation_preview\frame_00043.jpg,-0.5064622163772583
aai_rq2_pioneer_uav,data\demo\video_fragmentation_preview\frame_00044.jpg,-0.4128531813621521
aai_rq2_pioneer_uav,data\demo\video_fragmentation_preview\frame_00045.jpg,-0.4086388349533081
aai_rq2_pioneer_uav,data\demo\video_fragmentation_preview\frame_00046.jpg,-0.41423875093460083
aai_rq2_pioneer_uav,data\demo\video_fragmentation_preview\frame_00047.jpg,-0.36574405431747437
aai_rq2_pioneer_uav,data\demo\video_fragmentation_preview\frame_00048.jpg,-0.430343896150589
aai_rq2_pioneer_uav,data\demo\video_fragmentation_preview\frame_00049.jpg,-0.4455537796020508
aai_rq2_pioneer_uav,data\demo\video_fragmentation_preview\frame_00050.jpg,-0.43795740604400635
aai_rq2_pioneer_uav,data\demo\video_fragmentation_preview\frame_00051.jpg,-0.3582354784011841
aai_rq2_pioneer_uav,data\demo\video_fragmentation_preview\frame_00052.jpg,-0.3889695405960083
aai_rq2_pioneer_uav,data\demo\video_fragmentation_preview\frame_00053.jpg,-0.5205715298652649
aai_rq2_pioneer_uav,data\demo\video_fragmentation_preview\frame_00054.jpg,-0.5593819618225098
aai_rq2_pioneer_uav,data\demo\video_fragmentation_preview\frame_00055.jpg,-0.5429404377937317
aai_rq2_pioneer_uav,data\demo\video_fragmentation_preview\frame_00056.jpg,-0.4868885278701782
aai_rq2_pioneer_uav,data\demo\video_fragmentation_preview\frame_00057.jpg,-0.4857364892959595
aai_rq2_pioneer_uav,data\demo\video_fragmentation_preview\frame_00058.jpg,-0.5722675323486328
aai_rq2_pioneer_uav,data\demo\video_fragmentation_preview\frame_00059.jpg,-0.6987965106964111
aai_rq2_pioneer_uav,data\demo\video_fragmentation_preview\frame_00060.jpg,-0.5780339241027832
aai_rq2_pioneer_uav,data\demo\video_fragmentation_preview\frame_00061.jpg,-0.5581918954849243
aai_rq2_pioneer_uav,data\demo\video_fragmentation_preview\frame_00062.jpg,-0.5122942328453064
aai_rq2_pioneer_uav,data\demo\video_fragmentation_preview\frame_00063.jpg,-0.4876421093940735
aai_rq2_pioneer_uav,data\demo\video_fragmentation_preview\frame_00064.jpg,-0.5034222602844238
aai_rq2_pioneer_uav,data\demo\video_fragmentation_preview\frame_00065.jpg,-0.5278913378715515
aai_rq2_pioneer_uav,data\demo\video_fragmentation_preview\frame_00066.jpg,-0.5180563926696777
aai_rq2_pioneer_uav,data\demo\video_fragmentation_preview\frame_00067.jpg,-0.5379453301429749
aai_rq2_pioneer_uav,data\demo\video_fragmentation_preview\frame_00068.jpg,-0.6043623685836792
aai_rq2_pioneer_uav,data\demo\video_fragmentation_preview\frame_00069.jpg,-0.6148071885108948
aai_rq2_pioneer_uav,data\demo\video_fragmentation_preview\frame_00070.jpg,-0.6109600067138672
aai_rq2_pioneer_uav,data\demo\video_fragmentation_preview\frame_00071.jpg,-0.5571491718292236
attack_uav,data\demo\video_fragmentation_preview\frame_00000.jpg,0.754287600517273
attack_uav,data\demo\video_fragmentation_preview\frame_00001.jpg,0.6691122055053711
attack_uav,data\demo\video_fragmentation_preview\frame_00002.jpg,0.7654037475585938
attack_uav,data\demo\video_fragmentation_preview\frame_00003.jpg,0.5923234224319458
attack_uav,data\demo\video_fragmentation_preview\frame_00004.jpg,0.7152270674705505
attack_uav,data\demo\video_fragmentation_preview\frame_00005.jpg,0.795296311378479
attack_uav,data\demo\video_fragmentation_preview\frame_00006.jpg,0.7081225514411926
attack_uav,data\demo\video_fragmentation_preview\frame_00007.jpg,0.6211219429969788
attack_uav,data\demo\video_fragmentation_preview\frame_00008.jpg,0.6967213153839111
attack_uav,data\demo\video_fragmentation_preview\frame_00009.jpg,0.7764979600906372
attack_uav,data\demo\video_fragmentation_preview\frame_00010.jpg,0.6500779986381531
attack_uav,data\demo\video_fragmentation_preview\frame_00011.jpg,0.6279292106628418
attack_uav,data\demo\video_fragmentation_preview\frame_00012.jpg,0.7329509854316711
attack_uav,data\demo\video_fragmentation_preview\frame_00013.jpg,0.4950028359889984
attack_uav,data\demo\video_fragmentation_preview\frame_00014.jpg,0.4957590699195862
attack_uav,data\demo\video_fragmentation_preview\frame_00015.jpg,0.2572666108608246
attack_uav,data\demo\video_fragmentation_preview\frame_00016.jpg,0.32213833928108215
attack_uav,data\demo\video_fragmentation_preview\frame_00017.jpg,0.3852326273918152
attack_uav,data\demo\video_fragmentation_preview\frame_00018.jpg,0.5315070152282715
attack_uav,data\demo\video_fragmentation_preview\frame_00019.jpg,0.5656661987304688
attack_uav,data\demo\video_fragmentation_preview\frame_00020.jpg,0.3205498158931732
attack_uav,data\demo\video_fragmentation_preview\frame_00021.jpg,0.34733134508132935
attack_uav,data\demo\video_fragmentation_preview\frame_00022.jpg,0.37582239508628845
attack_uav,data\demo\video_fragmentation_preview\frame_00023.jpg,0.3747861981391907
attack_uav,data\demo\video_fragmentation_preview\frame_00024.jpg,0.14996297657489777
attack_uav,data\demo\video_fragmentation_preview\frame_00025.jpg,0.12655435502529144
attack_uav,data\demo\video_fragmentation_preview\frame_00026.jpg,0.11885441094636917
attack_uav,data\demo\video_fragmentation_preview\frame_00027.jpg,-0.004226028919219971
attack_uav,data\demo\video_fragmentation_preview\frame_00028.jpg,0.04529106616973877
attack_uav,data\demo\video_fragmentation_preview\frame_00029.jpg,-0.1608639806509018
attack_uav,data\demo\video_fragmentation_preview\frame_00030.jpg,-0.14642292261123657
attack_uav,data\demo\video_fragmentation_preview\frame_00031.jpg,-0.14921370148658752
attack_uav,data\demo\video_fragmentation_preview\frame_00034.jpg,0.5281362533569336
attack_uav,data\demo\video_fragmentation_preview\frame_00035.jpg,0.5143640637397766
attack_uav,data\demo\video_fragmentation_preview\frame_00036.jpg,0.5058550834655762
attack_uav,data\demo\video_fragmentation_preview\frame_00037.jpg,0.6467382907867432
attack_uav,data\demo\video_fragmentation_preview\frame_00038.jpg,0.6331993341445923
attack_uav,data\demo\video_fragmentation_preview\frame_00039.jpg,0.5274307131767273
attack_uav,data\demo\video_fragmentation_preview\frame_00040.jpg,0.4867735505104065
attack_uav,data\demo\video_fragmentation_preview\frame_00041.jpg,0.8175352811813354
attack_uav,data\demo\video_fragmentation_preview\frame_00042.jpg,0.7457155585289001
attack_uav,data\demo\video_fragmentation_preview\frame_00043.jpg,0.7295149564743042
attack_uav,data\demo\video_fragmentation_preview\frame_00044.jpg,0.7650490999221802
attack_uav,data\demo\video_fragmentation_preview\frame_00045.jpg,0.3986232876777649
attack_uav,data\demo\video_fragmentation_preview\frame_00046.jpg,0.5874568223953247
attack_uav,data\demo\video_fragmentation_preview\frame_00047.jpg,0.4699999988079071
attack_uav,data\demo\video_fragmentation_preview\frame_00048.jpg,0.7704012989997864
attack_uav,data\demo\video_fragmentation_preview\frame_00049.jpg,0.7348936796188354
attack_uav,data\demo\video_fragmentation_preview\frame_00050.jpg,0.6712989211082458
attack_uav,data\demo\video_fragmentation_preview\frame_00051.jpg,0.47359487414360046
attack_uav,data\demo\video_fragmentation_preview\frame_00052.jpg,0.8167226314544678
attack_uav,data\demo\video_fragmentation_preview\frame_00053.jpg,0.5813528299331665
attack_uav,data\demo\video_fragmentation_preview\frame_00054.jpg,0.5713051557540894
attack_uav,data\demo\video_fragmentation_preview\frame_00055.jpg,0.7655112743377686
attack_uav,data\demo\video_fragmentation_preview\frame_00056.jpg,0.6906335353851318
attack_uav,data\demo\video_fragmentation_preview\frame_00057.jpg,0.6505031585693359
attack_uav,data\demo\video_fragmentation_preview\frame_00058.jpg,0.555989146232605
attack_uav,data\demo\video_fragmentation_preview\frame_00059.jpg,0.6620478630065918
attack_uav,data\demo\video_fragmentation_preview\frame_00060.jpg,0.5751306414604187
attack_uav,data\demo\video_fragmentation_preview\frame_00061.jpg,0.5303979516029358
attack_uav,data\demo\video_fragmentation_preview\frame_00062.jpg,0.5080870985984802
attack_uav,data\demo\video_fragmentation_preview\frame_00063.jpg,0.28664425015449524
attack_uav,data\demo\video_fragmentation_preview\frame_00064.jpg,0.46633249521255493
attack_uav,data\demo\video_fragmentation_preview\frame_00065.jpg,0.40855371952056885
attack_uav,data\demo\video_fragmentation_preview\frame_00066.jpg,0.5111985206604004
attack_uav,data\demo\video_fragmentation_preview\frame_00067.jpg,0.6347124576568604
attack_uav,data\demo\video_fragmentation_preview\frame_00068.jpg,0.36892324686050415
attack_uav,data\demo\video_fragmentation_preview\frame_00069.jpg,0.3299752175807953
attack_uav,data\demo\video_fragmentation_preview\frame_00070.jpg,0.3309541344642639
attack_uav,data\demo\video_fragmentation_preview\frame_00071.jpg,0.2899554371833801
baykar_bayraktar_tb2,data\demo\video_fragmentation_preview\frame_00000.jpg,-0.015877336263656616
baykar_bayraktar_tb2,data\demo\video_fragmentation_preview\frame_00001.jpg,-0.2695043683052063
baykar_bayraktar_tb2,data\demo\video_fragmentation_preview\frame_00002.jpg,-0.16670507192611694
baykar_bayraktar_tb2,data\demo\video_fragmentation_preview\frame_00003.jpg,-0.2575508952140808
baykar_bayraktar_tb2,data\demo\video_fragmentation_preview\frame_00004.jpg,-0.250183641910553
baykar_bayraktar_tb2,data\demo\video_fragmentation_preview\frame_00005.jpg,-0.3195651173591614
baykar_bayraktar_tb2,data\demo\video_fragmentation_preview\frame_00006.jpg,-0.362595796585083
baykar_bayraktar_tb2,data\demo\video_fragmentation_preview\frame_00007.jpg,-0.4509202837944031
baykar_bayraktar_tb2,data\demo\video_fragmentation_preview\frame_00008.jpg,-0.33203786611557007
baykar_bayraktar_tb2,data\demo\video_fragmentation_preview\frame_00009.jpg,-0.24120303988456726
baykar_bayraktar_tb2,data\demo\video_fragmentation_preview\frame_00010.jpg,-0.22713176906108856
baykar_bayraktar_tb2,data\demo\video_fragmentation_preview\frame_00011.jpg,-0.4146769046783447
baykar_bayraktar_tb2,data\demo\video_fragmentation_preview\frame_00012.jpg,-0.43034619092941284
baykar_bayraktar_tb2,data\demo\video_fragmentation_preview\frame_00013.jpg,-0.27601587772369385
baykar_bayraktar_tb2,data\demo\video_fragmentation_preview\frame_00014.jpg,-0.20590204000473022
baykar_bayraktar_tb2,data\demo\video_fragmentation_preview\frame_00015.jpg,-0.29755231738090515
baykar_bayraktar_tb2,data\demo\video_fragmentation_preview\frame_00016.jpg,-0.0162254199385643
baykar_bayraktar_tb2,data\demo\video_fragmentation_preview\frame_00017.jpg,-0.06752895563840866
baykar_bayraktar_tb2,data\demo\video_fragmentation_preview\frame_00018.jpg,-0.1489284634590149
baykar_bayraktar_tb2,data\demo\video_fragmentation_preview\frame_00019.jpg,-0.22895187139511108
baykar_bayraktar_tb2,data\demo\video_fragmentation_preview\frame_00020.jpg,-0.410474956035614
baykar_bayraktar_tb2,data\demo\video_fragmentation_preview\frame_00021.jpg,-0.39943891763687134
baykar_bayraktar_tb2,data\demo\video_fragmentation_preview\frame_00022.jpg,-0.09652853012084961
baykar_bayraktar_tb2,data\demo\video_fragmentation_preview\frame_00023.jpg,-0.1857289969921112
baykar_bayraktar_tb2,data\demo\video_fragmentation_preview\frame_00024.jpg,-0.4073576033115387
baykar_bayraktar_tb2,data\demo\video_fragmentation_preview\frame_00025.jpg,-0.5338349342346191
baykar_bayraktar_tb2,data\demo\video_fragmentation_preview\frame_00026.jpg,-0.5123021602630615
baykar_bayraktar_tb2,data\demo\video_fragmentation_preview\frame_00027.jpg,-0.5650080442428589
baykar_bayraktar_tb2,data\demo\video_fragmentation_preview\frame_00028.jpg,-0.502666711807251
baykar_bayraktar_tb2,data\demo\video_fragmentation_preview\frame_00029.jpg,-0.42306381464004517
baykar_bayraktar_tb2,data\demo\video_fragmentation_preview\frame_00030.jpg,-0.21911312639713287
baykar_bayraktar_tb2,data\demo\video_fragmentation_preview\frame_00031.jpg,-0.25361865758895874
baykar_bayraktar_tb2,data\demo\video_fragmentation_preview\frame_00034.jpg,-0.1851413995027542
baykar_bayraktar_tb2,data\demo\video_fragmentation_preview\frame_00035.jpg,-0.26414966583251953
baykar_bayraktar_tb2,data\demo\video_fragmentation_preview\frame_00036.jpg,-0.17857089638710022
baykar_bayraktar_tb2,data\demo\video_fragmentation_preview\frame_00037.jpg,-0.1923460215330124
baykar_bayraktar_tb2,data\demo\video_fragmentation_preview\frame_00038.jpg,-0.14770206809043884
baykar_bayraktar_tb2,data\demo\video_fragmentation_preview\frame_00039.jpg,-0.1065511554479599
baykar_bayraktar_tb2,data\demo\video_fragmentation_preview\frame_00040.jpg,-0.2315196692943573
baykar_bayraktar_tb2,data\demo\video_fragmentation_preview\frame_00041.jpg,-0.17709138989448547
baykar_bayraktar_tb2,data\demo\video_fragmentation_preview\frame_00042.jpg,-0.18175986409187317
baykar_bayraktar_tb2,data\demo\video_fragmentation_preview\frame_00043.jpg,-0.11558687686920166
baykar_bayraktar_tb2,data\demo\video_fragmentation_preview\frame_00044.jpg,-0.07569324970245361
baykar_bayraktar_tb2,data\demo\video_fragmentation_preview\frame_00045.jpg,-0.13892123103141785
baykar_bayraktar_tb2,data\demo\video_fragmentation_preview\frame_00046.jpg,-0.15576493740081787
baykar_bayraktar_tb2,data\demo\video_fragmentation_preview\frame_00047.jpg,-0.16134226322174072
baykar_bayraktar_tb2,data\demo\video_fragmentation_preview\frame_00048.jpg,-0.31895768642425537
baykar_bayraktar_tb2,data\demo\video_fragmentation_preview\frame_00049.jpg,-0.2703510522842407
baykar_bayraktar_tb2,data\demo\video_fragmentation_preview\frame_00050.jpg,-0.16012081503868103
baykar_bayraktar_tb2,data\demo\video_fragmentation_preview\frame_00051.jpg,-0.2617323398590088
baykar_bayraktar_tb2,data\demo\video_fragmentation_preview\frame_00052.jpg,-0.21320876479148865
baykar_bayraktar_tb2,data\demo\video_fragmentation_preview\frame_00053.jpg,-0.22020885348320007
baykar_bayraktar_tb2,data\demo\video_fragmentation_preview\frame_00054.jpg,-0.2227768898010254
baykar_bayraktar_tb2,data\demo\video_fragmentation_preview\frame_00055.jpg,-0.22332477569580078
baykar_bayraktar_tb2,data\demo\video_fragmentation_preview\frame_00056.jpg,-0.23369131982326508
baykar_bayraktar_tb2,data\demo\video_fragmentation_preview\frame_00057.jpg,-0.2294398695230484
baykar_bayraktar_tb2,data\demo\video_fragmentation_preview\frame_00058.jpg,-0.0023706331849098206
baykar_bayraktar_tb2,data\demo\video_fragmentation_preview\frame_00059.jpg,-0.3456194996833801
baykar_bayraktar_tb2,data\demo\video_fragmentation_preview\frame_00060.jpg,-0.13088813424110413
baykar_bayraktar_tb2,data\demo\video_fragmentation_preview\frame_00061.jpg,-0.1710241436958313
baykar_bayraktar_tb2,data\demo\video_fragmentation_preview\frame_00062.jpg,-0.2102465033531189
baykar_bayraktar_tb2,data\demo\video_fragmentation_preview\frame_00063.jpg,-0.06284893304109573
baykar_bayraktar_tb2,data\demo\video_fragmentation_preview\frame_00064.jpg,-0.23885047435760498
baykar_bayraktar_tb2,data\demo\video_fragmentation_preview\frame_00065.jpg,-0.11373808234930038
baykar_bayraktar_tb2,data\demo\video_fragmentation_preview\frame_00066.jpg,-0.13692063093185425
baykar_bayraktar_tb2,data\demo\video_fragmentation_preview\frame_00067.jpg,-0.10679963231086731
baykar_bayraktar_tb2,data\demo\video_fragmentation_preview\frame_00068.jpg,-0.20653077960014343
baykar_bayraktar_tb2,data\demo\video_fragmentation_preview\frame_00069.jpg,-0.24222582578659058
baykar_bayraktar_tb2,data\demo\video_fragmentation_preview\frame_00070.jpg,-0.24656042456626892
baykar_bayraktar_tb2,data\demo\video_fragmentation_preview\frame_00071.jpg,-0.274179071187973
baykar_k2_kamikaze_uav_-_baykar_k2_kamikaze_iha,data\demo\video_fragmentation_preview\frame_00000.jpg,0.04401605576276779
baykar_k2_kamikaze_uav_-_baykar_k2_kamikaze_iha,data\demo\video_fragmentation_preview\frame_00001.jpg,-0.1927117556333542
baykar_k2_kamikaze_uav_-_baykar_k2_kamikaze_iha,data\demo\video_fragmentation_preview\frame_00002.jpg,-0.08812107145786285
baykar_k2_kamikaze_uav_-_baykar_k2_kamikaze_iha,data\demo\video_fragmentation_preview\frame_00003.jpg,-0.17058295011520386
baykar_k2_kamikaze_uav_-_baykar_k2_kamikaze_iha,data\demo\video_fragmentation_preview\frame_00004.jpg,-0.16721221804618835
baykar_k2_kamikaze_uav_-_baykar_k2_kamikaze_iha,data\demo\video_fragmentation_preview\frame_00005.jpg,-0.24630820751190186
baykar_k2_kamikaze_uav_-_baykar_k2_kamikaze_iha,data\demo\video_fragmentation_preview\frame_00006.jpg,-0.32575008273124695
baykar_k2_kamikaze_uav_-_baykar_k2_kamikaze_iha,data\demo\video_fragmentation_preview\frame_00007.jpg,-0.4469560980796814
baykar_k2_kamikaze_uav_-_baykar_k2_kamikaze_iha,data\demo\video_fragmentation_preview\frame_00008.jpg,-0.3240802586078644
baykar_k2_kamikaze_uav_-_baykar_k2_kamikaze_iha,data\demo\video_fragmentation_preview\frame_00009.jpg,-0.25210389494895935
baykar_k2_kamikaze_uav_-_baykar_k2_kamikaze_iha,data\demo\video_fragmentation_preview\frame_00010.jpg,-0.23280808329582214
baykar_k2_kamikaze_uav_-_baykar_k2_kamikaze_iha,data\demo\video_fragmentation_preview\frame_00011.jpg,-0.4255262613296509
baykar_k2_kamikaze_uav_-_baykar_k2_kamikaze_iha,data\demo\video_fragmentation_preview\frame_00012.jpg,-0.4272065758705139
baykar_k2_kamikaze_uav_-_baykar_k2_kamikaze_iha,data\demo\video_fragmentation_preview\frame_00013.jpg,-0.31675970554351807
baykar_k2_kamikaze_uav_-_baykar_k2_kamikaze_iha,data\demo\video_fragmentation_preview\frame_00014.jpg,-0.23250049352645874
baykar_k2_kamikaze_uav_-_baykar_k2_kamikaze_iha,data\demo\video_fragmentation_preview\frame_00015.jpg,-0.4133632183074951
baykar_k2_kamikaze_uav_-_baykar_k2_kamikaze_iha,data\demo\video_fragmentation_preview\frame_00016.jpg,-0.16822242736816406
baykar_k2_kamikaze_uav_-_baykar_k2_kamikaze_iha,data\demo\video_fragmentation_preview\frame_00017.jpg,-0.18616098165512085
baykar_k2_kamikaze_uav_-_baykar_k2_kamikaze_iha,data\demo\video_fragmentation_preview\frame_00018.jpg,-0.25325101613998413
baykar_k2_kamikaze_uav_-_baykar_k2_kamikaze_iha,data\demo\video_fragmentation_preview\frame_00019.jpg,-0.27814000844955444
baykar_k2_kamikaze_uav_-_baykar_k2_kamikaze_iha,data\demo\video_fragmentation_preview\frame_00020.jpg,-0.4314780831336975
baykar_k2_kamikaze_uav_-_baykar_k2_kamikaze_iha,data\demo\video_fragmentation_preview\frame_00021.jpg,-0.4422992467880249
baykar_k2_kamikaze_uav_-_baykar_k2_kamikaze_iha,data\demo\video_fragmentation_preview\frame_00022.jpg,-0.1268642544746399
baykar_k2_kamikaze_uav_-_baykar_k2_kamikaze_iha,data\demo\video_fragmentation_preview\frame_00023.jpg,-0.23676127195358276
baykar_k2_kamikaze_uav_-_baykar_k2_kamikaze_iha,data\demo\video_fragmentation_preview\frame_00024.jpg,-0.3980742394924164
baykar_k2_kamikaze_uav_-_baykar_k2_kamikaze_iha,data\demo\video_fragmentation_preview\frame_00025.jpg,-0.5515588521957397
baykar_k2_kamikaze_uav_-_baykar_k2_kamikaze_iha,data\demo\video_fragmentation_preview\frame_00026.jpg,-0.5454809069633484
baykar_k2_kamikaze_uav_-_baykar_k2_kamikaze_iha,data\demo\video_fragmentation_preview\frame_00027.jpg,-0.5896966457366943
baykar_k2_kamikaze_uav_-_baykar_k2_kamikaze_iha,data\demo\video_fragmentation_preview\frame_00028.jpg,-0.4825686812400818
baykar_k2_kamikaze_uav_-_baykar_k2_kamikaze_iha,data\demo\video_fragmentation_preview\frame_00029.jpg,-0.3933735191822052
baykar_k2_kamikaze_uav_-_baykar_k2_kamikaze_iha,data\demo\video_fragmentation_preview\frame_00030.jpg,-0.22337013483047485
baykar_k2_kamikaze_uav_-_baykar_k2_kamikaze_iha,data\demo\video_fragmentation_preview\frame_00031.jpg,-0.284243643283844
baykar_k2_kamikaze_uav_-_baykar_k2_kamikaze_iha,data\demo\video_fragmentation_preview\frame_00034.jpg,-0.16294969618320465
baykar_k2_kamikaze_uav_-_baykar_k2_kamikaze_iha,data\demo\video_fragmentation_preview\frame_00035.jpg,-0.22356796264648438
baykar_k2_kamikaze_uav_-_baykar_k2_kamikaze_iha,data\demo\video_fragmentation_preview\frame_00036.jpg,-0.13344869017601013
baykar_k2_kamikaze_uav_-_baykar_k2_kamikaze_iha,data\demo\video_fragmentation_preview\frame_00037.jpg,-0.14566117525100708
baykar_k2_kamikaze_uav_-_baykar_k2_kamikaze_iha,data\demo\video_fragmentation_preview\frame_00038.jpg,-0.10416166484355927
baykar_k2_kamikaze_uav_-_baykar_k2_kamikaze_iha,data\demo\video_fragmentation_preview\frame_00039.jpg,-0.0668540745973587
baykar_k2_kamikaze_uav_-_baykar_k2_kamikaze_iha,data\demo\video_fragmentation_preview\frame_00040.jpg,-0.17577892541885376
baykar_k2_kamikaze_uav_-_baykar_k2_kamikaze_iha,data\demo\video_fragmentation_preview\frame_00041.jpg,-0.11874024569988251
baykar_k2_kamikaze_uav_-_baykar_k2_kamikaze_iha,data\demo\video_fragmentation_preview\frame_00042.jpg,-0.12924812734127045
baykar_k2_kamikaze_uav_-_baykar_k2_kamikaze_iha,data\demo\video_fragmentation_preview\frame_00043.jpg,-0.07476383447647095
baykar_k2_kamikaze_uav_-_baykar_k2_kamikaze_iha,data\demo\video_fragmentation_preview\frame_00044.jpg,-0.08428771793842316
baykar_k2_kamikaze_uav_-_baykar_k2_kamikaze_iha,data\demo\video_fragmentation_preview\frame_00045.jpg,-0.10630440711975098
baykar_k2_kamikaze_uav_-_baykar_k2_kamikaze_iha,data\demo\video_fragmentation_preview\frame_00046.jpg,-0.13046102225780487
baykar_k2_kamikaze_uav_-_baykar_k2_kamikaze_iha,data\demo\video_fragmentation_preview\frame_00047.jpg,-0.13115942478179932
baykar_k2_kamikaze_uav_-_baykar_k2_kamikaze_iha,data\demo\video_fragmentation_preview\frame_00048.jpg,-0.2689489722251892
baykar_k2_kamikaze_uav_-_baykar_k2_kamikaze_iha,data\demo\video_fragmentation_preview\frame_00049.jpg,-0.21662983298301697
baykar_k2_kamikaze_uav_-_baykar_k2_kamikaze_iha,data\demo\video_fragmentation_preview\frame_00050.jpg,-0.10787539184093475
baykar_k2_kamikaze_uav_-_baykar_k2_kamikaze_iha,data\demo\video_fragmentation_preview\frame_00051.jpg,-0.2359079271554947
baykar_k2_kamikaze_uav_-_baykar_k2_kamikaze_iha,data\demo\video_fragmentation_preview\frame_00052.jpg,-0.1860283613204956
baykar_k2_kamikaze_uav_-_baykar_k2_kamikaze_iha,data\demo\video_fragmentation_preview\frame_00053.jpg,-0.19559527933597565
baykar_k2_kamikaze_uav_-_baykar_k2_kamikaze_iha,data\demo\video_fragmentation_preview\frame_00054.jpg,-0.17076589167118073
baykar_k2_kamikaze_uav_-_baykar_k2_kamikaze_iha,data\demo\video_fragmentation_preview\frame_00055.jpg,-0.16545546054840088
baykar_k2_kamikaze_uav_-_baykar_k2_kamikaze_iha,data\demo\video_fragmentation_preview\frame_00056.jpg,-0.1866869181394577
baykar_k2_kamikaze_uav_-_baykar_k2_kamikaze_iha,data\demo\video_fragmentation_preview\frame_00057.jpg,-0.19091644883155823
baykar_k2_kamikaze_uav_-_baykar_k2_kamikaze_iha,data\demo\video_fragmentation_preview\frame_00058.jpg,0.030695965513586998
baykar_k2_kamikaze_uav_-_baykar_k2_kamikaze_iha,data\demo\video_fragmentation_preview\frame_00059.jpg,-0.29854628443717957
baykar_k2_kamikaze_uav_-_baykar_k2_kamikaze_iha,data\demo\video_fragmentation_preview\frame_00060.jpg,-0.15480035543441772
baykar_k2_kamikaze_uav_-_baykar_k2_kamikaze_iha,data\demo\video_fragmentation_preview\frame_00061.jpg,-0.20712724328041077
baykar_k2_kamikaze_uav_-_baykar_k2_kamikaze_iha,data\demo\video_fragmentation_preview\frame_00062.jpg,-0.23004251718521118
baykar_k2_kamikaze_uav_-_baykar_k2_kamikaze_iha,data\demo\video_fragmentation_preview\frame_00063.jpg,-0.09305071830749512
baykar_k2_kamikaze_uav_-_baykar_k2_kamikaze_iha,data\demo\video_fragmentation_preview\frame_00064.jpg,-0.2415236532688141
baykar_k2_kamikaze_uav_-_baykar_k2_kamikaze_iha,data\demo\video_fragmentation_preview\frame_00065.jpg,-0.12889865040779114
baykar_k2_kamikaze_uav_-_baykar_k2_kamikaze_iha,data\demo\video_fragmentation_preview\frame_00066.jpg,-0.1671561300754547
baykar_k2_kamikaze_uav_-_baykar_k2_kamikaze_iha,data\demo\video_fragmentation_preview\frame_00067.jpg,-0.1438661515712738
baykar_k2_kamikaze_uav_-_baykar_k2_kamikaze_iha,data\demo\video_fragmentation_preview\frame_00068.jpg,-0.21679991483688354
baykar_k2_kamikaze_uav_-_baykar_k2_kamikaze_iha,data\demo\video_fragmentation_preview\frame_00069.jpg,-0.2584066390991211
baykar_k2_kamikaze_uav_-_baykar_k2_kamikaze_iha,data\demo\video_fragmentation_preview\frame_00070.jpg,-0.2550792694091797
baykar_k2_kamikaze_uav_-_baykar_k2_kamikaze_iha,data\demo\video_fragmentation_preview\frame_00071.jpg,-0.28277552127838135
bayraktar_kalkan_diha,data\demo\video_fragmentation_preview\frame_00000.jpg,-0.43707916140556335
bayraktar_kalkan_diha,data\demo\video_fragmentation_preview\frame_00001.jpg,-0.3097081780433655
bayraktar_kalkan_diha,data\demo\video_fragmentation_preview\frame_00002.jpg,-0.3698151111602783
bayraktar_kalkan_diha,data\demo\video_fragmentation_preview\frame_00003.jpg,-0.24107886850833893
bayraktar_kalkan_diha,data\demo\video_fragmentation_preview\frame_00004.jpg,-0.40598616003990173
bayraktar_kalkan_diha,data\demo\video_fragmentation_preview\frame_00005.jpg,-0.2885201573371887
bayraktar_kalkan_diha,data\demo\video_fragmentation_preview\frame_00006.jpg,-0.3891826272010803
bayraktar_kalkan_diha,data\demo\video_fragmentation_preview\frame_00007.jpg,-0.3394058048725128
bayraktar_kalkan_diha,data\demo\video_fragmentation_preview\frame_00008.jpg,-0.3093712329864502
bayraktar_kalkan_diha,data\demo\video_fragmentation_preview\frame_00009.jpg,-0.23999863862991333
bayraktar_kalkan_diha,data\demo\video_fragmentation_preview\frame_00010.jpg,-0.14852091670036316
bayraktar_kalkan_diha,data\demo\video_fragmentation_preview\frame_00011.jpg,-0.25596722960472107
bayraktar_kalkan_diha,data\demo\video_fragmentation_preview\frame_00012.jpg,-0.31457892060279846
bayraktar_kalkan_diha,data\demo\video_fragmentation_preview\frame_00013.jpg,0.05016656219959259
bayraktar_kalkan_diha,data\demo\video_fragmentation_preview\frame_00014.jpg,-0.20850303769111633
bayraktar_kalkan_diha,data\demo\video_fragmentation_preview\frame_00015.jpg,-0.26589274406433105
bayraktar_kalkan_diha,data\demo\video_fragmentation_preview\frame_00016.jpg,-0.09366368502378464
bayraktar_kalkan_diha,data\demo\video_fragmentation_preview\frame_00017.jpg,-0.12211056798696518
bayraktar_kalkan_diha,data\demo\video_fragmentation_preview\frame_00018.jpg,-0.35943174362182617
bayraktar_kalkan_diha,data\demo\video_fragmentation_preview\frame_00019.jpg,-0.21095803380012512
bayraktar_kalkan_diha,data\demo\video_fragmentation_preview\frame_00020.jpg,-0.2499423623085022
bayraktar_kalkan_diha,data\demo\video_fragmentation_preview\frame_00021.jpg,-0.31099238991737366
bayraktar_kalkan_diha,data\demo\video_fragmentation_preview\frame_00022.jpg,-0.31296849250793457
bayraktar_kalkan_diha,data\demo\video_fragmentation_preview\frame_00023.jpg,-0.2039744257926941
bayraktar_kalkan_diha,data\demo\video_fragmentation_preview\frame_00024.jpg,0.019221195951104164
bayraktar_kalkan_diha,data\demo\video_fragmentation_preview\frame_00025.jpg,-0.2760804295539856
bayraktar_kalkan_diha,data\demo\video_fragmentation_preview\frame_00026.jpg,-0.3172517418861389
bayraktar_kalkan_diha,data\demo\video_fragmentation_preview\frame_00027.jpg,-0.22099892795085907
bayraktar_kalkan_diha,data\demo\video_fragmentation_preview\frame_00028.jpg,-0.33457237482070923
bayraktar_kalkan_diha,data\demo\video_fragmentation_preview\frame_00029.jpg,-0.06998234242200851
bayraktar_kalkan_diha,data\demo\video_fragmentation_preview\frame_00030.jpg,-0.1731310337781906
bayraktar_kalkan_diha,data\demo\video_fragmentation_preview\frame_00031.jpg,-0.2774420976638794
bayraktar_kalkan_diha,data\demo\video_fragmentation_preview\frame_00034.jpg,-0.5221876502037048
bayraktar_kalkan_diha,data\demo\video_fragmentation_preview\frame_00035.jpg,-0.4932582974433899
bayraktar_kalkan_diha,data\demo\video_fragmentation_preview\frame_00036.jpg,-0.4449928104877472
bayraktar_kalkan_diha,data\demo\video_fragmentation_preview\frame_00037.jpg,-0.44482100009918213
bayraktar_kalkan_diha,data\demo\video_fragmentation_preview\frame_00038.jpg,-0.32351547479629517
bayraktar_kalkan_diha,data\demo\video_fragmentation_preview\frame_00039.jpg,-0.29437685012817383
bayraktar_kalkan_diha,data\demo\video_fragmentation_preview\frame_00040.jpg,-0.31406956911087036
bayraktar_kalkan_diha,data\demo\video_fragmentation_preview\frame_00041.jpg,-0.3303385078907013
bayraktar_kalkan_diha,data\demo\video_fragmentation_preview\frame_00042.jpg,-0.44205236434936523
bayraktar_kalkan_diha,data\demo\video_fragmentation_preview\frame_00043.jpg,-0.3527179956436157
bayraktar_kalkan_diha,data\demo\video_fragmentation_preview\frame_00044.jpg,-0.4180141091346741
bayraktar_kalkan_diha,data\demo\video_fragmentation_preview\frame_00045.jpg,-0.35432153940200806
bayraktar_kalkan_diha,data\demo\video_fragmentation_preview\frame_00046.jpg,-0.2956753969192505
bayraktar_kalkan_diha,data\demo\video_fragmentation_preview\frame_00047.jpg,-0.38077282905578613
bayraktar_kalkan_diha,data\demo\video_fragmentation_preview\frame_00048.jpg,-0.3506399989128113
bayraktar_kalkan_diha,data\demo\video_fragmentation_preview\frame_00049.jpg,-0.3918101191520691
bayraktar_kalkan_diha,data\demo\video_fragmentation_preview\frame_00050.jpg,-0.4030098021030426
bayraktar_kalkan_diha,data\demo\video_fragmentation_preview\frame_00051.jpg,-0.3217759132385254
bayraktar_kalkan_diha,data\demo\video_fragmentation_preview\frame_00052.jpg,-0.43828845024108887
bayraktar_kalkan_diha,data\demo\video_fragmentation_preview\frame_00053.jpg,-0.24273249506950378
bayraktar_kalkan_diha,data\demo\video_fragmentation_preview\frame_00054.jpg,-0.28487539291381836
bayraktar_kalkan_diha,data\demo\video_fragmentation_preview\frame_00055.jpg,-0.32119232416152954
bayraktar_kalkan_diha,data\demo\video_fragmentation_preview\frame_00056.jpg,-0.4018983244895935
bayraktar_kalkan_diha,data\demo\video_fragmentation_preview\frame_00057.jpg,-0.3752708435058594
bayraktar_kalkan_diha,data\demo\video_fragmentation_preview\frame_00058.jpg,-0.39109769463539124
bayraktar_kalkan_diha,data\demo\video_fragmentation_preview\frame_00059.jpg,-0.045865267515182495
bayraktar_kalkan_diha,data\demo\video_fragmentation_preview\frame_00060.jpg,-0.3088260293006897
bayraktar_kalkan_diha,data\demo\video_fragmentation_preview\frame_00061.jpg,-0.2603449821472168
bayraktar_kalkan_diha,data\demo\video_fragmentation_preview\frame_00062.jpg,-0.21317429840564728
bayraktar_kalkan_diha,data\demo\video_fragmentation_preview\frame_00063.jpg,-0.18533560633659363
bayraktar_kalkan_diha,data\demo\video_fragmentation_preview\frame_00064.jpg,-0.22105418145656586
bayraktar_kalkan_diha,data\demo\video_fragmentation_preview\frame_00065.jpg,-0.2122229039669037
bayraktar_kalkan_diha,data\demo\video_fragmentation_preview\frame_00066.jpg,-0.2782769799232483
bayraktar_kalkan_diha,data\demo\video_fragmentation_preview\frame_00067.jpg,-0.35368359088897705
bayraktar_kalkan_diha,data\demo\video_fragmentation_preview\frame_00068.jpg,-0.4058789908885956
bayraktar_kalkan_diha,data\demo\video_fragmentation_preview\frame_00069.jpg,-0.38401731848716736
bayraktar_kalkan_diha,data\demo\video_fragmentation_preview\frame_00070.jpg,-0.39241182804107666
bayraktar_kalkan_diha,data\demo\video_fragmentation_preview\frame_00071.jpg,-0.39039766788482666
bayraktar_tb2_military_ukrainian_navi,data\demo\video_fragmentation_preview\frame_00000.jpg,0.1837252527475357
bayraktar_tb2_military_ukrainian_navi,data\demo\video_fragmentation_preview\frame_00001.jpg,-0.09046804904937744
bayraktar_tb2_military_ukrainian_navi,data\demo\video_fragmentation_preview\frame_00002.jpg,0.09157270193099976
bayraktar_tb2_military_ukrainian_navi,data\demo\video_fragmentation_preview\frame_00003.jpg,-0.1765284389257431
bayraktar_tb2_military_ukrainian_navi,data\demo\video_fragmentation_preview\frame_00004.jpg,0.0040346067398786545
bayraktar_tb2_military_ukrainian_navi,data\demo\video_fragmentation_preview\frame_00005.jpg,0.007565937936306
bayraktar_tb2_military_ukrainian_navi,data\demo\video_fragmentation_preview\frame_00006.jpg,0.05796922370791435
bayraktar_tb2_military_ukrainian_navi,data\demo\video_fragmentation_preview\frame_00007.jpg,-0.14943856000900269
bayraktar_tb2_military_ukrainian_navi,data\demo\video_fragmentation_preview\frame_00008.jpg,-0.05332940071821213
bayraktar_tb2_military_ukrainian_navi,data\demo\video_fragmentation_preview\frame_00009.jpg,0.1074758917093277
bayraktar_tb2_military_ukrainian_navi,data\demo\video_fragmentation_preview\frame_00010.jpg,-0.0167264211922884
bayraktar_tb2_military_ukrainian_navi,data\demo\video_fragmentation_preview\frame_00011.jpg,-0.13895928859710693
bayraktar_tb2_military_ukrainian_navi,data\demo\video_fragmentation_preview\frame_00012.jpg,-0.012501191347837448
bayraktar_tb2_military_ukrainian_navi,data\demo\video_fragmentation_preview\frame_00013.jpg,0.04510807245969772
bayraktar_tb2_military_ukrainian_navi,data\demo\video_fragmentation_preview\frame_00014.jpg,0.0670224204659462
bayraktar_tb2_military_ukrainian_navi,data\demo\video_fragmentation_preview\frame_00015.jpg,-0.08120125532150269
bayraktar_tb2_military_ukrainian_navi,data\demo\video_fragmentation_preview\frame_00016.jpg,0.1964750736951828
bayraktar_tb2_military_ukrainian_navi,data\demo\video_fragmentation_preview\frame_00017.jpg,0.11914549767971039
bayraktar_tb2_military_ukrainian_navi,data\demo\video_fragmentation_preview\frame_00018.jpg,0.22756382822990417
bayraktar_tb2_military_ukrainian_navi,data\demo\video_fragmentation_preview\frame_00019.jpg,0.13597597181797028
bayraktar_tb2_military_ukrainian_navi,data\demo\video_fragmentation_preview\frame_00020.jpg,-0.29887866973876953
bayraktar_tb2_military_ukrainian_navi,data\demo\video_fragmentation_preview\frame_00021.jpg,-0.24561351537704468
bayraktar_tb2_military_ukrainian_navi,data\demo\video_fragmentation_preview\frame_00022.jpg,0.029389798641204834
bayraktar_tb2_military_ukrainian_navi,data\demo\video_fragmentation_preview\frame_00023.jpg,0.05182070657610893
bayraktar_tb2_military_ukrainian_navi,data\demo\video_fragmentation_preview\frame_00024.jpg,-0.3472762107849121
bayraktar_tb2_military_ukrainian_navi,data\demo\video_fragmentation_preview\frame_00025.jpg,-0.5140534043312073
bayraktar_tb2_military_ukrainian_navi,data\demo\video_fragmentation_preview\frame_00026.jpg,-0.4304278492927551
bayraktar_tb2_military_ukrainian_navi,data\demo\video_fragmentation_preview\frame_00027.jpg,-0.5199564695358276
bayraktar_tb2_military_ukrainian_navi,data\demo\video_fragmentation_preview\frame_00028.jpg,-0.5374575257301331
bayraktar_tb2_military_ukrainian_navi,data\demo\video_fragmentation_preview\frame_00029.jpg,-0.5987424254417419
bayraktar_tb2_military_ukrainian_navi,data\demo\video_fragmentation_preview\frame_00030.jpg,-0.401088148355484
bayraktar_tb2_military_ukrainian_navi,data\demo\video_fragmentation_preview\frame_00031.jpg,-0.4171554148197174
bayraktar_tb2_military_ukrainian_navi,data\demo\video_fragmentation_preview\frame_00034.jpg,-0.03999924659729004
bayraktar_tb2_military_ukrainian_navi,data\demo\video_fragmentation_preview\frame_00035.jpg,-0.10855215787887573
bayraktar_tb2_military_ukrainian_navi,data\demo\video_fragmentation_preview\frame_00036.jpg,-0.07684432715177536
bayraktar_tb2_military_ukrainian_navi,data\demo\video_fragmentation_preview\frame_00037.jpg,0.002653134986758232
bayraktar_tb2_military_ukrainian_navi,data\demo\video_fragmentation_preview\frame_00038.jpg,-0.01023991871625185
bayraktar_tb2_military_ukrainian_navi,data\demo\video_fragmentation_preview\frame_00039.jpg,-0.06416940689086914
bayraktar_tb2_military_ukrainian_navi,data\demo\video_fragmentation_preview\frame_00040.jpg,-0.1925351768732071
bayraktar_tb2_military_ukrainian_navi,data\demo\video_fragmentation_preview\frame_00041.jpg,0.17629073560237885
bayraktar_tb2_military_ukrainian_navi,data\demo\video_fragmentation_preview\frame_00042.jpg,0.1105673760175705
bayraktar_tb2_military_ukrainian_navi,data\demo\video_fragmentation_preview\frame_00043.jpg,0.1075761467218399
bayraktar_tb2_military_ukrainian_navi,data\demo\video_fragmentation_preview\frame_00044.jpg,0.2926301956176758
bayraktar_tb2_military_ukrainian_navi,data\demo\video_fragmentation_preview\frame_00045.jpg,-0.15545795857906342
bayraktar_tb2_military_ukrainian_navi,data\demo\video_fragmentation_preview\frame_00046.jpg,0.029494471848011017
bayraktar_tb2_military_ukrainian_navi,data\demo\video_fragmentation_preview\frame_00047.jpg,-0.11000072211027145
bayraktar_tb2_military_ukrainian_navi,data\demo\video_fragmentation_preview\frame_00048.jpg,0.029979195445775986
bayraktar_tb2_military_ukrainian_navi,data\demo\video_fragmentation_preview\frame_00049.jpg,0.01993059366941452
bayraktar_tb2_military_ukrainian_navi,data\demo\video_fragmentation_preview\frame_00050.jpg,0.02620488777756691
bayraktar_tb2_military_ukrainian_navi,data\demo\video_fragmentation_preview\frame_00051.jpg,-0.15721756219863892
bayraktar_tb2_military_ukrainian_navi,data\demo\video_fragmentation_preview\frame_00052.jpg,0.20713184773921967
bayraktar_tb2_military_ukrainian_navi,data\demo\video_fragmentation_preview\frame_00053.jpg,-0.08157828450202942
bayraktar_tb2_military_ukrainian_navi,data\demo\video_fragmentation_preview\frame_00054.jpg,-0.13173319399356842
bayraktar_tb2_military_ukrainian_navi,data\demo\video_fragmentation_preview\frame_00055.jpg,0.05878816545009613
bayraktar_tb2_military_ukrainian_navi,data\demo\video_fragmentation_preview\frame_00056.jpg,0.004495823755860329
bayraktar_tb2_military_ukrainian_navi,data\demo\video_fragmentation_preview\frame_00057.jpg,-0.03559236228466034
bayraktar_tb2_military_ukrainian_navi,data\demo\video_fragmentation_preview\frame_00058.jpg,0.016129475086927414
bayraktar_tb2_military_ukrainian_navi,data\demo\video_fragmentation_preview\frame_00059.jpg,-0.1111111119389534
bayraktar_tb2_military_ukrainian_navi,data\demo\video_fragmentation_preview\frame_00060.jpg,-0.013033345341682434
bayraktar_tb2_military_ukrainian_navi,data\demo\video_fragmentation_preview\frame_00061.jpg,-0.04080209881067276
bayraktar_tb2_military_ukrainian_navi,data\demo\video_fragmentation_preview\frame_00062.jpg,-0.08293607831001282
bayraktar_tb2_military_ukrainian_navi,data\demo\video_fragmentation_preview\frame_00063.jpg,-0.15621417760849
bayraktar_tb2_military_ukrainian_navi,data\demo\video_fragmentation_preview\frame_00064.jpg,-0.14881056547164917
bayraktar_tb2_military_ukrainian_navi,data\demo\video_fragmentation_preview\frame_00065.jpg,-0.11285439133644104
bayraktar_tb2_military_ukrainian_navi,data\demo\video_fragmentation_preview\frame_00066.jpg,-0.019151601940393448
bayraktar_tb2_military_ukrainian_navi,data\demo\video_fragmentation_preview\frame_00067.jpg,0.12598425149917603
bayraktar_tb2_military_ukrainian_navi,data\demo\video_fragmentation_preview\frame_00068.jpg,-0.2204429805278778
bayraktar_tb2_military_ukrainian_navi,data\demo\video_fragmentation_preview\frame_00069.jpg,-0.2587463855743408
bayraktar_tb2_military_ukrainian_navi,data\demo\video_fragmentation_preview\frame_00070.jpg,-0.2838969826698303
bayraktar_tb2_military_ukrainian_navi,data\demo\video_fragmentation_preview\frame_00071.jpg,-0.32376033067703247
drone_uav_wing_desert_camo,data\demo\video_fragmentation_preview\frame_00000.jpg,-0.20537462830543518
drone_uav_wing_desert_camo,data\demo\video_fragmentation_preview\frame_00001.jpg,-0.07564761489629745
drone_uav_wing_desert_camo,data\demo\video_fragmentation_preview\frame_00002.jpg,-0.1494278758764267
drone_uav_wing_desert_camo,data\demo\video_fragmentation_preview\frame_00003.jpg,0.0052609629929065704
drone_uav_wing_desert_camo,data\demo\video_fragmentation_preview\frame_00004.jpg,-0.1652686893939972
drone_uav_wing_desert_camo,data\demo\video_fragmentation_preview\frame_00005.jpg,-0.05183231085538864
drone_uav_wing_desert_camo,data\demo\video_fragmentation_preview\frame_00006.jpg,-0.16416992247104645
drone_uav_wing_desert_camo,data\demo\video_fragmentation_preview\frame_00007.jpg,-0.14983634650707245
drone_uav_wing_desert_camo,data\demo\video_fragmentation_preview\frame_00008.jpg,-0.15353336930274963
drone_uav_wing_desert_camo,data\demo\video_fragmentation_preview\frame_00009.jpg,-0.0875256285071373
drone_uav_wing_desert_camo,data\demo\video_fragmentation_preview\frame_00010.jpg,0.06749773025512695
drone_uav_wing_desert_camo,data\demo\video_fragmentation_preview\frame_00011.jpg,-0.055751901119947433
drone_uav_wing_desert_camo,data\demo\video_fragmentation_preview\frame_00012.jpg,-0.16820727288722992
drone_uav_wing_desert_camo,data\demo\video_fragmentation_preview\frame_00013.jpg,0.2059655338525772
drone_uav_wing_desert_camo,data\demo\video_fragmentation_preview\frame_00014.jpg,-0.08327067643404007
drone_uav_wing_desert_camo,data\demo\video_fragmentation_preview\frame_00015.jpg,-0.24661007523536682
drone_uav_wing_desert_camo,data\demo\video_fragmentation_preview\frame_00016.jpg,0.003668472170829773
drone_uav_wing_desert_camo,data\demo\video_fragmentation_preview\frame_00017.jpg,-0.00589355081319809
drone_uav_wing_desert_camo,data\demo\video_fragmentation_preview\frame_00018.jpg,-0.2900649607181549
drone_uav_wing_desert_camo,data\demo\video_fragmentation_preview\frame_00019.jpg,-0.06784680485725403
drone_uav_wing_desert_camo,data\demo\video_fragmentation_preview\frame_00020.jpg,-0.03492985665798187
drone_uav_wing_desert_camo,data\demo\video_fragmentation_preview\frame_00021.jpg,-0.0665830448269844
drone_uav_wing_desert_camo,data\demo\video_fragmentation_preview\frame_00022.jpg,-0.05098253861069679
drone_uav_wing_desert_camo,data\demo\video_fragmentation_preview\frame_00023.jpg,0.033259883522987366
drone_uav_wing_desert_camo,data\demo\video_fragmentation_preview\frame_00024.jpg,0.2859169840812683
drone_uav_wing_desert_camo,data\demo\video_fragmentation_preview\frame_00025.jpg,-0.013990042731165886
drone_uav_wing_desert_camo,data\demo\video_fragmentation_preview\frame_00026.jpg,-0.04078533127903938
drone_uav_wing_desert_camo,data\demo\video_fragmentation_preview\frame_00027.jpg,0.030730441212654114
drone_uav_wing_desert_camo,data\demo\video_fragmentation_preview\frame_00028.jpg,-0.043932560831308365
drone_uav_wing_desert_camo,data\demo\video_fragmentation_preview\frame_00029.jpg,0.23854848742485046
drone_uav_wing_desert_camo,data\demo\video_fragmentation_preview\frame_00030.jpg,0.14990483224391937
drone_uav_wing_desert_camo,data\demo\video_fragmentation_preview\frame_00031.jpg,0.0303934458643198
drone_uav_wing_desert_camo,data\demo\video_fragmentation_preview\frame_00034.jpg,-0.3405025601387024
drone_uav_wing_desert_camo,data\demo\video_fragmentation_preview\frame_00035.jpg,-0.3218902349472046
drone_uav_wing_desert_camo,data\demo\video_fragmentation_preview\frame_00036.jpg,-0.2744358777999878
drone_uav_wing_desert_camo,data\demo\video_fragmentation_preview\frame_00037.jpg,-0.28481197357177734
drone_uav_wing_desert_camo,data\demo\video_fragmentation_preview\frame_00038.jpg,-0.19874034821987152
drone_uav_wing_desert_camo,data\demo\video_fragmentation_preview\frame_00039.jpg,-0.15212318301200867
drone_uav_wing_desert_camo,data\demo\video_fragmentation_preview\frame_00040.jpg,-0.16845518350601196
drone_uav_wing_desert_camo,data\demo\video_fragmentation_preview\frame_00041.jpg,-0.18610332906246185
drone_uav_wing_desert_camo,data\demo\video_fragmentation_preview\frame_00042.jpg,-0.2920624017715454
drone_uav_wing_desert_camo,data\demo\video_fragmentation_preview\frame_00043.jpg,-0.20121148228645325
drone_uav_wing_desert_camo,data\demo\video_fragmentation_preview\frame_00044.jpg,-0.32398083806037903
drone_uav_wing_desert_camo,data\demo\video_fragmentation_preview\frame_00045.jpg,-0.21080002188682556
drone_uav_wing_desert_camo,data\demo\video_fragmentation_preview\frame_00046.jpg,-0.19294990599155426
drone_uav_wing_desert_camo,data\demo\video_fragmentation_preview\frame_00047.jpg,-0.2575022578239441
drone_uav_wing_desert_camo,data\demo\video_fragmentation_preview\frame_00048.jpg,-0.19416797161102295
drone_uav_wing_desert_camo,data\demo\video_fragmentation_preview\frame_00049.jpg,-0.2333163619041443
drone_uav_wing_desert_camo,data\demo\video_fragmentation_preview\frame_00050.jpg,-0.2624437212944031
drone_uav_wing_desert_camo,data\demo\video_fragmentation_preview\frame_00051.jpg,-0.21119190752506256
drone_uav_wing_desert_camo,data\demo\video_fragmentation_preview\frame_00052.jpg,-0.3035721182823181
drone_uav_wing_desert_camo,data\demo\video_fragmentation_preview\frame_00053.jpg,-0.10945728421211243
drone_uav_wing_desert_camo,data\demo\video_fragmentation_preview\frame_00054.jpg,-0.10520951449871063
drone_uav_wing_desert_camo,data\demo\video_fragmentation_preview\frame_00055.jpg,-0.13737758994102478
drone_uav_wing_desert_camo,data\demo\video_fragmentation_preview\frame_00056.jpg,-0.2332691103219986
drone_uav_wing_desert_camo,data\demo\video_fragmentation_preview\frame_00057.jpg,-0.21945181488990784
drone_uav_wing_desert_camo,data\demo\video_fragmentation_preview\frame_00058.jpg,-0.2226967215538025
drone_uav_wing_desert_camo,data\demo\video_fragmentation_preview\frame_00059.jpg,0.1938302218914032
drone_uav_wing_desert_camo,data\demo\video_fragmentation_preview\frame_00060.jpg,-0.167029470205307
drone_uav_wing_desert_camo,data\demo\video_fragmentation_preview\frame_00061.jpg,-0.1284102350473404
drone_uav_wing_desert_camo,data\demo\video_fragmentation_preview\frame_00062.jpg,-0.08097933232784271
drone_uav_wing_desert_camo,data\demo\video_fragmentation_preview\frame_00063.jpg,-0.09006498754024506
drone_uav_wing_desert_camo,data\demo\video_fragmentation_preview\frame_00064.jpg,-0.07833395153284073
drone_uav_wing_desert_camo,data\demo\video_fragmentation_preview\frame_00065.jpg,-0.0872274711728096
drone_uav_wing_desert_camo,data\demo\video_fragmentation_preview\frame_00066.jpg,-0.14402444660663605
drone_uav_wing_desert_camo,data\demo\video_fragmentation_preview\frame_00067.jpg,-0.2060987800359726
drone_uav_wing_desert_camo,data\demo\video_fragmentation_preview\frame_00068.jpg,-0.11065325886011124
drone_uav_wing_desert_camo,data\demo\video_fragmentation_preview\frame_00069.jpg,-0.07360263168811798
drone_uav_wing_desert_camo,data\demo\video_fragmentation_preview\frame_00070.jpg,-0.0918855369091034
drone_uav_wing_desert_camo,data\demo\video_fragmentation_preview\frame_00071.jpg,-0.09885287284851074
general_atomics,data\demo\video_fragmentation_preview\frame_00000.jpg,-0.26635947823524475
general_atomics,data\demo\video_fragmentation_preview\frame_00001.jpg,-0.4974716305732727
general_atomics,data\demo\video_fragmentation_preview\frame_00002.jpg,-0.37030845880508423
general_atomics,data\demo\video_fragmentation_preview\frame_00003.jpg,-0.5054746866226196
general_atomics,data\demo\video_fragmentation_preview\frame_00004.jpg,-0.42954540252685547
general_atomics,data\demo\video_fragmentation_preview\frame_00005.jpg,-0.48895812034606934
general_atomics,data\demo\video_fragmentation_preview\frame_00006.jpg,-0.5090252161026001
general_atomics,data\demo\video_fragmentation_preview\frame_00007.jpg,-0.6492249965667725
general_atomics,data\demo\video_fragmentation_preview\frame_00008.jpg,-0.5343469381332397
general_atomics,data\demo\video_fragmentation_preview\frame_00009.jpg,-0.42349815368652344
general_atomics,data\demo\video_fragmentation_preview\frame_00010.jpg,-0.477285772562027
general_atomics,data\demo\video_fragmentation_preview\frame_00011.jpg,-0.6270237565040588
general_atomics,data\demo\video_fragmentation_preview\frame_00012.jpg,-0.5692746639251709
general_atomics,data\demo\video_fragmentation_preview\frame_00013.jpg,-0.43822619318962097
general_atomics,data\demo\video_fragmentation_preview\frame_00014.jpg,-0.4020184576511383
general_atomics,data\demo\video_fragmentation_preview\frame_00015.jpg,-0.45547592639923096
general_atomics,data\demo\video_fragmentation_preview\frame_00016.jpg,-0.2129421830177307
general_atomics,data\demo\video_fragmentation_preview\frame_00017.jpg,-0.30968940258026123
general_atomics,data\demo\video_fragmentation_preview\frame_00018.jpg,-0.3209991455078125
general_atomics,data\demo\video_fragmentation_preview\frame_00019.jpg,-0.4070424437522888
general_atomics,data\demo\video_fragmentation_preview\frame_00020.jpg,-0.6729598045349121
general_atomics,data\demo\video_fragmentation_preview\frame_00021.jpg,-0.6781026124954224
general_atomics,data\demo\video_fragmentation_preview\frame_00022.jpg,-0.38949519395828247
general_atomics,data\demo\video_fragmentation_preview\frame_00023.jpg,-0.41015946865081787
general_atomics,data\demo\video_fragmentation_preview\frame_00024.jpg,-0.613304615020752
general_atomics,data\demo\video_fragmentation_preview\frame_00025.jpg,-0.7933188676834106
general_atomics,data\demo\video_fragmentation_preview\frame_00026.jpg,-0.7352199554443359
general_atomics,data\demo\video_fragmentation_preview\frame_00027.jpg,-0.7459948062896729
general_atomics,data\demo\video_fragmentation_preview\frame_00028.jpg,-0.7190311551094055
general_atomics,data\demo\video_fragmentation_preview\frame_00029.jpg,-0.6141716837882996
general_atomics,data\demo\video_fragmentation_preview\frame_00030.jpg,-0.4438477158546448
general_atomics,data\demo\video_fragmentation_preview\frame_00031.jpg,-0.5049574375152588
general_atomics,data\demo\video_fragmentation_preview\frame_00034.jpg,-0.474854052066803
general_atomics,data\demo\video_fragmentation_preview\frame_00035.jpg,-0.5302148461341858
general_atomics,data\demo\video_fragmentation_preview\frame_00036.jpg,-0.4680185914039612
general_atomics,data\demo\video_fragmentation_preview\frame_00037.jpg,-0.4340994954109192
general_atomics,data\demo\video_fragmentation_preview\frame_00038.jpg,-0.38921838998794556
general_atomics,data\demo\video_fragmentation_preview\frame_00039.jpg,-0.4050244688987732
general_atomics,data\demo\video_fragmentation_preview\frame_00040.jpg,-0.5027107000350952
general_atomics,data\demo\video_fragmentation_preview\frame_00041.jpg,-0.3506678342819214
general_atomics,data\demo\video_fragmentation_preview\frame_00042.jpg,-0.4000363349914551
general_atomics,data\demo\video_fragmentation_preview\frame_00043.jpg,-0.3617168068885803
general_atomics,data\demo\video_fragmentation_preview\frame_00044.jpg,-0.2782200574874878
general_atomics,data\demo\video_fragmentation_preview\frame_00045.jpg,-0.46395590901374817
general_atomics,data\demo\video_fragmentation_preview\frame_00046.jpg,-0.41126418113708496
general_atomics,data\demo\video_fragmentation_preview\frame_00047.jpg,-0.4534960985183716
general_atomics,data\demo\video_fragmentation_preview\frame_00048.jpg,-0.4942275881767273
general_atomics,data\demo\video_fragmentation_preview\frame_00049.jpg,-0.47093287110328674
general_atomics,data\demo\video_fragmentation_preview\frame_00050.jpg,-0.4027401804924011
general_atomics,data\demo\video_fragmentation_preview\frame_00051.jpg,-0.5260035991668701
general_atomics,data\demo\video_fragmentation_preview\frame_00052.jpg,-0.3885526955127716
general_atomics,data\demo\video_fragmentation_preview\frame_00053.jpg,-0.48384201526641846
general_atomics,data\demo\video_fragmentation_preview\frame_00054.jpg,-0.509543776512146
general_atomics,data\demo\video_fragmentation_preview\frame_00055.jpg,-0.4471892714500427
general_atomics,data\demo\video_fragmentation_preview\frame_00056.jpg,-0.48291516304016113
general_atomics,data\demo\video_fragmentation_preview\frame_00057.jpg,-0.4882798492908478
general_atomics,data\demo\video_fragmentation_preview\frame_00058.jpg,-0.3400798439979553
general_atomics,data\demo\video_fragmentation_preview\frame_00059.jpg,-0.5484268665313721
general_atomics,data\demo\video_fragmentation_preview\frame_00060.jpg,-0.4265475273132324
general_atomics,data\demo\video_fragmentation_preview\frame_00061.jpg,-0.4625698924064636
general_atomics,data\demo\video_fragmentation_preview\frame_00062.jpg,-0.48763322830200195
general_atomics,data\demo\video_fragmentation_preview\frame_00063.jpg,-0.3964819312095642
general_atomics,data\demo\video_fragmentation_preview\frame_00064.jpg,-0.5318927764892578
general_atomics,data\demo\video_fragmentation_preview\frame_00065.jpg,-0.4343201816082001
general_atomics,data\demo\video_fragmentation_preview\frame_00066.jpg,-0.42764633893966675
general_atomics,data\demo\video_fragmentation_preview\frame_00067.jpg,-0.37986835837364197
general_atomics,data\demo\video_fragmentation_preview\frame_00068.jpg,-0.5319263935089111
general_atomics,data\demo\video_fragmentation_preview\frame_00069.jpg,-0.5697672367095947
general_atomics,data\demo\video_fragmentation_preview\frame_00070.jpg,-0.5727556943893433
general_atomics,data\demo\video_fragmentation_preview\frame_00071.jpg,-0.5911216139793396
heavy_killer_drone,data\demo\video_fragmentation_preview\frame_00000.jpg,-0.6511092185974121
heavy_killer_drone,data\demo\video_fragmentation_preview\frame_00001.jpg,-0.47093912959098816
heavy_killer_drone,data\demo\video_fragmentation_preview\frame_00002.jpg,-0.5933631658554077
heavy_killer_drone,data\demo\video_fragmentation_preview\frame_00003.jpg,-0.3761756420135498
heavy_killer_drone,data\demo\video_fragmentation_preview\frame_00004.jpg,-0.5724838972091675
heavy_killer_drone,data\demo\video_fragmentation_preview\frame_00005.jpg,-0.46224528551101685
heavy_killer_drone,data\demo\video_fragmentation_preview\frame_00006.jpg,-0.6600030064582825
heavy_killer_drone,data\demo\video_fragmentation_preview\frame_00007.jpg,-0.3961045742034912
heavy_killer_drone,data\demo\video_fragmentation_preview\frame_00008.jpg,-0.3289920687675476
heavy_killer_drone,data\demo\video_fragmentation_preview\frame_00009.jpg,-0.31826668977737427
heavy_killer_drone,data\demo\video_fragmentation_preview\frame_00010.jpg,-0.25086113810539246
heavy_killer_drone,data\demo\video_fragmentation_preview\frame_00011.jpg,-0.24276554584503174
heavy_killer_drone,data\demo\video_fragmentation_preview\frame_00012.jpg,-0.3767627477645874
heavy_killer_drone,data\demo\video_fragmentation_preview\frame_00013.jpg,-0.29265549778938293
heavy_killer_drone,data\demo\video_fragmentation_preview\frame_00014.jpg,-0.45156022906303406
heavy_killer_drone,data\demo\video_fragmentation_preview\frame_00015.jpg,-0.1804596483707428
heavy_killer_drone,data\demo\video_fragmentation_preview\frame_00016.jpg,-0.0961638018488884
heavy_killer_drone,data\demo\video_fragmentation_preview\frame_00017.jpg,-0.19185680150985718
heavy_killer_drone,data\demo\video_fragmentation_preview\frame_00018.jpg,-0.4052778482437134
heavy_killer_drone,data\demo\video_fragmentation_preview\frame_00019.jpg,-0.4310755133628845
heavy_killer_drone,data\demo\video_fragmentation_preview\frame_00020.jpg,-0.29752981662750244
heavy_killer_drone,data\demo\video_fragmentation_preview\frame_00021.jpg,-0.3239394724369049
heavy_killer_drone,data\demo\video_fragmentation_preview\frame_00022.jpg,-0.5380995273590088
heavy_killer_drone,data\demo\video_fragmentation_preview\frame_00023.jpg,-0.4494260251522064
heavy_killer_drone,data\demo\video_fragmentation_preview\frame_00024.jpg,-0.20141494274139404
heavy_killer_drone,data\demo\video_fragmentation_preview\frame_00025.jpg,-0.21185147762298584
heavy_killer_drone,data\demo\video_fragmentation_preview\frame_00026.jpg,-0.26337775588035583
heavy_killer_drone,data\demo\video_fragmentation_preview\frame_00027.jpg,-0.18349215388298035
heavy_killer_drone,data\demo\video_fragmentation_preview\frame_00028.jpg,-0.24845317006111145
heavy_killer_drone,data\demo\video_fragmentation_preview\frame_00029.jpg,-0.10722409933805466
heavy_killer_drone,data\demo\video_fragmentation_preview\frame_00030.jpg,-0.17149782180786133
heavy_killer_drone,data\demo\video_fragmentation_preview\frame_00031.jpg,-0.18093837797641754
heavy_killer_drone,data\demo\video_fragmentation_preview\frame_00034.jpg,-0.5966182947158813
heavy_killer_drone,data\demo\video_fragmentation_preview\frame_00035.jpg,-0.5710136890411377
heavy_killer_drone,data\demo\video_fragmentation_preview\frame_00036.jpg,-0.5927937030792236
heavy_killer_drone,data\demo\video_fragmentation_preview\frame_00037.jpg,-0.5598433613777161
heavy_killer_drone,data\demo\video_fragmentation_preview\frame_00038.jpg,-0.4260418117046356
heavy_killer_drone,data\demo\video_fragmentation_preview\frame_00039.jpg,-0.44424259662628174
heavy_killer_drone,data\demo\video_fragmentation_preview\frame_00040.jpg,-0.39346522092819214
heavy_killer_drone,data\demo\video_fragmentation_preview\frame_00041.jpg,-0.5724389553070068
heavy_killer_drone,data\demo\video_fragmentation_preview\frame_00042.jpg,-0.5806170105934143
heavy_killer_drone,data\demo\video_fragmentation_preview\frame_00043.jpg,-0.5234436988830566
heavy_killer_drone,data\demo\video_fragmentation_preview\frame_00044.jpg,-0.5689982175827026
heavy_killer_drone,data\demo\video_fragmentation_preview\frame_00045.jpg,-0.4833438992500305
heavy_killer_drone,data\demo\video_fragmentation_preview\frame_00046.jpg,-0.4761638641357422
heavy_killer_drone,data\demo\video_fragmentation_preview\frame_00047.jpg,-0.4733857810497284
heavy_killer_drone,data\demo\video_fragmentation_preview\frame_00048.jpg,-0.46951359510421753
heavy_killer_drone,data\demo\video_fragmentation_preview\frame_00049.jpg,-0.4870099723339081
heavy_killer_drone,data\demo\video_fragmentation_preview\frame_00050.jpg,-0.5075178146362305
heavy_killer_drone,data\demo\video_fragmentation_preview\frame_00051.jpg,-0.39741718769073486
heavy_killer_drone,data\demo\video_fragmentation_preview\frame_00052.jpg,-0.58522629737854
heavy_killer_drone,data\demo\video_fragmentation_preview\frame_00053.jpg,-0.3290387988090515
heavy_killer_drone,data\demo\video_fragmentation_preview\frame_00054.jpg,-0.40123558044433594
heavy_killer_drone,data\demo\video_fragmentation_preview\frame_00055.jpg,-0.4932311773300171
heavy_killer_drone,data\demo\video_fragmentation_preview\frame_00056.jpg,-0.5015583038330078
heavy_killer_drone,data\demo\video_fragmentation_preview\frame_00057.jpg,-0.4512605667114258
heavy_killer_drone,data\demo\video_fragmentation_preview\frame_00058.jpg,-0.5056873559951782
heavy_killer_drone,data\demo\video_fragmentation_preview\frame_00059.jpg,-0.2938724458217621
heavy_killer_drone,data\demo\video_fragmentation_preview\frame_00060.jpg,-0.3530219793319702
heavy_killer_drone,data\demo\video_fragmentation_preview\frame_00061.jpg,-0.33077096939086914
heavy_killer_drone,data\demo\video_fragmentation_preview\frame_00062.jpg,-0.34354791045188904
heavy_killer_drone,data\demo\video_fragmentation_preview\frame_00063.jpg,-0.26148319244384766
heavy_killer_drone,data\demo\video_fragmentation_preview\frame_00064.jpg,-0.3548441529273987
heavy_killer_drone,data\demo\video_fragmentation_preview\frame_00065.jpg,-0.33544373512268066
heavy_killer_drone,data\demo\video_fragmentation_preview\frame_00066.jpg,-0.4059916138648987
heavy_killer_drone,data\demo\video_fragmentation_preview\frame_00067.jpg,-0.49993807077407837
heavy_killer_drone,data\demo\video_fragmentation_preview\frame_00068.jpg,-0.42864206433296204
heavy_killer_drone,data\demo\video_fragmentation_preview\frame_00069.jpg,-0.4005516767501831
heavy_killer_drone,data\demo\video_fragmentation_preview\frame_00070.jpg,-0.3810666799545288
heavy_killer_drone,data\demo\video_fragmentation_preview\frame_00071.jpg,-0.36824703216552734
lancet,data\demo\video_fragmentation_preview\frame_00000.jpg,0.4017660617828369
lancet,data\demo\video_fragmentation_preview\frame_00001.jpg,0.5312883853912354
lancet,data\demo\video_fragmentation_preview\frame_00002.jpg,0.4677185118198395
lancet,data\demo\video_fragmentation_preview\frame_00003.jpg,0.5763808488845825
lancet,data\demo\video_fragmentation_preview\frame_00004.jpg,0.5885318517684937
lancet,data\demo\video_fragmentation_preview\frame_00005.jpg,0.49554532766342163
lancet,data\demo\video_fragmentation_preview\frame_00006.jpg,0.3346954584121704
lancet,data\demo\video_fragmentation_preview\frame_00007.jpg,0.3384813964366913
lancet,data\demo\video_fragmentation_preview\frame_00008.jpg,0.30860698223114014
lancet,data\demo\video_fragmentation_preview\frame_00009.jpg,0.15884792804718018
lancet,data\demo\video_fragmentation_preview\frame_00010.jpg,0.17587023973464966
lancet,data\demo\video_fragmentation_preview\frame_00011.jpg,0.28807467222213745
lancet,data\demo\video_fragmentation_preview\frame_00012.jpg,0.2639561593532562
lancet,data\demo\video_fragmentation_preview\frame_00013.jpg,-0.17692258954048157
lancet,data\demo\video_fragmentation_preview\frame_00014.jpg,-0.056053370237350464
lancet,data\demo\video_fragmentation_preview\frame_00015.jpg,-0.1886160969734192
lancet,data\demo\video_fragmentation_preview\frame_00016.jpg,-0.4692847728729248
lancet,data\demo\video_fragmentation_preview\frame_00017.jpg,-0.3450126051902771
lancet,data\demo\video_fragmentation_preview\frame_00018.jpg,-0.25866323709487915
lancet,data\demo\video_fragmentation_preview\frame_00019.jpg,-0.11736903339624405
lancet,data\demo\video_fragmentation_preview\frame_00020.jpg,0.2325620800256729
lancet,data\demo\video_fragmentation_preview\frame_00021.jpg,0.17941302061080933
lancet,data\demo\video_fragmentation_preview\frame_00022.jpg,0.04939843341708183
lancet,data\demo\video_fragmentation_preview\frame_00023.jpg,-0.07977823168039322
lancet,data\demo\video_fragmentation_preview\frame_00024.jpg,0.20278364419937134
lancet,data\demo\video_fragmentation_preview\frame_00025.jpg,0.3878591060638428
lancet,data\demo\video_fragmentation_preview\frame_00026.jpg,0.3478887677192688
lancet,data\demo\video_fragmentation_preview\frame_00027.jpg,0.3528011739253998
lancet,data\demo\video_fragmentation_preview\frame_00028.jpg,0.58625727891922
lancet,data\demo\video_fragmentation_preview\frame_00029.jpg,0.5161092877388
lancet,data\demo\video_fragmentation_preview\frame_00030.jpg,0.37211817502975464
lancet,data\demo\video_fragmentation_preview\frame_00031.jpg,0.33308374881744385
lancet,data\demo\video_fragmentation_preview\frame_00034.jpg,0.29219213128089905
lancet,data\demo\video_fragmentation_preview\frame_00035.jpg,0.3549095392227173
lancet,data\demo\video_fragmentation_preview\frame_00036.jpg,0.31715714931488037
lancet,data\demo\video_fragmentation_preview\frame_00037.jpg,0.36886852979660034
lancet,data\demo\video_fragmentation_preview\frame_00038.jpg,0.31851726770401
lancet,data\demo\video_fragmentation_preview\frame_00039.jpg,0.2519967555999756
lancet,data\demo\video_fragmentation_preview\frame_00040.jpg,0.4015870988368988
lancet,data\demo\video_fragmentation_preview\frame_00041.jpg,0.270691454410553
lancet,data\demo\video_fragmentation_preview\frame_00042.jpg,0.29715776443481445
lancet,data\demo\video_fragmentation_preview\frame_00043.jpg,0.25188007950782776
lancet,data\demo\video_fragmentation_preview\frame_00044.jpg,-0.009604327380657196
lancet,data\demo\video_fragmentation_preview\frame_00045.jpg,0.2535487115383148
lancet,data\demo\video_fragmentation_preview\frame_00046.jpg,0.09891509264707565
lancet,data\demo\video_fragmentation_preview\frame_00047.jpg,0.26166194677352905
lancet,data\demo\video_fragmentation_preview\frame_00048.jpg,0.34639859199523926
lancet,data\demo\video_fragmentation_preview\frame_00049.jpg,0.37091344594955444
lancet,data\demo\video_fragmentation_preview\frame_00050.jpg,0.3357286751270294
lancet,data\demo\video_fragmentation_preview\frame_00051.jpg,0.23639260232448578
lancet,data\demo\video_fragmentation_preview\frame_00052.jpg,0.17853344976902008
lancet,data\demo\video_fragmentation_preview\frame_00053.jpg,0.21672791242599487
lancet,data\demo\video_fragmentation_preview\frame_00054.jpg,0.34957003593444824
lancet,data\demo\video_fragmentation_preview\frame_00055.jpg,0.3204878568649292
lancet,data\demo\video_fragmentation_preview\frame_00056.jpg,0.311542809009552
lancet,data\demo\video_fragmentation_preview\frame_00057.jpg,0.30150121450424194
lancet,data\demo\video_fragmentation_preview\frame_00058.jpg,0.247069850564003
lancet,data\demo\video_fragmentation_preview\frame_00059.jpg,0.3267650008201599
lancet,data\demo\video_fragmentation_preview\frame_00060.jpg,0.12517425417900085
lancet,data\demo\video_fragmentation_preview\frame_00061.jpg,0.04470713436603546
lancet,data\demo\video_fragmentation_preview\frame_00062.jpg,0.07637667655944824
lancet,data\demo\video_fragmentation_preview\frame_00063.jpg,0.012643814086914062
lancet,data\demo\video_fragmentation_preview\frame_00064.jpg,0.1306854486465454
lancet,data\demo\video_fragmentation_preview\frame_00065.jpg,0.06739639490842819
lancet,data\demo\video_fragmentation_preview\frame_00066.jpg,0.04898908734321594
lancet,data\demo\video_fragmentation_preview\frame_00067.jpg,0.0052653346210718155
lancet,data\demo\video_fragmentation_preview\frame_00068.jpg,0.42919594049453735
lancet,data\demo\video_fragmentation_preview\frame_00069.jpg,0.41550207138061523
lancet,data\demo\video_fragmentation_preview\frame_00070.jpg,0.4640449583530426
lancet,data\demo\video_fragmentation_preview\frame_00071.jpg,0.4792795777320862
morok_uav_drone_3d_model,data\demo\video_fragmentation_preview\frame_00000.jpg,-0.40578556060791016
morok_uav_drone_3d_model,data\demo\video_fragmentation_preview\frame_00001.jpg,-0.31465238332748413
morok_uav_drone_3d_model,data\demo\video_fragmentation_preview\frame_00002.jpg,-0.40528345108032227
morok_uav_drone_3d_model,data\demo\video_fragmentation_preview\frame_00003.jpg,-0.25085869431495667
morok_uav_drone_3d_model,data\demo\video_fragmentation_preview\frame_00004.jpg,-0.41685691475868225
morok_uav_drone_3d_model,data\demo\video_fragmentation_preview\frame_00005.jpg,-0.2949230670928955
morok_uav_drone_3d_model,data\demo\video_fragmentation_preview\frame_00006.jpg,-0.5384323596954346
morok_uav_drone_3d_model,data\demo\video_fragmentation_preview\frame_00007.jpg,-0.2262660562992096
morok_uav_drone_3d_model,data\demo\video_fragmentation_preview\frame_00008.jpg,-0.09772184491157532
morok_uav_drone_3d_model,data\demo\video_fragmentation_preview\frame_00009.jpg,-0.06269640475511551
morok_uav_drone_3d_model,data\demo\video_fragmentation_preview\frame_00010.jpg,-0.04452040046453476
morok_uav_drone_3d_model,data\demo\video_fragmentation_preview\frame_00011.jpg,-0.05089627951383591
morok_uav_drone_3d_model,data\demo\video_fragmentation_preview\frame_00012.jpg,-0.18126188218593597
morok_uav_drone_3d_model,data\demo\video_fragmentation_preview\frame_00013.jpg,-0.23954972624778748
morok_uav_drone_3d_model,data\demo\video_fragmentation_preview\frame_00014.jpg,-0.3414844274520874
morok_uav_drone_3d_model,data\demo\video_fragmentation_preview\frame_00015.jpg,-0.03210475668311119
morok_uav_drone_3d_model,data\demo\video_fragmentation_preview\frame_00016.jpg,0.11822503060102463
morok_uav_drone_3d_model,data\demo\video_fragmentation_preview\frame_00017.jpg,0.004183940589427948
morok_uav_drone_3d_model,data\demo\video_fragmentation_preview\frame_00018.jpg,-0.1576610803604126
morok_uav_drone_3d_model,data\demo\video_fragmentation_preview\frame_00019.jpg,-0.2839265763759613
morok_uav_drone_3d_model,data\demo\video_fragmentation_preview\frame_00020.jpg,-0.22317713499069214
morok_uav_drone_3d_model,data\demo\video_fragmentation_preview\frame_00021.jpg,-0.19723889231681824
morok_uav_drone_3d_model,data\demo\video_fragmentation_preview\frame_00022.jpg,-0.4108859896659851
morok_uav_drone_3d_model,data\demo\video_fragmentation_preview\frame_00023.jpg,-0.36706870794296265
morok_uav_drone_3d_model,data\demo\video_fragmentation_preview\frame_00024.jpg,-0.3048194646835327
morok_uav_drone_3d_model,data\demo\video_fragmentation_preview\frame_00025.jpg,-0.20064130425453186
morok_uav_drone_3d_model,data\demo\video_fragmentation_preview\frame_00026.jpg,-0.259371817111969
morok_uav_drone_3d_model,data\demo\video_fragmentation_preview\frame_00027.jpg,-0.2636522352695465
morok_uav_drone_3d_model,data\demo\video_fragmentation_preview\frame_00028.jpg,-0.28508204221725464
morok_uav_drone_3d_model,data\demo\video_fragmentation_preview\frame_00029.jpg,-0.2876024544239044
morok_uav_drone_3d_model,data\demo\video_fragmentation_preview\frame_00030.jpg,-0.25669756531715393
morok_uav_drone_3d_model,data\demo\video_fragmentation_preview\frame_00031.jpg,-0.20474644005298615
morok_uav_drone_3d_model,data\demo\video_fragmentation_preview\frame_00034.jpg,-0.30622565746307373
morok_uav_drone_3d_model,data\demo\video_fragmentation_preview\frame_00035.jpg,-0.3238302171230316
morok_uav_drone_3d_model,data\demo\video_fragmentation_preview\frame_00036.jpg,-0.354598730802536
morok_uav_drone_3d_model,data\demo\video_fragmentation_preview\frame_00037.jpg,-0.2967025339603424
morok_uav_drone_3d_model,data\demo\video_fragmentation_preview\frame_00038.jpg,-0.19109077751636505
morok_uav_drone_3d_model,data\demo\video_fragmentation_preview\frame_00039.jpg,-0.22419434785842896
morok_uav_drone_3d_model,data\demo\video_fragmentation_preview\frame_00040.jpg,-0.2129940241575241
morok_uav_drone_3d_model,data\demo\video_fragmentation_preview\frame_00041.jpg,-0.342140257358551
morok_uav_drone_3d_model,data\demo\video_fragmentation_preview\frame_00042.jpg,-0.29963940382003784
morok_uav_drone_3d_model,data\demo\video_fragmentation_preview\frame_00043.jpg,-0.2517244219779968
morok_uav_drone_3d_model,data\demo\video_fragmentation_preview\frame_00044.jpg,-0.2253728210926056
morok_uav_drone_3d_model,data\demo\video_fragmentation_preview\frame_00045.jpg,-0.28345349431037903
morok_uav_drone_3d_model,data\demo\video_fragmentation_preview\frame_00046.jpg,-0.2385462522506714
morok_uav_drone_3d_model,data\demo\video_fragmentation_preview\frame_00047.jpg,-0.25294867157936096
morok_uav_drone_3d_model,data\demo\video_fragmentation_preview\frame_00048.jpg,-0.23276525735855103
morok_uav_drone_3d_model,data\demo\video_fragmentation_preview\frame_00049.jpg,-0.22730249166488647
morok_uav_drone_3d_model,data\demo\video_fragmentation_preview\frame_00050.jpg,-0.23823194205760956
morok_uav_drone_3d_model,data\demo\video_fragmentation_preview\frame_00051.jpg,-0.19471383094787598
morok_uav_drone_3d_model,data\demo\video_fragmentation_preview\frame_00052.jpg,-0.28891780972480774
morok_uav_drone_3d_model,data\demo\video_fragmentation_preview\frame_00053.jpg,-0.1043744683265686
morok_uav_drone_3d_model,data\demo\video_fragmentation_preview\frame_00054.jpg,-0.19117839634418488
morok_uav_drone_3d_model,data\demo\video_fragmentation_preview\frame_00055.jpg,-0.2530848979949951
morok_uav_drone_3d_model,data\demo\video_fragmentation_preview\frame_00056.jpg,-0.2385956346988678
morok_uav_drone_3d_model,data\demo\video_fragmentation_preview\frame_00057.jpg,-0.19363033771514893
morok_uav_drone_3d_model,data\demo\video_fragmentation_preview\frame_00058.jpg,-0.2226085066795349
morok_uav_drone_3d_model,data\demo\video_fragmentation_preview\frame_00059.jpg,-0.1805981546640396
morok_uav_drone_3d_model,data\demo\video_fragmentation_preview\frame_00060.jpg,-0.06680707633495331
morok_uav_drone_3d_model,data\demo\video_fragmentation_preview\frame_00061.jpg,-0.06974127143621445
morok_uav_drone_3d_model,data\demo\video_fragmentation_preview\frame_00062.jpg,-0.13277499377727509
morok_uav_drone_3d_model,data\demo\video_fragmentation_preview\frame_00063.jpg,-0.05989664047956467
morok_uav_drone_3d_model,data\demo\video_fragmentation_preview\frame_00064.jpg,-0.16360121965408325
morok_uav_drone_3d_model,data\demo\video_fragmentation_preview\frame_00065.jpg,-0.12255914509296417
morok_uav_drone_3d_model,data\demo\video_fragmentation_preview\frame_00066.jpg,-0.1556299328804016
morok_uav_drone_3d_model,data\demo\video_fragmentation_preview\frame_00067.jpg,-0.1991654634475708
morok_uav_drone_3d_model,data\demo\video_fragmentation_preview\frame_00068.jpg,-0.249431774020195
morok_uav_drone_3d_model,data\demo\video_fragmentation_preview\frame_00069.jpg,-0.24644151329994202
morok_uav_drone_3d_model,data\demo\video_fragmentation_preview\frame_00070.jpg,-0.2152976095676422
morok_uav_drone_3d_model,data\demo\video_fragmentation_preview\frame_00071.jpg,-0.2227318286895752
mq-1_uav_war_thunder,data\demo\video_fragmentation_preview\frame_00000.jpg,0.5476804375648499
mq-1_uav_war_thunder,data\demo\video_fragmentation_preview\frame_00001.jpg,0.3106914162635803
mq-1_uav_war_thunder,data\demo\video_fragmentation_preview\frame_00002.jpg,0.4665144085884094
mq-1_uav_war_thunder,data\demo\video_fragmentation_preview\frame_00003.jpg,0.25242525339126587
mq-1_uav_war_thunder,data\demo\video_fragmentation_preview\frame_00004.jpg,0.4376632571220398
mq-1_uav_war_thunder,data\demo\video_fragmentation_preview\frame_00005.jpg,0.377336323261261
mq-1_uav_war_thunder,data\demo\video_fragmentation_preview\frame_00006.jpg,0.32115858793258667
mq-1_uav_war_thunder,data\demo\video_fragmentation_preview\frame_00007.jpg,0.10771842300891876
mq-1_uav_war_thunder,data\demo\video_fragmentation_preview\frame_00008.jpg,0.19630056619644165
mq-1_uav_war_thunder,data\demo\video_fragmentation_preview\frame_00009.jpg,0.26903608441352844
mq-1_uav_war_thunder,data\demo\video_fragmentation_preview\frame_00010.jpg,0.16841036081314087
mq-1_uav_war_thunder,data\demo\video_fragmentation_preview\frame_00011.jpg,0.09197497367858887
mq-1_uav_war_thunder,data\demo\video_fragmentation_preview\frame_00012.jpg,0.19000980257987976
mq-1_uav_war_thunder,data\demo\video_fragmentation_preview\frame_00013.jpg,-0.034224435687065125
mq-1_uav_war_thunder,data\demo\video_fragmentation_preview\frame_00014.jpg,0.09128694981336594
mq-1_uav_war_thunder,data\demo\video_fragmentation_preview\frame_00015.jpg,-0.1734139323234558
mq-1_uav_war_thunder,data\demo\video_fragmentation_preview\frame_00016.jpg,-0.026248618960380554
mq-1_uav_war_thunder,data\demo\video_fragmentation_preview\frame_00017.jpg,-0.01828235574066639
mq-1_uav_war_thunder,data\demo\video_fragmentation_preview\frame_00018.jpg,0.137224018573761
mq-1_uav_war_thunder,data\demo\video_fragmentation_preview\frame_00019.jpg,0.12130211293697357
mq-1_uav_war_thunder,data\demo\video_fragmentation_preview\frame_00020.jpg,-0.1045498251914978
mq-1_uav_war_thunder,data\demo\video_fragmentation_preview\frame_00021.jpg,-0.06794267892837524
mq-1_uav_war_thunder,data\demo\video_fragmentation_preview\frame_00022.jpg,0.16137579083442688
mq-1_uav_war_thunder,data\demo\video_fragmentation_preview\frame_00023.jpg,0.07529407739639282
mq-1_uav_war_thunder,data\demo\video_fragmentation_preview\frame_00024.jpg,-0.1991674154996872
mq-1_uav_war_thunder,data\demo\video_fragmentation_preview\frame_00025.jpg,-0.23793664574623108
mq-1_uav_war_thunder,data\demo\video_fragmentation_preview\frame_00026.jpg,-0.18257619440555573
mq-1_uav_war_thunder,data\demo\video_fragmentation_preview\frame_00027.jpg,-0.29760974645614624
mq-1_uav_war_thunder,data\demo\video_fragmentation_preview\frame_00028.jpg,-0.14575816690921783
mq-1_uav_war_thunder,data\demo\video_fragmentation_preview\frame_00029.jpg,-0.2718415856361389
mq-1_uav_war_thunder,data\demo\video_fragmentation_preview\frame_00030.jpg,-0.12258881330490112
mq-1_uav_war_thunder,data\demo\video_fragmentation_preview\frame_00031.jpg,-0.1535031795501709
mq-1_uav_war_thunder,data\demo\video_fragmentation_preview\frame_00034.jpg,0.2528366446495056
mq-1_uav_war_thunder,data\demo\video_fragmentation_preview\frame_00035.jpg,0.20740589499473572
mq-1_uav_war_thunder,data\demo\video_fragmentation_preview\frame_00036.jpg,0.22326946258544922
mq-1_uav_war_thunder,data\demo\video_fragmentation_preview\frame_00037.jpg,0.32153448462486267
mq-1_uav_war_thunder,data\demo\video_fragmentation_preview\frame_00038.jpg,0.27001652121543884
mq-1_uav_war_thunder,data\demo\video_fragmentation_preview\frame_00039.jpg,0.19133034348487854
mq-1_uav_war_thunder,data\demo\video_fragmentation_preview\frame_00040.jpg,0.13381178677082062
mq-1_uav_war_thunder,data\demo\video_fragmentation_preview\frame_00041.jpg,0.4236922860145569
mq-1_uav_war_thunder,data\demo\video_fragmentation_preview\frame_00042.jpg,0.3958781361579895
mq-1_uav_war_thunder,data\demo\video_fragmentation_preview\frame_00043.jpg,0.3633316159248352
mq-1_uav_war_thunder,data\demo\video_fragmentation_preview\frame_00044.jpg,0.3923618197441101
mq-1_uav_war_thunder,data\demo\video_fragmentation_preview\frame_00045.jpg,0.10288318991661072
mq-1_uav_war_thunder,data\demo\video_fragmentation_preview\frame_00046.jpg,0.18505898118019104
mq-1_uav_war_thunder,data\demo\video_fragmentation_preview\frame_00047.jpg,0.1470681130886078
mq-1_uav_war_thunder,data\demo\video_fragmentation_preview\frame_00048.jpg,0.31358617544174194
mq-1_uav_war_thunder,data\demo\video_fragmentation_preview\frame_00049.jpg,0.3305615782737732
mq-1_uav_war_thunder,data\demo\video_fragmentation_preview\frame_00050.jpg,0.3305770754814148
mq-1_uav_war_thunder,data\demo\video_fragmentation_preview\frame_00051.jpg,0.0664566159248352
mq-1_uav_war_thunder,data\demo\video_fragmentation_preview\frame_00052.jpg,0.4116756021976471
mq-1_uav_war_thunder,data\demo\video_fragmentation_preview\frame_00053.jpg,0.13367128372192383
mq-1_uav_war_thunder,data\demo\video_fragmentation_preview\frame_00054.jpg,0.1761905550956726
mq-1_uav_war_thunder,data\demo\video_fragmentation_preview\frame_00055.jpg,0.34883013367652893
mq-1_uav_war_thunder,data\demo\video_fragmentation_preview\frame_00056.jpg,0.2989542484283447
mq-1_uav_war_thunder,data\demo\video_fragmentation_preview\frame_00057.jpg,0.24737653136253357
mq-1_uav_war_thunder,data\demo\video_fragmentation_preview\frame_00058.jpg,0.30017900466918945
mq-1_uav_war_thunder,data\demo\video_fragmentation_preview\frame_00059.jpg,0.1368941366672516
mq-1_uav_war_thunder,data\demo\video_fragmentation_preview\frame_00060.jpg,0.15855538845062256
mq-1_uav_war_thunder,data\demo\video_fragmentation_preview\frame_00061.jpg,0.07280130684375763
mq-1_uav_war_thunder,data\demo\video_fragmentation_preview\frame_00062.jpg,0.037483327090740204
mq-1_uav_war_thunder,data\demo\video_fragmentation_preview\frame_00063.jpg,-0.06197405233979225
mq-1_uav_war_thunder,data\demo\video_fragmentation_preview\frame_00064.jpg,0.00866314209997654
mq-1_uav_war_thunder,data\demo\video_fragmentation_preview\frame_00065.jpg,0.0172727033495903
mq-1_uav_war_thunder,data\demo\video_fragmentation_preview\frame_00066.jpg,0.09774183481931686
mq-1_uav_war_thunder,data\demo\video_fragmentation_preview\frame_00067.jpg,0.23029713332653046
mq-1_uav_war_thunder,data\demo\video_fragmentation_preview\frame_00068.jpg,0.1330549418926239
mq-1_uav_war_thunder,data\demo\video_fragmentation_preview\frame_00069.jpg,0.08364520967006683
mq-1_uav_war_thunder,data\demo\video_fragmentation_preview\frame_00070.jpg,0.08588067442178726
mq-1_uav_war_thunder,data\demo\video_fragmentation_preview\frame_00071.jpg,0.04676658660173416
mq-9_reaper,data\demo\video_fragmentation_preview\frame_00000.jpg,0.50880366563797
mq-9_reaper,data\demo\video_fragmentation_preview\frame_00001.jpg,0.3820940852165222
mq-9_reaper,data\demo\video_fragmentation_preview\frame_00002.jpg,0.5109691023826599
mq-9_reaper,data\demo\video_fragmentation_preview\frame_00003.jpg,0.2815913259983063
mq-9_reaper,data\demo\video_fragmentation_preview\frame_00004.jpg,0.4448145627975464
mq-9_reaper,data\demo\video_fragmentation_preview\frame_00005.jpg,0.5459347367286682
mq-9_reaper,data\demo\video_fragmentation_preview\frame_00006.jpg,0.527988851070404
mq-9_reaper,data\demo\video_fragmentation_preview\frame_00007.jpg,0.40008974075317383
mq-9_reaper,data\demo\video_fragmentation_preview\frame_00008.jpg,0.4747907519340515
mq-9_reaper,data\demo\video_fragmentation_preview\frame_00009.jpg,0.6127564907073975
mq-9_reaper,data\demo\video_fragmentation_preview\frame_00010.jpg,0.4618082642555237
mq-9_reaper,data\demo\video_fragmentation_preview\frame_00011.jpg,0.42080801725387573
mq-9_reaper,data\demo\video_fragmentation_preview\frame_00012.jpg,0.5550392866134644
mq-9_reaper,data\demo\video_fragmentation_preview\frame_00013.jpg,0.44908249378204346
mq-9_reaper,data\demo\video_fragmentation_preview\frame_00014.jpg,0.3944982886314392
mq-9_reaper,data\demo\video_fragmentation_preview\frame_00015.jpg,0.21192774176597595
mq-9_reaper,data\demo\video_fragmentation_preview\frame_00016.jpg,0.3789646029472351
mq-9_reaper,data\demo\video_fragmentation_preview\frame_00017.jpg,0.36602216958999634
mq-9_reaper,data\demo\video_fragmentation_preview\frame_00018.jpg,0.5143007636070251
mq-9_reaper,data\demo\video_fragmentation_preview\frame_00019.jpg,0.5026248693466187
mq-9_reaper,data\demo\video_fragmentation_preview\frame_00020.jpg,0.12164629250764847
mq-9_reaper,data\demo\video_fragmentation_preview\frame_00021.jpg,0.17318511009216309
mq-9_reaper,data\demo\video_fragmentation_preview\frame_00022.jpg,0.24931125342845917
mq-9_reaper,data\demo\video_fragmentation_preview\frame_00023.jpg,0.3156508803367615
mq-9_reaper,data\demo\video_fragmentation_preview\frame_00024.jpg,0.004384100437164307
mq-9_reaper,data\demo\video_fragmentation_preview\frame_00025.jpg,-0.0970093160867691
mq-9_reaper,data\demo\video_fragmentation_preview\frame_00026.jpg,-0.057914264500141144
mq-9_reaper,data\demo\video_fragmentation_preview\frame_00027.jpg,-0.16663791239261627
mq-9_reaper,data\demo\video_fragmentation_preview\frame_00028.jpg,-0.19710534811019897
mq-9_reaper,data\demo\video_fragmentation_preview\frame_00029.jpg,-0.3659142851829529
mq-9_reaper,data\demo\video_fragmentation_preview\frame_00030.jpg,-0.2986222803592682
mq-9_reaper,data\demo\video_fragmentation_preview\frame_00031.jpg,-0.29897210001945496
mq-9_reaper,data\demo\video_fragmentation_preview\frame_00034.jpg,0.2996230721473694
mq-9_reaper,data\demo\video_fragmentation_preview\frame_00035.jpg,0.27015823125839233
mq-9_reaper,data\demo\video_fragmentation_preview\frame_00036.jpg,0.25801149010658264
mq-9_reaper,data\demo\video_fragmentation_preview\frame_00037.jpg,0.40028780698776245
mq-9_reaper,data\demo\video_fragmentation_preview\frame_00038.jpg,0.382099449634552
mq-9_reaper,data\demo\video_fragmentation_preview\frame_00039.jpg,0.27373749017715454
mq-9_reaper,data\demo\video_fragmentation_preview\frame_00040.jpg,0.20076118409633636
mq-9_reaper,data\demo\video_fragmentation_preview\frame_00041.jpg,0.6179748773574829
mq-9_reaper,data\demo\video_fragmentation_preview\frame_00042.jpg,0.5261520147323608
mq-9_reaper,data\demo\video_fragmentation_preview\frame_00043.jpg,0.5057119131088257
mq-9_reaper,data\demo\video_fragmentation_preview\frame_00044.jpg,0.6447058916091919
mq-9_reaper,data\demo\video_fragmentation_preview\frame_00045.jpg,0.13995862007141113
mq-9_reaper,data\demo\video_fragmentation_preview\frame_00046.jpg,0.39496585726737976
mq-9_reaper,data\demo\video_fragmentation_preview\frame_00047.jpg,0.21839770674705505
mq-9_reaper,data\demo\video_fragmentation_preview\frame_00048.jpg,0.5504844188690186
mq-9_reaper,data\demo\video_fragmentation_preview\frame_00049.jpg,0.5003650784492493
mq-9_reaper,data\demo\video_fragmentation_preview\frame_00050.jpg,0.42359113693237305
mq-9_reaper,data\demo\video_fragmentation_preview\frame_00051.jpg,0.23737269639968872
mq-9_reaper,data\demo\video_fragmentation_preview\frame_00052.jpg,0.652167558670044
mq-9_reaper,data\demo\video_fragmentation_preview\frame_00053.jpg,0.3524726629257202
mq-9_reaper,data\demo\video_fragmentation_preview\frame_00054.jpg,0.2987475097179413
mq-9_reaper,data\demo\video_fragmentation_preview\frame_00055.jpg,0.5339516997337341
mq-9_reaper,data\demo\video_fragmentation_preview\frame_00056.jpg,0.45074397325515747
mq-9_reaper,data\demo\video_fragmentation_preview\frame_00057.jpg,0.4047575891017914
mq-9_reaper,data\demo\video_fragmentation_preview\frame_00058.jpg,0.2984713017940521
mq-9_reaper,data\demo\video_fragmentation_preview\frame_00059.jpg,0.44268614053726196
mq-9_reaper,data\demo\video_fragmentation_preview\frame_00060.jpg,0.3692744970321655
mq-9_reaper,data\demo\video_fragmentation_preview\frame_00061.jpg,0.34821921586990356
mq-9_reaper,data\demo\video_fragmentation_preview\frame_00062.jpg,0.3184046745300293
mq-9_reaper,data\demo\video_fragmentation_preview\frame_00063.jpg,0.09032714366912842
mq-9_reaper,data\demo\video_fragmentation_preview\frame_00064.jpg,0.2534870505332947
mq-9_reaper,data\demo\video_fragmentation_preview\frame_00065.jpg,0.2028450071811676
mq-9_reaper,data\demo\video_fragmentation_preview\frame_00066.jpg,0.33122897148132324
mq-9_reaper,data\demo\video_fragmentation_preview\frame_00067.jpg,0.4836631417274475
mq-9_reaper,data\demo\video_fragmentation_preview\frame_00068.jpg,0.11099933087825775
mq-9_reaper,data\demo\video_fragmentation_preview\frame_00069.jpg,0.07925024628639221
mq-9_reaper,data\demo\video_fragmentation_preview\frame_00070.jpg,0.06314447522163391
mq-9_reaper,data\demo\video_fragmentation_preview\frame_00071.jpg,0.020712874829769135
mq-9_reaper_uav_drone,data\demo\video_fragmentation_preview\frame_00000.jpg,-0.390362948179245
mq-9_reaper_uav_drone,data\demo\video_fragmentation_preview\frame_00001.jpg,-0.5365238785743713
mq-9_reaper_uav_drone,data\demo\video_fragmentation_preview\frame_00002.jpg,-0.5143632888793945
mq-9_reaper_uav_drone,data\demo\video_fragmentation_preview\frame_00003.jpg,-0.4755186438560486
mq-9_reaper_uav_drone,data\demo\video_fragmentation_preview\frame_00004.jpg,-0.5283557176589966
mq-9_reaper_uav_drone,data\demo\video_fragmentation_preview\frame_00005.jpg,-0.6444878578186035
mq-9_reaper_uav_drone,data\demo\video_fragmentation_preview\frame_00006.jpg,-0.6861905455589294
mq-9_reaper_uav_drone,data\demo\video_fragmentation_preview\frame_00007.jpg,-0.7032520771026611
mq-9_reaper_uav_drone,data\demo\video_fragmentation_preview\frame_00008.jpg,-0.6382191777229309
mq-9_reaper_uav_drone,data\demo\video_fragmentation_preview\frame_00009.jpg,-0.6280588507652283
mq-9_reaper_uav_drone,data\demo\video_fragmentation_preview\frame_00010.jpg,-0.5490398406982422
mq-9_reaper_uav_drone,data\demo\video_fragmentation_preview\frame_00011.jpg,-0.671738862991333
mq-9_reaper_uav_drone,data\demo\video_fragmentation_preview\frame_00012.jpg,-0.7518213987350464
mq-9_reaper_uav_drone,data\demo\video_fragmentation_preview\frame_00013.jpg,-0.6056505441665649
mq-9_reaper_uav_drone,data\demo\video_fragmentation_preview\frame_00014.jpg,-0.5293348431587219
mq-9_reaper_uav_drone,data\demo\video_fragmentation_preview\frame_00015.jpg,-0.4808752238750458
mq-9_reaper_uav_drone,data\demo\video_fragmentation_preview\frame_00016.jpg,-0.30523380637168884
mq-9_reaper_uav_drone,data\demo\video_fragmentation_preview\frame_00017.jpg,-0.382901668548584
mq-9_reaper_uav_drone,data\demo\video_fragmentation_preview\frame_00018.jpg,-0.5115642547607422
mq-9_reaper_uav_drone,data\demo\video_fragmentation_preview\frame_00019.jpg,-0.5856171250343323
mq-9_reaper_uav_drone,data\demo\video_fragmentation_preview\frame_00020.jpg,-0.5398522019386292
mq-9_reaper_uav_drone,data\demo\video_fragmentation_preview\frame_00021.jpg,-0.5424718260765076
mq-9_reaper_uav_drone,data\demo\video_fragmentation_preview\frame_00022.jpg,-0.3377959132194519
mq-9_reaper_uav_drone,data\demo\video_fragmentation_preview\frame_00023.jpg,-0.4353797435760498
mq-9_reaper_uav_drone,data\demo\video_fragmentation_preview\frame_00024.jpg,-0.4526073932647705
mq-9_reaper_uav_drone,data\demo\video_fragmentation_preview\frame_00025.jpg,-0.49642854928970337
mq-9_reaper_uav_drone,data\demo\video_fragmentation_preview\frame_00026.jpg,-0.4743209779262543
mq-9_reaper_uav_drone,data\demo\video_fragmentation_preview\frame_00027.jpg,-0.45489946007728577
mq-9_reaper_uav_drone,data\demo\video_fragmentation_preview\frame_00028.jpg,-0.3725477159023285
mq-9_reaper_uav_drone,data\demo\video_fragmentation_preview\frame_00029.jpg,-0.21433191001415253
mq-9_reaper_uav_drone,data\demo\video_fragmentation_preview\frame_00030.jpg,-0.060085855424404144
mq-9_reaper_uav_drone,data\demo\video_fragmentation_preview\frame_00031.jpg,-0.08980639278888702
mq-9_reaper_uav_drone,data\demo\video_fragmentation_preview\frame_00034.jpg,-0.4207060933113098
mq-9_reaper_uav_drone,data\demo\video_fragmentation_preview\frame_00035.jpg,-0.4721589982509613
mq-9_reaper_uav_drone,data\demo\video_fragmentation_preview\frame_00036.jpg,-0.41226035356521606
mq-9_reaper_uav_drone,data\demo\video_fragmentation_preview\frame_00037.jpg,-0.48169225454330444
mq-9_reaper_uav_drone,data\demo\video_fragmentation_preview\frame_00038.jpg,-0.4557130038738251
mq-9_reaper_uav_drone,data\demo\video_fragmentation_preview\frame_00039.jpg,-0.3857136070728302
mq-9_reaper_uav_drone,data\demo\video_fragmentation_preview\frame_00040.jpg,-0.43645766377449036
mq-9_reaper_uav_drone,data\demo\video_fragmentation_preview\frame_00041.jpg,-0.5890184640884399
mq-9_reaper_uav_drone,data\demo\video_fragmentation_preview\frame_00042.jpg,-0.5379642248153687
mq-9_reaper_uav_drone,data\demo\video_fragmentation_preview\frame_00043.jpg,-0.4905821681022644
mq-9_reaper_uav_drone,data\demo\video_fragmentation_preview\frame_00044.jpg,-0.514124870300293
mq-9_reaper_uav_drone,data\demo\video_fragmentation_preview\frame_00045.jpg,-0.3481123745441437
mq-9_reaper_uav_drone,data\demo\video_fragmentation_preview\frame_00046.jpg,-0.4873310327529907
mq-9_reaper_uav_drone,data\demo\video_fragmentation_preview\frame_00047.jpg,-0.39944273233413696
mq-9_reaper_uav_drone,data\demo\video_fragmentation_preview\frame_00048.jpg,-0.6560453176498413
mq-9_reaper_uav_drone,data\demo\video_fragmentation_preview\frame_00049.jpg,-0.5868298411369324
mq-9_reaper_uav_drone,data\demo\video_fragmentation_preview\frame_00050.jpg,-0.47480618953704834
mq-9_reaper_uav_drone,data\demo\video_fragmentation_preview\frame_00051.jpg,-0.48777487874031067
mq-9_reaper_uav_drone,data\demo\video_fragmentation_preview\frame_00052.jpg,-0.6223710179328918
mq-9_reaper_uav_drone,data\demo\video_fragmentation_preview\frame_00053.jpg,-0.5073890686035156
mq-9_reaper_uav_drone,data\demo\video_fragmentation_preview\frame_00054.jpg,-0.48005199432373047
mq-9_reaper_uav_drone,data\demo\video_fragmentation_preview\frame_00055.jpg,-0.5835030674934387
mq-9_reaper_uav_drone,data\demo\video_fragmentation_preview\frame_00056.jpg,-0.551789402961731
mq-9_reaper_uav_drone,data\demo\video_fragmentation_preview\frame_00057.jpg,-0.530957818031311
mq-9_reaper_uav_drone,data\demo\video_fragmentation_preview\frame_00058.jpg,-0.30509355664253235
mq-9_reaper_uav_drone,data\demo\video_fragmentation_preview\frame_00059.jpg,-0.6362247467041016
mq-9_reaper_uav_drone,data\demo\video_fragmentation_preview\frame_00060.jpg,-0.44334283471107483
mq-9_reaper_uav_drone,data\demo\video_fragmentation_preview\frame_00061.jpg,-0.474199116230011
mq-9_reaper_uav_drone,data\demo\video_fragmentation_preview\frame_00062.jpg,-0.49819809198379517
mq-9_reaper_uav_drone,data\demo\video_fragmentation_preview\frame_00063.jpg,-0.2686183452606201
mq-9_reaper_uav_drone,data\demo\video_fragmentation_preview\frame_00064.jpg,-0.491584837436676
mq-9_reaper_uav_drone,data\demo\video_fragmentation_preview\frame_00065.jpg,-0.36667653918266296
mq-9_reaper_uav_drone,data\demo\video_fragmentation_preview\frame_00066.jpg,-0.4390101432800293
mq-9_reaper_uav_drone,data\demo\video_fragmentation_preview\frame_00067.jpg,-0.48145437240600586
mq-9_reaper_uav_drone,data\demo\video_fragmentation_preview\frame_00068.jpg,-0.33370882272720337
mq-9_reaper_uav_drone,data\demo\video_fragmentation_preview\frame_00069.jpg,-0.3468255400657654
mq-9_reaper_uav_drone,data\demo\video_fragmentation_preview\frame_00070.jpg,-0.33734336495399475
mq-9_reaper_uav_drone,data\demo\video_fragmentation_preview\frame_00071.jpg,-0.3374136984348297
mq_1_predator_uav,data\demo\video_fragmentation_preview\frame_00000.jpg,-0.33221668004989624
mq_1_predator_uav,data\demo\video_fragmentation_preview\frame_00001.jpg,-0.430157870054245
mq_1_predator_uav,data\demo\video_fragmentation_preview\frame_00002.jpg,-0.3908134698867798
mq_1_predator_uav,data\demo\video_fragmentation_preview\frame_00003.jpg,-0.39854514598846436
mq_1_predator_uav,data\demo\video_fragmentation_preview\frame_00004.jpg,-0.31706273555755615
mq_1_predator_uav,data\demo\video_fragmentation_preview\frame_00005.jpg,-0.529597818851471
mq_1_predator_uav,data\demo\video_fragmentation_preview\frame_00006.jpg,-0.4570530951023102
mq_1_predator_uav,data\demo\video_fragmentation_preview\frame_00007.jpg,-0.6207698583602905
mq_1_predator_uav,data\demo\video_fragmentation_preview\frame_00008.jpg,-0.6590561866760254
mq_1_predator_uav,data\demo\video_fragmentation_preview\frame_00009.jpg,-0.7350671291351318
mq_1_predator_uav,data\demo\video_fragmentation_preview\frame_00010.jpg,-0.7082667350769043
mq_1_predator_uav,data\demo\video_fragmentation_preview\frame_00011.jpg,-0.7064369916915894
mq_1_predator_uav,data\demo\video_fragmentation_preview\frame_00012.jpg,-0.6896222233772278
mq_1_predator_uav,data\demo\video_fragmentation_preview\frame_00013.jpg,-0.7260546684265137
mq_1_predator_uav,data\demo\video_fragmentation_preview\frame_00014.jpg,-0.547450602054596
mq_1_predator_uav,data\demo\video_fragmentation_preview\frame_00015.jpg,-0.5668259263038635
mq_1_predator_uav,data\demo\video_fragmentation_preview\frame_00016.jpg,-0.662886381149292
mq_1_predator_uav,data\demo\video_fragmentation_preview\frame_00017.jpg,-0.684794545173645
mq_1_predator_uav,data\demo\video_fragmentation_preview\frame_00018.jpg,-0.6313173770904541
mq_1_predator_uav,data\demo\video_fragmentation_preview\frame_00019.jpg,-0.6423265933990479
mq_1_predator_uav,data\demo\video_fragmentation_preview\frame_00020.jpg,-0.5023118257522583
mq_1_predator_uav,data\demo\video_fragmentation_preview\frame_00021.jpg,-0.5404707789421082
mq_1_predator_uav,data\demo\video_fragmentation_preview\frame_00022.jpg,-0.3532451391220093
mq_1_predator_uav,data\demo\video_fragmentation_preview\frame_00023.jpg,-0.4599723219871521
mq_1_predator_uav,data\demo\video_fragmentation_preview\frame_00024.jpg,-0.37404853105545044
mq_1_predator_uav,data\demo\video_fragmentation_preview\frame_00025.jpg,-0.3636733591556549
mq_1_predator_uav,data\demo\video_fragmentation_preview\frame_00026.jpg,-0.296228289604187
mq_1_predator_uav,data\demo\video_fragmentation_preview\frame_00027.jpg,-0.23081664741039276
mq_1_predator_uav,data\demo\video_fragmentation_preview\frame_00028.jpg,-0.09662988781929016
mq_1_predator_uav,data\demo\video_fragmentation_preview\frame_00029.jpg,0.02742256224155426
mq_1_predator_uav,data\demo\video_fragmentation_preview\frame_00030.jpg,0.08524611592292786
mq_1_predator_uav,data\demo\video_fragmentation_preview\frame_00031.jpg,0.030936352908611298
mq_1_predator_uav,data\demo\video_fragmentation_preview\frame_00034.jpg,-0.394541472196579
mq_1_predator_uav,data\demo\video_fragmentation_preview\frame_00035.jpg,-0.3899999260902405
mq_1_predator_uav,data\demo\video_fragmentation_preview\frame_00036.jpg,-0.36960822343826294
mq_1_predator_uav,data\demo\video_fragmentation_preview\frame_00037.jpg,-0.43123021721839905
mq_1_predator_uav,data\demo\video_fragmentation_preview\frame_00038.jpg,-0.4843965172767639
mq_1_predator_uav,data\demo\video_fragmentation_preview\frame_00039.jpg,-0.4603893756866455
mq_1_predator_uav,data\demo\video_fragmentation_preview\frame_00040.jpg,-0.4177066385746002
mq_1_predator_uav,data\demo\video_fragmentation_preview\frame_00041.jpg,-0.544136106967926
mq_1_predator_uav,data\demo\video_fragmentation_preview\frame_00042.jpg,-0.5027477741241455
mq_1_predator_uav,data\demo\video_fragmentation_preview\frame_00043.jpg,-0.5362480878829956
mq_1_predator_uav,data\demo\video_fragmentation_preview\frame_00044.jpg,-0.6154736280441284
mq_1_predator_uav,data\demo\video_fragmentation_preview\frame_00045.jpg,-0.37854623794555664
mq_1_predator_uav,data\demo\video_fragmentation_preview\frame_00046.jpg,-0.5686371326446533
mq_1_predator_uav,data\demo\video_fragmentation_preview\frame_00047.jpg,-0.41609302163124084
mq_1_predator_uav,data\demo\video_fragmentation_preview\frame_00048.jpg,-0.6011112928390503
mq_1_predator_uav,data\demo\video_fragmentation_preview\frame_00049.jpg,-0.5423194766044617
mq_1_predator_uav,data\demo\video_fragmentation_preview\frame_00050.jpg,-0.47185954451560974
mq_1_predator_uav,data\demo\video_fragmentation_preview\frame_00051.jpg,-0.5103591680526733
mq_1_predator_uav,data\demo\video_fragmentation_preview\frame_00052.jpg,-0.6001007556915283
mq_1_predator_uav,data\demo\video_fragmentation_preview\frame_00053.jpg,-0.6123971939086914
mq_1_predator_uav,data\demo\video_fragmentation_preview\frame_00054.jpg,-0.5212206244468689
mq_1_predator_uav,data\demo\video_fragmentation_preview\frame_00055.jpg,-0.5843435525894165
mq_1_predator_uav,data\demo\video_fragmentation_preview\frame_00056.jpg,-0.5484151244163513
mq_1_predator_uav,data\demo\video_fragmentation_preview\frame_00057.jpg,-0.555174708366394
mq_1_predator_uav,data\demo\video_fragmentation_preview\frame_00058.jpg,-0.413798987865448
mq_1_predator_uav,data\demo\video_fragmentation_preview\frame_00059.jpg,-0.6736056804656982
mq_1_predator_uav,data\demo\video_fragmentation_preview\frame_00060.jpg,-0.6193910837173462
mq_1_predator_uav,data\demo\video_fragmentation_preview\frame_00061.jpg,-0.6650885343551636
mq_1_predator_uav,data\demo\video_fragmentation_preview\frame_00062.jpg,-0.6426499485969543
mq_1_predator_uav,data\demo\video_fragmentation_preview\frame_00063.jpg,-0.4953453242778778
mq_1_predator_uav,data\demo\video_fragmentation_preview\frame_00064.jpg,-0.6050798892974854
mq_1_predator_uav,data\demo\video_fragmentation_preview\frame_00065.jpg,-0.5502147078514099
mq_1_predator_uav,data\demo\video_fragmentation_preview\frame_00066.jpg,-0.5955889225006104
mq_1_predator_uav,data\demo\video_fragmentation_preview\frame_00067.jpg,-0.6305946707725525
mq_1_predator_uav,data\demo\video_fragmentation_preview\frame_00068.jpg,-0.30572235584259033
mq_1_predator_uav,data\demo\video_fragmentation_preview\frame_00069.jpg,-0.31507408618927
mq_1_predator_uav,data\demo\video_fragmentation_preview\frame_00070.jpg,-0.30330947041511536
mq_1_predator_uav,data\demo\video_fragmentation_preview\frame_00071.jpg,-0.2773171663284302
orion_uav_war_thunder,data\demo\video_fragmentation_preview\frame_00000.jpg,0.65638267993927
orion_uav_war_thunder,data\demo\video_fragmentation_preview\frame_00001.jpg,0.4708695411682129
orion_uav_war_thunder,data\demo\video_fragmentation_preview\frame_00002.jpg,0.6083192825317383
orion_uav_war_thunder,data\demo\video_fragmentation_preview\frame_00003.jpg,0.3945474624633789
orion_uav_war_thunder,data\demo\video_fragmentation_preview\frame_00004.jpg,0.5300215482711792
orion_uav_war_thunder,data\demo\video_fragmentation_preview\frame_00005.jpg,0.5829497575759888
orion_uav_war_thunder,data\demo\video_fragmentation_preview\frame_00006.jpg,0.49816128611564636
orion_uav_war_thunder,data\demo\video_fragmentation_preview\frame_00007.jpg,0.37755000591278076
orion_uav_war_thunder,data\demo\video_fragmentation_preview\frame_00008.jpg,0.49392053484916687
orion_uav_war_thunder,data\demo\video_fragmentation_preview\frame_00009.jpg,0.6124004125595093
orion_uav_war_thunder,data\demo\video_fragmentation_preview\frame_00010.jpg,0.48767441511154175
orion_uav_war_thunder,data\demo\video_fragmentation_preview\frame_00011.jpg,0.40338683128356934
orion_uav_war_thunder,data\demo\video_fragmentation_preview\frame_00012.jpg,0.5042157769203186
orion_uav_war_thunder,data\demo\video_fragmentation_preview\frame_00013.jpg,0.3359531760215759
orion_uav_war_thunder,data\demo\video_fragmentation_preview\frame_00014.jpg,0.36380085349082947
orion_uav_war_thunder,data\demo\video_fragmentation_preview\frame_00015.jpg,0.12750425934791565
orion_uav_war_thunder,data\demo\video_fragmentation_preview\frame_00016.jpg,0.3109956383705139
orion_uav_war_thunder,data\demo\video_fragmentation_preview\frame_00017.jpg,0.32969939708709717
orion_uav_war_thunder,data\demo\video_fragmentation_preview\frame_00018.jpg,0.4532345235347748
orion_uav_war_thunder,data\demo\video_fragmentation_preview\frame_00019.jpg,0.43404829502105713
orion_uav_war_thunder,data\demo\video_fragmentation_preview\frame_00020.jpg,0.10931085050106049
orion_uav_war_thunder,data\demo\video_fragmentation_preview\frame_00021.jpg,0.15159034729003906
orion_uav_war_thunder,data\demo\video_fragmentation_preview\frame_00022.jpg,0.29043757915496826
orion_uav_war_thunder,data\demo\video_fragmentation_preview\frame_00023.jpg,0.26935237646102905
orion_uav_war_thunder,data\demo\video_fragmentation_preview\frame_00024.jpg,-0.05284769833087921
orion_uav_war_thunder,data\demo\video_fragmentation_preview\frame_00025.jpg,-0.11859215050935745
orion_uav_war_thunder,data\demo\video_fragmentation_preview\frame_00026.jpg,-0.10526329278945923
orion_uav_war_thunder,data\demo\video_fragmentation_preview\frame_00027.jpg,-0.24292679131031036
orion_uav_war_thunder,data\demo\video_fragmentation_preview\frame_00028.jpg,-0.18343570828437805
orion_uav_war_thunder,data\demo\video_fragmentation_preview\frame_00029.jpg,-0.3610692024230957
orion_uav_war_thunder,data\demo\video_fragmentation_preview\frame_00030.jpg,-0.2520269751548767
orion_uav_war_thunder,data\demo\video_fragmentation_preview\frame_00031.jpg,-0.25705263018608093
orion_uav_war_thunder,data\demo\video_fragmentation_preview\frame_00034.jpg,0.3972591161727905
orion_uav_war_thunder,data\demo\video_fragmentation_preview\frame_00035.jpg,0.3516233563423157
orion_uav_war_thunder,data\demo\video_fragmentation_preview\frame_00036.jpg,0.36598873138427734
orion_uav_war_thunder,data\demo\video_fragmentation_preview\frame_00037.jpg,0.49595701694488525
orion_uav_war_thunder,data\demo\video_fragmentation_preview\frame_00038.jpg,0.4899427592754364
orion_uav_war_thunder,data\demo\video_fragmentation_preview\frame_00039.jpg,0.40029817819595337
orion_uav_war_thunder,data\demo\video_fragmentation_preview\frame_00040.jpg,0.31341850757598877
orion_uav_war_thunder,data\demo\video_fragmentation_preview\frame_00041.jpg,0.6666361093521118
orion_uav_war_thunder,data\demo\video_fragmentation_preview\frame_00042.jpg,0.6043516397476196
orion_uav_war_thunder,data\demo\video_fragmentation_preview\frame_00043.jpg,0.6014055013656616
orion_uav_war_thunder,data\demo\video_fragmentation_preview\frame_00044.jpg,0.6812735795974731
orion_uav_war_thunder,data\demo\video_fragmentation_preview\frame_00045.jpg,0.2687644958496094
orion_uav_war_thunder,data\demo\video_fragmentation_preview\frame_00046.jpg,0.4581329822540283
orion_uav_war_thunder,data\demo\video_fragmentation_preview\frame_00047.jpg,0.3328498601913452
orion_uav_war_thunder,data\demo\video_fragmentation_preview\frame_00048.jpg,0.5735028982162476
orion_uav_war_thunder,data\demo\video_fragmentation_preview\frame_00049.jpg,0.5571237802505493
orion_uav_war_thunder,data\demo\video_fragmentation_preview\frame_00050.jpg,0.5305947065353394
orion_uav_war_thunder,data\demo\video_fragmentation_preview\frame_00051.jpg,0.3040276765823364
orion_uav_war_thunder,data\demo\video_fragmentation_preview\frame_00052.jpg,0.6735538840293884
orion_uav_war_thunder,data\demo\video_fragmentation_preview\frame_00053.jpg,0.42074963450431824
orion_uav_war_thunder,data\demo\video_fragmentation_preview\frame_00054.jpg,0.40007638931274414
orion_uav_war_thunder,data\demo\video_fragmentation_preview\frame_00055.jpg,0.5976936221122742
orion_uav_war_thunder,data\demo\video_fragmentation_preview\frame_00056.jpg,0.527644157409668
orion_uav_war_thunder,data\demo\video_fragmentation_preview\frame_00057.jpg,0.48700499534606934
orion_uav_war_thunder,data\demo\video_fragmentation_preview\frame_00058.jpg,0.4714822769165039
orion_uav_war_thunder,data\demo\video_fragmentation_preview\frame_00059.jpg,0.4368574619293213
orion_uav_war_thunder,data\demo\video_fragmentation_preview\frame_00060.jpg,0.45034974813461304
orion_uav_war_thunder,data\demo\video_fragmentation_preview\frame_00061.jpg,0.39572280645370483
orion_uav_war_thunder,data\demo\video_fragmentation_preview\frame_00062.jpg,0.3534875810146332
orion_uav_war_thunder,data\demo\video_fragmentation_preview\frame_00063.jpg,0.1934967339038849
orion_uav_war_thunder,data\demo\video_fragmentation_preview\frame_00064.jpg,0.3004940450191498
orion_uav_war_thunder,data\demo\video_fragmentation_preview\frame_00065.jpg,0.2898094952106476
orion_uav_war_thunder,data\demo\video_fragmentation_preview\frame_00066.jpg,0.3870832324028015
orion_uav_war_thunder,data\demo\video_fragmentation_preview\frame_00067.jpg,0.5272679924964905
orion_uav_war_thunder,data\demo\video_fragmentation_preview\frame_00068.jpg,0.21633939445018768
orion_uav_war_thunder,data\demo\video_fragmentation_preview\frame_00069.jpg,0.16812945902347565
orion_uav_war_thunder,data\demo\video_fragmentation_preview\frame_00070.jpg,0.1647668331861496
orion_uav_war_thunder,data\demo\video_fragmentation_preview\frame_00071.jpg,0.11503162980079651
real1,data\demo\video_fragmentation_preview\frame_00000.jpg,-0.02535359561443329
real1,data\demo\video_fragmentation_preview\frame_00001.jpg,-0.06561949104070663
real1,data\demo\video_fragmentation_preview\frame_00002.jpg,-0.06723621487617493
real1,data\demo\video_fragmentation_preview\frame_00003.jpg,-0.013675078749656677
real1,data\demo\video_fragmentation_preview\frame_00004.jpg,-0.02343539148569107
real1,data\demo\video_fragmentation_preview\frame_00005.jpg,-0.025286711752414703
real1,data\demo\video_fragmentation_preview\frame_00006.jpg,0.11184123158454895
real1,data\demo\video_fragmentation_preview\frame_00007.jpg,0.09758733212947845
real1,data\demo\video_fragmentation_preview\frame_00008.jpg,-0.028206851333379745
real1,data\demo\video_fragmentation_preview\frame_00009.jpg,-0.07226059585809708
real1,data\demo\video_fragmentation_preview\frame_00010.jpg,-0.010035522282123566
real1,data\demo\video_fragmentation_preview\frame_00011.jpg,0.035701192915439606
real1,data\demo\video_fragmentation_preview\frame_00012.jpg,-0.02368568256497383
real1,data\demo\video_fragmentation_preview\frame_00013.jpg,0.02159377932548523
real1,data\demo\video_fragmentation_preview\frame_00014.jpg,0.06353405863046646
real1,data\demo\video_fragmentation_preview\frame_00015.jpg,0.2064252644777298
real1,data\demo\video_fragmentation_preview\frame_00016.jpg,0.1981768012046814
real1,data\demo\video_fragmentation_preview\frame_00017.jpg,0.2390529364347458
real1,data\demo\video_fragmentation_preview\frame_00018.jpg,0.1342090666294098
real1,data\demo\video_fragmentation_preview\frame_00019.jpg,0.06710207462310791
real1,data\demo\video_fragmentation_preview\frame_00020.jpg,0.17876169085502625
real1,data\demo\video_fragmentation_preview\frame_00021.jpg,0.18703795969486237
real1,data\demo\video_fragmentation_preview\frame_00022.jpg,0.19151923060417175
real1,data\demo\video_fragmentation_preview\frame_00023.jpg,0.22846898436546326
real1,data\demo\video_fragmentation_preview\frame_00024.jpg,0.21046528220176697
real1,data\demo\video_fragmentation_preview\frame_00025.jpg,0.3158606290817261
real1,data\demo\video_fragmentation_preview\frame_00026.jpg,0.38156265020370483
real1,data\demo\video_fragmentation_preview\frame_00027.jpg,0.3718391954898834
real1,data\demo\video_fragmentation_preview\frame_00028.jpg,0.31889766454696655
real1,data\demo\video_fragmentation_preview\frame_00029.jpg,0.4811752438545227
real1,data\demo\video_fragmentation_preview\frame_00030.jpg,0.520197331905365
real1,data\demo\video_fragmentation_preview\frame_00031.jpg,0.46417394280433655
real1,data\demo\video_fragmentation_preview\frame_00034.jpg,-0.14196063578128815
real1,data\demo\video_fragmentation_preview\frame_00035.jpg,-0.17209061980247498
real1,data\demo\video_fragmentation_preview\frame_00036.jpg,-0.16986531019210815
real1,data\demo\video_fragmentation_preview\frame_00037.jpg,-0.21614249050617218
real1,data\demo\video_fragmentation_preview\frame_00038.jpg,-0.11862549930810928
real1,data\demo\video_fragmentation_preview\frame_00039.jpg,-0.07701463997364044
real1,data\demo\video_fragmentation_preview\frame_00040.jpg,-0.1001303493976593
real1,data\demo\video_fragmentation_preview\frame_00041.jpg,-0.1714618057012558
real1,data\demo\video_fragmentation_preview\frame_00042.jpg,-0.17328901588916779
real1,data\demo\video_fragmentation_preview\frame_00043.jpg,-0.15681789815425873
real1,data\demo\video_fragmentation_preview\frame_00044.jpg,-0.1820647120475769
real1,data\demo\video_fragmentation_preview\frame_00045.jpg,-0.09663446247577667
real1,data\demo\video_fragmentation_preview\frame_00046.jpg,-0.17221765220165253
real1,data\demo\video_fragmentation_preview\frame_00047.jpg,-0.06968319416046143
real1,data\demo\video_fragmentation_preview\frame_00048.jpg,-0.16085678339004517
real1,data\demo\video_fragmentation_preview\frame_00049.jpg,-0.20454049110412598
real1,data\demo\video_fragmentation_preview\frame_00050.jpg,-0.17574334144592285
real1,data\demo\video_fragmentation_preview\frame_00051.jpg,-0.12824422121047974
real1,data\demo\video_fragmentation_preview\frame_00052.jpg,-0.11749615520238876
real1,data\demo\video_fragmentation_preview\frame_00053.jpg,-0.16173551976680756
real1,data\demo\video_fragmentation_preview\frame_00054.jpg,-0.09987974166870117
real1,data\demo\video_fragmentation_preview\frame_00055.jpg,-0.13200998306274414
real1,data\demo\video_fragmentation_preview\frame_00056.jpg,-0.09917256236076355
real1,data\demo\video_fragmentation_preview\frame_00057.jpg,-0.1013057678937912
real1,data\demo\video_fragmentation_preview\frame_00058.jpg,-0.03992917016148567
real1,data\demo\video_fragmentation_preview\frame_00059.jpg,-0.03479885309934616
real1,data\demo\video_fragmentation_preview\frame_00060.jpg,-0.04333782568573952
real1,data\demo\video_fragmentation_preview\frame_00061.jpg,-0.029634028673171997
real1,data\demo\video_fragmentation_preview\frame_00062.jpg,-0.053764887154102325
real1,data\demo\video_fragmentation_preview\frame_00063.jpg,-0.047714270651340485
real1,data\demo\video_fragmentation_preview\frame_00064.jpg,-0.08616410195827484
real1,data\demo\video_fragmentation_preview\frame_00065.jpg,-0.0697731077671051
real1,data\demo\video_fragmentation_preview\frame_00066.jpg,-0.048836421221494675
real1,data\demo\video_fragmentation_preview\frame_00067.jpg,-0.01633472554385662
real1,data\demo\video_fragmentation_preview\frame_00068.jpg,0.2081066370010376
real1,data\demo\video_fragmentation_preview\frame_00069.jpg,0.27864164113998413
real1,data\demo\video_fragmentation_preview\frame_00070.jpg,0.21837735176086426
real1,data\demo\video_fragmentation_preview\frame_00071.jpg,0.22344419360160828
real2,data\demo\video_fragmentation_preview\frame_00000.jpg,-0.022941306233406067
real2,data\demo\video_fragmentation_preview\frame_00001.jpg,-0.03345813602209091
real2,data\demo\video_fragmentation_preview\frame_00002.jpg,-0.08270266652107239
real2,data\demo\video_fragmentation_preview\frame_00003.jpg,-0.05084521323442459
real2,data\demo\video_fragmentation_preview\frame_00004.jpg,-0.031149085611104965
real2,data\demo\video_fragmentation_preview\frame_00005.jpg,-0.08282440900802612
real2,data\demo\video_fragmentation_preview\frame_00006.jpg,0.0240853950381279
real2,data\demo\video_fragmentation_preview\frame_00007.jpg,0.0066793933510780334
real2,data\demo\video_fragmentation_preview\frame_00008.jpg,-0.10963478684425354
real2,data\demo\video_fragmentation_preview\frame_00009.jpg,-0.1882336437702179
real2,data\demo\video_fragmentation_preview\frame_00010.jpg,-0.12344175577163696
real2,data\demo\video_fragmentation_preview\frame_00011.jpg,-0.1034269705414772
real2,data\demo\video_fragmentation_preview\frame_00012.jpg,-0.1299254298210144
real2,data\demo\video_fragmentation_preview\frame_00013.jpg,-0.1800336241722107
real2,data\demo\video_fragmentation_preview\frame_00014.jpg,-0.2205260694026947
real2,data\demo\video_fragmentation_preview\frame_00015.jpg,-0.17949140071868896
real2,data\demo\video_fragmentation_preview\frame_00016.jpg,-0.1496686041355133
real2,data\demo\video_fragmentation_preview\frame_00017.jpg,-0.20235519111156464
real2,data\demo\video_fragmentation_preview\frame_00018.jpg,-0.17292723059654236
real2,data\demo\video_fragmentation_preview\frame_00019.jpg,-0.18131056427955627
real2,data\demo\video_fragmentation_preview\frame_00020.jpg,-0.009320847690105438
real2,data\demo\video_fragmentation_preview\frame_00021.jpg,0.11244778335094452
real2,data\demo\video_fragmentation_preview\frame_00022.jpg,0.10389616340398788
real2,data\demo\video_fragmentation_preview\frame_00023.jpg,0.027318725362420082
real2,data\demo\video_fragmentation_preview\frame_00024.jpg,-0.007102416828274727
real2,data\demo\video_fragmentation_preview\frame_00025.jpg,0.19255083799362183
real2,data\demo\video_fragmentation_preview\frame_00026.jpg,0.23589873313903809
real2,data\demo\video_fragmentation_preview\frame_00027.jpg,0.21009041368961334
real2,data\demo\video_fragmentation_preview\frame_00028.jpg,0.29329609870910645
real2,data\demo\video_fragmentation_preview\frame_00029.jpg,0.28227829933166504
real2,data\demo\video_fragmentation_preview\frame_00030.jpg,0.35811856389045715
real2,data\demo\video_fragmentation_preview\frame_00031.jpg,0.41236621141433716
real2,data\demo\video_fragmentation_preview\frame_00034.jpg,0.4392547607421875
real2,data\demo\video_fragmentation_preview\frame_00035.jpg,0.38573384284973145
real2,data\demo\video_fragmentation_preview\frame_00036.jpg,0.35036396980285645
real2,data\demo\video_fragmentation_preview\frame_00037.jpg,0.18500106036663055
real2,data\demo\video_fragmentation_preview\frame_00038.jpg,-0.06173684448003769
real2,data\demo\video_fragmentation_preview\frame_00039.jpg,0.062477078288793564
real2,data\demo\video_fragmentation_preview\frame_00040.jpg,0.05376925319433212
real2,data\demo\video_fragmentation_preview\frame_00041.jpg,-0.0844048261642456
real2,data\demo\video_fragmentation_preview\frame_00042.jpg,0.1012943685054779
real2,data\demo\video_fragmentation_preview\frame_00043.jpg,0.008243096992373466
real2,data\demo\video_fragmentation_preview\frame_00044.jpg,0.08095096796751022
real2,data\demo\video_fragmentation_preview\frame_00045.jpg,0.17901611328125
real2,data\demo\video_fragmentation_preview\frame_00046.jpg,0.05439760535955429
real2,data\demo\video_fragmentation_preview\frame_00047.jpg,0.1087697222828865
real2,data\demo\video_fragmentation_preview\frame_00048.jpg,0.01941535994410515
real2,data\demo\video_fragmentation_preview\frame_00049.jpg,0.09659066796302795
real2,data\demo\video_fragmentation_preview\frame_00050.jpg,0.08474613726139069
real2,data\demo\video_fragmentation_preview\frame_00051.jpg,0.09026911854743958
real2,data\demo\video_fragmentation_preview\frame_00052.jpg,0.0612068846821785
real2,data\demo\video_fragmentation_preview\frame_00053.jpg,-0.03886264190077782
real2,data\demo\video_fragmentation_preview\frame_00054.jpg,0.08847590535879135
real2,data\demo\video_fragmentation_preview\frame_00055.jpg,0.008718598634004593
real2,data\demo\video_fragmentation_preview\frame_00056.jpg,0.10048951208591461
real2,data\demo\video_fragmentation_preview\frame_00057.jpg,0.06471000611782074
real2,data\demo\video_fragmentation_preview\frame_00058.jpg,0.12715157866477966
real2,data\demo\video_fragmentation_preview\frame_00059.jpg,-0.004639636725187302
real2,data\demo\video_fragmentation_preview\frame_00060.jpg,0.025728672742843628
real2,data\demo\video_fragmentation_preview\frame_00061.jpg,0.03903049975633621
real2,data\demo\video_fragmentation_preview\frame_00062.jpg,0.021596411243081093
real2,data\demo\video_fragmentation_preview\frame_00063.jpg,0.052742648869752884
real2,data\demo\video_fragmentation_preview\frame_00064.jpg,0.06950399279594421
real2,data\demo\video_fragmentation_preview\frame_00065.jpg,0.06844358891248703
real2,data\demo\video_fragmentation_preview\frame_00066.jpg,0.11050936579704285
real2,data\demo\video_fragmentation_preview\frame_00067.jpg,0.13015365600585938
real2,data\demo\video_fragmentation_preview\frame_00068.jpg,0.30109453201293945
real2,data\demo\video_fragmentation_preview\frame_00069.jpg,0.3007889986038208
real2,data\demo\video_fragmentation_preview\frame_00070.jpg,0.32113635540008545
real2,data\demo\video_fragmentation_preview\frame_00071.jpg,0.32348304986953735
real3,data\demo\video_fragmentation_preview\frame_00000.jpg,0.0862305536866188
real3,data\demo\video_fragmentation_preview\frame_00001.jpg,0.06791041046380997
real3,data\demo\video_fragmentation_preview\frame_00002.jpg,0.0335729718208313
real3,data\demo\video_fragmentation_preview\frame_00003.jpg,-0.009951304644346237
real3,data\demo\video_fragmentation_preview\frame_00004.jpg,0.10186560451984406
real3,data\demo\video_fragmentation_preview\frame_00005.jpg,0.037642959505319595
real3,data\demo\video_fragmentation_preview\frame_00006.jpg,0.25751543045043945
real3,data\demo\video_fragmentation_preview\frame_00007.jpg,0.23641899228096008
real3,data\demo\video_fragmentation_preview\frame_00008.jpg,0.1104295402765274
real3,data\demo\video_fragmentation_preview\frame_00009.jpg,0.14223061501979828
real3,data\demo\video_fragmentation_preview\frame_00010.jpg,0.13966695964336395
real3,data\demo\video_fragmentation_preview\frame_00011.jpg,0.16523012518882751
real3,data\demo\video_fragmentation_preview\frame_00012.jpg,0.14727650582790375
real3,data\demo\video_fragmentation_preview\frame_00013.jpg,0.3170819580554962
real3,data\demo\video_fragmentation_preview\frame_00014.jpg,0.15065407752990723
real3,data\demo\video_fragmentation_preview\frame_00015.jpg,0.2926906943321228
real3,data\demo\video_fragmentation_preview\frame_00016.jpg,0.34590768814086914
real3,data\demo\video_fragmentation_preview\frame_00017.jpg,0.2509894371032715
real3,data\demo\video_fragmentation_preview\frame_00018.jpg,0.2552645802497864
real3,data\demo\video_fragmentation_preview\frame_00019.jpg,0.23795869946479797
real3,data\demo\video_fragmentation_preview\frame_00020.jpg,0.2443924844264984
real3,data\demo\video_fragmentation_preview\frame_00021.jpg,0.3332577347755432
real3,data\demo\video_fragmentation_preview\frame_00022.jpg,0.3518781065940857
real3,data\demo\video_fragmentation_preview\frame_00023.jpg,0.3603331446647644
real3,data\demo\video_fragmentation_preview\frame_00024.jpg,0.2340100258588791
real3,data\demo\video_fragmentation_preview\frame_00025.jpg,0.3207140564918518
real3,data\demo\video_fragmentation_preview\frame_00026.jpg,0.42136555910110474
real3,data\demo\video_fragmentation_preview\frame_00027.jpg,0.4123937487602234
real3,data\demo\video_fragmentation_preview\frame_00028.jpg,0.31805992126464844
real3,data\demo\video_fragmentation_preview\frame_00029.jpg,0.3278120160102844
real3,data\demo\video_fragmentation_preview\frame_00030.jpg,0.35939323902130127
real3,data\demo\video_fragmentation_preview\frame_00031.jpg,0.40752941370010376
real3,data\demo\video_fragmentation_preview\frame_00034.jpg,0.267850786447525
real3,data\demo\video_fragmentation_preview\frame_00035.jpg,0.1968616247177124
real3,data\demo\video_fragmentation_preview\frame_00036.jpg,0.1959223449230194
real3,data\demo\video_fragmentation_preview\frame_00037.jpg,0.17193758487701416
real3,data\demo\video_fragmentation_preview\frame_00038.jpg,-0.0023543816059827805
real3,data\demo\video_fragmentation_preview\frame_00039.jpg,0.022092431783676147
real3,data\demo\video_fragmentation_preview\frame_00040.jpg,0.00669272243976593
real3,data\demo\video_fragmentation_preview\frame_00041.jpg,0.0012124590575695038
real3,data\demo\video_fragmentation_preview\frame_00042.jpg,-0.014704525470733643
real3,data\demo\video_fragmentation_preview\frame_00043.jpg,0.03942541778087616
real3,data\demo\video_fragmentation_preview\frame_00044.jpg,0.11462332308292389
real3,data\demo\video_fragmentation_preview\frame_00045.jpg,0.09952946752309799
real3,data\demo\video_fragmentation_preview\frame_00046.jpg,-0.0027485042810440063
real3,data\demo\video_fragmentation_preview\frame_00047.jpg,0.04788767918944359
real3,data\demo\video_fragmentation_preview\frame_00048.jpg,0.030388660728931427
real3,data\demo\video_fragmentation_preview\frame_00049.jpg,0.041633423417806625
real3,data\demo\video_fragmentation_preview\frame_00050.jpg,0.004559818655252457
real3,data\demo\video_fragmentation_preview\frame_00051.jpg,0.04414699226617813
real3,data\demo\video_fragmentation_preview\frame_00052.jpg,0.020584166049957275
real3,data\demo\video_fragmentation_preview\frame_00053.jpg,-0.003924012184143066
real3,data\demo\video_fragmentation_preview\frame_00054.jpg,0.008329659700393677
real3,data\demo\video_fragmentation_preview\frame_00055.jpg,-0.03201323375105858
real3,data\demo\video_fragmentation_preview\frame_00056.jpg,-0.042093537747859955
real3,data\demo\video_fragmentation_preview\frame_00057.jpg,-0.018027540296316147
real3,data\demo\video_fragmentation_preview\frame_00058.jpg,0.010234050452709198
real3,data\demo\video_fragmentation_preview\frame_00059.jpg,0.19541634619235992
real3,data\demo\video_fragmentation_preview\frame_00060.jpg,0.21849486231803894
real3,data\demo\video_fragmentation_preview\frame_00061.jpg,0.2514195442199707
real3,data\demo\video_fragmentation_preview\frame_00062.jpg,0.2529047727584839
real3,data\demo\video_fragmentation_preview\frame_00063.jpg,0.2061452567577362
real3,data\demo\video_fragmentation_preview\frame_00064.jpg,0.20380227267742157
real3,data\demo\video_fragmentation_preview\frame_00065.jpg,0.21550807356834412
real3,data\demo\video_fragmentation_preview\frame_00066.jpg,0.3353141248226166
real3,data\demo\video_fragmentation_preview\frame_00067.jpg,0.33608847856521606
real3,data\demo\video_fragmentation_preview\frame_00068.jpg,0.5170692205429077
real3,data\demo\video_fragmentation_preview\frame_00069.jpg,0.509675920009613
real3,data\demo\video_fragmentation_preview\frame_00070.jpg,0.5085092186927795
real3,data\demo\video_fragmentation_preview\frame_00071.jpg,0.5248409509658813
real5,data\demo\video_fragmentation_preview\frame_00000.jpg,0.08321414887905121
real5,data\demo\video_fragmentation_preview\frame_00001.jpg,0.0983375832438469
real5,data\demo\video_fragmentation_preview\frame_00002.jpg,0.09127537161111832
real5,data\demo\video_fragmentation_preview\frame_00003.jpg,0.08506469428539276
real5,data\demo\video_fragmentation_preview\frame_00004.jpg,0.09039297699928284
real5,data\demo\video_fragmentation_preview\frame_00005.jpg,0.05017002299427986
real5,data\demo\video_fragmentation_preview\frame_00006.jpg,0.10188625752925873
real5,data\demo\video_fragmentation_preview\frame_00007.jpg,0.04169996827840805
real5,data\demo\video_fragmentation_preview\frame_00008.jpg,0.04371234029531479
real5,data\demo\video_fragmentation_preview\frame_00009.jpg,0.11077618598937988
real5,data\demo\video_fragmentation_preview\frame_00010.jpg,0.26585179567337036
real5,data\demo\video_fragmentation_preview\frame_00011.jpg,0.28002771735191345
real5,data\demo\video_fragmentation_preview\frame_00012.jpg,0.11451204121112823
real5,data\demo\video_fragmentation_preview\frame_00013.jpg,0.3630671501159668
real5,data\demo\video_fragmentation_preview\frame_00014.jpg,0.4334423542022705
real5,data\demo\video_fragmentation_preview\frame_00015.jpg,0.3036420941352844
real5,data\demo\video_fragmentation_preview\frame_00016.jpg,0.5313234329223633
real5,data\demo\video_fragmentation_preview\frame_00017.jpg,0.4488135576248169
real5,data\demo\video_fragmentation_preview\frame_00018.jpg,0.41120752692222595
real5,data\demo\video_fragmentation_preview\frame_00019.jpg,0.4715918004512787
real5,data\demo\video_fragmentation_preview\frame_00020.jpg,0.5007314682006836
real5,data\demo\video_fragmentation_preview\frame_00021.jpg,0.574211835861206
real5,data\demo\video_fragmentation_preview\frame_00022.jpg,0.5872617959976196
real5,data\demo\video_fragmentation_preview\frame_00023.jpg,0.6244375109672546
real5,data\demo\video_fragmentation_preview\frame_00024.jpg,0.6593424081802368
real5,data\demo\video_fragmentation_preview\frame_00025.jpg,0.49763891100883484
real5,data\demo\video_fragmentation_preview\frame_00026.jpg,0.5445297956466675
real5,data\demo\video_fragmentation_preview\frame_00027.jpg,0.5440161228179932
real5,data\demo\video_fragmentation_preview\frame_00028.jpg,0.47656315565109253
real5,data\demo\video_fragmentation_preview\frame_00029.jpg,0.32547807693481445
real5,data\demo\video_fragmentation_preview\frame_00030.jpg,0.4510217308998108
real5,data\demo\video_fragmentation_preview\frame_00031.jpg,0.5811252593994141
real5,data\demo\video_fragmentation_preview\frame_00034.jpg,-0.03902411833405495
real5,data\demo\video_fragmentation_preview\frame_00035.jpg,-0.0028205551207065582
real5,data\demo\video_fragmentation_preview\frame_00036.jpg,-0.05532471835613251
real5,data\demo\video_fragmentation_preview\frame_00037.jpg,-0.05404303967952728
real5,data\demo\video_fragmentation_preview\frame_00038.jpg,-0.09212318062782288
real5,data\demo\video_fragmentation_preview\frame_00039.jpg,-0.09924910217523575
real5,data\demo\video_fragmentation_preview\frame_00040.jpg,-0.04086025804281235
real5,data\demo\video_fragmentation_preview\frame_00041.jpg,-0.027714967727661133
real5,data\demo\video_fragmentation_preview\frame_00042.jpg,-0.007594276685267687
real5,data\demo\video_fragmentation_preview\frame_00043.jpg,-0.039281826466321945
real5,data\demo\video_fragmentation_preview\frame_00044.jpg,-0.03210684657096863
real5,data\demo\video_fragmentation_preview\frame_00045.jpg,0.026650507003068924
real5,data\demo\video_fragmentation_preview\frame_00046.jpg,0.011047899723052979
real5,data\demo\video_fragmentation_preview\frame_00047.jpg,-0.03583451360464096
real5,data\demo\video_fragmentation_preview\frame_00048.jpg,-0.023489944636821747
real5,data\demo\video_fragmentation_preview\frame_00049.jpg,-0.03048587404191494
real5,data\demo\video_fragmentation_preview\frame_00050.jpg,-0.08021949976682663
real5,data\demo\video_fragmentation_preview\frame_00051.jpg,0.01964932680130005
real5,data\demo\video_fragmentation_preview\frame_00052.jpg,-0.017915399745106697
real5,data\demo\video_fragmentation_preview\frame_00053.jpg,0.11132225394248962
real5,data\demo\video_fragmentation_preview\frame_00054.jpg,-0.013296786695718765
real5,data\demo\video_fragmentation_preview\frame_00055.jpg,0.03234860301017761
real5,data\demo\video_fragmentation_preview\frame_00056.jpg,0.028604965656995773
real5,data\demo\video_fragmentation_preview\frame_00057.jpg,0.01974664442241192
real5,data\demo\video_fragmentation_preview\frame_00058.jpg,-0.051770955324172974
real5,data\demo\video_fragmentation_preview\frame_00059.jpg,-0.0588650107383728
real5,data\demo\video_fragmentation_preview\frame_00060.jpg,-0.013919450342655182
real5,data\demo\video_fragmentation_preview\frame_00061.jpg,0.008745074272155762
real5,data\demo\video_fragmentation_preview\frame_00062.jpg,0.0018440783023834229
real5,data\demo\video_fragmentation_preview\frame_00063.jpg,0.011743590235710144
real5,data\demo\video_fragmentation_preview\frame_00064.jpg,0.061980053782463074
real5,data\demo\video_fragmentation_preview\frame_00065.jpg,0.0004382133483886719
real5,data\demo\video_fragmentation_preview\frame_00066.jpg,-0.07172094285488129
real5,data\demo\video_fragmentation_preview\frame_00067.jpg,-0.07287494838237762
real5,data\demo\video_fragmentation_preview\frame_00068.jpg,0.09964446723461151
real5,data\demo\video_fragmentation_preview\frame_00069.jpg,0.1666201800107956
real5,data\demo\video_fragmentation_preview\frame_00070.jpg,0.1094120442867279
real5,data\demo\video_fragmentation_preview\frame_00071.jpg,0.10323204100131989
rough_sketch_of_a_male_uav,data\demo\video_fragmentation_preview\frame_00000.jpg,0.6335132718086243
rough_sketch_of_a_male_uav,data\demo\video_fragmentation_preview\frame_00001.jpg,0.7471486330032349
rough_sketch_of_a_male_uav,data\demo\video_fragmentation_preview\frame_00002.jpg,0.6564971208572388
rough_sketch_of_a_male_uav,data\demo\video_fragmentation_preview\frame_00003.jpg,0.7961486577987671
rough_sketch_of_a_male_uav,data\demo\video_fragmentation_preview\frame_00004.jpg,0.5940972566604614
rough_sketch_of_a_male_uav,data\demo\video_fragmentation_preview\frame_00005.jpg,0.6332138180732727
rough_sketch_of_a_male_uav,data\demo\video_fragmentation_preview\frame_00006.jpg,0.4713640809059143
rough_sketch_of_a_male_uav,data\demo\video_fragmentation_preview\frame_00007.jpg,0.7227638959884644
rough_sketch_of_a_male_uav,data\demo\video_fragmentation_preview\frame_00008.jpg,0.7816784977912903
rough_sketch_of_a_male_uav,data\demo\video_fragmentation_preview\frame_00009.jpg,0.670920729637146
rough_sketch_of_a_male_uav,data\demo\video_fragmentation_preview\frame_00010.jpg,0.6873740553855896
rough_sketch_of_a_male_uav,data\demo\video_fragmentation_preview\frame_00011.jpg,0.6963837146759033
rough_sketch_of_a_male_uav,data\demo\video_fragmentation_preview\frame_00012.jpg,0.644652247428894
rough_sketch_of_a_male_uav,data\demo\video_fragmentation_preview\frame_00013.jpg,0.4575231671333313
rough_sketch_of_a_male_uav,data\demo\video_fragmentation_preview\frame_00014.jpg,0.5689703226089478
rough_sketch_of_a_male_uav,data\demo\video_fragmentation_preview\frame_00015.jpg,0.5447922348976135
rough_sketch_of_a_male_uav,data\demo\video_fragmentation_preview\frame_00016.jpg,0.23401516675949097
rough_sketch_of_a_male_uav,data\demo\video_fragmentation_preview\frame_00017.jpg,0.4772002398967743
rough_sketch_of_a_male_uav,data\demo\video_fragmentation_preview\frame_00018.jpg,0.41450151801109314
rough_sketch_of_a_male_uav,data\demo\video_fragmentation_preview\frame_00019.jpg,0.4494255483150482
rough_sketch_of_a_male_uav,data\demo\video_fragmentation_preview\frame_00020.jpg,0.6532356142997742
rough_sketch_of_a_male_uav,data\demo\video_fragmentation_preview\frame_00021.jpg,0.5410169363021851
rough_sketch_of_a_male_uav,data\demo\video_fragmentation_preview\frame_00022.jpg,0.37624040246009827
rough_sketch_of_a_male_uav,data\demo\video_fragmentation_preview\frame_00023.jpg,0.24851858615875244
rough_sketch_of_a_male_uav,data\demo\video_fragmentation_preview\frame_00024.jpg,0.3662947714328766
rough_sketch_of_a_male_uav,data\demo\video_fragmentation_preview\frame_00025.jpg,0.5385338068008423
rough_sketch_of_a_male_uav,data\demo\video_fragmentation_preview\frame_00026.jpg,0.33451974391937256
rough_sketch_of_a_male_uav,data\demo\video_fragmentation_preview\frame_00027.jpg,0.28773775696754456
rough_sketch_of_a_male_uav,data\demo\video_fragmentation_preview\frame_00028.jpg,0.3496520519256592
rough_sketch_of_a_male_uav,data\demo\video_fragmentation_preview\frame_00029.jpg,0.22751060128211975
rough_sketch_of_a_male_uav,data\demo\video_fragmentation_preview\frame_00030.jpg,0.046678002923727036
rough_sketch_of_a_male_uav,data\demo\video_fragmentation_preview\frame_00031.jpg,0.07326903194189072
rough_sketch_of_a_male_uav,data\demo\video_fragmentation_preview\frame_00034.jpg,0.64743572473526
rough_sketch_of_a_male_uav,data\demo\video_fragmentation_preview\frame_00035.jpg,0.678185224533081
rough_sketch_of_a_male_uav,data\demo\video_fragmentation_preview\frame_00036.jpg,0.7360507249832153
rough_sketch_of_a_male_uav,data\demo\video_fragmentation_preview\frame_00037.jpg,0.7319144010543823
rough_sketch_of_a_male_uav,data\demo\video_fragmentation_preview\frame_00038.jpg,0.8745071887969971
rough_sketch_of_a_male_uav,data\demo\video_fragmentation_preview\frame_00039.jpg,0.9063816070556641
rough_sketch_of_a_male_uav,data\demo\video_fragmentation_preview\frame_00040.jpg,0.913497805595398
rough_sketch_of_a_male_uav,data\demo\video_fragmentation_preview\frame_00041.jpg,0.6764489412307739
rough_sketch_of_a_male_uav,data\demo\video_fragmentation_preview\frame_00042.jpg,0.6807225942611694
rough_sketch_of_a_male_uav,data\demo\video_fragmentation_preview\frame_00043.jpg,0.776656985282898
rough_sketch_of_a_male_uav,data\demo\video_fragmentation_preview\frame_00044.jpg,0.5802720189094543
rough_sketch_of_a_male_uav,data\demo\video_fragmentation_preview\frame_00045.jpg,0.8893633484840393
rough_sketch_of_a_male_uav,data\demo\video_fragmentation_preview\frame_00046.jpg,0.8038408160209656
rough_sketch_of_a_male_uav,data\demo\video_fragmentation_preview\frame_00047.jpg,0.886902928352356
rough_sketch_of_a_male_uav,data\demo\video_fragmentation_preview\frame_00048.jpg,0.6881322860717773
rough_sketch_of_a_male_uav,data\demo\video_fragmentation_preview\frame_00049.jpg,0.6990854740142822
rough_sketch_of_a_male_uav,data\demo\video_fragmentation_preview\frame_00050.jpg,0.7907180786132812
rough_sketch_of_a_male_uav,data\demo\video_fragmentation_preview\frame_00051.jpg,0.8715541362762451
rough_sketch_of_a_male_uav,data\demo\video_fragmentation_preview\frame_00052.jpg,0.5798581838607788
rough_sketch_of_a_male_uav,data\demo\video_fragmentation_preview\frame_00053.jpg,0.8641014099121094
rough_sketch_of_a_male_uav,data\demo\video_fragmentation_preview\frame_00054.jpg,0.8758400678634644
rough_sketch_of_a_male_uav,data\demo\video_fragmentation_preview\frame_00055.jpg,0.7248791456222534
rough_sketch_of_a_male_uav,data\demo\video_fragmentation_preview\frame_00056.jpg,0.7536959648132324
rough_sketch_of_a_male_uav,data\demo\video_fragmentation_preview\frame_00057.jpg,0.8136574029922485
rough_sketch_of_a_male_uav,data\demo\video_fragmentation_preview\frame_00058.jpg,0.8634395599365234
rough_sketch_of_a_male_uav,data\demo\video_fragmentation_preview\frame_00059.jpg,0.696544349193573
rough_sketch_of_a_male_uav,data\demo\video_fragmentation_preview\frame_00060.jpg,0.8506922721862793
rough_sketch_of_a_male_uav,data\demo\video_fragmentation_preview\frame_00061.jpg,0.837584912776947
rough_sketch_of_a_male_uav,data\demo\video_fragmentation_preview\frame_00062.jpg,0.8520288467407227
rough_sketch_of_a_male_uav,data\demo\video_fragmentation_preview\frame_00063.jpg,0.922240674495697
rough_sketch_of_a_male_uav,data\demo\video_fragmentation_preview\frame_00064.jpg,0.8739131689071655
rough_sketch_of_a_male_uav,data\demo\video_fragmentation_preview\frame_00065.jpg,0.9013447165489197
rough_sketch_of_a_male_uav,data\demo\video_fragmentation_preview\frame_00066.jpg,0.8102591037750244
rough_sketch_of_a_male_uav,data\demo\video_fragmentation_preview\frame_00067.jpg,0.7005962133407593
rough_sketch_of_a_male_uav,data\demo\video_fragmentation_preview\frame_00068.jpg,0.6212011575698853
rough_sketch_of_a_male_uav,data\demo\video_fragmentation_preview\frame_00069.jpg,0.5891068577766418
rough_sketch_of_a_male_uav,data\demo\video_fragmentation_preview\frame_00070.jpg,0.6271356344223022
rough_sketch_of_a_male_uav,data\demo\video_fragmentation_preview\frame_00071.jpg,0.628654956817627
rq-11_raven_uav__high-poly_model,data\demo\video_fragmentation_preview\frame_00000.jpg,-0.2843674421310425
rq-11_raven_uav__high-poly_model,data\demo\video_fragmentation_preview\frame_00001.jpg,-0.14338630437850952
rq-11_raven_uav__high-poly_model,data\demo\video_fragmentation_preview\frame_00002.jpg,-0.14963358640670776
rq-11_raven_uav__high-poly_model,data\demo\video_fragmentation_preview\frame_00003.jpg,-0.204654723405838
rq-11_raven_uav__high-poly_model,data\demo\video_fragmentation_preview\frame_00004.jpg,-0.0703040286898613
rq-11_raven_uav__high-poly_model,data\demo\video_fragmentation_preview\frame_00005.jpg,-0.15742212533950806
rq-11_raven_uav__high-poly_model,data\demo\video_fragmentation_preview\frame_00006.jpg,0.05434896796941757
rq-11_raven_uav__high-poly_model,data\demo\video_fragmentation_preview\frame_00007.jpg,0.05260976403951645
rq-11_raven_uav__high-poly_model,data\demo\video_fragmentation_preview\frame_00008.jpg,-0.053204916417598724
rq-11_raven_uav__high-poly_model,data\demo\video_fragmentation_preview\frame_00009.jpg,-0.1928594410419464
rq-11_raven_uav__high-poly_model,data\demo\video_fragmentation_preview\frame_00010.jpg,-0.37569981813430786
rq-11_raven_uav__high-poly_model,data\demo\video_fragmentation_preview\frame_00011.jpg,-0.11400030553340912
rq-11_raven_uav__high-poly_model,data\demo\video_fragmentation_preview\frame_00012.jpg,0.07937900722026825
rq-11_raven_uav__high-poly_model,data\demo\video_fragmentation_preview\frame_00013.jpg,-0.17981958389282227
rq-11_raven_uav__high-poly_model,data\demo\video_fragmentation_preview\frame_00014.jpg,0.022592708468437195
rq-11_raven_uav__high-poly_model,data\demo\video_fragmentation_preview\frame_00015.jpg,0.26605331897735596
rq-11_raven_uav__high-poly_model,data\demo\video_fragmentation_preview\frame_00016.jpg,-0.36657610535621643
rq-11_raven_uav__high-poly_model,data\demo\video_fragmentation_preview\frame_00017.jpg,-0.28705278038978577
rq-11_raven_uav__high-poly_model,data\demo\video_fragmentation_preview\frame_00018.jpg,0.02229420840740204
rq-11_raven_uav__high-poly_model,data\demo\video_fragmentation_preview\frame_00019.jpg,-0.0700339525938034
rq-11_raven_uav__high-poly_model,data\demo\video_fragmentation_preview\frame_00020.jpg,-0.0038466304540634155
rq-11_raven_uav__high-poly_model,data\demo\video_fragmentation_preview\frame_00021.jpg,-0.11956420540809631
rq-11_raven_uav__high-poly_model,data\demo\video_fragmentation_preview\frame_00022.jpg,-0.314042866230011
rq-11_raven_uav__high-poly_model,data\demo\video_fragmentation_preview\frame_00023.jpg,-0.2557450830936432
rq-11_raven_uav__high-poly_model,data\demo\video_fragmentation_preview\frame_00024.jpg,-0.14468549191951752
rq-11_raven_uav__high-poly_model,data\demo\video_fragmentation_preview\frame_00025.jpg,0.03372733294963837
rq-11_raven_uav__high-poly_model,data\demo\video_fragmentation_preview\frame_00026.jpg,0.02845018357038498
rq-11_raven_uav__high-poly_model,data\demo\video_fragmentation_preview\frame_00027.jpg,0.1370229721069336
rq-11_raven_uav__high-poly_model,data\demo\video_fragmentation_preview\frame_00028.jpg,0.057576000690460205
rq-11_raven_uav__high-poly_model,data\demo\video_fragmentation_preview\frame_00029.jpg,-0.07835827767848969
rq-11_raven_uav__high-poly_model,data\demo\video_fragmentation_preview\frame_00030.jpg,-0.29790931940078735
rq-11_raven_uav__high-poly_model,data\demo\video_fragmentation_preview\frame_00031.jpg,-0.25038158893585205
rq-11_raven_uav__high-poly_model,data\demo\video_fragmentation_preview\frame_00034.jpg,-0.15966129302978516
rq-11_raven_uav__high-poly_model,data\demo\video_fragmentation_preview\frame_00035.jpg,-0.05236496776342392
rq-11_raven_uav__high-poly_model,data\demo\video_fragmentation_preview\frame_00036.jpg,-0.11600340902805328
rq-11_raven_uav__high-poly_model,data\demo\video_fragmentation_preview\frame_00037.jpg,-0.0895853340625763
rq-11_raven_uav__high-poly_model,data\demo\video_fragmentation_preview\frame_00038.jpg,-0.08255025744438171
rq-11_raven_uav__high-poly_model,data\demo\video_fragmentation_preview\frame_00039.jpg,-0.17139624059200287
rq-11_raven_uav__high-poly_model,data\demo\video_fragmentation_preview\frame_00040.jpg,-0.03321174532175064
rq-11_raven_uav__high-poly_model,data\demo\video_fragmentation_preview\frame_00041.jpg,-0.08973582088947296
rq-11_raven_uav__high-poly_model,data\demo\video_fragmentation_preview\frame_00042.jpg,-0.11100742220878601
rq-11_raven_uav__high-poly_model,data\demo\video_fragmentation_preview\frame_00043.jpg,-0.19514258205890656
rq-11_raven_uav__high-poly_model,data\demo\video_fragmentation_preview\frame_00044.jpg,-0.16765208542346954
rq-11_raven_uav__high-poly_model,data\demo\video_fragmentation_preview\frame_00045.jpg,-0.08986403048038483
rq-11_raven_uav__high-poly_model,data\demo\video_fragmentation_preview\frame_00046.jpg,-0.09892156720161438
rq-11_raven_uav__high-poly_model,data\demo\video_fragmentation_preview\frame_00047.jpg,-0.02844426780939102
rq-11_raven_uav__high-poly_model,data\demo\video_fragmentation_preview\frame_00048.jpg,-0.05432726442813873
rq-11_raven_uav__high-poly_model,data\demo\video_fragmentation_preview\frame_00049.jpg,-0.09267450869083405
rq-11_raven_uav__high-poly_model,data\demo\video_fragmentation_preview\frame_00050.jpg,-0.11292590200901031
rq-11_raven_uav__high-poly_model,data\demo\video_fragmentation_preview\frame_00051.jpg,0.016910895705223083
rq-11_raven_uav__high-poly_model,data\demo\video_fragmentation_preview\frame_00052.jpg,-0.08511689305305481
rq-11_raven_uav__high-poly_model,data\demo\video_fragmentation_preview\frame_00053.jpg,-0.14919070899486542
rq-11_raven_uav__high-poly_model,data\demo\video_fragmentation_preview\frame_00054.jpg,-0.19309750199317932
rq-11_raven_uav__high-poly_model,data\demo\video_fragmentation_preview\frame_00055.jpg,-0.201089009642601
rq-11_raven_uav__high-poly_model,data\demo\video_fragmentation_preview\frame_00056.jpg,-0.14009025692939758
rq-11_raven_uav__high-poly_model,data\demo\video_fragmentation_preview\frame_00057.jpg,-0.12324966490268707
rq-11_raven_uav__high-poly_model,data\demo\video_fragmentation_preview\frame_00058.jpg,-0.3005903959274292
rq-11_raven_uav__high-poly_model,data\demo\video_fragmentation_preview\frame_00059.jpg,-0.31474483013153076
rq-11_raven_uav__high-poly_model,data\demo\video_fragmentation_preview\frame_00060.jpg,-0.2332984060049057
rq-11_raven_uav__high-poly_model,data\demo\video_fragmentation_preview\frame_00061.jpg,-0.20562060177326202
rq-11_raven_uav__high-poly_model,data\demo\video_fragmentation_preview\frame_00062.jpg,-0.14606083929538727
rq-11_raven_uav__high-poly_model,data\demo\video_fragmentation_preview\frame_00063.jpg,-0.18295705318450928
rq-11_raven_uav__high-poly_model,data\demo\video_fragmentation_preview\frame_00064.jpg,-0.12923282384872437
rq-11_raven_uav__high-poly_model,data\demo\video_fragmentation_preview\frame_00065.jpg,-0.20110872387886047
rq-11_raven_uav__high-poly_model,data\demo\video_fragmentation_preview\frame_00066.jpg,-0.19342787563800812
rq-11_raven_uav__high-poly_model,data\demo\video_fragmentation_preview\frame_00067.jpg,-0.24536433815956116
rq-11_raven_uav__high-poly_model,data\demo\video_fragmentation_preview\frame_00068.jpg,-0.29934972524642944
rq-11_raven_uav__high-poly_model,data\demo\video_fragmentation_preview\frame_00069.jpg,-0.30508455634117126
rq-11_raven_uav__high-poly_model,data\demo\video_fragmentation_preview\frame_00070.jpg,-0.2904508411884308
rq-11_raven_uav__high-poly_model,data\demo\video_fragmentation_preview\frame_00071.jpg,-0.22745993733406067
rq-11_raven_uav__real-time_low-poly_asset,data\demo\video_fragmentation_preview\frame_00000.jpg,-0.27245503664016724
rq-11_raven_uav__real-time_low-poly_asset,data\demo\video_fragmentation_preview\frame_00001.jpg,-0.11086452007293701
rq-11_raven_uav__real-time_low-poly_asset,data\demo\video_fragmentation_preview\frame_00002.jpg,-0.13268181681632996
rq-11_raven_uav__real-time_low-poly_asset,data\demo\video_fragmentation_preview\frame_00003.jpg,-0.15984264016151428
rq-11_raven_uav__real-time_low-poly_asset,data\demo\video_fragmentation_preview\frame_00004.jpg,-0.05649060755968094
rq-11_raven_uav__real-time_low-poly_asset,data\demo\video_fragmentation_preview\frame_00005.jpg,-0.13068270683288574
rq-11_raven_uav__real-time_low-poly_asset,data\demo\video_fragmentation_preview\frame_00006.jpg,0.03308888524770737
rq-11_raven_uav__real-time_low-poly_asset,data\demo\video_fragmentation_preview\frame_00007.jpg,0.08019556850194931
rq-11_raven_uav__real-time_low-poly_asset,data\demo\video_fragmentation_preview\frame_00008.jpg,-0.00488252192735672
rq-11_raven_uav__real-time_low-poly_asset,data\demo\video_fragmentation_preview\frame_00009.jpg,-0.15404880046844482
rq-11_raven_uav__real-time_low-poly_asset,data\demo\video_fragmentation_preview\frame_00010.jpg,-0.33768242597579956
rq-11_raven_uav__real-time_low-poly_asset,data\demo\video_fragmentation_preview\frame_00011.jpg,-0.074013851583004
rq-11_raven_uav__real-time_low-poly_asset,data\demo\video_fragmentation_preview\frame_00012.jpg,0.1066126897931099
rq-11_raven_uav__real-time_low-poly_asset,data\demo\video_fragmentation_preview\frame_00013.jpg,-0.19408269226551056
rq-11_raven_uav__real-time_low-poly_asset,data\demo\video_fragmentation_preview\frame_00014.jpg,0.011497270315885544
rq-11_raven_uav__real-time_low-poly_asset,data\demo\video_fragmentation_preview\frame_00015.jpg,0.27710607647895813
rq-11_raven_uav__real-time_low-poly_asset,data\demo\video_fragmentation_preview\frame_00016.jpg,-0.37520575523376465
rq-11_raven_uav__real-time_low-poly_asset,data\demo\video_fragmentation_preview\frame_00017.jpg,-0.28400859236717224
rq-11_raven_uav__real-time_low-poly_asset,data\demo\video_fragmentation_preview\frame_00018.jpg,0.010088004171848297
rq-11_raven_uav__real-time_low-poly_asset,data\demo\video_fragmentation_preview\frame_00019.jpg,-0.08774293959140778
rq-11_raven_uav__real-time_low-poly_asset,data\demo\video_fragmentation_preview\frame_00020.jpg,0.00640559196472168
rq-11_raven_uav__real-time_low-poly_asset,data\demo\video_fragmentation_preview\frame_00021.jpg,-0.11984531581401825
rq-11_raven_uav__real-time_low-poly_asset,data\demo\video_fragmentation_preview\frame_00022.jpg,-0.3501654267311096
rq-11_raven_uav__real-time_low-poly_asset,data\demo\video_fragmentation_preview\frame_00023.jpg,-0.3017079830169678
rq-11_raven_uav__real-time_low-poly_asset,data\demo\video_fragmentation_preview\frame_00024.jpg,-0.1655440777540207
rq-11_raven_uav__real-time_low-poly_asset,data\demo\video_fragmentation_preview\frame_00025.jpg,0.03955032676458359
rq-11_raven_uav__real-time_low-poly_asset,data\demo\video_fragmentation_preview\frame_00026.jpg,0.010249301791191101
rq-11_raven_uav__real-time_low-poly_asset,data\demo\video_fragmentation_preview\frame_00027.jpg,0.11584210395812988
rq-11_raven_uav__real-time_low-poly_asset,data\demo\video_fragmentation_preview\frame_00028.jpg,0.050140976905822754
rq-11_raven_uav__real-time_low-poly_asset,data\demo\video_fragmentation_preview\frame_00029.jpg,-0.09565342217683792
rq-11_raven_uav__real-time_low-poly_asset,data\demo\video_fragmentation_preview\frame_00030.jpg,-0.3320716619491577
rq-11_raven_uav__real-time_low-poly_asset,data\demo\video_fragmentation_preview\frame_00031.jpg,-0.28210216760635376
rq-11_raven_uav__real-time_low-poly_asset,data\demo\video_fragmentation_preview\frame_00034.jpg,-0.1438930779695511
rq-11_raven_uav__real-time_low-poly_asset,data\demo\video_fragmentation_preview\frame_00035.jpg,-0.033160991966724396
rq-11_raven_uav__real-time_low-poly_asset,data\demo\video_fragmentation_preview\frame_00036.jpg,-0.09590695053339005
rq-11_raven_uav__real-time_low-poly_asset,data\demo\video_fragmentation_preview\frame_00037.jpg,-0.059971969574689865
rq-11_raven_uav__real-time_low-poly_asset,data\demo\video_fragmentation_preview\frame_00038.jpg,-0.030790332704782486
rq-11_raven_uav__real-time_low-poly_asset,data\demo\video_fragmentation_preview\frame_00039.jpg,-0.12497859448194504
rq-11_raven_uav__real-time_low-poly_asset,data\demo\video_fragmentation_preview\frame_00040.jpg,0.019353576004505157
rq-11_raven_uav__real-time_low-poly_asset,data\demo\video_fragmentation_preview\frame_00041.jpg,-0.06819266080856323
rq-11_raven_uav__real-time_low-poly_asset,data\demo\video_fragmentation_preview\frame_00042.jpg,-0.08538606762886047
rq-11_raven_uav__real-time_low-poly_asset,data\demo\video_fragmentation_preview\frame_00043.jpg,-0.15986759960651398
rq-11_raven_uav__real-time_low-poly_asset,data\demo\video_fragmentation_preview\frame_00044.jpg,-0.1535254865884781
rq-11_raven_uav__real-time_low-poly_asset,data\demo\video_fragmentation_preview\frame_00045.jpg,-0.05466721951961517
rq-11_raven_uav__real-time_low-poly_asset,data\demo\video_fragmentation_preview\frame_00046.jpg,-0.06682894378900528
rq-11_raven_uav__real-time_low-poly_asset,data\demo\video_fragmentation_preview\frame_00047.jpg,0.012020118534564972
rq-11_raven_uav__real-time_low-poly_asset,data\demo\video_fragmentation_preview\frame_00048.jpg,-0.020523689687252045
rq-11_raven_uav__real-time_low-poly_asset,data\demo\video_fragmentation_preview\frame_00049.jpg,-0.056507933884859085
rq-11_raven_uav__real-time_low-poly_asset,data\demo\video_fragmentation_preview\frame_00050.jpg,-0.07136087864637375
rq-11_raven_uav__real-time_low-poly_asset,data\demo\video_fragmentation_preview\frame_00051.jpg,0.06067788228392601
rq-11_raven_uav__real-time_low-poly_asset,data\demo\video_fragmentation_preview\frame_00052.jpg,-0.07037457823753357
rq-11_raven_uav__real-time_low-poly_asset,data\demo\video_fragmentation_preview\frame_00053.jpg,-0.09708995372056961
rq-11_raven_uav__real-time_low-poly_asset,data\demo\video_fragmentation_preview\frame_00054.jpg,-0.14360782504081726
rq-11_raven_uav__real-time_low-poly_asset,data\demo\video_fragmentation_preview\frame_00055.jpg,-0.16782952845096588
rq-11_raven_uav__real-time_low-poly_asset,data\demo\video_fragmentation_preview\frame_00056.jpg,-0.10471770912408829
rq-11_raven_uav__real-time_low-poly_asset,data\demo\video_fragmentation_preview\frame_00057.jpg,-0.07983363419771194
rq-11_raven_uav__real-time_low-poly_asset,data\demo\video_fragmentation_preview\frame_00058.jpg,-0.2581004798412323
rq-11_raven_uav__real-time_low-poly_asset,data\demo\video_fragmentation_preview\frame_00059.jpg,-0.2798962891101837
rq-11_raven_uav__real-time_low-poly_asset,data\demo\video_fragmentation_preview\frame_00060.jpg,-0.1848328709602356
rq-11_raven_uav__real-time_low-poly_asset,data\demo\video_fragmentation_preview\frame_00061.jpg,-0.16279336810112
rq-11_raven_uav__real-time_low-poly_asset,data\demo\video_fragmentation_preview\frame_00062.jpg,-0.10705047100782394
rq-11_raven_uav__real-time_low-poly_asset,data\demo\video_fragmentation_preview\frame_00063.jpg,-0.13336387276649475
rq-11_raven_uav__real-time_low-poly_asset,data\demo\video_fragmentation_preview\frame_00064.jpg,-0.09025117009878159
rq-11_raven_uav__real-time_low-poly_asset,data\demo\video_fragmentation_preview\frame_00065.jpg,-0.1571446806192398
rq-11_raven_uav__real-time_low-poly_asset,data\demo\video_fragmentation_preview\frame_00066.jpg,-0.1607259213924408
rq-11_raven_uav__real-time_low-poly_asset,data\demo\video_fragmentation_preview\frame_00067.jpg,-0.22611157596111298
rq-11_raven_uav__real-time_low-poly_asset,data\demo\video_fragmentation_preview\frame_00068.jpg,-0.28518253564834595
rq-11_raven_uav__real-time_low-poly_asset,data\demo\video_fragmentation_preview\frame_00069.jpg,-0.2954674959182739
rq-11_raven_uav__real-time_low-poly_asset,data\demo\video_fragmentation_preview\frame_00070.jpg,-0.27174001932144165
rq-11_raven_uav__real-time_low-poly_asset,data\demo\video_fragmentation_preview\frame_00071.jpg,-0.20912028849124908
uav,data\demo\video_fragmentation_preview\frame_00000.jpg,0.11597256362438202
uav,data\demo\video_fragmentation_preview\frame_00001.jpg,0.04442256689071655
uav,data\demo\video_fragmentation_preview\frame_00002.jpg,0.08412870019674301
uav,data\demo\video_fragmentation_preview\frame_00003.jpg,0.04325169324874878
uav,data\demo\video_fragmentation_preview\frame_00004.jpg,0.1622193455696106
uav,data\demo\video_fragmentation_preview\frame_00005.jpg,0.006148695945739746
uav,data\demo\video_fragmentation_preview\frame_00006.jpg,-0.01431921124458313
uav,data\demo\video_fragmentation_preview\frame_00007.jpg,-0.18797224760055542
uav,data\demo\video_fragmentation_preview\frame_00008.jpg,-0.2218986451625824
uav,data\demo\video_fragmentation_preview\frame_00009.jpg,-0.3296632170677185
uav,data\demo\video_fragmentation_preview\frame_00010.jpg,-0.3423733115196228
uav,data\demo\video_fragmentation_preview\frame_00011.jpg,-0.3109748959541321
uav,data\demo\video_fragmentation_preview\frame_00012.jpg,-0.24711284041404724
uav,data\demo\video_fragmentation_preview\frame_00013.jpg,-0.5791066288948059
uav,data\demo\video_fragmentation_preview\frame_00014.jpg,-0.41097962856292725
uav,data\demo\video_fragmentation_preview\frame_00015.jpg,-0.5805960893630981
uav,data\demo\video_fragmentation_preview\frame_00016.jpg,-0.6949042081832886
uav,data\demo\video_fragmentation_preview\frame_00017.jpg,-0.6737610101699829
uav,data\demo\video_fragmentation_preview\frame_00018.jpg,-0.5012609958648682
uav,data\demo\video_fragmentation_preview\frame_00019.jpg,-0.4557064175605774
uav,data\demo\video_fragmentation_preview\frame_00020.jpg,-0.29748016595840454
uav,data\demo\video_fragmentation_preview\frame_00021.jpg,-0.2743980586528778
uav,data\demo\video_fragmentation_preview\frame_00022.jpg,-0.171743705868721
uav,data\demo\video_fragmentation_preview\frame_00023.jpg,-0.3221437633037567
uav,data\demo\video_fragmentation_preview\frame_00024.jpg,-0.2778322696685791
uav,data\demo\video_fragmentation_preview\frame_00025.jpg,-0.1475742757320404
uav,data\demo\video_fragmentation_preview\frame_00026.jpg,-0.10717958956956863
uav,data\demo\video_fragmentation_preview\frame_00027.jpg,-0.11943108588457108
uav,data\demo\video_fragmentation_preview\frame_00028.jpg,0.13383258879184723
uav,data\demo\video_fragmentation_preview\frame_00029.jpg,0.09083665907382965
uav,data\demo\video_fragmentation_preview\frame_00030.jpg,0.13443052768707275
uav,data\demo\video_fragmentation_preview\frame_00031.jpg,0.1068907231092453
uav,data\demo\video_fragmentation_preview\frame_00034.jpg,0.1938808113336563
uav,data\demo\video_fragmentation_preview\frame_00035.jpg,0.1981128752231598
uav,data\demo\video_fragmentation_preview\frame_00036.jpg,0.17148219048976898
uav,data\demo\video_fragmentation_preview\frame_00037.jpg,0.1178249791264534
uav,data\demo\video_fragmentation_preview\frame_00038.jpg,-0.06323228776454926
uav,data\demo\video_fragmentation_preview\frame_00039.jpg,-0.05295447260141373
uav,data\demo\video_fragmentation_preview\frame_00040.jpg,0.0035728737711906433
uav,data\demo\video_fragmentation_preview\frame_00041.jpg,-0.02925506979227066
uav,data\demo\video_fragmentation_preview\frame_00042.jpg,0.08929342776536942
uav,data\demo\video_fragmentation_preview\frame_00043.jpg,-0.03606725484132767
uav,data\demo\video_fragmentation_preview\frame_00044.jpg,-0.10273243486881256
uav,data\demo\video_fragmentation_preview\frame_00045.jpg,-9.277462959289551e-05
uav,data\demo\video_fragmentation_preview\frame_00046.jpg,-0.12285599112510681
uav,data\demo\video_fragmentation_preview\frame_00047.jpg,-0.019564926624298096
uav,data\demo\video_fragmentation_preview\frame_00048.jpg,-0.015213623642921448
uav,data\demo\video_fragmentation_preview\frame_00049.jpg,0.06241971254348755
uav,data\demo\video_fragmentation_preview\frame_00050.jpg,0.06586863100528717
uav,data\demo\video_fragmentation_preview\frame_00051.jpg,-0.092704638838768
uav,data\demo\video_fragmentation_preview\frame_00052.jpg,-0.009269662201404572
uav,data\demo\video_fragmentation_preview\frame_00053.jpg,-0.1906871348619461
uav,data\demo\video_fragmentation_preview\frame_00054.jpg,-0.02761399745941162
uav,data\demo\video_fragmentation_preview\frame_00055.jpg,-0.015751972794532776
uav,data\demo\video_fragmentation_preview\frame_00056.jpg,0.027291834354400635
uav,data\demo\video_fragmentation_preview\frame_00057.jpg,-0.030213680118322372
uav,data\demo\video_fragmentation_preview\frame_00058.jpg,0.025688178837299347
uav,data\demo\video_fragmentation_preview\frame_00059.jpg,-0.19886115193367004
uav,data\demo\video_fragmentation_preview\frame_00060.jpg,-0.2551484704017639
uav,data\demo\video_fragmentation_preview\frame_00061.jpg,-0.32939469814300537
uav,data\demo\video_fragmentation_preview\frame_00062.jpg,-0.3220059871673584
uav,data\demo\video_fragmentation_preview\frame_00063.jpg,-0.31314557790756226
uav,data\demo\video_fragmentation_preview\frame_00064.jpg,-0.2572598457336426
uav,data\demo\video_fragmentation_preview\frame_00065.jpg,-0.2710888385772705
uav,data\demo\video_fragmentation_preview\frame_00066.jpg,-0.260476291179657
uav,data\demo\video_fragmentation_preview\frame_00067.jpg,-0.22611913084983826
uav,data\demo\video_fragmentation_preview\frame_00068.jpg,0.02818751335144043
uav,data\demo\video_fragmentation_preview\frame_00069.jpg,-0.004465460777282715
uav,data\demo\video_fragmentation_preview\frame_00070.jpg,0.03533000499010086
uav,data\demo\video_fragmentation_preview\frame_00071.jpg,0.03801073133945465
uav_2,data\demo\video_fragmentation_preview\frame_00000.jpg,0.49856290221214294
uav_2,data\demo\video_fragmentation_preview\frame_00001.jpg,0.5751909017562866
uav_2,data\demo\video_fragmentation_preview\frame_00002.jpg,0.4896359443664551
uav_2,data\demo\video_fragmentation_preview\frame_00003.jpg,0.6411981582641602
uav_2,data\demo\video_fragmentation_preview\frame_00004.jpg,0.4150407910346985
uav_2,data\demo\video_fragmentation_preview\frame_00005.jpg,0.427629679441452
uav_2,data\demo\video_fragmentation_preview\frame_00006.jpg,0.25693681836128235
uav_2,data\demo\video_fragmentation_preview\frame_00007.jpg,0.5208470821380615
uav_2,data\demo\video_fragmentation_preview\frame_00008.jpg,0.6029109954833984
uav_2,data\demo\video_fragmentation_preview\frame_00009.jpg,0.49189281463623047
uav_2,data\demo\video_fragmentation_preview\frame_00010.jpg,0.5203972458839417
uav_2,data\demo\video_fragmentation_preview\frame_00011.jpg,0.4979240596294403
uav_2,data\demo\video_fragmentation_preview\frame_00012.jpg,0.4322415888309479
uav_2,data\demo\video_fragmentation_preview\frame_00013.jpg,0.2872385084629059
uav_2,data\demo\video_fragmentation_preview\frame_00014.jpg,0.4268825650215149
uav_2,data\demo\video_fragmentation_preview\frame_00015.jpg,0.43964552879333496
uav_2,data\demo\video_fragmentation_preview\frame_00016.jpg,0.15203146636486053
uav_2,data\demo\video_fragmentation_preview\frame_00017.jpg,0.3807080090045929
uav_2,data\demo\video_fragmentation_preview\frame_00018.jpg,0.28431639075279236
uav_2,data\demo\video_fragmentation_preview\frame_00019.jpg,0.28416168689727783
uav_2,data\demo\video_fragmentation_preview\frame_00020.jpg,0.4922754168510437
uav_2,data\demo\video_fragmentation_preview\frame_00021.jpg,0.36950206756591797
uav_2,data\demo\video_fragmentation_preview\frame_00022.jpg,0.25218719244003296
uav_2,data\demo\video_fragmentation_preview\frame_00023.jpg,0.10091421753168106
uav_2,data\demo\video_fragmentation_preview\frame_00024.jpg,0.21016676723957062
uav_2,data\demo\video_fragmentation_preview\frame_00025.jpg,0.3763161301612854
uav_2,data\demo\video_fragmentation_preview\frame_00026.jpg,0.1679433286190033
uav_2,data\demo\video_fragmentation_preview\frame_00027.jpg,0.12988600134849548
uav_2,data\demo\video_fragmentation_preview\frame_00028.jpg,0.2029787003993988
uav_2,data\demo\video_fragmentation_preview\frame_00029.jpg,0.12218201905488968
uav_2,data\demo\video_fragmentation_preview\frame_00030.jpg,-0.025505129247903824
uav_2,data\demo\video_fragmentation_preview\frame_00031.jpg,-0.00410495325922966
uav_2,data\demo\video_fragmentation_preview\frame_00034.jpg,0.5186344385147095
uav_2,data\demo\video_fragmentation_preview\frame_00035.jpg,0.5372081398963928
uav_2,data\demo\video_fragmentation_preview\frame_00036.jpg,0.6151022911071777
uav_2,data\demo\video_fragmentation_preview\frame_00037.jpg,0.589685320854187
uav_2,data\demo\video_fragmentation_preview\frame_00038.jpg,0.754644513130188
uav_2,data\demo\video_fragmentation_preview\frame_00039.jpg,0.8079118132591248
uav_2,data\demo\video_fragmentation_preview\frame_00040.jpg,0.7970898151397705
uav_2,data\demo\video_fragmentation_preview\frame_00041.jpg,0.5081059336662292
uav_2,data\demo\video_fragmentation_preview\frame_00042.jpg,0.5253634452819824
uav_2,data\demo\video_fragmentation_preview\frame_00043.jpg,0.6387133598327637
uav_2,data\demo\video_fragmentation_preview\frame_00044.jpg,0.4428846836090088
uav_2,data\demo\video_fragmentation_preview\frame_00045.jpg,0.8003140687942505
uav_2,data\demo\video_fragmentation_preview\frame_00046.jpg,0.6823108792304993
uav_2,data\demo\video_fragmentation_preview\frame_00047.jpg,0.7872335910797119
uav_2,data\demo\video_fragmentation_preview\frame_00048.jpg,0.4987819790840149
uav_2,data\demo\video_fragmentation_preview\frame_00049.jpg,0.5272218585014343
uav_2,data\demo\video_fragmentation_preview\frame_00050.jpg,0.6581797003746033
uav_2,data\demo\video_fragmentation_preview\frame_00051.jpg,0.7493162155151367
uav_2,data\demo\video_fragmentation_preview\frame_00052.jpg,0.40308165550231934
uav_2,data\demo\video_fragmentation_preview\frame_00053.jpg,0.7301154136657715
uav_2,data\demo\video_fragmentation_preview\frame_00054.jpg,0.7406438589096069
uav_2,data\demo\video_fragmentation_preview\frame_00055.jpg,0.5529526472091675
uav_2,data\demo\video_fragmentation_preview\frame_00056.jpg,0.5958211421966553
uav_2,data\demo\video_fragmentation_preview\frame_00057.jpg,0.6663346886634827
uav_2,data\demo\video_fragmentation_preview\frame_00058.jpg,0.7797662615776062
uav_2,data\demo\video_fragmentation_preview\frame_00059.jpg,0.5013954043388367
uav_2,data\demo\video_fragmentation_preview\frame_00060.jpg,0.7346704006195068
uav_2,data\demo\video_fragmentation_preview\frame_00061.jpg,0.7173452377319336
uav_2,data\demo\video_fragmentation_preview\frame_00062.jpg,0.7255831360816956
uav_2,data\demo\video_fragmentation_preview\frame_00063.jpg,0.8702650666236877
uav_2,data\demo\video_fragmentation_preview\frame_00064.jpg,0.7472586631774902
uav_2,data\demo\video_fragmentation_preview\frame_00065.jpg,0.8145290613174438
uav_2,data\demo\video_fragmentation_preview\frame_00066.jpg,0.6980680227279663
uav_2,data\demo\video_fragmentation_preview\frame_00067.jpg,0.5704696178436279
uav_2,data\demo\video_fragmentation_preview\frame_00068.jpg,0.4950354993343353
uav_2,data\demo\video_fragmentation_preview\frame_00069.jpg,0.45712196826934814
uav_2,data\demo\video_fragmentation_preview\frame_00070.jpg,0.4989856481552124
uav_2,data\demo\video_fragmentation_preview\frame_00071.jpg,0.5022497177124023
uav_3,data\demo\video_fragmentation_preview\frame_00000.jpg,0.4981904625892639
uav_3,data\demo\video_fragmentation_preview\frame_00001.jpg,0.2718246281147003
uav_3,data\demo\video_fragmentation_preview\frame_00002.jpg,0.4334775507450104
uav_3,data\demo\video_fragmentation_preview\frame_00003.jpg,0.18507835268974304
uav_3,data\demo\video_fragmentation_preview\frame_00004.jpg,0.3618966341018677
uav_3,data\demo\video_fragmentation_preview\frame_00005.jpg,0.378146231174469
uav_3,data\demo\video_fragmentation_preview\frame_00006.jpg,0.33344942331314087
uav_3,data\demo\video_fragmentation_preview\frame_00007.jpg,0.17119565606117249
uav_3,data\demo\video_fragmentation_preview\frame_00008.jpg,0.28513002395629883
uav_3,data\demo\video_fragmentation_preview\frame_00009.jpg,0.4018245339393616
uav_3,data\demo\video_fragmentation_preview\frame_00010.jpg,0.25696778297424316
uav_3,data\demo\video_fragmentation_preview\frame_00011.jpg,0.1779257357120514
uav_3,data\demo\video_fragmentation_preview\frame_00012.jpg,0.3066655099391937
uav_3,data\demo\video_fragmentation_preview\frame_00013.jpg,0.13266032934188843
uav_3,data\demo\video_fragmentation_preview\frame_00014.jpg,0.19929812848567963
uav_3,data\demo\video_fragmentation_preview\frame_00015.jpg,-0.004506204277276993
uav_3,data\demo\video_fragmentation_preview\frame_00016.jpg,0.1762791872024536
uav_3,data\demo\video_fragmentation_preview\frame_00017.jpg,0.15894511342048645
uav_3,data\demo\video_fragmentation_preview\frame_00018.jpg,0.3263236880302429
uav_3,data\demo\video_fragmentation_preview\frame_00019.jpg,0.2656571865081787
uav_3,data\demo\video_fragmentation_preview\frame_00020.jpg,-0.08571307361125946
uav_3,data\demo\video_fragmentation_preview\frame_00021.jpg,-0.03423686325550079
uav_3,data\demo\video_fragmentation_preview\frame_00022.jpg,0.14736954867839813
uav_3,data\demo\video_fragmentation_preview\frame_00023.jpg,0.12270116806030273
uav_3,data\demo\video_fragmentation_preview\frame_00024.jpg,-0.23603790998458862
uav_3,data\demo\video_fragmentation_preview\frame_00025.jpg,-0.2956331670284271
uav_3,data\demo\video_fragmentation_preview\frame_00026.jpg,-0.2545619010925293
uav_3,data\demo\video_fragmentation_preview\frame_00027.jpg,-0.38107335567474365
uav_3,data\demo\video_fragmentation_preview\frame_00028.jpg,-0.3125586211681366
uav_3,data\demo\video_fragmentation_preview\frame_00029.jpg,-0.48769068717956543
uav_3,data\demo\video_fragmentation_preview\frame_00030.jpg,-0.33892861008644104
uav_3,data\demo\video_fragmentation_preview\frame_00031.jpg,-0.3372337222099304
uav_3,data\demo\video_fragmentation_preview\frame_00034.jpg,0.27913323044776917
uav_3,data\demo\video_fragmentation_preview\frame_00035.jpg,0.22834376990795135
uav_3,data\demo\video_fragmentation_preview\frame_00036.jpg,0.23624248802661896
uav_3,data\demo\video_fragmentation_preview\frame_00037.jpg,0.34960436820983887
uav_3,data\demo\video_fragmentation_preview\frame_00038.jpg,0.31434035301208496
uav_3,data\demo\video_fragmentation_preview\frame_00039.jpg,0.22764688730239868
uav_3,data\demo\video_fragmentation_preview\frame_00040.jpg,0.1391725242137909
uav_3,data\demo\video_fragmentation_preview\frame_00041.jpg,0.4996250867843628
uav_3,data\demo\video_fragmentation_preview\frame_00042.jpg,0.460693359375
uav_3,data\demo\video_fragmentation_preview\frame_00043.jpg,0.4305710792541504
uav_3,data\demo\video_fragmentation_preview\frame_00044.jpg,0.554519772529602
uav_3,data\demo\video_fragmentation_preview\frame_00045.jpg,0.11777758598327637
uav_3,data\demo\video_fragmentation_preview\frame_00046.jpg,0.3015722334384918
uav_3,data\demo\video_fragmentation_preview\frame_00047.jpg,0.18107753992080688
uav_3,data\demo\video_fragmentation_preview\frame_00048.jpg,0.39696455001831055
uav_3,data\demo\video_fragmentation_preview\frame_00049.jpg,0.394267737865448
uav_3,data\demo\video_fragmentation_preview\frame_00050.jpg,0.37614285945892334
uav_3,data\demo\video_fragmentation_preview\frame_00051.jpg,0.1409982442855835
uav_3,data\demo\video_fragmentation_preview\frame_00052.jpg,0.5312011241912842
uav_3,data\demo\video_fragmentation_preview\frame_00053.jpg,0.22787249088287354
uav_3,data\demo\video_fragmentation_preview\frame_00054.jpg,0.2089225947856903
uav_3,data\demo\video_fragmentation_preview\frame_00055.jpg,0.41308826208114624
uav_3,data\demo\video_fragmentation_preview\frame_00056.jpg,0.36141082644462585
uav_3,data\demo\video_fragmentation_preview\frame_00057.jpg,0.3126215934753418
uav_3,data\demo\video_fragmentation_preview\frame_00058.jpg,0.3140948414802551
uav_3,data\demo\video_fragmentation_preview\frame_00059.jpg,0.1941167712211609
uav_3,data\demo\video_fragmentation_preview\frame_00060.jpg,0.2580621838569641
uav_3,data\demo\video_fragmentation_preview\frame_00061.jpg,0.2006714642047882
uav_3,data\demo\video_fragmentation_preview\frame_00062.jpg,0.15412622690200806
uav_3,data\demo\video_fragmentation_preview\frame_00063.jpg,0.022020865231752396
uav_3,data\demo\video_fragmentation_preview\frame_00064.jpg,0.10474060475826263
uav_3,data\demo\video_fragmentation_preview\frame_00065.jpg,0.10540944337844849
uav_3,data\demo\video_fragmentation_preview\frame_00066.jpg,0.20643171668052673
uav_3,data\demo\video_fragmentation_preview\frame_00067.jpg,0.3576963543891907
uav_3,data\demo\video_fragmentation_preview\frame_00068.jpg,0.04021989181637764
uav_3,data\demo\video_fragmentation_preview\frame_00069.jpg,-0.01248244009912014
uav_3,data\demo\video_fragmentation_preview\frame_00070.jpg,-0.014537591487169266
uav_3,data\demo\video_fragmentation_preview\frame_00071.jpg,-0.060090623795986176
uav_bl,data\demo\video_fragmentation_preview\frame_00000.jpg,0.23319222033023834
uav_bl,data\demo\video_fragmentation_preview\frame_00001.jpg,0.13607841730117798
uav_bl,data\demo\video_fragmentation_preview\frame_00002.jpg,0.2579514980316162
uav_bl,data\demo\video_fragmentation_preview\frame_00003.jpg,0.033846255391836166
uav_bl,data\demo\video_fragmentation_preview\frame_00004.jpg,0.17473192512989044
uav_bl,data\demo\video_fragmentation_preview\frame_00005.jpg,0.3055283725261688
uav_bl,data\demo\video_fragmentation_preview\frame_00006.jpg,0.34889012575149536
uav_bl,data\demo\video_fragmentation_preview\frame_00007.jpg,0.21409925818443298
uav_bl,data\demo\video_fragmentation_preview\frame_00008.jpg,0.2707347571849823
uav_bl,data\demo\video_fragmentation_preview\frame_00009.jpg,0.4378666877746582
uav_bl,data\demo\video_fragmentation_preview\frame_00010.jpg,0.2957080900669098
uav_bl,data\demo\video_fragmentation_preview\frame_00011.jpg,0.2381381392478943
uav_bl,data\demo\video_fragmentation_preview\frame_00012.jpg,0.38507696986198425
uav_bl,data\demo\video_fragmentation_preview\frame_00013.jpg,0.4685214161872864
uav_bl,data\demo\video_fragmentation_preview\frame_00014.jpg,0.3338587284088135
uav_bl,data\demo\video_fragmentation_preview\frame_00015.jpg,0.18954896926879883
uav_bl,data\demo\video_fragmentation_preview\frame_00016.jpg,0.38547635078430176
uav_bl,data\demo\video_fragmentation_preview\frame_00017.jpg,0.34017735719680786
uav_bl,data\demo\video_fragmentation_preview\frame_00018.jpg,0.44602569937705994
uav_bl,data\demo\video_fragmentation_preview\frame_00019.jpg,0.44453108310699463
uav_bl,data\demo\video_fragmentation_preview\frame_00020.jpg,-0.0013780593872070312
uav_bl,data\demo\video_fragmentation_preview\frame_00021.jpg,0.03663508966565132
uav_bl,data\demo\video_fragmentation_preview\frame_00022.jpg,0.12368038296699524
uav_bl,data\demo\video_fragmentation_preview\frame_00023.jpg,0.25777971744537354
uav_bl,data\demo\video_fragmentation_preview\frame_00024.jpg,-0.028211265802383423
uav_bl,data\demo\video_fragmentation_preview\frame_00025.jpg,-0.23473365604877472
uav_bl,data\demo\video_fragmentation_preview\frame_00026.jpg,-0.18706625699996948
uav_bl,data\demo\video_fragmentation_preview\frame_00027.jpg,-0.2477228343486786
uav_bl,data\demo\video_fragmentation_preview\frame_00028.jpg,-0.37451454997062683
uav_bl,data\demo\video_fragmentation_preview\frame_00029.jpg,-0.4613186717033386
uav_bl,data\demo\video_fragmentation_preview\frame_00030.jpg,-0.41776043176651
uav_bl,data\demo\video_fragmentation_preview\frame_00031.jpg,-0.43140533566474915
uav_bl,data\demo\video_fragmentation_preview\frame_00034.jpg,0.06617142260074615
uav_bl,data\demo\video_fragmentation_preview\frame_00035.jpg,0.04531893879175186
uav_bl,data\demo\video_fragmentation_preview\frame_00036.jpg,0.04385150969028473
uav_bl,data\demo\video_fragmentation_preview\frame_00037.jpg,0.1633821278810501
uav_bl,data\demo\video_fragmentation_preview\frame_00038.jpg,0.16767200827598572
uav_bl,data\demo\video_fragmentation_preview\frame_00039.jpg,0.08008115738630295
uav_bl,data\demo\video_fragmentation_preview\frame_00040.jpg,-0.008474783971905708
uav_bl,data\demo\video_fragmentation_preview\frame_00041.jpg,0.41763246059417725
uav_bl,data\demo\video_fragmentation_preview\frame_00042.jpg,0.29231810569763184
uav_bl,data\demo\video_fragmentation_preview\frame_00043.jpg,0.28837403655052185
uav_bl,data\demo\video_fragmentation_preview\frame_00044.jpg,0.47255024313926697
uav_bl,data\demo\video_fragmentation_preview\frame_00045.jpg,-0.042918525636196136
uav_bl,data\demo\video_fragmentation_preview\frame_00046.jpg,0.24600577354431152
uav_bl,data\demo\video_fragmentation_preview\frame_00047.jpg,0.024311143904924393
uav_bl,data\demo\video_fragmentation_preview\frame_00048.jpg,0.33594173192977905
uav_bl,data\demo\video_fragmentation_preview\frame_00049.jpg,0.26706644892692566
uav_bl,data\demo\video_fragmentation_preview\frame_00050.jpg,0.1879422962665558
uav_bl,data\demo\video_fragmentation_preview\frame_00051.jpg,0.0716039389371872
uav_bl,data\demo\video_fragmentation_preview\frame_00052.jpg,0.4456392228603363
uav_bl,data\demo\video_fragmentation_preview\frame_00053.jpg,0.17934568226337433
uav_bl,data\demo\video_fragmentation_preview\frame_00054.jpg,0.08680281043052673
uav_bl,data\demo\video_fragmentation_preview\frame_00055.jpg,0.3125303387641907
uav_bl,data\demo\video_fragmentation_preview\frame_00056.jpg,0.2194271981716156
uav_bl,data\demo\video_fragmentation_preview\frame_00057.jpg,0.1820409893989563
uav_bl,data\demo\video_fragmentation_preview\frame_00058.jpg,0.06104711443185806
uav_bl,data\demo\video_fragmentation_preview\frame_00059.jpg,0.2932739555835724
uav_bl,data\demo\video_fragmentation_preview\frame_00060.jpg,0.18541187047958374
uav_bl,data\demo\video_fragmentation_preview\frame_00061.jpg,0.20409759879112244
uav_bl,data\demo\video_fragmentation_preview\frame_00062.jpg,0.1934623420238495
uav_bl,data\demo\video_fragmentation_preview\frame_00063.jpg,-0.01658753678202629
uav_bl,data\demo\video_fragmentation_preview\frame_00064.jpg,0.12238255143165588
uav_bl,data\demo\video_fragmentation_preview\frame_00065.jpg,0.07459574937820435
uav_bl,data\demo\video_fragmentation_preview\frame_00066.jpg,0.19115641713142395
uav_bl,data\demo\video_fragmentation_preview\frame_00067.jpg,0.3237540125846863
uav_bl,data\demo\video_fragmentation_preview\frame_00068.jpg,-0.1296686828136444
uav_bl,data\demo\video_fragmentation_preview\frame_00069.jpg,-0.14925983548164368
uav_bl,data\demo\video_fragmentation_preview\frame_00070.jpg,-0.17860372364521027
uav_bl,data\demo\video_fragmentation_preview\frame_00071.jpg,-0.2127445787191391
uav_gerbera_low-poly,data\demo\video_fragmentation_preview\frame_00000.jpg,-0.7510426044464111
uav_gerbera_low-poly,data\demo\video_fragmentation_preview\frame_00001.jpg,-0.5961090326309204
uav_gerbera_low-poly,data\demo\video_fragmentation_preview\frame_00002.jpg,-0.6784461736679077
uav_gerbera_low-poly,data\demo\video_fragmentation_preview\frame_00003.jpg,-0.5430869460105896
uav_gerbera_low-poly,data\demo\video_fragmentation_preview\frame_00004.jpg,-0.6848719716072083
uav_gerbera_low-poly,data\demo\video_fragmentation_preview\frame_00005.jpg,-0.5776928663253784
uav_gerbera_low-poly,data\demo\video_fragmentation_preview\frame_00006.jpg,-0.6352319717407227
uav_gerbera_low-poly,data\demo\video_fragmentation_preview\frame_00007.jpg,-0.4211888611316681
uav_gerbera_low-poly,data\demo\video_fragmentation_preview\frame_00008.jpg,-0.382502019405365
uav_gerbera_low-poly,data\demo\video_fragmentation_preview\frame_00009.jpg,-0.3580612540245056
uav_gerbera_low-poly,data\demo\video_fragmentation_preview\frame_00010.jpg,-0.35223275423049927
uav_gerbera_low-poly,data\demo\video_fragmentation_preview\frame_00011.jpg,-0.3167121112346649
uav_gerbera_low-poly,data\demo\video_fragmentation_preview\frame_00012.jpg,-0.3685283362865448
uav_gerbera_low-poly,data\demo\video_fragmentation_preview\frame_00013.jpg,-0.1958436667919159
uav_gerbera_low-poly,data\demo\video_fragmentation_preview\frame_00014.jpg,-0.31929266452789307
uav_gerbera_low-poly,data\demo\video_fragmentation_preview\frame_00015.jpg,-0.0018478184938430786
uav_gerbera_low-poly,data\demo\video_fragmentation_preview\frame_00016.jpg,-0.012710139155387878
uav_gerbera_low-poly,data\demo\video_fragmentation_preview\frame_00017.jpg,-0.09982716292142868
uav_gerbera_low-poly,data\demo\video_fragmentation_preview\frame_00018.jpg,-0.2363014817237854
uav_gerbera_low-poly,data\demo\video_fragmentation_preview\frame_00019.jpg,-0.3131445050239563
uav_gerbera_low-poly,data\demo\video_fragmentation_preview\frame_00020.jpg,-0.3066152334213257
uav_gerbera_low-poly,data\demo\video_fragmentation_preview\frame_00021.jpg,-0.3563153147697449
uav_gerbera_low-poly,data\demo\video_fragmentation_preview\frame_00022.jpg,-0.5414148569107056
uav_gerbera_low-poly,data\demo\video_fragmentation_preview\frame_00023.jpg,-0.3989377021789551
uav_gerbera_low-poly,data\demo\video_fragmentation_preview\frame_00024.jpg,-0.23675546050071716
uav_gerbera_low-poly,data\demo\video_fragmentation_preview\frame_00025.jpg,-0.289165735244751
uav_gerbera_low-poly,data\demo\video_fragmentation_preview\frame_00026.jpg,-0.325634241104126
uav_gerbera_low-poly,data\demo\video_fragmentation_preview\frame_00027.jpg,-0.22411619126796722
uav_gerbera_low-poly,data\demo\video_fragmentation_preview\frame_00028.jpg,-0.3895319402217865
uav_gerbera_low-poly,data\demo\video_fragmentation_preview\frame_00029.jpg,-0.2690209746360779
uav_gerbera_low-poly,data\demo\video_fragmentation_preview\frame_00030.jpg,-0.34969693422317505
uav_gerbera_low-poly,data\demo\video_fragmentation_preview\frame_00031.jpg,-0.3431766629219055
uav_gerbera_low-poly,data\demo\video_fragmentation_preview\frame_00034.jpg,-0.6751694083213806
uav_gerbera_low-poly,data\demo\video_fragmentation_preview\frame_00035.jpg,-0.6382222175598145
uav_gerbera_low-poly,data\demo\video_fragmentation_preview\frame_00036.jpg,-0.6551821231842041
uav_gerbera_low-poly,data\demo\video_fragmentation_preview\frame_00037.jpg,-0.631712794303894
uav_gerbera_low-poly,data\demo\video_fragmentation_preview\frame_00038.jpg,-0.4778379201889038
uav_gerbera_low-poly,data\demo\video_fragmentation_preview\frame_00039.jpg,-0.4977009892463684
uav_gerbera_low-poly,data\demo\video_fragmentation_preview\frame_00040.jpg,-0.4674147963523865
uav_gerbera_low-poly,data\demo\video_fragmentation_preview\frame_00041.jpg,-0.5822715759277344
uav_gerbera_low-poly,data\demo\video_fragmentation_preview\frame_00042.jpg,-0.6226463317871094
uav_gerbera_low-poly,data\demo\video_fragmentation_preview\frame_00043.jpg,-0.5733102560043335
uav_gerbera_low-poly,data\demo\video_fragmentation_preview\frame_00044.jpg,-0.5317283272743225
uav_gerbera_low-poly,data\demo\video_fragmentation_preview\frame_00045.jpg,-0.5170062780380249
uav_gerbera_low-poly,data\demo\video_fragmentation_preview\frame_00046.jpg,-0.4547808766365051
uav_gerbera_low-poly,data\demo\video_fragmentation_preview\frame_00047.jpg,-0.49273884296417236
uav_gerbera_low-poly,data\demo\video_fragmentation_preview\frame_00048.jpg,-0.5220809578895569
uav_gerbera_low-poly,data\demo\video_fragmentation_preview\frame_00049.jpg,-0.5643816590309143
uav_gerbera_low-poly,data\demo\video_fragmentation_preview\frame_00050.jpg,-0.5739400386810303
uav_gerbera_low-poly,data\demo\video_fragmentation_preview\frame_00051.jpg,-0.40615496039390564
uav_gerbera_low-poly,data\demo\video_fragmentation_preview\frame_00052.jpg,-0.5783025026321411
uav_gerbera_low-poly,data\demo\video_fragmentation_preview\frame_00053.jpg,-0.37851905822753906
uav_gerbera_low-poly,data\demo\video_fragmentation_preview\frame_00054.jpg,-0.5008491277694702
uav_gerbera_low-poly,data\demo\video_fragmentation_preview\frame_00055.jpg,-0.567523181438446
uav_gerbera_low-poly,data\demo\video_fragmentation_preview\frame_00056.jpg,-0.5646889209747314
uav_gerbera_low-poly,data\demo\video_fragmentation_preview\frame_00057.jpg,-0.5126667022705078
uav_gerbera_low-poly,data\demo\video_fragmentation_preview\frame_00058.jpg,-0.5927698612213135
uav_gerbera_low-poly,data\demo\video_fragmentation_preview\frame_00059.jpg,-0.41898250579833984
uav_gerbera_low-poly,data\demo\video_fragmentation_preview\frame_00060.jpg,-0.4032004475593567
uav_gerbera_low-poly,data\demo\video_fragmentation_preview\frame_00061.jpg,-0.3473411798477173
uav_gerbera_low-poly,data\demo\video_fragmentation_preview\frame_00062.jpg,-0.34578239917755127
uav_gerbera_low-poly,data\demo\video_fragmentation_preview\frame_00063.jpg,-0.2691965103149414
uav_gerbera_low-poly,data\demo\video_fragmentation_preview\frame_00064.jpg,-0.3695269227027893
uav_gerbera_low-poly,data\demo\video_fragmentation_preview\frame_00065.jpg,-0.3543657660484314
uav_gerbera_low-poly,data\demo\video_fragmentation_preview\frame_00066.jpg,-0.41337987780570984
uav_gerbera_low-poly,data\demo\video_fragmentation_preview\frame_00067.jpg,-0.49650031328201294
uav_gerbera_low-poly,data\demo\video_fragmentation_preview\frame_00068.jpg,-0.5984482765197754
uav_gerbera_low-poly,data\demo\video_fragmentation_preview\frame_00069.jpg,-0.56807541847229
uav_gerbera_low-poly,data\demo\video_fragmentation_preview\frame_00070.jpg,-0.5686720609664917
uav_gerbera_low-poly,data\demo\video_fragmentation_preview\frame_00071.jpg,-0.5456341505050659
uav_low_poly,data\demo\video_fragmentation_preview\frame_00000.jpg,-0.30197733640670776
uav_low_poly,data\demo\video_fragmentation_preview\frame_00001.jpg,-0.12521886825561523
uav_low_poly,data\demo\video_fragmentation_preview\frame_00002.jpg,-0.16737958788871765
uav_low_poly,data\demo\video_fragmentation_preview\frame_00003.jpg,-0.1430797576904297
uav_low_poly,data\demo\video_fragmentation_preview\frame_00004.jpg,-0.04602851718664169
uav_low_poly,data\demo\video_fragmentation_preview\frame_00005.jpg,-0.16024599969387054
uav_low_poly,data\demo\video_fragmentation_preview\frame_00006.jpg,-0.046404898166656494
uav_low_poly,data\demo\video_fragmentation_preview\frame_00007.jpg,-0.025342412292957306
uav_low_poly,data\demo\video_fragmentation_preview\frame_00008.jpg,-0.12256413698196411
uav_low_poly,data\demo\video_fragmentation_preview\frame_00009.jpg,-0.2932947874069214
uav_low_poly,data\demo\video_fragmentation_preview\frame_00010.jpg,-0.4218774735927582
uav_low_poly,data\demo\video_fragmentation_preview\frame_00011.jpg,-0.16222640872001648
uav_low_poly,data\demo\video_fragmentation_preview\frame_00012.jpg,-0.032628029584884644
uav_low_poly,data\demo\video_fragmentation_preview\frame_00013.jpg,-0.3655659556388855
uav_low_poly,data\demo\video_fragmentation_preview\frame_00014.jpg,-0.16436228156089783
uav_low_poly,data\demo\video_fragmentation_preview\frame_00015.jpg,0.05406634137034416
uav_low_poly,data\demo\video_fragmentation_preview\frame_00016.jpg,-0.5536227226257324
uav_low_poly,data\demo\video_fragmentation_preview\frame_00017.jpg,-0.4782143235206604
uav_low_poly,data\demo\video_fragmentation_preview\frame_00018.jpg,-0.22207017242908478
uav_low_poly,data\demo\video_fragmentation_preview\frame_00019.jpg,-0.2657324969768524
uav_low_poly,data\demo\video_fragmentation_preview\frame_00020.jpg,-0.05711987614631653
uav_low_poly,data\demo\video_fragmentation_preview\frame_00021.jpg,-0.1742478609085083
uav_low_poly,data\demo\video_fragmentation_preview\frame_00022.jpg,-0.390680730342865
uav_low_poly,data\demo\video_fragmentation_preview\frame_00023.jpg,-0.3761748671531677
uav_low_poly,data\demo\video_fragmentation_preview\frame_00024.jpg,-0.14159037172794342
uav_low_poly,data\demo\video_fragmentation_preview\frame_00025.jpg,0.06593254953622818
uav_low_poly,data\demo\video_fragmentation_preview\frame_00026.jpg,0.05626973509788513
uav_low_poly,data\demo\video_fragmentation_preview\frame_00027.jpg,0.1743094027042389
uav_low_poly,data\demo\video_fragmentation_preview\frame_00028.jpg,0.18123061954975128
uav_low_poly,data\demo\video_fragmentation_preview\frame_00029.jpg,0.08812026679515839
uav_low_poly,data\demo\video_fragmentation_preview\frame_00030.jpg,-0.1368436962366104
uav_low_poly,data\demo\video_fragmentation_preview\frame_00031.jpg,-0.11333392560482025
uav_low_poly,data\demo\video_fragmentation_preview\frame_00034.jpg,-0.2179637998342514
uav_low_poly,data\demo\video_fragmentation_preview\frame_00035.jpg,-0.10452330112457275
uav_low_poly,data\demo\video_fragmentation_preview\frame_00036.jpg,-0.17454926669597626
uav_low_poly,data\demo\video_fragmentation_preview\frame_00037.jpg,-0.1432494819164276
uav_low_poly,data\demo\video_fragmentation_preview\frame_00038.jpg,-0.14419525861740112
uav_low_poly,data\demo\video_fragmentation_preview\frame_00039.jpg,-0.2372560203075409
uav_low_poly,data\demo\video_fragmentation_preview\frame_00040.jpg,-0.05847629904747009
uav_low_poly,data\demo\video_fragmentation_preview\frame_00041.jpg,-0.1973244696855545
uav_low_poly,data\demo\video_fragmentation_preview\frame_00042.jpg,-0.19806711375713348
uav_low_poly,data\demo\video_fragmentation_preview\frame_00043.jpg,-0.2812899947166443
uav_low_poly,data\demo\video_fragmentation_preview\frame_00044.jpg,-0.34981316328048706
uav_low_poly,data\demo\video_fragmentation_preview\frame_00045.jpg,-0.15677380561828613
uav_low_poly,data\demo\video_fragmentation_preview\frame_00046.jpg,-0.23955221474170685
uav_low_poly,data\demo\video_fragmentation_preview\frame_00047.jpg,-0.10864328593015671
uav_low_poly,data\demo\video_fragmentation_preview\frame_00048.jpg,-0.12977157533168793
uav_low_poly,data\demo\video_fragmentation_preview\frame_00049.jpg,-0.14886356890201569
uav_low_poly,data\demo\video_fragmentation_preview\frame_00050.jpg,-0.17384740710258484
uav_low_poly,data\demo\video_fragmentation_preview\frame_00051.jpg,-0.07580778002738953
uav_low_poly,data\demo\video_fragmentation_preview\frame_00052.jpg,-0.22452545166015625
uav_low_poly,data\demo\video_fragmentation_preview\frame_00053.jpg,-0.22568178176879883
uav_low_poly,data\demo\video_fragmentation_preview\frame_00054.jpg,-0.22391903400421143
uav_low_poly,data\demo\video_fragmentation_preview\frame_00055.jpg,-0.26464420557022095
uav_low_poly,data\demo\video_fragmentation_preview\frame_00056.jpg,-0.20979765057563782
uav_low_poly,data\demo\video_fragmentation_preview\frame_00057.jpg,-0.1917206048965454
uav_low_poly,data\demo\video_fragmentation_preview\frame_00058.jpg,-0.3497242331504822
uav_low_poly,data\demo\video_fragmentation_preview\frame_00059.jpg,-0.33346983790397644
uav_low_poly,data\demo\video_fragmentation_preview\frame_00060.jpg,-0.32811057567596436
uav_low_poly,data\demo\video_fragmentation_preview\frame_00061.jpg,-0.32949668169021606
uav_low_poly,data\demo\video_fragmentation_preview\frame_00062.jpg,-0.27003970742225647
uav_low_poly,data\demo\video_fragmentation_preview\frame_00063.jpg,-0.28466394543647766
uav_low_poly,data\demo\video_fragmentation_preview\frame_00064.jpg,-0.23500220477581024
uav_low_poly,data\demo\video_fragmentation_preview\frame_00065.jpg,-0.3053060472011566
uav_low_poly,data\demo\video_fragmentation_preview\frame_00066.jpg,-0.3218475580215454
uav_low_poly,data\demo\video_fragmentation_preview\frame_00067.jpg,-0.39903703331947327
uav_low_poly,data\demo\video_fragmentation_preview\frame_00068.jpg,-0.24572929739952087
uav_low_poly,data\demo\video_fragmentation_preview\frame_00069.jpg,-0.24798241257667542
uav_low_poly,data\demo\video_fragmentation_preview\frame_00070.jpg,-0.21762891113758087
uav_low_poly,data\demo\video_fragmentation_preview\frame_00071.jpg,-0.1533508449792862
uav_strike_drone_2_war_thunder_line_of_contact,data\demo\video_fragmentation_preview\frame_00000.jpg,-0.3172454237937927
uav_strike_drone_2_war_thunder_line_of_contact,data\demo\video_fragmentation_preview\frame_00001.jpg,-0.2252538502216339
uav_strike_drone_2_war_thunder_line_of_contact,data\demo\video_fragmentation_preview\frame_00002.jpg,-0.26933392882347107
uav_strike_drone_2_war_thunder_line_of_contact,data\demo\video_fragmentation_preview\frame_00003.jpg,-0.17234599590301514
uav_strike_drone_2_war_thunder_line_of_contact,data\demo\video_fragmentation_preview\frame_00004.jpg,-0.3103020191192627
uav_strike_drone_2_war_thunder_line_of_contact,data\demo\video_fragmentation_preview\frame_00005.jpg,-0.1901051551103592
uav_strike_drone_2_war_thunder_line_of_contact,data\demo\video_fragmentation_preview\frame_00006.jpg,-0.23086385428905487
uav_strike_drone_2_war_thunder_line_of_contact,data\demo\video_fragmentation_preview\frame_00007.jpg,-0.25101882219314575
uav_strike_drone_2_war_thunder_line_of_contact,data\demo\video_fragmentation_preview\frame_00008.jpg,-0.2561715543270111
uav_strike_drone_2_war_thunder_line_of_contact,data\demo\video_fragmentation_preview\frame_00009.jpg,-0.15687276422977448
uav_strike_drone_2_war_thunder_line_of_contact,data\demo\video_fragmentation_preview\frame_00010.jpg,-0.029984503984451294
uav_strike_drone_2_war_thunder_line_of_contact,data\demo\video_fragmentation_preview\frame_00011.jpg,-0.16544181108474731
uav_strike_drone_2_war_thunder_line_of_contact,data\demo\video_fragmentation_preview\frame_00012.jpg,-0.239291250705719
uav_strike_drone_2_war_thunder_line_of_contact,data\demo\video_fragmentation_preview\frame_00013.jpg,0.2272205948829651
uav_strike_drone_2_war_thunder_line_of_contact,data\demo\video_fragmentation_preview\frame_00014.jpg,-0.07425966113805771
uav_strike_drone_2_war_thunder_line_of_contact,data\demo\video_fragmentation_preview\frame_00015.jpg,-0.2134779691696167
uav_strike_drone_2_war_thunder_line_of_contact,data\demo\video_fragmentation_preview\frame_00016.jpg,0.06776099652051926
uav_strike_drone_2_war_thunder_line_of_contact,data\demo\video_fragmentation_preview\frame_00017.jpg,0.026067011058330536
uav_strike_drone_2_war_thunder_line_of_contact,data\demo\video_fragmentation_preview\frame_00018.jpg,-0.23093892633914948
uav_strike_drone_2_war_thunder_line_of_contact,data\demo\video_fragmentation_preview\frame_00019.jpg,-0.04603132978081703
uav_strike_drone_2_war_thunder_line_of_contact,data\demo\video_fragmentation_preview\frame_00020.jpg,-0.12327989935874939
uav_strike_drone_2_war_thunder_line_of_contact,data\demo\video_fragmentation_preview\frame_00021.jpg,-0.1445171982049942
uav_strike_drone_2_war_thunder_line_of_contact,data\demo\video_fragmentation_preview\frame_00022.jpg,-0.08618666976690292
uav_strike_drone_2_war_thunder_line_of_contact,data\demo\video_fragmentation_preview\frame_00023.jpg,0.03379274159669876
uav_strike_drone_2_war_thunder_line_of_contact,data\demo\video_fragmentation_preview\frame_00024.jpg,0.20236742496490479
uav_strike_drone_2_war_thunder_line_of_contact,data\demo\video_fragmentation_preview\frame_00025.jpg,-0.14624972641468048
uav_strike_drone_2_war_thunder_line_of_contact,data\demo\video_fragmentation_preview\frame_00026.jpg,-0.1521611362695694
uav_strike_drone_2_war_thunder_line_of_contact,data\demo\video_fragmentation_preview\frame_00027.jpg,-0.0753498375415802
uav_strike_drone_2_war_thunder_line_of_contact,data\demo\video_fragmentation_preview\frame_00028.jpg,-0.2100512683391571
uav_strike_drone_2_war_thunder_line_of_contact,data\demo\video_fragmentation_preview\frame_00029.jpg,0.06865347921848297
uav_strike_drone_2_war_thunder_line_of_contact,data\demo\video_fragmentation_preview\frame_00030.jpg,0.0102804284542799
uav_strike_drone_2_war_thunder_line_of_contact,data\demo\video_fragmentation_preview\frame_00031.jpg,-0.09502772986888885
uav_strike_drone_2_war_thunder_line_of_contact,data\demo\video_fragmentation_preview\frame_00034.jpg,-0.41437456011772156
uav_strike_drone_2_war_thunder_line_of_contact,data\demo\video_fragmentation_preview\frame_00035.jpg,-0.404496431350708
uav_strike_drone_2_war_thunder_line_of_contact,data\demo\video_fragmentation_preview\frame_00036.jpg,-0.3532645106315613
uav_strike_drone_2_war_thunder_line_of_contact,data\demo\video_fragmentation_preview\frame_00037.jpg,-0.3743775486946106
uav_strike_drone_2_war_thunder_line_of_contact,data\demo\video_fragmentation_preview\frame_00038.jpg,-0.29700779914855957
uav_strike_drone_2_war_thunder_line_of_contact,data\demo\video_fragmentation_preview\frame_00039.jpg,-0.24327892065048218
uav_strike_drone_2_war_thunder_line_of_contact,data\demo\video_fragmentation_preview\frame_00040.jpg,-0.28932642936706543
uav_strike_drone_2_war_thunder_line_of_contact,data\demo\video_fragmentation_preview\frame_00041.jpg,-0.24821622669696808
uav_strike_drone_2_war_thunder_line_of_contact,data\demo\video_fragmentation_preview\frame_00042.jpg,-0.36318403482437134
uav_strike_drone_2_war_thunder_line_of_contact,data\demo\video_fragmentation_preview\frame_00043.jpg,-0.2773710787296295
uav_strike_drone_2_war_thunder_line_of_contact,data\demo\video_fragmentation_preview\frame_00044.jpg,-0.31848272681236267
uav_strike_drone_2_war_thunder_line_of_contact,data\demo\video_fragmentation_preview\frame_00045.jpg,-0.29214173555374146
uav_strike_drone_2_war_thunder_line_of_contact,data\demo\video_fragmentation_preview\frame_00046.jpg,-0.2278136909008026
uav_strike_drone_2_war_thunder_line_of_contact,data\demo\video_fragmentation_preview\frame_00047.jpg,-0.33790504932403564
uav_strike_drone_2_war_thunder_line_of_contact,data\demo\video_fragmentation_preview\frame_00048.jpg,-0.2823590934276581
uav_strike_drone_2_war_thunder_line_of_contact,data\demo\video_fragmentation_preview\frame_00049.jpg,-0.327852725982666
uav_strike_drone_2_war_thunder_line_of_contact,data\demo\video_fragmentation_preview\frame_00050.jpg,-0.35424041748046875
uav_strike_drone_2_war_thunder_line_of_contact,data\demo\video_fragmentation_preview\frame_00051.jpg,-0.28367695212364197
uav_strike_drone_2_war_thunder_line_of_contact,data\demo\video_fragmentation_preview\frame_00052.jpg,-0.34084552526474
uav_strike_drone_2_war_thunder_line_of_contact,data\demo\video_fragmentation_preview\frame_00053.jpg,-0.1929384171962738
uav_strike_drone_2_war_thunder_line_of_contact,data\demo\video_fragmentation_preview\frame_00054.jpg,-0.22323743999004364
uav_strike_drone_2_war_thunder_line_of_contact,data\demo\video_fragmentation_preview\frame_00055.jpg,-0.2320219874382019
uav_strike_drone_2_war_thunder_line_of_contact,data\demo\video_fragmentation_preview\frame_00056.jpg,-0.3247746229171753
uav_strike_drone_2_war_thunder_line_of_contact,data\demo\video_fragmentation_preview\frame_00057.jpg,-0.31419801712036133
uav_strike_drone_2_war_thunder_line_of_contact,data\demo\video_fragmentation_preview\frame_00058.jpg,-0.3193059265613556
uav_strike_drone_2_war_thunder_line_of_contact,data\demo\video_fragmentation_preview\frame_00059.jpg,0.07161537557840347
uav_strike_drone_2_war_thunder_line_of_contact,data\demo\video_fragmentation_preview\frame_00060.jpg,-0.23956871032714844
uav_strike_drone_2_war_thunder_line_of_contact,data\demo\video_fragmentation_preview\frame_00061.jpg,-0.18022045493125916
uav_strike_drone_2_war_thunder_line_of_contact,data\demo\video_fragmentation_preview\frame_00062.jpg,-0.13381841778755188
uav_strike_drone_2_war_thunder_line_of_contact,data\demo\video_fragmentation_preview\frame_00063.jpg,-0.13992387056350708
uav_strike_drone_2_war_thunder_line_of_contact,data\demo\video_fragmentation_preview\frame_00064.jpg,-0.142293781042099
uav_strike_drone_2_war_thunder_line_of_contact,data\demo\video_fragmentation_preview\frame_00065.jpg,-0.14445310831069946
uav_strike_drone_2_war_thunder_line_of_contact,data\demo\video_fragmentation_preview\frame_00066.jpg,-0.187578022480011
uav_strike_drone_2_war_thunder_line_of_contact,data\demo\video_fragmentation_preview\frame_00067.jpg,-0.23197977244853973
uav_strike_drone_2_war_thunder_line_of_contact,data\demo\video_fragmentation_preview\frame_00068.jpg,-0.2599383294582367
uav_strike_drone_2_war_thunder_line_of_contact,data\demo\video_fragmentation_preview\frame_00069.jpg,-0.22429193556308746
uav_strike_drone_2_war_thunder_line_of_contact,data\demo\video_fragmentation_preview\frame_00070.jpg,-0.25367793440818787
uav_strike_drone_2_war_thunder_line_of_contact,data\demo\video_fragmentation_preview\frame_00071.jpg,-0.26079466938972473
uj-32_lastvika_uav,data\demo\video_fragmentation_preview\frame_00000.jpg,-0.5281172394752502
uj-32_lastvika_uav,data\demo\video_fragmentation_preview\frame_00001.jpg,-0.4912131428718567
uj-32_lastvika_uav,data\demo\video_fragmentation_preview\frame_00002.jpg,-0.4471297860145569
uj-32_lastvika_uav,data\demo\video_fragmentation_preview\frame_00003.jpg,-0.573180079460144
uj-32_lastvika_uav,data\demo\video_fragmentation_preview\frame_00004.jpg,-0.4445391297340393
uj-32_lastvika_uav,data\demo\video_fragmentation_preview\frame_00005.jpg,-0.4707115888595581
uj-32_lastvika_uav,data\demo\video_fragmentation_preview\frame_00006.jpg,-0.21458378434181213
uj-32_lastvika_uav,data\demo\video_fragmentation_preview\frame_00007.jpg,-0.23408788442611694
uj-32_lastvika_uav,data\demo\video_fragmentation_preview\frame_00008.jpg,-0.29065850377082825
uj-32_lastvika_uav,data\demo\video_fragmentation_preview\frame_00009.jpg,-0.31576529145240784
uj-32_lastvika_uav,data\demo\video_fragmentation_preview\frame_00010.jpg,-0.505078911781311
uj-32_lastvika_uav,data\demo\video_fragmentation_preview\frame_00011.jpg,-0.34742480516433716
uj-32_lastvika_uav,data\demo\video_fragmentation_preview\frame_00012.jpg,-0.14790445566177368
uj-32_lastvika_uav,data\demo\video_fragmentation_preview\frame_00013.jpg,-0.14378002285957336
uj-32_lastvika_uav,data\demo\video_fragmentation_preview\frame_00014.jpg,-0.04008125141263008
uj-32_lastvika_uav,data\demo\video_fragmentation_preview\frame_00015.jpg,0.24379894137382507
uj-32_lastvika_uav,data\demo\video_fragmentation_preview\frame_00016.jpg,-0.1324371099472046
uj-32_lastvika_uav,data\demo\video_fragmentation_preview\frame_00017.jpg,-0.1507452428340912
uj-32_lastvika_uav,data\demo\video_fragmentation_preview\frame_00018.jpg,0.08438592404127121
uj-32_lastvika_uav,data\demo\video_fragmentation_preview\frame_00019.jpg,-0.0805329978466034
uj-32_lastvika_uav,data\demo\video_fragmentation_preview\frame_00020.jpg,-0.25244706869125366
uj-32_lastvika_uav,data\demo\video_fragmentation_preview\frame_00021.jpg,-0.3262341320514679
uj-32_lastvika_uav,data\demo\video_fragmentation_preview\frame_00022.jpg,-0.4056698977947235
uj-32_lastvika_uav,data\demo\video_fragmentation_preview\frame_00023.jpg,-0.27773359417915344
uj-32_lastvika_uav,data\demo\video_fragmentation_preview\frame_00024.jpg,-0.34934836626052856
uj-32_lastvika_uav,data\demo\video_fragmentation_preview\frame_00025.jpg,-0.31655174493789673
uj-32_lastvika_uav,data\demo\video_fragmentation_preview\frame_00026.jpg,-0.28977876901626587
uj-32_lastvika_uav,data\demo\video_fragmentation_preview\frame_00027.jpg,-0.19457799196243286
uj-32_lastvika_uav,data\demo\video_fragmentation_preview\frame_00028.jpg,-0.3852818012237549
uj-32_lastvika_uav,data\demo\video_fragmentation_preview\frame_00029.jpg,-0.45839008688926697
uj-32_lastvika_uav,data\demo\video_fragmentation_preview\frame_00030.jpg,-0.5604445338249207
uj-32_lastvika_uav,data\demo\video_fragmentation_preview\frame_00031.jpg,-0.5077401399612427
uj-32_lastvika_uav,data\demo\video_fragmentation_preview\frame_00034.jpg,-0.3858375549316406
uj-32_lastvika_uav,data\demo\video_fragmentation_preview\frame_00035.jpg,-0.3283323049545288
uj-32_lastvika_uav,data\demo\video_fragmentation_preview\frame_00036.jpg,-0.36294835805892944
uj-32_lastvika_uav,data\demo\video_fragmentation_preview\frame_00037.jpg,-0.3496928811073303
uj-32_lastvika_uav,data\demo\video_fragmentation_preview\frame_00038.jpg,-0.31484532356262207
uj-32_lastvika_uav,data\demo\video_fragmentation_preview\frame_00039.jpg,-0.3729427456855774
uj-32_lastvika_uav,data\demo\video_fragmentation_preview\frame_00040.jpg,-0.33627641201019287
uj-32_lastvika_uav,data\demo\video_fragmentation_preview\frame_00041.jpg,-0.27960678935050964
uj-32_lastvika_uav,data\demo\video_fragmentation_preview\frame_00042.jpg,-0.3240284323692322
uj-32_lastvika_uav,data\demo\video_fragmentation_preview\frame_00043.jpg,-0.3740912079811096
uj-32_lastvika_uav,data\demo\video_fragmentation_preview\frame_00044.jpg,-0.19527935981750488
uj-32_lastvika_uav,data\demo\video_fragmentation_preview\frame_00045.jpg,-0.3182979226112366
uj-32_lastvika_uav,data\demo\video_fragmentation_preview\frame_00046.jpg,-0.22191841900348663
uj-32_lastvika_uav,data\demo\video_fragmentation_preview\frame_00047.jpg,-0.2605869770050049
uj-32_lastvika_uav,data\demo\video_fragmentation_preview\frame_00048.jpg,-0.30034634470939636
uj-32_lastvika_uav,data\demo\video_fragmentation_preview\frame_00049.jpg,-0.347304105758667
uj-32_lastvika_uav,data\demo\video_fragmentation_preview\frame_00050.jpg,-0.34982648491859436
uj-32_lastvika_uav,data\demo\video_fragmentation_preview\frame_00051.jpg,-0.20804452896118164
uj-32_lastvika_uav,data\demo\video_fragmentation_preview\frame_00052.jpg,-0.23092205822467804
uj-32_lastvika_uav,data\demo\video_fragmentation_preview\frame_00053.jpg,-0.33199459314346313
uj-32_lastvika_uav,data\demo\video_fragmentation_preview\frame_00054.jpg,-0.4483815133571625
uj-32_lastvika_uav,data\demo\video_fragmentation_preview\frame_00055.jpg,-0.41986894607543945
uj-32_lastvika_uav,data\demo\video_fragmentation_preview\frame_00056.jpg,-0.3726978302001953
uj-32_lastvika_uav,data\demo\video_fragmentation_preview\frame_00057.jpg,-0.3551165461540222
uj-32_lastvika_uav,data\demo\video_fragmentation_preview\frame_00058.jpg,-0.48266780376434326
uj-32_lastvika_uav,data\demo\video_fragmentation_preview\frame_00059.jpg,-0.5285583138465881
uj-32_lastvika_uav,data\demo\video_fragmentation_preview\frame_00060.jpg,-0.357482373714447
uj-32_lastvika_uav,data\demo\video_fragmentation_preview\frame_00061.jpg,-0.2962765693664551
uj-32_lastvika_uav,data\demo\video_fragmentation_preview\frame_00062.jpg,-0.26340654492378235
uj-32_lastvika_uav,data\demo\video_fragmentation_preview\frame_00063.jpg,-0.2657308578491211
uj-32_lastvika_uav,data\demo\video_fragmentation_preview\frame_00064.jpg,-0.28611892461776733
uj-32_lastvika_uav,data\demo\video_fragmentation_preview\frame_00065.jpg,-0.3101058900356293
uj-32_lastvika_uav,data\demo\video_fragmentation_preview\frame_00066.jpg,-0.28581202030181885
uj-32_lastvika_uav,data\demo\video_fragmentation_preview\frame_00067.jpg,-0.2987394332885742
uj-32_lastvika_uav,data\demo\video_fragmentation_preview\frame_00068.jpg,-0.5996454358100891
uj-32_lastvika_uav,data\demo\video_fragmentation_preview\frame_00069.jpg,-0.6045523881912231
uj-32_lastvika_uav,data\demo\video_fragmentation_preview\frame_00070.jpg,-0.6141893267631531
uj-32_lastvika_uav,data\demo\video_fragmentation_preview\frame_00071.jpg,-0.5690652132034302
Ukraine_pavilion,data\demo\video_fragmentation_preview\frame_00000.jpg,-0.1316121518611908
Ukraine_pavilion,data\demo\video_fragmentation_preview\frame_00001.jpg,-0.087868832051754
Ukraine_pavilion,data\demo\video_fragmentation_preview\frame_00002.jpg,-0.12899714708328247
Ukraine_pavilion,data\demo\video_fragmentation_preview\frame_00003.jpg,-0.09371369332075119
Ukraine_pavilion,data\demo\video_fragmentation_preview\frame_00004.jpg,-0.13881658017635345
Ukraine_pavilion,data\demo\video_fragmentation_preview\frame_00005.jpg,-0.06535056233406067
Ukraine_pavilion,data\demo\video_fragmentation_preview\frame_00006.jpg,-0.06641858071088791
Ukraine_pavilion,data\demo\video_fragmentation_preview\frame_00007.jpg,-0.02591588720679283
Ukraine_pavilion,data\demo\video_fragmentation_preview\frame_00008.jpg,-0.07539314776659012
Ukraine_pavilion,data\demo\video_fragmentation_preview\frame_00009.jpg,-0.1432490348815918
Ukraine_pavilion,data\demo\video_fragmentation_preview\frame_00010.jpg,-0.1221357062458992
Ukraine_pavilion,data\demo\video_fragmentation_preview\frame_00011.jpg,-0.10354418307542801
Ukraine_pavilion,data\demo\video_fragmentation_preview\frame_00012.jpg,-0.07664290070533752
Ukraine_pavilion,data\demo\video_fragmentation_preview\frame_00013.jpg,-0.2041097730398178
Ukraine_pavilion,data\demo\video_fragmentation_preview\frame_00014.jpg,-0.2571868300437927
Ukraine_pavilion,data\demo\video_fragmentation_preview\frame_00015.jpg,-0.2428596019744873
Ukraine_pavilion,data\demo\video_fragmentation_preview\frame_00016.jpg,-0.225149005651474
Ukraine_pavilion,data\demo\video_fragmentation_preview\frame_00017.jpg,-0.25450459122657776
Ukraine_pavilion,data\demo\video_fragmentation_preview\frame_00018.jpg,-0.20153039693832397
Ukraine_pavilion,data\demo\video_fragmentation_preview\frame_00019.jpg,-0.2165270894765854
Ukraine_pavilion,data\demo\video_fragmentation_preview\frame_00020.jpg,-0.14302697777748108
Ukraine_pavilion,data\demo\video_fragmentation_preview\frame_00021.jpg,-0.0413665734231472
Ukraine_pavilion,data\demo\video_fragmentation_preview\frame_00022.jpg,-0.13900867104530334
Ukraine_pavilion,data\demo\video_fragmentation_preview\frame_00023.jpg,-0.1540958732366562
Ukraine_pavilion,data\demo\video_fragmentation_preview\frame_00024.jpg,-0.1703866869211197
Ukraine_pavilion,data\demo\video_fragmentation_preview\frame_00025.jpg,-0.01656314730644226
Ukraine_pavilion,data\demo\video_fragmentation_preview\frame_00026.jpg,-0.038409046828746796
Ukraine_pavilion,data\demo\video_fragmentation_preview\frame_00027.jpg,-0.06506668031215668
Ukraine_pavilion,data\demo\video_fragmentation_preview\frame_00028.jpg,0.0005203597247600555
Ukraine_pavilion,data\demo\video_fragmentation_preview\frame_00029.jpg,-0.05431954935193062
Ukraine_pavilion,data\demo\video_fragmentation_preview\frame_00030.jpg,-0.022506415843963623
Ukraine_pavilion,data\demo\video_fragmentation_preview\frame_00031.jpg,0.02955414354801178
Ukraine_pavilion,data\demo\video_fragmentation_preview\frame_00034.jpg,0.38373851776123047
Ukraine_pavilion,data\demo\video_fragmentation_preview\frame_00035.jpg,0.3666813373565674
Ukraine_pavilion,data\demo\video_fragmentation_preview\frame_00036.jpg,0.31041133403778076
Ukraine_pavilion,data\demo\video_fragmentation_preview\frame_00037.jpg,0.1593761444091797
Ukraine_pavilion,data\demo\video_fragmentation_preview\frame_00038.jpg,-0.021164797246456146
Ukraine_pavilion,data\demo\video_fragmentation_preview\frame_00039.jpg,0.0896938368678093
Ukraine_pavilion,data\demo\video_fragmentation_preview\frame_00040.jpg,0.0695992261171341
Ukraine_pavilion,data\demo\video_fragmentation_preview\frame_00041.jpg,0.005488637834787369
Ukraine_pavilion,data\demo\video_fragmentation_preview\frame_00042.jpg,0.20523834228515625
Ukraine_pavilion,data\demo\video_fragmentation_preview\frame_00043.jpg,0.061455126851797104
Ukraine_pavilion,data\demo\video_fragmentation_preview\frame_00044.jpg,0.19012251496315002
Ukraine_pavilion,data\demo\video_fragmentation_preview\frame_00045.jpg,0.1442646086215973
Ukraine_pavilion,data\demo\video_fragmentation_preview\frame_00046.jpg,0.1784529834985733
Ukraine_pavilion,data\demo\video_fragmentation_preview\frame_00047.jpg,0.1178649440407753
Ukraine_pavilion,data\demo\video_fragmentation_preview\frame_00048.jpg,0.13089947402477264
Ukraine_pavilion,data\demo\video_fragmentation_preview\frame_00049.jpg,0.18533188104629517
Ukraine_pavilion,data\demo\video_fragmentation_preview\frame_00050.jpg,0.1512972116470337
Ukraine_pavilion,data\demo\video_fragmentation_preview\frame_00051.jpg,0.1542360782623291
Ukraine_pavilion,data\demo\video_fragmentation_preview\frame_00052.jpg,0.2010103166103363
Ukraine_pavilion,data\demo\video_fragmentation_preview\frame_00053.jpg,0.05309116095304489
Ukraine_pavilion,data\demo\video_fragmentation_preview\frame_00054.jpg,0.1429816335439682
Ukraine_pavilion,data\demo\video_fragmentation_preview\frame_00055.jpg,0.11887985467910767
Ukraine_pavilion,data\demo\video_fragmentation_preview\frame_00056.jpg,0.21575377881526947
Ukraine_pavilion,data\demo\video_fragmentation_preview\frame_00057.jpg,0.15876469016075134
Ukraine_pavilion,data\demo\video_fragmentation_preview\frame_00058.jpg,0.12755240499973297
Ukraine_pavilion,data\demo\video_fragmentation_preview\frame_00059.jpg,0.007213976234197617
Ukraine_pavilion,data\demo\video_fragmentation_preview\frame_00060.jpg,-0.006849255412817001
Ukraine_pavilion,data\demo\video_fragmentation_preview\frame_00061.jpg,0.020072314888238907
Ukraine_pavilion,data\demo\video_fragmentation_preview\frame_00062.jpg,-0.0023538614623248577
Ukraine_pavilion,data\demo\video_fragmentation_preview\frame_00063.jpg,-0.010144809260964394
Ukraine_pavilion,data\demo\video_fragmentation_preview\frame_00064.jpg,0.059714943170547485
Ukraine_pavilion,data\demo\video_fragmentation_preview\frame_00065.jpg,0.024585790932178497
Ukraine_pavilion,data\demo\video_fragmentation_preview\frame_00066.jpg,0.03868092596530914
Ukraine_pavilion,data\demo\video_fragmentation_preview\frame_00067.jpg,0.08132573217153549
Ukraine_pavilion,data\demo\video_fragmentation_preview\frame_00068.jpg,-0.04495943710207939
Ukraine_pavilion,data\demo\video_fragmentation_preview\frame_00069.jpg,-0.04528267681598663
Ukraine_pavilion,data\demo\video_fragmentation_preview\frame_00070.jpg,-0.0203043594956398
Ukraine_pavilion,data\demo\video_fragmentation_preview\frame_00071.jpg,-0.03216254711151123
Ukraine_pavilion_2,data\demo\video_fragmentation_preview\frame_00000.jpg,-0.1535883992910385
Ukraine_pavilion_2,data\demo\video_fragmentation_preview\frame_00001.jpg,-0.12495461106300354
Ukraine_pavilion_2,data\demo\video_fragmentation_preview\frame_00002.jpg,-0.153740793466568
Ukraine_pavilion_2,data\demo\video_fragmentation_preview\frame_00003.jpg,-0.14324772357940674
Ukraine_pavilion_2,data\demo\video_fragmentation_preview\frame_00004.jpg,-0.17108796536922455
Ukraine_pavilion_2,data\demo\video_fragmentation_preview\frame_00005.jpg,-0.0937303826212883
Ukraine_pavilion_2,data\demo\video_fragmentation_preview\frame_00006.jpg,-0.05970388650894165
Ukraine_pavilion_2,data\demo\video_fragmentation_preview\frame_00007.jpg,-0.03487744182348251
Ukraine_pavilion_2,data\demo\video_fragmentation_preview\frame_00008.jpg,-0.09181720018386841
Ukraine_pavilion_2,data\demo\video_fragmentation_preview\frame_00009.jpg,-0.14912337064743042
Ukraine_pavilion_2,data\demo\video_fragmentation_preview\frame_00010.jpg,-0.14384937286376953
Ukraine_pavilion_2,data\demo\video_fragmentation_preview\frame_00011.jpg,-0.1265149563550949
Ukraine_pavilion_2,data\demo\video_fragmentation_preview\frame_00012.jpg,-0.07910966128110886
Ukraine_pavilion_2,data\demo\video_fragmentation_preview\frame_00013.jpg,-0.17833471298217773
Ukraine_pavilion_2,data\demo\video_fragmentation_preview\frame_00014.jpg,-0.23887500166893005
Ukraine_pavilion_2,data\demo\video_fragmentation_preview\frame_00015.jpg,-0.21278558671474457
Ukraine_pavilion_2,data\demo\video_fragmentation_preview\frame_00016.jpg,-0.19379206001758575
Ukraine_pavilion_2,data\demo\video_fragmentation_preview\frame_00017.jpg,-0.22933658957481384
Ukraine_pavilion_2,data\demo\video_fragmentation_preview\frame_00018.jpg,-0.16295312345027924
Ukraine_pavilion_2,data\demo\video_fragmentation_preview\frame_00019.jpg,-0.1925118863582611
Ukraine_pavilion_2,data\demo\video_fragmentation_preview\frame_00020.jpg,-0.16214042901992798
Ukraine_pavilion_2,data\demo\video_fragmentation_preview\frame_00021.jpg,-0.05776841565966606
Ukraine_pavilion_2,data\demo\video_fragmentation_preview\frame_00022.jpg,-0.14028944075107574
Ukraine_pavilion_2,data\demo\video_fragmentation_preview\frame_00023.jpg,-0.14056463539600372
Ukraine_pavilion_2,data\demo\video_fragmentation_preview\frame_00024.jpg,-0.19413627684116364
Ukraine_pavilion_2,data\demo\video_fragmentation_preview\frame_00025.jpg,-0.05148644372820854
Ukraine_pavilion_2,data\demo\video_fragmentation_preview\frame_00026.jpg,-0.06380433589220047
Ukraine_pavilion_2,data\demo\video_fragmentation_preview\frame_00027.jpg,-0.09033797681331635
Ukraine_pavilion_2,data\demo\video_fragmentation_preview\frame_00028.jpg,-0.04973283037543297
Ukraine_pavilion_2,data\demo\video_fragmentation_preview\frame_00029.jpg,-0.10238145291805267
Ukraine_pavilion_2,data\demo\video_fragmentation_preview\frame_00030.jpg,-0.06459440290927887
Ukraine_pavilion_2,data\demo\video_fragmentation_preview\frame_00031.jpg,-0.011594638228416443
Ukraine_pavilion_2,data\demo\video_fragmentation_preview\frame_00034.jpg,0.3733193278312683
Ukraine_pavilion_2,data\demo\video_fragmentation_preview\frame_00035.jpg,0.3512418270111084
Ukraine_pavilion_2,data\demo\video_fragmentation_preview\frame_00036.jpg,0.297400563955307
Ukraine_pavilion_2,data\demo\video_fragmentation_preview\frame_00037.jpg,0.14347253739833832
Ukraine_pavilion_2,data\demo\video_fragmentation_preview\frame_00038.jpg,-0.03953412175178528
Ukraine_pavilion_2,data\demo\video_fragmentation_preview\frame_00039.jpg,0.07320493459701538
Ukraine_pavilion_2,data\demo\video_fragmentation_preview\frame_00040.jpg,0.039970628917217255
Ukraine_pavilion_2,data\demo\video_fragmentation_preview\frame_00041.jpg,0.0028626397252082825
Ukraine_pavilion_2,data\demo\video_fragmentation_preview\frame_00042.jpg,0.19516175985336304
Ukraine_pavilion_2,data\demo\video_fragmentation_preview\frame_00043.jpg,0.05111072584986687
Ukraine_pavilion_2,data\demo\video_fragmentation_preview\frame_00044.jpg,0.21007147431373596
Ukraine_pavilion_2,data\demo\video_fragmentation_preview\frame_00045.jpg,0.12720078229904175
Ukraine_pavilion_2,data\demo\video_fragmentation_preview\frame_00046.jpg,0.17939123511314392
Ukraine_pavilion_2,data\demo\video_fragmentation_preview\frame_00047.jpg,0.10425089299678802
Ukraine_pavilion_2,data\demo\video_fragmentation_preview\frame_00048.jpg,0.11792109906673431
Ukraine_pavilion_2,data\demo\video_fragmentation_preview\frame_00049.jpg,0.1670582890510559
Ukraine_pavilion_2,data\demo\video_fragmentation_preview\frame_00050.jpg,0.13349536061286926
Ukraine_pavilion_2,data\demo\video_fragmentation_preview\frame_00051.jpg,0.1412331759929657
Ukraine_pavilion_2,data\demo\video_fragmentation_preview\frame_00052.jpg,0.20812755823135376
Ukraine_pavilion_2,data\demo\video_fragmentation_preview\frame_00053.jpg,0.032957009971141815
Ukraine_pavilion_2,data\demo\video_fragmentation_preview\frame_00054.jpg,0.11462061107158661
Ukraine_pavilion_2,data\demo\video_fragmentation_preview\frame_00055.jpg,0.1008659154176712
Ukraine_pavilion_2,data\demo\video_fragmentation_preview\frame_00056.jpg,0.19799946248531342
Ukraine_pavilion_2,data\demo\video_fragmentation_preview\frame_00057.jpg,0.13956476747989655
Ukraine_pavilion_2,data\demo\video_fragmentation_preview\frame_00058.jpg,0.10719218105077744
Ukraine_pavilion_2,data\demo\video_fragmentation_preview\frame_00059.jpg,-0.013084924779832363
Ukraine_pavilion_2,data\demo\video_fragmentation_preview\frame_00060.jpg,-0.014246292412281036
Ukraine_pavilion_2,data\demo\video_fragmentation_preview\frame_00061.jpg,0.02083541452884674
Ukraine_pavilion_2,data\demo\video_fragmentation_preview\frame_00062.jpg,-0.0013644383288919926
Ukraine_pavilion_2,data\demo\video_fragmentation_preview\frame_00063.jpg,-0.015778468921780586
Ukraine_pavilion_2,data\demo\video_fragmentation_preview\frame_00064.jpg,0.052824873477220535
Ukraine_pavilion_2,data\demo\video_fragmentation_preview\frame_00065.jpg,0.01942421868443489
Ukraine_pavilion_2,data\demo\video_fragmentation_preview\frame_00066.jpg,0.04529744014143944
Ukraine_pavilion_2,data\demo\video_fragmentation_preview\frame_00067.jpg,0.09748879075050354
Ukraine_pavilion_2,data\demo\video_fragmentation_preview\frame_00068.jpg,-0.07589302957057953
Ukraine_pavilion_2,data\demo\video_fragmentation_preview\frame_00069.jpg,-0.07693866640329361
Ukraine_pavilion_2,data\demo\video_fragmentation_preview\frame_00070.jpg,-0.0569288544356823
Ukraine_pavilion_2,data\demo\video_fragmentation_preview\frame_00071.jpg,-0.06851288676261902
Ukraine_PD-2_UAV,data\demo\video_fragmentation_preview\frame_00000.jpg,-0.056118160486221313
Ukraine_PD-2_UAV,data\demo\video_fragmentation_preview\frame_00001.jpg,0.0062106577679514885
Ukraine_PD-2_UAV,data\demo\video_fragmentation_preview\frame_00002.jpg,-0.04999149963259697
Ukraine_PD-2_UAV,data\demo\video_fragmentation_preview\frame_00003.jpg,0.004754954017698765
Ukraine_PD-2_UAV,data\demo\video_fragmentation_preview\frame_00004.jpg,-0.047115571796894073
Ukraine_PD-2_UAV,data\demo\video_fragmentation_preview\frame_00005.jpg,0.013861536979675293
Ukraine_PD-2_UAV,data\demo\video_fragmentation_preview\frame_00006.jpg,-0.015795107930898666
Ukraine_PD-2_UAV,data\demo\video_fragmentation_preview\frame_00007.jpg,0.03770614042878151
Ukraine_PD-2_UAV,data\demo\video_fragmentation_preview\frame_00008.jpg,-0.00951418001204729
Ukraine_PD-2_UAV,data\demo\video_fragmentation_preview\frame_00009.jpg,-0.0904364287853241
Ukraine_PD-2_UAV,data\demo\video_fragmentation_preview\frame_00010.jpg,-0.060134753584861755
Ukraine_PD-2_UAV,data\demo\video_fragmentation_preview\frame_00011.jpg,-0.036923252046108246
Ukraine_PD-2_UAV,data\demo\video_fragmentation_preview\frame_00012.jpg,-0.024943843483924866
Ukraine_PD-2_UAV,data\demo\video_fragmentation_preview\frame_00013.jpg,-0.19017444550991058
Ukraine_PD-2_UAV,data\demo\video_fragmentation_preview\frame_00014.jpg,-0.24242261052131653
Ukraine_PD-2_UAV,data\demo\video_fragmentation_preview\frame_00015.jpg,-0.24742215871810913
Ukraine_PD-2_UAV,data\demo\video_fragmentation_preview\frame_00016.jpg,-0.24831533432006836
Ukraine_PD-2_UAV,data\demo\video_fragmentation_preview\frame_00017.jpg,-0.26639583706855774
Ukraine_PD-2_UAV,data\demo\video_fragmentation_preview\frame_00018.jpg,-0.21532170474529266
Ukraine_PD-2_UAV,data\demo\video_fragmentation_preview\frame_00019.jpg,-0.20676638185977936
Ukraine_PD-2_UAV,data\demo\video_fragmentation_preview\frame_00020.jpg,-0.08537200838327408
Ukraine_PD-2_UAV,data\demo\video_fragmentation_preview\frame_00021.jpg,0.013276897370815277
Ukraine_PD-2_UAV,data\demo\video_fragmentation_preview\frame_00022.jpg,-0.10036516934633255
Ukraine_PD-2_UAV,data\demo\video_fragmentation_preview\frame_00023.jpg,-0.13879990577697754
Ukraine_PD-2_UAV,data\demo\video_fragmentation_preview\frame_00024.jpg,-0.120198555290699
Ukraine_PD-2_UAV,data\demo\video_fragmentation_preview\frame_00025.jpg,0.05412546545267105
Ukraine_PD-2_UAV,data\demo\video_fragmentation_preview\frame_00026.jpg,0.02270793914794922
Ukraine_PD-2_UAV,data\demo\video_fragmentation_preview\frame_00027.jpg,-0.006281808018684387
Ukraine_PD-2_UAV,data\demo\video_fragmentation_preview\frame_00028.jpg,0.08816458284854889
Ukraine_PD-2_UAV,data\demo\video_fragmentation_preview\frame_00029.jpg,0.019726991653442383
Ukraine_PD-2_UAV,data\demo\video_fragmentation_preview\frame_00030.jpg,0.034994982182979584
Ukraine_PD-2_UAV,data\demo\video_fragmentation_preview\frame_00031.jpg,0.08839690685272217
Ukraine_PD-2_UAV,data\demo\video_fragmentation_preview\frame_00034.jpg,0.4538344442844391
Ukraine_PD-2_UAV,data\demo\video_fragmentation_preview\frame_00035.jpg,0.4403354525566101
Ukraine_PD-2_UAV,data\demo\video_fragmentation_preview\frame_00036.jpg,0.3835948705673218
Ukraine_PD-2_UAV,data\demo\video_fragmentation_preview\frame_00037.jpg,0.2395995706319809
Ukraine_PD-2_UAV,data\demo\video_fragmentation_preview\frame_00038.jpg,0.04633959382772446
Ukraine_PD-2_UAV,data\demo\video_fragmentation_preview\frame_00039.jpg,0.15186530351638794
Ukraine_PD-2_UAV,data\demo\video_fragmentation_preview\frame_00040.jpg,0.14816206693649292
Ukraine_PD-2_UAV,data\demo\video_fragmentation_preview\frame_00041.jpg,0.05815805494785309
Ukraine_PD-2_UAV,data\demo\video_fragmentation_preview\frame_00042.jpg,0.2601434588432312
Ukraine_PD-2_UAV,data\demo\video_fragmentation_preview\frame_00043.jpg,0.12204563617706299
Ukraine_PD-2_UAV,data\demo\video_fragmentation_preview\frame_00044.jpg,0.21330758929252625
Ukraine_PD-2_UAV,data\demo\video_fragmentation_preview\frame_00045.jpg,0.21087655425071716
Ukraine_PD-2_UAV,data\demo\video_fragmentation_preview\frame_00046.jpg,0.21713879704475403
Ukraine_PD-2_UAV,data\demo\video_fragmentation_preview\frame_00047.jpg,0.1776425838470459
Ukraine_PD-2_UAV,data\demo\video_fragmentation_preview\frame_00048.jpg,0.19359953701496124
Ukraine_PD-2_UAV,data\demo\video_fragmentation_preview\frame_00049.jpg,0.2555752396583557
Ukraine_PD-2_UAV,data\demo\video_fragmentation_preview\frame_00050.jpg,0.2184574007987976
Ukraine_PD-2_UAV,data\demo\video_fragmentation_preview\frame_00051.jpg,0.21219289302825928
Ukraine_PD-2_UAV,data\demo\video_fragmentation_preview\frame_00052.jpg,0.2343730479478836
Ukraine_PD-2_UAV,data\demo\video_fragmentation_preview\frame_00053.jpg,0.11462907493114471
Ukraine_PD-2_UAV,data\demo\video_fragmentation_preview\frame_00054.jpg,0.2170889675617218
Ukraine_PD-2_UAV,data\demo\video_fragmentation_preview\frame_00055.jpg,0.1801610141992569
Ukraine_PD-2_UAV,data\demo\video_fragmentation_preview\frame_00056.jpg,0.27235910296440125
Ukraine_PD-2_UAV,data\demo\video_fragmentation_preview\frame_00057.jpg,0.21938249468803406
Ukraine_PD-2_UAV,data\demo\video_fragmentation_preview\frame_00058.jpg,0.18883684277534485
Ukraine_PD-2_UAV,data\demo\video_fragmentation_preview\frame_00059.jpg,0.08410406857728958
Ukraine_PD-2_UAV,data\demo\video_fragmentation_preview\frame_00060.jpg,0.052596013993024826
Ukraine_PD-2_UAV,data\demo\video_fragmentation_preview\frame_00061.jpg,0.06975621730089188
Ukraine_PD-2_UAV,data\demo\video_fragmentation_preview\frame_00062.jpg,0.05106282979249954
Ukraine_PD-2_UAV,data\demo\video_fragmentation_preview\frame_00063.jpg,0.04092734307050705
Ukraine_PD-2_UAV,data\demo\video_fragmentation_preview\frame_00064.jpg,0.1190442368388176
Ukraine_PD-2_UAV,data\demo\video_fragmentation_preview\frame_00065.jpg,0.0806388109922409
Ukraine_PD-2_UAV,data\demo\video_fragmentation_preview\frame_00066.jpg,0.09162114560604095
Ukraine_PD-2_UAV,data\demo\video_fragmentation_preview\frame_00067.jpg,0.12154962867498398
Ukraine_PD-2_UAV,data\demo\video_fragmentation_preview\frame_00068.jpg,0.053979940712451935
Ukraine_PD-2_UAV,data\demo\video_fragmentation_preview\frame_00069.jpg,0.04824453219771385
Ukraine_PD-2_UAV,data\demo\video_fragmentation_preview\frame_00070.jpg,0.08265123516321182
Ukraine_PD-2_UAV,data\demo\video_fragmentation_preview\frame_00071.jpg,0.07203001528978348
Ukraine_poseidon,data\demo\video_fragmentation_preview\frame_00000.jpg,-0.15046270191669464
Ukraine_poseidon,data\demo\video_fragmentation_preview\frame_00001.jpg,-0.12116450071334839
Ukraine_poseidon,data\demo\video_fragmentation_preview\frame_00002.jpg,-0.15146836638450623
Ukraine_poseidon,data\demo\video_fragmentation_preview\frame_00003.jpg,-0.1395133137702942
Ukraine_poseidon,data\demo\video_fragmentation_preview\frame_00004.jpg,-0.16429193317890167
Ukraine_poseidon,data\demo\video_fragmentation_preview\frame_00005.jpg,-0.09369631111621857
Ukraine_poseidon,data\demo\video_fragmentation_preview\frame_00006.jpg,-0.05470476299524307
Ukraine_poseidon,data\demo\video_fragmentation_preview\frame_00007.jpg,-0.032191574573516846
Ukraine_poseidon,data\demo\video_fragmentation_preview\frame_00008.jpg,-0.09350961446762085
Ukraine_poseidon,data\demo\video_fragmentation_preview\frame_00009.jpg,-0.1545553058385849
Ukraine_poseidon,data\demo\video_fragmentation_preview\frame_00010.jpg,-0.14622224867343903
Ukraine_poseidon,data\demo\video_fragmentation_preview\frame_00011.jpg,-0.12446573376655579
Ukraine_poseidon,data\demo\video_fragmentation_preview\frame_00012.jpg,-0.08029410243034363
Ukraine_poseidon,data\demo\video_fragmentation_preview\frame_00013.jpg,-0.18270552158355713
Ukraine_poseidon,data\demo\video_fragmentation_preview\frame_00014.jpg,-0.2375267744064331
Ukraine_poseidon,data\demo\video_fragmentation_preview\frame_00015.jpg,-0.20963595807552338
Ukraine_poseidon,data\demo\video_fragmentation_preview\frame_00016.jpg,-0.19569353759288788
Ukraine_poseidon,data\demo\video_fragmentation_preview\frame_00017.jpg,-0.23159468173980713
Ukraine_poseidon,data\demo\video_fragmentation_preview\frame_00018.jpg,-0.16282090544700623
Ukraine_poseidon,data\demo\video_fragmentation_preview\frame_00019.jpg,-0.1920992136001587
Ukraine_poseidon,data\demo\video_fragmentation_preview\frame_00020.jpg,-0.1510208547115326
Ukraine_poseidon,data\demo\video_fragmentation_preview\frame_00021.jpg,-0.04537826403975487
Ukraine_poseidon,data\demo\video_fragmentation_preview\frame_00022.jpg,-0.12854333221912384
Ukraine_poseidon,data\demo\video_fragmentation_preview\frame_00023.jpg,-0.13193374872207642
Ukraine_poseidon,data\demo\video_fragmentation_preview\frame_00024.jpg,-0.18171772360801697
Ukraine_poseidon,data\demo\video_fragmentation_preview\frame_00025.jpg,-0.03296695649623871
Ukraine_poseidon,data\demo\video_fragmentation_preview\frame_00026.jpg,-0.04258277267217636
Ukraine_poseidon,data\demo\video_fragmentation_preview\frame_00027.jpg,-0.06841237097978592
Ukraine_poseidon,data\demo\video_fragmentation_preview\frame_00028.jpg,-0.025002371519804
Ukraine_poseidon,data\demo\video_fragmentation_preview\frame_00029.jpg,-0.08000704646110535
Ukraine_poseidon,data\demo\video_fragmentation_preview\frame_00030.jpg,-0.0410013273358345
Ukraine_poseidon,data\demo\video_fragmentation_preview\frame_00031.jpg,0.014361903071403503
Ukraine_poseidon,data\demo\video_fragmentation_preview\frame_00034.jpg,0.3776235580444336
Ukraine_poseidon,data\demo\video_fragmentation_preview\frame_00035.jpg,0.35601282119750977
Ukraine_poseidon,data\demo\video_fragmentation_preview\frame_00036.jpg,0.30048978328704834
Ukraine_poseidon,data\demo\video_fragmentation_preview\frame_00037.jpg,0.1448535919189453
Ukraine_poseidon,data\demo\video_fragmentation_preview\frame_00038.jpg,-0.042677171528339386
Ukraine_poseidon,data\demo\video_fragmentation_preview\frame_00039.jpg,0.07031568139791489
Ukraine_poseidon,data\demo\video_fragmentation_preview\frame_00040.jpg,0.04107936844229698
Ukraine_poseidon,data\demo\video_fragmentation_preview\frame_00041.jpg,-0.0025912225246429443
Ukraine_poseidon,data\demo\video_fragmentation_preview\frame_00042.jpg,0.19244766235351562
Ukraine_poseidon,data\demo\video_fragmentation_preview\frame_00043.jpg,0.046795591711997986
Ukraine_poseidon,data\demo\video_fragmentation_preview\frame_00044.jpg,0.20235875248908997
Ukraine_poseidon,data\demo\video_fragmentation_preview\frame_00045.jpg,0.12981991469860077
Ukraine_poseidon,data\demo\video_fragmentation_preview\frame_00046.jpg,0.17354241013526917
Ukraine_poseidon,data\demo\video_fragmentation_preview\frame_00047.jpg,0.10491475462913513
Ukraine_poseidon,data\demo\video_fragmentation_preview\frame_00048.jpg,0.11436530202627182
Ukraine_poseidon,data\demo\video_fragmentation_preview\frame_00049.jpg,0.16487093269824982
Ukraine_poseidon,data\demo\video_fragmentation_preview\frame_00050.jpg,0.1310833990573883
Ukraine_poseidon,data\demo\video_fragmentation_preview\frame_00051.jpg,0.14052164554595947
Ukraine_poseidon,data\demo\video_fragmentation_preview\frame_00052.jpg,0.20266808569431305
Ukraine_poseidon,data\demo\video_fragmentation_preview\frame_00053.jpg,0.02935732901096344
Ukraine_poseidon,data\demo\video_fragmentation_preview\frame_00054.jpg,0.11306028068065643
Ukraine_poseidon,data\demo\video_fragmentation_preview\frame_00055.jpg,0.09675440192222595
Ukraine_poseidon,data\demo\video_fragmentation_preview\frame_00056.jpg,0.19581349194049835
Ukraine_poseidon,data\demo\video_fragmentation_preview\frame_00057.jpg,0.13746726512908936
Ukraine_poseidon,data\demo\video_fragmentation_preview\frame_00058.jpg,0.10589821636676788
Ukraine_poseidon,data\demo\video_fragmentation_preview\frame_00059.jpg,-0.018121713772416115
Ukraine_poseidon,data\demo\video_fragmentation_preview\frame_00060.jpg,-0.017045198008418083
Ukraine_poseidon,data\demo\video_fragmentation_preview\frame_00061.jpg,0.017233673483133316
Ukraine_poseidon,data\demo\video_fragmentation_preview\frame_00062.jpg,-0.00469645019620657
Ukraine_poseidon,data\demo\video_fragmentation_preview\frame_00063.jpg,-0.017529692500829697
Ukraine_poseidon,data\demo\video_fragmentation_preview\frame_00064.jpg,0.0512508898973465
Ukraine_poseidon,data\demo\video_fragmentation_preview\frame_00065.jpg,0.016994398087263107
Ukraine_poseidon,data\demo\video_fragmentation_preview\frame_00066.jpg,0.042510922998189926
Ukraine_poseidon,data\demo\video_fragmentation_preview\frame_00067.jpg,0.09346587210893631
Ukraine_poseidon,data\demo\video_fragmentation_preview\frame_00068.jpg,-0.06182296201586723
Ukraine_poseidon,data\demo\video_fragmentation_preview\frame_00069.jpg,-0.061725031584501266
Ukraine_poseidon,data\demo\video_fragmentation_preview\frame_00070.jpg,-0.04196813702583313
Ukraine_poseidon,data\demo\video_fragmentation_preview\frame_00071.jpg,-0.05248401686549187
wing_loong_i_uav_war_thunder,data\demo\video_fragmentation_preview\frame_00000.jpg,0.23790055513381958
wing_loong_i_uav_war_thunder,data\demo\video_fragmentation_preview\frame_00001.jpg,0.011963000521063805
wing_loong_i_uav_war_thunder,data\demo\video_fragmentation_preview\frame_00002.jpg,0.19695019721984863
wing_loong_i_uav_war_thunder,data\demo\video_fragmentation_preview\frame_00003.jpg,-0.09512126445770264
wing_loong_i_uav_war_thunder,data\demo\video_fragmentation_preview\frame_00004.jpg,0.13969415426254272
wing_loong_i_uav_war_thunder,data\demo\video_fragmentation_preview\frame_00005.jpg,0.14414288103580475
wing_loong_i_uav_war_thunder,data\demo\video_fragmentation_preview\frame_00006.jpg,0.1982954740524292
wing_loong_i_uav_war_thunder,data\demo\video_fragmentation_preview\frame_00007.jpg,-0.04021415859460831
wing_loong_i_uav_war_thunder,data\demo\video_fragmentation_preview\frame_00008.jpg,0.03770533949136734
wing_loong_i_uav_war_thunder,data\demo\video_fragmentation_preview\frame_00009.jpg,0.17993275821208954
wing_loong_i_uav_war_thunder,data\demo\video_fragmentation_preview\frame_00010.jpg,0.013101786375045776
wing_loong_i_uav_war_thunder,data\demo\video_fragmentation_preview\frame_00011.jpg,-0.04616888612508774
wing_loong_i_uav_war_thunder,data\demo\video_fragmentation_preview\frame_00012.jpg,0.12608091533184052
wing_loong_i_uav_war_thunder,data\demo\video_fragmentation_preview\frame_00013.jpg,0.06580892205238342
wing_loong_i_uav_war_thunder,data\demo\video_fragmentation_preview\frame_00014.jpg,0.10227574408054352
wing_loong_i_uav_war_thunder,data\demo\video_fragmentation_preview\frame_00015.jpg,-0.07141376286745071
wing_loong_i_uav_war_thunder,data\demo\video_fragmentation_preview\frame_00016.jpg,0.10830329358577728
wing_loong_i_uav_war_thunder,data\demo\video_fragmentation_preview\frame_00017.jpg,0.04365537315607071
wing_loong_i_uav_war_thunder,data\demo\video_fragmentation_preview\frame_00018.jpg,0.24282430112361908
wing_loong_i_uav_war_thunder,data\demo\video_fragmentation_preview\frame_00019.jpg,0.1790713220834732
wing_loong_i_uav_war_thunder,data\demo\video_fragmentation_preview\frame_00020.jpg,-0.2495882213115692
wing_loong_i_uav_war_thunder,data\demo\video_fragmentation_preview\frame_00021.jpg,-0.20389722287654877
wing_loong_i_uav_war_thunder,data\demo\video_fragmentation_preview\frame_00022.jpg,0.011473551392555237
wing_loong_i_uav_war_thunder,data\demo\video_fragmentation_preview\frame_00023.jpg,0.054963380098342896
wing_loong_i_uav_war_thunder,data\demo\video_fragmentation_preview\frame_00024.jpg,-0.3041326403617859
wing_loong_i_uav_war_thunder,data\demo\video_fragmentation_preview\frame_00025.jpg,-0.4508543908596039
wing_loong_i_uav_war_thunder,data\demo\video_fragmentation_preview\frame_00026.jpg,-0.3590662181377411
wing_loong_i_uav_war_thunder,data\demo\video_fragmentation_preview\frame_00027.jpg,-0.4385952353477478
wing_loong_i_uav_war_thunder,data\demo\video_fragmentation_preview\frame_00028.jpg,-0.4443385601043701
wing_loong_i_uav_war_thunder,data\demo\video_fragmentation_preview\frame_00029.jpg,-0.566271185874939
wing_loong_i_uav_war_thunder,data\demo\video_fragmentation_preview\frame_00030.jpg,-0.42155134677886963
wing_loong_i_uav_war_thunder,data\demo\video_fragmentation_preview\frame_00031.jpg,-0.4340376853942871
wing_loong_i_uav_war_thunder,data\demo\video_fragmentation_preview\frame_00034.jpg,-0.0014443397521972656
wing_loong_i_uav_war_thunder,data\demo\video_fragmentation_preview\frame_00035.jpg,-0.03849983960390091
wing_loong_i_uav_war_thunder,data\demo\video_fragmentation_preview\frame_00036.jpg,-0.03980669006705284
wing_loong_i_uav_war_thunder,data\demo\video_fragmentation_preview\frame_00037.jpg,0.07702574878931046
wing_loong_i_uav_war_thunder,data\demo\video_fragmentation_preview\frame_00038.jpg,0.03562135621905327
wing_loong_i_uav_war_thunder,data\demo\video_fragmentation_preview\frame_00039.jpg,-0.0660940408706665
wing_loong_i_uav_war_thunder,data\demo\video_fragmentation_preview\frame_00040.jpg,-0.1466100513935089
wing_loong_i_uav_war_thunder,data\demo\video_fragmentation_preview\frame_00041.jpg,0.2777020037174225
wing_loong_i_uav_war_thunder,data\demo\video_fragmentation_preview\frame_00042.jpg,0.19956918060779572
wing_loong_i_uav_war_thunder,data\demo\video_fragmentation_preview\frame_00043.jpg,0.15552447736263275
wing_loong_i_uav_war_thunder,data\demo\video_fragmentation_preview\frame_00044.jpg,0.3334929943084717
wing_loong_i_uav_war_thunder,data\demo\video_fragmentation_preview\frame_00045.jpg,-0.16161903738975525
wing_loong_i_uav_war_thunder,data\demo\video_fragmentation_preview\frame_00046.jpg,0.054886944591999054
wing_loong_i_uav_war_thunder,data\demo\video_fragmentation_preview\frame_00047.jpg,-0.0942656621336937
wing_loong_i_uav_war_thunder,data\demo\video_fragmentation_preview\frame_00048.jpg,0.15436767041683197
wing_loong_i_uav_war_thunder,data\demo\video_fragmentation_preview\frame_00049.jpg,0.12905871868133545
wing_loong_i_uav_war_thunder,data\demo\video_fragmentation_preview\frame_00050.jpg,0.0896739587187767
wing_loong_i_uav_war_thunder,data\demo\video_fragmentation_preview\frame_00051.jpg,-0.11653708666563034
wing_loong_i_uav_war_thunder,data\demo\video_fragmentation_preview\frame_00052.jpg,0.30932050943374634
wing_loong_i_uav_war_thunder,data\demo\video_fragmentation_preview\frame_00053.jpg,-0.044815436005592346
wing_loong_i_uav_war_thunder,data\demo\video_fragmentation_preview\frame_00054.jpg,-0.09329888969659805
wing_loong_i_uav_war_thunder,data\demo\video_fragmentation_preview\frame_00055.jpg,0.14558684825897217
wing_loong_i_uav_war_thunder,data\demo\video_fragmentation_preview\frame_00056.jpg,0.08040269464254379
wing_loong_i_uav_war_thunder,data\demo\video_fragmentation_preview\frame_00057.jpg,0.026355965062975883
wing_loong_i_uav_war_thunder,data\demo\video_fragmentation_preview\frame_00058.jpg,-0.010466981679201126
wing_loong_i_uav_war_thunder,data\demo\video_fragmentation_preview\frame_00059.jpg,-0.040980566293001175
wing_loong_i_uav_war_thunder,data\demo\video_fragmentation_preview\frame_00060.jpg,-0.027474429458379745
wing_loong_i_uav_war_thunder,data\demo\video_fragmentation_preview\frame_00061.jpg,-0.06127163767814636
wing_loong_i_uav_war_thunder,data\demo\video_fragmentation_preview\frame_00062.jpg,-0.08968096971511841
wing_loong_i_uav_war_thunder,data\demo\video_fragmentation_preview\frame_00063.jpg,-0.23954270780086517
wing_loong_i_uav_war_thunder,data\demo\video_fragmentation_preview\frame_00064.jpg,-0.1478116810321808
wing_loong_i_uav_war_thunder,data\demo\video_fragmentation_preview\frame_00065.jpg,-0.16178596019744873
wing_loong_i_uav_war_thunder,data\demo\video_fragmentation_preview\frame_00066.jpg,-0.046101540327072144
wing_loong_i_uav_war_thunder,data\demo\video_fragmentation_preview\frame_00067.jpg,0.1132095456123352
wing_loong_i_uav_war_thunder,data\demo\video_fragmentation_preview\frame_00068.jpg,-0.22308826446533203
wing_loong_i_uav_war_thunder,data\demo\video_fragmentation_preview\frame_00069.jpg,-0.2623085677623749
wing_loong_i_uav_war_thunder,data\demo\video_fragmentation_preview\frame_00070.jpg,-0.2820866107940674
wing_loong_i_uav_war_thunder,data\demo\video_fragmentation_preview\frame_00071.jpg,-0.3160887360572815
zala_421_16e2,data\demo\video_fragmentation_preview\frame_00000.jpg,-0.3280860185623169
zala_421_16e2,data\demo\video_fragmentation_preview\frame_00001.jpg,-0.27577269077301025
zala_421_16e2,data\demo\video_fragmentation_preview\frame_00002.jpg,-0.31415799260139465
zala_421_16e2,data\demo\video_fragmentation_preview\frame_00003.jpg,-0.211031973361969
zala_421_16e2,data\demo\video_fragmentation_preview\frame_00004.jpg,-0.38186752796173096
zala_421_16e2,data\demo\video_fragmentation_preview\frame_00005.jpg,-0.23436473309993744
zala_421_16e2,data\demo\video_fragmentation_preview\frame_00006.jpg,-0.34504371881484985
zala_421_16e2,data\demo\video_fragmentation_preview\frame_00007.jpg,-0.3315369486808777
zala_421_16e2,data\demo\video_fragmentation_preview\frame_00008.jpg,-0.2834319472312927
zala_421_16e2,data\demo\video_fragmentation_preview\frame_00009.jpg,-0.14290355145931244
zala_421_16e2,data\demo\video_fragmentation_preview\frame_00010.jpg,0.00010504573583602905
zala_421_16e2,data\demo\video_fragmentation_preview\frame_00011.jpg,-0.19349625706672668
zala_421_16e2,data\demo\video_fragmentation_preview\frame_00012.jpg,-0.3033062517642975
zala_421_16e2,data\demo\video_fragmentation_preview\frame_00013.jpg,0.19929936528205872
zala_421_16e2,data\demo\video_fragmentation_preview\frame_00014.jpg,-0.13817252218723297
zala_421_16e2,data\demo\video_fragmentation_preview\frame_00015.jpg,-0.2768971025943756
zala_421_16e2,data\demo\video_fragmentation_preview\frame_00016.jpg,0.14567548036575317
zala_421_16e2,data\demo\video_fragmentation_preview\frame_00017.jpg,0.06807001680135727
zala_421_16e2,data\demo\video_fragmentation_preview\frame_00018.jpg,-0.25089389085769653
zala_421_16e2,data\demo\video_fragmentation_preview\frame_00019.jpg,-0.08656804263591766
zala_421_16e2,data\demo\video_fragmentation_preview\frame_00020.jpg,-0.2082260549068451
zala_421_16e2,data\demo\video_fragmentation_preview\frame_00021.jpg,-0.2072308361530304
zala_421_16e2,data\demo\video_fragmentation_preview\frame_00022.jpg,-0.11896895617246628
zala_421_16e2,data\demo\video_fragmentation_preview\frame_00023.jpg,-0.006374821066856384
zala_421_16e2,data\demo\video_fragmentation_preview\frame_00024.jpg,0.1128334105014801
zala_421_16e2,data\demo\video_fragmentation_preview\frame_00025.jpg,-0.261707067489624
zala_421_16e2,data\demo\video_fragmentation_preview\frame_00026.jpg,-0.27294760942459106
zala_421_16e2,data\demo\video_fragmentation_preview\frame_00027.jpg,-0.22157061100006104
zala_421_16e2,data\demo\video_fragmentation_preview\frame_00028.jpg,-0.34530627727508545
zala_421_16e2,data\demo\video_fragmentation_preview\frame_00029.jpg,-0.05307641252875328
zala_421_16e2,data\demo\video_fragmentation_preview\frame_00030.jpg,-0.05219784751534462
zala_421_16e2,data\demo\video_fragmentation_preview\frame_00031.jpg,-0.15713241696357727
zala_421_16e2,data\demo\video_fragmentation_preview\frame_00034.jpg,-0.44726771116256714
zala_421_16e2,data\demo\video_fragmentation_preview\frame_00035.jpg,-0.4642360508441925
zala_421_16e2,data\demo\video_fragmentation_preview\frame_00036.jpg,-0.400386244058609
zala_421_16e2,data\demo\video_fragmentation_preview\frame_00037.jpg,-0.4106244742870331
zala_421_16e2,data\demo\video_fragmentation_preview\frame_00038.jpg,-0.3155043423175812
zala_421_16e2,data\demo\video_fragmentation_preview\frame_00039.jpg,-0.2564111351966858
zala_421_16e2,data\demo\video_fragmentation_preview\frame_00040.jpg,-0.33705103397369385
zala_421_16e2,data\demo\video_fragmentation_preview\frame_00041.jpg,-0.2805701792240143
zala_421_16e2,data\demo\video_fragmentation_preview\frame_00042.jpg,-0.3904467523097992
zala_421_16e2,data\demo\video_fragmentation_preview\frame_00043.jpg,-0.28064560890197754
zala_421_16e2,data\demo\video_fragmentation_preview\frame_00044.jpg,-0.30502498149871826
zala_421_16e2,data\demo\video_fragmentation_preview\frame_00045.jpg,-0.33417850732803345
zala_421_16e2,data\demo\video_fragmentation_preview\frame_00046.jpg,-0.2481953650712967
zala_421_16e2,data\demo\video_fragmentation_preview\frame_00047.jpg,-0.38164716958999634
zala_421_16e2,data\demo\video_fragmentation_preview\frame_00048.jpg,-0.3225037455558777
zala_421_16e2,data\demo\video_fragmentation_preview\frame_00049.jpg,-0.358174204826355
zala_421_16e2,data\demo\video_fragmentation_preview\frame_00050.jpg,-0.37429144978523254
zala_421_16e2,data\demo\video_fragmentation_preview\frame_00051.jpg,-0.33352798223495483
zala_421_16e2,data\demo\video_fragmentation_preview\frame_00052.jpg,-0.367036908864975
zala_421_16e2,data\demo\video_fragmentation_preview\frame_00053.jpg,-0.19874131679534912
zala_421_16e2,data\demo\video_fragmentation_preview\frame_00054.jpg,-0.2423742264509201
zala_421_16e2,data\demo\video_fragmentation_preview\frame_00055.jpg,-0.24816614389419556
zala_421_16e2,data\demo\video_fragmentation_preview\frame_00056.jpg,-0.3509010970592499
zala_421_16e2,data\demo\video_fragmentation_preview\frame_00057.jpg,-0.3369280993938446
zala_421_16e2,data\demo\video_fragmentation_preview\frame_00058.jpg,-0.3037983179092407
zala_421_16e2,data\demo\video_fragmentation_preview\frame_00059.jpg,0.05835582688450813
zala_421_16e2,data\demo\video_fragmentation_preview\frame_00060.jpg,-0.2183992564678192
zala_421_16e2,data\demo\video_fragmentation_preview\frame_00061.jpg,-0.16792291402816772
zala_421_16e2,data\demo\video_fragmentation_preview\frame_00062.jpg,-0.14477120339870453
zala_421_16e2,data\demo\video_fragmentation_preview\frame_00063.jpg,-0.12775707244873047
zala_421_16e2,data\demo\video_fragmentation_preview\frame_00064.jpg,-0.16671118140220642
zala_421_16e2,data\demo\video_fragmentation_preview\frame_00065.jpg,-0.14078013598918915
zala_421_16e2,data\demo\video_fragmentation_preview\frame_00066.jpg,-0.1861048936843872
zala_421_16e2,data\demo\video_fragmentation_preview\frame_00067.jpg,-0.22012734413146973
zala_421_16e2,data\demo\video_fragmentation_preview\frame_00068.jpg,-0.29042306542396545
zala_421_16e2,data\demo\video_fragmentation_preview\frame_00069.jpg,-0.26118969917297363
zala_421_16e2,data\demo\video_fragmentation_preview\frame_00070.jpg,-0.2875937223434448
zala_421_16e2,data\demo\video_fragmentation_preview\frame_00071.jpg,-0.3089732229709625
