candidate,image,score,folder_score,decision
attack_uav,data\demo\real_world_yolox_crops\train\attack_uav\crop_0000.jpg,-0.09657319635152817,0.6586952209472656,MATCH
attack_uav,data\demo\real_world_yolox_crops\train\attack_uav\crop_0001.jpg,0.22778640687465668,0.6586952209472656,MATCH
attack_uav,data\demo\real_world_yolox_crops\train\attack_uav\crop_0002.jpg,0.5831586122512817,0.6586952209472656,MATCH
attack_uav,data\demo\real_world_yolox_crops\train\attack_uav\crop_0003.jpg,-0.08289268612861633,0.6586952209472656,MATCH
attack_uav,data\demo\real_world_yolox_crops\train\attack_uav\crop_0004.jpg,0.37772926688194275,0.6586952209472656,MATCH
attack_uav,data\demo\real_world_yolox_crops\train\attack_uav\crop_0005.jpg,0.1900918185710907,0.6586952209472656,MATCH
attack_uav,data\demo\real_world_yolox_crops\train\attack_uav\crop_0006.jpg,0.24919745326042175,0.6586952209472656,MATCH
attack_uav,data\demo\real_world_yolox_crops\train\attack_uav\crop_0007.jpg,0.1650731861591339,0.6586952209472656,MATCH
attack_uav,data\demo\real_world_yolox_crops\train\attack_uav\crop_0008.jpg,0.11942355334758759,0.6586952209472656,MATCH
attack_uav,data\demo\real_world_yolox_crops\train\attack_uav\crop_0009.jpg,0.5435117483139038,0.6586952209472656,MATCH
attack_uav,data\demo\real_world_yolox_crops\train\attack_uav\crop_0010.jpg,0.09379450976848602,0.6586952209472656,MATCH
attack_uav,data\demo\real_world_yolox_crops\train\attack_uav\crop_0011.jpg,0.3859415054321289,0.6586952209472656,MATCH
attack_uav,data\demo\real_world_yolox_crops\train\attack_uav\crop_0012.jpg,0.151050865650177,0.6586952209472656,MATCH
attack_uav,data\demo\real_world_yolox_crops\train\attack_uav\crop_0013.jpg,-0.021952081471681595,0.6586952209472656,MATCH
attack_uav,data\demo\real_world_yolox_crops\train\attack_uav\crop_0014.jpg,0.6030116677284241,0.6586952209472656,MATCH
attack_uav,data\demo\real_world_yolox_crops\train\attack_uav\crop_0015.jpg,0.2522680163383484,0.6586952209472656,MATCH
attack_uav,data\demo\real_world_yolox_crops\train\attack_uav\crop_0016.jpg,0.3637745976448059,0.6586952209472656,MATCH
attack_uav,data\demo\real_world_yolox_crops\train\attack_uav\crop_0017.jpg,0.25929954648017883,0.6586952209472656,MATCH
attack_uav,data\demo\real_world_yolox_crops\train\attack_uav\crop_0018.jpg,0.4043852984905243,0.6586952209472656,MATCH
attack_uav,data\demo\real_world_yolox_crops\train\attack_uav\crop_0019.jpg,0.11791353672742844,0.6586952209472656,MATCH
attack_uav,data\demo\real_world_yolox_crops\train\attack_uav\crop_0020.jpg,0.2999436855316162,0.6586952209472656,MATCH
attack_uav,data\demo\real_world_yolox_crops\train\attack_uav\crop_0021.jpg,0.3718754053115845,0.6586952209472656,MATCH
attack_uav,data\demo\real_world_yolox_crops\train\attack_uav\crop_0022.jpg,0.06633178889751434,0.6586952209472656,MATCH
attack_uav,data\demo\real_world_yolox_crops\train\attack_uav\crop_0023.jpg,0.16342279314994812,0.6586952209472656,MATCH
attack_uav,data\demo\real_world_yolox_crops\train\attack_uav\crop_0024.jpg,0.48661407828330994,0.6586952209472656,MATCH
attack_uav,data\demo\real_world_yolox_crops\train\attack_uav\crop_0025.jpg,0.5247185826301575,0.6586952209472656,MATCH
attack_uav,data\demo\real_world_yolox_crops\train\attack_uav\crop_0026.jpg,0.2687755823135376,0.6586952209472656,MATCH
attack_uav,data\demo\real_world_yolox_crops\train\attack_uav\crop_0027.jpg,0.10457348823547363,0.6586952209472656,MATCH
attack_uav,data\demo\real_world_yolox_crops\train\attack_uav\crop_0028.jpg,0.3964351415634155,0.6586952209472656,MATCH
attack_uav,data\demo\real_world_yolox_crops\train\attack_uav\crop_0029.jpg,0.6856306195259094,0.6586952209472656,MATCH
attack_uav,data\demo\real_world_yolox_crops\train\attack_uav\crop_0030.jpg,0.0034128576517105103,0.6586952209472656,MATCH
attack_uav,data\demo\real_world_yolox_crops\train\attack_uav\crop_0031.jpg,0.20862643420696259,0.6586952209472656,MATCH
attack_uav,data\demo\real_world_yolox_crops\train\attack_uav\crop_0032.jpg,0.21712321043014526,0.6586952209472656,MATCH
attack_uav,data\demo\real_world_yolox_crops\train\attack_uav\crop_0033.jpg,0.2785538136959076,0.6586952209472656,MATCH
attack_uav,data\demo\real_world_yolox_crops\train\attack_uav\crop_0034.jpg,0.5062080025672913,0.6586952209472656,MATCH
attack_uav,data\demo\real_world_yolox_crops\train\attack_uav\crop_0035.jpg,0.3593539893627167,0.6586952209472656,MATCH
attack_uav,data\demo\real_world_yolox_crops\train\attack_uav\crop_0036.jpg,0.6712571382522583,0.6586952209472656,MATCH
attack_uav,data\demo\real_world_yolox_crops\train\attack_uav\crop_0037.jpg,0.36305612325668335,0.6586952209472656,MATCH
attack_uav,data\demo\real_world_yolox_crops\train\attack_uav\crop_0038.jpg,0.3884641230106354,0.6586952209472656,MATCH
attack_uav,data\demo\real_world_yolox_crops\train\attack_uav\crop_0039.jpg,0.18817344307899475,0.6586952209472656,MATCH
attack_uav,data\demo\real_world_yolox_crops\train\attack_uav\crop_0040.jpg,0.21686391532421112,0.6586952209472656,MATCH
attack_uav,data\demo\real_world_yolox_crops\train\attack_uav\crop_0041.jpg,0.15969844162464142,0.6586952209472656,MATCH
attack_uav,data\demo\real_world_yolox_crops\train\attack_uav\crop_0042.jpg,0.07553686201572418,0.6586952209472656,MATCH
attack_uav,data\demo\real_world_yolox_crops\train\attack_uav\crop_0043.jpg,0.30574196577072144,0.6586952209472656,MATCH
attack_uav,data\demo\real_world_yolox_crops\train\attack_uav\crop_0044.jpg,0.260924369096756,0.6586952209472656,MATCH
attack_uav,data\demo\real_world_yolox_crops\train\attack_uav\crop_0045.jpg,0.4550136625766754,0.6586952209472656,MATCH
attack_uav,data\demo\real_world_yolox_crops\train\attack_uav\crop_0046.jpg,0.6942217350006104,0.6586952209472656,MATCH
attack_uav,data\demo\real_world_yolox_crops\train\attack_uav\crop_0047.jpg,0.15958788990974426,0.6586952209472656,MATCH
attack_uav,data\demo\real_world_yolox_crops\train\attack_uav\crop_0048.jpg,0.15365581214427948,0.6586952209472656,MATCH
attack_uav,data\demo\real_world_yolox_crops\train\attack_uav\crop_0049.jpg,0.39065808057785034,0.6586952209472656,MATCH
attack_uav,data\demo\real_world_yolox_crops\train\attack_uav\crop_0050.jpg,0.3446463346481323,0.6586952209472656,MATCH
attack_uav,data\demo\real_world_yolox_crops\train\attack_uav\crop_0051.jpg,0.43766462802886963,0.6586952209472656,MATCH
attack_uav,data\demo\real_world_yolox_crops\train\attack_uav\crop_0052.jpg,0.24591855704784393,0.6586952209472656,MATCH
attack_uav,data\demo\real_world_yolox_crops\train\attack_uav\crop_0053.jpg,0.24269063770771027,0.6586952209472656,MATCH
attack_uav,data\demo\real_world_yolox_crops\train\attack_uav\crop_0054.jpg,0.5414339303970337,0.6586952209472656,MATCH
attack_uav,data\demo\real_world_yolox_crops\train\attack_uav\crop_0055.jpg,0.34100115299224854,0.6586952209472656,MATCH
attack_uav,data\demo\real_world_yolox_crops\train\attack_uav\crop_0056.jpg,0.639354944229126,0.6586952209472656,MATCH
attack_uav,data\demo\real_world_yolox_crops\train\attack_uav\crop_0057.jpg,-0.033154651522636414,0.6586952209472656,MATCH
attack_uav,data\demo\real_world_yolox_crops\train\attack_uav\crop_0058.jpg,0.38685619831085205,0.6586952209472656,MATCH
attack_uav,data\demo\real_world_yolox_crops\train\attack_uav\crop_0059.jpg,0.4259817600250244,0.6586952209472656,MATCH
attack_uav,data\demo\real_world_yolox_crops\train\attack_uav\crop_0060.jpg,0.3910366892814636,0.6586952209472656,MATCH
attack_uav,data\demo\real_world_yolox_crops\train\attack_uav\crop_0061.jpg,0.32410162687301636,0.6586952209472656,MATCH
attack_uav,data\demo\real_world_yolox_crops\train\attack_uav\crop_0062.jpg,0.34600839018821716,0.6586952209472656,MATCH
baykar_bayraktar_tb2,data\demo\real_world_yolox_crops\train\baykar_bayraktar_tb2\crop_0000.jpg,0.04598625376820564,0.5627138018608093,unknown
baykar_bayraktar_tb2,data\demo\real_world_yolox_crops\train\baykar_bayraktar_tb2\crop_0001.jpg,-0.08144725859165192,0.5627138018608093,unknown
baykar_bayraktar_tb2,data\demo\real_world_yolox_crops\train\baykar_bayraktar_tb2\crop_0002.jpg,0.2797934412956238,0.5627138018608093,unknown
baykar_bayraktar_tb2,data\demo\real_world_yolox_crops\train\baykar_bayraktar_tb2\crop_0003.jpg,-0.0729362964630127,0.5627138018608093,unknown
baykar_bayraktar_tb2,data\demo\real_world_yolox_crops\train\baykar_bayraktar_tb2\crop_0004.jpg,-0.3398169279098511,0.5627138018608093,unknown
baykar_bayraktar_tb2,data\demo\real_world_yolox_crops\train\baykar_bayraktar_tb2\crop_0005.jpg,0.2288893461227417,0.5627138018608093,unknown
baykar_bayraktar_tb2,data\demo\real_world_yolox_crops\train\baykar_bayraktar_tb2\crop_0006.jpg,0.3542763292789459,0.5627138018608093,unknown
baykar_bayraktar_tb2,data\demo\real_world_yolox_crops\train\baykar_bayraktar_tb2\crop_0007.jpg,0.17914095520973206,0.5627138018608093,unknown
baykar_bayraktar_tb2,data\demo\real_world_yolox_crops\train\baykar_bayraktar_tb2\crop_0008.jpg,0.054285913705825806,0.5627138018608093,unknown
baykar_bayraktar_tb2,data\demo\real_world_yolox_crops\train\baykar_bayraktar_tb2\crop_0009.jpg,0.2355598509311676,0.5627138018608093,unknown
baykar_bayraktar_tb2,data\demo\real_world_yolox_crops\train\baykar_bayraktar_tb2\crop_0010.jpg,0.3630119562149048,0.5627138018608093,unknown
baykar_bayraktar_tb2,data\demo\real_world_yolox_crops\train\baykar_bayraktar_tb2\crop_0011.jpg,0.014780983328819275,0.5627138018608093,unknown
baykar_bayraktar_tb2,data\demo\real_world_yolox_crops\train\baykar_bayraktar_tb2\crop_0012.jpg,0.49331051111221313,0.5627138018608093,unknown
baykar_bayraktar_tb2,data\demo\real_world_yolox_crops\train\baykar_bayraktar_tb2\crop_0013.jpg,0.11250630766153336,0.5627138018608093,unknown
baykar_bayraktar_tb2,data\demo\real_world_yolox_crops\train\baykar_bayraktar_tb2\crop_0014.jpg,0.3836030066013336,0.5627138018608093,unknown
baykar_bayraktar_tb2,data\demo\real_world_yolox_crops\train\baykar_bayraktar_tb2\crop_0015.jpg,0.08400867879390717,0.5627138018608093,unknown
baykar_bayraktar_tb2,data\demo\real_world_yolox_crops\train\baykar_bayraktar_tb2\crop_0016.jpg,0.0902726873755455,0.5627138018608093,unknown
baykar_bayraktar_tb2,data\demo\real_world_yolox_crops\train\baykar_bayraktar_tb2\crop_0017.jpg,0.22867608070373535,0.5627138018608093,unknown
baykar_bayraktar_tb2,data\demo\real_world_yolox_crops\train\baykar_bayraktar_tb2\crop_0018.jpg,0.17431962490081787,0.5627138018608093,unknown
baykar_bayraktar_tb2,data\demo\real_world_yolox_crops\train\baykar_bayraktar_tb2\crop_0019.jpg,0.09171929955482483,0.5627138018608093,unknown
baykar_bayraktar_tb2,data\demo\real_world_yolox_crops\train\baykar_bayraktar_tb2\crop_0020.jpg,0.4310392439365387,0.5627138018608093,unknown
baykar_bayraktar_tb2,data\demo\real_world_yolox_crops\train\baykar_bayraktar_tb2\crop_0021.jpg,0.15888309478759766,0.5627138018608093,unknown
baykar_bayraktar_tb2,data\demo\real_world_yolox_crops\train\baykar_bayraktar_tb2\crop_0022.jpg,0.13231706619262695,0.5627138018608093,unknown
baykar_bayraktar_tb2,data\demo\real_world_yolox_crops\train\baykar_bayraktar_tb2\crop_0023.jpg,-0.02235930785536766,0.5627138018608093,unknown
baykar_bayraktar_tb2,data\demo\real_world_yolox_crops\train\baykar_bayraktar_tb2\crop_0024.jpg,0.5650806427001953,0.5627138018608093,unknown
baykar_bayraktar_tb2,data\demo\real_world_yolox_crops\train\baykar_bayraktar_tb2\crop_0025.jpg,0.3409622013568878,0.5627138018608093,unknown
baykar_bayraktar_tb2,data\demo\real_world_yolox_crops\train\baykar_bayraktar_tb2\crop_0026.jpg,0.37710171937942505,0.5627138018608093,unknown
baykar_bayraktar_tb2,data\demo\real_world_yolox_crops\train\baykar_bayraktar_tb2\crop_0027.jpg,0.25710415840148926,0.5627138018608093,unknown
baykar_bayraktar_tb2,data\demo\real_world_yolox_crops\train\baykar_bayraktar_tb2\crop_0028.jpg,0.17748448252677917,0.5627138018608093,unknown
baykar_bayraktar_tb2,data\demo\real_world_yolox_crops\train\baykar_bayraktar_tb2\crop_0029.jpg,0.37895914912223816,0.5627138018608093,unknown
baykar_bayraktar_tb2,data\demo\real_world_yolox_crops\train\baykar_bayraktar_tb2\crop_0030.jpg,0.22946003079414368,0.5627138018608093,unknown
baykar_bayraktar_tb2,data\demo\real_world_yolox_crops\train\baykar_bayraktar_tb2\crop_0031.jpg,0.10568563640117645,0.5627138018608093,unknown
baykar_bayraktar_tb2,data\demo\real_world_yolox_crops\train\baykar_bayraktar_tb2\crop_0032.jpg,0.012058235704898834,0.5627138018608093,unknown
baykar_bayraktar_tb2,data\demo\real_world_yolox_crops\train\baykar_bayraktar_tb2\crop_0033.jpg,0.01787649095058441,0.5627138018608093,unknown
baykar_bayraktar_tb2,data\demo\real_world_yolox_crops\train\baykar_bayraktar_tb2\crop_0034.jpg,0.10547486692667007,0.5627138018608093,unknown
baykar_bayraktar_tb2,data\demo\real_world_yolox_crops\train\baykar_bayraktar_tb2\crop_0035.jpg,0.027136433869600296,0.5627138018608093,unknown
baykar_bayraktar_tb2,data\demo\real_world_yolox_crops\train\baykar_bayraktar_tb2\crop_0036.jpg,0.032943133264780045,0.5627138018608093,unknown
baykar_bayraktar_tb2,data\demo\real_world_yolox_crops\train\baykar_bayraktar_tb2\crop_0037.jpg,0.06512148678302765,0.5627138018608093,unknown
baykar_bayraktar_tb2,data\demo\real_world_yolox_crops\train\baykar_bayraktar_tb2\crop_0038.jpg,0.3145628869533539,0.5627138018608093,unknown
baykar_bayraktar_tb2,data\demo\real_world_yolox_crops\train\baykar_bayraktar_tb2\crop_0039.jpg,-0.1860741525888443,0.5627138018608093,unknown
baykar_bayraktar_tb2,data\demo\real_world_yolox_crops\train\baykar_bayraktar_tb2\crop_0040.jpg,-0.02843146026134491,0.5627138018608093,unknown
baykar_bayraktar_tb2,data\demo\real_world_yolox_crops\train\baykar_bayraktar_tb2\crop_0041.jpg,0.23991531133651733,0.5627138018608093,unknown
baykar_bayraktar_tb2,data\demo\real_world_yolox_crops\train\baykar_bayraktar_tb2\crop_0042.jpg,0.2838956117630005,0.5627138018608093,unknown
baykar_bayraktar_tb2,data\demo\real_world_yolox_crops\train\baykar_bayraktar_tb2\crop_0043.jpg,0.09044400602579117,0.5627138018608093,unknown
baykar_bayraktar_tb2,data\demo\real_world_yolox_crops\train\baykar_bayraktar_tb2\crop_0044.jpg,0.40071532130241394,0.5627138018608093,unknown
baykar_bayraktar_tb2,data\demo\real_world_yolox_crops\train\baykar_bayraktar_tb2\crop_0045.jpg,0.1744026243686676,0.5627138018608093,unknown
baykar_bayraktar_tb2,data\demo\real_world_yolox_crops\train\baykar_bayraktar_tb2\crop_0046.jpg,0.0956026166677475,0.5627138018608093,unknown
baykar_bayraktar_tb2,data\demo\real_world_yolox_crops\train\baykar_bayraktar_tb2\crop_0047.jpg,0.024250231683254242,0.5627138018608093,unknown
baykar_bayraktar_tb2,data\demo\real_world_yolox_crops\train\baykar_bayraktar_tb2\crop_0048.jpg,0.10981099307537079,0.5627138018608093,unknown
baykar_bayraktar_tb2,data\demo\real_world_yolox_crops\train\baykar_bayraktar_tb2\crop_0049.jpg,0.276442289352417,0.5627138018608093,unknown
baykar_bayraktar_tb2,data\demo\real_world_yolox_crops\train\baykar_bayraktar_tb2\crop_0050.jpg,0.05900871008634567,0.5627138018608093,unknown
baykar_bayraktar_tb2,data\demo\real_world_yolox_crops\train\baykar_bayraktar_tb2\crop_0051.jpg,0.23129653930664062,0.5627138018608093,unknown
baykar_bayraktar_tb2,data\demo\real_world_yolox_crops\train\baykar_bayraktar_tb2\crop_0052.jpg,0.5306501388549805,0.5627138018608093,unknown
baykar_bayraktar_tb2,data\demo\real_world_yolox_crops\train\baykar_bayraktar_tb2\crop_0053.jpg,-0.13664181530475616,0.5627138018608093,unknown
baykar_bayraktar_tb2,data\demo\real_world_yolox_crops\train\baykar_bayraktar_tb2\crop_0054.jpg,0.01539614424109459,0.5627138018608093,unknown
baykar_bayraktar_tb2,data\demo\real_world_yolox_crops\train\baykar_bayraktar_tb2\crop_0055.jpg,0.6160482168197632,0.5627138018608093,unknown
baykar_bayraktar_tb2,data\demo\real_world_yolox_crops\train\baykar_bayraktar_tb2\crop_0056.jpg,0.07186153531074524,0.5627138018608093,unknown
baykar_bayraktar_tb2,data\demo\real_world_yolox_crops\train\baykar_bayraktar_tb2\crop_0057.jpg,-0.12731698155403137,0.5627138018608093,unknown
baykar_bayraktar_tb2,data\demo\real_world_yolox_crops\train\baykar_bayraktar_tb2\crop_0058.jpg,0.09320279955863953,0.5627138018608093,unknown
baykar_bayraktar_tb2,data\demo\real_world_yolox_crops\train\baykar_bayraktar_tb2\crop_0059.jpg,0.2527103126049042,0.5627138018608093,unknown
baykar_bayraktar_tb2,data\demo\real_world_yolox_crops\train\baykar_bayraktar_tb2\crop_0060.jpg,0.12107905745506287,0.5627138018608093,unknown
baykar_bayraktar_tb2,data\demo\real_world_yolox_crops\train\baykar_bayraktar_tb2\crop_0061.jpg,0.5687035322189331,0.5627138018608093,unknown
baykar_bayraktar_tb2,data\demo\real_world_yolox_crops\train\baykar_bayraktar_tb2\crop_0062.jpg,0.5330864191055298,0.5627138018608093,unknown
baykar_bayraktar_tb2,data\demo\real_world_yolox_crops\train\baykar_bayraktar_tb2\crop_0063.jpg,-0.06932058185338974,0.5627138018608093,unknown
baykar_bayraktar_tb2,data\demo\real_world_yolox_crops\train\baykar_bayraktar_tb2\crop_0064.jpg,0.4665828347206116,0.5627138018608093,unknown
baykar_bayraktar_tb2,data\demo\real_world_yolox_crops\train\baykar_bayraktar_tb2\crop_0065.jpg,0.26727133989334106,0.5627138018608093,unknown
baykar_bayraktar_tb2,data\demo\real_world_yolox_crops\train\baykar_bayraktar_tb2\crop_0066.jpg,-0.051333822309970856,0.5627138018608093,unknown
baykar_bayraktar_tb2,data\demo\real_world_yolox_crops\train\baykar_bayraktar_tb2\crop_0067.jpg,0.21552890539169312,0.5627138018608093,unknown
baykar_bayraktar_tb2,data\demo\real_world_yolox_crops\train\baykar_bayraktar_tb2\crop_0068.jpg,-0.0192086324095726,0.5627138018608093,unknown
bayraktar_tb2_military_ukrainian_navi,data\demo\real_world_yolox_crops\train\bayraktar_tb2_military_ukrainian_navi\crop_0000.jpg,-0.21074005961418152,0.7571111917495728,MATCH
bayraktar_tb2_military_ukrainian_navi,data\demo\real_world_yolox_crops\train\bayraktar_tb2_military_ukrainian_navi\crop_0001.jpg,0.12950783967971802,0.7571111917495728,MATCH
bayraktar_tb2_military_ukrainian_navi,data\demo\real_world_yolox_crops\train\bayraktar_tb2_military_ukrainian_navi\crop_0002.jpg,-0.16776351630687714,0.7571111917495728,MATCH
bayraktar_tb2_military_ukrainian_navi,data\demo\real_world_yolox_crops\train\bayraktar_tb2_military_ukrainian_navi\crop_0003.jpg,-0.12669436633586884,0.7571111917495728,MATCH
bayraktar_tb2_military_ukrainian_navi,data\demo\real_world_yolox_crops\train\bayraktar_tb2_military_ukrainian_navi\crop_0004.jpg,0.21359488368034363,0.7571111917495728,MATCH
bayraktar_tb2_military_ukrainian_navi,data\demo\real_world_yolox_crops\train\bayraktar_tb2_military_ukrainian_navi\crop_0005.jpg,0.18259194493293762,0.7571111917495728,MATCH
bayraktar_tb2_military_ukrainian_navi,data\demo\real_world_yolox_crops\train\bayraktar_tb2_military_ukrainian_navi\crop_0006.jpg,0.339033305644989,0.7571111917495728,MATCH
bayraktar_tb2_military_ukrainian_navi,data\demo\real_world_yolox_crops\train\bayraktar_tb2_military_ukrainian_navi\crop_0007.jpg,0.17658808827400208,0.7571111917495728,MATCH
bayraktar_tb2_military_ukrainian_navi,data\demo\real_world_yolox_crops\train\bayraktar_tb2_military_ukrainian_navi\crop_0008.jpg,0.4336342513561249,0.7571111917495728,MATCH
bayraktar_tb2_military_ukrainian_navi,data\demo\real_world_yolox_crops\train\bayraktar_tb2_military_ukrainian_navi\crop_0009.jpg,0.3092593550682068,0.7571111917495728,MATCH
bayraktar_tb2_military_ukrainian_navi,data\demo\real_world_yolox_crops\train\bayraktar_tb2_military_ukrainian_navi\crop_0010.jpg,0.5541354417800903,0.7571111917495728,MATCH
bayraktar_tb2_military_ukrainian_navi,data\demo\real_world_yolox_crops\train\bayraktar_tb2_military_ukrainian_navi\crop_0011.jpg,0.5042412281036377,0.7571111917495728,MATCH
bayraktar_tb2_military_ukrainian_navi,data\demo\real_world_yolox_crops\train\bayraktar_tb2_military_ukrainian_navi\crop_0012.jpg,0.609974205493927,0.7571111917495728,MATCH
bayraktar_tb2_military_ukrainian_navi,data\demo\real_world_yolox_crops\train\bayraktar_tb2_military_ukrainian_navi\crop_0013.jpg,0.7556055188179016,0.7571111917495728,MATCH
bayraktar_tb2_military_ukrainian_navi,data\demo\real_world_yolox_crops\train\bayraktar_tb2_military_ukrainian_navi\crop_0014.jpg,0.6161857843399048,0.7571111917495728,MATCH
bayraktar_tb2_military_ukrainian_navi,data\demo\real_world_yolox_crops\train\bayraktar_tb2_military_ukrainian_navi\crop_0015.jpg,0.24833187460899353,0.7571111917495728,MATCH
bayraktar_tb2_military_ukrainian_navi,data\demo\real_world_yolox_crops\train\bayraktar_tb2_military_ukrainian_navi\crop_0016.jpg,0.0853031724691391,0.7571111917495728,MATCH
bayraktar_tb2_military_ukrainian_navi,data\demo\real_world_yolox_crops\train\bayraktar_tb2_military_ukrainian_navi\crop_0017.jpg,0.43094193935394287,0.7571111917495728,MATCH
bayraktar_tb2_military_ukrainian_navi,data\demo\real_world_yolox_crops\train\bayraktar_tb2_military_ukrainian_navi\crop_0018.jpg,0.36315134167671204,0.7571111917495728,MATCH
bayraktar_tb2_military_ukrainian_navi,data\demo\real_world_yolox_crops\train\bayraktar_tb2_military_ukrainian_navi\crop_0019.jpg,0.4011901021003723,0.7571111917495728,MATCH
bayraktar_tb2_military_ukrainian_navi,data\demo\real_world_yolox_crops\train\bayraktar_tb2_military_ukrainian_navi\crop_0020.jpg,0.4112739861011505,0.7571111917495728,MATCH
bayraktar_tb2_military_ukrainian_navi,data\demo\real_world_yolox_crops\train\bayraktar_tb2_military_ukrainian_navi\crop_0021.jpg,0.6355247497558594,0.7571111917495728,MATCH
bayraktar_tb2_military_ukrainian_navi,data\demo\real_world_yolox_crops\train\bayraktar_tb2_military_ukrainian_navi\crop_0022.jpg,-0.026866324245929718,0.7571111917495728,MATCH
bayraktar_tb2_military_ukrainian_navi,data\demo\real_world_yolox_crops\train\bayraktar_tb2_military_ukrainian_navi\crop_0023.jpg,0.38800138235092163,0.7571111917495728,MATCH
bayraktar_tb2_military_ukrainian_navi,data\demo\real_world_yolox_crops\train\bayraktar_tb2_military_ukrainian_navi\crop_0024.jpg,0.7655452489852905,0.7571111917495728,MATCH
bayraktar_tb2_military_ukrainian_navi,data\demo\real_world_yolox_crops\train\bayraktar_tb2_military_ukrainian_navi\crop_0025.jpg,0.5048862099647522,0.7571111917495728,MATCH
bayraktar_tb2_military_ukrainian_navi,data\demo\real_world_yolox_crops\train\bayraktar_tb2_military_ukrainian_navi\crop_0026.jpg,0.7177897095680237,0.7571111917495728,MATCH
bayraktar_tb2_military_ukrainian_navi,data\demo\real_world_yolox_crops\train\bayraktar_tb2_military_ukrainian_navi\crop_0027.jpg,0.8655779361724854,0.7571111917495728,MATCH
bayraktar_tb2_military_ukrainian_navi,data\demo\real_world_yolox_crops\train\bayraktar_tb2_military_ukrainian_navi\crop_0028.jpg,0.6331788301467896,0.7571111917495728,MATCH
bayraktar_tb2_military_ukrainian_navi,data\demo\real_world_yolox_crops\train\bayraktar_tb2_military_ukrainian_navi\crop_0029.jpg,0.17417871952056885,0.7571111917495728,MATCH
bayraktar_tb2_military_ukrainian_navi,data\demo\real_world_yolox_crops\train\bayraktar_tb2_military_ukrainian_navi\crop_0030.jpg,-0.10416081547737122,0.7571111917495728,MATCH
bayraktar_tb2_military_ukrainian_navi,data\demo\real_world_yolox_crops\train\bayraktar_tb2_military_ukrainian_navi\crop_0031.jpg,0.4089319109916687,0.7571111917495728,MATCH
bayraktar_tb2_military_ukrainian_navi,data\demo\real_world_yolox_crops\train\bayraktar_tb2_military_ukrainian_navi\crop_0032.jpg,-0.10861723124980927,0.7571111917495728,MATCH
bayraktar_tb2_military_ukrainian_navi,data\demo\real_world_yolox_crops\train\bayraktar_tb2_military_ukrainian_navi\crop_0033.jpg,0.08783136308193207,0.7571111917495728,MATCH
bayraktar_tb2_military_ukrainian_navi,data\demo\real_world_yolox_crops\train\bayraktar_tb2_military_ukrainian_navi\crop_0034.jpg,0.05953298881649971,0.7571111917495728,MATCH
bayraktar_tb2_military_ukrainian_navi,data\demo\real_world_yolox_crops\train\bayraktar_tb2_military_ukrainian_navi\crop_0035.jpg,0.21539899706840515,0.7571111917495728,MATCH
bayraktar_tb2_military_ukrainian_navi,data\demo\real_world_yolox_crops\train\bayraktar_tb2_military_ukrainian_navi\crop_0036.jpg,0.6810377836227417,0.7571111917495728,MATCH
bayraktar_tb2_military_ukrainian_navi,data\demo\real_world_yolox_crops\train\bayraktar_tb2_military_ukrainian_navi\crop_0037.jpg,0.39050614833831787,0.7571111917495728,MATCH
bayraktar_tb2_military_ukrainian_navi,data\demo\real_world_yolox_crops\train\bayraktar_tb2_military_ukrainian_navi\crop_0038.jpg,0.5268128514289856,0.7571111917495728,MATCH
bayraktar_tb2_military_ukrainian_navi,data\demo\real_world_yolox_crops\train\bayraktar_tb2_military_ukrainian_navi\crop_0039.jpg,0.10447116941213608,0.7571111917495728,MATCH
bayraktar_tb2_military_ukrainian_navi,data\demo\real_world_yolox_crops\train\bayraktar_tb2_military_ukrainian_navi\crop_0040.jpg,0.5365616083145142,0.7571111917495728,MATCH
bayraktar_tb2_military_ukrainian_navi,data\demo\real_world_yolox_crops\train\bayraktar_tb2_military_ukrainian_navi\crop_0041.jpg,0.24223335087299347,0.7571111917495728,MATCH
bayraktar_tb2_military_ukrainian_navi,data\demo\real_world_yolox_crops\train\bayraktar_tb2_military_ukrainian_navi\crop_0042.jpg,0.23597097396850586,0.7571111917495728,MATCH
bayraktar_tb2_military_ukrainian_navi,data\demo\real_world_yolox_crops\train\bayraktar_tb2_military_ukrainian_navi\crop_0043.jpg,0.2432083934545517,0.7571111917495728,MATCH
bayraktar_tb2_military_ukrainian_navi,data\demo\real_world_yolox_crops\train\bayraktar_tb2_military_ukrainian_navi\crop_0044.jpg,0.2950325608253479,0.7571111917495728,MATCH
bayraktar_tb2_military_ukrainian_navi,data\demo\real_world_yolox_crops\train\bayraktar_tb2_military_ukrainian_navi\crop_0045.jpg,0.4346276819705963,0.7571111917495728,MATCH
bayraktar_tb2_military_ukrainian_navi,data\demo\real_world_yolox_crops\train\bayraktar_tb2_military_ukrainian_navi\crop_0046.jpg,0.278493732213974,0.7571111917495728,MATCH
bayraktar_tb2_military_ukrainian_navi,data\demo\real_world_yolox_crops\train\bayraktar_tb2_military_ukrainian_navi\crop_0047.jpg,0.5074074864387512,0.7571111917495728,MATCH
bayraktar_tb2_military_ukrainian_navi,data\demo\real_world_yolox_crops\train\bayraktar_tb2_military_ukrainian_navi\crop_0048.jpg,0.6117895841598511,0.7571111917495728,MATCH
bayraktar_tb2_military_ukrainian_navi,data\demo\real_world_yolox_crops\train\bayraktar_tb2_military_ukrainian_navi\crop_0049.jpg,0.2910822927951813,0.7571111917495728,MATCH
bayraktar_tb2_military_ukrainian_navi,data\demo\real_world_yolox_crops\train\bayraktar_tb2_military_ukrainian_navi\crop_0050.jpg,0.22729989886283875,0.7571111917495728,MATCH
bayraktar_tb2_military_ukrainian_navi,data\demo\real_world_yolox_crops\train\bayraktar_tb2_military_ukrainian_navi\crop_0051.jpg,0.45769938826560974,0.7571111917495728,MATCH
bayraktar_tb2_military_ukrainian_navi,data\demo\real_world_yolox_crops\train\bayraktar_tb2_military_ukrainian_navi\crop_0052.jpg,0.09312823414802551,0.7571111917495728,MATCH
bayraktar_tb2_military_ukrainian_navi,data\demo\real_world_yolox_crops\train\bayraktar_tb2_military_ukrainian_navi\crop_0053.jpg,0.2979635000228882,0.7571111917495728,MATCH
bayraktar_tb2_military_ukrainian_navi,data\demo\real_world_yolox_crops\train\bayraktar_tb2_military_ukrainian_navi\crop_0054.jpg,0.5852671265602112,0.7571111917495728,MATCH
bayraktar_tb2_military_ukrainian_navi,data\demo\real_world_yolox_crops\train\bayraktar_tb2_military_ukrainian_navi\crop_0055.jpg,-0.0031588561832904816,0.7571111917495728,MATCH
bayraktar_tb2_military_ukrainian_navi,data\demo\real_world_yolox_crops\train\bayraktar_tb2_military_ukrainian_navi\crop_0056.jpg,0.14125709235668182,0.7571111917495728,MATCH
bayraktar_tb2_military_ukrainian_navi,data\demo\real_world_yolox_crops\train\bayraktar_tb2_military_ukrainian_navi\crop_0057.jpg,0.2612598240375519,0.7571111917495728,MATCH
bayraktar_tb2_military_ukrainian_navi,data\demo\real_world_yolox_crops\train\bayraktar_tb2_military_ukrainian_navi\crop_0058.jpg,0.44221362471580505,0.7571111917495728,MATCH
bayraktar_tb2_military_ukrainian_navi,data\demo\real_world_yolox_crops\train\bayraktar_tb2_military_ukrainian_navi\crop_0059.jpg,0.2031712532043457,0.7571111917495728,MATCH
bayraktar_tb2_military_ukrainian_navi,data\demo\real_world_yolox_crops\train\bayraktar_tb2_military_ukrainian_navi\crop_0060.jpg,0.08695901930332184,0.7571111917495728,MATCH
bayraktar_tb2_military_ukrainian_navi,data\demo\real_world_yolox_crops\train\bayraktar_tb2_military_ukrainian_navi\crop_0061.jpg,0.03263244777917862,0.7571111917495728,MATCH
bayraktar_tb2_military_ukrainian_navi,data\demo\real_world_yolox_crops\train\bayraktar_tb2_military_ukrainian_navi\crop_0062.jpg,0.14233490824699402,0.7571111917495728,MATCH
bayraktar_tb2_military_ukrainian_navi,data\demo\real_world_yolox_crops\train\bayraktar_tb2_military_ukrainian_navi\crop_0063.jpg,0.5492755174636841,0.7571111917495728,MATCH
camera_video_fragmentation_preview,data\demo\real_world_yolox_crops\train\camera_video_fragmentation_preview\crop_0000.jpg,0.3134278357028961,0.7412574887275696,MATCH
camera_video_fragmentation_preview,data\demo\real_world_yolox_crops\train\camera_video_fragmentation_preview\crop_0001.jpg,0.2633628845214844,0.7412574887275696,MATCH
camera_video_fragmentation_preview,data\demo\real_world_yolox_crops\train\camera_video_fragmentation_preview\crop_0002.jpg,0.02547214925289154,0.7412574887275696,MATCH
camera_video_fragmentation_preview,data\demo\real_world_yolox_crops\train\camera_video_fragmentation_preview\crop_0003.jpg,0.11105101555585861,0.7412574887275696,MATCH
camera_video_fragmentation_preview,data\demo\real_world_yolox_crops\train\camera_video_fragmentation_preview\crop_0004.jpg,0.43388935923576355,0.7412574887275696,MATCH
camera_video_fragmentation_preview,data\demo\real_world_yolox_crops\train\camera_video_fragmentation_preview\crop_0005.jpg,0.12981966137886047,0.7412574887275696,MATCH
camera_video_fragmentation_preview,data\demo\real_world_yolox_crops\train\camera_video_fragmentation_preview\crop_0006.jpg,0.2662656307220459,0.7412574887275696,MATCH
camera_video_fragmentation_preview,data\demo\real_world_yolox_crops\train\camera_video_fragmentation_preview\crop_0007.jpg,0.09623542428016663,0.7412574887275696,MATCH
camera_video_fragmentation_preview,data\demo\real_world_yolox_crops\train\camera_video_fragmentation_preview\crop_0008.jpg,0.09857979416847229,0.7412574887275696,MATCH
camera_video_fragmentation_preview,data\demo\real_world_yolox_crops\train\camera_video_fragmentation_preview\crop_0009.jpg,0.4357853829860687,0.7412574887275696,MATCH
camera_video_fragmentation_preview,data\demo\real_world_yolox_crops\train\camera_video_fragmentation_preview\crop_0010.jpg,0.44467371702194214,0.7412574887275696,MATCH
camera_video_fragmentation_preview,data\demo\real_world_yolox_crops\train\camera_video_fragmentation_preview\crop_0011.jpg,0.23681075870990753,0.7412574887275696,MATCH
camera_video_fragmentation_preview,data\demo\real_world_yolox_crops\train\camera_video_fragmentation_preview\crop_0012.jpg,0.10779811441898346,0.7412574887275696,MATCH
camera_video_fragmentation_preview,data\demo\real_world_yolox_crops\train\camera_video_fragmentation_preview\crop_0013.jpg,0.26028019189834595,0.7412574887275696,MATCH
camera_video_fragmentation_preview,data\demo\real_world_yolox_crops\train\camera_video_fragmentation_preview\crop_0014.jpg,0.3858747184276581,0.7412574887275696,MATCH
camera_video_fragmentation_preview,data\demo\real_world_yolox_crops\train\camera_video_fragmentation_preview\crop_0015.jpg,0.29131537675857544,0.7412574887275696,MATCH
camera_video_fragmentation_preview,data\demo\real_world_yolox_crops\train\camera_video_fragmentation_preview\crop_0016.jpg,0.31845149397850037,0.7412574887275696,MATCH
camera_video_fragmentation_preview,data\demo\real_world_yolox_crops\train\camera_video_fragmentation_preview\crop_0017.jpg,0.03366410732269287,0.7412574887275696,MATCH
camera_video_fragmentation_preview,data\demo\real_world_yolox_crops\train\camera_video_fragmentation_preview\crop_0018.jpg,0.09748944640159607,0.7412574887275696,MATCH
camera_video_fragmentation_preview,data\demo\real_world_yolox_crops\train\camera_video_fragmentation_preview\crop_0019.jpg,-0.20418815314769745,0.7412574887275696,MATCH
camera_video_fragmentation_preview,data\demo\real_world_yolox_crops\train\camera_video_fragmentation_preview\crop_0020.jpg,-0.1368507742881775,0.7412574887275696,MATCH
camera_video_fragmentation_preview,data\demo\real_world_yolox_crops\train\camera_video_fragmentation_preview\crop_0021.jpg,-0.28881147503852844,0.7412574887275696,MATCH
camera_video_fragmentation_preview,data\demo\real_world_yolox_crops\train\camera_video_fragmentation_preview\crop_0022.jpg,0.1105893924832344,0.7412574887275696,MATCH
camera_video_fragmentation_preview,data\demo\real_world_yolox_crops\train\camera_video_fragmentation_preview\crop_0023.jpg,-0.374290406703949,0.7412574887275696,MATCH
camera_video_fragmentation_preview,data\demo\real_world_yolox_crops\train\camera_video_fragmentation_preview\crop_0024.jpg,-0.08656050264835358,0.7412574887275696,MATCH
camera_video_fragmentation_preview,data\demo\real_world_yolox_crops\train\camera_video_fragmentation_preview\crop_0025.jpg,-0.23129616677761078,0.7412574887275696,MATCH
camera_video_fragmentation_preview,data\demo\real_world_yolox_crops\train\camera_video_fragmentation_preview\crop_0026.jpg,-0.04851745441555977,0.7412574887275696,MATCH
camera_video_fragmentation_preview,data\demo\real_world_yolox_crops\train\camera_video_fragmentation_preview\crop_0027.jpg,-0.2569315433502197,0.7412574887275696,MATCH
camera_video_fragmentation_preview,data\demo\real_world_yolox_crops\train\camera_video_fragmentation_preview\crop_0028.jpg,-0.25625699758529663,0.7412574887275696,MATCH
camera_video_fragmentation_preview,data\demo\real_world_yolox_crops\train\camera_video_fragmentation_preview\crop_0029.jpg,-0.08161585032939911,0.7412574887275696,MATCH
camera_video_fragmentation_preview,data\demo\real_world_yolox_crops\train\camera_video_fragmentation_preview\crop_0030.jpg,-0.06533888727426529,0.7412574887275696,MATCH
camera_video_fragmentation_preview,data\demo\real_world_yolox_crops\train\camera_video_fragmentation_preview\crop_0031.jpg,-0.14602847397327423,0.7412574887275696,MATCH
camera_video_fragmentation_preview,data\demo\real_world_yolox_crops\train\camera_video_fragmentation_preview\crop_0032.jpg,0.5691618919372559,0.7412574887275696,MATCH
camera_video_fragmentation_preview,data\demo\real_world_yolox_crops\train\camera_video_fragmentation_preview\crop_0033.jpg,0.6535314917564392,0.7412574887275696,MATCH
camera_video_fragmentation_preview,data\demo\real_world_yolox_crops\train\camera_video_fragmentation_preview\crop_0034.jpg,0.694028377532959,0.7412574887275696,MATCH
camera_video_fragmentation_preview,data\demo\real_world_yolox_crops\train\camera_video_fragmentation_preview\crop_0035.jpg,0.6865593194961548,0.7412574887275696,MATCH
camera_video_fragmentation_preview,data\demo\real_world_yolox_crops\train\camera_video_fragmentation_preview\crop_0036.jpg,0.4466588497161865,0.7412574887275696,MATCH
camera_video_fragmentation_preview,data\demo\real_world_yolox_crops\train\camera_video_fragmentation_preview\crop_0037.jpg,0.7125625014305115,0.7412574887275696,MATCH
camera_video_fragmentation_preview,data\demo\real_world_yolox_crops\train\camera_video_fragmentation_preview\crop_0038.jpg,0.7745276093482971,0.7412574887275696,MATCH
camera_video_fragmentation_preview,data\demo\real_world_yolox_crops\train\camera_video_fragmentation_preview\crop_0039.jpg,0.49469202756881714,0.7412574887275696,MATCH
camera_video_fragmentation_preview,data\demo\real_world_yolox_crops\train\camera_video_fragmentation_preview\crop_0040.jpg,0.6891434788703918,0.7412574887275696,MATCH
camera_video_fragmentation_preview,data\demo\real_world_yolox_crops\train\camera_video_fragmentation_preview\crop_0041.jpg,0.8162340521812439,0.7412574887275696,MATCH
camera_video_fragmentation_preview,data\demo\real_world_yolox_crops\train\camera_video_fragmentation_preview\crop_0042.jpg,0.6493545174598694,0.7412574887275696,MATCH
camera_video_fragmentation_preview,data\demo\real_world_yolox_crops\train\camera_video_fragmentation_preview\crop_0043.jpg,0.528957724571228,0.7412574887275696,MATCH
camera_video_fragmentation_preview,data\demo\real_world_yolox_crops\train\camera_video_fragmentation_preview\crop_0044.jpg,0.6808662414550781,0.7412574887275696,MATCH
camera_video_fragmentation_preview,data\demo\real_world_yolox_crops\train\camera_video_fragmentation_preview\crop_0045.jpg,0.6809355616569519,0.7412574887275696,MATCH
camera_video_fragmentation_preview,data\demo\real_world_yolox_crops\train\camera_video_fragmentation_preview\crop_0046.jpg,0.7064619064331055,0.7412574887275696,MATCH
camera_video_fragmentation_preview,data\demo\real_world_yolox_crops\train\camera_video_fragmentation_preview\crop_0047.jpg,0.6454025506973267,0.7412574887275696,MATCH
camera_video_fragmentation_preview,data\demo\real_world_yolox_crops\train\camera_video_fragmentation_preview\crop_0048.jpg,0.6775147914886475,0.7412574887275696,MATCH
camera_video_fragmentation_preview,data\demo\real_world_yolox_crops\train\camera_video_fragmentation_preview\crop_0049.jpg,0.5410743951797485,0.7412574887275696,MATCH
camera_video_fragmentation_preview,data\demo\real_world_yolox_crops\train\camera_video_fragmentation_preview\crop_0050.jpg,0.44977444410324097,0.7412574887275696,MATCH
camera_video_fragmentation_preview,data\demo\real_world_yolox_crops\train\camera_video_fragmentation_preview\crop_0051.jpg,0.6898249387741089,0.7412574887275696,MATCH
camera_video_fragmentation_preview,data\demo\real_world_yolox_crops\train\camera_video_fragmentation_preview\crop_0052.jpg,0.4570067524909973,0.7412574887275696,MATCH
camera_video_fragmentation_preview,data\demo\real_world_yolox_crops\train\camera_video_fragmentation_preview\crop_0053.jpg,0.4841991364955902,0.7412574887275696,MATCH
camera_video_fragmentation_preview,data\demo\real_world_yolox_crops\train\camera_video_fragmentation_preview\crop_0054.jpg,0.5672053098678589,0.7412574887275696,MATCH
camera_video_fragmentation_preview,data\demo\real_world_yolox_crops\train\camera_video_fragmentation_preview\crop_0055.jpg,0.6965013146400452,0.7412574887275696,MATCH
camera_video_fragmentation_preview,data\demo\real_world_yolox_crops\train\camera_video_fragmentation_preview\crop_0056.jpg,0.31211936473846436,0.7412574887275696,MATCH
camera_video_fragmentation_preview,data\demo\real_world_yolox_crops\train\camera_video_fragmentation_preview\crop_0057.jpg,0.6593458652496338,0.7412574887275696,MATCH
camera_video_fragmentation_preview,data\demo\real_world_yolox_crops\train\camera_video_fragmentation_preview\crop_0058.jpg,0.681251585483551,0.7412574887275696,MATCH
camera_video_fragmentation_preview,data\demo\real_world_yolox_crops\train\camera_video_fragmentation_preview\crop_0059.jpg,0.6476820111274719,0.7412574887275696,MATCH
camera_video_fragmentation_preview,data\demo\real_world_yolox_crops\train\camera_video_fragmentation_preview\crop_0060.jpg,0.44466742873191833,0.7412574887275696,MATCH
camera_video_fragmentation_preview,data\demo\real_world_yolox_crops\train\camera_video_fragmentation_preview\crop_0061.jpg,0.3041195869445801,0.7412574887275696,MATCH
camera_video_fragmentation_preview,data\demo\real_world_yolox_crops\train\camera_video_fragmentation_preview\crop_0062.jpg,0.2932666540145874,0.7412574887275696,MATCH
camera_video_fragmentation_preview,data\demo\real_world_yolox_crops\train\camera_video_fragmentation_preview\crop_0063.jpg,0.6254993677139282,0.7412574887275696,MATCH
camera_video_fragmentation_preview,data\demo\real_world_yolox_crops\train\camera_video_fragmentation_preview\crop_0064.jpg,0.43572068214416504,0.7412574887275696,MATCH
camera_video_fragmentation_preview,data\demo\real_world_yolox_crops\train\camera_video_fragmentation_preview\crop_0065.jpg,0.30318036675453186,0.7412574887275696,MATCH
camera_video_fragmentation_preview,data\demo\real_world_yolox_crops\train\camera_video_fragmentation_preview\crop_0066.jpg,0.6763231158256531,0.7412574887275696,MATCH
camera_video_fragmentation_preview,data\demo\real_world_yolox_crops\train\camera_video_fragmentation_preview\crop_0067.jpg,0.580795168876648,0.7412574887275696,MATCH
camera_video_fragmentation_preview,data\demo\real_world_yolox_crops\train\camera_video_fragmentation_preview\crop_0068.jpg,0.5576308369636536,0.7412574887275696,MATCH
camera_video_fragmentation_preview,data\demo\real_world_yolox_crops\train\camera_video_fragmentation_preview\crop_0069.jpg,0.5159096717834473,0.7412574887275696,MATCH
drone_uav_wing_desert_camo,data\demo\real_world_yolox_crops\train\drone_uav_wing_desert_camo\crop_0000.jpg,-0.01799865812063217,0.5423067808151245,unknown
drone_uav_wing_desert_camo,data\demo\real_world_yolox_crops\train\drone_uav_wing_desert_camo\crop_0001.jpg,0.3444242477416992,0.5423067808151245,unknown
drone_uav_wing_desert_camo,data\demo\real_world_yolox_crops\train\drone_uav_wing_desert_camo\crop_0002.jpg,0.09423216432332993,0.5423067808151245,unknown
drone_uav_wing_desert_camo,data\demo\real_world_yolox_crops\train\drone_uav_wing_desert_camo\crop_0003.jpg,-0.0870896577835083,0.5423067808151245,unknown
drone_uav_wing_desert_camo,data\demo\real_world_yolox_crops\train\drone_uav_wing_desert_camo\crop_0004.jpg,0.2804945707321167,0.5423067808151245,unknown
drone_uav_wing_desert_camo,data\demo\real_world_yolox_crops\train\drone_uav_wing_desert_camo\crop_0005.jpg,0.3585205674171448,0.5423067808151245,unknown
drone_uav_wing_desert_camo,data\demo\real_world_yolox_crops\train\drone_uav_wing_desert_camo\crop_0006.jpg,0.05409330502152443,0.5423067808151245,unknown
drone_uav_wing_desert_camo,data\demo\real_world_yolox_crops\train\drone_uav_wing_desert_camo\crop_0007.jpg,-0.02865668013691902,0.5423067808151245,unknown
drone_uav_wing_desert_camo,data\demo\real_world_yolox_crops\train\drone_uav_wing_desert_camo\crop_0008.jpg,-0.10210604965686798,0.5423067808151245,unknown
drone_uav_wing_desert_camo,data\demo\real_world_yolox_crops\train\drone_uav_wing_desert_camo\crop_0009.jpg,0.3239681124687195,0.5423067808151245,unknown
drone_uav_wing_desert_camo,data\demo\real_world_yolox_crops\train\drone_uav_wing_desert_camo\crop_0010.jpg,0.2112399935722351,0.5423067808151245,unknown
drone_uav_wing_desert_camo,data\demo\real_world_yolox_crops\train\drone_uav_wing_desert_camo\crop_0011.jpg,0.18556340038776398,0.5423067808151245,unknown
drone_uav_wing_desert_camo,data\demo\real_world_yolox_crops\train\drone_uav_wing_desert_camo\crop_0012.jpg,0.09357636421918869,0.5423067808151245,unknown
drone_uav_wing_desert_camo,data\demo\real_world_yolox_crops\train\drone_uav_wing_desert_camo\crop_0013.jpg,-0.03646884858608246,0.5423067808151245,unknown
drone_uav_wing_desert_camo,data\demo\real_world_yolox_crops\train\drone_uav_wing_desert_camo\crop_0014.jpg,0.12796756625175476,0.5423067808151245,unknown
drone_uav_wing_desert_camo,data\demo\real_world_yolox_crops\train\drone_uav_wing_desert_camo\crop_0015.jpg,0.1345718502998352,0.5423067808151245,unknown
drone_uav_wing_desert_camo,data\demo\real_world_yolox_crops\train\drone_uav_wing_desert_camo\crop_0016.jpg,-0.01109921932220459,0.5423067808151245,unknown
drone_uav_wing_desert_camo,data\demo\real_world_yolox_crops\train\drone_uav_wing_desert_camo\crop_0017.jpg,-0.1599433273077011,0.5423067808151245,unknown
drone_uav_wing_desert_camo,data\demo\real_world_yolox_crops\train\drone_uav_wing_desert_camo\crop_0018.jpg,-0.04346846416592598,0.5423067808151245,unknown
drone_uav_wing_desert_camo,data\demo\real_world_yolox_crops\train\drone_uav_wing_desert_camo\crop_0019.jpg,0.6766152381896973,0.5423067808151245,unknown
drone_uav_wing_desert_camo,data\demo\real_world_yolox_crops\train\drone_uav_wing_desert_camo\crop_0020.jpg,0.1363409459590912,0.5423067808151245,unknown
drone_uav_wing_desert_camo,data\demo\real_world_yolox_crops\train\drone_uav_wing_desert_camo\crop_0021.jpg,0.2274128794670105,0.5423067808151245,unknown
drone_uav_wing_desert_camo,data\demo\real_world_yolox_crops\train\drone_uav_wing_desert_camo\crop_0022.jpg,0.06327401101589203,0.5423067808151245,unknown
drone_uav_wing_desert_camo,data\demo\real_world_yolox_crops\train\drone_uav_wing_desert_camo\crop_0023.jpg,0.048835765570402145,0.5423067808151245,unknown
drone_uav_wing_desert_camo,data\demo\real_world_yolox_crops\train\drone_uav_wing_desert_camo\crop_0024.jpg,0.08724752813577652,0.5423067808151245,unknown
drone_uav_wing_desert_camo,data\demo\real_world_yolox_crops\train\drone_uav_wing_desert_camo\crop_0025.jpg,0.22974613308906555,0.5423067808151245,unknown
drone_uav_wing_desert_camo,data\demo\real_world_yolox_crops\train\drone_uav_wing_desert_camo\crop_0026.jpg,0.04297404736280441,0.5423067808151245,unknown
drone_uav_wing_desert_camo,data\demo\real_world_yolox_crops\train\drone_uav_wing_desert_camo\crop_0027.jpg,0.25319617986679077,0.5423067808151245,unknown
drone_uav_wing_desert_camo,data\demo\real_world_yolox_crops\train\drone_uav_wing_desert_camo\crop_0028.jpg,0.17952288687229156,0.5423067808151245,unknown
drone_uav_wing_desert_camo,data\demo\real_world_yolox_crops\train\drone_uav_wing_desert_camo\crop_0029.jpg,0.16796672344207764,0.5423067808151245,unknown
drone_uav_wing_desert_camo,data\demo\real_world_yolox_crops\train\drone_uav_wing_desert_camo\crop_0030.jpg,-0.21089640259742737,0.5423067808151245,unknown
drone_uav_wing_desert_camo,data\demo\real_world_yolox_crops\train\drone_uav_wing_desert_camo\crop_0031.jpg,0.09914974123239517,0.5423067808151245,unknown
drone_uav_wing_desert_camo,data\demo\real_world_yolox_crops\train\drone_uav_wing_desert_camo\crop_0032.jpg,0.31675273180007935,0.5423067808151245,unknown
drone_uav_wing_desert_camo,data\demo\real_world_yolox_crops\train\drone_uav_wing_desert_camo\crop_0033.jpg,0.018826117739081383,0.5423067808151245,unknown
drone_uav_wing_desert_camo,data\demo\real_world_yolox_crops\train\drone_uav_wing_desert_camo\crop_0034.jpg,-0.04007656127214432,0.5423067808151245,unknown
drone_uav_wing_desert_camo,data\demo\real_world_yolox_crops\train\drone_uav_wing_desert_camo\crop_0035.jpg,0.07167266309261322,0.5423067808151245,unknown
drone_uav_wing_desert_camo,data\demo\real_world_yolox_crops\train\drone_uav_wing_desert_camo\crop_0036.jpg,0.2524954676628113,0.5423067808151245,unknown
drone_uav_wing_desert_camo,data\demo\real_world_yolox_crops\train\drone_uav_wing_desert_camo\crop_0037.jpg,0.338742733001709,0.5423067808151245,unknown
drone_uav_wing_desert_camo,data\demo\real_world_yolox_crops\train\drone_uav_wing_desert_camo\crop_0038.jpg,0.2190500944852829,0.5423067808151245,unknown
drone_uav_wing_desert_camo,data\demo\real_world_yolox_crops\train\drone_uav_wing_desert_camo\crop_0039.jpg,0.7482871413230896,0.5423067808151245,unknown
drone_uav_wing_desert_camo,data\demo\real_world_yolox_crops\train\drone_uav_wing_desert_camo\crop_0040.jpg,0.08316873013973236,0.5423067808151245,unknown
drone_uav_wing_desert_camo,data\demo\real_world_yolox_crops\train\drone_uav_wing_desert_camo\crop_0041.jpg,0.4313475489616394,0.5423067808151245,unknown
drone_uav_wing_desert_camo,data\demo\real_world_yolox_crops\train\drone_uav_wing_desert_camo\crop_0042.jpg,0.4416193962097168,0.5423067808151245,unknown
drone_uav_wing_desert_camo,data\demo\real_world_yolox_crops\train\drone_uav_wing_desert_camo\crop_0043.jpg,0.23546522855758667,0.5423067808151245,unknown
drone_uav_wing_desert_camo,data\demo\real_world_yolox_crops\train\drone_uav_wing_desert_camo\crop_0044.jpg,-0.07898551225662231,0.5423067808151245,unknown
drone_uav_wing_desert_camo,data\demo\real_world_yolox_crops\train\drone_uav_wing_desert_camo\crop_0045.jpg,-0.25522303581237793,0.5423067808151245,unknown
drone_uav_wing_desert_camo,data\demo\real_world_yolox_crops\train\drone_uav_wing_desert_camo\crop_0046.jpg,0.17750230431556702,0.5423067808151245,unknown
drone_uav_wing_desert_camo,data\demo\real_world_yolox_crops\train\drone_uav_wing_desert_camo\crop_0047.jpg,-0.018803732469677925,0.5423067808151245,unknown
drone_uav_wing_desert_camo,data\demo\real_world_yolox_crops\train\drone_uav_wing_desert_camo\crop_0048.jpg,0.11595547944307327,0.5423067808151245,unknown
drone_uav_wing_desert_camo,data\demo\real_world_yolox_crops\train\drone_uav_wing_desert_camo\crop_0049.jpg,-0.10368582606315613,0.5423067808151245,unknown
drone_uav_wing_desert_camo,data\demo\real_world_yolox_crops\train\drone_uav_wing_desert_camo\crop_0050.jpg,-0.010624928399920464,0.5423067808151245,unknown
drone_uav_wing_desert_camo,data\demo\real_world_yolox_crops\train\drone_uav_wing_desert_camo\crop_0051.jpg,-0.016330763697624207,0.5423067808151245,unknown
drone_uav_wing_desert_camo,data\demo\real_world_yolox_crops\train\drone_uav_wing_desert_camo\crop_0052.jpg,-0.1657894253730774,0.5423067808151245,unknown
drone_uav_wing_desert_camo,data\demo\real_world_yolox_crops\train\drone_uav_wing_desert_camo\crop_0053.jpg,0.4136645793914795,0.5423067808151245,unknown
drone_uav_wing_desert_camo,data\demo\real_world_yolox_crops\train\drone_uav_wing_desert_camo\crop_0054.jpg,0.08271230757236481,0.5423067808151245,unknown
drone_uav_wing_desert_camo,data\demo\real_world_yolox_crops\train\drone_uav_wing_desert_camo\crop_0055.jpg,-0.11935140937566757,0.5423067808151245,unknown
drone_uav_wing_desert_camo,data\demo\real_world_yolox_crops\train\drone_uav_wing_desert_camo\crop_0056.jpg,0.09020502120256424,0.5423067808151245,unknown
drone_uav_wing_desert_camo,data\demo\real_world_yolox_crops\train\drone_uav_wing_desert_camo\crop_0057.jpg,0.07667438685894012,0.5423067808151245,unknown
drone_uav_wing_desert_camo,data\demo\real_world_yolox_crops\train\drone_uav_wing_desert_camo\crop_0058.jpg,0.12854152917861938,0.5423067808151245,unknown
drone_uav_wing_desert_camo,data\demo\real_world_yolox_crops\train\drone_uav_wing_desert_camo\crop_0059.jpg,0.1411454826593399,0.5423067808151245,unknown
drone_uav_wing_desert_camo,data\demo\real_world_yolox_crops\train\drone_uav_wing_desert_camo\crop_0060.jpg,0.2412402629852295,0.5423067808151245,unknown
drone_uav_wing_desert_camo,data\demo\real_world_yolox_crops\train\drone_uav_wing_desert_camo\crop_0061.jpg,0.03541501611471176,0.5423067808151245,unknown
drone_uav_wing_desert_camo,data\demo\real_world_yolox_crops\train\drone_uav_wing_desert_camo\crop_0062.jpg,0.05037674680352211,0.5423067808151245,unknown
drone_uav_wing_desert_camo,data\demo\real_world_yolox_crops\train\drone_uav_wing_desert_camo\crop_0063.jpg,-0.038366928696632385,0.5423067808151245,unknown
drone_uav_wing_desert_camo,data\demo\real_world_yolox_crops\train\drone_uav_wing_desert_camo\crop_0064.jpg,0.05764257162809372,0.5423067808151245,unknown
drone_uav_wing_desert_camo,data\demo\real_world_yolox_crops\train\drone_uav_wing_desert_camo\crop_0065.jpg,0.14328880608081818,0.5423067808151245,unknown
drone_uav_wing_desert_camo,data\demo\real_world_yolox_crops\train\drone_uav_wing_desert_camo\crop_0066.jpg,0.028125450015068054,0.5423067808151245,unknown
drone_uav_wing_desert_camo,data\demo\real_world_yolox_crops\train\drone_uav_wing_desert_camo\crop_0067.jpg,0.062296368181705475,0.5423067808151245,unknown
lancet,data\demo\real_world_yolox_crops\train\lancet\crop_0000.jpg,0.09658204019069672,0.6951758861541748,MATCH
lancet,data\demo\real_world_yolox_crops\train\lancet\crop_0001.jpg,0.07681454718112946,0.6951758861541748,MATCH
lancet,data\demo\real_world_yolox_crops\train\lancet\crop_0002.jpg,0.04494086652994156,0.6951758861541748,MATCH
lancet,data\demo\real_world_yolox_crops\train\lancet\crop_0003.jpg,-0.007328152656555176,0.6951758861541748,MATCH
lancet,data\demo\real_world_yolox_crops\train\lancet\crop_0004.jpg,0.1153569370508194,0.6951758861541748,MATCH
lancet,data\demo\real_world_yolox_crops\train\lancet\crop_0005.jpg,0.08219917118549347,0.6951758861541748,MATCH
lancet,data\demo\real_world_yolox_crops\train\lancet\crop_0006.jpg,0.17141105234622955,0.6951758861541748,MATCH
lancet,data\demo\real_world_yolox_crops\train\lancet\crop_0007.jpg,0.12320815026760101,0.6951758861541748,MATCH
lancet,data\demo\real_world_yolox_crops\train\lancet\crop_0008.jpg,0.1398332715034485,0.6951758861541748,MATCH
lancet,data\demo\real_world_yolox_crops\train\lancet\crop_0009.jpg,-0.21781176328659058,0.6951758861541748,MATCH
lancet,data\demo\real_world_yolox_crops\train\lancet\crop_0010.jpg,0.07814815640449524,0.6951758861541748,MATCH
lancet,data\demo\real_world_yolox_crops\train\lancet\crop_0011.jpg,0.3777084946632385,0.6951758861541748,MATCH
lancet,data\demo\real_world_yolox_crops\train\lancet\crop_0012.jpg,0.3696226179599762,0.6951758861541748,MATCH
lancet,data\demo\real_world_yolox_crops\train\lancet\crop_0013.jpg,0.21304696798324585,0.6951758861541748,MATCH
lancet,data\demo\real_world_yolox_crops\train\lancet\crop_0014.jpg,0.1745360642671585,0.6951758861541748,MATCH
lancet,data\demo\real_world_yolox_crops\train\lancet\crop_0015.jpg,0.1594092845916748,0.6951758861541748,MATCH
lancet,data\demo\real_world_yolox_crops\train\lancet\crop_0016.jpg,0.2368856817483902,0.6951758861541748,MATCH
lancet,data\demo\real_world_yolox_crops\train\lancet\crop_0017.jpg,0.3097624182701111,0.6951758861541748,MATCH
lancet,data\demo\real_world_yolox_crops\train\lancet\crop_0018.jpg,0.3448464870452881,0.6951758861541748,MATCH
lancet,data\demo\real_world_yolox_crops\train\lancet\crop_0019.jpg,0.8256986141204834,0.6951758861541748,MATCH
lancet,data\demo\real_world_yolox_crops\train\lancet\crop_0020.jpg,0.549875795841217,0.6951758861541748,MATCH
lancet,data\demo\real_world_yolox_crops\train\lancet\crop_0021.jpg,0.21176955103874207,0.6951758861541748,MATCH
lancet,data\demo\real_world_yolox_crops\train\lancet\crop_0022.jpg,0.2772441804409027,0.6951758861541748,MATCH
lancet,data\demo\real_world_yolox_crops\train\lancet\crop_0023.jpg,0.23280414938926697,0.6951758861541748,MATCH
lancet,data\demo\real_world_yolox_crops\train\lancet\crop_0024.jpg,0.13903051614761353,0.6951758861541748,MATCH
lancet,data\demo\real_world_yolox_crops\train\lancet\crop_0025.jpg,0.4592711627483368,0.6951758861541748,MATCH
lancet,data\demo\real_world_yolox_crops\train\lancet\crop_0026.jpg,0.3226386606693268,0.6951758861541748,MATCH
lancet,data\demo\real_world_yolox_crops\train\lancet\crop_0027.jpg,0.020034268498420715,0.6951758861541748,MATCH
lancet,data\demo\real_world_yolox_crops\train\lancet\crop_0028.jpg,0.09660103917121887,0.6951758861541748,MATCH
lancet,data\demo\real_world_yolox_crops\train\lancet\crop_0029.jpg,0.23072874546051025,0.6951758861541748,MATCH
lancet,data\demo\real_world_yolox_crops\train\lancet\crop_0030.jpg,0.13548997044563293,0.6951758861541748,MATCH
lancet,data\demo\real_world_yolox_crops\train\lancet\crop_0031.jpg,0.10399460047483444,0.6951758861541748,MATCH
lancet,data\demo\real_world_yolox_crops\train\lancet\crop_0032.jpg,0.13635757565498352,0.6951758861541748,MATCH
lancet,data\demo\real_world_yolox_crops\train\lancet\crop_0033.jpg,0.29339152574539185,0.6951758861541748,MATCH
lancet,data\demo\real_world_yolox_crops\train\lancet\crop_0034.jpg,0.1595839560031891,0.6951758861541748,MATCH
lancet,data\demo\real_world_yolox_crops\train\lancet\crop_0035.jpg,0.18926765024662018,0.6951758861541748,MATCH
lancet,data\demo\real_world_yolox_crops\train\lancet\crop_0036.jpg,0.012642689049243927,0.6951758861541748,MATCH
lancet,data\demo\real_world_yolox_crops\train\lancet\crop_0037.jpg,0.11638815701007843,0.6951758861541748,MATCH
lancet,data\demo\real_world_yolox_crops\train\lancet\crop_0038.jpg,0.17327603697776794,0.6951758861541748,MATCH
lancet,data\demo\real_world_yolox_crops\train\lancet\crop_0039.jpg,0.1717475950717926,0.6951758861541748,MATCH
lancet,data\demo\real_world_yolox_crops\train\lancet\crop_0040.jpg,0.12763233482837677,0.6951758861541748,MATCH
lancet,data\demo\real_world_yolox_crops\train\lancet\crop_0041.jpg,0.26246073842048645,0.6951758861541748,MATCH
lancet,data\demo\real_world_yolox_crops\train\lancet\crop_0042.jpg,0.06750241667032242,0.6951758861541748,MATCH
lancet,data\demo\real_world_yolox_crops\train\lancet\crop_0043.jpg,0.20300814509391785,0.6951758861541748,MATCH
lancet,data\demo\real_world_yolox_crops\train\lancet\crop_0044.jpg,0.17996355891227722,0.6951758861541748,MATCH
lancet,data\demo\real_world_yolox_crops\train\lancet\crop_0045.jpg,0.12459997832775116,0.6951758861541748,MATCH
lancet,data\demo\real_world_yolox_crops\train\lancet\crop_0046.jpg,0.09760943800210953,0.6951758861541748,MATCH
lancet,data\demo\real_world_yolox_crops\train\lancet\crop_0047.jpg,0.16950131952762604,0.6951758861541748,MATCH
lancet,data\demo\real_world_yolox_crops\train\lancet\crop_0048.jpg,0.1388930380344391,0.6951758861541748,MATCH
lancet,data\demo\real_world_yolox_crops\train\lancet\crop_0049.jpg,0.11328866332769394,0.6951758861541748,MATCH
lancet,data\demo\real_world_yolox_crops\train\lancet\crop_0050.jpg,0.10037124156951904,0.6951758861541748,MATCH
lancet,data\demo\real_world_yolox_crops\train\lancet\crop_0051.jpg,0.04824983701109886,0.6951758861541748,MATCH
lancet,data\demo\real_world_yolox_crops\train\lancet\crop_0052.jpg,0.10149423778057098,0.6951758861541748,MATCH
lancet,data\demo\real_world_yolox_crops\train\lancet\crop_0053.jpg,0.159311443567276,0.6951758861541748,MATCH
lancet,data\demo\real_world_yolox_crops\train\lancet\crop_0054.jpg,0.17599371075630188,0.6951758861541748,MATCH
lancet,data\demo\real_world_yolox_crops\train\lancet\crop_0055.jpg,0.1427420824766159,0.6951758861541748,MATCH
lancet,data\demo\real_world_yolox_crops\train\lancet\crop_0056.jpg,0.2203969657421112,0.6951758861541748,MATCH
lancet,data\demo\real_world_yolox_crops\train\lancet\crop_0057.jpg,0.31646662950515747,0.6951758861541748,MATCH
lancet,data\demo\real_world_yolox_crops\train\lancet\crop_0058.jpg,0.16364216804504395,0.6951758861541748,MATCH
lancet,data\demo\real_world_yolox_crops\train\lancet\crop_0059.jpg,0.2244158536195755,0.6951758861541748,MATCH
lancet,data\demo\real_world_yolox_crops\train\lancet\crop_0060.jpg,0.39834505319595337,0.6951758861541748,MATCH
lancet,data\demo\real_world_yolox_crops\train\lancet\crop_0061.jpg,0.1588888019323349,0.6951758861541748,MATCH
lancet,data\demo\real_world_yolox_crops\train\lancet\crop_0062.jpg,0.4977540969848633,0.6951758861541748,MATCH
lancet,data\demo\real_world_yolox_crops\train\lancet\crop_0063.jpg,0.7815702557563782,0.6951758861541748,MATCH
lancet,data\demo\real_world_yolox_crops\train\lancet\crop_0064.jpg,0.8209806680679321,0.6951758861541748,MATCH
lancet,data\demo\real_world_yolox_crops\train\lancet\crop_0065.jpg,0.11510130017995834,0.6951758861541748,MATCH
lancet,data\demo\real_world_yolox_crops\train\lancet\crop_0066.jpg,0.32414430379867554,0.6951758861541748,MATCH
lancet,data\demo\real_world_yolox_crops\train\lancet\crop_0067.jpg,0.3516997694969177,0.6951758861541748,MATCH
lancet,data\demo\real_world_yolox_crops\train\lancet\crop_0068.jpg,0.21445626020431519,0.6951758861541748,MATCH
lancet,data\demo\real_world_yolox_crops\train\lancet\crop_0069.jpg,0.283560574054718,0.6951758861541748,MATCH
lancet,data\demo\real_world_yolox_crops\train\lancet\crop_0070.jpg,0.2886708378791809,0.6951758861541748,MATCH
lancet,data\demo\real_world_yolox_crops\train\lancet\crop_0071.jpg,0.25665050745010376,0.6951758861541748,MATCH
lancet,data\demo\real_world_yolox_crops\train\lancet\crop_0072.jpg,0.1265447586774826,0.6951758861541748,MATCH
lancet,data\demo\real_world_yolox_crops\train\lancet\crop_0073.jpg,0.22689542174339294,0.6951758861541748,MATCH
lancet,data\demo\real_world_yolox_crops\train\lancet\crop_0074.jpg,0.1713111400604248,0.6951758861541748,MATCH
lancet,data\demo\real_world_yolox_crops\train\lancet\crop_0075.jpg,0.062431711703538895,0.6951758861541748,MATCH
lancet,data\demo\real_world_yolox_crops\train\lancet\crop_0076.jpg,0.1679166853427887,0.6951758861541748,MATCH
lancet,data\demo\real_world_yolox_crops\train\lancet\crop_0077.jpg,0.07543566823005676,0.6951758861541748,MATCH
lancet,data\demo\real_world_yolox_crops\train\lancet\crop_0078.jpg,0.018327511847019196,0.6951758861541748,MATCH
lancet,data\demo\real_world_yolox_crops\train\lancet\crop_0079.jpg,0.27853643894195557,0.6951758861541748,MATCH
lancet,data\demo\real_world_yolox_crops\train\lancet\crop_0080.jpg,0.2732723355293274,0.6951758861541748,MATCH
lancet,data\demo\real_world_yolox_crops\train\lancet\crop_0081.jpg,0.23768272995948792,0.6951758861541748,MATCH
lancet,data\demo\real_world_yolox_crops\train\lancet\crop_0082.jpg,0.16037337481975555,0.6951758861541748,MATCH
morok_uav_drone_3d_model,data\demo\real_world_yolox_crops\train\morok_uav_drone_3d_model\crop_0000.jpg,-0.05700239911675453,0.23343761265277863,unknown
morok_uav_drone_3d_model,data\demo\real_world_yolox_crops\train\morok_uav_drone_3d_model\crop_0001.jpg,-0.05711391195654869,0.23343761265277863,unknown
morok_uav_drone_3d_model,data\demo\real_world_yolox_crops\train\morok_uav_drone_3d_model\crop_0002.jpg,0.02417195588350296,0.23343761265277863,unknown
morok_uav_drone_3d_model,data\demo\real_world_yolox_crops\train\morok_uav_drone_3d_model\crop_0003.jpg,0.10367539525032043,0.23343761265277863,unknown
morok_uav_drone_3d_model,data\demo\real_world_yolox_crops\train\morok_uav_drone_3d_model\crop_0004.jpg,0.15837711095809937,0.23343761265277863,unknown
morok_uav_drone_3d_model,data\demo\real_world_yolox_crops\train\morok_uav_drone_3d_model\crop_0005.jpg,0.18227533996105194,0.23343761265277863,unknown
morok_uav_drone_3d_model,data\demo\real_world_yolox_crops\train\morok_uav_drone_3d_model\crop_0006.jpg,0.01964493840932846,0.23343761265277863,unknown
morok_uav_drone_3d_model,data\demo\real_world_yolox_crops\train\morok_uav_drone_3d_model\crop_0007.jpg,0.009890466928482056,0.23343761265277863,unknown
morok_uav_drone_3d_model,data\demo\real_world_yolox_crops\train\morok_uav_drone_3d_model\crop_0008.jpg,-4.0084123611450195e-06,0.23343761265277863,unknown
morok_uav_drone_3d_model,data\demo\real_world_yolox_crops\train\morok_uav_drone_3d_model\crop_0009.jpg,-0.1385810673236847,0.23343761265277863,unknown
morok_uav_drone_3d_model,data\demo\real_world_yolox_crops\train\morok_uav_drone_3d_model\crop_0010.jpg,-0.05056357383728027,0.23343761265277863,unknown
morok_uav_drone_3d_model,data\demo\real_world_yolox_crops\train\morok_uav_drone_3d_model\crop_0011.jpg,-0.08010564744472504,0.23343761265277863,unknown
morok_uav_drone_3d_model,data\demo\real_world_yolox_crops\train\morok_uav_drone_3d_model\crop_0012.jpg,0.34197938442230225,0.23343761265277863,unknown
morok_uav_drone_3d_model,data\demo\real_world_yolox_crops\train\morok_uav_drone_3d_model\crop_0013.jpg,0.052958790212869644,0.23343761265277863,unknown
morok_uav_drone_3d_model,data\demo\real_world_yolox_crops\train\morok_uav_drone_3d_model\crop_0014.jpg,0.006571292877197266,0.23343761265277863,unknown
morok_uav_drone_3d_model,data\demo\real_world_yolox_crops\train\morok_uav_drone_3d_model\crop_0015.jpg,-0.24275878071784973,0.23343761265277863,unknown
morok_uav_drone_3d_model,data\demo\real_world_yolox_crops\train\morok_uav_drone_3d_model\crop_0016.jpg,-0.10142499208450317,0.23343761265277863,unknown
morok_uav_drone_3d_model,data\demo\real_world_yolox_crops\train\morok_uav_drone_3d_model\crop_0017.jpg,-0.06357255578041077,0.23343761265277863,unknown
morok_uav_drone_3d_model,data\demo\real_world_yolox_crops\train\morok_uav_drone_3d_model\crop_0018.jpg,-0.06920234858989716,0.23343761265277863,unknown
morok_uav_drone_3d_model,data\demo\real_world_yolox_crops\train\morok_uav_drone_3d_model\crop_0019.jpg,-0.1837104856967926,0.23343761265277863,unknown
morok_uav_drone_3d_model,data\demo\real_world_yolox_crops\train\morok_uav_drone_3d_model\crop_0020.jpg,0.15463443100452423,0.23343761265277863,unknown
morok_uav_drone_3d_model,data\demo\real_world_yolox_crops\train\morok_uav_drone_3d_model\crop_0021.jpg,-0.004850529134273529,0.23343761265277863,unknown
morok_uav_drone_3d_model,data\demo\real_world_yolox_crops\train\morok_uav_drone_3d_model\crop_0022.jpg,0.04672608524560928,0.23343761265277863,unknown
morok_uav_drone_3d_model,data\demo\real_world_yolox_crops\train\morok_uav_drone_3d_model\crop_0023.jpg,-0.017017308622598648,0.23343761265277863,unknown
morok_uav_drone_3d_model,data\demo\real_world_yolox_crops\train\morok_uav_drone_3d_model\crop_0024.jpg,0.062895268201828,0.23343761265277863,unknown
morok_uav_drone_3d_model,data\demo\real_world_yolox_crops\train\morok_uav_drone_3d_model\crop_0025.jpg,0.1761828064918518,0.23343761265277863,unknown
morok_uav_drone_3d_model,data\demo\real_world_yolox_crops\train\morok_uav_drone_3d_model\crop_0026.jpg,0.10161971300840378,0.23343761265277863,unknown
morok_uav_drone_3d_model,data\demo\real_world_yolox_crops\train\morok_uav_drone_3d_model\crop_0027.jpg,-0.042189061641693115,0.23343761265277863,unknown
morok_uav_drone_3d_model,data\demo\real_world_yolox_crops\train\morok_uav_drone_3d_model\crop_0028.jpg,-0.05762622505426407,0.23343761265277863,unknown
morok_uav_drone_3d_model,data\demo\real_world_yolox_crops\train\morok_uav_drone_3d_model\crop_0029.jpg,0.17877605557441711,0.23343761265277863,unknown
morok_uav_drone_3d_model,data\demo\real_world_yolox_crops\train\morok_uav_drone_3d_model\crop_0030.jpg,-0.10584309697151184,0.23343761265277863,unknown
morok_uav_drone_3d_model,data\demo\real_world_yolox_crops\train\morok_uav_drone_3d_model\crop_0031.jpg,0.09431635588407516,0.23343761265277863,unknown
morok_uav_drone_3d_model,data\demo\real_world_yolox_crops\train\morok_uav_drone_3d_model\crop_0032.jpg,-0.09516116231679916,0.23343761265277863,unknown
morok_uav_drone_3d_model,data\demo\real_world_yolox_crops\train\morok_uav_drone_3d_model\crop_0033.jpg,0.23142316937446594,0.23343761265277863,unknown
morok_uav_drone_3d_model,data\demo\real_world_yolox_crops\train\morok_uav_drone_3d_model\crop_0034.jpg,-0.00013846904039382935,0.23343761265277863,unknown
morok_uav_drone_3d_model,data\demo\real_world_yolox_crops\train\morok_uav_drone_3d_model\crop_0035.jpg,0.10670948028564453,0.23343761265277863,unknown
morok_uav_drone_3d_model,data\demo\real_world_yolox_crops\train\morok_uav_drone_3d_model\crop_0036.jpg,0.17271946370601654,0.23343761265277863,unknown
morok_uav_drone_3d_model,data\demo\real_world_yolox_crops\train\morok_uav_drone_3d_model\crop_0037.jpg,0.04119580239057541,0.23343761265277863,unknown
morok_uav_drone_3d_model,data\demo\real_world_yolox_crops\train\morok_uav_drone_3d_model\crop_0038.jpg,0.09177760779857635,0.23343761265277863,unknown
morok_uav_drone_3d_model,data\demo\real_world_yolox_crops\train\morok_uav_drone_3d_model\crop_0039.jpg,-0.1160169169306755,0.23343761265277863,unknown
morok_uav_drone_3d_model,data\demo\real_world_yolox_crops\train\morok_uav_drone_3d_model\crop_0040.jpg,0.020505882799625397,0.23343761265277863,unknown
morok_uav_drone_3d_model,data\demo\real_world_yolox_crops\train\morok_uav_drone_3d_model\crop_0041.jpg,0.11030583828687668,0.23343761265277863,unknown
morok_uav_drone_3d_model,data\demo\real_world_yolox_crops\train\morok_uav_drone_3d_model\crop_0042.jpg,-0.05247573181986809,0.23343761265277863,unknown
morok_uav_drone_3d_model,data\demo\real_world_yolox_crops\train\morok_uav_drone_3d_model\crop_0043.jpg,0.04449605196714401,0.23343761265277863,unknown
morok_uav_drone_3d_model,data\demo\real_world_yolox_crops\train\morok_uav_drone_3d_model\crop_0044.jpg,-0.0060840025544166565,0.23343761265277863,unknown
morok_uav_drone_3d_model,data\demo\real_world_yolox_crops\train\morok_uav_drone_3d_model\crop_0045.jpg,-0.1293235570192337,0.23343761265277863,unknown
morok_uav_drone_3d_model,data\demo\real_world_yolox_crops\train\morok_uav_drone_3d_model\crop_0046.jpg,0.1646127551794052,0.23343761265277863,unknown
morok_uav_drone_3d_model,data\demo\real_world_yolox_crops\train\morok_uav_drone_3d_model\crop_0047.jpg,0.17778101563453674,0.23343761265277863,unknown
morok_uav_drone_3d_model,data\demo\real_world_yolox_crops\train\morok_uav_drone_3d_model\crop_0048.jpg,0.05413384735584259,0.23343761265277863,unknown
morok_uav_drone_3d_model,data\demo\real_world_yolox_crops\train\morok_uav_drone_3d_model\crop_0049.jpg,-0.024991624057292938,0.23343761265277863,unknown
morok_uav_drone_3d_model,data\demo\real_world_yolox_crops\train\morok_uav_drone_3d_model\crop_0050.jpg,0.12705017626285553,0.23343761265277863,unknown
morok_uav_drone_3d_model,data\demo\real_world_yolox_crops\train\morok_uav_drone_3d_model\crop_0051.jpg,-0.14839117228984833,0.23343761265277863,unknown
morok_uav_drone_3d_model,data\demo\real_world_yolox_crops\train\morok_uav_drone_3d_model\crop_0052.jpg,-0.011383205652236938,0.23343761265277863,unknown
morok_uav_drone_3d_model,data\demo\real_world_yolox_crops\train\morok_uav_drone_3d_model\crop_0053.jpg,0.0681881457567215,0.23343761265277863,unknown
morok_uav_drone_3d_model,data\demo\real_world_yolox_crops\train\morok_uav_drone_3d_model\crop_0054.jpg,-0.15051645040512085,0.23343761265277863,unknown
morok_uav_drone_3d_model,data\demo\real_world_yolox_crops\train\morok_uav_drone_3d_model\crop_0055.jpg,-0.0388517901301384,0.23343761265277863,unknown
morok_uav_drone_3d_model,data\demo\real_world_yolox_crops\train\morok_uav_drone_3d_model\crop_0056.jpg,0.05881332978606224,0.23343761265277863,unknown
morok_uav_drone_3d_model,data\demo\real_world_yolox_crops\train\morok_uav_drone_3d_model\crop_0057.jpg,-0.15365591645240784,0.23343761265277863,unknown
morok_uav_drone_3d_model,data\demo\real_world_yolox_crops\train\morok_uav_drone_3d_model\crop_0058.jpg,0.020805619657039642,0.23343761265277863,unknown
morok_uav_drone_3d_model,data\demo\real_world_yolox_crops\train\morok_uav_drone_3d_model\crop_0059.jpg,0.044049590826034546,0.23343761265277863,unknown
morok_uav_drone_3d_model,data\demo\real_world_yolox_crops\train\morok_uav_drone_3d_model\crop_0060.jpg,0.18339800834655762,0.23343761265277863,unknown
morok_uav_drone_3d_model,data\demo\real_world_yolox_crops\train\morok_uav_drone_3d_model\crop_0061.jpg,0.22650276124477386,0.23343761265277863,unknown
morok_uav_drone_3d_model,data\demo\real_world_yolox_crops\train\morok_uav_drone_3d_model\crop_0062.jpg,0.06981261074542999,0.23343761265277863,unknown
morok_uav_drone_3d_model,data\demo\real_world_yolox_crops\train\morok_uav_drone_3d_model\crop_0063.jpg,-0.12896667420864105,0.23343761265277863,unknown
morok_uav_drone_3d_model,data\demo\real_world_yolox_crops\train\morok_uav_drone_3d_model\crop_0064.jpg,0.11991337686777115,0.23343761265277863,unknown
morok_uav_drone_3d_model,data\demo\real_world_yolox_crops\train\morok_uav_drone_3d_model\crop_0065.jpg,-0.05126648396253586,0.23343761265277863,unknown
morok_uav_drone_3d_model,data\demo\real_world_yolox_crops\train\morok_uav_drone_3d_model\crop_0066.jpg,0.006017632782459259,0.23343761265277863,unknown
morok_uav_drone_3d_model,data\demo\real_world_yolox_crops\train\morok_uav_drone_3d_model\crop_0067.jpg,-0.019730398431420326,0.23343761265277863,unknown
morok_uav_drone_3d_model,data\demo\real_world_yolox_crops\train\morok_uav_drone_3d_model\crop_0068.jpg,0.07783673703670502,0.23343761265277863,unknown
morok_uav_drone_3d_model,data\demo\real_world_yolox_crops\train\morok_uav_drone_3d_model\crop_0069.jpg,-0.10147643834352493,0.23343761265277863,unknown
morok_uav_drone_3d_model,data\demo\real_world_yolox_crops\train\morok_uav_drone_3d_model\crop_0070.jpg,-0.04418569430708885,0.23343761265277863,unknown
morok_uav_drone_3d_model,data\demo\real_world_yolox_crops\train\morok_uav_drone_3d_model\crop_0071.jpg,0.07836390286684036,0.23343761265277863,unknown
morok_uav_drone_3d_model,data\demo\real_world_yolox_crops\train\morok_uav_drone_3d_model\crop_0072.jpg,0.01205427572131157,0.23343761265277863,unknown
morok_uav_drone_3d_model,data\demo\real_world_yolox_crops\train\morok_uav_drone_3d_model\crop_0073.jpg,0.04056426137685776,0.23343761265277863,unknown
morok_uav_drone_3d_model,data\demo\real_world_yolox_crops\train\morok_uav_drone_3d_model\crop_0074.jpg,-0.0816044881939888,0.23343761265277863,unknown
morok_uav_drone_3d_model,data\demo\real_world_yolox_crops\train\morok_uav_drone_3d_model\crop_0075.jpg,0.00186876580119133,0.23343761265277863,unknown
morok_uav_drone_3d_model,data\demo\real_world_yolox_crops\train\morok_uav_drone_3d_model\crop_0076.jpg,-0.07714954018592834,0.23343761265277863,unknown
morok_uav_drone_3d_model,data\demo\real_world_yolox_crops\train\morok_uav_drone_3d_model\crop_0077.jpg,0.027494169771671295,0.23343761265277863,unknown
morok_uav_drone_3d_model,data\demo\real_world_yolox_crops\train\morok_uav_drone_3d_model\crop_0078.jpg,-0.10351899266242981,0.23343761265277863,unknown
morok_uav_drone_3d_model,data\demo\real_world_yolox_crops\train\morok_uav_drone_3d_model\crop_0079.jpg,0.16762404143810272,0.23343761265277863,unknown
morok_uav_drone_3d_model,data\demo\real_world_yolox_crops\train\morok_uav_drone_3d_model\crop_0080.jpg,-0.01714187115430832,0.23343761265277863,unknown
morok_uav_drone_3d_model,data\demo\real_world_yolox_crops\train\morok_uav_drone_3d_model\crop_0081.jpg,0.08792807906866074,0.23343761265277863,unknown
morok_uav_drone_3d_model,data\demo\real_world_yolox_crops\train\morok_uav_drone_3d_model\crop_0082.jpg,0.18388473987579346,0.23343761265277863,unknown
morok_uav_drone_3d_model,data\demo\real_world_yolox_crops\train\morok_uav_drone_3d_model\crop_0083.jpg,-0.06504218280315399,0.23343761265277863,unknown
morok_uav_drone_3d_model,data\demo\real_world_yolox_crops\train\morok_uav_drone_3d_model\crop_0084.jpg,0.0739620178937912,0.23343761265277863,unknown
morok_uav_drone_3d_model,data\demo\real_world_yolox_crops\train\morok_uav_drone_3d_model\crop_0085.jpg,0.0011551585048437119,0.23343761265277863,unknown
morok_uav_drone_3d_model,data\demo\real_world_yolox_crops\train\morok_uav_drone_3d_model\crop_0086.jpg,-0.09089186787605286,0.23343761265277863,unknown
morok_uav_drone_3d_model,data\demo\real_world_yolox_crops\train\morok_uav_drone_3d_model\crop_0087.jpg,-0.25020450353622437,0.23343761265277863,unknown
morok_uav_drone_3d_model,data\demo\real_world_yolox_crops\train\morok_uav_drone_3d_model\crop_0088.jpg,0.02880081534385681,0.23343761265277863,unknown
mq-1_uav_war_thunder,data\demo\real_world_yolox_crops\train\mq-1_uav_war_thunder\crop_0000.jpg,0.03335445374250412,0.6795264482498169,MATCH
mq-1_uav_war_thunder,data\demo\real_world_yolox_crops\train\mq-1_uav_war_thunder\crop_0001.jpg,0.08003561943769455,0.6795264482498169,MATCH
mq-1_uav_war_thunder,data\demo\real_world_yolox_crops\train\mq-1_uav_war_thunder\crop_0002.jpg,0.27180829644203186,0.6795264482498169,MATCH
mq-1_uav_war_thunder,data\demo\real_world_yolox_crops\train\mq-1_uav_war_thunder\crop_0003.jpg,0.14949668943881989,0.6795264482498169,MATCH
mq-1_uav_war_thunder,data\demo\real_world_yolox_crops\train\mq-1_uav_war_thunder\crop_0004.jpg,0.5449584722518921,0.6795264482498169,MATCH
mq-1_uav_war_thunder,data\demo\real_world_yolox_crops\train\mq-1_uav_war_thunder\crop_0005.jpg,0.12412987649440765,0.6795264482498169,MATCH
mq-1_uav_war_thunder,data\demo\real_world_yolox_crops\train\mq-1_uav_war_thunder\crop_0006.jpg,0.3525916337966919,0.6795264482498169,MATCH
mq-1_uav_war_thunder,data\demo\real_world_yolox_crops\train\mq-1_uav_war_thunder\crop_0007.jpg,0.061617493629455566,0.6795264482498169,MATCH
mq-1_uav_war_thunder,data\demo\real_world_yolox_crops\train\mq-1_uav_war_thunder\crop_0008.jpg,0.06657447665929794,0.6795264482498169,MATCH
mq-1_uav_war_thunder,data\demo\real_world_yolox_crops\train\mq-1_uav_war_thunder\crop_0009.jpg,0.19191734492778778,0.6795264482498169,MATCH
mq-1_uav_war_thunder,data\demo\real_world_yolox_crops\train\mq-1_uav_war_thunder\crop_0010.jpg,0.6330443620681763,0.6795264482498169,MATCH
mq-1_uav_war_thunder,data\demo\real_world_yolox_crops\train\mq-1_uav_war_thunder\crop_0011.jpg,-0.048018522560596466,0.6795264482498169,MATCH
mq-1_uav_war_thunder,data\demo\real_world_yolox_crops\train\mq-1_uav_war_thunder\crop_0012.jpg,0.30985307693481445,0.6795264482498169,MATCH
mq-1_uav_war_thunder,data\demo\real_world_yolox_crops\train\mq-1_uav_war_thunder\crop_0013.jpg,0.23397302627563477,0.6795264482498169,MATCH
mq-1_uav_war_thunder,data\demo\real_world_yolox_crops\train\mq-1_uav_war_thunder\crop_0014.jpg,0.4055722951889038,0.6795264482498169,MATCH
mq-1_uav_war_thunder,data\demo\real_world_yolox_crops\train\mq-1_uav_war_thunder\crop_0015.jpg,0.29841333627700806,0.6795264482498169,MATCH
mq-1_uav_war_thunder,data\demo\real_world_yolox_crops\train\mq-1_uav_war_thunder\crop_0016.jpg,0.16718080639839172,0.6795264482498169,MATCH
mq-1_uav_war_thunder,data\demo\real_world_yolox_crops\train\mq-1_uav_war_thunder\crop_0017.jpg,0.3812945485115051,0.6795264482498169,MATCH
mq-1_uav_war_thunder,data\demo\real_world_yolox_crops\train\mq-1_uav_war_thunder\crop_0018.jpg,0.2031170129776001,0.6795264482498169,MATCH
mq-1_uav_war_thunder,data\demo\real_world_yolox_crops\train\mq-1_uav_war_thunder\crop_0019.jpg,0.44708406925201416,0.6795264482498169,MATCH
mq-1_uav_war_thunder,data\demo\real_world_yolox_crops\train\mq-1_uav_war_thunder\crop_0020.jpg,0.27208542823791504,0.6795264482498169,MATCH
mq-1_uav_war_thunder,data\demo\real_world_yolox_crops\train\mq-1_uav_war_thunder\crop_0021.jpg,-0.15570184588432312,0.6795264482498169,MATCH
mq-1_uav_war_thunder,data\demo\real_world_yolox_crops\train\mq-1_uav_war_thunder\crop_0022.jpg,0.011816836893558502,0.6795264482498169,MATCH
mq-1_uav_war_thunder,data\demo\real_world_yolox_crops\train\mq-1_uav_war_thunder\crop_0023.jpg,0.10900497436523438,0.6795264482498169,MATCH
mq-1_uav_war_thunder,data\demo\real_world_yolox_crops\train\mq-1_uav_war_thunder\crop_0024.jpg,0.4281409680843353,0.6795264482498169,MATCH
mq-1_uav_war_thunder,data\demo\real_world_yolox_crops\train\mq-1_uav_war_thunder\crop_0025.jpg,0.10605809837579727,0.6795264482498169,MATCH
mq-1_uav_war_thunder,data\demo\real_world_yolox_crops\train\mq-1_uav_war_thunder\crop_0026.jpg,0.36080190539360046,0.6795264482498169,MATCH
mq-1_uav_war_thunder,data\demo\real_world_yolox_crops\train\mq-1_uav_war_thunder\crop_0027.jpg,0.33094239234924316,0.6795264482498169,MATCH
mq-1_uav_war_thunder,data\demo\real_world_yolox_crops\train\mq-1_uav_war_thunder\crop_0028.jpg,0.5095821619033813,0.6795264482498169,MATCH
mq-1_uav_war_thunder,data\demo\real_world_yolox_crops\train\mq-1_uav_war_thunder\crop_0029.jpg,0.6291201114654541,0.6795264482498169,MATCH
mq-1_uav_war_thunder,data\demo\real_world_yolox_crops\train\mq-1_uav_war_thunder\crop_0030.jpg,0.5295617580413818,0.6795264482498169,MATCH
mq-1_uav_war_thunder,data\demo\real_world_yolox_crops\train\mq-1_uav_war_thunder\crop_0031.jpg,-0.038259170949459076,0.6795264482498169,MATCH
mq-1_uav_war_thunder,data\demo\real_world_yolox_crops\train\mq-1_uav_war_thunder\crop_0032.jpg,0.3823806643486023,0.6795264482498169,MATCH
mq-1_uav_war_thunder,data\demo\real_world_yolox_crops\train\mq-1_uav_war_thunder\crop_0033.jpg,0.3587912619113922,0.6795264482498169,MATCH
mq-1_uav_war_thunder,data\demo\real_world_yolox_crops\train\mq-1_uav_war_thunder\crop_0034.jpg,-0.20769411325454712,0.6795264482498169,MATCH
mq-1_uav_war_thunder,data\demo\real_world_yolox_crops\train\mq-1_uav_war_thunder\crop_0035.jpg,0.6259511709213257,0.6795264482498169,MATCH
mq-1_uav_war_thunder,data\demo\real_world_yolox_crops\train\mq-1_uav_war_thunder\crop_0036.jpg,0.6309725046157837,0.6795264482498169,MATCH
mq-1_uav_war_thunder,data\demo\real_world_yolox_crops\train\mq-1_uav_war_thunder\crop_0037.jpg,0.2367943376302719,0.6795264482498169,MATCH
mq-1_uav_war_thunder,data\demo\real_world_yolox_crops\train\mq-1_uav_war_thunder\crop_0038.jpg,0.025943458080291748,0.6795264482498169,MATCH
mq-1_uav_war_thunder,data\demo\real_world_yolox_crops\train\mq-1_uav_war_thunder\crop_0039.jpg,0.2170257568359375,0.6795264482498169,MATCH
mq-1_uav_war_thunder,data\demo\real_world_yolox_crops\train\mq-1_uav_war_thunder\crop_0040.jpg,0.19302460551261902,0.6795264482498169,MATCH
mq-1_uav_war_thunder,data\demo\real_world_yolox_crops\train\mq-1_uav_war_thunder\crop_0041.jpg,0.12995395064353943,0.6795264482498169,MATCH
mq-1_uav_war_thunder,data\demo\real_world_yolox_crops\train\mq-1_uav_war_thunder\crop_0042.jpg,0.31193864345550537,0.6795264482498169,MATCH
mq-1_uav_war_thunder,data\demo\real_world_yolox_crops\train\mq-1_uav_war_thunder\crop_0043.jpg,0.2443293333053589,0.6795264482498169,MATCH
mq-1_uav_war_thunder,data\demo\real_world_yolox_crops\train\mq-1_uav_war_thunder\crop_0044.jpg,0.28531309962272644,0.6795264482498169,MATCH
mq-1_uav_war_thunder,data\demo\real_world_yolox_crops\train\mq-1_uav_war_thunder\crop_0045.jpg,0.08883724361658096,0.6795264482498169,MATCH
mq-1_uav_war_thunder,data\demo\real_world_yolox_crops\train\mq-1_uav_war_thunder\crop_0046.jpg,0.32626229524612427,0.6795264482498169,MATCH
mq-1_uav_war_thunder,data\demo\real_world_yolox_crops\train\mq-1_uav_war_thunder\crop_0047.jpg,0.48406368494033813,0.6795264482498169,MATCH
mq-1_uav_war_thunder,data\demo\real_world_yolox_crops\train\mq-1_uav_war_thunder\crop_0048.jpg,0.21272695064544678,0.6795264482498169,MATCH
mq-1_uav_war_thunder,data\demo\real_world_yolox_crops\train\mq-1_uav_war_thunder\crop_0049.jpg,0.3145139515399933,0.6795264482498169,MATCH
mq-1_uav_war_thunder,data\demo\real_world_yolox_crops\train\mq-1_uav_war_thunder\crop_0050.jpg,0.8785440325737,0.6795264482498169,MATCH
mq-1_uav_war_thunder,data\demo\real_world_yolox_crops\train\mq-1_uav_war_thunder\crop_0051.jpg,0.0983668863773346,0.6795264482498169,MATCH
mq-1_uav_war_thunder,data\demo\real_world_yolox_crops\train\mq-1_uav_war_thunder\crop_0052.jpg,0.1909652054309845,0.6795264482498169,MATCH
mq-1_uav_war_thunder,data\demo\real_world_yolox_crops\train\mq-1_uav_war_thunder\crop_0053.jpg,0.054162606596946716,0.6795264482498169,MATCH
mq-1_uav_war_thunder,data\demo\real_world_yolox_crops\train\mq-1_uav_war_thunder\crop_0054.jpg,0.3465035855770111,0.6795264482498169,MATCH
mq-1_uav_war_thunder,data\demo\real_world_yolox_crops\train\mq-1_uav_war_thunder\crop_0055.jpg,0.2620805501937866,0.6795264482498169,MATCH
mq-1_uav_war_thunder,data\demo\real_world_yolox_crops\train\mq-1_uav_war_thunder\crop_0056.jpg,0.44709861278533936,0.6795264482498169,MATCH
mq-1_uav_war_thunder,data\demo\real_world_yolox_crops\train\mq-1_uav_war_thunder\crop_0057.jpg,0.44294583797454834,0.6795264482498169,MATCH
mq-1_uav_war_thunder,data\demo\real_world_yolox_crops\train\mq-1_uav_war_thunder\crop_0058.jpg,0.19520990550518036,0.6795264482498169,MATCH
mq-1_uav_war_thunder,data\demo\real_world_yolox_crops\train\mq-1_uav_war_thunder\crop_0059.jpg,0.15492556989192963,0.6795264482498169,MATCH
mq-1_uav_war_thunder,data\demo\real_world_yolox_crops\train\mq-1_uav_war_thunder\crop_0060.jpg,0.32885903120040894,0.6795264482498169,MATCH
mq-1_uav_war_thunder,data\demo\real_world_yolox_crops\train\mq-1_uav_war_thunder\crop_0061.jpg,-0.018286272883415222,0.6795264482498169,MATCH
mq-1_uav_war_thunder,data\demo\real_world_yolox_crops\train\mq-1_uav_war_thunder\crop_0062.jpg,0.12950509786605835,0.6795264482498169,MATCH
mq-1_uav_war_thunder,data\demo\real_world_yolox_crops\train\mq-1_uav_war_thunder\crop_0063.jpg,0.20093779265880585,0.6795264482498169,MATCH
mq-1_uav_war_thunder,data\demo\real_world_yolox_crops\train\mq-1_uav_war_thunder\crop_0064.jpg,0.25642478466033936,0.6795264482498169,MATCH
mq-1_uav_war_thunder,data\demo\real_world_yolox_crops\train\mq-1_uav_war_thunder\crop_0065.jpg,0.5806268453598022,0.6795264482498169,MATCH
mq-1_uav_war_thunder,data\demo\real_world_yolox_crops\train\mq-1_uav_war_thunder\crop_0066.jpg,0.5404367446899414,0.6795264482498169,MATCH
mq-1_uav_war_thunder,data\demo\real_world_yolox_crops\train\mq-1_uav_war_thunder\crop_0067.jpg,0.012361302971839905,0.6795264482498169,MATCH
mq-1_uav_war_thunder,data\demo\real_world_yolox_crops\train\mq-1_uav_war_thunder\crop_0068.jpg,0.0536896288394928,0.6795264482498169,MATCH
mq-1_uav_war_thunder,data\demo\real_world_yolox_crops\train\mq-1_uav_war_thunder\crop_0069.jpg,0.5442851781845093,0.6795264482498169,MATCH
mq-1_uav_war_thunder,data\demo\real_world_yolox_crops\train\mq-1_uav_war_thunder\crop_0070.jpg,0.4572882354259491,0.6795264482498169,MATCH
mq-1_uav_war_thunder,data\demo\real_world_yolox_crops\train\mq-1_uav_war_thunder\crop_0071.jpg,0.16312500834465027,0.6795264482498169,MATCH
mq-1_uav_war_thunder,data\demo\real_world_yolox_crops\train\mq-1_uav_war_thunder\crop_0072.jpg,0.3910112679004669,0.6795264482498169,MATCH
mq-1_uav_war_thunder,data\demo\real_world_yolox_crops\train\mq-1_uav_war_thunder\crop_0073.jpg,0.15908978879451752,0.6795264482498169,MATCH
mq-1_uav_war_thunder,data\demo\real_world_yolox_crops\train\mq-1_uav_war_thunder\crop_0074.jpg,0.3806111216545105,0.6795264482498169,MATCH
mq-1_uav_war_thunder,data\demo\real_world_yolox_crops\train\mq-1_uav_war_thunder\crop_0075.jpg,0.4753148555755615,0.6795264482498169,MATCH
mq-1_uav_war_thunder,data\demo\real_world_yolox_crops\train\mq-1_uav_war_thunder\crop_0076.jpg,0.5662834048271179,0.6795264482498169,MATCH
mq-9_reaper,data\demo\real_world_yolox_crops\train\mq-9_reaper\crop_0000.jpg,0.3499830663204193,0.7942044138908386,MATCH
mq-9_reaper,data\demo\real_world_yolox_crops\train\mq-9_reaper\crop_0001.jpg,0.031136326491832733,0.7942044138908386,MATCH
mq-9_reaper,data\demo\real_world_yolox_crops\train\mq-9_reaper\crop_0002.jpg,0.440714955329895,0.7942044138908386,MATCH
mq-9_reaper,data\demo\real_world_yolox_crops\train\mq-9_reaper\crop_0003.jpg,-0.08198277652263641,0.7942044138908386,MATCH
mq-9_reaper,data\demo\real_world_yolox_crops\train\mq-9_reaper\crop_0004.jpg,0.3998969793319702,0.7942044138908386,MATCH
mq-9_reaper,data\demo\real_world_yolox_crops\train\mq-9_reaper\crop_0005.jpg,0.6605187654495239,0.7942044138908386,MATCH
mq-9_reaper,data\demo\real_world_yolox_crops\train\mq-9_reaper\crop_0006.jpg,0.597235918045044,0.7942044138908386,MATCH
mq-9_reaper,data\demo\real_world_yolox_crops\train\mq-9_reaper\crop_0007.jpg,0.8238731622695923,0.7942044138908386,MATCH
mq-9_reaper,data\demo\real_world_yolox_crops\train\mq-9_reaper\crop_0008.jpg,0.5086241364479065,0.7942044138908386,MATCH
mq-9_reaper,data\demo\real_world_yolox_crops\train\mq-9_reaper\crop_0009.jpg,0.4956660270690918,0.7942044138908386,MATCH
mq-9_reaper,data\demo\real_world_yolox_crops\train\mq-9_reaper\crop_0010.jpg,0.6204109787940979,0.7942044138908386,MATCH
mq-9_reaper,data\demo\real_world_yolox_crops\train\mq-9_reaper\crop_0011.jpg,0.28759604692459106,0.7942044138908386,MATCH
mq-9_reaper,data\demo\real_world_yolox_crops\train\mq-9_reaper\crop_0012.jpg,-0.12113279104232788,0.7942044138908386,MATCH
mq-9_reaper,data\demo\real_world_yolox_crops\train\mq-9_reaper\crop_0013.jpg,0.5011984705924988,0.7942044138908386,MATCH
mq-9_reaper,data\demo\real_world_yolox_crops\train\mq-9_reaper\crop_0014.jpg,0.46592581272125244,0.7942044138908386,MATCH
mq-9_reaper,data\demo\real_world_yolox_crops\train\mq-9_reaper\crop_0015.jpg,0.7036750316619873,0.7942044138908386,MATCH
mq-9_reaper,data\demo\real_world_yolox_crops\train\mq-9_reaper\crop_0016.jpg,0.30397728085517883,0.7942044138908386,MATCH
mq-9_reaper,data\demo\real_world_yolox_crops\train\mq-9_reaper\crop_0017.jpg,0.3886755704879761,0.7942044138908386,MATCH
mq-9_reaper,data\demo\real_world_yolox_crops\train\mq-9_reaper\crop_0018.jpg,-0.12364564090967178,0.7942044138908386,MATCH
mq-9_reaper,data\demo\real_world_yolox_crops\train\mq-9_reaper\crop_0019.jpg,0.6057642698287964,0.7942044138908386,MATCH
mq-9_reaper,data\demo\real_world_yolox_crops\train\mq-9_reaper\crop_0020.jpg,0.11199517548084259,0.7942044138908386,MATCH
mq-9_reaper,data\demo\real_world_yolox_crops\train\mq-9_reaper\crop_0021.jpg,0.4299669861793518,0.7942044138908386,MATCH
mq-9_reaper,data\demo\real_world_yolox_crops\train\mq-9_reaper\crop_0022.jpg,0.3069049119949341,0.7942044138908386,MATCH
mq-9_reaper,data\demo\real_world_yolox_crops\train\mq-9_reaper\crop_0023.jpg,0.07105603814125061,0.7942044138908386,MATCH
mq-9_reaper,data\demo\real_world_yolox_crops\train\mq-9_reaper\crop_0024.jpg,0.19789190590381622,0.7942044138908386,MATCH
mq-9_reaper,data\demo\real_world_yolox_crops\train\mq-9_reaper\crop_0025.jpg,0.31510570645332336,0.7942044138908386,MATCH
mq-9_reaper,data\demo\real_world_yolox_crops\train\mq-9_reaper\crop_0026.jpg,0.3027801513671875,0.7942044138908386,MATCH
mq-9_reaper,data\demo\real_world_yolox_crops\train\mq-9_reaper\crop_0027.jpg,0.46644556522369385,0.7942044138908386,MATCH
mq-9_reaper,data\demo\real_world_yolox_crops\train\mq-9_reaper\crop_0028.jpg,0.3346317410469055,0.7942044138908386,MATCH
mq-9_reaper,data\demo\real_world_yolox_crops\train\mq-9_reaper\crop_0029.jpg,0.5384347438812256,0.7942044138908386,MATCH
mq-9_reaper,data\demo\real_world_yolox_crops\train\mq-9_reaper\crop_0030.jpg,0.6140984892845154,0.7942044138908386,MATCH
mq-9_reaper,data\demo\real_world_yolox_crops\train\mq-9_reaper\crop_0031.jpg,0.07646384835243225,0.7942044138908386,MATCH
mq-9_reaper,data\demo\real_world_yolox_crops\train\mq-9_reaper\crop_0032.jpg,0.3129955232143402,0.7942044138908386,MATCH
mq-9_reaper,data\demo\real_world_yolox_crops\train\mq-9_reaper\crop_0033.jpg,0.4563342332839966,0.7942044138908386,MATCH
mq-9_reaper,data\demo\real_world_yolox_crops\train\mq-9_reaper\crop_0034.jpg,0.1632048785686493,0.7942044138908386,MATCH
mq-9_reaper,data\demo\real_world_yolox_crops\train\mq-9_reaper\crop_0035.jpg,0.4288311302661896,0.7942044138908386,MATCH
mq-9_reaper,data\demo\real_world_yolox_crops\train\mq-9_reaper\crop_0036.jpg,0.3053394854068756,0.7942044138908386,MATCH
mq-9_reaper,data\demo\real_world_yolox_crops\train\mq-9_reaper\crop_0037.jpg,0.1429448127746582,0.7942044138908386,MATCH
mq-9_reaper,data\demo\real_world_yolox_crops\train\mq-9_reaper\crop_0038.jpg,0.5252345204353333,0.7942044138908386,MATCH
mq-9_reaper,data\demo\real_world_yolox_crops\train\mq-9_reaper\crop_0039.jpg,0.33717072010040283,0.7942044138908386,MATCH
mq-9_reaper,data\demo\real_world_yolox_crops\train\mq-9_reaper\crop_0040.jpg,0.09230634570121765,0.7942044138908386,MATCH
mq-9_reaper,data\demo\real_world_yolox_crops\train\mq-9_reaper\crop_0041.jpg,0.21398575603961945,0.7942044138908386,MATCH
mq-9_reaper,data\demo\real_world_yolox_crops\train\mq-9_reaper\crop_0042.jpg,0.04272442311048508,0.7942044138908386,MATCH
mq-9_reaper,data\demo\real_world_yolox_crops\train\mq-9_reaper\crop_0043.jpg,0.05169219523668289,0.7942044138908386,MATCH
mq-9_reaper,data\demo\real_world_yolox_crops\train\mq-9_reaper\crop_0044.jpg,0.8692665100097656,0.7942044138908386,MATCH
mq-9_reaper,data\demo\real_world_yolox_crops\train\mq-9_reaper\crop_0045.jpg,0.7655940651893616,0.7942044138908386,MATCH
mq-9_reaper,data\demo\real_world_yolox_crops\train\mq-9_reaper\crop_0046.jpg,0.3565933108329773,0.7942044138908386,MATCH
mq-9_reaper,data\demo\real_world_yolox_crops\train\mq-9_reaper\crop_0047.jpg,0.5006027221679688,0.7942044138908386,MATCH
mq-9_reaper,data\demo\real_world_yolox_crops\train\mq-9_reaper\crop_0048.jpg,0.6044360399246216,0.7942044138908386,MATCH
mq-9_reaper,data\demo\real_world_yolox_crops\train\mq-9_reaper\crop_0049.jpg,0.6844868659973145,0.7942044138908386,MATCH
mq-9_reaper,data\demo\real_world_yolox_crops\train\mq-9_reaper\crop_0050.jpg,0.5321670770645142,0.7942044138908386,MATCH
mq-9_reaper,data\demo\real_world_yolox_crops\train\mq-9_reaper\crop_0051.jpg,0.7553725242614746,0.7942044138908386,MATCH
mq-9_reaper,data\demo\real_world_yolox_crops\train\mq-9_reaper\crop_0052.jpg,0.2114105522632599,0.7942044138908386,MATCH
mq-9_reaper,data\demo\real_world_yolox_crops\train\mq-9_reaper\crop_0053.jpg,0.2556319236755371,0.7942044138908386,MATCH
mq-9_reaper,data\demo\real_world_yolox_crops\train\mq-9_reaper\crop_0054.jpg,0.7569159269332886,0.7942044138908386,MATCH
mq-9_reaper,data\demo\real_world_yolox_crops\train\mq-9_reaper\crop_0055.jpg,0.4153844118118286,0.7942044138908386,MATCH
mq-9_reaper,data\demo\real_world_yolox_crops\train\mq-9_reaper\crop_0056.jpg,0.19469085335731506,0.7942044138908386,MATCH
mq-9_reaper,data\demo\real_world_yolox_crops\train\mq-9_reaper\crop_0057.jpg,0.5673149228096008,0.7942044138908386,MATCH
mq-9_reaper_uav_drone,data\demo\real_world_yolox_crops\train\mq-9_reaper_uav_drone\crop_0000.jpg,0.08066300302743912,0.6001833081245422,MATCH
mq-9_reaper_uav_drone,data\demo\real_world_yolox_crops\train\mq-9_reaper_uav_drone\crop_0001.jpg,-0.05995811149477959,0.6001833081245422,MATCH
mq-9_reaper_uav_drone,data\demo\real_world_yolox_crops\train\mq-9_reaper_uav_drone\crop_0002.jpg,0.2405480146408081,0.6001833081245422,MATCH
mq-9_reaper_uav_drone,data\demo\real_world_yolox_crops\train\mq-9_reaper_uav_drone\crop_0003.jpg,-0.2340240478515625,0.6001833081245422,MATCH
mq-9_reaper_uav_drone,data\demo\real_world_yolox_crops\train\mq-9_reaper_uav_drone\crop_0004.jpg,0.06141480803489685,0.6001833081245422,MATCH
mq-9_reaper_uav_drone,data\demo\real_world_yolox_crops\train\mq-9_reaper_uav_drone\crop_0005.jpg,0.1418479084968567,0.6001833081245422,MATCH
mq-9_reaper_uav_drone,data\demo\real_world_yolox_crops\train\mq-9_reaper_uav_drone\crop_0006.jpg,-0.14414015412330627,0.6001833081245422,MATCH
mq-9_reaper_uav_drone,data\demo\real_world_yolox_crops\train\mq-9_reaper_uav_drone\crop_0007.jpg,0.14662113785743713,0.6001833081245422,MATCH
mq-9_reaper_uav_drone,data\demo\real_world_yolox_crops\train\mq-9_reaper_uav_drone\crop_0008.jpg,0.271023690700531,0.6001833081245422,MATCH
mq-9_reaper_uav_drone,data\demo\real_world_yolox_crops\train\mq-9_reaper_uav_drone\crop_0009.jpg,0.07393909245729446,0.6001833081245422,MATCH
mq-9_reaper_uav_drone,data\demo\real_world_yolox_crops\train\mq-9_reaper_uav_drone\crop_0010.jpg,0.09634363651275635,0.6001833081245422,MATCH
mq-9_reaper_uav_drone,data\demo\real_world_yolox_crops\train\mq-9_reaper_uav_drone\crop_0011.jpg,0.050121888518333435,0.6001833081245422,MATCH
mq-9_reaper_uav_drone,data\demo\real_world_yolox_crops\train\mq-9_reaper_uav_drone\crop_0012.jpg,0.12000630795955658,0.6001833081245422,MATCH
mq-9_reaper_uav_drone,data\demo\real_world_yolox_crops\train\mq-9_reaper_uav_drone\crop_0013.jpg,0.21932992339134216,0.6001833081245422,MATCH
mq-9_reaper_uav_drone,data\demo\real_world_yolox_crops\train\mq-9_reaper_uav_drone\crop_0014.jpg,0.12291083484888077,0.6001833081245422,MATCH
mq-9_reaper_uav_drone,data\demo\real_world_yolox_crops\train\mq-9_reaper_uav_drone\crop_0015.jpg,0.47018590569496155,0.6001833081245422,MATCH
mq-9_reaper_uav_drone,data\demo\real_world_yolox_crops\train\mq-9_reaper_uav_drone\crop_0016.jpg,0.0342692993581295,0.6001833081245422,MATCH
mq-9_reaper_uav_drone,data\demo\real_world_yolox_crops\train\mq-9_reaper_uav_drone\crop_0017.jpg,-0.008308544754981995,0.6001833081245422,MATCH
mq-9_reaper_uav_drone,data\demo\real_world_yolox_crops\train\mq-9_reaper_uav_drone\crop_0018.jpg,0.035811953246593475,0.6001833081245422,MATCH
mq-9_reaper_uav_drone,data\demo\real_world_yolox_crops\train\mq-9_reaper_uav_drone\crop_0019.jpg,0.258857786655426,0.6001833081245422,MATCH
mq-9_reaper_uav_drone,data\demo\real_world_yolox_crops\train\mq-9_reaper_uav_drone\crop_0020.jpg,0.2609384059906006,0.6001833081245422,MATCH
mq-9_reaper_uav_drone,data\demo\real_world_yolox_crops\train\mq-9_reaper_uav_drone\crop_0021.jpg,0.016970518976449966,0.6001833081245422,MATCH
mq-9_reaper_uav_drone,data\demo\real_world_yolox_crops\train\mq-9_reaper_uav_drone\crop_0022.jpg,0.13287071883678436,0.6001833081245422,MATCH
mq-9_reaper_uav_drone,data\demo\real_world_yolox_crops\train\mq-9_reaper_uav_drone\crop_0023.jpg,0.033266760408878326,0.6001833081245422,MATCH
mq-9_reaper_uav_drone,data\demo\real_world_yolox_crops\train\mq-9_reaper_uav_drone\crop_0024.jpg,0.043663397431373596,0.6001833081245422,MATCH
mq-9_reaper_uav_drone,data\demo\real_world_yolox_crops\train\mq-9_reaper_uav_drone\crop_0025.jpg,0.36403656005859375,0.6001833081245422,MATCH
mq-9_reaper_uav_drone,data\demo\real_world_yolox_crops\train\mq-9_reaper_uav_drone\crop_0026.jpg,0.28913140296936035,0.6001833081245422,MATCH
mq-9_reaper_uav_drone,data\demo\real_world_yolox_crops\train\mq-9_reaper_uav_drone\crop_0027.jpg,-0.07903498411178589,0.6001833081245422,MATCH
mq-9_reaper_uav_drone,data\demo\real_world_yolox_crops\train\mq-9_reaper_uav_drone\crop_0028.jpg,0.08678853511810303,0.6001833081245422,MATCH
mq-9_reaper_uav_drone,data\demo\real_world_yolox_crops\train\mq-9_reaper_uav_drone\crop_0029.jpg,0.3807419538497925,0.6001833081245422,MATCH
mq-9_reaper_uav_drone,data\demo\real_world_yolox_crops\train\mq-9_reaper_uav_drone\crop_0030.jpg,-0.07547785341739655,0.6001833081245422,MATCH
mq-9_reaper_uav_drone,data\demo\real_world_yolox_crops\train\mq-9_reaper_uav_drone\crop_0031.jpg,0.11257083714008331,0.6001833081245422,MATCH
mq-9_reaper_uav_drone,data\demo\real_world_yolox_crops\train\mq-9_reaper_uav_drone\crop_0032.jpg,0.024561800062656403,0.6001833081245422,MATCH
mq-9_reaper_uav_drone,data\demo\real_world_yolox_crops\train\mq-9_reaper_uav_drone\crop_0033.jpg,0.6463708877563477,0.6001833081245422,MATCH
mq-9_reaper_uav_drone,data\demo\real_world_yolox_crops\train\mq-9_reaper_uav_drone\crop_0034.jpg,0.7244647741317749,0.6001833081245422,MATCH
mq-9_reaper_uav_drone,data\demo\real_world_yolox_crops\train\mq-9_reaper_uav_drone\crop_0035.jpg,0.6444536447525024,0.6001833081245422,MATCH
mq-9_reaper_uav_drone,data\demo\real_world_yolox_crops\train\mq-9_reaper_uav_drone\crop_0036.jpg,0.39718151092529297,0.6001833081245422,MATCH
mq-9_reaper_uav_drone,data\demo\real_world_yolox_crops\train\mq-9_reaper_uav_drone\crop_0037.jpg,0.11413154006004333,0.6001833081245422,MATCH
mq-9_reaper_uav_drone,data\demo\real_world_yolox_crops\train\mq-9_reaper_uav_drone\crop_0038.jpg,0.36033526062965393,0.6001833081245422,MATCH
mq-9_reaper_uav_drone,data\demo\real_world_yolox_crops\train\mq-9_reaper_uav_drone\crop_0039.jpg,0.15551985800266266,0.6001833081245422,MATCH
mq-9_reaper_uav_drone,data\demo\real_world_yolox_crops\train\mq-9_reaper_uav_drone\crop_0040.jpg,0.24858558177947998,0.6001833081245422,MATCH
mq-9_reaper_uav_drone,data\demo\real_world_yolox_crops\train\mq-9_reaper_uav_drone\crop_0041.jpg,0.18542540073394775,0.6001833081245422,MATCH
mq-9_reaper_uav_drone,data\demo\real_world_yolox_crops\train\mq-9_reaper_uav_drone\crop_0042.jpg,-0.16948086023330688,0.6001833081245422,MATCH
mq-9_reaper_uav_drone,data\demo\real_world_yolox_crops\train\mq-9_reaper_uav_drone\crop_0043.jpg,0.0996931716799736,0.6001833081245422,MATCH
mq-9_reaper_uav_drone,data\demo\real_world_yolox_crops\train\mq-9_reaper_uav_drone\crop_0044.jpg,0.44007498025894165,0.6001833081245422,MATCH
mq-9_reaper_uav_drone,data\demo\real_world_yolox_crops\train\mq-9_reaper_uav_drone\crop_0045.jpg,0.4307246208190918,0.6001833081245422,MATCH
mq-9_reaper_uav_drone,data\demo\real_world_yolox_crops\train\mq-9_reaper_uav_drone\crop_0046.jpg,0.304948091506958,0.6001833081245422,MATCH
mq-9_reaper_uav_drone,data\demo\real_world_yolox_crops\train\mq-9_reaper_uav_drone\crop_0047.jpg,0.04561106860637665,0.6001833081245422,MATCH
mq-9_reaper_uav_drone,data\demo\real_world_yolox_crops\train\mq-9_reaper_uav_drone\crop_0048.jpg,0.020343557000160217,0.6001833081245422,MATCH
mq-9_reaper_uav_drone,data\demo\real_world_yolox_crops\train\mq-9_reaper_uav_drone\crop_0049.jpg,0.10400228947401047,0.6001833081245422,MATCH
mq-9_reaper_uav_drone,data\demo\real_world_yolox_crops\train\mq-9_reaper_uav_drone\crop_0050.jpg,0.16105076670646667,0.6001833081245422,MATCH
mq-9_reaper_uav_drone,data\demo\real_world_yolox_crops\train\mq-9_reaper_uav_drone\crop_0051.jpg,0.13299442827701569,0.6001833081245422,MATCH
mq-9_reaper_uav_drone,data\demo\real_world_yolox_crops\train\mq-9_reaper_uav_drone\crop_0052.jpg,0.057656578719615936,0.6001833081245422,MATCH
mq-9_reaper_uav_drone,data\demo\real_world_yolox_crops\train\mq-9_reaper_uav_drone\crop_0053.jpg,-0.13612718880176544,0.6001833081245422,MATCH
mq-9_reaper_uav_drone,data\demo\real_world_yolox_crops\train\mq-9_reaper_uav_drone\crop_0054.jpg,0.11526696383953094,0.6001833081245422,MATCH
mq-9_reaper_uav_drone,data\demo\real_world_yolox_crops\train\mq-9_reaper_uav_drone\crop_0055.jpg,0.4397584795951843,0.6001833081245422,MATCH
mq-9_reaper_uav_drone,data\demo\real_world_yolox_crops\train\mq-9_reaper_uav_drone\crop_0056.jpg,-0.07337278127670288,0.6001833081245422,MATCH
mq-9_reaper_uav_drone,data\demo\real_world_yolox_crops\train\mq-9_reaper_uav_drone\crop_0057.jpg,0.5154412984848022,0.6001833081245422,MATCH
mq-9_reaper_uav_drone,data\demo\real_world_yolox_crops\train\mq-9_reaper_uav_drone\crop_0058.jpg,0.4088374674320221,0.6001833081245422,MATCH
mq-9_reaper_uav_drone,data\demo\real_world_yolox_crops\train\mq-9_reaper_uav_drone\crop_0059.jpg,0.2905834913253784,0.6001833081245422,MATCH
mq-9_reaper_uav_drone,data\demo\real_world_yolox_crops\train\mq-9_reaper_uav_drone\crop_0060.jpg,0.2528366446495056,0.6001833081245422,MATCH
mq-9_reaper_uav_drone,data\demo\real_world_yolox_crops\train\mq-9_reaper_uav_drone\crop_0061.jpg,-0.02211151272058487,0.6001833081245422,MATCH
mq-9_reaper_uav_drone,data\demo\real_world_yolox_crops\train\mq-9_reaper_uav_drone\crop_0062.jpg,-0.025294195860624313,0.6001833081245422,MATCH
mq-9_reaper_uav_drone,data\demo\real_world_yolox_crops\train\mq-9_reaper_uav_drone\crop_0063.jpg,0.09320905059576035,0.6001833081245422,MATCH
mq-9_reaper_uav_drone,data\demo\real_world_yolox_crops\train\mq-9_reaper_uav_drone\crop_0064.jpg,-0.010260090231895447,0.6001833081245422,MATCH
mq-9_reaper_uav_drone,data\demo\real_world_yolox_crops\train\mq-9_reaper_uav_drone\crop_0065.jpg,0.11097726970911026,0.6001833081245422,MATCH
mq-9_reaper_uav_drone,data\demo\real_world_yolox_crops\train\mq-9_reaper_uav_drone\crop_0066.jpg,0.40027838945388794,0.6001833081245422,MATCH
mq-9_reaper_uav_drone,data\demo\real_world_yolox_crops\train\mq-9_reaper_uav_drone\crop_0067.jpg,0.3803710341453552,0.6001833081245422,MATCH
mq-9_reaper_uav_drone,data\demo\real_world_yolox_crops\train\mq-9_reaper_uav_drone\crop_0068.jpg,0.403190016746521,0.6001833081245422,MATCH
mq-9_reaper_uav_drone,data\demo\real_world_yolox_crops\train\mq-9_reaper_uav_drone\crop_0069.jpg,0.0581713542342186,0.6001833081245422,MATCH
mq-9_reaper_uav_drone,data\demo\real_world_yolox_crops\train\mq-9_reaper_uav_drone\crop_0070.jpg,0.039873577654361725,0.6001833081245422,MATCH
mq-9_reaper_uav_drone,data\demo\real_world_yolox_crops\train\mq-9_reaper_uav_drone\crop_0071.jpg,0.16700321435928345,0.6001833081245422,MATCH
mq-9_reaper_uav_drone,data\demo\real_world_yolox_crops\train\mq-9_reaper_uav_drone\crop_0072.jpg,0.016955887898802757,0.6001833081245422,MATCH
mq-9_reaper_uav_drone,data\demo\real_world_yolox_crops\train\mq-9_reaper_uav_drone\crop_0073.jpg,0.06376650929450989,0.6001833081245422,MATCH
mq-9_reaper_uav_drone,data\demo\real_world_yolox_crops\train\mq-9_reaper_uav_drone\crop_0074.jpg,0.07454810291528702,0.6001833081245422,MATCH
mq-9_reaper_uav_drone,data\demo\real_world_yolox_crops\train\mq-9_reaper_uav_drone\crop_0075.jpg,-0.14918558299541473,0.6001833081245422,MATCH
mq-9_reaper_uav_drone,data\demo\real_world_yolox_crops\train\mq-9_reaper_uav_drone\crop_0076.jpg,-0.032908614724874496,0.6001833081245422,MATCH
mq-9_reaper_uav_drone,data\demo\real_world_yolox_crops\train\mq-9_reaper_uav_drone\crop_0077.jpg,-0.09395374357700348,0.6001833081245422,MATCH
mq-9_reaper_uav_drone,data\demo\real_world_yolox_crops\train\mq-9_reaper_uav_drone\crop_0078.jpg,0.07120932638645172,0.6001833081245422,MATCH
mq-9_reaper_uav_drone,data\demo\real_world_yolox_crops\train\mq-9_reaper_uav_drone\crop_0079.jpg,0.36346742510795593,0.6001833081245422,MATCH
mq-9_reaper_uav_drone,data\demo\real_world_yolox_crops\train\mq-9_reaper_uav_drone\crop_0080.jpg,0.25097766518592834,0.6001833081245422,MATCH
mq-9_reaper_uav_drone,data\demo\real_world_yolox_crops\train\mq-9_reaper_uav_drone\crop_0081.jpg,0.05527566373348236,0.6001833081245422,MATCH
mq-9_reaper_uav_drone,data\demo\real_world_yolox_crops\train\mq-9_reaper_uav_drone\crop_0082.jpg,0.3220655918121338,0.6001833081245422,MATCH
mq-9_reaper_uav_drone,data\demo\real_world_yolox_crops\train\mq-9_reaper_uav_drone\crop_0083.jpg,0.27813297510147095,0.6001833081245422,MATCH
mq-9_reaper_uav_drone,data\demo\real_world_yolox_crops\train\mq-9_reaper_uav_drone\crop_0084.jpg,-0.022542152553796768,0.6001833081245422,MATCH
mq-9_reaper_uav_drone,data\demo\real_world_yolox_crops\train\mq-9_reaper_uav_drone\crop_0085.jpg,-0.017122507095336914,0.6001833081245422,MATCH
mq-9_reaper_uav_drone,data\demo\real_world_yolox_crops\train\mq-9_reaper_uav_drone\crop_0086.jpg,0.3477010726928711,0.6001833081245422,MATCH
mq-9_reaper_uav_drone,data\demo\real_world_yolox_crops\train\mq-9_reaper_uav_drone\crop_0087.jpg,0.18706175684928894,0.6001833081245422,MATCH
mq-9_reaper_uav_drone,data\demo\real_world_yolox_crops\train\mq-9_reaper_uav_drone\crop_0088.jpg,-0.011246994137763977,0.6001833081245422,MATCH
mq-9_reaper_uav_drone,data\demo\real_world_yolox_crops\train\mq-9_reaper_uav_drone\crop_0089.jpg,0.2126389443874359,0.6001833081245422,MATCH
mq_1_predator_uav,data\demo\real_world_yolox_crops\train\mq_1_predator_uav\crop_0000.jpg,0.1793445497751236,0.4312589764595032,unknown
mq_1_predator_uav,data\demo\real_world_yolox_crops\train\mq_1_predator_uav\crop_0001.jpg,0.09593169391155243,0.4312589764595032,unknown
mq_1_predator_uav,data\demo\real_world_yolox_crops\train\mq_1_predator_uav\crop_0002.jpg,0.137698695063591,0.4312589764595032,unknown
mq_1_predator_uav,data\demo\real_world_yolox_crops\train\mq_1_predator_uav\crop_0003.jpg,-0.12934662401676178,0.4312589764595032,unknown
mq_1_predator_uav,data\demo\real_world_yolox_crops\train\mq_1_predator_uav\crop_0004.jpg,0.3312355577945709,0.4312589764595032,unknown
mq_1_predator_uav,data\demo\real_world_yolox_crops\train\mq_1_predator_uav\crop_0005.jpg,0.050719600170850754,0.4312589764595032,unknown
mq_1_predator_uav,data\demo\real_world_yolox_crops\train\mq_1_predator_uav\crop_0006.jpg,0.07906424254179001,0.4312589764595032,unknown
mq_1_predator_uav,data\demo\real_world_yolox_crops\train\mq_1_predator_uav\crop_0007.jpg,-0.02740050107240677,0.4312589764595032,unknown
mq_1_predator_uav,data\demo\real_world_yolox_crops\train\mq_1_predator_uav\crop_0008.jpg,0.03326071798801422,0.4312589764595032,unknown
mq_1_predator_uav,data\demo\real_world_yolox_crops\train\mq_1_predator_uav\crop_0009.jpg,0.3317887783050537,0.4312589764595032,unknown
mq_1_predator_uav,data\demo\real_world_yolox_crops\train\mq_1_predator_uav\crop_0010.jpg,0.09293834865093231,0.4312589764595032,unknown
mq_1_predator_uav,data\demo\real_world_yolox_crops\train\mq_1_predator_uav\crop_0011.jpg,0.6325589418411255,0.4312589764595032,unknown
mq_1_predator_uav,data\demo\real_world_yolox_crops\train\mq_1_predator_uav\crop_0012.jpg,0.06027356907725334,0.4312589764595032,unknown
mq_1_predator_uav,data\demo\real_world_yolox_crops\train\mq_1_predator_uav\crop_0013.jpg,-0.03441981226205826,0.4312589764595032,unknown
mq_1_predator_uav,data\demo\real_world_yolox_crops\train\mq_1_predator_uav\crop_0014.jpg,0.17662936449050903,0.4312589764595032,unknown
mq_1_predator_uav,data\demo\real_world_yolox_crops\train\mq_1_predator_uav\crop_0015.jpg,0.2276669293642044,0.4312589764595032,unknown
mq_1_predator_uav,data\demo\real_world_yolox_crops\train\mq_1_predator_uav\crop_0016.jpg,0.07472032308578491,0.4312589764595032,unknown
mq_1_predator_uav,data\demo\real_world_yolox_crops\train\mq_1_predator_uav\crop_0017.jpg,0.11442320793867111,0.4312589764595032,unknown
mq_1_predator_uav,data\demo\real_world_yolox_crops\train\mq_1_predator_uav\crop_0018.jpg,0.13458645343780518,0.4312589764595032,unknown
mq_1_predator_uav,data\demo\real_world_yolox_crops\train\mq_1_predator_uav\crop_0019.jpg,-0.1885870397090912,0.4312589764595032,unknown
mq_1_predator_uav,data\demo\real_world_yolox_crops\train\mq_1_predator_uav\crop_0020.jpg,0.013913966715335846,0.4312589764595032,unknown
mq_1_predator_uav,data\demo\real_world_yolox_crops\train\mq_1_predator_uav\crop_0021.jpg,-0.13938593864440918,0.4312589764595032,unknown
mq_1_predator_uav,data\demo\real_world_yolox_crops\train\mq_1_predator_uav\crop_0022.jpg,0.07236628234386444,0.4312589764595032,unknown
mq_1_predator_uav,data\demo\real_world_yolox_crops\train\mq_1_predator_uav\crop_0023.jpg,0.24521663784980774,0.4312589764595032,unknown
mq_1_predator_uav,data\demo\real_world_yolox_crops\train\mq_1_predator_uav\crop_0024.jpg,0.1040840893983841,0.4312589764595032,unknown
mq_1_predator_uav,data\demo\real_world_yolox_crops\train\mq_1_predator_uav\crop_0025.jpg,-0.14061641693115234,0.4312589764595032,unknown
mq_1_predator_uav,data\demo\real_world_yolox_crops\train\mq_1_predator_uav\crop_0026.jpg,-0.049133479595184326,0.4312589764595032,unknown
mq_1_predator_uav,data\demo\real_world_yolox_crops\train\mq_1_predator_uav\crop_0027.jpg,0.09572391211986542,0.4312589764595032,unknown
mq_1_predator_uav,data\demo\real_world_yolox_crops\train\mq_1_predator_uav\crop_0028.jpg,-0.45143285393714905,0.4312589764595032,unknown
mq_1_predator_uav,data\demo\real_world_yolox_crops\train\mq_1_predator_uav\crop_0029.jpg,-0.23559966683387756,0.4312589764595032,unknown
mq_1_predator_uav,data\demo\real_world_yolox_crops\train\mq_1_predator_uav\crop_0030.jpg,-0.11149314045906067,0.4312589764595032,unknown
mq_1_predator_uav,data\demo\real_world_yolox_crops\train\mq_1_predator_uav\crop_0031.jpg,-0.09605985879898071,0.4312589764595032,unknown
mq_1_predator_uav,data\demo\real_world_yolox_crops\train\mq_1_predator_uav\crop_0032.jpg,0.0878353863954544,0.4312589764595032,unknown
mq_1_predator_uav,data\demo\real_world_yolox_crops\train\mq_1_predator_uav\crop_0033.jpg,0.1392013430595398,0.4312589764595032,unknown
mq_1_predator_uav,data\demo\real_world_yolox_crops\train\mq_1_predator_uav\crop_0034.jpg,0.2953251600265503,0.4312589764595032,unknown
mq_1_predator_uav,data\demo\real_world_yolox_crops\train\mq_1_predator_uav\crop_0035.jpg,0.07927287369966507,0.4312589764595032,unknown
mq_1_predator_uav,data\demo\real_world_yolox_crops\train\mq_1_predator_uav\crop_0036.jpg,0.17874597012996674,0.4312589764595032,unknown
mq_1_predator_uav,data\demo\real_world_yolox_crops\train\mq_1_predator_uav\crop_0037.jpg,0.15362253785133362,0.4312589764595032,unknown
mq_1_predator_uav,data\demo\real_world_yolox_crops\train\mq_1_predator_uav\crop_0038.jpg,0.13279087841510773,0.4312589764595032,unknown
mq_1_predator_uav,data\demo\real_world_yolox_crops\train\mq_1_predator_uav\crop_0039.jpg,-0.08732183277606964,0.4312589764595032,unknown
mq_1_predator_uav,data\demo\real_world_yolox_crops\train\mq_1_predator_uav\crop_0040.jpg,-0.09336292743682861,0.4312589764595032,unknown
mq_1_predator_uav,data\demo\real_world_yolox_crops\train\mq_1_predator_uav\crop_0041.jpg,0.22516551613807678,0.4312589764595032,unknown
mq_1_predator_uav,data\demo\real_world_yolox_crops\train\mq_1_predator_uav\crop_0042.jpg,-0.19135785102844238,0.4312589764595032,unknown
mq_1_predator_uav,data\demo\real_world_yolox_crops\train\mq_1_predator_uav\crop_0043.jpg,0.285849392414093,0.4312589764595032,unknown
mq_1_predator_uav,data\demo\real_world_yolox_crops\train\mq_1_predator_uav\crop_0044.jpg,0.12594254314899445,0.4312589764595032,unknown
mq_1_predator_uav,data\demo\real_world_yolox_crops\train\mq_1_predator_uav\crop_0045.jpg,-0.08991160988807678,0.4312589764595032,unknown
mq_1_predator_uav,data\demo\real_world_yolox_crops\train\mq_1_predator_uav\crop_0046.jpg,0.22834338247776031,0.4312589764595032,unknown
mq_1_predator_uav,data\demo\real_world_yolox_crops\train\mq_1_predator_uav\crop_0047.jpg,0.17935732007026672,0.4312589764595032,unknown
mq_1_predator_uav,data\demo\real_world_yolox_crops\train\mq_1_predator_uav\crop_0048.jpg,-0.04326142370700836,0.4312589764595032,unknown
mq_1_predator_uav,data\demo\real_world_yolox_crops\train\mq_1_predator_uav\crop_0049.jpg,0.02531438320875168,0.4312589764595032,unknown
mq_1_predator_uav,data\demo\real_world_yolox_crops\train\mq_1_predator_uav\crop_0050.jpg,0.09266112744808197,0.4312589764595032,unknown
mq_1_predator_uav,data\demo\real_world_yolox_crops\train\mq_1_predator_uav\crop_0051.jpg,-0.012783266603946686,0.4312589764595032,unknown
mq_1_predator_uav,data\demo\real_world_yolox_crops\train\mq_1_predator_uav\crop_0052.jpg,0.3927534818649292,0.4312589764595032,unknown
mq_1_predator_uav,data\demo\real_world_yolox_crops\train\mq_1_predator_uav\crop_0053.jpg,0.1003081202507019,0.4312589764595032,unknown
mq_1_predator_uav,data\demo\real_world_yolox_crops\train\mq_1_predator_uav\crop_0054.jpg,0.37468433380126953,0.4312589764595032,unknown
mq_1_predator_uav,data\demo\real_world_yolox_crops\train\mq_1_predator_uav\crop_0055.jpg,0.12096191942691803,0.4312589764595032,unknown
mq_1_predator_uav,data\demo\real_world_yolox_crops\train\mq_1_predator_uav\crop_0056.jpg,0.04609457775950432,0.4312589764595032,unknown
mq_1_predator_uav,data\demo\real_world_yolox_crops\train\mq_1_predator_uav\crop_0057.jpg,0.22378437221050262,0.4312589764595032,unknown
mq_1_predator_uav,data\demo\real_world_yolox_crops\train\mq_1_predator_uav\crop_0058.jpg,-0.052945803850889206,0.4312589764595032,unknown
mq_1_predator_uav,data\demo\real_world_yolox_crops\train\mq_1_predator_uav\crop_0059.jpg,-0.11308622360229492,0.4312589764595032,unknown
mq_1_predator_uav,data\demo\real_world_yolox_crops\train\mq_1_predator_uav\crop_0060.jpg,0.03402780368924141,0.4312589764595032,unknown
mq_1_predator_uav,data\demo\real_world_yolox_crops\train\mq_1_predator_uav\crop_0061.jpg,0.1620129495859146,0.4312589764595032,unknown
mq_1_predator_uav,data\demo\real_world_yolox_crops\train\mq_1_predator_uav\crop_0062.jpg,0.11501049995422363,0.4312589764595032,unknown
mq_1_predator_uav,data\demo\real_world_yolox_crops\train\mq_1_predator_uav\crop_0063.jpg,0.11776348948478699,0.4312589764595032,unknown
mq_1_predator_uav,data\demo\real_world_yolox_crops\train\mq_1_predator_uav\crop_0064.jpg,0.048348501324653625,0.4312589764595032,unknown
mq_1_predator_uav,data\demo\real_world_yolox_crops\train\mq_1_predator_uav\crop_0065.jpg,0.05696377158164978,0.4312589764595032,unknown
mq_1_predator_uav,data\demo\real_world_yolox_crops\train\mq_1_predator_uav\crop_0066.jpg,-0.07220654934644699,0.4312589764595032,unknown
mq_1_predator_uav,data\demo\real_world_yolox_crops\train\mq_1_predator_uav\crop_0067.jpg,0.04261062294244766,0.4312589764595032,unknown
mq_1_predator_uav,data\demo\real_world_yolox_crops\train\mq_1_predator_uav\crop_0068.jpg,-0.20632031559944153,0.4312589764595032,unknown
mq_1_predator_uav,data\demo\real_world_yolox_crops\train\mq_1_predator_uav\crop_0069.jpg,0.2104521244764328,0.4312589764595032,unknown
mq_1_predator_uav,data\demo\real_world_yolox_crops\train\mq_1_predator_uav\crop_0070.jpg,0.04739774018526077,0.4312589764595032,unknown
mq_1_predator_uav,data\demo\real_world_yolox_crops\train\mq_1_predator_uav\crop_0071.jpg,0.42273783683776855,0.4312589764595032,unknown
mq_1_predator_uav,data\demo\real_world_yolox_crops\train\mq_1_predator_uav\crop_0072.jpg,0.05493304133415222,0.4312589764595032,unknown
mq_1_predator_uav,data\demo\real_world_yolox_crops\train\mq_1_predator_uav\crop_0073.jpg,0.3335602879524231,0.4312589764595032,unknown
mq_1_predator_uav,data\demo\real_world_yolox_crops\train\mq_1_predator_uav\crop_0074.jpg,-0.13758668303489685,0.4312589764595032,unknown
mq_1_predator_uav,data\demo\real_world_yolox_crops\train\mq_1_predator_uav\crop_0075.jpg,-0.038225263357162476,0.4312589764595032,unknown
mq_1_predator_uav,data\demo\real_world_yolox_crops\train\mq_1_predator_uav\crop_0076.jpg,0.30589067935943604,0.4312589764595032,unknown
mq_1_predator_uav,data\demo\real_world_yolox_crops\train\mq_1_predator_uav\crop_0077.jpg,0.10875658690929413,0.4312589764595032,unknown
mq_1_predator_uav,data\demo\real_world_yolox_crops\train\mq_1_predator_uav\crop_0078.jpg,0.02800978347659111,0.4312589764595032,unknown
mq_1_predator_uav,data\demo\real_world_yolox_crops\train\mq_1_predator_uav\crop_0079.jpg,0.10975422710180283,0.4312589764595032,unknown
neg_airplane,data\demo\real_world_yolox_crops\train\neg_airplane\crop_0000.jpg,-0.10267917811870575,0.6197476387023926,MATCH
neg_airplane,data\demo\real_world_yolox_crops\train\neg_airplane\crop_0001.jpg,0.35640227794647217,0.6197476387023926,MATCH
neg_airplane,data\demo\real_world_yolox_crops\train\neg_airplane\crop_0002.jpg,0.35880815982818604,0.6197476387023926,MATCH
neg_airplane,data\demo\real_world_yolox_crops\train\neg_airplane\crop_0003.jpg,0.18346169590950012,0.6197476387023926,MATCH
neg_airplane,data\demo\real_world_yolox_crops\train\neg_airplane\crop_0004.jpg,0.2926793098449707,0.6197476387023926,MATCH
neg_airplane,data\demo\real_world_yolox_crops\train\neg_airplane\crop_0005.jpg,0.027264602482318878,0.6197476387023926,MATCH
neg_airplane,data\demo\real_world_yolox_crops\train\neg_airplane\crop_0006.jpg,0.06380946934223175,0.6197476387023926,MATCH
neg_airplane,data\demo\real_world_yolox_crops\train\neg_airplane\crop_0007.jpg,0.29685527086257935,0.6197476387023926,MATCH
neg_airplane,data\demo\real_world_yolox_crops\train\neg_airplane\crop_0008.jpg,-0.22153297066688538,0.6197476387023926,MATCH
neg_airplane,data\demo\real_world_yolox_crops\train\neg_airplane\crop_0009.jpg,0.2788182199001312,0.6197476387023926,MATCH
neg_airplane,data\demo\real_world_yolox_crops\train\neg_airplane\crop_0010.jpg,0.28263092041015625,0.6197476387023926,MATCH
neg_airplane,data\demo\real_world_yolox_crops\train\neg_airplane\crop_0011.jpg,0.2795446515083313,0.6197476387023926,MATCH
neg_airplane,data\demo\real_world_yolox_crops\train\neg_airplane\crop_0012.jpg,0.6282235383987427,0.6197476387023926,MATCH
neg_airplane,data\demo\real_world_yolox_crops\train\neg_airplane\crop_0013.jpg,0.07563509047031403,0.6197476387023926,MATCH
neg_airplane,data\demo\real_world_yolox_crops\train\neg_airplane\crop_0014.jpg,0.03152704983949661,0.6197476387023926,MATCH
neg_airplane,data\demo\real_world_yolox_crops\train\neg_airplane\crop_0015.jpg,0.320369690656662,0.6197476387023926,MATCH
neg_airplane,data\demo\real_world_yolox_crops\train\neg_airplane\crop_0016.jpg,-0.10614633560180664,0.6197476387023926,MATCH
neg_airplane,data\demo\real_world_yolox_crops\train\neg_airplane\crop_0017.jpg,0.07189378142356873,0.6197476387023926,MATCH
neg_airplane,data\demo\real_world_yolox_crops\train\neg_airplane\crop_0018.jpg,0.24284780025482178,0.6197476387023926,MATCH
neg_airplane,data\demo\real_world_yolox_crops\train\neg_airplane\crop_0019.jpg,0.6073703169822693,0.6197476387023926,MATCH
neg_airplane,data\demo\real_world_yolox_crops\train\neg_airplane\crop_0020.jpg,0.6254458427429199,0.6197476387023926,MATCH
neg_airplane,data\demo\real_world_yolox_crops\train\neg_airplane\crop_0021.jpg,0.2551448941230774,0.6197476387023926,MATCH
neg_airplane,data\demo\real_world_yolox_crops\train\neg_airplane\crop_0022.jpg,0.6690448522567749,0.6197476387023926,MATCH
neg_airplane,data\demo\real_world_yolox_crops\train\neg_airplane\crop_0023.jpg,0.27461183071136475,0.6197476387023926,MATCH
neg_airplane,data\demo\real_world_yolox_crops\train\neg_airplane\crop_0024.jpg,-0.02685726433992386,0.6197476387023926,MATCH
neg_airplane,data\demo\real_world_yolox_crops\train\neg_airplane\crop_0025.jpg,-0.011987045407295227,0.6197476387023926,MATCH
neg_airplane,data\demo\real_world_yolox_crops\train\neg_airplane\crop_0026.jpg,0.18589848279953003,0.6197476387023926,MATCH
neg_airplane,data\demo\real_world_yolox_crops\train\neg_airplane\crop_0027.jpg,0.14108477532863617,0.6197476387023926,MATCH
neg_airplane,data\demo\real_world_yolox_crops\train\neg_airplane\crop_0028.jpg,0.12325571477413177,0.6197476387023926,MATCH
neg_airplane,data\demo\real_world_yolox_crops\train\neg_airplane\crop_0029.jpg,0.2143731415271759,0.6197476387023926,MATCH
neg_airplane,data\demo\real_world_yolox_crops\train\neg_airplane\crop_0030.jpg,0.23397549986839294,0.6197476387023926,MATCH
neg_airplane,data\demo\real_world_yolox_crops\train\neg_airplane\crop_0031.jpg,0.24905085563659668,0.6197476387023926,MATCH
neg_airplane,data\demo\real_world_yolox_crops\train\neg_airplane\crop_0032.jpg,0.17261745035648346,0.6197476387023926,MATCH
neg_airplane,data\demo\real_world_yolox_crops\train\neg_airplane\crop_0033.jpg,-0.0327543169260025,0.6197476387023926,MATCH
neg_airplane,data\demo\real_world_yolox_crops\train\neg_airplane\crop_0034.jpg,0.21648038923740387,0.6197476387023926,MATCH
neg_airplane,data\demo\real_world_yolox_crops\train\neg_airplane\crop_0035.jpg,0.18019366264343262,0.6197476387023926,MATCH
neg_airplane,data\demo\real_world_yolox_crops\train\neg_airplane\crop_0036.jpg,0.07415647059679031,0.6197476387023926,MATCH
neg_airplane,data\demo\real_world_yolox_crops\train\neg_airplane\crop_0037.jpg,-0.016978640109300613,0.6197476387023926,MATCH
neg_airplane,data\demo\real_world_yolox_crops\train\neg_airplane\crop_0038.jpg,0.22123932838439941,0.6197476387023926,MATCH
neg_airplane,data\demo\real_world_yolox_crops\train\neg_airplane\crop_0039.jpg,0.023461423814296722,0.6197476387023926,MATCH
neg_airplane,data\demo\real_world_yolox_crops\train\neg_airplane\crop_0040.jpg,0.45636990666389465,0.6197476387023926,MATCH
neg_airplane,data\demo\real_world_yolox_crops\train\neg_airplane\crop_0041.jpg,0.18480592966079712,0.6197476387023926,MATCH
neg_airplane,data\demo\real_world_yolox_crops\train\neg_airplane\crop_0042.jpg,0.16762152314186096,0.6197476387023926,MATCH
neg_airplane,data\demo\real_world_yolox_crops\train\neg_airplane\crop_0043.jpg,0.28970903158187866,0.6197476387023926,MATCH
neg_airplane,data\demo\real_world_yolox_crops\train\neg_airplane\crop_0044.jpg,0.20168879628181458,0.6197476387023926,MATCH
neg_airplane,data\demo\real_world_yolox_crops\train\neg_airplane\crop_0045.jpg,0.04450806975364685,0.6197476387023926,MATCH
neg_airplane,data\demo\real_world_yolox_crops\train\neg_airplane\crop_0046.jpg,0.2301025241613388,0.6197476387023926,MATCH
neg_airplane,data\demo\real_world_yolox_crops\train\neg_airplane\crop_0047.jpg,-0.1605502963066101,0.6197476387023926,MATCH
neg_airplane,data\demo\real_world_yolox_crops\train\neg_airplane\crop_0048.jpg,0.17884120345115662,0.6197476387023926,MATCH
neg_airplane,data\demo\real_world_yolox_crops\train\neg_airplane\crop_0049.jpg,0.2793300151824951,0.6197476387023926,MATCH
neg_airplane,data\demo\real_world_yolox_crops\train\neg_airplane\crop_0050.jpg,-0.09149647504091263,0.6197476387023926,MATCH
neg_airplane,data\demo\real_world_yolox_crops\train\neg_airplane\crop_0051.jpg,0.32801908254623413,0.6197476387023926,MATCH
neg_airplane,data\demo\real_world_yolox_crops\train\neg_airplane\crop_0052.jpg,0.12143105268478394,0.6197476387023926,MATCH
neg_airplane,data\demo\real_world_yolox_crops\train\neg_airplane\crop_0053.jpg,0.568653404712677,0.6197476387023926,MATCH
neg_airplane,data\demo\real_world_yolox_crops\train\neg_airplane\crop_0054.jpg,0.2467602789402008,0.6197476387023926,MATCH
neg_airplane,data\demo\real_world_yolox_crops\train\neg_airplane\crop_0055.jpg,0.11969321966171265,0.6197476387023926,MATCH
neg_airplane,data\demo\real_world_yolox_crops\train\neg_airplane\crop_0056.jpg,0.3504604697227478,0.6197476387023926,MATCH
neg_airplane,data\demo\real_world_yolox_crops\train\neg_airplane\crop_0057.jpg,0.029710426926612854,0.6197476387023926,MATCH
neg_airplane,data\demo\real_world_yolox_crops\train\neg_airplane\crop_0058.jpg,0.11393623799085617,0.6197476387023926,MATCH
neg_airplane,data\demo\real_world_yolox_crops\train\neg_airplane\crop_0059.jpg,0.04701285809278488,0.6197476387023926,MATCH
neg_airplane,data\demo\real_world_yolox_crops\train\neg_airplane\crop_0060.jpg,0.14814098179340363,0.6197476387023926,MATCH
neg_airplane,data\demo\real_world_yolox_crops\train\neg_airplane\crop_0061.jpg,0.08245733380317688,0.6197476387023926,MATCH
neg_airplane,data\demo\real_world_yolox_crops\train\neg_airplane\crop_0062.jpg,0.22184529900550842,0.6197476387023926,MATCH
neg_airplane,data\demo\real_world_yolox_crops\train\neg_airplane\crop_0063.jpg,0.1229395866394043,0.6197476387023926,MATCH
neg_airplane,data\demo\real_world_yolox_crops\train\neg_airplane\crop_0064.jpg,0.10158047825098038,0.6197476387023926,MATCH
neg_airplane,data\demo\real_world_yolox_crops\train\neg_airplane\crop_0065.jpg,0.20555470883846283,0.6197476387023926,MATCH
neg_airplane,data\demo\real_world_yolox_crops\train\neg_airplane\crop_0066.jpg,0.21529066562652588,0.6197476387023926,MATCH
neg_airplane,data\demo\real_world_yolox_crops\train\neg_airplane\crop_0067.jpg,0.2957981824874878,0.6197476387023926,MATCH
neg_airplane,data\demo\real_world_yolox_crops\train\neg_airplane\crop_0068.jpg,0.318364679813385,0.6197476387023926,MATCH
neg_airplane,data\demo\real_world_yolox_crops\train\neg_airplane\crop_0069.jpg,-0.0004950165748596191,0.6197476387023926,MATCH
neg_airplane,data\demo\real_world_yolox_crops\train\neg_airplane\crop_0070.jpg,0.12297699600458145,0.6197476387023926,MATCH
neg_airplane,data\demo\real_world_yolox_crops\train\neg_airplane\crop_0071.jpg,-0.022429876029491425,0.6197476387023926,MATCH
neg_airplane,data\demo\real_world_yolox_crops\train\neg_airplane\crop_0072.jpg,0.41393202543258667,0.6197476387023926,MATCH
neg_airplane,data\demo\real_world_yolox_crops\train\neg_airplane\crop_0073.jpg,0.3719150424003601,0.6197476387023926,MATCH
neg_airplane,data\demo\real_world_yolox_crops\train\neg_airplane\crop_0074.jpg,0.26544469594955444,0.6197476387023926,MATCH
neg_airplane,data\demo\real_world_yolox_crops\train\neg_airplane\crop_0075.jpg,0.21608972549438477,0.6197476387023926,MATCH
neg_airplane,data\demo\real_world_yolox_crops\train\neg_airplane\crop_0076.jpg,0.22376255691051483,0.6197476387023926,MATCH
neg_airplane,data\demo\real_world_yolox_crops\train\neg_airplane\crop_0077.jpg,0.009799066931009293,0.6197476387023926,MATCH
neg_airplane,data\demo\real_world_yolox_crops\train\neg_airplane\crop_0078.jpg,0.11930534243583679,0.6197476387023926,MATCH
neg_airplane,data\demo\real_world_yolox_crops\train\neg_airplane\crop_0079.jpg,0.27507299184799194,0.6197476387023926,MATCH
neg_airplane,data\demo\real_world_yolox_crops\train\neg_airplane\crop_0080.jpg,-0.24581065773963928,0.6197476387023926,MATCH
neg_airplane,data\demo\real_world_yolox_crops\train\neg_airplane\crop_0081.jpg,0.05368298292160034,0.6197476387023926,MATCH
neg_airplane,data\demo\real_world_yolox_crops\train\neg_airplane\crop_0082.jpg,0.05351322144269943,0.6197476387023926,MATCH
neg_airplane_crj-900_cityjet,data\demo\real_world_yolox_crops\train\neg_airplane_crj-900_cityjet\crop_0000.jpg,0.34842008352279663,0.6165729761123657,MATCH
neg_airplane_crj-900_cityjet,data\demo\real_world_yolox_crops\train\neg_airplane_crj-900_cityjet\crop_0001.jpg,0.29926201701164246,0.6165729761123657,MATCH
neg_airplane_crj-900_cityjet,data\demo\real_world_yolox_crops\train\neg_airplane_crj-900_cityjet\crop_0002.jpg,0.35759297013282776,0.6165729761123657,MATCH
neg_airplane_crj-900_cityjet,data\demo\real_world_yolox_crops\train\neg_airplane_crj-900_cityjet\crop_0003.jpg,0.202142596244812,0.6165729761123657,MATCH
neg_airplane_crj-900_cityjet,data\demo\real_world_yolox_crops\train\neg_airplane_crj-900_cityjet\crop_0004.jpg,0.22473058104515076,0.6165729761123657,MATCH
neg_airplane_crj-900_cityjet,data\demo\real_world_yolox_crops\train\neg_airplane_crj-900_cityjet\crop_0005.jpg,0.33112210035324097,0.6165729761123657,MATCH
neg_airplane_crj-900_cityjet,data\demo\real_world_yolox_crops\train\neg_airplane_crj-900_cityjet\crop_0006.jpg,0.0647817850112915,0.6165729761123657,MATCH
neg_airplane_crj-900_cityjet,data\demo\real_world_yolox_crops\train\neg_airplane_crj-900_cityjet\crop_0007.jpg,0.8099586367607117,0.6165729761123657,MATCH
neg_airplane_crj-900_cityjet,data\demo\real_world_yolox_crops\train\neg_airplane_crj-900_cityjet\crop_0008.jpg,0.025362294167280197,0.6165729761123657,MATCH
neg_airplane_crj-900_cityjet,data\demo\real_world_yolox_crops\train\neg_airplane_crj-900_cityjet\crop_0009.jpg,0.44989779591560364,0.6165729761123657,MATCH
neg_airplane_crj-900_cityjet,data\demo\real_world_yolox_crops\train\neg_airplane_crj-900_cityjet\crop_0010.jpg,0.4421118497848511,0.6165729761123657,MATCH
neg_airplane_crj-900_cityjet,data\demo\real_world_yolox_crops\train\neg_airplane_crj-900_cityjet\crop_0011.jpg,0.1943419873714447,0.6165729761123657,MATCH
neg_airplane_crj-900_cityjet,data\demo\real_world_yolox_crops\train\neg_airplane_crj-900_cityjet\crop_0012.jpg,0.3132188022136688,0.6165729761123657,MATCH
neg_airplane_crj-900_cityjet,data\demo\real_world_yolox_crops\train\neg_airplane_crj-900_cityjet\crop_0013.jpg,0.10204315185546875,0.6165729761123657,MATCH
neg_airplane_crj-900_cityjet,data\demo\real_world_yolox_crops\train\neg_airplane_crj-900_cityjet\crop_0014.jpg,0.11295577883720398,0.6165729761123657,MATCH
neg_airplane_crj-900_cityjet,data\demo\real_world_yolox_crops\train\neg_airplane_crj-900_cityjet\crop_0015.jpg,0.21686691045761108,0.6165729761123657,MATCH
neg_airplane_crj-900_cityjet,data\demo\real_world_yolox_crops\train\neg_airplane_crj-900_cityjet\crop_0016.jpg,0.24682265520095825,0.6165729761123657,MATCH
neg_airplane_crj-900_cityjet,data\demo\real_world_yolox_crops\train\neg_airplane_crj-900_cityjet\crop_0017.jpg,0.2043047547340393,0.6165729761123657,MATCH
neg_airplane_crj-900_cityjet,data\demo\real_world_yolox_crops\train\neg_airplane_crj-900_cityjet\crop_0018.jpg,0.25223758816719055,0.6165729761123657,MATCH
neg_airplane_crj-900_cityjet,data\demo\real_world_yolox_crops\train\neg_airplane_crj-900_cityjet\crop_0019.jpg,0.2566581964492798,0.6165729761123657,MATCH
neg_airplane_crj-900_cityjet,data\demo\real_world_yolox_crops\train\neg_airplane_crj-900_cityjet\crop_0020.jpg,-0.05704954266548157,0.6165729761123657,MATCH
neg_airplane_crj-900_cityjet,data\demo\real_world_yolox_crops\train\neg_airplane_crj-900_cityjet\crop_0021.jpg,0.0671093538403511,0.6165729761123657,MATCH
neg_airplane_crj-900_cityjet,data\demo\real_world_yolox_crops\train\neg_airplane_crj-900_cityjet\crop_0022.jpg,0.19547587633132935,0.6165729761123657,MATCH
neg_airplane_crj-900_cityjet,data\demo\real_world_yolox_crops\train\neg_airplane_crj-900_cityjet\crop_0023.jpg,0.18801341950893402,0.6165729761123657,MATCH
neg_airplane_crj-900_cityjet,data\demo\real_world_yolox_crops\train\neg_airplane_crj-900_cityjet\crop_0024.jpg,0.1379188597202301,0.6165729761123657,MATCH
neg_airplane_crj-900_cityjet,data\demo\real_world_yolox_crops\train\neg_airplane_crj-900_cityjet\crop_0025.jpg,0.5097402930259705,0.6165729761123657,MATCH
neg_airplane_crj-900_cityjet,data\demo\real_world_yolox_crops\train\neg_airplane_crj-900_cityjet\crop_0026.jpg,0.3226003050804138,0.6165729761123657,MATCH
neg_airplane_crj-900_cityjet,data\demo\real_world_yolox_crops\train\neg_airplane_crj-900_cityjet\crop_0027.jpg,-0.030667971819639206,0.6165729761123657,MATCH
neg_airplane_crj-900_cityjet,data\demo\real_world_yolox_crops\train\neg_airplane_crj-900_cityjet\crop_0028.jpg,0.17600494623184204,0.6165729761123657,MATCH
neg_airplane_crj-900_cityjet,data\demo\real_world_yolox_crops\train\neg_airplane_crj-900_cityjet\crop_0029.jpg,0.4928004741668701,0.6165729761123657,MATCH
neg_airplane_crj-900_cityjet,data\demo\real_world_yolox_crops\train\neg_airplane_crj-900_cityjet\crop_0030.jpg,0.20420104265213013,0.6165729761123657,MATCH
neg_airplane_crj-900_cityjet,data\demo\real_world_yolox_crops\train\neg_airplane_crj-900_cityjet\crop_0031.jpg,0.38084131479263306,0.6165729761123657,MATCH
neg_airplane_crj-900_cityjet,data\demo\real_world_yolox_crops\train\neg_airplane_crj-900_cityjet\crop_0032.jpg,0.09592646360397339,0.6165729761123657,MATCH
neg_airplane_crj-900_cityjet,data\demo\real_world_yolox_crops\train\neg_airplane_crj-900_cityjet\crop_0033.jpg,0.41113877296447754,0.6165729761123657,MATCH
neg_airplane_crj-900_cityjet,data\demo\real_world_yolox_crops\train\neg_airplane_crj-900_cityjet\crop_0034.jpg,0.2998201549053192,0.6165729761123657,MATCH
neg_airplane_crj-900_cityjet,data\demo\real_world_yolox_crops\train\neg_airplane_crj-900_cityjet\crop_0035.jpg,0.32418081164360046,0.6165729761123657,MATCH
neg_airplane_crj-900_cityjet,data\demo\real_world_yolox_crops\train\neg_airplane_crj-900_cityjet\crop_0036.jpg,0.22629818320274353,0.6165729761123657,MATCH
neg_airplane_crj-900_cityjet,data\demo\real_world_yolox_crops\train\neg_airplane_crj-900_cityjet\crop_0037.jpg,0.17967519164085388,0.6165729761123657,MATCH
neg_airplane_crj-900_cityjet,data\demo\real_world_yolox_crops\train\neg_airplane_crj-900_cityjet\crop_0038.jpg,0.20505353808403015,0.6165729761123657,MATCH
neg_airplane_crj-900_cityjet,data\demo\real_world_yolox_crops\train\neg_airplane_crj-900_cityjet\crop_0039.jpg,0.3660217523574829,0.6165729761123657,MATCH
neg_airplane_crj-900_cityjet,data\demo\real_world_yolox_crops\train\neg_airplane_crj-900_cityjet\crop_0040.jpg,0.2700437307357788,0.6165729761123657,MATCH
neg_airplane_crj-900_cityjet,data\demo\real_world_yolox_crops\train\neg_airplane_crj-900_cityjet\crop_0041.jpg,0.4236273169517517,0.6165729761123657,MATCH
neg_airplane_crj-900_cityjet,data\demo\real_world_yolox_crops\train\neg_airplane_crj-900_cityjet\crop_0042.jpg,0.17384278774261475,0.6165729761123657,MATCH
neg_airplane_crj-900_cityjet,data\demo\real_world_yolox_crops\train\neg_airplane_crj-900_cityjet\crop_0043.jpg,0.06543777137994766,0.6165729761123657,MATCH
neg_airplane_crj-900_cityjet,data\demo\real_world_yolox_crops\train\neg_airplane_crj-900_cityjet\crop_0044.jpg,0.20783022046089172,0.6165729761123657,MATCH
neg_airplane_crj-900_cityjet,data\demo\real_world_yolox_crops\train\neg_airplane_crj-900_cityjet\crop_0045.jpg,0.08048482239246368,0.6165729761123657,MATCH
neg_airplane_crj-900_cityjet,data\demo\real_world_yolox_crops\train\neg_airplane_crj-900_cityjet\crop_0046.jpg,0.054353997111320496,0.6165729761123657,MATCH
neg_airplane_crj-900_cityjet,data\demo\real_world_yolox_crops\train\neg_airplane_crj-900_cityjet\crop_0047.jpg,0.12571512162685394,0.6165729761123657,MATCH
neg_airplane_crj-900_cityjet,data\demo\real_world_yolox_crops\train\neg_airplane_crj-900_cityjet\crop_0048.jpg,0.08439190685749054,0.6165729761123657,MATCH
neg_airplane_crj-900_cityjet,data\demo\real_world_yolox_crops\train\neg_airplane_crj-900_cityjet\crop_0049.jpg,-0.037838369607925415,0.6165729761123657,MATCH
neg_airplane_crj-900_cityjet,data\demo\real_world_yolox_crops\train\neg_airplane_crj-900_cityjet\crop_0050.jpg,0.3024525046348572,0.6165729761123657,MATCH
neg_airplane_crj-900_cityjet,data\demo\real_world_yolox_crops\train\neg_airplane_crj-900_cityjet\crop_0051.jpg,-0.14810335636138916,0.6165729761123657,MATCH
neg_airplane_crj-900_cityjet,data\demo\real_world_yolox_crops\train\neg_airplane_crj-900_cityjet\crop_0052.jpg,0.7275840044021606,0.6165729761123657,MATCH
neg_airplane_crj-900_cityjet,data\demo\real_world_yolox_crops\train\neg_airplane_crj-900_cityjet\crop_0053.jpg,0.03941277414560318,0.6165729761123657,MATCH
neg_airplane_crj-900_cityjet,data\demo\real_world_yolox_crops\train\neg_airplane_crj-900_cityjet\crop_0054.jpg,-0.0698048397898674,0.6165729761123657,MATCH
neg_airplane_crj-900_cityjet,data\demo\real_world_yolox_crops\train\neg_airplane_crj-900_cityjet\crop_0055.jpg,0.34565624594688416,0.6165729761123657,MATCH
neg_airplane_crj-900_cityjet,data\demo\real_world_yolox_crops\train\neg_airplane_crj-900_cityjet\crop_0056.jpg,0.5427812933921814,0.6165729761123657,MATCH
neg_airplane_crj-900_cityjet,data\demo\real_world_yolox_crops\train\neg_airplane_crj-900_cityjet\crop_0057.jpg,0.30560094118118286,0.6165729761123657,MATCH
neg_airplane_crj-900_cityjet,data\demo\real_world_yolox_crops\train\neg_airplane_crj-900_cityjet\crop_0058.jpg,0.12515661120414734,0.6165729761123657,MATCH
neg_airplane_crj-900_cityjet,data\demo\real_world_yolox_crops\train\neg_airplane_crj-900_cityjet\crop_0059.jpg,0.16512557864189148,0.6165729761123657,MATCH
neg_airplane_crj-900_cityjet,data\demo\real_world_yolox_crops\train\neg_airplane_crj-900_cityjet\crop_0060.jpg,0.11781255155801773,0.6165729761123657,MATCH
neg_airplane_crj-900_cityjet,data\demo\real_world_yolox_crops\train\neg_airplane_crj-900_cityjet\crop_0061.jpg,0.1257583498954773,0.6165729761123657,MATCH
neg_airplane_crj-900_cityjet,data\demo\real_world_yolox_crops\train\neg_airplane_crj-900_cityjet\crop_0062.jpg,0.24595940113067627,0.6165729761123657,MATCH
neg_airplane_crj-900_cityjet,data\demo\real_world_yolox_crops\train\neg_airplane_crj-900_cityjet\crop_0063.jpg,0.099490687251091,0.6165729761123657,MATCH
neg_airplane_crj-900_cityjet,data\demo\real_world_yolox_crops\train\neg_airplane_crj-900_cityjet\crop_0064.jpg,0.24598336219787598,0.6165729761123657,MATCH
neg_airplane_crj-900_cityjet,data\demo\real_world_yolox_crops\train\neg_airplane_crj-900_cityjet\crop_0065.jpg,0.1724979281425476,0.6165729761123657,MATCH
neg_airplane_ww1,data\demo\real_world_yolox_crops\train\neg_airplane_ww1\crop_0000.jpg,-0.011078648269176483,0.5549551844596863,unknown
neg_airplane_ww1,data\demo\real_world_yolox_crops\train\neg_airplane_ww1\crop_0001.jpg,-0.20212802290916443,0.5549551844596863,unknown
neg_airplane_ww1,data\demo\real_world_yolox_crops\train\neg_airplane_ww1\crop_0002.jpg,-0.2204090803861618,0.5549551844596863,unknown
neg_airplane_ww1,data\demo\real_world_yolox_crops\train\neg_airplane_ww1\crop_0003.jpg,0.09899124503135681,0.5549551844596863,unknown
neg_airplane_ww1,data\demo\real_world_yolox_crops\train\neg_airplane_ww1\crop_0004.jpg,0.09823103994131088,0.5549551844596863,unknown
neg_airplane_ww1,data\demo\real_world_yolox_crops\train\neg_airplane_ww1\crop_0005.jpg,0.08388595283031464,0.5549551844596863,unknown
neg_airplane_ww1,data\demo\real_world_yolox_crops\train\neg_airplane_ww1\crop_0006.jpg,0.13416731357574463,0.5549551844596863,unknown
neg_airplane_ww1,data\demo\real_world_yolox_crops\train\neg_airplane_ww1\crop_0007.jpg,-0.12868370115756989,0.5549551844596863,unknown
neg_airplane_ww1,data\demo\real_world_yolox_crops\train\neg_airplane_ww1\crop_0008.jpg,-0.007854387164115906,0.5549551844596863,unknown
neg_airplane_ww1,data\demo\real_world_yolox_crops\train\neg_airplane_ww1\crop_0009.jpg,0.017694290727376938,0.5549551844596863,unknown
neg_airplane_ww1,data\demo\real_world_yolox_crops\train\neg_airplane_ww1\crop_0010.jpg,0.13789746165275574,0.5549551844596863,unknown
neg_airplane_ww1,data\demo\real_world_yolox_crops\train\neg_airplane_ww1\crop_0011.jpg,0.08027685433626175,0.5549551844596863,unknown
neg_airplane_ww1,data\demo\real_world_yolox_crops\train\neg_airplane_ww1\crop_0012.jpg,0.024266287684440613,0.5549551844596863,unknown
neg_airplane_ww1,data\demo\real_world_yolox_crops\train\neg_airplane_ww1\crop_0013.jpg,0.1009240448474884,0.5549551844596863,unknown
neg_airplane_ww1,data\demo\real_world_yolox_crops\train\neg_airplane_ww1\crop_0014.jpg,0.050268352031707764,0.5549551844596863,unknown
neg_airplane_ww1,data\demo\real_world_yolox_crops\train\neg_airplane_ww1\crop_0015.jpg,0.437484472990036,0.5549551844596863,unknown
neg_airplane_ww1,data\demo\real_world_yolox_crops\train\neg_airplane_ww1\crop_0016.jpg,-0.010205162689089775,0.5549551844596863,unknown
neg_airplane_ww1,data\demo\real_world_yolox_crops\train\neg_airplane_ww1\crop_0017.jpg,0.12031592428684235,0.5549551844596863,unknown
neg_airplane_ww1,data\demo\real_world_yolox_crops\train\neg_airplane_ww1\crop_0018.jpg,0.04533642530441284,0.5549551844596863,unknown
neg_airplane_ww1,data\demo\real_world_yolox_crops\train\neg_airplane_ww1\crop_0019.jpg,0.045138269662857056,0.5549551844596863,unknown
neg_airplane_ww1,data\demo\real_world_yolox_crops\train\neg_airplane_ww1\crop_0020.jpg,-0.26861950755119324,0.5549551844596863,unknown
neg_airplane_ww1,data\demo\real_world_yolox_crops\train\neg_airplane_ww1\crop_0021.jpg,0.0955146923661232,0.5549551844596863,unknown
neg_airplane_ww1,data\demo\real_world_yolox_crops\train\neg_airplane_ww1\crop_0022.jpg,0.06754016876220703,0.5549551844596863,unknown
neg_airplane_ww1,data\demo\real_world_yolox_crops\train\neg_airplane_ww1\crop_0023.jpg,0.15603820979595184,0.5549551844596863,unknown
neg_airplane_ww1,data\demo\real_world_yolox_crops\train\neg_airplane_ww1\crop_0024.jpg,0.10444845259189606,0.5549551844596863,unknown
neg_airplane_ww1,data\demo\real_world_yolox_crops\train\neg_airplane_ww1\crop_0025.jpg,0.0652662143111229,0.5549551844596863,unknown
neg_airplane_ww1,data\demo\real_world_yolox_crops\train\neg_airplane_ww1\crop_0026.jpg,-0.034030310809612274,0.5549551844596863,unknown
neg_airplane_ww1,data\demo\real_world_yolox_crops\train\neg_airplane_ww1\crop_0027.jpg,0.26687654852867126,0.5549551844596863,unknown
neg_airplane_ww1,data\demo\real_world_yolox_crops\train\neg_airplane_ww1\crop_0028.jpg,0.2684137225151062,0.5549551844596863,unknown
neg_airplane_ww1,data\demo\real_world_yolox_crops\train\neg_airplane_ww1\crop_0029.jpg,0.08654424548149109,0.5549551844596863,unknown
neg_airplane_ww1,data\demo\real_world_yolox_crops\train\neg_airplane_ww1\crop_0030.jpg,-0.003989569842815399,0.5549551844596863,unknown
neg_airplane_ww1,data\demo\real_world_yolox_crops\train\neg_airplane_ww1\crop_0031.jpg,0.19286534190177917,0.5549551844596863,unknown
neg_airplane_ww1,data\demo\real_world_yolox_crops\train\neg_airplane_ww1\crop_0032.jpg,0.63507080078125,0.5549551844596863,unknown
neg_airplane_ww1,data\demo\real_world_yolox_crops\train\neg_airplane_ww1\crop_0033.jpg,0.582227349281311,0.5549551844596863,unknown
neg_airplane_ww1,data\demo\real_world_yolox_crops\train\neg_airplane_ww1\crop_0034.jpg,0.14395126700401306,0.5549551844596863,unknown
neg_airplane_ww1,data\demo\real_world_yolox_crops\train\neg_airplane_ww1\crop_0035.jpg,0.0920213907957077,0.5549551844596863,unknown
neg_airplane_ww1,data\demo\real_world_yolox_crops\train\neg_airplane_ww1\crop_0036.jpg,0.2186342477798462,0.5549551844596863,unknown
neg_airplane_ww1,data\demo\real_world_yolox_crops\train\neg_airplane_ww1\crop_0037.jpg,0.44372230768203735,0.5549551844596863,unknown
neg_airplane_ww1,data\demo\real_world_yolox_crops\train\neg_airplane_ww1\crop_0038.jpg,-0.022102653980255127,0.5549551844596863,unknown
neg_airplane_ww1,data\demo\real_world_yolox_crops\train\neg_airplane_ww1\crop_0039.jpg,0.17011095583438873,0.5549551844596863,unknown
neg_airplane_ww1,data\demo\real_world_yolox_crops\train\neg_airplane_ww1\crop_0040.jpg,0.26491135358810425,0.5549551844596863,unknown
neg_airplane_ww1,data\demo\real_world_yolox_crops\train\neg_airplane_ww1\crop_0041.jpg,-0.0687960684299469,0.5549551844596863,unknown
neg_airplane_ww1,data\demo\real_world_yolox_crops\train\neg_airplane_ww1\crop_0042.jpg,0.08925346285104752,0.5549551844596863,unknown
neg_airplane_ww1,data\demo\real_world_yolox_crops\train\neg_airplane_ww1\crop_0043.jpg,0.5534924268722534,0.5549551844596863,unknown
neg_airplane_ww1,data\demo\real_world_yolox_crops\train\neg_airplane_ww1\crop_0044.jpg,0.5297547578811646,0.5549551844596863,unknown
neg_airplane_ww1,data\demo\real_world_yolox_crops\train\neg_airplane_ww1\crop_0045.jpg,0.17563000321388245,0.5549551844596863,unknown
neg_airplane_ww1,data\demo\real_world_yolox_crops\train\neg_airplane_ww1\crop_0046.jpg,0.1352594643831253,0.5549551844596863,unknown
neg_airplane_ww1,data\demo\real_world_yolox_crops\train\neg_airplane_ww1\crop_0047.jpg,0.1468990296125412,0.5549551844596863,unknown
neg_airplane_ww1,data\demo\real_world_yolox_crops\train\neg_airplane_ww1\crop_0048.jpg,-0.29295364022254944,0.5549551844596863,unknown
neg_airplane_ww1,data\demo\real_world_yolox_crops\train\neg_airplane_ww1\crop_0049.jpg,0.32717329263687134,0.5549551844596863,unknown
neg_airplane_ww1,data\demo\real_world_yolox_crops\train\neg_airplane_ww1\crop_0050.jpg,0.26851606369018555,0.5549551844596863,unknown
neg_airplane_ww1,data\demo\real_world_yolox_crops\train\neg_airplane_ww1\crop_0051.jpg,0.01877213642001152,0.5549551844596863,unknown
neg_airplane_ww1,data\demo\real_world_yolox_crops\train\neg_airplane_ww1\crop_0052.jpg,-0.07110288739204407,0.5549551844596863,unknown
neg_airplane_ww1,data\demo\real_world_yolox_crops\train\neg_airplane_ww1\crop_0053.jpg,0.11925064027309418,0.5549551844596863,unknown
neg_airplane_ww1,data\demo\real_world_yolox_crops\train\neg_airplane_ww1\crop_0054.jpg,0.4622969329357147,0.5549551844596863,unknown
neg_airplane_ww1,data\demo\real_world_yolox_crops\train\neg_airplane_ww1\crop_0055.jpg,0.13093237578868866,0.5549551844596863,unknown
neg_airplane_ww1,data\demo\real_world_yolox_crops\train\neg_airplane_ww1\crop_0056.jpg,0.30584046244621277,0.5549551844596863,unknown
neg_airplane_ww1,data\demo\real_world_yolox_crops\train\neg_airplane_ww1\crop_0057.jpg,0.3416268825531006,0.5549551844596863,unknown
neg_airplane_ww1,data\demo\real_world_yolox_crops\train\neg_airplane_ww1\crop_0058.jpg,-0.053944870829582214,0.5549551844596863,unknown
neg_airplane_ww1,data\demo\real_world_yolox_crops\train\neg_airplane_ww1\crop_0059.jpg,0.06285709142684937,0.5549551844596863,unknown
neg_airplane_ww1,data\demo\real_world_yolox_crops\train\neg_airplane_ww1\crop_0060.jpg,0.16506251692771912,0.5549551844596863,unknown
neg_airplane_ww1,data\demo\real_world_yolox_crops\train\neg_airplane_ww1\crop_0061.jpg,0.09296665340662003,0.5549551844596863,unknown
neg_airplane_ww1,data\demo\real_world_yolox_crops\train\neg_airplane_ww1\crop_0062.jpg,0.1674252599477768,0.5549551844596863,unknown
neg_airplane_ww1,data\demo\real_world_yolox_crops\train\neg_airplane_ww1\crop_0063.jpg,0.11927667260169983,0.5549551844596863,unknown
neg_airplane_ww1,data\demo\real_world_yolox_crops\train\neg_airplane_ww1\crop_0064.jpg,-0.08348990976810455,0.5549551844596863,unknown
neg_airplane_ww1,data\demo\real_world_yolox_crops\train\neg_airplane_ww1\crop_0065.jpg,0.26404231786727905,0.5549551844596863,unknown
neg_airplane_ww1,data\demo\real_world_yolox_crops\train\neg_airplane_ww1\crop_0066.jpg,0.3813929557800293,0.5549551844596863,unknown
neg_airplane_ww1,data\demo\real_world_yolox_crops\train\neg_airplane_ww1\crop_0067.jpg,-0.22721731662750244,0.5549551844596863,unknown
neg_airplane_ww1,data\demo\real_world_yolox_crops\train\neg_airplane_ww1\crop_0068.jpg,-0.17467737197875977,0.5549551844596863,unknown
neg_airplane_ww1,data\demo\real_world_yolox_crops\train\neg_airplane_ww1\crop_0069.jpg,0.2946781814098358,0.5549551844596863,unknown
neg_airplane_ww1,data\demo\real_world_yolox_crops\train\neg_airplane_ww1\crop_0070.jpg,-0.19438940286636353,0.5549551844596863,unknown
neg_airplane_ww1,data\demo\real_world_yolox_crops\train\neg_airplane_ww1\crop_0071.jpg,-0.019525662064552307,0.5549551844596863,unknown
neg_airplane_ww1,data\demo\real_world_yolox_crops\train\neg_airplane_ww1\crop_0072.jpg,0.08473542332649231,0.5549551844596863,unknown
neg_airplane_ww1,data\demo\real_world_yolox_crops\train\neg_airplane_ww1\crop_0073.jpg,-0.09422137588262558,0.5549551844596863,unknown
neg_airplane_ww1,data\demo\real_world_yolox_crops\train\neg_airplane_ww1\crop_0074.jpg,0.15826047956943512,0.5549551844596863,unknown
neg_airplane_ww1,data\demo\real_world_yolox_crops\train\neg_airplane_ww1\crop_0075.jpg,0.4742305278778076,0.5549551844596863,unknown
neg_airplane_ww1,data\demo\real_world_yolox_crops\train\neg_airplane_ww1\crop_0076.jpg,-0.05177043378353119,0.5549551844596863,unknown
neg_airplane_ww1,data\demo\real_world_yolox_crops\train\neg_airplane_ww1\crop_0077.jpg,0.12245997786521912,0.5549551844596863,unknown
neg_airplane_ww1,data\demo\real_world_yolox_crops\train\neg_airplane_ww1\crop_0078.jpg,0.2593303918838501,0.5549551844596863,unknown
neg_airplane_ww1,data\demo\real_world_yolox_crops\train\neg_airplane_ww1\crop_0079.jpg,0.028231125324964523,0.5549551844596863,unknown
neg_airplane_ww1,data\demo\real_world_yolox_crops\train\neg_airplane_ww1\crop_0080.jpg,0.02510790340602398,0.5549551844596863,unknown
neg_airplane_ww1,data\demo\real_world_yolox_crops\train\neg_airplane_ww1\crop_0081.jpg,0.18901054561138153,0.5549551844596863,unknown
neg_airplane_ww1,data\demo\real_world_yolox_crops\train\neg_airplane_ww1\crop_0082.jpg,-0.1038646474480629,0.5549551844596863,unknown
neg_airplane_ww1,data\demo\real_world_yolox_crops\train\neg_airplane_ww1\crop_0083.jpg,-0.05445828661322594,0.5549551844596863,unknown
neg_airplane_ww1,data\demo\real_world_yolox_crops\train\neg_airplane_ww1\crop_0084.jpg,0.10214351117610931,0.5549551844596863,unknown
neg_aknc_uav,data\demo\real_world_yolox_crops\train\neg_aknc_uav\crop_0000.jpg,0.08063711225986481,0.7145665884017944,MATCH
neg_aknc_uav,data\demo\real_world_yolox_crops\train\neg_aknc_uav\crop_0001.jpg,0.3615760803222656,0.7145665884017944,MATCH
neg_aknc_uav,data\demo\real_world_yolox_crops\train\neg_aknc_uav\crop_0002.jpg,0.6513167023658752,0.7145665884017944,MATCH
neg_aknc_uav,data\demo\real_world_yolox_crops\train\neg_aknc_uav\crop_0003.jpg,0.4444025158882141,0.7145665884017944,MATCH
neg_aknc_uav,data\demo\real_world_yolox_crops\train\neg_aknc_uav\crop_0004.jpg,-0.0025309398770332336,0.7145665884017944,MATCH
neg_aknc_uav,data\demo\real_world_yolox_crops\train\neg_aknc_uav\crop_0005.jpg,-0.1275610327720642,0.7145665884017944,MATCH
neg_aknc_uav,data\demo\real_world_yolox_crops\train\neg_aknc_uav\crop_0006.jpg,-0.09374654293060303,0.7145665884017944,MATCH
neg_aknc_uav,data\demo\real_world_yolox_crops\train\neg_aknc_uav\crop_0007.jpg,-0.20878547430038452,0.7145665884017944,MATCH
neg_aknc_uav,data\demo\real_world_yolox_crops\train\neg_aknc_uav\crop_0008.jpg,0.21826249361038208,0.7145665884017944,MATCH
neg_aknc_uav,data\demo\real_world_yolox_crops\train\neg_aknc_uav\crop_0009.jpg,0.15735994279384613,0.7145665884017944,MATCH
neg_aknc_uav,data\demo\real_world_yolox_crops\train\neg_aknc_uav\crop_0010.jpg,0.27019840478897095,0.7145665884017944,MATCH
neg_aknc_uav,data\demo\real_world_yolox_crops\train\neg_aknc_uav\crop_0011.jpg,0.3650064170360565,0.7145665884017944,MATCH
neg_aknc_uav,data\demo\real_world_yolox_crops\train\neg_aknc_uav\crop_0012.jpg,0.14943507313728333,0.7145665884017944,MATCH
neg_aknc_uav,data\demo\real_world_yolox_crops\train\neg_aknc_uav\crop_0013.jpg,0.031475599855184555,0.7145665884017944,MATCH
neg_aknc_uav,data\demo\real_world_yolox_crops\train\neg_aknc_uav\crop_0014.jpg,0.30710458755493164,0.7145665884017944,MATCH
neg_aknc_uav,data\demo\real_world_yolox_crops\train\neg_aknc_uav\crop_0015.jpg,0.0760459303855896,0.7145665884017944,MATCH
neg_aknc_uav,data\demo\real_world_yolox_crops\train\neg_aknc_uav\crop_0016.jpg,-0.011012084782123566,0.7145665884017944,MATCH
neg_aknc_uav,data\demo\real_world_yolox_crops\train\neg_aknc_uav\crop_0017.jpg,0.0696411058306694,0.7145665884017944,MATCH
neg_aknc_uav,data\demo\real_world_yolox_crops\train\neg_aknc_uav\crop_0018.jpg,0.02877144142985344,0.7145665884017944,MATCH
neg_aknc_uav,data\demo\real_world_yolox_crops\train\neg_aknc_uav\crop_0019.jpg,0.09218963980674744,0.7145665884017944,MATCH
neg_aknc_uav,data\demo\real_world_yolox_crops\train\neg_aknc_uav\crop_0020.jpg,0.12566912174224854,0.7145665884017944,MATCH
neg_aknc_uav,data\demo\real_world_yolox_crops\train\neg_aknc_uav\crop_0021.jpg,0.3135894536972046,0.7145665884017944,MATCH
neg_aknc_uav,data\demo\real_world_yolox_crops\train\neg_aknc_uav\crop_0022.jpg,0.04408407211303711,0.7145665884017944,MATCH
neg_aknc_uav,data\demo\real_world_yolox_crops\train\neg_aknc_uav\crop_0023.jpg,0.21324831247329712,0.7145665884017944,MATCH
neg_aknc_uav,data\demo\real_world_yolox_crops\train\neg_aknc_uav\crop_0024.jpg,0.12307502329349518,0.7145665884017944,MATCH
neg_aknc_uav,data\demo\real_world_yolox_crops\train\neg_aknc_uav\crop_0025.jpg,0.02241590991616249,0.7145665884017944,MATCH
neg_aknc_uav,data\demo\real_world_yolox_crops\train\neg_aknc_uav\crop_0026.jpg,0.2031213939189911,0.7145665884017944,MATCH
neg_aknc_uav,data\demo\real_world_yolox_crops\train\neg_aknc_uav\crop_0027.jpg,0.1897425651550293,0.7145665884017944,MATCH
neg_aknc_uav,data\demo\real_world_yolox_crops\train\neg_aknc_uav\crop_0028.jpg,0.7123125791549683,0.7145665884017944,MATCH
neg_aknc_uav,data\demo\real_world_yolox_crops\train\neg_aknc_uav\crop_0029.jpg,0.3013770580291748,0.7145665884017944,MATCH
neg_aknc_uav,data\demo\real_world_yolox_crops\train\neg_aknc_uav\crop_0030.jpg,0.16872137784957886,0.7145665884017944,MATCH
neg_aknc_uav,data\demo\real_world_yolox_crops\train\neg_aknc_uav\crop_0031.jpg,0.06792524456977844,0.7145665884017944,MATCH
neg_aknc_uav,data\demo\real_world_yolox_crops\train\neg_aknc_uav\crop_0032.jpg,0.40178459882736206,0.7145665884017944,MATCH
neg_aknc_uav,data\demo\real_world_yolox_crops\train\neg_aknc_uav\crop_0033.jpg,0.027541592717170715,0.7145665884017944,MATCH
neg_aknc_uav,data\demo\real_world_yolox_crops\train\neg_aknc_uav\crop_0034.jpg,0.1468624770641327,0.7145665884017944,MATCH
neg_aknc_uav,data\demo\real_world_yolox_crops\train\neg_aknc_uav\crop_0035.jpg,0.2723865509033203,0.7145665884017944,MATCH
neg_aknc_uav,data\demo\real_world_yolox_crops\train\neg_aknc_uav\crop_0036.jpg,-0.02593059651553631,0.7145665884017944,MATCH
neg_aknc_uav,data\demo\real_world_yolox_crops\train\neg_aknc_uav\crop_0037.jpg,-0.04684319719672203,0.7145665884017944,MATCH
neg_aknc_uav,data\demo\real_world_yolox_crops\train\neg_aknc_uav\crop_0038.jpg,0.24119651317596436,0.7145665884017944,MATCH
neg_aknc_uav,data\demo\real_world_yolox_crops\train\neg_aknc_uav\crop_0039.jpg,0.18990233540534973,0.7145665884017944,MATCH
neg_aknc_uav,data\demo\real_world_yolox_crops\train\neg_aknc_uav\crop_0040.jpg,0.1762811243534088,0.7145665884017944,MATCH
neg_aknc_uav,data\demo\real_world_yolox_crops\train\neg_aknc_uav\crop_0041.jpg,0.40103960037231445,0.7145665884017944,MATCH
neg_aknc_uav,data\demo\real_world_yolox_crops\train\neg_aknc_uav\crop_0042.jpg,0.4483976364135742,0.7145665884017944,MATCH
neg_aknc_uav,data\demo\real_world_yolox_crops\train\neg_aknc_uav\crop_0043.jpg,0.2560787796974182,0.7145665884017944,MATCH
neg_aknc_uav,data\demo\real_world_yolox_crops\train\neg_aknc_uav\crop_0044.jpg,0.5404653549194336,0.7145665884017944,MATCH
neg_aknc_uav,data\demo\real_world_yolox_crops\train\neg_aknc_uav\crop_0045.jpg,-0.04830082505941391,0.7145665884017944,MATCH
neg_aknc_uav,data\demo\real_world_yolox_crops\train\neg_aknc_uav\crop_0046.jpg,0.15306274592876434,0.7145665884017944,MATCH
neg_aknc_uav,data\demo\real_world_yolox_crops\train\neg_aknc_uav\crop_0047.jpg,0.523941159248352,0.7145665884017944,MATCH
neg_aknc_uav,data\demo\real_world_yolox_crops\train\neg_aknc_uav\crop_0048.jpg,-0.05965806543827057,0.7145665884017944,MATCH
neg_aknc_uav,data\demo\real_world_yolox_crops\train\neg_aknc_uav\crop_0049.jpg,-0.044227831065654755,0.7145665884017944,MATCH
neg_aknc_uav,data\demo\real_world_yolox_crops\train\neg_aknc_uav\crop_0050.jpg,0.04172898083925247,0.7145665884017944,MATCH
neg_aknc_uav,data\demo\real_world_yolox_crops\train\neg_aknc_uav\crop_0051.jpg,0.10193304717540741,0.7145665884017944,MATCH
neg_aknc_uav,data\demo\real_world_yolox_crops\train\neg_aknc_uav\crop_0052.jpg,0.9303127527236938,0.7145665884017944,MATCH
neg_aknc_uav,data\demo\real_world_yolox_crops\train\neg_aknc_uav\crop_0053.jpg,0.35098183155059814,0.7145665884017944,MATCH
neg_aknc_uav,data\demo\real_world_yolox_crops\train\neg_aknc_uav\crop_0054.jpg,0.16444140672683716,0.7145665884017944,MATCH
neg_aknc_uav,data\demo\real_world_yolox_crops\train\neg_aknc_uav\crop_0055.jpg,0.4223073124885559,0.7145665884017944,MATCH
neg_aknc_uav,data\demo\real_world_yolox_crops\train\neg_aknc_uav\crop_0056.jpg,0.40292036533355713,0.7145665884017944,MATCH
neg_aknc_uav,data\demo\real_world_yolox_crops\train\neg_aknc_uav\crop_0057.jpg,0.3389531970024109,0.7145665884017944,MATCH
neg_aknc_uav,data\demo\real_world_yolox_crops\train\neg_aknc_uav\crop_0058.jpg,0.36358481645584106,0.7145665884017944,MATCH
neg_aknc_uav,data\demo\real_world_yolox_crops\train\neg_aknc_uav\crop_0059.jpg,0.04723828285932541,0.7145665884017944,MATCH
neg_aknc_uav,data\demo\real_world_yolox_crops\train\neg_aknc_uav\crop_0060.jpg,0.24051716923713684,0.7145665884017944,MATCH
neg_aknc_uav,data\demo\real_world_yolox_crops\train\neg_aknc_uav\crop_0061.jpg,0.0814267098903656,0.7145665884017944,MATCH
neg_aknc_uav,data\demo\real_world_yolox_crops\train\neg_aknc_uav\crop_0062.jpg,0.17369428277015686,0.7145665884017944,MATCH
neg_aknc_uav,data\demo\real_world_yolox_crops\train\neg_aknc_uav\crop_0063.jpg,-0.07254594564437866,0.7145665884017944,MATCH
neg_aknc_uav,data\demo\real_world_yolox_crops\train\neg_aknc_uav\crop_0064.jpg,0.14568427205085754,0.7145665884017944,MATCH
neg_aknc_uav,data\demo\real_world_yolox_crops\train\neg_aknc_uav\crop_0065.jpg,0.00728149339556694,0.7145665884017944,MATCH
neg_aknc_uav,data\demo\real_world_yolox_crops\train\neg_aknc_uav\crop_0066.jpg,0.2267029583454132,0.7145665884017944,MATCH
neg_aknc_uav,data\demo\real_world_yolox_crops\train\neg_aknc_uav\crop_0067.jpg,-0.039327673614025116,0.7145665884017944,MATCH
neg_aknc_uav,data\demo\real_world_yolox_crops\train\neg_aknc_uav\crop_0068.jpg,0.13144832849502563,0.7145665884017944,MATCH
neg_aknc_uav,data\demo\real_world_yolox_crops\train\neg_aknc_uav\crop_0069.jpg,0.3117588460445404,0.7145665884017944,MATCH
neg_aknc_uav,data\demo\real_world_yolox_crops\train\neg_aknc_uav\crop_0070.jpg,0.16273349523544312,0.7145665884017944,MATCH
neg_aknc_uav,data\demo\real_world_yolox_crops\train\neg_aknc_uav\crop_0071.jpg,0.13050085306167603,0.7145665884017944,MATCH
neg_aknc_uav,data\demo\real_world_yolox_crops\train\neg_aknc_uav\crop_0072.jpg,0.19615836441516876,0.7145665884017944,MATCH
neg_aknc_uav,data\demo\real_world_yolox_crops\train\neg_aknc_uav\crop_0073.jpg,0.21886727213859558,0.7145665884017944,MATCH
neg_aknc_uav,data\demo\real_world_yolox_crops\train\neg_aknc_uav\crop_0074.jpg,0.7384258508682251,0.7145665884017944,MATCH
neg_aknc_uav,data\demo\real_world_yolox_crops\train\neg_aknc_uav\crop_0075.jpg,0.43683403730392456,0.7145665884017944,MATCH
neg_aknc_uav,data\demo\real_world_yolox_crops\train\neg_aknc_uav\crop_0076.jpg,0.09723127633333206,0.7145665884017944,MATCH
neg_aknc_uav,data\demo\real_world_yolox_crops\train\neg_aknc_uav\crop_0077.jpg,0.1649949997663498,0.7145665884017944,MATCH
neg_aknc_uav,data\demo\real_world_yolox_crops\train\neg_aknc_uav\crop_0078.jpg,0.07295136153697968,0.7145665884017944,MATCH
neg_animated_drone,data\demo\real_world_yolox_crops\train\neg_animated_drone\crop_0000.jpg,0.4063589572906494,0.4953937530517578,unknown
neg_animated_drone,data\demo\real_world_yolox_crops\train\neg_animated_drone\crop_0001.jpg,0.4568708539009094,0.4953937530517578,unknown
neg_animated_drone,data\demo\real_world_yolox_crops\train\neg_animated_drone\crop_0002.jpg,0.19593051075935364,0.4953937530517578,unknown
neg_animated_drone,data\demo\real_world_yolox_crops\train\neg_animated_drone\crop_0003.jpg,0.5962837338447571,0.4953937530517578,unknown
neg_animated_drone,data\demo\real_world_yolox_crops\train\neg_animated_drone\crop_0004.jpg,0.8215247392654419,0.4953937530517578,unknown
neg_bald_eagle_flying_bird_model,data\demo\real_world_yolox_crops\train\neg_bald_eagle_flying_bird_model\crop_0000.jpg,0.17635150253772736,0.6526881456375122,MATCH
neg_bald_eagle_flying_bird_model,data\demo\real_world_yolox_crops\train\neg_bald_eagle_flying_bird_model\crop_0001.jpg,0.04778822138905525,0.6526881456375122,MATCH
neg_bald_eagle_flying_bird_model,data\demo\real_world_yolox_crops\train\neg_bald_eagle_flying_bird_model\crop_0002.jpg,0.11302680522203445,0.6526881456375122,MATCH
neg_bald_eagle_flying_bird_model,data\demo\real_world_yolox_crops\train\neg_bald_eagle_flying_bird_model\crop_0003.jpg,0.12225990742444992,0.6526881456375122,MATCH
neg_bald_eagle_flying_bird_model,data\demo\real_world_yolox_crops\train\neg_bald_eagle_flying_bird_model\crop_0004.jpg,0.014191195368766785,0.6526881456375122,MATCH
neg_bald_eagle_flying_bird_model,data\demo\real_world_yolox_crops\train\neg_bald_eagle_flying_bird_model\crop_0005.jpg,0.12755534052848816,0.6526881456375122,MATCH
neg_bald_eagle_flying_bird_model,data\demo\real_world_yolox_crops\train\neg_bald_eagle_flying_bird_model\crop_0006.jpg,0.017245832830667496,0.6526881456375122,MATCH
neg_bald_eagle_flying_bird_model,data\demo\real_world_yolox_crops\train\neg_bald_eagle_flying_bird_model\crop_0007.jpg,0.04093170911073685,0.6526881456375122,MATCH
neg_bald_eagle_flying_bird_model,data\demo\real_world_yolox_crops\train\neg_bald_eagle_flying_bird_model\crop_0008.jpg,0.23963817954063416,0.6526881456375122,MATCH
neg_bald_eagle_flying_bird_model,data\demo\real_world_yolox_crops\train\neg_bald_eagle_flying_bird_model\crop_0009.jpg,0.039884813129901886,0.6526881456375122,MATCH
neg_bald_eagle_flying_bird_model,data\demo\real_world_yolox_crops\train\neg_bald_eagle_flying_bird_model\crop_0010.jpg,0.15357926487922668,0.6526881456375122,MATCH
neg_bald_eagle_flying_bird_model,data\demo\real_world_yolox_crops\train\neg_bald_eagle_flying_bird_model\crop_0011.jpg,0.036337513476610184,0.6526881456375122,MATCH
neg_bald_eagle_flying_bird_model,data\demo\real_world_yolox_crops\train\neg_bald_eagle_flying_bird_model\crop_0012.jpg,-0.077823206782341,0.6526881456375122,MATCH
neg_bald_eagle_flying_bird_model,data\demo\real_world_yolox_crops\train\neg_bald_eagle_flying_bird_model\crop_0013.jpg,0.11199338734149933,0.6526881456375122,MATCH
neg_bald_eagle_flying_bird_model,data\demo\real_world_yolox_crops\train\neg_bald_eagle_flying_bird_model\crop_0014.jpg,0.3974633514881134,0.6526881456375122,MATCH
neg_bald_eagle_flying_bird_model,data\demo\real_world_yolox_crops\train\neg_bald_eagle_flying_bird_model\crop_0015.jpg,0.24932275712490082,0.6526881456375122,MATCH
neg_bald_eagle_flying_bird_model,data\demo\real_world_yolox_crops\train\neg_bald_eagle_flying_bird_model\crop_0016.jpg,0.4158666133880615,0.6526881456375122,MATCH
neg_bald_eagle_flying_bird_model,data\demo\real_world_yolox_crops\train\neg_bald_eagle_flying_bird_model\crop_0017.jpg,0.17743346095085144,0.6526881456375122,MATCH
neg_bald_eagle_flying_bird_model,data\demo\real_world_yolox_crops\train\neg_bald_eagle_flying_bird_model\crop_0018.jpg,0.2412146031856537,0.6526881456375122,MATCH
neg_bald_eagle_flying_bird_model,data\demo\real_world_yolox_crops\train\neg_bald_eagle_flying_bird_model\crop_0019.jpg,0.28875666856765747,0.6526881456375122,MATCH
neg_bald_eagle_flying_bird_model,data\demo\real_world_yolox_crops\train\neg_bald_eagle_flying_bird_model\crop_0020.jpg,0.2118537724018097,0.6526881456375122,MATCH
neg_bald_eagle_flying_bird_model,data\demo\real_world_yolox_crops\train\neg_bald_eagle_flying_bird_model\crop_0021.jpg,0.03192801773548126,0.6526881456375122,MATCH
neg_bald_eagle_flying_bird_model,data\demo\real_world_yolox_crops\train\neg_bald_eagle_flying_bird_model\crop_0022.jpg,0.02161746472120285,0.6526881456375122,MATCH
neg_bald_eagle_flying_bird_model,data\demo\real_world_yolox_crops\train\neg_bald_eagle_flying_bird_model\crop_0023.jpg,0.7305892705917358,0.6526881456375122,MATCH
neg_bald_eagle_flying_bird_model,data\demo\real_world_yolox_crops\train\neg_bald_eagle_flying_bird_model\crop_0024.jpg,0.09758645296096802,0.6526881456375122,MATCH
neg_bald_eagle_flying_bird_model,data\demo\real_world_yolox_crops\train\neg_bald_eagle_flying_bird_model\crop_0025.jpg,0.13298064470291138,0.6526881456375122,MATCH
neg_bald_eagle_flying_bird_model,data\demo\real_world_yolox_crops\train\neg_bald_eagle_flying_bird_model\crop_0026.jpg,0.23493105173110962,0.6526881456375122,MATCH
neg_bald_eagle_flying_bird_model,data\demo\real_world_yolox_crops\train\neg_bald_eagle_flying_bird_model\crop_0027.jpg,0.3782040476799011,0.6526881456375122,MATCH
neg_bald_eagle_flying_bird_model,data\demo\real_world_yolox_crops\train\neg_bald_eagle_flying_bird_model\crop_0028.jpg,0.13640516996383667,0.6526881456375122,MATCH
neg_bald_eagle_flying_bird_model,data\demo\real_world_yolox_crops\train\neg_bald_eagle_flying_bird_model\crop_0029.jpg,0.21114027500152588,0.6526881456375122,MATCH
neg_bald_eagle_flying_bird_model,data\demo\real_world_yolox_crops\train\neg_bald_eagle_flying_bird_model\crop_0030.jpg,0.5649922490119934,0.6526881456375122,MATCH
neg_bald_eagle_flying_bird_model,data\demo\real_world_yolox_crops\train\neg_bald_eagle_flying_bird_model\crop_0031.jpg,0.19701974093914032,0.6526881456375122,MATCH
neg_bald_eagle_flying_bird_model,data\demo\real_world_yolox_crops\train\neg_bald_eagle_flying_bird_model\crop_0032.jpg,0.6242765188217163,0.6526881456375122,MATCH
neg_bald_eagle_flying_bird_model,data\demo\real_world_yolox_crops\train\neg_bald_eagle_flying_bird_model\crop_0033.jpg,0.24733883142471313,0.6526881456375122,MATCH
neg_bald_eagle_flying_bird_model,data\demo\real_world_yolox_crops\train\neg_bald_eagle_flying_bird_model\crop_0034.jpg,0.4404241442680359,0.6526881456375122,MATCH
neg_bald_eagle_flying_bird_model,data\demo\real_world_yolox_crops\train\neg_bald_eagle_flying_bird_model\crop_0035.jpg,0.22973203659057617,0.6526881456375122,MATCH
neg_bald_eagle_flying_bird_model,data\demo\real_world_yolox_crops\train\neg_bald_eagle_flying_bird_model\crop_0036.jpg,0.3796823024749756,0.6526881456375122,MATCH
neg_bald_eagle_flying_bird_model,data\demo\real_world_yolox_crops\train\neg_bald_eagle_flying_bird_model\crop_0037.jpg,0.49225401878356934,0.6526881456375122,MATCH
neg_bald_eagle_flying_bird_model,data\demo\real_world_yolox_crops\train\neg_bald_eagle_flying_bird_model\crop_0038.jpg,0.378612220287323,0.6526881456375122,MATCH
neg_bald_eagle_flying_bird_model,data\demo\real_world_yolox_crops\train\neg_bald_eagle_flying_bird_model\crop_0039.jpg,0.28099560737609863,0.6526881456375122,MATCH
neg_bald_eagle_flying_bird_model,data\demo\real_world_yolox_crops\train\neg_bald_eagle_flying_bird_model\crop_0040.jpg,0.09496712684631348,0.6526881456375122,MATCH
neg_bald_eagle_flying_bird_model,data\demo\real_world_yolox_crops\train\neg_bald_eagle_flying_bird_model\crop_0041.jpg,0.7230252027511597,0.6526881456375122,MATCH
neg_bald_eagle_flying_bird_model,data\demo\real_world_yolox_crops\train\neg_bald_eagle_flying_bird_model\crop_0042.jpg,0.6205575466156006,0.6526881456375122,MATCH
neg_bald_eagle_flying_bird_model,data\demo\real_world_yolox_crops\train\neg_bald_eagle_flying_bird_model\crop_0043.jpg,0.45136624574661255,0.6526881456375122,MATCH
neg_bald_eagle_flying_bird_model,data\demo\real_world_yolox_crops\train\neg_bald_eagle_flying_bird_model\crop_0044.jpg,0.19436544179916382,0.6526881456375122,MATCH
neg_bald_eagle_flying_bird_model,data\demo\real_world_yolox_crops\train\neg_bald_eagle_flying_bird_model\crop_0045.jpg,0.2523989677429199,0.6526881456375122,MATCH
neg_bald_eagle_flying_bird_model,data\demo\real_world_yolox_crops\train\neg_bald_eagle_flying_bird_model\crop_0046.jpg,-0.037787433713674545,0.6526881456375122,MATCH
neg_bald_eagle_flying_bird_model,data\demo\real_world_yolox_crops\train\neg_bald_eagle_flying_bird_model\crop_0047.jpg,0.0015715546905994415,0.6526881456375122,MATCH
neg_bald_eagle_flying_bird_model,data\demo\real_world_yolox_crops\train\neg_bald_eagle_flying_bird_model\crop_0048.jpg,0.13367554545402527,0.6526881456375122,MATCH
neg_bald_eagle_flying_bird_model,data\demo\real_world_yolox_crops\train\neg_bald_eagle_flying_bird_model\crop_0049.jpg,-0.0017273761332035065,0.6526881456375122,MATCH
neg_bald_eagle_flying_bird_model,data\demo\real_world_yolox_crops\train\neg_bald_eagle_flying_bird_model\crop_0050.jpg,0.160673588514328,0.6526881456375122,MATCH
neg_bald_eagle_flying_bird_model,data\demo\real_world_yolox_crops\train\neg_bald_eagle_flying_bird_model\crop_0051.jpg,0.12274621427059174,0.6526881456375122,MATCH
neg_bald_eagle_flying_bird_model,data\demo\real_world_yolox_crops\train\neg_bald_eagle_flying_bird_model\crop_0052.jpg,-0.037060849368572235,0.6526881456375122,MATCH
neg_bald_eagle_flying_bird_model,data\demo\real_world_yolox_crops\train\neg_bald_eagle_flying_bird_model\crop_0053.jpg,0.2941676676273346,0.6526881456375122,MATCH
neg_bald_eagle_flying_bird_model,data\demo\real_world_yolox_crops\train\neg_bald_eagle_flying_bird_model\crop_0054.jpg,-0.0067645106464624405,0.6526881456375122,MATCH
neg_bald_eagle_flying_bird_model,data\demo\real_world_yolox_crops\train\neg_bald_eagle_flying_bird_model\crop_0055.jpg,0.1024908572435379,0.6526881456375122,MATCH
neg_bald_eagle_flying_bird_model,data\demo\real_world_yolox_crops\train\neg_bald_eagle_flying_bird_model\crop_0056.jpg,0.11868204921483994,0.6526881456375122,MATCH
neg_bionic_dragonfly_four-axis_uav_aircraft,data\demo\real_world_yolox_crops\train\neg_bionic_dragonfly_four-axis_uav_aircraft\crop_0000.jpg,0.493847131729126,0.6124722957611084,MATCH
neg_bionic_dragonfly_four-axis_uav_aircraft,data\demo\real_world_yolox_crops\train\neg_bionic_dragonfly_four-axis_uav_aircraft\crop_0001.jpg,0.36981678009033203,0.6124722957611084,MATCH
neg_bionic_dragonfly_four-axis_uav_aircraft,data\demo\real_world_yolox_crops\train\neg_bionic_dragonfly_four-axis_uav_aircraft\crop_0002.jpg,0.2044549584388733,0.6124722957611084,MATCH
neg_bionic_dragonfly_four-axis_uav_aircraft,data\demo\real_world_yolox_crops\train\neg_bionic_dragonfly_four-axis_uav_aircraft\crop_0003.jpg,0.32492494583129883,0.6124722957611084,MATCH
neg_bionic_dragonfly_four-axis_uav_aircraft,data\demo\real_world_yolox_crops\train\neg_bionic_dragonfly_four-axis_uav_aircraft\crop_0004.jpg,0.4090557098388672,0.6124722957611084,MATCH
neg_bionic_dragonfly_four-axis_uav_aircraft,data\demo\real_world_yolox_crops\train\neg_bionic_dragonfly_four-axis_uav_aircraft\crop_0005.jpg,0.34901392459869385,0.6124722957611084,MATCH
neg_bionic_dragonfly_four-axis_uav_aircraft,data\demo\real_world_yolox_crops\train\neg_bionic_dragonfly_four-axis_uav_aircraft\crop_0006.jpg,0.22991003096103668,0.6124722957611084,MATCH
neg_bionic_dragonfly_four-axis_uav_aircraft,data\demo\real_world_yolox_crops\train\neg_bionic_dragonfly_four-axis_uav_aircraft\crop_0007.jpg,0.3308716416358948,0.6124722957611084,MATCH
neg_bionic_dragonfly_four-axis_uav_aircraft,data\demo\real_world_yolox_crops\train\neg_bionic_dragonfly_four-axis_uav_aircraft\crop_0008.jpg,0.4164193272590637,0.6124722957611084,MATCH
neg_bionic_dragonfly_four-axis_uav_aircraft,data\demo\real_world_yolox_crops\train\neg_bionic_dragonfly_four-axis_uav_aircraft\crop_0009.jpg,0.4503515958786011,0.6124722957611084,MATCH
neg_bionic_dragonfly_four-axis_uav_aircraft,data\demo\real_world_yolox_crops\train\neg_bionic_dragonfly_four-axis_uav_aircraft\crop_0010.jpg,0.17845173180103302,0.6124722957611084,MATCH
neg_bionic_dragonfly_four-axis_uav_aircraft,data\demo\real_world_yolox_crops\train\neg_bionic_dragonfly_four-axis_uav_aircraft\crop_0011.jpg,0.3455491065979004,0.6124722957611084,MATCH
neg_bionic_dragonfly_four-axis_uav_aircraft,data\demo\real_world_yolox_crops\train\neg_bionic_dragonfly_four-axis_uav_aircraft\crop_0012.jpg,0.5330755710601807,0.6124722957611084,MATCH
neg_bionic_dragonfly_four-axis_uav_aircraft,data\demo\real_world_yolox_crops\train\neg_bionic_dragonfly_four-axis_uav_aircraft\crop_0013.jpg,0.35975754261016846,0.6124722957611084,MATCH
neg_bionic_dragonfly_four-axis_uav_aircraft,data\demo\real_world_yolox_crops\train\neg_bionic_dragonfly_four-axis_uav_aircraft\crop_0014.jpg,0.7560038566589355,0.6124722957611084,MATCH
neg_bionic_dragonfly_four-axis_uav_aircraft,data\demo\real_world_yolox_crops\train\neg_bionic_dragonfly_four-axis_uav_aircraft\crop_0015.jpg,0.41978687047958374,0.6124722957611084,MATCH
neg_bionic_dragonfly_four-axis_uav_aircraft,data\demo\real_world_yolox_crops\train\neg_bionic_dragonfly_four-axis_uav_aircraft\crop_0016.jpg,0.43716195225715637,0.6124722957611084,MATCH
neg_bionic_dragonfly_four-axis_uav_aircraft,data\demo\real_world_yolox_crops\train\neg_bionic_dragonfly_four-axis_uav_aircraft\crop_0017.jpg,0.5212803483009338,0.6124722957611084,MATCH
neg_bionic_dragonfly_four-axis_uav_aircraft,data\demo\real_world_yolox_crops\train\neg_bionic_dragonfly_four-axis_uav_aircraft\crop_0018.jpg,0.3563230037689209,0.6124722957611084,MATCH
neg_bionic_dragonfly_four-axis_uav_aircraft,data\demo\real_world_yolox_crops\train\neg_bionic_dragonfly_four-axis_uav_aircraft\crop_0019.jpg,0.42523378133773804,0.6124722957611084,MATCH
neg_bionic_dragonfly_four-axis_uav_aircraft,data\demo\real_world_yolox_crops\train\neg_bionic_dragonfly_four-axis_uav_aircraft\crop_0020.jpg,0.758154571056366,0.6124722957611084,MATCH
neg_cesna_airplane,data\demo\real_world_yolox_crops\train\neg_cesna_airplane\crop_0000.jpg,0.11772377043962479,0.5551382899284363,unknown
neg_cesna_airplane,data\demo\real_world_yolox_crops\train\neg_cesna_airplane\crop_0001.jpg,0.21770532429218292,0.5551382899284363,unknown
neg_cesna_airplane,data\demo\real_world_yolox_crops\train\neg_cesna_airplane\crop_0002.jpg,0.2192598581314087,0.5551382899284363,unknown
neg_cesna_airplane,data\demo\real_world_yolox_crops\train\neg_cesna_airplane\crop_0003.jpg,0.005702421069145203,0.5551382899284363,unknown
neg_cesna_airplane,data\demo\real_world_yolox_crops\train\neg_cesna_airplane\crop_0004.jpg,-0.15499648451805115,0.5551382899284363,unknown
neg_cesna_airplane,data\demo\real_world_yolox_crops\train\neg_cesna_airplane\crop_0005.jpg,-0.0035204216837882996,0.5551382899284363,unknown
neg_cesna_airplane,data\demo\real_world_yolox_crops\train\neg_cesna_airplane\crop_0006.jpg,0.1964850276708603,0.5551382899284363,unknown
neg_cesna_airplane,data\demo\real_world_yolox_crops\train\neg_cesna_airplane\crop_0007.jpg,-0.19211886823177338,0.5551382899284363,unknown
neg_cesna_airplane,data\demo\real_world_yolox_crops\train\neg_cesna_airplane\crop_0008.jpg,-0.1380024254322052,0.5551382899284363,unknown
neg_cesna_airplane,data\demo\real_world_yolox_crops\train\neg_cesna_airplane\crop_0009.jpg,0.09857875108718872,0.5551382899284363,unknown
neg_cesna_airplane,data\demo\real_world_yolox_crops\train\neg_cesna_airplane\crop_0010.jpg,0.251367449760437,0.5551382899284363,unknown
neg_cesna_airplane,data\demo\real_world_yolox_crops\train\neg_cesna_airplane\crop_0011.jpg,0.13346798717975616,0.5551382899284363,unknown
neg_cesna_airplane,data\demo\real_world_yolox_crops\train\neg_cesna_airplane\crop_0012.jpg,0.1405707150697708,0.5551382899284363,unknown
neg_cesna_airplane,data\demo\real_world_yolox_crops\train\neg_cesna_airplane\crop_0013.jpg,0.13715898990631104,0.5551382899284363,unknown
neg_cesna_airplane,data\demo\real_world_yolox_crops\train\neg_cesna_airplane\crop_0014.jpg,0.3040083646774292,0.5551382899284363,unknown
neg_cesna_airplane,data\demo\real_world_yolox_crops\train\neg_cesna_airplane\crop_0015.jpg,0.24675989151000977,0.5551382899284363,unknown
neg_cesna_airplane,data\demo\real_world_yolox_crops\train\neg_cesna_airplane\crop_0016.jpg,-0.18843622505664825,0.5551382899284363,unknown
neg_cesna_airplane,data\demo\real_world_yolox_crops\train\neg_cesna_airplane\crop_0017.jpg,-0.1674683690071106,0.5551382899284363,unknown
neg_cesna_airplane,data\demo\real_world_yolox_crops\train\neg_cesna_airplane\crop_0018.jpg,0.16389209032058716,0.5551382899284363,unknown
neg_cesna_airplane,data\demo\real_world_yolox_crops\train\neg_cesna_airplane\crop_0019.jpg,0.12484309822320938,0.5551382899284363,unknown
neg_cesna_airplane,data\demo\real_world_yolox_crops\train\neg_cesna_airplane\crop_0020.jpg,0.35206127166748047,0.5551382899284363,unknown
neg_cesna_airplane,data\demo\real_world_yolox_crops\train\neg_cesna_airplane\crop_0021.jpg,0.30035823583602905,0.5551382899284363,unknown
neg_cesna_airplane,data\demo\real_world_yolox_crops\train\neg_cesna_airplane\crop_0022.jpg,0.1419111043214798,0.5551382899284363,unknown
neg_cesna_airplane,data\demo\real_world_yolox_crops\train\neg_cesna_airplane\crop_0023.jpg,0.18799519538879395,0.5551382899284363,unknown
neg_cesna_airplane,data\demo\real_world_yolox_crops\train\neg_cesna_airplane\crop_0024.jpg,0.07053561508655548,0.5551382899284363,unknown
neg_cesna_airplane,data\demo\real_world_yolox_crops\train\neg_cesna_airplane\crop_0025.jpg,0.1809568703174591,0.5551382899284363,unknown
neg_cesna_airplane,data\demo\real_world_yolox_crops\train\neg_cesna_airplane\crop_0026.jpg,0.190018430352211,0.5551382899284363,unknown
neg_cesna_airplane,data\demo\real_world_yolox_crops\train\neg_cesna_airplane\crop_0027.jpg,0.11055755615234375,0.5551382899284363,unknown
neg_cesna_airplane,data\demo\real_world_yolox_crops\train\neg_cesna_airplane\crop_0028.jpg,0.2630552649497986,0.5551382899284363,unknown
neg_cesna_airplane,data\demo\real_world_yolox_crops\train\neg_cesna_airplane\crop_0029.jpg,0.25577908754348755,0.5551382899284363,unknown
neg_cesna_airplane,data\demo\real_world_yolox_crops\train\neg_cesna_airplane\crop_0030.jpg,0.06972521543502808,0.5551382899284363,unknown
neg_cesna_airplane,data\demo\real_world_yolox_crops\train\neg_cesna_airplane\crop_0031.jpg,0.186122864484787,0.5551382899284363,unknown
neg_cesna_airplane,data\demo\real_world_yolox_crops\train\neg_cesna_airplane\crop_0032.jpg,0.23581773042678833,0.5551382899284363,unknown
neg_cesna_airplane,data\demo\real_world_yolox_crops\train\neg_cesna_airplane\crop_0033.jpg,0.4220718741416931,0.5551382899284363,unknown
neg_cesna_airplane,data\demo\real_world_yolox_crops\train\neg_cesna_airplane\crop_0034.jpg,0.11648749560117722,0.5551382899284363,unknown
neg_cesna_airplane,data\demo\real_world_yolox_crops\train\neg_cesna_airplane\crop_0035.jpg,0.3526531755924225,0.5551382899284363,unknown
neg_cesna_airplane,data\demo\real_world_yolox_crops\train\neg_cesna_airplane\crop_0036.jpg,-0.018377192318439484,0.5551382899284363,unknown
neg_cesna_airplane,data\demo\real_world_yolox_crops\train\neg_cesna_airplane\crop_0037.jpg,0.14421173930168152,0.5551382899284363,unknown
neg_cesna_airplane,data\demo\real_world_yolox_crops\train\neg_cesna_airplane\crop_0038.jpg,0.11591354012489319,0.5551382899284363,unknown
neg_cesna_airplane,data\demo\real_world_yolox_crops\train\neg_cesna_airplane\crop_0039.jpg,0.2663516402244568,0.5551382899284363,unknown
neg_cesna_airplane,data\demo\real_world_yolox_crops\train\neg_cesna_airplane\crop_0040.jpg,-0.034420114010572433,0.5551382899284363,unknown
neg_cesna_airplane,data\demo\real_world_yolox_crops\train\neg_cesna_airplane\crop_0041.jpg,0.12309211492538452,0.5551382899284363,unknown
neg_cesna_airplane,data\demo\real_world_yolox_crops\train\neg_cesna_airplane\crop_0042.jpg,0.10303085297346115,0.5551382899284363,unknown
neg_cesna_airplane,data\demo\real_world_yolox_crops\train\neg_cesna_airplane\crop_0043.jpg,0.0859329104423523,0.5551382899284363,unknown
neg_cesna_airplane,data\demo\real_world_yolox_crops\train\neg_cesna_airplane\crop_0044.jpg,0.08108758926391602,0.5551382899284363,unknown
neg_cesna_airplane,data\demo\real_world_yolox_crops\train\neg_cesna_airplane\crop_0045.jpg,0.2736361026763916,0.5551382899284363,unknown
neg_cesna_airplane,data\demo\real_world_yolox_crops\train\neg_cesna_airplane\crop_0046.jpg,0.5741831064224243,0.5551382899284363,unknown
neg_cesna_airplane,data\demo\real_world_yolox_crops\train\neg_cesna_airplane\crop_0047.jpg,0.032871827483177185,0.5551382899284363,unknown
neg_cesna_airplane,data\demo\real_world_yolox_crops\train\neg_cesna_airplane\crop_0048.jpg,0.09294188022613525,0.5551382899284363,unknown
neg_cesna_airplane,data\demo\real_world_yolox_crops\train\neg_cesna_airplane\crop_0049.jpg,0.29433339834213257,0.5551382899284363,unknown
neg_cesna_airplane,data\demo\real_world_yolox_crops\train\neg_cesna_airplane\crop_0050.jpg,0.10355403274297714,0.5551382899284363,unknown
neg_cesna_airplane,data\demo\real_world_yolox_crops\train\neg_cesna_airplane\crop_0051.jpg,0.525914192199707,0.5551382899284363,unknown
neg_cesna_airplane,data\demo\real_world_yolox_crops\train\neg_cesna_airplane\crop_0052.jpg,0.08090778440237045,0.5551382899284363,unknown
neg_cesna_airplane,data\demo\real_world_yolox_crops\train\neg_cesna_airplane\crop_0053.jpg,-0.019784539937973022,0.5551382899284363,unknown
neg_cesna_airplane,data\demo\real_world_yolox_crops\train\neg_cesna_airplane\crop_0054.jpg,-0.12360173463821411,0.5551382899284363,unknown
neg_cesna_airplane,data\demo\real_world_yolox_crops\train\neg_cesna_airplane\crop_0055.jpg,0.10456886887550354,0.5551382899284363,unknown
neg_cesna_airplane,data\demo\real_world_yolox_crops\train\neg_cesna_airplane\crop_0056.jpg,0.03768441081047058,0.5551382899284363,unknown
neg_cesna_airplane,data\demo\real_world_yolox_crops\train\neg_cesna_airplane\crop_0057.jpg,0.3734685182571411,0.5551382899284363,unknown
neg_cesna_airplane,data\demo\real_world_yolox_crops\train\neg_cesna_airplane\crop_0058.jpg,0.2452029287815094,0.5551382899284363,unknown
neg_cesna_airplane,data\demo\real_world_yolox_crops\train\neg_cesna_airplane\crop_0059.jpg,0.0516839362680912,0.5551382899284363,unknown
neg_cesna_airplane,data\demo\real_world_yolox_crops\train\neg_cesna_airplane\crop_0060.jpg,-0.03527997434139252,0.5551382899284363,unknown
neg_cesna_airplane,data\demo\real_world_yolox_crops\train\neg_cesna_airplane\crop_0061.jpg,0.3434232473373413,0.5551382899284363,unknown
neg_cesna_airplane,data\demo\real_world_yolox_crops\train\neg_cesna_airplane\crop_0062.jpg,-0.15646876394748688,0.5551382899284363,unknown
neg_cesna_airplane,data\demo\real_world_yolox_crops\train\neg_cesna_airplane\crop_0063.jpg,0.14169323444366455,0.5551382899284363,unknown
neg_cesna_airplane,data\demo\real_world_yolox_crops\train\neg_cesna_airplane\crop_0064.jpg,-0.09608694911003113,0.5551382899284363,unknown
neg_cesna_airplane,data\demo\real_world_yolox_crops\train\neg_cesna_airplane\crop_0065.jpg,0.012471206486225128,0.5551382899284363,unknown
neg_cesna_airplane,data\demo\real_world_yolox_crops\train\neg_cesna_airplane\crop_0066.jpg,0.13190099596977234,0.5551382899284363,unknown
neg_cesna_airplane,data\demo\real_world_yolox_crops\train\neg_cesna_airplane\crop_0067.jpg,0.029860876500606537,0.5551382899284363,unknown
neg_cesna_airplane,data\demo\real_world_yolox_crops\train\neg_cesna_airplane\crop_0068.jpg,-0.06967084109783173,0.5551382899284363,unknown
neg_cesna_airplane,data\demo\real_world_yolox_crops\train\neg_cesna_airplane\crop_0069.jpg,0.8800539970397949,0.5551382899284363,unknown
neg_cesna_airplane,data\demo\real_world_yolox_crops\train\neg_cesna_airplane\crop_0070.jpg,0.10860224068164825,0.5551382899284363,unknown
neg_cesna_airplane,data\demo\real_world_yolox_crops\train\neg_cesna_airplane\crop_0071.jpg,0.2270856499671936,0.5551382899284363,unknown
neg_cesna_airplane,data\demo\real_world_yolox_crops\train\neg_cesna_airplane\crop_0072.jpg,0.03300054371356964,0.5551382899284363,unknown
neg_cesna_airplane,data\demo\real_world_yolox_crops\train\neg_cesna_airplane\crop_0073.jpg,0.22062568366527557,0.5551382899284363,unknown
neg_cesna_airplane,data\demo\real_world_yolox_crops\train\neg_cesna_airplane\crop_0074.jpg,0.1273675411939621,0.5551382899284363,unknown
neg_cesna_airplane,data\demo\real_world_yolox_crops\train\neg_cesna_airplane\crop_0075.jpg,0.09427943825721741,0.5551382899284363,unknown
neg_cesna_airplane,data\demo\real_world_yolox_crops\train\neg_cesna_airplane\crop_0076.jpg,0.2053421586751938,0.5551382899284363,unknown
neg_cesna_airplane,data\demo\real_world_yolox_crops\train\neg_cesna_airplane\crop_0077.jpg,0.02737455815076828,0.5551382899284363,unknown
neg_cesna_airplane,data\demo\real_world_yolox_crops\train\neg_cesna_airplane\crop_0078.jpg,0.2926308810710907,0.5551382899284363,unknown
neg_cesna_airplane,data\demo\real_world_yolox_crops\train\neg_cesna_airplane\crop_0079.jpg,0.05934884399175644,0.5551382899284363,unknown
neg_cesna_airplane,data\demo\real_world_yolox_crops\train\neg_cesna_airplane\crop_0080.jpg,0.23166155815124512,0.5551382899284363,unknown
neg_cesna_airplane,data\demo\real_world_yolox_crops\train\neg_cesna_airplane\crop_0081.jpg,0.12786360085010529,0.5551382899284363,unknown
neg_cesna_airplane,data\demo\real_world_yolox_crops\train\neg_cesna_airplane\crop_0082.jpg,-0.09413225948810577,0.5551382899284363,unknown
neg_cesna_airplane,data\demo\real_world_yolox_crops\train\neg_cesna_airplane\crop_0083.jpg,-0.0655311718583107,0.5551382899284363,unknown
neg_cesna_airplane,data\demo\real_world_yolox_crops\train\neg_cesna_airplane\crop_0084.jpg,0.2797732949256897,0.5551382899284363,unknown
neg_cesna_airplane,data\demo\real_world_yolox_crops\train\neg_cesna_airplane\crop_0085.jpg,0.049667056649923325,0.5551382899284363,unknown
neg_cesna_airplane,data\demo\real_world_yolox_crops\train\neg_cesna_airplane\crop_0086.jpg,-0.13894803822040558,0.5551382899284363,unknown
neg_cesna_airplane,data\demo\real_world_yolox_crops\train\neg_cesna_airplane\crop_0087.jpg,0.07826077938079834,0.5551382899284363,unknown
neg_cesna_airplane,data\demo\real_world_yolox_crops\train\neg_cesna_airplane\crop_0088.jpg,0.09072048962116241,0.5551382899284363,unknown
neg_cesna_airplane,data\demo\real_world_yolox_crops\train\neg_cesna_airplane\crop_0089.jpg,0.00477057509124279,0.5551382899284363,unknown
neg_cesna_airplane,data\demo\real_world_yolox_crops\train\neg_cesna_airplane\crop_0090.jpg,0.22274285554885864,0.5551382899284363,unknown
neg_kf-280_uav,data\demo\real_world_yolox_crops\train\neg_kf-280_uav\crop_0000.jpg,0.01637157052755356,0.526452362537384,unknown
neg_kf-280_uav,data\demo\real_world_yolox_crops\train\neg_kf-280_uav\crop_0001.jpg,0.012365862727165222,0.526452362537384,unknown
neg_kf-280_uav,data\demo\real_world_yolox_crops\train\neg_kf-280_uav\crop_0002.jpg,0.08399122953414917,0.526452362537384,unknown
neg_kf-280_uav,data\demo\real_world_yolox_crops\train\neg_kf-280_uav\crop_0003.jpg,0.07970352470874786,0.526452362537384,unknown
neg_kf-280_uav,data\demo\real_world_yolox_crops\train\neg_kf-280_uav\crop_0004.jpg,0.16129595041275024,0.526452362537384,unknown
neg_kf-280_uav,data\demo\real_world_yolox_crops\train\neg_kf-280_uav\crop_0005.jpg,0.3659507632255554,0.526452362537384,unknown
neg_kf-280_uav,data\demo\real_world_yolox_crops\train\neg_kf-280_uav\crop_0006.jpg,0.09552319347858429,0.526452362537384,unknown
neg_kf-280_uav,data\demo\real_world_yolox_crops\train\neg_kf-280_uav\crop_0007.jpg,0.11278361827135086,0.526452362537384,unknown
neg_kf-280_uav,data\demo\real_world_yolox_crops\train\neg_kf-280_uav\crop_0008.jpg,0.2671448886394501,0.526452362537384,unknown
neg_kf-280_uav,data\demo\real_world_yolox_crops\train\neg_kf-280_uav\crop_0009.jpg,0.24111920595169067,0.526452362537384,unknown
neg_kf-280_uav,data\demo\real_world_yolox_crops\train\neg_kf-280_uav\crop_0010.jpg,0.2987309992313385,0.526452362537384,unknown
neg_kf-280_uav,data\demo\real_world_yolox_crops\train\neg_kf-280_uav\crop_0011.jpg,0.07690954953432083,0.526452362537384,unknown
neg_kf-280_uav,data\demo\real_world_yolox_crops\train\neg_kf-280_uav\crop_0012.jpg,-0.006610780954360962,0.526452362537384,unknown
neg_kf-280_uav,data\demo\real_world_yolox_crops\train\neg_kf-280_uav\crop_0013.jpg,0.08819037675857544,0.526452362537384,unknown
neg_kf-280_uav,data\demo\real_world_yolox_crops\train\neg_kf-280_uav\crop_0014.jpg,0.08007621765136719,0.526452362537384,unknown
neg_kf-280_uav,data\demo\real_world_yolox_crops\train\neg_kf-280_uav\crop_0015.jpg,-0.05719061195850372,0.526452362537384,unknown
neg_kf-280_uav,data\demo\real_world_yolox_crops\train\neg_kf-280_uav\crop_0016.jpg,0.04805628955364227,0.526452362537384,unknown
neg_kf-280_uav,data\demo\real_world_yolox_crops\train\neg_kf-280_uav\crop_0017.jpg,0.3549656271934509,0.526452362537384,unknown
neg_kf-280_uav,data\demo\real_world_yolox_crops\train\neg_kf-280_uav\crop_0018.jpg,0.07937837392091751,0.526452362537384,unknown
neg_kf-280_uav,data\demo\real_world_yolox_crops\train\neg_kf-280_uav\crop_0019.jpg,0.08602408319711685,0.526452362537384,unknown
neg_kf-280_uav,data\demo\real_world_yolox_crops\train\neg_kf-280_uav\crop_0020.jpg,0.25755172967910767,0.526452362537384,unknown
neg_kf-280_uav,data\demo\real_world_yolox_crops\train\neg_kf-280_uav\crop_0021.jpg,0.055702418088912964,0.526452362537384,unknown
neg_kf-280_uav,data\demo\real_world_yolox_crops\train\neg_kf-280_uav\crop_0022.jpg,0.3059194087982178,0.526452362537384,unknown
neg_kf-280_uav,data\demo\real_world_yolox_crops\train\neg_kf-280_uav\crop_0023.jpg,0.0958022028207779,0.526452362537384,unknown
neg_kf-280_uav,data\demo\real_world_yolox_crops\train\neg_kf-280_uav\crop_0024.jpg,0.35953155159950256,0.526452362537384,unknown
neg_kf-280_uav,data\demo\real_world_yolox_crops\train\neg_kf-280_uav\crop_0025.jpg,-0.06724276393651962,0.526452362537384,unknown
neg_kf-280_uav,data\demo\real_world_yolox_crops\train\neg_kf-280_uav\crop_0026.jpg,0.2339102327823639,0.526452362537384,unknown
neg_kf-280_uav,data\demo\real_world_yolox_crops\train\neg_kf-280_uav\crop_0027.jpg,0.30634135007858276,0.526452362537384,unknown
neg_kf-280_uav,data\demo\real_world_yolox_crops\train\neg_kf-280_uav\crop_0028.jpg,0.27095603942871094,0.526452362537384,unknown
neg_kf-280_uav,data\demo\real_world_yolox_crops\train\neg_kf-280_uav\crop_0029.jpg,0.4065905511379242,0.526452362537384,unknown
neg_kf-280_uav,data\demo\real_world_yolox_crops\train\neg_kf-280_uav\crop_0030.jpg,-0.13750788569450378,0.526452362537384,unknown
neg_kf-280_uav,data\demo\real_world_yolox_crops\train\neg_kf-280_uav\crop_0031.jpg,0.02845769375562668,0.526452362537384,unknown
neg_kf-280_uav,data\demo\real_world_yolox_crops\train\neg_kf-280_uav\crop_0032.jpg,0.16381129622459412,0.526452362537384,unknown
neg_kf-280_uav,data\demo\real_world_yolox_crops\train\neg_kf-280_uav\crop_0033.jpg,-0.2696382403373718,0.526452362537384,unknown
neg_kf-280_uav,data\demo\real_world_yolox_crops\train\neg_kf-280_uav\crop_0034.jpg,-0.03611913323402405,0.526452362537384,unknown
neg_kf-280_uav,data\demo\real_world_yolox_crops\train\neg_kf-280_uav\crop_0035.jpg,0.036727190017700195,0.526452362537384,unknown
neg_kf-280_uav,data\demo\real_world_yolox_crops\train\neg_kf-280_uav\crop_0036.jpg,0.29424020648002625,0.526452362537384,unknown
neg_kf-280_uav,data\demo\real_world_yolox_crops\train\neg_kf-280_uav\crop_0037.jpg,0.17148254811763763,0.526452362537384,unknown
neg_kf-280_uav,data\demo\real_world_yolox_crops\train\neg_kf-280_uav\crop_0038.jpg,0.5077065825462341,0.526452362537384,unknown
neg_kf-280_uav,data\demo\real_world_yolox_crops\train\neg_kf-280_uav\crop_0039.jpg,0.045989956706762314,0.526452362537384,unknown
neg_kf-280_uav,data\demo\real_world_yolox_crops\train\neg_kf-280_uav\crop_0040.jpg,-0.002258189022541046,0.526452362537384,unknown
neg_kf-280_uav,data\demo\real_world_yolox_crops\train\neg_kf-280_uav\crop_0041.jpg,-0.25201019644737244,0.526452362537384,unknown
neg_kf-280_uav,data\demo\real_world_yolox_crops\train\neg_kf-280_uav\crop_0042.jpg,-0.05821308493614197,0.526452362537384,unknown
neg_kf-280_uav,data\demo\real_world_yolox_crops\train\neg_kf-280_uav\crop_0043.jpg,0.10934296250343323,0.526452362537384,unknown
neg_kf-280_uav,data\demo\real_world_yolox_crops\train\neg_kf-280_uav\crop_0044.jpg,-0.10649584233760834,0.526452362537384,unknown
neg_kf-280_uav,data\demo\real_world_yolox_crops\train\neg_kf-280_uav\crop_0045.jpg,0.06296556442975998,0.526452362537384,unknown
neg_kf-280_uav,data\demo\real_world_yolox_crops\train\neg_kf-280_uav\crop_0046.jpg,0.279019296169281,0.526452362537384,unknown
neg_kf-280_uav,data\demo\real_world_yolox_crops\train\neg_kf-280_uav\crop_0047.jpg,0.08595395088195801,0.526452362537384,unknown
neg_kf-280_uav,data\demo\real_world_yolox_crops\train\neg_kf-280_uav\crop_0048.jpg,0.28936389088630676,0.526452362537384,unknown
neg_kf-280_uav,data\demo\real_world_yolox_crops\train\neg_kf-280_uav\crop_0049.jpg,0.14828994870185852,0.526452362537384,unknown
neg_kf-280_uav,data\demo\real_world_yolox_crops\train\neg_kf-280_uav\crop_0050.jpg,0.009565308690071106,0.526452362537384,unknown
neg_kf-280_uav,data\demo\real_world_yolox_crops\train\neg_kf-280_uav\crop_0051.jpg,-0.039540380239486694,0.526452362537384,unknown
neg_kf-280_uav,data\demo\real_world_yolox_crops\train\neg_kf-280_uav\crop_0052.jpg,-0.0501251295208931,0.526452362537384,unknown
neg_kf-280_uav,data\demo\real_world_yolox_crops\train\neg_kf-280_uav\crop_0053.jpg,0.1825273036956787,0.526452362537384,unknown
neg_kf-280_uav,data\demo\real_world_yolox_crops\train\neg_kf-280_uav\crop_0054.jpg,0.2738587558269501,0.526452362537384,unknown
neg_kf-280_uav,data\demo\real_world_yolox_crops\train\neg_kf-280_uav\crop_0055.jpg,0.0934281051158905,0.526452362537384,unknown
neg_kf-280_uav,data\demo\real_world_yolox_crops\train\neg_kf-280_uav\crop_0056.jpg,0.06723787635564804,0.526452362537384,unknown
neg_kf-280_uav,data\demo\real_world_yolox_crops\train\neg_kf-280_uav\crop_0057.jpg,0.3832154870033264,0.526452362537384,unknown
neg_kf-280_uav,data\demo\real_world_yolox_crops\train\neg_kf-280_uav\crop_0058.jpg,0.0782097578048706,0.526452362537384,unknown
neg_kf-280_uav,data\demo\real_world_yolox_crops\train\neg_kf-280_uav\crop_0059.jpg,0.19322644174098969,0.526452362537384,unknown
neg_kf-280_uav,data\demo\real_world_yolox_crops\train\neg_kf-280_uav\crop_0060.jpg,0.15836413204669952,0.526452362537384,unknown
neg_kf-280_uav,data\demo\real_world_yolox_crops\train\neg_kf-280_uav\crop_0061.jpg,0.07523790001869202,0.526452362537384,unknown
neg_kf-280_uav,data\demo\real_world_yolox_crops\train\neg_kf-280_uav\crop_0062.jpg,0.16532859206199646,0.526452362537384,unknown
neg_kf-280_uav,data\demo\real_world_yolox_crops\train\neg_kf-280_uav\crop_0063.jpg,-0.020651523023843765,0.526452362537384,unknown
neg_kf-280_uav,data\demo\real_world_yolox_crops\train\neg_kf-280_uav\crop_0064.jpg,0.21750067174434662,0.526452362537384,unknown
neg_kf-280_uav,data\demo\real_world_yolox_crops\train\neg_kf-280_uav\crop_0065.jpg,0.27131229639053345,0.526452362537384,unknown
neg_kf-280_uav,data\demo\real_world_yolox_crops\train\neg_kf-280_uav\crop_0066.jpg,0.14957687258720398,0.526452362537384,unknown
neg_kf-280_uav,data\demo\real_world_yolox_crops\train\neg_kf-280_uav\crop_0067.jpg,0.12494494765996933,0.526452362537384,unknown
neg_kf-280_uav,data\demo\real_world_yolox_crops\train\neg_kf-280_uav\crop_0068.jpg,0.021692678332328796,0.526452362537384,unknown
neg_kf-280_uav,data\demo\real_world_yolox_crops\train\neg_kf-280_uav\crop_0069.jpg,0.08332300186157227,0.526452362537384,unknown
neg_kf-280_uav,data\demo\real_world_yolox_crops\train\neg_kf-280_uav\crop_0070.jpg,0.32336559891700745,0.526452362537384,unknown
neg_kf-280_uav,data\demo\real_world_yolox_crops\train\neg_kf-280_uav\crop_0071.jpg,0.15916037559509277,0.526452362537384,unknown
neg_kf-280_uav,data\demo\real_world_yolox_crops\train\neg_kf-280_uav\crop_0072.jpg,0.8682618737220764,0.526452362537384,unknown
neg_kf-280_uav,data\demo\real_world_yolox_crops\train\neg_kf-280_uav\crop_0073.jpg,0.0768335610628128,0.526452362537384,unknown
neg_kf-280_uav,data\demo\real_world_yolox_crops\train\neg_kf-280_uav\crop_0074.jpg,0.19695138931274414,0.526452362537384,unknown
neg_kf-280_uav,data\demo\real_world_yolox_crops\train\neg_kf-280_uav\crop_0075.jpg,0.4664872884750366,0.526452362537384,unknown
neg_kf-280_uav,data\demo\real_world_yolox_crops\train\neg_kf-280_uav\crop_0076.jpg,-0.24643272161483765,0.526452362537384,unknown
neg_kf-280_uav,data\demo\real_world_yolox_crops\train\neg_kf-280_uav\crop_0077.jpg,-0.05385815352201462,0.526452362537384,unknown
neg_kf-280_uav,data\demo\real_world_yolox_crops\train\neg_kf-280_uav\crop_0078.jpg,0.0826980322599411,0.526452362537384,unknown
neg_kf-280_uav,data\demo\real_world_yolox_crops\train\neg_kf-280_uav\crop_0079.jpg,-0.1782357096672058,0.526452362537384,unknown
neg_kf-280_uav,data\demo\real_world_yolox_crops\train\neg_kf-280_uav\crop_0080.jpg,-0.03208118677139282,0.526452362537384,unknown
neg_kf-280_uav,data\demo\real_world_yolox_crops\train\neg_kf-280_uav\crop_0081.jpg,-0.11987558007240295,0.526452362537384,unknown
neg_kf-280_uav,data\demo\real_world_yolox_crops\train\neg_kf-280_uav\crop_0082.jpg,-0.08748116344213486,0.526452362537384,unknown
neg_kf-280_uav,data\demo\real_world_yolox_crops\train\neg_kf-280_uav\crop_0083.jpg,0.08580323308706284,0.526452362537384,unknown
neg_kf-280_uav,data\demo\real_world_yolox_crops\train\neg_kf-280_uav\crop_0084.jpg,0.0724671483039856,0.526452362537384,unknown
neg_kf-280_uav,data\demo\real_world_yolox_crops\train\neg_kf-280_uav\crop_0085.jpg,0.02372558042407036,0.526452362537384,unknown
neg_kf-280_uav,data\demo\real_world_yolox_crops\train\neg_kf-280_uav\crop_0086.jpg,0.0401313453912735,0.526452362537384,unknown
neg_kf-280_uav,data\demo\real_world_yolox_crops\train\neg_kf-280_uav\crop_0087.jpg,-0.015059098601341248,0.526452362537384,unknown
neg_kf-280_uav,data\demo\real_world_yolox_crops\train\neg_kf-280_uav\crop_0088.jpg,-0.13790252804756165,0.526452362537384,unknown
neg_kf-280_uav,data\demo\real_world_yolox_crops\train\neg_kf-280_uav\crop_0089.jpg,0.1485689878463745,0.526452362537384,unknown
neg_kf-280_uav,data\demo\real_world_yolox_crops\train\neg_kf-280_uav\crop_0090.jpg,0.32639873027801514,0.526452362537384,unknown
neg_kf-280_uav,data\demo\real_world_yolox_crops\train\neg_kf-280_uav\crop_0091.jpg,0.11474636197090149,0.526452362537384,unknown
neg_kf-280_uav,data\demo\real_world_yolox_crops\train\neg_kf-280_uav\crop_0092.jpg,-0.1570643186569214,0.526452362537384,unknown
neg_md-500_defender_helicopter,data\demo\real_world_yolox_crops\train\neg_md-500_defender_helicopter\crop_0000.jpg,0.4370790123939514,0.6654983758926392,MATCH
neg_md-500_defender_helicopter,data\demo\real_world_yolox_crops\train\neg_md-500_defender_helicopter\crop_0001.jpg,0.17947432398796082,0.6654983758926392,MATCH
neg_md-500_defender_helicopter,data\demo\real_world_yolox_crops\train\neg_md-500_defender_helicopter\crop_0002.jpg,0.5724642276763916,0.6654983758926392,MATCH
neg_md-500_defender_helicopter,data\demo\real_world_yolox_crops\train\neg_md-500_defender_helicopter\crop_0003.jpg,0.06552574038505554,0.6654983758926392,MATCH
neg_md-500_defender_helicopter,data\demo\real_world_yolox_crops\train\neg_md-500_defender_helicopter\crop_0004.jpg,0.2966795861721039,0.6654983758926392,MATCH
neg_md-500_defender_helicopter,data\demo\real_world_yolox_crops\train\neg_md-500_defender_helicopter\crop_0005.jpg,0.3182496428489685,0.6654983758926392,MATCH
neg_md-500_defender_helicopter,data\demo\real_world_yolox_crops\train\neg_md-500_defender_helicopter\crop_0006.jpg,0.30361565947532654,0.6654983758926392,MATCH
neg_md-500_defender_helicopter,data\demo\real_world_yolox_crops\train\neg_md-500_defender_helicopter\crop_0007.jpg,0.3939133882522583,0.6654983758926392,MATCH
neg_md-500_defender_helicopter,data\demo\real_world_yolox_crops\train\neg_md-500_defender_helicopter\crop_0008.jpg,0.46463483572006226,0.6654983758926392,MATCH
neg_md-500_defender_helicopter,data\demo\real_world_yolox_crops\train\neg_md-500_defender_helicopter\crop_0009.jpg,0.04261396825313568,0.6654983758926392,MATCH
neg_md-500_defender_helicopter,data\demo\real_world_yolox_crops\train\neg_md-500_defender_helicopter\crop_0010.jpg,0.4158368706703186,0.6654983758926392,MATCH
neg_md-500_defender_helicopter,data\demo\real_world_yolox_crops\train\neg_md-500_defender_helicopter\crop_0011.jpg,0.07626199722290039,0.6654983758926392,MATCH
neg_md-500_defender_helicopter,data\demo\real_world_yolox_crops\train\neg_md-500_defender_helicopter\crop_0012.jpg,0.0625820904970169,0.6654983758926392,MATCH
neg_md-500_defender_helicopter,data\demo\real_world_yolox_crops\train\neg_md-500_defender_helicopter\crop_0013.jpg,0.1928432285785675,0.6654983758926392,MATCH
neg_md-500_defender_helicopter,data\demo\real_world_yolox_crops\train\neg_md-500_defender_helicopter\crop_0014.jpg,0.35213032364845276,0.6654983758926392,MATCH
neg_md-500_defender_helicopter,data\demo\real_world_yolox_crops\train\neg_md-500_defender_helicopter\crop_0015.jpg,0.5359143018722534,0.6654983758926392,MATCH
neg_md-500_defender_helicopter,data\demo\real_world_yolox_crops\train\neg_md-500_defender_helicopter\crop_0016.jpg,0.2184431552886963,0.6654983758926392,MATCH
neg_md-500_defender_helicopter,data\demo\real_world_yolox_crops\train\neg_md-500_defender_helicopter\crop_0017.jpg,0.250022828578949,0.6654983758926392,MATCH
neg_md-500_defender_helicopter,data\demo\real_world_yolox_crops\train\neg_md-500_defender_helicopter\crop_0018.jpg,0.46340179443359375,0.6654983758926392,MATCH
neg_md-500_defender_helicopter,data\demo\real_world_yolox_crops\train\neg_md-500_defender_helicopter\crop_0019.jpg,0.7701771259307861,0.6654983758926392,MATCH
neg_md-500_defender_helicopter,data\demo\real_world_yolox_crops\train\neg_md-500_defender_helicopter\crop_0020.jpg,0.37994980812072754,0.6654983758926392,MATCH
neg_md-500_defender_helicopter,data\demo\real_world_yolox_crops\train\neg_md-500_defender_helicopter\crop_0021.jpg,0.36367368698120117,0.6654983758926392,MATCH
neg_md-500_defender_helicopter,data\demo\real_world_yolox_crops\train\neg_md-500_defender_helicopter\crop_0022.jpg,0.4014999270439148,0.6654983758926392,MATCH
neg_md-500_defender_helicopter,data\demo\real_world_yolox_crops\train\neg_md-500_defender_helicopter\crop_0023.jpg,0.25112444162368774,0.6654983758926392,MATCH
neg_md-500_defender_helicopter,data\demo\real_world_yolox_crops\train\neg_md-500_defender_helicopter\crop_0024.jpg,0.2677342891693115,0.6654983758926392,MATCH
neg_md-500_defender_helicopter,data\demo\real_world_yolox_crops\train\neg_md-500_defender_helicopter\crop_0025.jpg,0.2710266411304474,0.6654983758926392,MATCH
neg_md-500_defender_helicopter,data\demo\real_world_yolox_crops\train\neg_md-500_defender_helicopter\crop_0026.jpg,0.554663360118866,0.6654983758926392,MATCH
neg_md-500_defender_helicopter,data\demo\real_world_yolox_crops\train\neg_md-500_defender_helicopter\crop_0027.jpg,0.708523154258728,0.6654983758926392,MATCH
neg_md-500_defender_helicopter,data\demo\real_world_yolox_crops\train\neg_md-500_defender_helicopter\crop_0028.jpg,0.4923703074455261,0.6654983758926392,MATCH
neg_md-500_defender_helicopter,data\demo\real_world_yolox_crops\train\neg_md-500_defender_helicopter\crop_0029.jpg,0.3899363875389099,0.6654983758926392,MATCH
neg_md-500_defender_helicopter,data\demo\real_world_yolox_crops\train\neg_md-500_defender_helicopter\crop_0030.jpg,0.5879539847373962,0.6654983758926392,MATCH
neg_md-500_defender_helicopter,data\demo\real_world_yolox_crops\train\neg_md-500_defender_helicopter\crop_0031.jpg,0.5995425581932068,0.6654983758926392,MATCH
neg_md-500_defender_helicopter,data\demo\real_world_yolox_crops\train\neg_md-500_defender_helicopter\crop_0032.jpg,0.30440324544906616,0.6654983758926392,MATCH
neg_md-500_defender_helicopter,data\demo\real_world_yolox_crops\train\neg_md-500_defender_helicopter\crop_0033.jpg,0.4048128128051758,0.6654983758926392,MATCH
neg_md-500_defender_helicopter,data\demo\real_world_yolox_crops\train\neg_md-500_defender_helicopter\crop_0034.jpg,0.15169595181941986,0.6654983758926392,MATCH
neg_md-500_defender_helicopter,data\demo\real_world_yolox_crops\train\neg_md-500_defender_helicopter\crop_0035.jpg,0.41593024134635925,0.6654983758926392,MATCH
neg_md-500_defender_helicopter,data\demo\real_world_yolox_crops\train\neg_md-500_defender_helicopter\crop_0036.jpg,0.6523966789245605,0.6654983758926392,MATCH
neg_md-500_defender_helicopter,data\demo\real_world_yolox_crops\train\neg_md-500_defender_helicopter\crop_0037.jpg,0.5234159827232361,0.6654983758926392,MATCH
neg_md-500_defender_helicopter,data\demo\real_world_yolox_crops\train\neg_md-500_defender_helicopter\crop_0038.jpg,0.46387970447540283,0.6654983758926392,MATCH
neg_md-500_defender_helicopter,data\demo\real_world_yolox_crops\train\neg_md-500_defender_helicopter\crop_0039.jpg,0.20556502044200897,0.6654983758926392,MATCH
neg_md-500_defender_helicopter,data\demo\real_world_yolox_crops\train\neg_md-500_defender_helicopter\crop_0040.jpg,0.4529028534889221,0.6654983758926392,MATCH
neg_md-500_defender_helicopter,data\demo\real_world_yolox_crops\train\neg_md-500_defender_helicopter\crop_0041.jpg,0.00460398942232132,0.6654983758926392,MATCH
neg_md-500_defender_helicopter,data\demo\real_world_yolox_crops\train\neg_md-500_defender_helicopter\crop_0042.jpg,0.5968523621559143,0.6654983758926392,MATCH
neg_md-500_defender_helicopter,data\demo\real_world_yolox_crops\train\neg_md-500_defender_helicopter\crop_0043.jpg,0.5302726626396179,0.6654983758926392,MATCH
neg_md-500_defender_helicopter,data\demo\real_world_yolox_crops\train\neg_md-500_defender_helicopter\crop_0044.jpg,0.5555757284164429,0.6654983758926392,MATCH
neg_md-500_defender_helicopter,data\demo\real_world_yolox_crops\train\neg_md-500_defender_helicopter\crop_0045.jpg,0.05825719237327576,0.6654983758926392,MATCH
neg_md-500_defender_helicopter,data\demo\real_world_yolox_crops\train\neg_md-500_defender_helicopter\crop_0046.jpg,0.4716792702674866,0.6654983758926392,MATCH
neg_md-500_defender_helicopter,data\demo\real_world_yolox_crops\train\neg_md-500_defender_helicopter\crop_0047.jpg,0.22246171534061432,0.6654983758926392,MATCH
neg_md-500_defender_helicopter,data\demo\real_world_yolox_crops\train\neg_md-500_defender_helicopter\crop_0048.jpg,0.4112869203090668,0.6654983758926392,MATCH
neg_md-500_defender_helicopter,data\demo\real_world_yolox_crops\train\neg_md-500_defender_helicopter\crop_0049.jpg,0.476530522108078,0.6654983758926392,MATCH
neg_md-500_defender_helicopter,data\demo\real_world_yolox_crops\train\neg_md-500_defender_helicopter\crop_0050.jpg,0.1435701847076416,0.6654983758926392,MATCH
neg_md-500_defender_helicopter,data\demo\real_world_yolox_crops\train\neg_md-500_defender_helicopter\crop_0051.jpg,0.5111073851585388,0.6654983758926392,MATCH
neg_md-500_defender_helicopter,data\demo\real_world_yolox_crops\train\neg_md-500_defender_helicopter\crop_0052.jpg,0.4502633512020111,0.6654983758926392,MATCH
neg_pigeon_in_flight,data\demo\real_world_yolox_crops\train\neg_pigeon_in_flight\crop_0000.jpg,0.42988061904907227,0.7310999035835266,MATCH
neg_pigeon_in_flight,data\demo\real_world_yolox_crops\train\neg_pigeon_in_flight\crop_0001.jpg,0.3359051048755646,0.7310999035835266,MATCH
neg_pigeon_in_flight,data\demo\real_world_yolox_crops\train\neg_pigeon_in_flight\crop_0002.jpg,0.40148836374282837,0.7310999035835266,MATCH
neg_pigeon_in_flight,data\demo\real_world_yolox_crops\train\neg_pigeon_in_flight\crop_0003.jpg,0.12497997283935547,0.7310999035835266,MATCH
neg_pigeon_in_flight,data\demo\real_world_yolox_crops\train\neg_pigeon_in_flight\crop_0004.jpg,0.1456514596939087,0.7310999035835266,MATCH
neg_pigeon_in_flight,data\demo\real_world_yolox_crops\train\neg_pigeon_in_flight\crop_0005.jpg,0.262225866317749,0.7310999035835266,MATCH
neg_pigeon_in_flight,data\demo\real_world_yolox_crops\train\neg_pigeon_in_flight\crop_0006.jpg,0.09421727806329727,0.7310999035835266,MATCH
neg_pigeon_in_flight,data\demo\real_world_yolox_crops\train\neg_pigeon_in_flight\crop_0007.jpg,0.030377648770809174,0.7310999035835266,MATCH
neg_pigeon_in_flight,data\demo\real_world_yolox_crops\train\neg_pigeon_in_flight\crop_0008.jpg,0.7819063663482666,0.7310999035835266,MATCH
neg_pigeon_in_flight,data\demo\real_world_yolox_crops\train\neg_pigeon_in_flight\crop_0009.jpg,0.5897259712219238,0.7310999035835266,MATCH
neg_pigeon_in_flight,data\demo\real_world_yolox_crops\train\neg_pigeon_in_flight\crop_0010.jpg,0.20203539729118347,0.7310999035835266,MATCH
neg_pigeon_in_flight,data\demo\real_world_yolox_crops\train\neg_pigeon_in_flight\crop_0011.jpg,0.44779497385025024,0.7310999035835266,MATCH
neg_pigeon_in_flight,data\demo\real_world_yolox_crops\train\neg_pigeon_in_flight\crop_0012.jpg,0.34626880288124084,0.7310999035835266,MATCH
neg_pigeon_in_flight,data\demo\real_world_yolox_crops\train\neg_pigeon_in_flight\crop_0013.jpg,0.48879870772361755,0.7310999035835266,MATCH
neg_pigeon_in_flight,data\demo\real_world_yolox_crops\train\neg_pigeon_in_flight\crop_0014.jpg,0.13243445754051208,0.7310999035835266,MATCH
neg_pigeon_in_flight,data\demo\real_world_yolox_crops\train\neg_pigeon_in_flight\crop_0015.jpg,0.23599213361740112,0.7310999035835266,MATCH
neg_pigeon_in_flight,data\demo\real_world_yolox_crops\train\neg_pigeon_in_flight\crop_0016.jpg,0.40011435747146606,0.7310999035835266,MATCH
neg_pigeon_in_flight,data\demo\real_world_yolox_crops\train\neg_pigeon_in_flight\crop_0017.jpg,0.008979536592960358,0.7310999035835266,MATCH
neg_pigeon_in_flight,data\demo\real_world_yolox_crops\train\neg_pigeon_in_flight\crop_0018.jpg,0.24606554210186005,0.7310999035835266,MATCH
neg_pigeon_in_flight,data\demo\real_world_yolox_crops\train\neg_pigeon_in_flight\crop_0019.jpg,0.6784552335739136,0.7310999035835266,MATCH
neg_pigeon_in_flight,data\demo\real_world_yolox_crops\train\neg_pigeon_in_flight\crop_0020.jpg,0.38027647137641907,0.7310999035835266,MATCH
neg_pigeon_in_flight,data\demo\real_world_yolox_crops\train\neg_pigeon_in_flight\crop_0021.jpg,0.20997777581214905,0.7310999035835266,MATCH
neg_pigeon_in_flight,data\demo\real_world_yolox_crops\train\neg_pigeon_in_flight\crop_0022.jpg,0.3652058243751526,0.7310999035835266,MATCH
neg_pigeon_in_flight,data\demo\real_world_yolox_crops\train\neg_pigeon_in_flight\crop_0023.jpg,0.8711804747581482,0.7310999035835266,MATCH
neg_pigeon_in_flight,data\demo\real_world_yolox_crops\train\neg_pigeon_in_flight\crop_0024.jpg,0.2310381829738617,0.7310999035835266,MATCH
neg_pigeon_in_flight,data\demo\real_world_yolox_crops\train\neg_pigeon_in_flight\crop_0025.jpg,0.7052590847015381,0.7310999035835266,MATCH
neg_pigeon_in_flight,data\demo\real_world_yolox_crops\train\neg_pigeon_in_flight\crop_0026.jpg,0.6186981797218323,0.7310999035835266,MATCH
neg_pigeon_in_flight,data\demo\real_world_yolox_crops\train\neg_pigeon_in_flight\crop_0027.jpg,0.011928018182516098,0.7310999035835266,MATCH
neg_pigeon_in_flight,data\demo\real_world_yolox_crops\train\neg_pigeon_in_flight\crop_0028.jpg,0.09034057706594467,0.7310999035835266,MATCH
neg_pigeon_in_flight,data\demo\real_world_yolox_crops\train\neg_pigeon_in_flight\crop_0029.jpg,0.3442245125770569,0.7310999035835266,MATCH
neg_pigeon_in_flight,data\demo\real_world_yolox_crops\train\neg_pigeon_in_flight\crop_0030.jpg,0.0008491240441799164,0.7310999035835266,MATCH
neg_pigeon_in_flight,data\demo\real_world_yolox_crops\train\neg_pigeon_in_flight\crop_0031.jpg,-0.11546363681554794,0.7310999035835266,MATCH
neg_pigeon_in_flight,data\demo\real_world_yolox_crops\train\neg_pigeon_in_flight\crop_0032.jpg,0.23029792308807373,0.7310999035835266,MATCH
neg_pigeon_in_flight,data\demo\real_world_yolox_crops\train\neg_pigeon_in_flight\crop_0033.jpg,-0.04621586203575134,0.7310999035835266,MATCH
neg_pigeon_in_flight,data\demo\real_world_yolox_crops\train\neg_pigeon_in_flight\crop_0034.jpg,0.2071422040462494,0.7310999035835266,MATCH
neg_pigeon_in_flight,data\demo\real_world_yolox_crops\train\neg_pigeon_in_flight\crop_0035.jpg,0.15873076021671295,0.7310999035835266,MATCH
neg_pigeon_in_flight,data\demo\real_world_yolox_crops\train\neg_pigeon_in_flight\crop_0036.jpg,0.13688676059246063,0.7310999035835266,MATCH
neg_pigeon_in_flight,data\demo\real_world_yolox_crops\train\neg_pigeon_in_flight\crop_0037.jpg,0.26791560649871826,0.7310999035835266,MATCH
neg_pigeon_in_flight,data\demo\real_world_yolox_crops\train\neg_pigeon_in_flight\crop_0038.jpg,0.03437401354312897,0.7310999035835266,MATCH
neg_pigeon_in_flight,data\demo\real_world_yolox_crops\train\neg_pigeon_in_flight\crop_0039.jpg,-0.06890235841274261,0.7310999035835266,MATCH
neg_pigeon_in_flight,data\demo\real_world_yolox_crops\train\neg_pigeon_in_flight\crop_0040.jpg,-0.002839764580130577,0.7310999035835266,MATCH
neg_pigeon_in_flight,data\demo\real_world_yolox_crops\train\neg_pigeon_in_flight\crop_0041.jpg,0.10021597146987915,0.7310999035835266,MATCH
neg_pigeon_in_flight,data\demo\real_world_yolox_crops\train\neg_pigeon_in_flight\crop_0042.jpg,-0.03325749933719635,0.7310999035835266,MATCH
neg_pigeon_in_flight,data\demo\real_world_yolox_crops\train\neg_pigeon_in_flight\crop_0043.jpg,0.022627003490924835,0.7310999035835266,MATCH
neg_pigeon_in_flight,data\demo\real_world_yolox_crops\train\neg_pigeon_in_flight\crop_0044.jpg,0.09632569551467896,0.7310999035835266,MATCH
neg_pigeon_in_flight,data\demo\real_world_yolox_crops\train\neg_pigeon_in_flight\crop_0045.jpg,0.015827558934688568,0.7310999035835266,MATCH
neg_pigeon_in_flight,data\demo\real_world_yolox_crops\train\neg_pigeon_in_flight\crop_0046.jpg,0.07877243310213089,0.7310999035835266,MATCH
neg_pigeon_in_flight,data\demo\real_world_yolox_crops\train\neg_pigeon_in_flight\crop_0047.jpg,-0.0426216796040535,0.7310999035835266,MATCH
neg_pigeon_in_flight,data\demo\real_world_yolox_crops\train\neg_pigeon_in_flight\crop_0048.jpg,-0.019872691482305527,0.7310999035835266,MATCH
neg_pigeon_in_flight,data\demo\real_world_yolox_crops\train\neg_pigeon_in_flight\crop_0049.jpg,-0.12082245200872421,0.7310999035835266,MATCH
neg_pigeon_in_flight,data\demo\real_world_yolox_crops\train\neg_pigeon_in_flight\crop_0050.jpg,0.0463075116276741,0.7310999035835266,MATCH
neg_pigeon_in_flight,data\demo\real_world_yolox_crops\train\neg_pigeon_in_flight\crop_0051.jpg,0.1081315129995346,0.7310999035835266,MATCH
neg_pigeon_in_flight,data\demo\real_world_yolox_crops\train\neg_pigeon_in_flight\crop_0052.jpg,0.11758379638195038,0.7310999035835266,MATCH
neg_pigeon_in_flight,data\demo\real_world_yolox_crops\train\neg_pigeon_in_flight\crop_0053.jpg,-0.24104833602905273,0.7310999035835266,MATCH
neg_pigeon_in_flight,data\demo\real_world_yolox_crops\train\neg_pigeon_in_flight\crop_0054.jpg,0.0374193899333477,0.7310999035835266,MATCH
neg_pigeon_in_flight,data\demo\real_world_yolox_crops\train\neg_pigeon_in_flight\crop_0055.jpg,0.00035496801137924194,0.7310999035835266,MATCH
neg_pigeon_in_flight,data\demo\real_world_yolox_crops\train\neg_pigeon_in_flight\crop_0056.jpg,0.03323131799697876,0.7310999035835266,MATCH
neg_pigeon_in_flight,data\demo\real_world_yolox_crops\train\neg_pigeon_in_flight\crop_0057.jpg,-0.024351388216018677,0.7310999035835266,MATCH
neg_pigeon_in_flight,data\demo\real_world_yolox_crops\train\neg_pigeon_in_flight\crop_0058.jpg,0.1498757302761078,0.7310999035835266,MATCH
neg_pigeon_in_flight,data\demo\real_world_yolox_crops\train\neg_pigeon_in_flight\crop_0059.jpg,-0.007192987948656082,0.7310999035835266,MATCH
neg_pigeon_in_flight,data\demo\real_world_yolox_crops\train\neg_pigeon_in_flight\crop_0060.jpg,0.08884072303771973,0.7310999035835266,MATCH
neg_pigeon_in_flight,data\demo\real_world_yolox_crops\train\neg_pigeon_in_flight\crop_0061.jpg,-0.01801230013370514,0.7310999035835266,MATCH
neg_pigeon_in_flight,data\demo\real_world_yolox_crops\train\neg_pigeon_in_flight\crop_0062.jpg,-0.07753847539424896,0.7310999035835266,MATCH
neg_pigeon_in_flight,data\demo\real_world_yolox_crops\train\neg_pigeon_in_flight\crop_0063.jpg,0.20304015278816223,0.7310999035835266,MATCH
neg_pigeon_in_flight,data\demo\real_world_yolox_crops\train\neg_pigeon_in_flight\crop_0064.jpg,0.05249624699354172,0.7310999035835266,MATCH
neg_pigeon_in_flight,data\demo\real_world_yolox_crops\train\neg_pigeon_in_flight\crop_0065.jpg,0.06884947419166565,0.7310999035835266,MATCH
neg_real4,data\demo\real_world_yolox_crops\train\neg_real4\crop_0000.jpg,-0.12081470340490341,0.5330187678337097,unknown
neg_real4,data\demo\real_world_yolox_crops\train\neg_real4\crop_0001.jpg,-0.0551844984292984,0.5330187678337097,unknown
neg_real4,data\demo\real_world_yolox_crops\train\neg_real4\crop_0002.jpg,0.20363476872444153,0.5330187678337097,unknown
neg_real4,data\demo\real_world_yolox_crops\train\neg_real4\crop_0003.jpg,0.16847513616085052,0.5330187678337097,unknown
neg_real4,data\demo\real_world_yolox_crops\train\neg_real4\crop_0004.jpg,0.007902175188064575,0.5330187678337097,unknown
neg_real4,data\demo\real_world_yolox_crops\train\neg_real4\crop_0005.jpg,0.43930235505104065,0.5330187678337097,unknown
neg_real4,data\demo\real_world_yolox_crops\train\neg_real4\crop_0006.jpg,0.5408051013946533,0.5330187678337097,unknown
neg_real4,data\demo\real_world_yolox_crops\train\neg_real4\crop_0007.jpg,0.5373727679252625,0.5330187678337097,unknown
neg_real4,data\demo\real_world_yolox_crops\train\neg_real4\crop_0008.jpg,0.5249378681182861,0.5330187678337097,unknown
neg_real4,data\demo\real_world_yolox_crops\train\neg_real4\crop_0009.jpg,0.4520393908023834,0.5330187678337097,unknown
neg_real4,data\demo\real_world_yolox_crops\train\neg_real4\crop_0010.jpg,0.4331848919391632,0.5330187678337097,unknown
neg_real4,data\demo\real_world_yolox_crops\train\neg_real4\crop_0011.jpg,0.10342159867286682,0.5330187678337097,unknown
neg_real4,data\demo\real_world_yolox_crops\train\neg_real4\crop_0012.jpg,0.18587277829647064,0.5330187678337097,unknown
neg_real4,data\demo\real_world_yolox_crops\train\neg_real4\crop_0013.jpg,0.3695683479309082,0.5330187678337097,unknown
neg_real4,data\demo\real_world_yolox_crops\train\neg_real4\crop_0014.jpg,0.3853507936000824,0.5330187678337097,unknown
neg_real4,data\demo\real_world_yolox_crops\train\neg_real4\crop_0015.jpg,0.4475136399269104,0.5330187678337097,unknown
neg_real4,data\demo\real_world_yolox_crops\train\neg_real4\crop_0016.jpg,0.4029865860939026,0.5330187678337097,unknown
neg_real4,data\demo\real_world_yolox_crops\train\neg_real4\crop_0017.jpg,0.5395410656929016,0.5330187678337097,unknown
neg_real4,data\demo\real_world_yolox_crops\train\neg_real4\crop_0018.jpg,0.5224371552467346,0.5330187678337097,unknown
neg_real4,data\demo\real_world_yolox_crops\train\neg_real4\crop_0019.jpg,-0.08532586693763733,0.5330187678337097,unknown
neg_real4,data\demo\real_world_yolox_crops\train\neg_real4\crop_0020.jpg,0.41664472222328186,0.5330187678337097,unknown
neg_real4,data\demo\real_world_yolox_crops\train\neg_real4\crop_0021.jpg,0.09262655675411224,0.5330187678337097,unknown
neg_real4,data\demo\real_world_yolox_crops\train\neg_real4\crop_0022.jpg,0.37786591053009033,0.5330187678337097,unknown
neg_real4,data\demo\real_world_yolox_crops\train\neg_real4\crop_0023.jpg,0.08480650186538696,0.5330187678337097,unknown
neg_real4,data\demo\real_world_yolox_crops\train\neg_real4\crop_0024.jpg,0.30381372570991516,0.5330187678337097,unknown
neg_real4,data\demo\real_world_yolox_crops\train\neg_real4\crop_0025.jpg,0.4173017144203186,0.5330187678337097,unknown
neg_real4,data\demo\real_world_yolox_crops\train\neg_real4\crop_0026.jpg,0.3707412779331207,0.5330187678337097,unknown
neg_real4,data\demo\real_world_yolox_crops\train\neg_real4\crop_0027.jpg,0.23990222811698914,0.5330187678337097,unknown
neg_real4,data\demo\real_world_yolox_crops\train\neg_real4\crop_0028.jpg,0.43068552017211914,0.5330187678337097,unknown
neg_real4,data\demo\real_world_yolox_crops\train\neg_real4\crop_0029.jpg,0.4762975871562958,0.5330187678337097,unknown
neg_real4,data\demo\real_world_yolox_crops\train\neg_real4\crop_0030.jpg,0.19111396372318268,0.5330187678337097,unknown
neg_real4,data\demo\real_world_yolox_crops\train\neg_real4\crop_0031.jpg,0.04066181182861328,0.5330187678337097,unknown
neg_real4,data\demo\real_world_yolox_crops\train\neg_real4\crop_0032.jpg,0.14438071846961975,0.5330187678337097,unknown
neg_real4,data\demo\real_world_yolox_crops\train\neg_real4\crop_0033.jpg,-0.042904604226350784,0.5330187678337097,unknown
neg_real4,data\demo\real_world_yolox_crops\train\neg_real4\crop_0034.jpg,-0.08111868053674698,0.5330187678337097,unknown
neg_real4,data\demo\real_world_yolox_crops\train\neg_real4\crop_0035.jpg,0.08549126237630844,0.5330187678337097,unknown
neg_real4,data\demo\real_world_yolox_crops\train\neg_real4\crop_0036.jpg,0.023061834275722504,0.5330187678337097,unknown
neg_real4,data\demo\real_world_yolox_crops\train\neg_real4\crop_0037.jpg,-0.014036193490028381,0.5330187678337097,unknown
neg_real4,data\demo\real_world_yolox_crops\train\neg_real4\crop_0038.jpg,0.3997191786766052,0.5330187678337097,unknown
neg_real4,data\demo\real_world_yolox_crops\train\neg_real4\crop_0039.jpg,0.18984024226665497,0.5330187678337097,unknown
neg_real4,data\demo\real_world_yolox_crops\train\neg_real4\crop_0040.jpg,-0.11793573200702667,0.5330187678337097,unknown
neg_real4,data\demo\real_world_yolox_crops\train\neg_real4\crop_0041.jpg,0.19920136034488678,0.5330187678337097,unknown
neg_seagul_v2,data\demo\real_world_yolox_crops\train\neg_seagul_v2\crop_0000.jpg,0.8121591806411743,0.7663705945014954,MATCH
neg_seagul_v2,data\demo\real_world_yolox_crops\train\neg_seagul_v2\crop_0001.jpg,0.7913715839385986,0.7663705945014954,MATCH
neg_seagul_v2,data\demo\real_world_yolox_crops\train\neg_seagul_v2\crop_0002.jpg,-0.002122778445482254,0.7663705945014954,MATCH
neg_seagul_v2,data\demo\real_world_yolox_crops\train\neg_seagul_v2\crop_0003.jpg,0.17862163484096527,0.7663705945014954,MATCH
neg_seagul_v2,data\demo\real_world_yolox_crops\train\neg_seagul_v2\crop_0004.jpg,0.29764801263809204,0.7663705945014954,MATCH
neg_seagul_v2,data\demo\real_world_yolox_crops\train\neg_seagul_v2\crop_0005.jpg,0.05939822643995285,0.7663705945014954,MATCH
neg_seagul_v2,data\demo\real_world_yolox_crops\train\neg_seagul_v2\crop_0006.jpg,0.7949110269546509,0.7663705945014954,MATCH
neg_seagul_v2,data\demo\real_world_yolox_crops\train\neg_seagul_v2\crop_0007.jpg,0.14162138104438782,0.7663705945014954,MATCH
neg_seagul_v2,data\demo\real_world_yolox_crops\train\neg_seagul_v2\crop_0008.jpg,0.017545048147439957,0.7663705945014954,MATCH
neg_seagul_v2,data\demo\real_world_yolox_crops\train\neg_seagul_v2\crop_0009.jpg,0.01926327496767044,0.7663705945014954,MATCH
neg_seagul_v2,data\demo\real_world_yolox_crops\train\neg_seagul_v2\crop_0010.jpg,0.21257394552230835,0.7663705945014954,MATCH
neg_seagul_v2,data\demo\real_world_yolox_crops\train\neg_seagul_v2\crop_0011.jpg,0.2514931559562683,0.7663705945014954,MATCH
neg_seagul_v2,data\demo\real_world_yolox_crops\train\neg_seagul_v2\crop_0012.jpg,0.5633310079574585,0.7663705945014954,MATCH
neg_seagul_v2,data\demo\real_world_yolox_crops\train\neg_seagul_v2\crop_0013.jpg,0.13645412027835846,0.7663705945014954,MATCH
neg_seagul_v2,data\demo\real_world_yolox_crops\train\neg_seagul_v2\crop_0014.jpg,0.5948325395584106,0.7663705945014954,MATCH
neg_seagul_v2,data\demo\real_world_yolox_crops\train\neg_seagul_v2\crop_0015.jpg,0.5885789394378662,0.7663705945014954,MATCH
neg_seagul_v2,data\demo\real_world_yolox_crops\train\neg_seagul_v2\crop_0016.jpg,0.04318787157535553,0.7663705945014954,MATCH
neg_seagul_v2,data\demo\real_world_yolox_crops\train\neg_seagul_v2\crop_0017.jpg,0.11786510050296783,0.7663705945014954,MATCH
neg_seagul_v2,data\demo\real_world_yolox_crops\train\neg_seagul_v2\crop_0018.jpg,0.206040158867836,0.7663705945014954,MATCH
neg_seagul_v2,data\demo\real_world_yolox_crops\train\neg_seagul_v2\crop_0019.jpg,0.1761925220489502,0.7663705945014954,MATCH
neg_seagul_v2,data\demo\real_world_yolox_crops\train\neg_seagul_v2\crop_0020.jpg,0.15542367100715637,0.7663705945014954,MATCH
neg_seagul_v2,data\demo\real_world_yolox_crops\train\neg_seagul_v2\crop_0021.jpg,0.6034130454063416,0.7663705945014954,MATCH
neg_seagul_v2,data\demo\real_world_yolox_crops\train\neg_seagul_v2\crop_0022.jpg,0.11125829070806503,0.7663705945014954,MATCH
neg_seagul_v2,data\demo\real_world_yolox_crops\train\neg_seagul_v2\crop_0023.jpg,0.05115007609128952,0.7663705945014954,MATCH
neg_seagul_v2,data\demo\real_world_yolox_crops\train\neg_seagul_v2\crop_0024.jpg,-0.046829842031002045,0.7663705945014954,MATCH
neg_seagul_v2,data\demo\real_world_yolox_crops\train\neg_seagul_v2\crop_0025.jpg,0.8299979567527771,0.7663705945014954,MATCH
neg_seagul_v2,data\demo\real_world_yolox_crops\train\neg_seagul_v2\crop_0026.jpg,0.4052361845970154,0.7663705945014954,MATCH
neg_seagul_v2,data\demo\real_world_yolox_crops\train\neg_seagul_v2\crop_0027.jpg,0.4463600814342499,0.7663705945014954,MATCH
neg_seagul_v2,data\demo\real_world_yolox_crops\train\neg_seagul_v2\crop_0028.jpg,0.06686125695705414,0.7663705945014954,MATCH
neg_seagul_v2,data\demo\real_world_yolox_crops\train\neg_seagul_v2\crop_0029.jpg,0.19322094321250916,0.7663705945014954,MATCH
neg_seagul_v2,data\demo\real_world_yolox_crops\train\neg_seagul_v2\crop_0030.jpg,0.3150777220726013,0.7663705945014954,MATCH
neg_seagul_v2,data\demo\real_world_yolox_crops\train\neg_seagul_v2\crop_0031.jpg,0.29597559571266174,0.7663705945014954,MATCH
neg_seagul_v2,data\demo\real_world_yolox_crops\train\neg_seagul_v2\crop_0032.jpg,0.3927270770072937,0.7663705945014954,MATCH
neg_seagul_v2,data\demo\real_world_yolox_crops\train\neg_seagul_v2\crop_0033.jpg,0.5768517255783081,0.7663705945014954,MATCH
neg_seagul_v2,data\demo\real_world_yolox_crops\train\neg_seagul_v2\crop_0034.jpg,0.458087682723999,0.7663705945014954,MATCH
neg_seagul_v2,data\demo\real_world_yolox_crops\train\neg_seagul_v2\crop_0035.jpg,0.15784914791584015,0.7663705945014954,MATCH
neg_seagul_v2,data\demo\real_world_yolox_crops\train\neg_seagul_v2\crop_0036.jpg,0.2887296676635742,0.7663705945014954,MATCH
neg_seagul_v2,data\demo\real_world_yolox_crops\train\neg_seagul_v2\crop_0037.jpg,0.45479345321655273,0.7663705945014954,MATCH
neg_seagul_v2,data\demo\real_world_yolox_crops\train\neg_seagul_v2\crop_0038.jpg,0.18261289596557617,0.7663705945014954,MATCH
neg_seagul_v2,data\demo\real_world_yolox_crops\train\neg_seagul_v2\crop_0039.jpg,0.27012529969215393,0.7663705945014954,MATCH
neg_seagul_v2,data\demo\real_world_yolox_crops\train\neg_seagul_v2\crop_0040.jpg,0.41592395305633545,0.7663705945014954,MATCH
neg_seagul_v2,data\demo\real_world_yolox_crops\train\neg_seagul_v2\crop_0041.jpg,-0.18233704566955566,0.7663705945014954,MATCH
neg_seagul_v2,data\demo\real_world_yolox_crops\train\neg_seagul_v2\crop_0042.jpg,-0.027842655777931213,0.7663705945014954,MATCH
neg_seagul_v2,data\demo\real_world_yolox_crops\train\neg_seagul_v2\crop_0043.jpg,0.49422839283943176,0.7663705945014954,MATCH
neg_seagul_v2,data\demo\real_world_yolox_crops\train\neg_seagul_v2\crop_0044.jpg,0.16742360591888428,0.7663705945014954,MATCH
neg_seagul_v2,data\demo\real_world_yolox_crops\train\neg_seagul_v2\crop_0045.jpg,0.222703754901886,0.7663705945014954,MATCH
neg_seagul_v2,data\demo\real_world_yolox_crops\train\neg_seagul_v2\crop_0046.jpg,-0.07325012236833572,0.7663705945014954,MATCH
neg_seagul_v2,data\demo\real_world_yolox_crops\train\neg_seagul_v2\crop_0047.jpg,0.14652903378009796,0.7663705945014954,MATCH
neg_seagul_v2,data\demo\real_world_yolox_crops\train\neg_seagul_v2\crop_0048.jpg,0.2515915632247925,0.7663705945014954,MATCH
neg_seagul_v2,data\demo\real_world_yolox_crops\train\neg_seagul_v2\crop_0049.jpg,0.14372842013835907,0.7663705945014954,MATCH
neg_seagul_v2,data\demo\real_world_yolox_crops\train\neg_seagul_v2\crop_0050.jpg,-0.011195540428161621,0.7663705945014954,MATCH
neg_seagul_v2,data\demo\real_world_yolox_crops\train\neg_seagul_v2\crop_0051.jpg,-0.03782211244106293,0.7663705945014954,MATCH
neg_seagul_v2,data\demo\real_world_yolox_crops\train\neg_seagul_v2\crop_0052.jpg,0.005271729081869125,0.7663705945014954,MATCH
neg_seagul_v2,data\demo\real_world_yolox_crops\train\neg_seagul_v2\crop_0053.jpg,0.05585777759552002,0.7663705945014954,MATCH
neg_seagul_v2,data\demo\real_world_yolox_crops\train\neg_seagul_v2\crop_0054.jpg,0.16343027353286743,0.7663705945014954,MATCH
neg_seagul_v2,data\demo\real_world_yolox_crops\train\neg_seagul_v2\crop_0055.jpg,0.11896408349275589,0.7663705945014954,MATCH
neg_seagul_v2,data\demo\real_world_yolox_crops\train\neg_seagul_v2\crop_0056.jpg,-0.031503234058618546,0.7663705945014954,MATCH
neg_seagul_v2,data\demo\real_world_yolox_crops\train\neg_seagul_v2\crop_0057.jpg,0.09858401864767075,0.7663705945014954,MATCH
neg_seagul_v2,data\demo\real_world_yolox_crops\train\neg_seagul_v2\crop_0058.jpg,0.004311155527830124,0.7663705945014954,MATCH
neg_seagul_v2,data\demo\real_world_yolox_crops\train\neg_seagul_v2\crop_0059.jpg,0.01307288184762001,0.7663705945014954,MATCH
neg_seagul_v2,data\demo\real_world_yolox_crops\train\neg_seagul_v2\crop_0060.jpg,0.03917767107486725,0.7663705945014954,MATCH
neg_seagul_v2,data\demo\real_world_yolox_crops\train\neg_seagul_v2\crop_0061.jpg,0.3113062381744385,0.7663705945014954,MATCH
neg_seagul_v2,data\demo\real_world_yolox_crops\train\neg_seagul_v2\crop_0062.jpg,0.15731178224086761,0.7663705945014954,MATCH
neg_seagul_v2,data\demo\real_world_yolox_crops\train\neg_seagul_v2\crop_0063.jpg,0.1501007080078125,0.7663705945014954,MATCH
neg_seagul_v2,data\demo\real_world_yolox_crops\train\neg_seagul_v2\crop_0064.jpg,-0.02570129930973053,0.7663705945014954,MATCH
neg_seagul_v2,data\demo\real_world_yolox_crops\train\neg_seagul_v2\crop_0065.jpg,0.034470293670892715,0.7663705945014954,MATCH
neg_seagul_v2,data\demo\real_world_yolox_crops\train\neg_seagul_v2\crop_0066.jpg,-0.06630368530750275,0.7663705945014954,MATCH
neg_seagul_v2,data\demo\real_world_yolox_crops\train\neg_seagul_v2\crop_0067.jpg,0.21347704529762268,0.7663705945014954,MATCH
neg_seagul_v2,data\demo\real_world_yolox_crops\train\neg_seagul_v2\crop_0068.jpg,0.09841957688331604,0.7663705945014954,MATCH
neg_uav_drone_shop_war_thunder_props,data\demo\real_world_yolox_crops\train\neg_uav_drone_shop_war_thunder_props\crop_0000.jpg,0.5266439914703369,0.7787491679191589,MATCH
neg_uav_drone_shop_war_thunder_props,data\demo\real_world_yolox_crops\train\neg_uav_drone_shop_war_thunder_props\crop_0001.jpg,0.2586255669593811,0.7787491679191589,MATCH
neg_uav_drone_shop_war_thunder_props,data\demo\real_world_yolox_crops\train\neg_uav_drone_shop_war_thunder_props\crop_0002.jpg,0.5823565125465393,0.7787491679191589,MATCH
neg_uav_drone_shop_war_thunder_props,data\demo\real_world_yolox_crops\train\neg_uav_drone_shop_war_thunder_props\crop_0003.jpg,0.7513009309768677,0.7787491679191589,MATCH
neg_uav_drone_shop_war_thunder_props,data\demo\real_world_yolox_crops\train\neg_uav_drone_shop_war_thunder_props\crop_0004.jpg,0.7340023517608643,0.7787491679191589,MATCH
neg_uav_drone_shop_war_thunder_props,data\demo\real_world_yolox_crops\train\neg_uav_drone_shop_war_thunder_props\crop_0005.jpg,0.3498150706291199,0.7787491679191589,MATCH
neg_uav_drone_shop_war_thunder_props,data\demo\real_world_yolox_crops\train\neg_uav_drone_shop_war_thunder_props\crop_0006.jpg,0.4587758481502533,0.7787491679191589,MATCH
neg_uav_drone_shop_war_thunder_props,data\demo\real_world_yolox_crops\train\neg_uav_drone_shop_war_thunder_props\crop_0007.jpg,0.15587784349918365,0.7787491679191589,MATCH
neg_uav_drone_shop_war_thunder_props,data\demo\real_world_yolox_crops\train\neg_uav_drone_shop_war_thunder_props\crop_0008.jpg,0.4626127779483795,0.7787491679191589,MATCH
neg_uav_drone_shop_war_thunder_props,data\demo\real_world_yolox_crops\train\neg_uav_drone_shop_war_thunder_props\crop_0009.jpg,0.220382958650589,0.7787491679191589,MATCH
neg_uav_drone_shop_war_thunder_props,data\demo\real_world_yolox_crops\train\neg_uav_drone_shop_war_thunder_props\crop_0010.jpg,0.8094855546951294,0.7787491679191589,MATCH
neg_uav_drone_shop_war_thunder_props,data\demo\real_world_yolox_crops\train\neg_uav_drone_shop_war_thunder_props\crop_0011.jpg,0.1904360055923462,0.7787491679191589,MATCH
neg_uav_drone_shop_war_thunder_props,data\demo\real_world_yolox_crops\train\neg_uav_drone_shop_war_thunder_props\crop_0012.jpg,0.4897767901420593,0.7787491679191589,MATCH
neg_uav_drone_shop_war_thunder_props,data\demo\real_world_yolox_crops\train\neg_uav_drone_shop_war_thunder_props\crop_0013.jpg,0.4606855809688568,0.7787491679191589,MATCH
neg_uav_drone_shop_war_thunder_props,data\demo\real_world_yolox_crops\train\neg_uav_drone_shop_war_thunder_props\crop_0014.jpg,0.4077795445919037,0.7787491679191589,MATCH
neg_uav_drone_shop_war_thunder_props,data\demo\real_world_yolox_crops\train\neg_uav_drone_shop_war_thunder_props\crop_0015.jpg,0.37687069177627563,0.7787491679191589,MATCH
neg_uav_drone_shop_war_thunder_props,data\demo\real_world_yolox_crops\train\neg_uav_drone_shop_war_thunder_props\crop_0016.jpg,0.16492539644241333,0.7787491679191589,MATCH
neg_uav_drone_shop_war_thunder_props,data\demo\real_world_yolox_crops\train\neg_uav_drone_shop_war_thunder_props\crop_0017.jpg,0.1215096265077591,0.7787491679191589,MATCH
neg_uav_drone_shop_war_thunder_props,data\demo\real_world_yolox_crops\train\neg_uav_drone_shop_war_thunder_props\crop_0018.jpg,0.38061708211898804,0.7787491679191589,MATCH
neg_uav_drone_shop_war_thunder_props,data\demo\real_world_yolox_crops\train\neg_uav_drone_shop_war_thunder_props\crop_0019.jpg,0.3343600630760193,0.7787491679191589,MATCH
neg_uav_drone_shop_war_thunder_props,data\demo\real_world_yolox_crops\train\neg_uav_drone_shop_war_thunder_props\crop_0020.jpg,0.5139890313148499,0.7787491679191589,MATCH
neg_uav_drone_shop_war_thunder_props,data\demo\real_world_yolox_crops\train\neg_uav_drone_shop_war_thunder_props\crop_0021.jpg,0.45997413992881775,0.7787491679191589,MATCH
neg_uav_drone_shop_war_thunder_props,data\demo\real_world_yolox_crops\train\neg_uav_drone_shop_war_thunder_props\crop_0022.jpg,0.7182326316833496,0.7787491679191589,MATCH
neg_uav_drone_shop_war_thunder_props,data\demo\real_world_yolox_crops\train\neg_uav_drone_shop_war_thunder_props\crop_0023.jpg,0.3834354281425476,0.7787491679191589,MATCH
neg_uav_drone_shop_war_thunder_props,data\demo\real_world_yolox_crops\train\neg_uav_drone_shop_war_thunder_props\crop_0024.jpg,0.3618875741958618,0.7787491679191589,MATCH
neg_uav_drone_shop_war_thunder_props,data\demo\real_world_yolox_crops\train\neg_uav_drone_shop_war_thunder_props\crop_0025.jpg,0.7888838052749634,0.7787491679191589,MATCH
neg_uav_drone_shop_war_thunder_props,data\demo\real_world_yolox_crops\train\neg_uav_drone_shop_war_thunder_props\crop_0026.jpg,0.29767102003097534,0.7787491679191589,MATCH
neg_uav_drone_shop_war_thunder_props,data\demo\real_world_yolox_crops\train\neg_uav_drone_shop_war_thunder_props\crop_0027.jpg,0.38489246368408203,0.7787491679191589,MATCH
neg_uav_drone_shop_war_thunder_props,data\demo\real_world_yolox_crops\train\neg_uav_drone_shop_war_thunder_props\crop_0028.jpg,0.32648175954818726,0.7787491679191589,MATCH
neg_uav_drone_shop_war_thunder_props,data\demo\real_world_yolox_crops\train\neg_uav_drone_shop_war_thunder_props\crop_0029.jpg,0.4068380892276764,0.7787491679191589,MATCH
neg_uav_drone_shop_war_thunder_props,data\demo\real_world_yolox_crops\train\neg_uav_drone_shop_war_thunder_props\crop_0030.jpg,0.17479850351810455,0.7787491679191589,MATCH
neg_uav_drone_shop_war_thunder_props,data\demo\real_world_yolox_crops\train\neg_uav_drone_shop_war_thunder_props\crop_0031.jpg,0.574951171875,0.7787491679191589,MATCH
neg_uav_drone_shop_war_thunder_props,data\demo\real_world_yolox_crops\train\neg_uav_drone_shop_war_thunder_props\crop_0032.jpg,0.31091102957725525,0.7787491679191589,MATCH
neg_uav_drone_shop_war_thunder_props,data\demo\real_world_yolox_crops\train\neg_uav_drone_shop_war_thunder_props\crop_0033.jpg,0.16955117881298065,0.7787491679191589,MATCH
neg_uav_drone_shop_war_thunder_props,data\demo\real_world_yolox_crops\train\neg_uav_drone_shop_war_thunder_props\crop_0034.jpg,0.47407931089401245,0.7787491679191589,MATCH
neg_uav_drone_shop_war_thunder_props,data\demo\real_world_yolox_crops\train\neg_uav_drone_shop_war_thunder_props\crop_0035.jpg,0.18627679347991943,0.7787491679191589,MATCH
neg_uav_drone_shop_war_thunder_props,data\demo\real_world_yolox_crops\train\neg_uav_drone_shop_war_thunder_props\crop_0036.jpg,0.3670036196708679,0.7787491679191589,MATCH
neg_uav_drone_shop_war_thunder_props,data\demo\real_world_yolox_crops\train\neg_uav_drone_shop_war_thunder_props\crop_0037.jpg,0.7578762769699097,0.7787491679191589,MATCH
neg_uav_drone_shop_war_thunder_props,data\demo\real_world_yolox_crops\train\neg_uav_drone_shop_war_thunder_props\crop_0038.jpg,0.5916137099266052,0.7787491679191589,MATCH
neg_uav_drone_shop_war_thunder_props,data\demo\real_world_yolox_crops\train\neg_uav_drone_shop_war_thunder_props\crop_0039.jpg,0.46758130192756653,0.7787491679191589,MATCH
neg_uav_drone_shop_war_thunder_props,data\demo\real_world_yolox_crops\train\neg_uav_drone_shop_war_thunder_props\crop_0040.jpg,0.3272866904735565,0.7787491679191589,MATCH
neg_uav_drone_shop_war_thunder_props,data\demo\real_world_yolox_crops\train\neg_uav_drone_shop_war_thunder_props\crop_0041.jpg,0.37533169984817505,0.7787491679191589,MATCH
neg_uav_drone_shop_war_thunder_props,data\demo\real_world_yolox_crops\train\neg_uav_drone_shop_war_thunder_props\crop_0042.jpg,0.35201308131217957,0.7787491679191589,MATCH
neg_uav_drone_shop_war_thunder_props,data\demo\real_world_yolox_crops\train\neg_uav_drone_shop_war_thunder_props\crop_0043.jpg,0.7296770811080933,0.7787491679191589,MATCH
neg_uav_drone_shop_war_thunder_props,data\demo\real_world_yolox_crops\train\neg_uav_drone_shop_war_thunder_props\crop_0044.jpg,0.3638734221458435,0.7787491679191589,MATCH
neg_uav_drone_shop_war_thunder_props,data\demo\real_world_yolox_crops\train\neg_uav_drone_shop_war_thunder_props\crop_0045.jpg,0.6122536659240723,0.7787491679191589,MATCH
neg_uav_drone_shop_war_thunder_props,data\demo\real_world_yolox_crops\train\neg_uav_drone_shop_war_thunder_props\crop_0046.jpg,0.47846585512161255,0.7787491679191589,MATCH
neg_uav_drone_shop_war_thunder_props,data\demo\real_world_yolox_crops\train\neg_uav_drone_shop_war_thunder_props\crop_0047.jpg,0.2802339792251587,0.7787491679191589,MATCH
neg_uav_drone_shop_war_thunder_props,data\demo\real_world_yolox_crops\train\neg_uav_drone_shop_war_thunder_props\crop_0048.jpg,0.45434314012527466,0.7787491679191589,MATCH
neg_uav_drone_shop_war_thunder_props,data\demo\real_world_yolox_crops\train\neg_uav_drone_shop_war_thunder_props\crop_0049.jpg,0.5727681517601013,0.7787491679191589,MATCH
neg_uav_drone_shop_war_thunder_props,data\demo\real_world_yolox_crops\train\neg_uav_drone_shop_war_thunder_props\crop_0050.jpg,0.6322381496429443,0.7787491679191589,MATCH
neg_uav_drone_shop_war_thunder_props,data\demo\real_world_yolox_crops\train\neg_uav_drone_shop_war_thunder_props\crop_0051.jpg,0.3069027066230774,0.7787491679191589,MATCH
neg_uav_drone_shop_war_thunder_props,data\demo\real_world_yolox_crops\train\neg_uav_drone_shop_war_thunder_props\crop_0052.jpg,0.7138677835464478,0.7787491679191589,MATCH
neg_uav_drone_shop_war_thunder_props,data\demo\real_world_yolox_crops\train\neg_uav_drone_shop_war_thunder_props\crop_0053.jpg,0.2914721667766571,0.7787491679191589,MATCH
neg_uav_drone_shop_war_thunder_props,data\demo\real_world_yolox_crops\train\neg_uav_drone_shop_war_thunder_props\crop_0054.jpg,0.3099847435951233,0.7787491679191589,MATCH
neg_uav_drone_shop_war_thunder_props,data\demo\real_world_yolox_crops\train\neg_uav_drone_shop_war_thunder_props\crop_0055.jpg,0.7472395896911621,0.7787491679191589,MATCH
neg_uav_drone_shop_war_thunder_props,data\demo\real_world_yolox_crops\train\neg_uav_drone_shop_war_thunder_props\crop_0056.jpg,0.5558565855026245,0.7787491679191589,MATCH
neg_uav_drone_shop_war_thunder_props,data\demo\real_world_yolox_crops\train\neg_uav_drone_shop_war_thunder_props\crop_0057.jpg,0.4551398456096649,0.7787491679191589,MATCH
neg_uav_drone_shop_war_thunder_props,data\demo\real_world_yolox_crops\train\neg_uav_drone_shop_war_thunder_props\crop_0058.jpg,0.6908688545227051,0.7787491679191589,MATCH
neg_uav_drone_shop_war_thunder_props,data\demo\real_world_yolox_crops\train\neg_uav_drone_shop_war_thunder_props\crop_0059.jpg,0.6487211585044861,0.7787491679191589,MATCH
neg_uav_drone_shop_war_thunder_props,data\demo\real_world_yolox_crops\train\neg_uav_drone_shop_war_thunder_props\crop_0060.jpg,0.7861995100975037,0.7787491679191589,MATCH
neg_uav_drone_shop_war_thunder_props,data\demo\real_world_yolox_crops\train\neg_uav_drone_shop_war_thunder_props\crop_0061.jpg,0.526002824306488,0.7787491679191589,MATCH
neg_uav_drone_shop_war_thunder_props,data\demo\real_world_yolox_crops\train\neg_uav_drone_shop_war_thunder_props\crop_0062.jpg,0.5657385587692261,0.7787491679191589,MATCH
neg_uav_drone_shop_war_thunder_props,data\demo\real_world_yolox_crops\train\neg_uav_drone_shop_war_thunder_props\crop_0063.jpg,0.5720968246459961,0.7787491679191589,MATCH
neg_uav_drone_shop_war_thunder_props,data\demo\real_world_yolox_crops\train\neg_uav_drone_shop_war_thunder_props\crop_0064.jpg,0.4045473337173462,0.7787491679191589,MATCH
neg_uav_drone_shop_war_thunder_props,data\demo\real_world_yolox_crops\train\neg_uav_drone_shop_war_thunder_props\crop_0065.jpg,0.41213369369506836,0.7787491679191589,MATCH
neg_uav_drone_shop_war_thunder_props,data\demo\real_world_yolox_crops\train\neg_uav_drone_shop_war_thunder_props\crop_0066.jpg,0.4694119095802307,0.7787491679191589,MATCH
neg_uav_drone_shop_war_thunder_props,data\demo\real_world_yolox_crops\train\neg_uav_drone_shop_war_thunder_props\crop_0067.jpg,0.24638760089874268,0.7787491679191589,MATCH
neg_uav_drone_shop_war_thunder_props,data\demo\real_world_yolox_crops\train\neg_uav_drone_shop_war_thunder_props\crop_0068.jpg,0.4001270532608032,0.7787491679191589,MATCH
neg_vampire_uav_babayaga,data\demo\real_world_yolox_crops\train\neg_vampire_uav_babayaga\crop_0000.jpg,0.42350339889526367,0.791167140007019,MATCH
neg_vampire_uav_babayaga,data\demo\real_world_yolox_crops\train\neg_vampire_uav_babayaga\crop_0001.jpg,0.6536848545074463,0.791167140007019,MATCH
neg_vampire_uav_babayaga,data\demo\real_world_yolox_crops\train\neg_vampire_uav_babayaga\crop_0002.jpg,0.6439121961593628,0.791167140007019,MATCH
neg_vampire_uav_babayaga,data\demo\real_world_yolox_crops\train\neg_vampire_uav_babayaga\crop_0003.jpg,0.8065925240516663,0.791167140007019,MATCH
neg_vampire_uav_babayaga,data\demo\real_world_yolox_crops\train\neg_vampire_uav_babayaga\crop_0004.jpg,0.6918758153915405,0.791167140007019,MATCH
neg_vampire_uav_babayaga,data\demo\real_world_yolox_crops\train\neg_vampire_uav_babayaga\crop_0005.jpg,0.6329463124275208,0.791167140007019,MATCH
neg_vampire_uav_babayaga,data\demo\real_world_yolox_crops\train\neg_vampire_uav_babayaga\crop_0006.jpg,0.8511263132095337,0.791167140007019,MATCH
neg_vampire_uav_babayaga,data\demo\real_world_yolox_crops\train\neg_vampire_uav_babayaga\crop_0007.jpg,0.45685744285583496,0.791167140007019,MATCH
neg_vampire_uav_babayaga,data\demo\real_world_yolox_crops\train\neg_vampire_uav_babayaga\crop_0008.jpg,0.572094202041626,0.791167140007019,MATCH
neg_vampire_uav_babayaga,data\demo\real_world_yolox_crops\train\neg_vampire_uav_babayaga\crop_0009.jpg,0.8405443429946899,0.791167140007019,MATCH
neg_vampire_uav_babayaga,data\demo\real_world_yolox_crops\train\neg_vampire_uav_babayaga\crop_0010.jpg,0.48138004541397095,0.791167140007019,MATCH
neg_vampire_uav_babayaga,data\demo\real_world_yolox_crops\train\neg_vampire_uav_babayaga\crop_0011.jpg,0.6147817373275757,0.791167140007019,MATCH
neg_vampire_uav_babayaga,data\demo\real_world_yolox_crops\train\neg_vampire_uav_babayaga\crop_0012.jpg,0.7656968832015991,0.791167140007019,MATCH
neg_vintage_toy_airplane,data\demo\real_world_yolox_crops\train\neg_vintage_toy_airplane\crop_0000.jpg,0.1224496066570282,0.6114431619644165,MATCH
neg_vintage_toy_airplane,data\demo\real_world_yolox_crops\train\neg_vintage_toy_airplane\crop_0001.jpg,0.13865622878074646,0.6114431619644165,MATCH
neg_vintage_toy_airplane,data\demo\real_world_yolox_crops\train\neg_vintage_toy_airplane\crop_0002.jpg,0.1930825412273407,0.6114431619644165,MATCH
neg_vintage_toy_airplane,data\demo\real_world_yolox_crops\train\neg_vintage_toy_airplane\crop_0003.jpg,0.17318247258663177,0.6114431619644165,MATCH
neg_vintage_toy_airplane,data\demo\real_world_yolox_crops\train\neg_vintage_toy_airplane\crop_0004.jpg,0.07682331651449203,0.6114431619644165,MATCH
neg_vintage_toy_airplane,data\demo\real_world_yolox_crops\train\neg_vintage_toy_airplane\crop_0005.jpg,0.11888311803340912,0.6114431619644165,MATCH
neg_vintage_toy_airplane,data\demo\real_world_yolox_crops\train\neg_vintage_toy_airplane\crop_0006.jpg,0.10177775472402573,0.6114431619644165,MATCH
neg_vintage_toy_airplane,data\demo\real_world_yolox_crops\train\neg_vintage_toy_airplane\crop_0007.jpg,0.08737333118915558,0.6114431619644165,MATCH
neg_vintage_toy_airplane,data\demo\real_world_yolox_crops\train\neg_vintage_toy_airplane\crop_0008.jpg,0.02453109622001648,0.6114431619644165,MATCH
neg_vintage_toy_airplane,data\demo\real_world_yolox_crops\train\neg_vintage_toy_airplane\crop_0009.jpg,0.2321261167526245,0.6114431619644165,MATCH
neg_vintage_toy_airplane,data\demo\real_world_yolox_crops\train\neg_vintage_toy_airplane\crop_0010.jpg,0.2948896288871765,0.6114431619644165,MATCH
neg_vintage_toy_airplane,data\demo\real_world_yolox_crops\train\neg_vintage_toy_airplane\crop_0011.jpg,0.19606509804725647,0.6114431619644165,MATCH
neg_vintage_toy_airplane,data\demo\real_world_yolox_crops\train\neg_vintage_toy_airplane\crop_0012.jpg,0.4889146089553833,0.6114431619644165,MATCH
neg_vintage_toy_airplane,data\demo\real_world_yolox_crops\train\neg_vintage_toy_airplane\crop_0013.jpg,0.3528561592102051,0.6114431619644165,MATCH
neg_vintage_toy_airplane,data\demo\real_world_yolox_crops\train\neg_vintage_toy_airplane\crop_0014.jpg,0.43066495656967163,0.6114431619644165,MATCH
neg_vintage_toy_airplane,data\demo\real_world_yolox_crops\train\neg_vintage_toy_airplane\crop_0015.jpg,0.1761637032032013,0.6114431619644165,MATCH
neg_vintage_toy_airplane,data\demo\real_world_yolox_crops\train\neg_vintage_toy_airplane\crop_0016.jpg,0.28891390562057495,0.6114431619644165,MATCH
neg_vintage_toy_airplane,data\demo\real_world_yolox_crops\train\neg_vintage_toy_airplane\crop_0017.jpg,0.8670649528503418,0.6114431619644165,MATCH
neg_vintage_toy_airplane,data\demo\real_world_yolox_crops\train\neg_vintage_toy_airplane\crop_0018.jpg,0.23461765050888062,0.6114431619644165,MATCH
neg_vintage_toy_airplane,data\demo\real_world_yolox_crops\train\neg_vintage_toy_airplane\crop_0019.jpg,0.2371164709329605,0.6114431619644165,MATCH
neg_vintage_toy_airplane,data\demo\real_world_yolox_crops\train\neg_vintage_toy_airplane\crop_0020.jpg,0.267657995223999,0.6114431619644165,MATCH
neg_vintage_toy_airplane,data\demo\real_world_yolox_crops\train\neg_vintage_toy_airplane\crop_0021.jpg,0.2941476106643677,0.6114431619644165,MATCH
neg_vintage_toy_airplane,data\demo\real_world_yolox_crops\train\neg_vintage_toy_airplane\crop_0022.jpg,0.1695847511291504,0.6114431619644165,MATCH
neg_vintage_toy_airplane,data\demo\real_world_yolox_crops\train\neg_vintage_toy_airplane\crop_0023.jpg,0.06425605714321136,0.6114431619644165,MATCH
neg_vintage_toy_airplane,data\demo\real_world_yolox_crops\train\neg_vintage_toy_airplane\crop_0024.jpg,0.26071539521217346,0.6114431619644165,MATCH
neg_vintage_toy_airplane,data\demo\real_world_yolox_crops\train\neg_vintage_toy_airplane\crop_0025.jpg,0.2661697566509247,0.6114431619644165,MATCH
neg_vintage_toy_airplane,data\demo\real_world_yolox_crops\train\neg_vintage_toy_airplane\crop_0026.jpg,0.29853329062461853,0.6114431619644165,MATCH
neg_vintage_toy_airplane,data\demo\real_world_yolox_crops\train\neg_vintage_toy_airplane\crop_0027.jpg,0.1122533529996872,0.6114431619644165,MATCH
neg_vintage_toy_airplane,data\demo\real_world_yolox_crops\train\neg_vintage_toy_airplane\crop_0028.jpg,0.5042153000831604,0.6114431619644165,MATCH
neg_vintage_toy_airplane,data\demo\real_world_yolox_crops\train\neg_vintage_toy_airplane\crop_0029.jpg,0.14831200242042542,0.6114431619644165,MATCH
neg_vintage_toy_airplane,data\demo\real_world_yolox_crops\train\neg_vintage_toy_airplane\crop_0030.jpg,0.2380971908569336,0.6114431619644165,MATCH
neg_vintage_toy_airplane,data\demo\real_world_yolox_crops\train\neg_vintage_toy_airplane\crop_0031.jpg,0.23720206320285797,0.6114431619644165,MATCH
neg_vintage_toy_airplane,data\demo\real_world_yolox_crops\train\neg_vintage_toy_airplane\crop_0032.jpg,0.24288052320480347,0.6114431619644165,MATCH
neg_vintage_toy_airplane,data\demo\real_world_yolox_crops\train\neg_vintage_toy_airplane\crop_0033.jpg,0.7598311305046082,0.6114431619644165,MATCH
neg_vintage_toy_airplane,data\demo\real_world_yolox_crops\train\neg_vintage_toy_airplane\crop_0034.jpg,0.43718957901000977,0.6114431619644165,MATCH
neg_vintage_toy_airplane,data\demo\real_world_yolox_crops\train\neg_vintage_toy_airplane\crop_0035.jpg,0.23295985162258148,0.6114431619644165,MATCH
neg_vintage_toy_airplane,data\demo\real_world_yolox_crops\train\neg_vintage_toy_airplane\crop_0036.jpg,0.35848990082740784,0.6114431619644165,MATCH
neg_vintage_toy_airplane,data\demo\real_world_yolox_crops\train\neg_vintage_toy_airplane\crop_0037.jpg,0.16029062867164612,0.6114431619644165,MATCH
neg_vintage_toy_airplane,data\demo\real_world_yolox_crops\train\neg_vintage_toy_airplane\crop_0038.jpg,0.32014793157577515,0.6114431619644165,MATCH
neg_vintage_toy_airplane,data\demo\real_world_yolox_crops\train\neg_vintage_toy_airplane\crop_0039.jpg,0.15597186982631683,0.6114431619644165,MATCH
neg_vintage_toy_airplane,data\demo\real_world_yolox_crops\train\neg_vintage_toy_airplane\crop_0040.jpg,0.2087494134902954,0.6114431619644165,MATCH
neg_vintage_toy_airplane,data\demo\real_world_yolox_crops\train\neg_vintage_toy_airplane\crop_0041.jpg,0.3275904953479767,0.6114431619644165,MATCH
neg_vintage_toy_airplane,data\demo\real_world_yolox_crops\train\neg_vintage_toy_airplane\crop_0042.jpg,0.10174335539340973,0.6114431619644165,MATCH
neg_vintage_toy_airplane,data\demo\real_world_yolox_crops\train\neg_vintage_toy_airplane\crop_0043.jpg,0.1724776029586792,0.6114431619644165,MATCH
neg_vintage_toy_airplane,data\demo\real_world_yolox_crops\train\neg_vintage_toy_airplane\crop_0044.jpg,0.19134381413459778,0.6114431619644165,MATCH
neg_vintage_toy_airplane,data\demo\real_world_yolox_crops\train\neg_vintage_toy_airplane\crop_0045.jpg,0.14784562587738037,0.6114431619644165,MATCH
neg_vintage_toy_airplane,data\demo\real_world_yolox_crops\train\neg_vintage_toy_airplane\crop_0046.jpg,0.05082020163536072,0.6114431619644165,MATCH
neg_vintage_toy_airplane,data\demo\real_world_yolox_crops\train\neg_vintage_toy_airplane\crop_0047.jpg,0.09144344180822372,0.6114431619644165,MATCH
neg_vintage_toy_airplane,data\demo\real_world_yolox_crops\train\neg_vintage_toy_airplane\crop_0048.jpg,0.0959998369216919,0.6114431619644165,MATCH
neg_vintage_toy_airplane,data\demo\real_world_yolox_crops\train\neg_vintage_toy_airplane\crop_0049.jpg,0.16917893290519714,0.6114431619644165,MATCH
neg_vintage_toy_airplane,data\demo\real_world_yolox_crops\train\neg_vintage_toy_airplane\crop_0050.jpg,0.22460880875587463,0.6114431619644165,MATCH
neg_vintage_toy_airplane,data\demo\real_world_yolox_crops\train\neg_vintage_toy_airplane\crop_0051.jpg,0.18237096071243286,0.6114431619644165,MATCH
neg_vintage_toy_airplane,data\demo\real_world_yolox_crops\train\neg_vintage_toy_airplane\crop_0052.jpg,-0.050608761608600616,0.6114431619644165,MATCH
neg_vintage_toy_airplane,data\demo\real_world_yolox_crops\train\neg_vintage_toy_airplane\crop_0053.jpg,0.23828290402889252,0.6114431619644165,MATCH
neg_vintage_toy_airplane,data\demo\real_world_yolox_crops\train\neg_vintage_toy_airplane\crop_0054.jpg,0.015579670667648315,0.6114431619644165,MATCH
neg_vintage_toy_airplane,data\demo\real_world_yolox_crops\train\neg_vintage_toy_airplane\crop_0055.jpg,0.12198419868946075,0.6114431619644165,MATCH
neg_vintage_toy_airplane,data\demo\real_world_yolox_crops\train\neg_vintage_toy_airplane\crop_0056.jpg,0.17790058255195618,0.6114431619644165,MATCH
neg_vintage_toy_airplane,data\demo\real_world_yolox_crops\train\neg_vintage_toy_airplane\crop_0057.jpg,-0.08918440341949463,0.6114431619644165,MATCH
neg_vintage_toy_airplane,data\demo\real_world_yolox_crops\train\neg_vintage_toy_airplane\crop_0058.jpg,0.08877688646316528,0.6114431619644165,MATCH
neg_vintage_toy_airplane,data\demo\real_world_yolox_crops\train\neg_vintage_toy_airplane\crop_0059.jpg,0.29401910305023193,0.6114431619644165,MATCH
neg_vintage_toy_airplane,data\demo\real_world_yolox_crops\train\neg_vintage_toy_airplane\crop_0060.jpg,0.4264502227306366,0.6114431619644165,MATCH
neg_vintage_toy_airplane,data\demo\real_world_yolox_crops\train\neg_vintage_toy_airplane\crop_0061.jpg,0.2080017626285553,0.6114431619644165,MATCH
neg_vintage_toy_airplane,data\demo\real_world_yolox_crops\train\neg_vintage_toy_airplane\crop_0062.jpg,0.37858688831329346,0.6114431619644165,MATCH
neg_vintage_toy_airplane,data\demo\real_world_yolox_crops\train\neg_vintage_toy_airplane\crop_0063.jpg,0.019228100776672363,0.6114431619644165,MATCH
neg_vintage_toy_airplane,data\demo\real_world_yolox_crops\train\neg_vintage_toy_airplane\crop_0064.jpg,0.37567445635795593,0.6114431619644165,MATCH
neg_vintage_toy_airplane,data\demo\real_world_yolox_crops\train\neg_vintage_toy_airplane\crop_0065.jpg,0.0013595744967460632,0.6114431619644165,MATCH
neg_vintage_toy_airplane,data\demo\real_world_yolox_crops\train\neg_vintage_toy_airplane\crop_0066.jpg,-0.015484035015106201,0.6114431619644165,MATCH
neg_vintage_toy_airplane,data\demo\real_world_yolox_crops\train\neg_vintage_toy_airplane\crop_0067.jpg,-0.01577308028936386,0.6114431619644165,MATCH
neg_vintage_toy_airplane,data\demo\real_world_yolox_crops\train\neg_vintage_toy_airplane\crop_0068.jpg,0.0834067165851593,0.6114431619644165,MATCH
neg_vintage_toy_airplane,data\demo\real_world_yolox_crops\train\neg_vintage_toy_airplane\crop_0069.jpg,0.10657432675361633,0.6114431619644165,MATCH
neg_vintage_toy_airplane,data\demo\real_world_yolox_crops\train\neg_vintage_toy_airplane\crop_0070.jpg,0.05519635230302811,0.6114431619644165,MATCH
neg_vintage_toy_airplane,data\demo\real_world_yolox_crops\train\neg_vintage_toy_airplane\crop_0071.jpg,-0.10569057613611221,0.6114431619644165,MATCH
neg_vintage_toy_airplane,data\demo\real_world_yolox_crops\train\neg_vintage_toy_airplane\crop_0072.jpg,-0.06034684181213379,0.6114431619644165,MATCH
neg_vintage_toy_airplane,data\demo\real_world_yolox_crops\train\neg_vintage_toy_airplane\crop_0073.jpg,-0.24611839652061462,0.6114431619644165,MATCH
neg_vintage_toy_airplane,data\demo\real_world_yolox_crops\train\neg_vintage_toy_airplane\crop_0074.jpg,0.011339180171489716,0.6114431619644165,MATCH
real1,data\demo\real_world_yolox_crops\train\real1\crop_0000.jpg,-0.08767476677894592,0.2486054003238678,unknown
real1,data\demo\real_world_yolox_crops\train\real1\crop_0001.jpg,-0.32492297887802124,0.2486054003238678,unknown
real1,data\demo\real_world_yolox_crops\train\real1\crop_0002.jpg,0.0647106021642685,0.2486054003238678,unknown
real1,data\demo\real_world_yolox_crops\train\real1\crop_0003.jpg,0.028570950031280518,0.2486054003238678,unknown
real1,data\demo\real_world_yolox_crops\train\real1\crop_0004.jpg,0.1894804835319519,0.2486054003238678,unknown
real1,data\demo\real_world_yolox_crops\train\real1\crop_0005.jpg,-0.12983126938343048,0.2486054003238678,unknown
real1,data\demo\real_world_yolox_crops\train\real1\crop_0006.jpg,-0.1628420650959015,0.2486054003238678,unknown
real1,data\demo\real_world_yolox_crops\train\real1\crop_0007.jpg,-0.3680591583251953,0.2486054003238678,unknown
real1,data\demo\real_world_yolox_crops\train\real1\crop_0008.jpg,-0.07181583344936371,0.2486054003238678,unknown
real1,data\demo\real_world_yolox_crops\train\real1\crop_0009.jpg,-0.14403893053531647,0.2486054003238678,unknown
real1,data\demo\real_world_yolox_crops\train\real1\crop_0010.jpg,-0.056134823709726334,0.2486054003238678,unknown
real1,data\demo\real_world_yolox_crops\train\real1\crop_0011.jpg,-0.143447607755661,0.2486054003238678,unknown
real1,data\demo\real_world_yolox_crops\train\real1\crop_0012.jpg,-0.06926760822534561,0.2486054003238678,unknown
real1,data\demo\real_world_yolox_crops\train\real1\crop_0013.jpg,-0.21119040250778198,0.2486054003238678,unknown
real1,data\demo\real_world_yolox_crops\train\real1\crop_0014.jpg,-0.09787237644195557,0.2486054003238678,unknown
real1,data\demo\real_world_yolox_crops\train\real1\crop_0015.jpg,-0.08235744386911392,0.2486054003238678,unknown
real1,data\demo\real_world_yolox_crops\train\real1\crop_0016.jpg,0.03540261462330818,0.2486054003238678,unknown
real1,data\demo\real_world_yolox_crops\train\real1\crop_0017.jpg,-0.10298840701580048,0.2486054003238678,unknown
real1,data\demo\real_world_yolox_crops\train\real1\crop_0018.jpg,0.003171764314174652,0.2486054003238678,unknown
real1,data\demo\real_world_yolox_crops\train\real1\crop_0019.jpg,-0.08235744386911392,0.2486054003238678,unknown
real1,data\demo\real_world_yolox_crops\train\real1\crop_0020.jpg,-0.1313059777021408,0.2486054003238678,unknown
real1,data\demo\real_world_yolox_crops\train\real1\crop_0021.jpg,0.9248623251914978,0.2486054003238678,unknown
real3,data\demo\real_world_yolox_crops\train\real3\crop_0000.jpg,-0.05094035714864731,0.04161495715379715,unknown
real3,data\demo\real_world_yolox_crops\train\real3\crop_0001.jpg,-0.05888886749744415,0.04161495715379715,unknown
real3,data\demo\real_world_yolox_crops\train\real3\crop_0002.jpg,0.07095030695199966,0.04161495715379715,unknown
real3,data\demo\real_world_yolox_crops\train\real3\crop_0003.jpg,-0.03408554196357727,0.04161495715379715,unknown
real3,data\demo\real_world_yolox_crops\train\real3\crop_0004.jpg,-0.030388854444026947,0.04161495715379715,unknown
real3,data\demo\real_world_yolox_crops\train\real3\crop_0005.jpg,-0.05606932193040848,0.04161495715379715,unknown
real3,data\demo\real_world_yolox_crops\train\real3\crop_0006.jpg,-0.028930015861988068,0.04161495715379715,unknown
real3,data\demo\real_world_yolox_crops\train\real3\crop_0007.jpg,-0.05776885151863098,0.04161495715379715,unknown
real3,data\demo\real_world_yolox_crops\train\real3\crop_0008.jpg,-0.07401885092258453,0.04161495715379715,unknown
real3,data\demo\real_world_yolox_crops\train\real3\crop_0009.jpg,-0.04533548653125763,0.04161495715379715,unknown
real3,data\demo\real_world_yolox_crops\train\real3\crop_0010.jpg,-0.026625633239746094,0.04161495715379715,unknown
real3,data\demo\real_world_yolox_crops\train\real3\crop_0011.jpg,-0.05465739965438843,0.04161495715379715,unknown
real3,data\demo\real_world_yolox_crops\train\real3\crop_0012.jpg,-0.05643923580646515,0.04161495715379715,unknown
real3,data\demo\real_world_yolox_crops\train\real3\crop_0013.jpg,-0.03400863707065582,0.04161495715379715,unknown
real3,data\demo\real_world_yolox_crops\train\real3\crop_0014.jpg,0.011286742985248566,0.04161495715379715,unknown
real3,data\demo\real_world_yolox_crops\train\real3\crop_0015.jpg,0.04207272082567215,0.04161495715379715,unknown
real3,data\demo\real_world_yolox_crops\train\real3\crop_0016.jpg,-0.04980272799730301,0.04161495715379715,unknown
real3,data\demo\real_world_yolox_crops\train\real3\crop_0017.jpg,0.0362723246216774,0.04161495715379715,unknown
real3,data\demo\real_world_yolox_crops\train\real3\crop_0018.jpg,-0.10107600688934326,0.04161495715379715,unknown
real3,data\demo\real_world_yolox_crops\train\real3\crop_0019.jpg,0.01513756811618805,0.04161495715379715,unknown
real3,data\demo\real_world_yolox_crops\train\real3\crop_0020.jpg,0.036207541823387146,0.04161495715379715,unknown
real3,data\demo\real_world_yolox_crops\train\real3\crop_0021.jpg,-0.035511285066604614,0.04161495715379715,unknown
real3,data\demo\real_world_yolox_crops\train\real3\crop_0022.jpg,-0.02923787385225296,0.04161495715379715,unknown
real3,data\demo\real_world_yolox_crops\train\real3\crop_0023.jpg,0.002049267292022705,0.04161495715379715,unknown
real3,data\demo\real_world_yolox_crops\train\real3\crop_0024.jpg,-0.020123191177845,0.04161495715379715,unknown
real3,data\demo\real_world_yolox_crops\train\real3\crop_0025.jpg,-0.004673779010772705,0.04161495715379715,unknown
real3,data\demo\real_world_yolox_crops\train\real3\crop_0026.jpg,-0.03620252013206482,0.04161495715379715,unknown
real3,data\demo\real_world_yolox_crops\train\real3\crop_0027.jpg,0.022571884095668793,0.04161495715379715,unknown
real3,data\demo\real_world_yolox_crops\train\real3\crop_0028.jpg,-0.04628386348485947,0.04161495715379715,unknown
real3,data\demo\real_world_yolox_crops\train\real3\crop_0029.jpg,-0.06579694151878357,0.04161495715379715,unknown
real3,data\demo\real_world_yolox_crops\train\real3\crop_0030.jpg,-0.02843911200761795,0.04161495715379715,unknown
real3,data\demo\real_world_yolox_crops\train\real3\crop_0031.jpg,-0.056653380393981934,0.04161495715379715,unknown
real5,data\demo\real_world_yolox_crops\train\real5\crop_0000.jpg,0.032270558178424835,0.04876029118895531,unknown
real5,data\demo\real_world_yolox_crops\train\real5\crop_0001.jpg,0.026909038424491882,0.04876029118895531,unknown
real5,data\demo\real_world_yolox_crops\train\real5\crop_0002.jpg,-0.008215852081775665,0.04876029118895531,unknown
real5,data\demo\real_world_yolox_crops\train\real5\crop_0003.jpg,0.0002644062042236328,0.04876029118895531,unknown
real5,data\demo\real_world_yolox_crops\train\real5\crop_0004.jpg,0.03760726749897003,0.04876029118895531,unknown
real5,data\demo\real_world_yolox_crops\train\real5\crop_0005.jpg,0.04563654586672783,0.04876029118895531,unknown
real5,data\demo\real_world_yolox_crops\train\real5\crop_0006.jpg,0.026142552495002747,0.04876029118895531,unknown
real5,data\demo\real_world_yolox_crops\train\real5\crop_0007.jpg,0.014024045318365097,0.04876029118895531,unknown
real5,data\demo\real_world_yolox_crops\train\real5\crop_0008.jpg,0.024523049592971802,0.04876029118895531,unknown
real5,data\demo\real_world_yolox_crops\train\real5\crop_0009.jpg,0.04760286211967468,0.04876029118895531,unknown
real5,data\demo\real_world_yolox_crops\train\real5\crop_0010.jpg,0.02168259397149086,0.04876029118895531,unknown
real5,data\demo\real_world_yolox_crops\train\real5\crop_0011.jpg,0.02480059117078781,0.04876029118895531,unknown
real5,data\demo\real_world_yolox_crops\train\real5\crop_0012.jpg,0.009761109948158264,0.04876029118895531,unknown
real5,data\demo\real_world_yolox_crops\train\real5\crop_0013.jpg,0.0025402717292308807,0.04876029118895531,unknown
real5,data\demo\real_world_yolox_crops\train\real5\crop_0014.jpg,0.02622995153069496,0.04876029118895531,unknown
real5,data\demo\real_world_yolox_crops\train\real5\crop_0015.jpg,-0.02070070430636406,0.04876029118895531,unknown
real5,data\demo\real_world_yolox_crops\train\real5\crop_0016.jpg,-0.09363094717264175,0.04876029118895531,unknown
real5,data\demo\real_world_yolox_crops\train\real5\crop_0017.jpg,-0.19831103086471558,0.04876029118895531,unknown
real5,data\demo\real_world_yolox_crops\train\real5\crop_0018.jpg,0.0014108046889305115,0.04876029118895531,unknown
real5,data\demo\real_world_yolox_crops\train\real5\crop_0019.jpg,-0.022429384291172028,0.04876029118895531,unknown
real5,data\demo\real_world_yolox_crops\train\real5\crop_0020.jpg,0.06411875784397125,0.04876029118895531,unknown
real5,data\demo\real_world_yolox_crops\train\real5\crop_0021.jpg,-0.02966512367129326,0.04876029118895531,unknown
real5,data\demo\real_world_yolox_crops\train\real5\crop_0022.jpg,-0.014090806245803833,0.04876029118895531,unknown
real5,data\demo\real_world_yolox_crops\train\real5\crop_0023.jpg,-0.058228444308042526,0.04876029118895531,unknown
real5,data\demo\real_world_yolox_crops\train\real5\crop_0024.jpg,0.03348179906606674,0.04876029118895531,unknown
real5,data\demo\real_world_yolox_crops\train\real5\crop_0025.jpg,0.04883601516485214,0.04876029118895531,unknown
real5,data\demo\real_world_yolox_crops\train\real5\crop_0026.jpg,-0.010465666651725769,0.04876029118895531,unknown
rough_sketch_of_a_male_uav,data\demo\real_world_yolox_crops\train\rough_sketch_of_a_male_uav\crop_0000.jpg,0.1164674237370491,0.5379406213760376,unknown
rough_sketch_of_a_male_uav,data\demo\real_world_yolox_crops\train\rough_sketch_of_a_male_uav\crop_0001.jpg,-0.21409429609775543,0.5379406213760376,unknown
rough_sketch_of_a_male_uav,data\demo\real_world_yolox_crops\train\rough_sketch_of_a_male_uav\crop_0002.jpg,0.2971537709236145,0.5379406213760376,unknown
rough_sketch_of_a_male_uav,data\demo\real_world_yolox_crops\train\rough_sketch_of_a_male_uav\crop_0003.jpg,0.3492107093334198,0.5379406213760376,unknown
rough_sketch_of_a_male_uav,data\demo\real_world_yolox_crops\train\rough_sketch_of_a_male_uav\crop_0004.jpg,0.40832197666168213,0.5379406213760376,unknown
rough_sketch_of_a_male_uav,data\demo\real_world_yolox_crops\train\rough_sketch_of_a_male_uav\crop_0005.jpg,0.2606697678565979,0.5379406213760376,unknown
rough_sketch_of_a_male_uav,data\demo\real_world_yolox_crops\train\rough_sketch_of_a_male_uav\crop_0006.jpg,0.35447102785110474,0.5379406213760376,unknown
rough_sketch_of_a_male_uav,data\demo\real_world_yolox_crops\train\rough_sketch_of_a_male_uav\crop_0007.jpg,0.26568615436553955,0.5379406213760376,unknown
rough_sketch_of_a_male_uav,data\demo\real_world_yolox_crops\train\rough_sketch_of_a_male_uav\crop_0008.jpg,0.22669140994548798,0.5379406213760376,unknown
rough_sketch_of_a_male_uav,data\demo\real_world_yolox_crops\train\rough_sketch_of_a_male_uav\crop_0009.jpg,0.7721564769744873,0.5379406213760376,unknown
rough_sketch_of_a_male_uav,data\demo\real_world_yolox_crops\train\rough_sketch_of_a_male_uav\crop_0010.jpg,0.058189742267131805,0.5379406213760376,unknown
rough_sketch_of_a_male_uav,data\demo\real_world_yolox_crops\train\rough_sketch_of_a_male_uav\crop_0011.jpg,0.32406604290008545,0.5379406213760376,unknown
rough_sketch_of_a_male_uav,data\demo\real_world_yolox_crops\train\rough_sketch_of_a_male_uav\crop_0012.jpg,0.365045964717865,0.5379406213760376,unknown
rough_sketch_of_a_male_uav,data\demo\real_world_yolox_crops\train\rough_sketch_of_a_male_uav\crop_0013.jpg,0.13202020525932312,0.5379406213760376,unknown
rough_sketch_of_a_male_uav,data\demo\real_world_yolox_crops\train\rough_sketch_of_a_male_uav\crop_0014.jpg,0.14297769963741302,0.5379406213760376,unknown
rough_sketch_of_a_male_uav,data\demo\real_world_yolox_crops\train\rough_sketch_of_a_male_uav\crop_0015.jpg,0.09657150506973267,0.5379406213760376,unknown
rough_sketch_of_a_male_uav,data\demo\real_world_yolox_crops\train\rough_sketch_of_a_male_uav\crop_0016.jpg,0.13041046261787415,0.5379406213760376,unknown
rough_sketch_of_a_male_uav,data\demo\real_world_yolox_crops\train\rough_sketch_of_a_male_uav\crop_0017.jpg,0.11372581124305725,0.5379406213760376,unknown
rough_sketch_of_a_male_uav,data\demo\real_world_yolox_crops\train\rough_sketch_of_a_male_uav\crop_0018.jpg,0.1749708354473114,0.5379406213760376,unknown
rough_sketch_of_a_male_uav,data\demo\real_world_yolox_crops\train\rough_sketch_of_a_male_uav\crop_0019.jpg,0.09086106717586517,0.5379406213760376,unknown
rough_sketch_of_a_male_uav,data\demo\real_world_yolox_crops\train\rough_sketch_of_a_male_uav\crop_0020.jpg,0.06894923001527786,0.5379406213760376,unknown
rough_sketch_of_a_male_uav,data\demo\real_world_yolox_crops\train\rough_sketch_of_a_male_uav\crop_0021.jpg,0.2500196397304535,0.5379406213760376,unknown
rough_sketch_of_a_male_uav,data\demo\real_world_yolox_crops\train\rough_sketch_of_a_male_uav\crop_0022.jpg,0.08290597051382065,0.5379406213760376,unknown
rough_sketch_of_a_male_uav,data\demo\real_world_yolox_crops\train\rough_sketch_of_a_male_uav\crop_0023.jpg,0.2310837209224701,0.5379406213760376,unknown
rough_sketch_of_a_male_uav,data\demo\real_world_yolox_crops\train\rough_sketch_of_a_male_uav\crop_0024.jpg,-0.15746022760868073,0.5379406213760376,unknown
rough_sketch_of_a_male_uav,data\demo\real_world_yolox_crops\train\rough_sketch_of_a_male_uav\crop_0025.jpg,0.7897077798843384,0.5379406213760376,unknown
rq-11_raven_uav__high-poly_model,data\demo\real_world_yolox_crops\train\rq-11_raven_uav__high-poly_model\crop_0000.jpg,0.4602927267551422,0.5591878294944763,unknown
rq-11_raven_uav__high-poly_model,data\demo\real_world_yolox_crops\train\rq-11_raven_uav__high-poly_model\crop_0001.jpg,0.021783672273159027,0.5591878294944763,unknown
rq-11_raven_uav__high-poly_model,data\demo\real_world_yolox_crops\train\rq-11_raven_uav__high-poly_model\crop_0002.jpg,-0.044965438544750214,0.5591878294944763,unknown
rq-11_raven_uav__high-poly_model,data\demo\real_world_yolox_crops\train\rq-11_raven_uav__high-poly_model\crop_0003.jpg,0.13959330320358276,0.5591878294944763,unknown
rq-11_raven_uav__high-poly_model,data\demo\real_world_yolox_crops\train\rq-11_raven_uav__high-poly_model\crop_0004.jpg,-0.25338590145111084,0.5591878294944763,unknown
rq-11_raven_uav__high-poly_model,data\demo\real_world_yolox_crops\train\rq-11_raven_uav__high-poly_model\crop_0005.jpg,-0.279849112033844,0.5591878294944763,unknown
rq-11_raven_uav__high-poly_model,data\demo\real_world_yolox_crops\train\rq-11_raven_uav__high-poly_model\crop_0006.jpg,-0.22069858014583588,0.5591878294944763,unknown
rq-11_raven_uav__high-poly_model,data\demo\real_world_yolox_crops\train\rq-11_raven_uav__high-poly_model\crop_0007.jpg,-0.0028050392866134644,0.5591878294944763,unknown
rq-11_raven_uav__high-poly_model,data\demo\real_world_yolox_crops\train\rq-11_raven_uav__high-poly_model\crop_0008.jpg,0.11914698034524918,0.5591878294944763,unknown
rq-11_raven_uav__high-poly_model,data\demo\real_world_yolox_crops\train\rq-11_raven_uav__high-poly_model\crop_0009.jpg,0.16705265641212463,0.5591878294944763,unknown
rq-11_raven_uav__high-poly_model,data\demo\real_world_yolox_crops\train\rq-11_raven_uav__high-poly_model\crop_0010.jpg,0.11850985884666443,0.5591878294944763,unknown
rq-11_raven_uav__high-poly_model,data\demo\real_world_yolox_crops\train\rq-11_raven_uav__high-poly_model\crop_0011.jpg,0.17179113626480103,0.5591878294944763,unknown
rq-11_raven_uav__high-poly_model,data\demo\real_world_yolox_crops\train\rq-11_raven_uav__high-poly_model\crop_0012.jpg,-0.21918684244155884,0.5591878294944763,unknown
rq-11_raven_uav__high-poly_model,data\demo\real_world_yolox_crops\train\rq-11_raven_uav__high-poly_model\crop_0013.jpg,-0.22959555685520172,0.5591878294944763,unknown
rq-11_raven_uav__high-poly_model,data\demo\real_world_yolox_crops\train\rq-11_raven_uav__high-poly_model\crop_0014.jpg,0.16182002425193787,0.5591878294944763,unknown
rq-11_raven_uav__high-poly_model,data\demo\real_world_yolox_crops\train\rq-11_raven_uav__high-poly_model\crop_0015.jpg,0.01623602584004402,0.5591878294944763,unknown
rq-11_raven_uav__high-poly_model,data\demo\real_world_yolox_crops\train\rq-11_raven_uav__high-poly_model\crop_0016.jpg,-0.16669654846191406,0.5591878294944763,unknown
rq-11_raven_uav__high-poly_model,data\demo\real_world_yolox_crops\train\rq-11_raven_uav__high-poly_model\crop_0017.jpg,0.2438894808292389,0.5591878294944763,unknown
rq-11_raven_uav__high-poly_model,data\demo\real_world_yolox_crops\train\rq-11_raven_uav__high-poly_model\crop_0018.jpg,-0.014739267528057098,0.5591878294944763,unknown
rq-11_raven_uav__high-poly_model,data\demo\real_world_yolox_crops\train\rq-11_raven_uav__high-poly_model\crop_0019.jpg,0.023272208869457245,0.5591878294944763,unknown
rq-11_raven_uav__high-poly_model,data\demo\real_world_yolox_crops\train\rq-11_raven_uav__high-poly_model\crop_0020.jpg,-0.14029794931411743,0.5591878294944763,unknown
rq-11_raven_uav__high-poly_model,data\demo\real_world_yolox_crops\train\rq-11_raven_uav__high-poly_model\crop_0021.jpg,0.3067920207977295,0.5591878294944763,unknown
rq-11_raven_uav__high-poly_model,data\demo\real_world_yolox_crops\train\rq-11_raven_uav__high-poly_model\crop_0022.jpg,0.0752451941370964,0.5591878294944763,unknown
rq-11_raven_uav__high-poly_model,data\demo\real_world_yolox_crops\train\rq-11_raven_uav__high-poly_model\crop_0023.jpg,0.16878515481948853,0.5591878294944763,unknown
rq-11_raven_uav__high-poly_model,data\demo\real_world_yolox_crops\train\rq-11_raven_uav__high-poly_model\crop_0024.jpg,0.18128305673599243,0.5591878294944763,unknown
rq-11_raven_uav__high-poly_model,data\demo\real_world_yolox_crops\train\rq-11_raven_uav__high-poly_model\crop_0025.jpg,0.04880845546722412,0.5591878294944763,unknown
rq-11_raven_uav__high-poly_model,data\demo\real_world_yolox_crops\train\rq-11_raven_uav__high-poly_model\crop_0026.jpg,0.09193071722984314,0.5591878294944763,unknown
rq-11_raven_uav__high-poly_model,data\demo\real_world_yolox_crops\train\rq-11_raven_uav__high-poly_model\crop_0027.jpg,-0.18689648807048798,0.5591878294944763,unknown
rq-11_raven_uav__high-poly_model,data\demo\real_world_yolox_crops\train\rq-11_raven_uav__high-poly_model\crop_0028.jpg,0.19500930607318878,0.5591878294944763,unknown
rq-11_raven_uav__high-poly_model,data\demo\real_world_yolox_crops\train\rq-11_raven_uav__high-poly_model\crop_0029.jpg,-0.08894506096839905,0.5591878294944763,unknown
rq-11_raven_uav__high-poly_model,data\demo\real_world_yolox_crops\train\rq-11_raven_uav__high-poly_model\crop_0030.jpg,0.27067506313323975,0.5591878294944763,unknown
rq-11_raven_uav__high-poly_model,data\demo\real_world_yolox_crops\train\rq-11_raven_uav__high-poly_model\crop_0031.jpg,0.2308245599269867,0.5591878294944763,unknown
rq-11_raven_uav__high-poly_model,data\demo\real_world_yolox_crops\train\rq-11_raven_uav__high-poly_model\crop_0032.jpg,0.059416353702545166,0.5591878294944763,unknown
rq-11_raven_uav__high-poly_model,data\demo\real_world_yolox_crops\train\rq-11_raven_uav__high-poly_model\crop_0033.jpg,0.06521987915039062,0.5591878294944763,unknown
rq-11_raven_uav__high-poly_model,data\demo\real_world_yolox_crops\train\rq-11_raven_uav__high-poly_model\crop_0034.jpg,0.06622768938541412,0.5591878294944763,unknown
rq-11_raven_uav__high-poly_model,data\demo\real_world_yolox_crops\train\rq-11_raven_uav__high-poly_model\crop_0035.jpg,-0.11703281104564667,0.5591878294944763,unknown
rq-11_raven_uav__high-poly_model,data\demo\real_world_yolox_crops\train\rq-11_raven_uav__high-poly_model\crop_0036.jpg,-0.23567894101142883,0.5591878294944763,unknown
rq-11_raven_uav__high-poly_model,data\demo\real_world_yolox_crops\train\rq-11_raven_uav__high-poly_model\crop_0037.jpg,0.07967883348464966,0.5591878294944763,unknown
rq-11_raven_uav__high-poly_model,data\demo\real_world_yolox_crops\train\rq-11_raven_uav__high-poly_model\crop_0038.jpg,0.4391317069530487,0.5591878294944763,unknown
rq-11_raven_uav__high-poly_model,data\demo\real_world_yolox_crops\train\rq-11_raven_uav__high-poly_model\crop_0039.jpg,0.7055318355560303,0.5591878294944763,unknown
rq-11_raven_uav__high-poly_model,data\demo\real_world_yolox_crops\train\rq-11_raven_uav__high-poly_model\crop_0040.jpg,-0.027959052473306656,0.5591878294944763,unknown
rq-11_raven_uav__high-poly_model,data\demo\real_world_yolox_crops\train\rq-11_raven_uav__high-poly_model\crop_0041.jpg,-0.2064482569694519,0.5591878294944763,unknown
rq-11_raven_uav__high-poly_model,data\demo\real_world_yolox_crops\train\rq-11_raven_uav__high-poly_model\crop_0042.jpg,-0.2989615797996521,0.5591878294944763,unknown
rq-11_raven_uav__high-poly_model,data\demo\real_world_yolox_crops\train\rq-11_raven_uav__high-poly_model\crop_0043.jpg,-0.22173406183719635,0.5591878294944763,unknown
rq-11_raven_uav__high-poly_model,data\demo\real_world_yolox_crops\train\rq-11_raven_uav__high-poly_model\crop_0044.jpg,0.23184630274772644,0.5591878294944763,unknown
rq-11_raven_uav__high-poly_model,data\demo\real_world_yolox_crops\train\rq-11_raven_uav__high-poly_model\crop_0045.jpg,0.22215774655342102,0.5591878294944763,unknown
rq-11_raven_uav__high-poly_model,data\demo\real_world_yolox_crops\train\rq-11_raven_uav__high-poly_model\crop_0046.jpg,0.6869957447052002,0.5591878294944763,unknown
rq-11_raven_uav__high-poly_model,data\demo\real_world_yolox_crops\train\rq-11_raven_uav__high-poly_model\crop_0047.jpg,0.07276414334774017,0.5591878294944763,unknown
rq-11_raven_uav__high-poly_model,data\demo\real_world_yolox_crops\train\rq-11_raven_uav__high-poly_model\crop_0048.jpg,0.030518531799316406,0.5591878294944763,unknown
rq-11_raven_uav__high-poly_model,data\demo\real_world_yolox_crops\train\rq-11_raven_uav__high-poly_model\crop_0049.jpg,0.1018199548125267,0.5591878294944763,unknown
rq-11_raven_uav__high-poly_model,data\demo\real_world_yolox_crops\train\rq-11_raven_uav__high-poly_model\crop_0050.jpg,0.23310016095638275,0.5591878294944763,unknown
rq-11_raven_uav__high-poly_model,data\demo\real_world_yolox_crops\train\rq-11_raven_uav__high-poly_model\crop_0051.jpg,0.09959279745817184,0.5591878294944763,unknown
rq-11_raven_uav__high-poly_model,data\demo\real_world_yolox_crops\train\rq-11_raven_uav__high-poly_model\crop_0052.jpg,-0.19900394976139069,0.5591878294944763,unknown
rq-11_raven_uav__high-poly_model,data\demo\real_world_yolox_crops\train\rq-11_raven_uav__high-poly_model\crop_0053.jpg,0.09786093235015869,0.5591878294944763,unknown
rq-11_raven_uav__high-poly_model,data\demo\real_world_yolox_crops\train\rq-11_raven_uav__high-poly_model\crop_0054.jpg,0.06648345291614532,0.5591878294944763,unknown
rq-11_raven_uav__high-poly_model,data\demo\real_world_yolox_crops\train\rq-11_raven_uav__high-poly_model\crop_0055.jpg,0.04803042858839035,0.5591878294944763,unknown
rq-11_raven_uav__high-poly_model,data\demo\real_world_yolox_crops\train\rq-11_raven_uav__high-poly_model\crop_0056.jpg,-0.0010997168719768524,0.5591878294944763,unknown
rq-11_raven_uav__high-poly_model,data\demo\real_world_yolox_crops\train\rq-11_raven_uav__high-poly_model\crop_0057.jpg,0.0751703679561615,0.5591878294944763,unknown
rq-11_raven_uav__high-poly_model,data\demo\real_world_yolox_crops\train\rq-11_raven_uav__high-poly_model\crop_0058.jpg,0.1055789664387703,0.5591878294944763,unknown
rq-11_raven_uav__high-poly_model,data\demo\real_world_yolox_crops\train\rq-11_raven_uav__high-poly_model\crop_0059.jpg,-0.15475359559059143,0.5591878294944763,unknown
rq-11_raven_uav__high-poly_model,data\demo\real_world_yolox_crops\train\rq-11_raven_uav__high-poly_model\crop_0060.jpg,0.4430875778198242,0.5591878294944763,unknown
rq-11_raven_uav__high-poly_model,data\demo\real_world_yolox_crops\train\rq-11_raven_uav__high-poly_model\crop_0061.jpg,0.21558228135108948,0.5591878294944763,unknown
rq-11_raven_uav__high-poly_model,data\demo\real_world_yolox_crops\train\rq-11_raven_uav__high-poly_model\crop_0062.jpg,0.0020837485790252686,0.5591878294944763,unknown
rq-11_raven_uav__high-poly_model,data\demo\real_world_yolox_crops\train\rq-11_raven_uav__high-poly_model\crop_0063.jpg,0.1970975548028946,0.5591878294944763,unknown
rq-11_raven_uav__high-poly_model,data\demo\real_world_yolox_crops\train\rq-11_raven_uav__high-poly_model\crop_0064.jpg,-0.09840040653944016,0.5591878294944763,unknown
rq-11_raven_uav__high-poly_model,data\demo\real_world_yolox_crops\train\rq-11_raven_uav__high-poly_model\crop_0065.jpg,0.02168053388595581,0.5591878294944763,unknown
rq-11_raven_uav__high-poly_model,data\demo\real_world_yolox_crops\train\rq-11_raven_uav__high-poly_model\crop_0066.jpg,-0.1640152633190155,0.5591878294944763,unknown
rq-11_raven_uav__high-poly_model,data\demo\real_world_yolox_crops\train\rq-11_raven_uav__high-poly_model\crop_0067.jpg,0.1600903868675232,0.5591878294944763,unknown
rq-11_raven_uav__high-poly_model,data\demo\real_world_yolox_crops\train\rq-11_raven_uav__high-poly_model\crop_0068.jpg,-0.12907181680202484,0.5591878294944763,unknown
rq-11_raven_uav__high-poly_model,data\demo\real_world_yolox_crops\train\rq-11_raven_uav__high-poly_model\crop_0069.jpg,0.447451651096344,0.5591878294944763,unknown
rq-11_raven_uav__high-poly_model,data\demo\real_world_yolox_crops\train\rq-11_raven_uav__high-poly_model\crop_0070.jpg,-0.24379537999629974,0.5591878294944763,unknown
rq-11_raven_uav__high-poly_model,data\demo\real_world_yolox_crops\train\rq-11_raven_uav__high-poly_model\crop_0071.jpg,0.041129712015390396,0.5591878294944763,unknown
rq-11_raven_uav__high-poly_model,data\demo\real_world_yolox_crops\train\rq-11_raven_uav__high-poly_model\crop_0072.jpg,0.4956671893596649,0.5591878294944763,unknown
rq-11_raven_uav__high-poly_model,data\demo\real_world_yolox_crops\train\rq-11_raven_uav__high-poly_model\crop_0073.jpg,-0.08852768689393997,0.5591878294944763,unknown
rq-11_raven_uav__high-poly_model,data\demo\real_world_yolox_crops\train\rq-11_raven_uav__high-poly_model\crop_0074.jpg,0.27399903535842896,0.5591878294944763,unknown
rq-11_raven_uav__high-poly_model,data\demo\real_world_yolox_crops\train\rq-11_raven_uav__high-poly_model\crop_0075.jpg,-0.05089121311903,0.5591878294944763,unknown
rq-11_raven_uav__high-poly_model,data\demo\real_world_yolox_crops\train\rq-11_raven_uav__high-poly_model\crop_0076.jpg,0.017852894961833954,0.5591878294944763,unknown
rq-11_raven_uav__high-poly_model,data\demo\real_world_yolox_crops\train\rq-11_raven_uav__high-poly_model\crop_0077.jpg,-0.2657458186149597,0.5591878294944763,unknown
rq-11_raven_uav__high-poly_model,data\demo\real_world_yolox_crops\train\rq-11_raven_uav__high-poly_model\crop_0078.jpg,0.10613612830638885,0.5591878294944763,unknown
uav_2,data\demo\real_world_yolox_crops\train\uav_2\crop_0000.jpg,0.14114493131637573,0.6203308701515198,MATCH
uav_2,data\demo\real_world_yolox_crops\train\uav_2\crop_0001.jpg,-0.0006562173366546631,0.6203308701515198,MATCH
uav_2,data\demo\real_world_yolox_crops\train\uav_2\crop_0002.jpg,0.09332849830389023,0.6203308701515198,MATCH
uav_2,data\demo\real_world_yolox_crops\train\uav_2\crop_0003.jpg,0.6557857394218445,0.6203308701515198,MATCH
uav_2,data\demo\real_world_yolox_crops\train\uav_2\crop_0004.jpg,-0.1425810158252716,0.6203308701515198,MATCH
uav_2,data\demo\real_world_yolox_crops\train\uav_2\crop_0005.jpg,-0.03761586546897888,0.6203308701515198,MATCH
uav_2,data\demo\real_world_yolox_crops\train\uav_2\crop_0006.jpg,0.3185834288597107,0.6203308701515198,MATCH
uav_2,data\demo\real_world_yolox_crops\train\uav_2\crop_0007.jpg,-0.020867671817541122,0.6203308701515198,MATCH
uav_2,data\demo\real_world_yolox_crops\train\uav_2\crop_0008.jpg,-0.10203766822814941,0.6203308701515198,MATCH
uav_2,data\demo\real_world_yolox_crops\train\uav_2\crop_0009.jpg,0.38660645484924316,0.6203308701515198,MATCH
uav_2,data\demo\real_world_yolox_crops\train\uav_2\crop_0010.jpg,0.3044954538345337,0.6203308701515198,MATCH
uav_2,data\demo\real_world_yolox_crops\train\uav_2\crop_0011.jpg,0.17939385771751404,0.6203308701515198,MATCH
uav_2,data\demo\real_world_yolox_crops\train\uav_2\crop_0012.jpg,0.1825537085533142,0.6203308701515198,MATCH
uav_2,data\demo\real_world_yolox_crops\train\uav_2\crop_0013.jpg,0.839942455291748,0.6203308701515198,MATCH
uav_2,data\demo\real_world_yolox_crops\train\uav_2\crop_0014.jpg,0.8117464184761047,0.6203308701515198,MATCH
uav_2,data\demo\real_world_yolox_crops\train\uav_2\crop_0015.jpg,0.06674358248710632,0.6203308701515198,MATCH
uav_2,data\demo\real_world_yolox_crops\train\uav_2\crop_0016.jpg,0.3064678907394409,0.6203308701515198,MATCH
uav_2,data\demo\real_world_yolox_crops\train\uav_2\crop_0017.jpg,-0.1505468338727951,0.6203308701515198,MATCH
uav_2,data\demo\real_world_yolox_crops\train\uav_2\crop_0018.jpg,0.19524170458316803,0.6203308701515198,MATCH
uav_2,data\demo\real_world_yolox_crops\train\uav_2\crop_0019.jpg,0.03360098972916603,0.6203308701515198,MATCH
uav_2,data\demo\real_world_yolox_crops\train\uav_2\crop_0020.jpg,0.20068717002868652,0.6203308701515198,MATCH
uav_2,data\demo\real_world_yolox_crops\train\uav_2\crop_0021.jpg,0.13475267589092255,0.6203308701515198,MATCH
uav_2,data\demo\real_world_yolox_crops\train\uav_2\crop_0022.jpg,0.4075731635093689,0.6203308701515198,MATCH
uav_2,data\demo\real_world_yolox_crops\train\uav_2\crop_0023.jpg,0.32082200050354004,0.6203308701515198,MATCH
uav_2,data\demo\real_world_yolox_crops\train\uav_2\crop_0024.jpg,0.3389897346496582,0.6203308701515198,MATCH
uav_2,data\demo\real_world_yolox_crops\train\uav_2\crop_0025.jpg,-0.1915999948978424,0.6203308701515198,MATCH
uav_2,data\demo\real_world_yolox_crops\train\uav_2\crop_0026.jpg,0.09561675786972046,0.6203308701515198,MATCH
uav_2,data\demo\real_world_yolox_crops\train\uav_2\crop_0027.jpg,0.29543641209602356,0.6203308701515198,MATCH
uav_bl,data\demo\real_world_yolox_crops\train\uav_bl\crop_0000.jpg,0.3435715138912201,0.6228430867195129,MATCH
uav_bl,data\demo\real_world_yolox_crops\train\uav_bl\crop_0001.jpg,-0.03133362904191017,0.6228430867195129,MATCH
uav_bl,data\demo\real_world_yolox_crops\train\uav_bl\crop_0002.jpg,0.18415680527687073,0.6228430867195129,MATCH
uav_bl,data\demo\real_world_yolox_crops\train\uav_bl\crop_0003.jpg,0.034767523407936096,0.6228430867195129,MATCH
uav_bl,data\demo\real_world_yolox_crops\train\uav_bl\crop_0004.jpg,0.03253447264432907,0.6228430867195129,MATCH
uav_bl,data\demo\real_world_yolox_crops\train\uav_bl\crop_0005.jpg,-0.02763882651925087,0.6228430867195129,MATCH
uav_bl,data\demo\real_world_yolox_crops\train\uav_bl\crop_0006.jpg,-0.08590125292539597,0.6228430867195129,MATCH
uav_bl,data\demo\real_world_yolox_crops\train\uav_bl\crop_0007.jpg,0.508999228477478,0.6228430867195129,MATCH
uav_bl,data\demo\real_world_yolox_crops\train\uav_bl\crop_0008.jpg,-0.01610814407467842,0.6228430867195129,MATCH
uav_bl,data\demo\real_world_yolox_crops\train\uav_bl\crop_0009.jpg,0.13685329258441925,0.6228430867195129,MATCH
uav_bl,data\demo\real_world_yolox_crops\train\uav_bl\crop_0010.jpg,0.057439401745796204,0.6228430867195129,MATCH
uav_bl,data\demo\real_world_yolox_crops\train\uav_bl\crop_0011.jpg,0.31122374534606934,0.6228430867195129,MATCH
uav_bl,data\demo\real_world_yolox_crops\train\uav_bl\crop_0012.jpg,0.2776547074317932,0.6228430867195129,MATCH
uav_bl,data\demo\real_world_yolox_crops\train\uav_bl\crop_0013.jpg,-0.0242154523730278,0.6228430867195129,MATCH
uav_bl,data\demo\real_world_yolox_crops\train\uav_bl\crop_0014.jpg,0.2961607575416565,0.6228430867195129,MATCH
uav_bl,data\demo\real_world_yolox_crops\train\uav_bl\crop_0015.jpg,0.20018523931503296,0.6228430867195129,MATCH
uav_bl,data\demo\real_world_yolox_crops\train\uav_bl\crop_0016.jpg,-0.12192019820213318,0.6228430867195129,MATCH
uav_bl,data\demo\real_world_yolox_crops\train\uav_bl\crop_0017.jpg,-0.0319073349237442,0.6228430867195129,MATCH
uav_bl,data\demo\real_world_yolox_crops\train\uav_bl\crop_0018.jpg,0.09760068356990814,0.6228430867195129,MATCH
uav_bl,data\demo\real_world_yolox_crops\train\uav_bl\crop_0019.jpg,0.17583158612251282,0.6228430867195129,MATCH
uav_bl,data\demo\real_world_yolox_crops\train\uav_bl\crop_0020.jpg,0.434720516204834,0.6228430867195129,MATCH
uav_bl,data\demo\real_world_yolox_crops\train\uav_bl\crop_0021.jpg,-0.008759882301092148,0.6228430867195129,MATCH
uav_bl,data\demo\real_world_yolox_crops\train\uav_bl\crop_0022.jpg,0.20030450820922852,0.6228430867195129,MATCH
uav_bl,data\demo\real_world_yolox_crops\train\uav_bl\crop_0023.jpg,0.49715059995651245,0.6228430867195129,MATCH
uav_bl,data\demo\real_world_yolox_crops\train\uav_bl\crop_0024.jpg,0.6658820509910583,0.6228430867195129,MATCH
uav_bl,data\demo\real_world_yolox_crops\train\uav_bl\crop_0025.jpg,0.4379996955394745,0.6228430867195129,MATCH
uav_bl,data\demo\real_world_yolox_crops\train\uav_bl\crop_0026.jpg,0.18657055497169495,0.6228430867195129,MATCH
uav_bl,data\demo\real_world_yolox_crops\train\uav_bl\crop_0027.jpg,0.4059777855873108,0.6228430867195129,MATCH
uav_bl,data\demo\real_world_yolox_crops\train\uav_bl\crop_0028.jpg,-0.23254823684692383,0.6228430867195129,MATCH
uav_bl,data\demo\real_world_yolox_crops\train\uav_bl\crop_0029.jpg,0.5507291555404663,0.6228430867195129,MATCH
uav_bl,data\demo\real_world_yolox_crops\train\uav_bl\crop_0030.jpg,0.10590146481990814,0.6228430867195129,MATCH
uav_bl,data\demo\real_world_yolox_crops\train\uav_bl\crop_0031.jpg,-0.18040631711483002,0.6228430867195129,MATCH
uav_bl,data\demo\real_world_yolox_crops\train\uav_bl\crop_0032.jpg,-0.018224148079752922,0.6228430867195129,MATCH
uav_bl,data\demo\real_world_yolox_crops\train\uav_bl\crop_0033.jpg,0.15790748596191406,0.6228430867195129,MATCH
uav_bl,data\demo\real_world_yolox_crops\train\uav_bl\crop_0034.jpg,0.16193658113479614,0.6228430867195129,MATCH
uav_bl,data\demo\real_world_yolox_crops\train\uav_bl\crop_0035.jpg,0.4719932973384857,0.6228430867195129,MATCH
uav_bl,data\demo\real_world_yolox_crops\train\uav_bl\crop_0036.jpg,0.23468267917633057,0.6228430867195129,MATCH
uav_bl,data\demo\real_world_yolox_crops\train\uav_bl\crop_0037.jpg,0.3059069812297821,0.6228430867195129,MATCH
uav_bl,data\demo\real_world_yolox_crops\train\uav_bl\crop_0038.jpg,-0.01391863077878952,0.6228430867195129,MATCH
uav_bl,data\demo\real_world_yolox_crops\train\uav_bl\crop_0039.jpg,0.05575285479426384,0.6228430867195129,MATCH
uav_bl,data\demo\real_world_yolox_crops\train\uav_bl\crop_0040.jpg,0.4111325442790985,0.6228430867195129,MATCH
uav_bl,data\demo\real_world_yolox_crops\train\uav_bl\crop_0041.jpg,0.31558430194854736,0.6228430867195129,MATCH
uav_bl,data\demo\real_world_yolox_crops\train\uav_bl\crop_0042.jpg,0.5223578810691833,0.6228430867195129,MATCH
uav_bl,data\demo\real_world_yolox_crops\train\uav_bl\crop_0043.jpg,0.3531133532524109,0.6228430867195129,MATCH
uav_bl,data\demo\real_world_yolox_crops\train\uav_bl\crop_0044.jpg,0.6317883729934692,0.6228430867195129,MATCH
uav_bl,data\demo\real_world_yolox_crops\train\uav_bl\crop_0045.jpg,0.3394664525985718,0.6228430867195129,MATCH
uav_bl,data\demo\real_world_yolox_crops\train\uav_bl\crop_0046.jpg,0.27414146065711975,0.6228430867195129,MATCH
uav_bl,data\demo\real_world_yolox_crops\train\uav_bl\crop_0047.jpg,0.19073256850242615,0.6228430867195129,MATCH
uav_bl,data\demo\real_world_yolox_crops\train\uav_bl\crop_0048.jpg,0.18750804662704468,0.6228430867195129,MATCH
uav_bl,data\demo\real_world_yolox_crops\train\uav_bl\crop_0049.jpg,0.3015255928039551,0.6228430867195129,MATCH
uav_bl,data\demo\real_world_yolox_crops\train\uav_bl\crop_0050.jpg,0.3756682276725769,0.6228430867195129,MATCH
uav_bl,data\demo\real_world_yolox_crops\train\uav_bl\crop_0051.jpg,-0.03668031841516495,0.6228430867195129,MATCH
uav_bl,data\demo\real_world_yolox_crops\train\uav_bl\crop_0052.jpg,0.024422675371170044,0.6228430867195129,MATCH
uav_bl,data\demo\real_world_yolox_crops\train\uav_bl\crop_0053.jpg,0.12722624838352203,0.6228430867195129,MATCH
uav_bl,data\demo\real_world_yolox_crops\train\uav_bl\crop_0054.jpg,0.16047270596027374,0.6228430867195129,MATCH
uav_bl,data\demo\real_world_yolox_crops\train\uav_bl\crop_0055.jpg,-0.21107365190982819,0.6228430867195129,MATCH
uav_bl,data\demo\real_world_yolox_crops\train\uav_bl\crop_0056.jpg,-0.022377105429768562,0.6228430867195129,MATCH
uav_bl,data\demo\real_world_yolox_crops\train\uav_bl\crop_0057.jpg,0.7090185880661011,0.6228430867195129,MATCH
uav_bl,data\demo\real_world_yolox_crops\train\uav_bl\crop_0058.jpg,0.1644672453403473,0.6228430867195129,MATCH
uav_bl,data\demo\real_world_yolox_crops\train\uav_bl\crop_0059.jpg,0.17986707389354706,0.6228430867195129,MATCH
uav_bl,data\demo\real_world_yolox_crops\train\uav_bl\crop_0060.jpg,0.23755772411823273,0.6228430867195129,MATCH
uav_bl,data\demo\real_world_yolox_crops\train\uav_bl\crop_0061.jpg,-0.06354338675737381,0.6228430867195129,MATCH
uav_bl,data\demo\real_world_yolox_crops\train\uav_bl\crop_0062.jpg,0.15756744146347046,0.6228430867195129,MATCH
uav_bl,data\demo\real_world_yolox_crops\train\uav_bl\crop_0063.jpg,0.3938612937927246,0.6228430867195129,MATCH
uav_bl,data\demo\real_world_yolox_crops\train\uav_bl\crop_0064.jpg,0.43578046560287476,0.6228430867195129,MATCH
uav_bl,data\demo\real_world_yolox_crops\train\uav_bl\crop_0065.jpg,0.5567973852157593,0.6228430867195129,MATCH
uav_bl,data\demo\real_world_yolox_crops\train\uav_bl\crop_0066.jpg,0.0599236935377121,0.6228430867195129,MATCH
uav_low_poly,data\demo\real_world_yolox_crops\train\uav_low_poly\crop_0000.jpg,0.0353984609246254,0.5114508867263794,unknown
uav_low_poly,data\demo\real_world_yolox_crops\train\uav_low_poly\crop_0001.jpg,0.06426240503787994,0.5114508867263794,unknown
uav_low_poly,data\demo\real_world_yolox_crops\train\uav_low_poly\crop_0002.jpg,-0.2240697145462036,0.5114508867263794,unknown
uav_low_poly,data\demo\real_world_yolox_crops\train\uav_low_poly\crop_0003.jpg,0.24216397106647491,0.5114508867263794,unknown
uav_low_poly,data\demo\real_world_yolox_crops\train\uav_low_poly\crop_0004.jpg,0.07804877310991287,0.5114508867263794,unknown
uav_low_poly,data\demo\real_world_yolox_crops\train\uav_low_poly\crop_0005.jpg,0.05565740913152695,0.5114508867263794,unknown
uav_low_poly,data\demo\real_world_yolox_crops\train\uav_low_poly\crop_0006.jpg,0.1288631111383438,0.5114508867263794,unknown
uav_low_poly,data\demo\real_world_yolox_crops\train\uav_low_poly\crop_0007.jpg,0.11849035322666168,0.5114508867263794,unknown
uav_low_poly,data\demo\real_world_yolox_crops\train\uav_low_poly\crop_0008.jpg,0.04739943891763687,0.5114508867263794,unknown
uav_low_poly,data\demo\real_world_yolox_crops\train\uav_low_poly\crop_0009.jpg,0.2934127748012543,0.5114508867263794,unknown
uav_low_poly,data\demo\real_world_yolox_crops\train\uav_low_poly\crop_0010.jpg,0.19832675158977509,0.5114508867263794,unknown
uav_low_poly,data\demo\real_world_yolox_crops\train\uav_low_poly\crop_0011.jpg,0.43734681606292725,0.5114508867263794,unknown
uav_low_poly,data\demo\real_world_yolox_crops\train\uav_low_poly\crop_0012.jpg,0.17158521711826324,0.5114508867263794,unknown
uav_low_poly,data\demo\real_world_yolox_crops\train\uav_low_poly\crop_0013.jpg,0.11974925547838211,0.5114508867263794,unknown
uav_low_poly,data\demo\real_world_yolox_crops\train\uav_low_poly\crop_0014.jpg,0.17422644793987274,0.5114508867263794,unknown
uav_low_poly,data\demo\real_world_yolox_crops\train\uav_low_poly\crop_0015.jpg,0.29133141040802,0.5114508867263794,unknown
uav_low_poly,data\demo\real_world_yolox_crops\train\uav_low_poly\crop_0016.jpg,0.3286009132862091,0.5114508867263794,unknown
uav_low_poly,data\demo\real_world_yolox_crops\train\uav_low_poly\crop_0017.jpg,0.17515738308429718,0.5114508867263794,unknown
uav_low_poly,data\demo\real_world_yolox_crops\train\uav_low_poly\crop_0018.jpg,0.22341930866241455,0.5114508867263794,unknown
uav_low_poly,data\demo\real_world_yolox_crops\train\uav_low_poly\crop_0019.jpg,0.3823469579219818,0.5114508867263794,unknown
uav_low_poly,data\demo\real_world_yolox_crops\train\uav_low_poly\crop_0020.jpg,0.013883359730243683,0.5114508867263794,unknown
uav_low_poly,data\demo\real_world_yolox_crops\train\uav_low_poly\crop_0021.jpg,0.12036395072937012,0.5114508867263794,unknown
uav_low_poly,data\demo\real_world_yolox_crops\train\uav_low_poly\crop_0022.jpg,-0.18534018099308014,0.5114508867263794,unknown
uav_low_poly,data\demo\real_world_yolox_crops\train\uav_low_poly\crop_0023.jpg,0.16453315317630768,0.5114508867263794,unknown
uav_low_poly,data\demo\real_world_yolox_crops\train\uav_low_poly\crop_0024.jpg,0.2479342818260193,0.5114508867263794,unknown
uav_low_poly,data\demo\real_world_yolox_crops\train\uav_low_poly\crop_0025.jpg,-0.15590259432792664,0.5114508867263794,unknown
uav_low_poly,data\demo\real_world_yolox_crops\train\uav_low_poly\crop_0026.jpg,0.10939592123031616,0.5114508867263794,unknown
uav_low_poly,data\demo\real_world_yolox_crops\train\uav_low_poly\crop_0027.jpg,0.21387654542922974,0.5114508867263794,unknown
uav_low_poly,data\demo\real_world_yolox_crops\train\uav_low_poly\crop_0028.jpg,0.29285216331481934,0.5114508867263794,unknown
uav_low_poly,data\demo\real_world_yolox_crops\train\uav_low_poly\crop_0029.jpg,0.11228043586015701,0.5114508867263794,unknown
uav_low_poly,data\demo\real_world_yolox_crops\train\uav_low_poly\crop_0030.jpg,0.22235581278800964,0.5114508867263794,unknown
uav_low_poly,data\demo\real_world_yolox_crops\train\uav_low_poly\crop_0031.jpg,0.24468713998794556,0.5114508867263794,unknown
uav_low_poly,data\demo\real_world_yolox_crops\train\uav_low_poly\crop_0032.jpg,0.41053876280784607,0.5114508867263794,unknown
uav_low_poly,data\demo\real_world_yolox_crops\train\uav_low_poly\crop_0033.jpg,0.1892944574356079,0.5114508867263794,unknown
uav_low_poly,data\demo\real_world_yolox_crops\train\uav_low_poly\crop_0034.jpg,0.20743566751480103,0.5114508867263794,unknown
uav_low_poly,data\demo\real_world_yolox_crops\train\uav_low_poly\crop_0035.jpg,0.3307569622993469,0.5114508867263794,unknown
uav_low_poly,data\demo\real_world_yolox_crops\train\uav_low_poly\crop_0036.jpg,0.16912293434143066,0.5114508867263794,unknown
uav_low_poly,data\demo\real_world_yolox_crops\train\uav_low_poly\crop_0037.jpg,0.23500922322273254,0.5114508867263794,unknown
uav_low_poly,data\demo\real_world_yolox_crops\train\uav_low_poly\crop_0038.jpg,0.26700809597969055,0.5114508867263794,unknown
uav_low_poly,data\demo\real_world_yolox_crops\train\uav_low_poly\crop_0039.jpg,-0.14682576060295105,0.5114508867263794,unknown
uav_low_poly,data\demo\real_world_yolox_crops\train\uav_low_poly\crop_0040.jpg,0.30391085147857666,0.5114508867263794,unknown
uav_low_poly,data\demo\real_world_yolox_crops\train\uav_low_poly\crop_0041.jpg,0.19199125468730927,0.5114508867263794,unknown
uav_low_poly,data\demo\real_world_yolox_crops\train\uav_low_poly\crop_0042.jpg,-0.0923464372754097,0.5114508867263794,unknown
uav_low_poly,data\demo\real_world_yolox_crops\train\uav_low_poly\crop_0043.jpg,-0.1974216252565384,0.5114508867263794,unknown
uav_low_poly,data\demo\real_world_yolox_crops\train\uav_low_poly\crop_0044.jpg,-0.02256407029926777,0.5114508867263794,unknown
uav_low_poly,data\demo\real_world_yolox_crops\train\uav_low_poly\crop_0045.jpg,0.5790320634841919,0.5114508867263794,unknown
uav_low_poly,data\demo\real_world_yolox_crops\train\uav_low_poly\crop_0046.jpg,0.43551504611968994,0.5114508867263794,unknown
uav_low_poly,data\demo\real_world_yolox_crops\train\uav_low_poly\crop_0047.jpg,0.33471113443374634,0.5114508867263794,unknown
uav_low_poly,data\demo\real_world_yolox_crops\train\uav_low_poly\crop_0048.jpg,0.2669551372528076,0.5114508867263794,unknown
uav_low_poly,data\demo\real_world_yolox_crops\train\uav_low_poly\crop_0049.jpg,0.10851113498210907,0.5114508867263794,unknown
uav_low_poly,data\demo\real_world_yolox_crops\train\uav_low_poly\crop_0050.jpg,0.17020472884178162,0.5114508867263794,unknown
uav_low_poly,data\demo\real_world_yolox_crops\train\uav_low_poly\crop_0051.jpg,0.16636711359024048,0.5114508867263794,unknown
uav_low_poly,data\demo\real_world_yolox_crops\train\uav_low_poly\crop_0052.jpg,0.030325278639793396,0.5114508867263794,unknown
uav_low_poly,data\demo\real_world_yolox_crops\train\uav_low_poly\crop_0053.jpg,0.15283875167369843,0.5114508867263794,unknown
uav_low_poly,data\demo\real_world_yolox_crops\train\uav_low_poly\crop_0054.jpg,0.3870741128921509,0.5114508867263794,unknown
uav_low_poly,data\demo\real_world_yolox_crops\train\uav_low_poly\crop_0055.jpg,0.04642696678638458,0.5114508867263794,unknown
uav_low_poly,data\demo\real_world_yolox_crops\train\uav_low_poly\crop_0056.jpg,0.018313221633434296,0.5114508867263794,unknown
uav_low_poly,data\demo\real_world_yolox_crops\train\uav_low_poly\crop_0057.jpg,0.30695897340774536,0.5114508867263794,unknown
uav_low_poly,data\demo\real_world_yolox_crops\train\uav_low_poly\crop_0058.jpg,0.2383922040462494,0.5114508867263794,unknown
uav_low_poly,data\demo\real_world_yolox_crops\train\uav_low_poly\crop_0059.jpg,0.13077208399772644,0.5114508867263794,unknown
uav_low_poly,data\demo\real_world_yolox_crops\train\uav_low_poly\crop_0060.jpg,0.25671449303627014,0.5114508867263794,unknown
uav_low_poly,data\demo\real_world_yolox_crops\train\uav_low_poly\crop_0061.jpg,0.05758831650018692,0.5114508867263794,unknown
uav_low_poly,data\demo\real_world_yolox_crops\train\uav_low_poly\crop_0062.jpg,0.5349140763282776,0.5114508867263794,unknown
uav_low_poly,data\demo\real_world_yolox_crops\train\uav_low_poly\crop_0063.jpg,0.570446252822876,0.5114508867263794,unknown
uav_low_poly,data\demo\real_world_yolox_crops\train\uav_low_poly\crop_0064.jpg,0.11920945346355438,0.5114508867263794,unknown
uav_low_poly,data\demo\real_world_yolox_crops\train\uav_low_poly\crop_0065.jpg,-0.23989665508270264,0.5114508867263794,unknown
uav_low_poly,data\demo\real_world_yolox_crops\train\uav_low_poly\crop_0066.jpg,0.055433690547943115,0.5114508867263794,unknown
uav_low_poly,data\demo\real_world_yolox_crops\train\uav_low_poly\crop_0067.jpg,-0.0382414348423481,0.5114508867263794,unknown
uav_low_poly,data\demo\real_world_yolox_crops\train\uav_low_poly\crop_0068.jpg,0.04050932079553604,0.5114508867263794,unknown
uav_low_poly,data\demo\real_world_yolox_crops\train\uav_low_poly\crop_0069.jpg,0.19613437354564667,0.5114508867263794,unknown
uav_low_poly,data\demo\real_world_yolox_crops\train\uav_low_poly\crop_0070.jpg,0.22430187463760376,0.5114508867263794,unknown
uav_low_poly,data\demo\real_world_yolox_crops\train\uav_low_poly\crop_0071.jpg,0.027484223246574402,0.5114508867263794,unknown
uav_low_poly,data\demo\real_world_yolox_crops\train\uav_low_poly\crop_0072.jpg,0.07387225329875946,0.5114508867263794,unknown
uav_low_poly,data\demo\real_world_yolox_crops\train\uav_low_poly\crop_0073.jpg,0.029440633952617645,0.5114508867263794,unknown
uav_low_poly,data\demo\real_world_yolox_crops\train\uav_low_poly\crop_0074.jpg,0.06322390586137772,0.5114508867263794,unknown
uav_low_poly,data\demo\real_world_yolox_crops\train\uav_low_poly\crop_0075.jpg,0.32842040061950684,0.5114508867263794,unknown
uav_low_poly,data\demo\real_world_yolox_crops\train\uav_low_poly\crop_0076.jpg,0.13172970712184906,0.5114508867263794,unknown
uav_strike_drone_2_war_thunder_line_of_contact,data\demo\real_world_yolox_crops\train\uav_strike_drone_2_war_thunder_line_of_contact\crop_0000.jpg,-0.06789031624794006,0.5833410024642944,unknown
uav_strike_drone_2_war_thunder_line_of_contact,data\demo\real_world_yolox_crops\train\uav_strike_drone_2_war_thunder_line_of_contact\crop_0001.jpg,0.19420142471790314,0.5833410024642944,unknown
uav_strike_drone_2_war_thunder_line_of_contact,data\demo\real_world_yolox_crops\train\uav_strike_drone_2_war_thunder_line_of_contact\crop_0002.jpg,-0.004174213856458664,0.5833410024642944,unknown
uav_strike_drone_2_war_thunder_line_of_contact,data\demo\real_world_yolox_crops\train\uav_strike_drone_2_war_thunder_line_of_contact\crop_0003.jpg,0.5117778182029724,0.5833410024642944,unknown
uav_strike_drone_2_war_thunder_line_of_contact,data\demo\real_world_yolox_crops\train\uav_strike_drone_2_war_thunder_line_of_contact\crop_0004.jpg,-0.08553832769393921,0.5833410024642944,unknown
uav_strike_drone_2_war_thunder_line_of_contact,data\demo\real_world_yolox_crops\train\uav_strike_drone_2_war_thunder_line_of_contact\crop_0005.jpg,0.02956678718328476,0.5833410024642944,unknown
uav_strike_drone_2_war_thunder_line_of_contact,data\demo\real_world_yolox_crops\train\uav_strike_drone_2_war_thunder_line_of_contact\crop_0006.jpg,0.1975998878479004,0.5833410024642944,unknown
uav_strike_drone_2_war_thunder_line_of_contact,data\demo\real_world_yolox_crops\train\uav_strike_drone_2_war_thunder_line_of_contact\crop_0007.jpg,-0.009746365249156952,0.5833410024642944,unknown
uav_strike_drone_2_war_thunder_line_of_contact,data\demo\real_world_yolox_crops\train\uav_strike_drone_2_war_thunder_line_of_contact\crop_0008.jpg,-0.058743640780448914,0.5833410024642944,unknown
uav_strike_drone_2_war_thunder_line_of_contact,data\demo\real_world_yolox_crops\train\uav_strike_drone_2_war_thunder_line_of_contact\crop_0009.jpg,0.10343893617391586,0.5833410024642944,unknown
uav_strike_drone_2_war_thunder_line_of_contact,data\demo\real_world_yolox_crops\train\uav_strike_drone_2_war_thunder_line_of_contact\crop_0010.jpg,0.5766997337341309,0.5833410024642944,unknown
uav_strike_drone_2_war_thunder_line_of_contact,data\demo\real_world_yolox_crops\train\uav_strike_drone_2_war_thunder_line_of_contact\crop_0011.jpg,0.23517853021621704,0.5833410024642944,unknown
uav_strike_drone_2_war_thunder_line_of_contact,data\demo\real_world_yolox_crops\train\uav_strike_drone_2_war_thunder_line_of_contact\crop_0012.jpg,-0.03263236582279205,0.5833410024642944,unknown
uav_strike_drone_2_war_thunder_line_of_contact,data\demo\real_world_yolox_crops\train\uav_strike_drone_2_war_thunder_line_of_contact\crop_0013.jpg,0.49934902787208557,0.5833410024642944,unknown
uav_strike_drone_2_war_thunder_line_of_contact,data\demo\real_world_yolox_crops\train\uav_strike_drone_2_war_thunder_line_of_contact\crop_0014.jpg,-0.13914494216442108,0.5833410024642944,unknown
uav_strike_drone_2_war_thunder_line_of_contact,data\demo\real_world_yolox_crops\train\uav_strike_drone_2_war_thunder_line_of_contact\crop_0015.jpg,0.02352207899093628,0.5833410024642944,unknown
uav_strike_drone_2_war_thunder_line_of_contact,data\demo\real_world_yolox_crops\train\uav_strike_drone_2_war_thunder_line_of_contact\crop_0016.jpg,0.06177705526351929,0.5833410024642944,unknown
uav_strike_drone_2_war_thunder_line_of_contact,data\demo\real_world_yolox_crops\train\uav_strike_drone_2_war_thunder_line_of_contact\crop_0017.jpg,-0.10738343745470047,0.5833410024642944,unknown
uav_strike_drone_2_war_thunder_line_of_contact,data\demo\real_world_yolox_crops\train\uav_strike_drone_2_war_thunder_line_of_contact\crop_0018.jpg,-0.06882528960704803,0.5833410024642944,unknown
uav_strike_drone_2_war_thunder_line_of_contact,data\demo\real_world_yolox_crops\train\uav_strike_drone_2_war_thunder_line_of_contact\crop_0019.jpg,0.18366244435310364,0.5833410024642944,unknown
uav_strike_drone_2_war_thunder_line_of_contact,data\demo\real_world_yolox_crops\train\uav_strike_drone_2_war_thunder_line_of_contact\crop_0020.jpg,0.44853612780570984,0.5833410024642944,unknown
uav_strike_drone_2_war_thunder_line_of_contact,data\demo\real_world_yolox_crops\train\uav_strike_drone_2_war_thunder_line_of_contact\crop_0021.jpg,0.3868514895439148,0.5833410024642944,unknown
uav_strike_drone_2_war_thunder_line_of_contact,data\demo\real_world_yolox_crops\train\uav_strike_drone_2_war_thunder_line_of_contact\crop_0022.jpg,0.2463868409395218,0.5833410024642944,unknown
uav_strike_drone_2_war_thunder_line_of_contact,data\demo\real_world_yolox_crops\train\uav_strike_drone_2_war_thunder_line_of_contact\crop_0023.jpg,0.25858020782470703,0.5833410024642944,unknown
uav_strike_drone_2_war_thunder_line_of_contact,data\demo\real_world_yolox_crops\train\uav_strike_drone_2_war_thunder_line_of_contact\crop_0024.jpg,0.1291080117225647,0.5833410024642944,unknown
uav_strike_drone_2_war_thunder_line_of_contact,data\demo\real_world_yolox_crops\train\uav_strike_drone_2_war_thunder_line_of_contact\crop_0025.jpg,0.05868035554885864,0.5833410024642944,unknown
uav_strike_drone_2_war_thunder_line_of_contact,data\demo\real_world_yolox_crops\train\uav_strike_drone_2_war_thunder_line_of_contact\crop_0026.jpg,0.28660136461257935,0.5833410024642944,unknown
uav_strike_drone_2_war_thunder_line_of_contact,data\demo\real_world_yolox_crops\train\uav_strike_drone_2_war_thunder_line_of_contact\crop_0027.jpg,0.05582210049033165,0.5833410024642944,unknown
uav_strike_drone_2_war_thunder_line_of_contact,data\demo\real_world_yolox_crops\train\uav_strike_drone_2_war_thunder_line_of_contact\crop_0028.jpg,0.0158856138586998,0.5833410024642944,unknown
uav_strike_drone_2_war_thunder_line_of_contact,data\demo\real_world_yolox_crops\train\uav_strike_drone_2_war_thunder_line_of_contact\crop_0029.jpg,0.196910560131073,0.5833410024642944,unknown
uav_strike_drone_2_war_thunder_line_of_contact,data\demo\real_world_yolox_crops\train\uav_strike_drone_2_war_thunder_line_of_contact\crop_0030.jpg,0.5647732019424438,0.5833410024642944,unknown
uav_strike_drone_2_war_thunder_line_of_contact,data\demo\real_world_yolox_crops\train\uav_strike_drone_2_war_thunder_line_of_contact\crop_0031.jpg,0.48205646872520447,0.5833410024642944,unknown
uav_strike_drone_2_war_thunder_line_of_contact,data\demo\real_world_yolox_crops\train\uav_strike_drone_2_war_thunder_line_of_contact\crop_0032.jpg,0.37420523166656494,0.5833410024642944,unknown
uav_strike_drone_2_war_thunder_line_of_contact,data\demo\real_world_yolox_crops\train\uav_strike_drone_2_war_thunder_line_of_contact\crop_0033.jpg,0.19851955771446228,0.5833410024642944,unknown
uav_strike_drone_2_war_thunder_line_of_contact,data\demo\real_world_yolox_crops\train\uav_strike_drone_2_war_thunder_line_of_contact\crop_0034.jpg,0.2040947675704956,0.5833410024642944,unknown
uav_strike_drone_2_war_thunder_line_of_contact,data\demo\real_world_yolox_crops\train\uav_strike_drone_2_war_thunder_line_of_contact\crop_0035.jpg,0.09143844246864319,0.5833410024642944,unknown
uav_strike_drone_2_war_thunder_line_of_contact,data\demo\real_world_yolox_crops\train\uav_strike_drone_2_war_thunder_line_of_contact\crop_0036.jpg,0.03324520215392113,0.5833410024642944,unknown
uav_strike_drone_2_war_thunder_line_of_contact,data\demo\real_world_yolox_crops\train\uav_strike_drone_2_war_thunder_line_of_contact\crop_0037.jpg,0.23235107958316803,0.5833410024642944,unknown
uav_strike_drone_2_war_thunder_line_of_contact,data\demo\real_world_yolox_crops\train\uav_strike_drone_2_war_thunder_line_of_contact\crop_0038.jpg,-0.12332340329885483,0.5833410024642944,unknown
uav_strike_drone_2_war_thunder_line_of_contact,data\demo\real_world_yolox_crops\train\uav_strike_drone_2_war_thunder_line_of_contact\crop_0039.jpg,0.10109364986419678,0.5833410024642944,unknown
uav_strike_drone_2_war_thunder_line_of_contact,data\demo\real_world_yolox_crops\train\uav_strike_drone_2_war_thunder_line_of_contact\crop_0040.jpg,0.4194771647453308,0.5833410024642944,unknown
uav_strike_drone_2_war_thunder_line_of_contact,data\demo\real_world_yolox_crops\train\uav_strike_drone_2_war_thunder_line_of_contact\crop_0041.jpg,0.29497694969177246,0.5833410024642944,unknown
uav_strike_drone_2_war_thunder_line_of_contact,data\demo\real_world_yolox_crops\train\uav_strike_drone_2_war_thunder_line_of_contact\crop_0042.jpg,0.6507924199104309,0.5833410024642944,unknown
uav_strike_drone_2_war_thunder_line_of_contact,data\demo\real_world_yolox_crops\train\uav_strike_drone_2_war_thunder_line_of_contact\crop_0043.jpg,0.5361106991767883,0.5833410024642944,unknown
uav_strike_drone_2_war_thunder_line_of_contact,data\demo\real_world_yolox_crops\train\uav_strike_drone_2_war_thunder_line_of_contact\crop_0044.jpg,0.2793765068054199,0.5833410024642944,unknown
uav_strike_drone_2_war_thunder_line_of_contact,data\demo\real_world_yolox_crops\train\uav_strike_drone_2_war_thunder_line_of_contact\crop_0045.jpg,0.2640717625617981,0.5833410024642944,unknown
uav_strike_drone_2_war_thunder_line_of_contact,data\demo\real_world_yolox_crops\train\uav_strike_drone_2_war_thunder_line_of_contact\crop_0046.jpg,0.20178966224193573,0.5833410024642944,unknown
uav_strike_drone_2_war_thunder_line_of_contact,data\demo\real_world_yolox_crops\train\uav_strike_drone_2_war_thunder_line_of_contact\crop_0047.jpg,0.02818242274224758,0.5833410024642944,unknown
uav_strike_drone_2_war_thunder_line_of_contact,data\demo\real_world_yolox_crops\train\uav_strike_drone_2_war_thunder_line_of_contact\crop_0048.jpg,-0.0022843051701784134,0.5833410024642944,unknown
uav_strike_drone_2_war_thunder_line_of_contact,data\demo\real_world_yolox_crops\train\uav_strike_drone_2_war_thunder_line_of_contact\crop_0049.jpg,0.29550233483314514,0.5833410024642944,unknown
uav_strike_drone_2_war_thunder_line_of_contact,data\demo\real_world_yolox_crops\train\uav_strike_drone_2_war_thunder_line_of_contact\crop_0050.jpg,-0.09922938048839569,0.5833410024642944,unknown
uav_strike_drone_2_war_thunder_line_of_contact,data\demo\real_world_yolox_crops\train\uav_strike_drone_2_war_thunder_line_of_contact\crop_0051.jpg,0.12474895268678665,0.5833410024642944,unknown
uav_strike_drone_2_war_thunder_line_of_contact,data\demo\real_world_yolox_crops\train\uav_strike_drone_2_war_thunder_line_of_contact\crop_0052.jpg,-0.11209167540073395,0.5833410024642944,unknown
uav_strike_drone_2_war_thunder_line_of_contact,data\demo\real_world_yolox_crops\train\uav_strike_drone_2_war_thunder_line_of_contact\crop_0053.jpg,0.16470366716384888,0.5833410024642944,unknown
uav_strike_drone_2_war_thunder_line_of_contact,data\demo\real_world_yolox_crops\train\uav_strike_drone_2_war_thunder_line_of_contact\crop_0054.jpg,0.197678804397583,0.5833410024642944,unknown
uav_strike_drone_2_war_thunder_line_of_contact,data\demo\real_world_yolox_crops\train\uav_strike_drone_2_war_thunder_line_of_contact\crop_0055.jpg,0.27073657512664795,0.5833410024642944,unknown
uav_strike_drone_2_war_thunder_line_of_contact,data\demo\real_world_yolox_crops\train\uav_strike_drone_2_war_thunder_line_of_contact\crop_0056.jpg,0.2445683628320694,0.5833410024642944,unknown
uav_strike_drone_2_war_thunder_line_of_contact,data\demo\real_world_yolox_crops\train\uav_strike_drone_2_war_thunder_line_of_contact\crop_0057.jpg,0.21972794830799103,0.5833410024642944,unknown
uav_strike_drone_2_war_thunder_line_of_contact,data\demo\real_world_yolox_crops\train\uav_strike_drone_2_war_thunder_line_of_contact\crop_0058.jpg,0.5883287191390991,0.5833410024642944,unknown
uav_strike_drone_2_war_thunder_line_of_contact,data\demo\real_world_yolox_crops\train\uav_strike_drone_2_war_thunder_line_of_contact\crop_0059.jpg,0.14754340052604675,0.5833410024642944,unknown
uav_strike_drone_2_war_thunder_line_of_contact,data\demo\real_world_yolox_crops\train\uav_strike_drone_2_war_thunder_line_of_contact\crop_0060.jpg,0.22728043794631958,0.5833410024642944,unknown
uav_strike_drone_2_war_thunder_line_of_contact,data\demo\real_world_yolox_crops\train\uav_strike_drone_2_war_thunder_line_of_contact\crop_0061.jpg,0.20249690115451813,0.5833410024642944,unknown
uav_strike_drone_2_war_thunder_line_of_contact,data\demo\real_world_yolox_crops\train\uav_strike_drone_2_war_thunder_line_of_contact\crop_0062.jpg,0.0700339525938034,0.5833410024642944,unknown
uav_strike_drone_2_war_thunder_line_of_contact,data\demo\real_world_yolox_crops\train\uav_strike_drone_2_war_thunder_line_of_contact\crop_0063.jpg,0.042262084782123566,0.5833410024642944,unknown
uav_strike_drone_2_war_thunder_line_of_contact,data\demo\real_world_yolox_crops\train\uav_strike_drone_2_war_thunder_line_of_contact\crop_0064.jpg,0.03208427131175995,0.5833410024642944,unknown
uav_strike_drone_2_war_thunder_line_of_contact,data\demo\real_world_yolox_crops\train\uav_strike_drone_2_war_thunder_line_of_contact\crop_0065.jpg,0.4080820679664612,0.5833410024642944,unknown
uav_strike_drone_2_war_thunder_line_of_contact,data\demo\real_world_yolox_crops\train\uav_strike_drone_2_war_thunder_line_of_contact\crop_0066.jpg,-0.0890718549489975,0.5833410024642944,unknown
uav_strike_drone_2_war_thunder_line_of_contact,data\demo\real_world_yolox_crops\train\uav_strike_drone_2_war_thunder_line_of_contact\crop_0067.jpg,0.01028597541153431,0.5833410024642944,unknown
uav_strike_drone_2_war_thunder_line_of_contact,data\demo\real_world_yolox_crops\train\uav_strike_drone_2_war_thunder_line_of_contact\crop_0068.jpg,0.4782988429069519,0.5833410024642944,unknown
uav_strike_drone_2_war_thunder_line_of_contact,data\demo\real_world_yolox_crops\train\uav_strike_drone_2_war_thunder_line_of_contact\crop_0069.jpg,-0.025415273383259773,0.5833410024642944,unknown
uav_strike_drone_2_war_thunder_line_of_contact,data\demo\real_world_yolox_crops\train\uav_strike_drone_2_war_thunder_line_of_contact\crop_0070.jpg,0.25217944383621216,0.5833410024642944,unknown
uav_strike_drone_2_war_thunder_line_of_contact,data\demo\real_world_yolox_crops\train\uav_strike_drone_2_war_thunder_line_of_contact\crop_0071.jpg,0.1956159919500351,0.5833410024642944,unknown
uav_strike_drone_2_war_thunder_line_of_contact,data\demo\real_world_yolox_crops\train\uav_strike_drone_2_war_thunder_line_of_contact\crop_0072.jpg,0.10526502877473831,0.5833410024642944,unknown
uav_strike_drone_2_war_thunder_line_of_contact,data\demo\real_world_yolox_crops\train\uav_strike_drone_2_war_thunder_line_of_contact\crop_0073.jpg,-0.266358345746994,0.5833410024642944,unknown
uav_strike_drone_2_war_thunder_line_of_contact,data\demo\real_world_yolox_crops\train\uav_strike_drone_2_war_thunder_line_of_contact\crop_0074.jpg,-0.006956389173865318,0.5833410024642944,unknown
uav_strike_drone_2_war_thunder_line_of_contact,data\demo\real_world_yolox_crops\train\uav_strike_drone_2_war_thunder_line_of_contact\crop_0075.jpg,0.42250290513038635,0.5833410024642944,unknown
uav_strike_drone_2_war_thunder_line_of_contact,data\demo\real_world_yolox_crops\train\uav_strike_drone_2_war_thunder_line_of_contact\crop_0076.jpg,0.0908251702785492,0.5833410024642944,unknown
uav_strike_drone_2_war_thunder_line_of_contact,data\demo\real_world_yolox_crops\train\uav_strike_drone_2_war_thunder_line_of_contact\crop_0077.jpg,-0.049930840730667114,0.5833410024642944,unknown
uav_strike_drone_2_war_thunder_line_of_contact,data\demo\real_world_yolox_crops\train\uav_strike_drone_2_war_thunder_line_of_contact\crop_0078.jpg,0.23564495146274567,0.5833410024642944,unknown
uav_strike_drone_2_war_thunder_line_of_contact,data\demo\real_world_yolox_crops\train\uav_strike_drone_2_war_thunder_line_of_contact\crop_0079.jpg,0.00734667107462883,0.5833410024642944,unknown
uav_strike_drone_2_war_thunder_line_of_contact,data\demo\real_world_yolox_crops\train\uav_strike_drone_2_war_thunder_line_of_contact\crop_0080.jpg,0.0336478129029274,0.5833410024642944,unknown
uav_strike_drone_2_war_thunder_line_of_contact,data\demo\real_world_yolox_crops\train\uav_strike_drone_2_war_thunder_line_of_contact\crop_0081.jpg,-0.07568957656621933,0.5833410024642944,unknown
uav_strike_drone_2_war_thunder_line_of_contact,data\demo\real_world_yolox_crops\train\uav_strike_drone_2_war_thunder_line_of_contact\crop_0082.jpg,-0.18285046517848969,0.5833410024642944,unknown
uav_strike_drone_2_war_thunder_line_of_contact,data\demo\real_world_yolox_crops\train\uav_strike_drone_2_war_thunder_line_of_contact\crop_0083.jpg,-0.027123568579554558,0.5833410024642944,unknown
uav_strike_drone_2_war_thunder_line_of_contact,data\demo\real_world_yolox_crops\train\uav_strike_drone_2_war_thunder_line_of_contact\crop_0084.jpg,0.15574072301387787,0.5833410024642944,unknown
uj-32_lastvika_uav,data\demo\real_world_yolox_crops\train\uj-32_lastvika_uav\crop_0000.jpg,-0.010715559124946594,0.5699902772903442,unknown
uj-32_lastvika_uav,data\demo\real_world_yolox_crops\train\uj-32_lastvika_uav\crop_0001.jpg,-0.23823174834251404,0.5699902772903442,unknown
uj-32_lastvika_uav,data\demo\real_world_yolox_crops\train\uj-32_lastvika_uav\crop_0002.jpg,0.21637137234210968,0.5699902772903442,unknown
uj-32_lastvika_uav,data\demo\real_world_yolox_crops\train\uj-32_lastvika_uav\crop_0003.jpg,0.1345900148153305,0.5699902772903442,unknown
uj-32_lastvika_uav,data\demo\real_world_yolox_crops\train\uj-32_lastvika_uav\crop_0004.jpg,0.02186626009643078,0.5699902772903442,unknown
uj-32_lastvika_uav,data\demo\real_world_yolox_crops\train\uj-32_lastvika_uav\crop_0005.jpg,-0.08721157908439636,0.5699902772903442,unknown
uj-32_lastvika_uav,data\demo\real_world_yolox_crops\train\uj-32_lastvika_uav\crop_0006.jpg,-0.11756528913974762,0.5699902772903442,unknown
uj-32_lastvika_uav,data\demo\real_world_yolox_crops\train\uj-32_lastvika_uav\crop_0007.jpg,0.2328997254371643,0.5699902772903442,unknown
uj-32_lastvika_uav,data\demo\real_world_yolox_crops\train\uj-32_lastvika_uav\crop_0008.jpg,-0.00618121400475502,0.5699902772903442,unknown
uj-32_lastvika_uav,data\demo\real_world_yolox_crops\train\uj-32_lastvika_uav\crop_0009.jpg,0.10283780097961426,0.5699902772903442,unknown
uj-32_lastvika_uav,data\demo\real_world_yolox_crops\train\uj-32_lastvika_uav\crop_0010.jpg,0.23458263278007507,0.5699902772903442,unknown
uj-32_lastvika_uav,data\demo\real_world_yolox_crops\train\uj-32_lastvika_uav\crop_0011.jpg,0.08966729789972305,0.5699902772903442,unknown
uj-32_lastvika_uav,data\demo\real_world_yolox_crops\train\uj-32_lastvika_uav\crop_0012.jpg,-0.08063699305057526,0.5699902772903442,unknown
uj-32_lastvika_uav,data\demo\real_world_yolox_crops\train\uj-32_lastvika_uav\crop_0013.jpg,0.16171835362911224,0.5699902772903442,unknown
uj-32_lastvika_uav,data\demo\real_world_yolox_crops\train\uj-32_lastvika_uav\crop_0014.jpg,0.12120292335748672,0.5699902772903442,unknown
uj-32_lastvika_uav,data\demo\real_world_yolox_crops\train\uj-32_lastvika_uav\crop_0015.jpg,-0.22904296219348907,0.5699902772903442,unknown
uj-32_lastvika_uav,data\demo\real_world_yolox_crops\train\uj-32_lastvika_uav\crop_0016.jpg,-0.008689690381288528,0.5699902772903442,unknown
uj-32_lastvika_uav,data\demo\real_world_yolox_crops\train\uj-32_lastvika_uav\crop_0017.jpg,-0.24293677508831024,0.5699902772903442,unknown
uj-32_lastvika_uav,data\demo\real_world_yolox_crops\train\uj-32_lastvika_uav\crop_0018.jpg,0.10923735797405243,0.5699902772903442,unknown
uj-32_lastvika_uav,data\demo\real_world_yolox_crops\train\uj-32_lastvika_uav\crop_0019.jpg,0.28764596581459045,0.5699902772903442,unknown
uj-32_lastvika_uav,data\demo\real_world_yolox_crops\train\uj-32_lastvika_uav\crop_0020.jpg,0.14794011414051056,0.5699902772903442,unknown
uj-32_lastvika_uav,data\demo\real_world_yolox_crops\train\uj-32_lastvika_uav\crop_0021.jpg,0.24731503427028656,0.5699902772903442,unknown
uj-32_lastvika_uav,data\demo\real_world_yolox_crops\train\uj-32_lastvika_uav\crop_0022.jpg,-0.2579524517059326,0.5699902772903442,unknown
uj-32_lastvika_uav,data\demo\real_world_yolox_crops\train\uj-32_lastvika_uav\crop_0023.jpg,0.422037273645401,0.5699902772903442,unknown
uj-32_lastvika_uav,data\demo\real_world_yolox_crops\train\uj-32_lastvika_uav\crop_0024.jpg,-0.06792396306991577,0.5699902772903442,unknown
uj-32_lastvika_uav,data\demo\real_world_yolox_crops\train\uj-32_lastvika_uav\crop_0025.jpg,-0.26645711064338684,0.5699902772903442,unknown
uj-32_lastvika_uav,data\demo\real_world_yolox_crops\train\uj-32_lastvika_uav\crop_0026.jpg,-0.17167317867279053,0.5699902772903442,unknown
uj-32_lastvika_uav,data\demo\real_world_yolox_crops\train\uj-32_lastvika_uav\crop_0027.jpg,-0.09306679666042328,0.5699902772903442,unknown
uj-32_lastvika_uav,data\demo\real_world_yolox_crops\train\uj-32_lastvika_uav\crop_0028.jpg,-0.22735947370529175,0.5699902772903442,unknown
uj-32_lastvika_uav,data\demo\real_world_yolox_crops\train\uj-32_lastvika_uav\crop_0029.jpg,0.13444024324417114,0.5699902772903442,unknown
uj-32_lastvika_uav,data\demo\real_world_yolox_crops\train\uj-32_lastvika_uav\crop_0030.jpg,0.6494501829147339,0.5699902772903442,unknown
uj-32_lastvika_uav,data\demo\real_world_yolox_crops\train\uj-32_lastvika_uav\crop_0031.jpg,0.5224505662918091,0.5699902772903442,unknown
uj-32_lastvika_uav,data\demo\real_world_yolox_crops\train\uj-32_lastvika_uav\crop_0032.jpg,0.5822646617889404,0.5699902772903442,unknown
uj-32_lastvika_uav,data\demo\real_world_yolox_crops\train\uj-32_lastvika_uav\crop_0033.jpg,-0.0803719162940979,0.5699902772903442,unknown
uj-32_lastvika_uav,data\demo\real_world_yolox_crops\train\uj-32_lastvika_uav\crop_0034.jpg,0.39583051204681396,0.5699902772903442,unknown
uj-32_lastvika_uav,data\demo\real_world_yolox_crops\train\uj-32_lastvika_uav\crop_0035.jpg,0.20076993107795715,0.5699902772903442,unknown
uj-32_lastvika_uav,data\demo\real_world_yolox_crops\train\uj-32_lastvika_uav\crop_0036.jpg,-0.06529330462217331,0.5699902772903442,unknown
uj-32_lastvika_uav,data\demo\real_world_yolox_crops\train\uj-32_lastvika_uav\crop_0037.jpg,-0.1424533873796463,0.5699902772903442,unknown
uj-32_lastvika_uav,data\demo\real_world_yolox_crops\train\uj-32_lastvika_uav\crop_0038.jpg,0.10979409515857697,0.5699902772903442,unknown
uj-32_lastvika_uav,data\demo\real_world_yolox_crops\train\uj-32_lastvika_uav\crop_0039.jpg,-0.25440704822540283,0.5699902772903442,unknown
uj-32_lastvika_uav,data\demo\real_world_yolox_crops\train\uj-32_lastvika_uav\crop_0040.jpg,0.011490331962704659,0.5699902772903442,unknown
uj-32_lastvika_uav,data\demo\real_world_yolox_crops\train\uj-32_lastvika_uav\crop_0041.jpg,0.09640732407569885,0.5699902772903442,unknown
uj-32_lastvika_uav,data\demo\real_world_yolox_crops\train\uj-32_lastvika_uav\crop_0042.jpg,-0.030122846364974976,0.5699902772903442,unknown
uj-32_lastvika_uav,data\demo\real_world_yolox_crops\train\uj-32_lastvika_uav\crop_0043.jpg,0.2811087667942047,0.5699902772903442,unknown
uj-32_lastvika_uav,data\demo\real_world_yolox_crops\train\uj-32_lastvika_uav\crop_0044.jpg,-0.35345983505249023,0.5699902772903442,unknown
uj-32_lastvika_uav,data\demo\real_world_yolox_crops\train\uj-32_lastvika_uav\crop_0045.jpg,0.13797637820243835,0.5699902772903442,unknown
uj-32_lastvika_uav,data\demo\real_world_yolox_crops\train\uj-32_lastvika_uav\crop_0046.jpg,-0.31985312700271606,0.5699902772903442,unknown
uj-32_lastvika_uav,data\demo\real_world_yolox_crops\train\uj-32_lastvika_uav\crop_0047.jpg,-0.48367446660995483,0.5699902772903442,unknown
uj-32_lastvika_uav,data\demo\real_world_yolox_crops\train\uj-32_lastvika_uav\crop_0048.jpg,0.3400704264640808,0.5699902772903442,unknown
uj-32_lastvika_uav,data\demo\real_world_yolox_crops\train\uj-32_lastvika_uav\crop_0049.jpg,-0.31007498502731323,0.5699902772903442,unknown
uj-32_lastvika_uav,data\demo\real_world_yolox_crops\train\uj-32_lastvika_uav\crop_0050.jpg,-0.17160815000534058,0.5699902772903442,unknown
uj-32_lastvika_uav,data\demo\real_world_yolox_crops\train\uj-32_lastvika_uav\crop_0051.jpg,-0.4108806550502777,0.5699902772903442,unknown
uj-32_lastvika_uav,data\demo\real_world_yolox_crops\train\uj-32_lastvika_uav\crop_0052.jpg,-0.3126934766769409,0.5699902772903442,unknown
uj-32_lastvika_uav,data\demo\real_world_yolox_crops\train\uj-32_lastvika_uav\crop_0053.jpg,0.02481910213828087,0.5699902772903442,unknown
uj-32_lastvika_uav,data\demo\real_world_yolox_crops\train\uj-32_lastvika_uav\crop_0054.jpg,0.275185227394104,0.5699902772903442,unknown
uj-32_lastvika_uav,data\demo\real_world_yolox_crops\train\uj-32_lastvika_uav\crop_0055.jpg,0.11221273243427277,0.5699902772903442,unknown
uj-32_lastvika_uav,data\demo\real_world_yolox_crops\train\uj-32_lastvika_uav\crop_0056.jpg,0.30680811405181885,0.5699902772903442,unknown
uj-32_lastvika_uav,data\demo\real_world_yolox_crops\train\uj-32_lastvika_uav\crop_0057.jpg,0.1779342144727707,0.5699902772903442,unknown
uj-32_lastvika_uav,data\demo\real_world_yolox_crops\train\uj-32_lastvika_uav\crop_0058.jpg,-0.09786328673362732,0.5699902772903442,unknown
uj-32_lastvika_uav,data\demo\real_world_yolox_crops\train\uj-32_lastvika_uav\crop_0059.jpg,-0.11269775778055191,0.5699902772903442,unknown
uj-32_lastvika_uav,data\demo\real_world_yolox_crops\train\uj-32_lastvika_uav\crop_0060.jpg,-0.2282646894454956,0.5699902772903442,unknown
uj-32_lastvika_uav,data\demo\real_world_yolox_crops\train\uj-32_lastvika_uav\crop_0061.jpg,0.06560080498456955,0.5699902772903442,unknown
uj-32_lastvika_uav,data\demo\real_world_yolox_crops\train\uj-32_lastvika_uav\crop_0062.jpg,0.009517719969153404,0.5699902772903442,unknown
uj-32_lastvika_uav,data\demo\real_world_yolox_crops\train\uj-32_lastvika_uav\crop_0063.jpg,-0.004803741350769997,0.5699902772903442,unknown
uj-32_lastvika_uav,data\demo\real_world_yolox_crops\train\uj-32_lastvika_uav\crop_0064.jpg,0.643502414226532,0.5699902772903442,unknown
uj-32_lastvika_uav,data\demo\real_world_yolox_crops\train\uj-32_lastvika_uav\crop_0065.jpg,0.32127124071121216,0.5699902772903442,unknown
uj-32_lastvika_uav,data\demo\real_world_yolox_crops\train\uj-32_lastvika_uav\crop_0066.jpg,0.3223474323749542,0.5699902772903442,unknown
uj-32_lastvika_uav,data\demo\real_world_yolox_crops\train\uj-32_lastvika_uav\crop_0067.jpg,0.0372215136885643,0.5699902772903442,unknown
uj-32_lastvika_uav,data\demo\real_world_yolox_crops\train\uj-32_lastvika_uav\crop_0068.jpg,-0.2011520266532898,0.5699902772903442,unknown
uj-32_lastvika_uav,data\demo\real_world_yolox_crops\train\uj-32_lastvika_uav\crop_0069.jpg,0.2180367112159729,0.5699902772903442,unknown
uj-32_lastvika_uav,data\demo\real_world_yolox_crops\train\uj-32_lastvika_uav\crop_0070.jpg,-0.19697882235050201,0.5699902772903442,unknown
uj-32_lastvika_uav,data\demo\real_world_yolox_crops\train\uj-32_lastvika_uav\crop_0071.jpg,-0.2021932750940323,0.5699902772903442,unknown
uj-32_lastvika_uav,data\demo\real_world_yolox_crops\train\uj-32_lastvika_uav\crop_0072.jpg,0.18168339133262634,0.5699902772903442,unknown
uj-32_lastvika_uav,data\demo\real_world_yolox_crops\train\uj-32_lastvika_uav\crop_0073.jpg,0.41874903440475464,0.5699902772903442,unknown
uj-32_lastvika_uav,data\demo\real_world_yolox_crops\train\uj-32_lastvika_uav\crop_0074.jpg,0.45228350162506104,0.5699902772903442,unknown
uj-32_lastvika_uav,data\demo\real_world_yolox_crops\train\uj-32_lastvika_uav\crop_0075.jpg,0.032077137380838394,0.5699902772903442,unknown
uj-32_lastvika_uav,data\demo\real_world_yolox_crops\train\uj-32_lastvika_uav\crop_0076.jpg,-0.03959925100207329,0.5699902772903442,unknown
uj-32_lastvika_uav,data\demo\real_world_yolox_crops\train\uj-32_lastvika_uav\crop_0077.jpg,0.1717292070388794,0.5699902772903442,unknown
uj-32_lastvika_uav,data\demo\real_world_yolox_crops\train\uj-32_lastvika_uav\crop_0078.jpg,0.07099130749702454,0.5699902772903442,unknown
uj-32_lastvika_uav,data\demo\real_world_yolox_crops\train\uj-32_lastvika_uav\crop_0079.jpg,0.35863929986953735,0.5699902772903442,unknown
uj-32_lastvika_uav,data\demo\real_world_yolox_crops\train\uj-32_lastvika_uav\crop_0080.jpg,-0.18821817636489868,0.5699902772903442,unknown
uj-32_lastvika_uav,data\demo\real_world_yolox_crops\train\uj-32_lastvika_uav\crop_0081.jpg,0.02562142349779606,0.5699902772903442,unknown
uj-32_lastvika_uav,data\demo\real_world_yolox_crops\train\uj-32_lastvika_uav\crop_0082.jpg,-0.2664912939071655,0.5699902772903442,unknown
uj-32_lastvika_uav,data\demo\real_world_yolox_crops\train\uj-32_lastvika_uav\crop_0083.jpg,0.012050408869981766,0.5699902772903442,unknown
Ukraine_pavilion_2,data\demo\real_world_yolox_crops\train\Ukraine_pavilion_2\crop_0000.jpg,0.3452056348323822,0.5495845079421997,unknown
Ukraine_pavilion_2,data\demo\real_world_yolox_crops\train\Ukraine_pavilion_2\crop_0001.jpg,0.22313489019870758,0.5495845079421997,unknown
Ukraine_pavilion_2,data\demo\real_world_yolox_crops\train\Ukraine_pavilion_2\crop_0002.jpg,0.10286456346511841,0.5495845079421997,unknown
Ukraine_pavilion_2,data\demo\real_world_yolox_crops\train\Ukraine_pavilion_2\crop_0003.jpg,0.16624727845191956,0.5495845079421997,unknown
Ukraine_pavilion_2,data\demo\real_world_yolox_crops\train\Ukraine_pavilion_2\crop_0004.jpg,0.06930744647979736,0.5495845079421997,unknown
Ukraine_pavilion_2,data\demo\real_world_yolox_crops\train\Ukraine_pavilion_2\crop_0005.jpg,0.34630587697029114,0.5495845079421997,unknown
Ukraine_pavilion_2,data\demo\real_world_yolox_crops\train\Ukraine_pavilion_2\crop_0006.jpg,0.0348200760781765,0.5495845079421997,unknown
Ukraine_pavilion_2,data\demo\real_world_yolox_crops\train\Ukraine_pavilion_2\crop_0007.jpg,0.13825258612632751,0.5495845079421997,unknown
Ukraine_pavilion_2,data\demo\real_world_yolox_crops\train\Ukraine_pavilion_2\crop_0008.jpg,0.17746354639530182,0.5495845079421997,unknown
Ukraine_pavilion_2,data\demo\real_world_yolox_crops\train\Ukraine_pavilion_2\crop_0009.jpg,0.5402969717979431,0.5495845079421997,unknown
Ukraine_pavilion_2,data\demo\real_world_yolox_crops\train\Ukraine_pavilion_2\crop_0010.jpg,0.5384804010391235,0.5495845079421997,unknown
Ukraine_pavilion_2,data\demo\real_world_yolox_crops\train\Ukraine_pavilion_2\crop_0011.jpg,-0.022965870797634125,0.5495845079421997,unknown
Ukraine_pavilion_2,data\demo\real_world_yolox_crops\train\Ukraine_pavilion_2\crop_0012.jpg,0.261308491230011,0.5495845079421997,unknown
Ukraine_pavilion_2,data\demo\real_world_yolox_crops\train\Ukraine_pavilion_2\crop_0013.jpg,0.23090744018554688,0.5495845079421997,unknown
Ukraine_pavilion_2,data\demo\real_world_yolox_crops\train\Ukraine_pavilion_2\crop_0014.jpg,0.504845380783081,0.5495845079421997,unknown
Ukraine_pavilion_2,data\demo\real_world_yolox_crops\train\Ukraine_pavilion_2\crop_0015.jpg,0.41076168417930603,0.5495845079421997,unknown
Ukraine_pavilion_2,data\demo\real_world_yolox_crops\train\Ukraine_pavilion_2\crop_0016.jpg,0.4898729622364044,0.5495845079421997,unknown
Ukraine_pavilion_2,data\demo\real_world_yolox_crops\train\Ukraine_pavilion_2\crop_0017.jpg,0.18108153343200684,0.5495845079421997,unknown
Ukraine_pavilion_2,data\demo\real_world_yolox_crops\train\Ukraine_pavilion_2\crop_0018.jpg,0.22039109468460083,0.5495845079421997,unknown
Ukraine_pavilion_2,data\demo\real_world_yolox_crops\train\Ukraine_pavilion_2\crop_0019.jpg,0.43820127844810486,0.5495845079421997,unknown
Ukraine_pavilion_2,data\demo\real_world_yolox_crops\train\Ukraine_pavilion_2\crop_0020.jpg,0.1453520953655243,0.5495845079421997,unknown
Ukraine_pavilion_2,data\demo\real_world_yolox_crops\train\Ukraine_pavilion_2\crop_0021.jpg,0.6744268536567688,0.5495845079421997,unknown
Ukraine_poseidon,data\demo\real_world_yolox_crops\train\Ukraine_poseidon\crop_0000.jpg,0.4376588761806488,0.6461254358291626,MATCH
Ukraine_poseidon,data\demo\real_world_yolox_crops\train\Ukraine_poseidon\crop_0001.jpg,0.5781439542770386,0.6461254358291626,MATCH
Ukraine_poseidon,data\demo\real_world_yolox_crops\train\Ukraine_poseidon\crop_0002.jpg,0.1891092211008072,0.6461254358291626,MATCH
Ukraine_poseidon,data\demo\real_world_yolox_crops\train\Ukraine_poseidon\crop_0003.jpg,0.43535804748535156,0.6461254358291626,MATCH
Ukraine_poseidon,data\demo\real_world_yolox_crops\train\Ukraine_poseidon\crop_0004.jpg,0.05131562426686287,0.6461254358291626,MATCH
Ukraine_poseidon,data\demo\real_world_yolox_crops\train\Ukraine_poseidon\crop_0005.jpg,0.10667866468429565,0.6461254358291626,MATCH
Ukraine_poseidon,data\demo\real_world_yolox_crops\train\Ukraine_poseidon\crop_0006.jpg,0.4285513758659363,0.6461254358291626,MATCH
Ukraine_poseidon,data\demo\real_world_yolox_crops\train\Ukraine_poseidon\crop_0007.jpg,0.772041916847229,0.6461254358291626,MATCH
Ukraine_poseidon,data\demo\real_world_yolox_crops\train\Ukraine_poseidon\crop_0008.jpg,0.27896958589553833,0.6461254358291626,MATCH
Ukraine_poseidon,data\demo\real_world_yolox_crops\train\Ukraine_poseidon\crop_0009.jpg,0.16363298892974854,0.6461254358291626,MATCH
Ukraine_poseidon,data\demo\real_world_yolox_crops\train\Ukraine_poseidon\crop_0010.jpg,0.5465328097343445,0.6461254358291626,MATCH
Ukraine_poseidon,data\demo\real_world_yolox_crops\train\Ukraine_poseidon\crop_0011.jpg,0.45281922817230225,0.6461254358291626,MATCH
Ukraine_poseidon,data\demo\real_world_yolox_crops\train\Ukraine_poseidon\crop_0012.jpg,0.31712615489959717,0.6461254358291626,MATCH
Ukraine_poseidon,data\demo\real_world_yolox_crops\train\Ukraine_poseidon\crop_0013.jpg,0.4095876216888428,0.6461254358291626,MATCH
Ukraine_poseidon,data\demo\real_world_yolox_crops\train\Ukraine_poseidon\crop_0014.jpg,0.35779130458831787,0.6461254358291626,MATCH
Ukraine_poseidon,data\demo\real_world_yolox_crops\train\Ukraine_poseidon\crop_0015.jpg,0.48515504598617554,0.6461254358291626,MATCH
Ukraine_poseidon,data\demo\real_world_yolox_crops\train\Ukraine_poseidon\crop_0016.jpg,0.5369269847869873,0.6461254358291626,MATCH
Ukraine_poseidon,data\demo\real_world_yolox_crops\train\Ukraine_poseidon\crop_0017.jpg,0.528984010219574,0.6461254358291626,MATCH
Ukraine_poseidon,data\demo\real_world_yolox_crops\train\Ukraine_poseidon\crop_0018.jpg,0.7757277488708496,0.6461254358291626,MATCH
Ukraine_poseidon,data\demo\real_world_yolox_crops\train\Ukraine_poseidon\crop_0019.jpg,0.10104629397392273,0.6461254358291626,MATCH
Ukraine_poseidon,data\demo\real_world_yolox_crops\train\Ukraine_poseidon\crop_0020.jpg,0.09923113882541656,0.6461254358291626,MATCH
Ukraine_poseidon,data\demo\real_world_yolox_crops\train\Ukraine_poseidon\crop_0021.jpg,0.42183563113212585,0.6461254358291626,MATCH
Ukraine_poseidon,data\demo\real_world_yolox_crops\train\Ukraine_poseidon\crop_0022.jpg,0.5581806302070618,0.6461254358291626,MATCH
zala_421_16e2,data\demo\real_world_yolox_crops\train\zala_421_16e2\crop_0000.jpg,0.08568087965250015,0.427494615316391,unknown
zala_421_16e2,data\demo\real_world_yolox_crops\train\zala_421_16e2\crop_0001.jpg,0.2612837553024292,0.427494615316391,unknown
zala_421_16e2,data\demo\real_world_yolox_crops\train\zala_421_16e2\crop_0002.jpg,0.040412645787000656,0.427494615316391,unknown
zala_421_16e2,data\demo\real_world_yolox_crops\train\zala_421_16e2\crop_0003.jpg,0.04044360667467117,0.427494615316391,unknown
zala_421_16e2,data\demo\real_world_yolox_crops\train\zala_421_16e2\crop_0004.jpg,0.36664456129074097,0.427494615316391,unknown
zala_421_16e2,data\demo\real_world_yolox_crops\train\zala_421_16e2\crop_0005.jpg,0.029616408050060272,0.427494615316391,unknown
zala_421_16e2,data\demo\real_world_yolox_crops\train\zala_421_16e2\crop_0006.jpg,-0.17052564024925232,0.427494615316391,unknown
zala_421_16e2,data\demo\real_world_yolox_crops\train\zala_421_16e2\crop_0007.jpg,0.2173781394958496,0.427494615316391,unknown
zala_421_16e2,data\demo\real_world_yolox_crops\train\zala_421_16e2\crop_0008.jpg,0.016500085592269897,0.427494615316391,unknown
zala_421_16e2,data\demo\real_world_yolox_crops\train\zala_421_16e2\crop_0009.jpg,0.16375011205673218,0.427494615316391,unknown
zala_421_16e2,data\demo\real_world_yolox_crops\train\zala_421_16e2\crop_0010.jpg,0.02218504622578621,0.427494615316391,unknown
zala_421_16e2,data\demo\real_world_yolox_crops\train\zala_421_16e2\crop_0011.jpg,0.1836054027080536,0.427494615316391,unknown
zala_421_16e2,data\demo\real_world_yolox_crops\train\zala_421_16e2\crop_0012.jpg,0.0427064448595047,0.427494615316391,unknown
zala_421_16e2,data\demo\real_world_yolox_crops\train\zala_421_16e2\crop_0013.jpg,0.05321923643350601,0.427494615316391,unknown
zala_421_16e2,data\demo\real_world_yolox_crops\train\zala_421_16e2\crop_0014.jpg,0.09071625769138336,0.427494615316391,unknown
zala_421_16e2,data\demo\real_world_yolox_crops\train\zala_421_16e2\crop_0015.jpg,0.10703835636377335,0.427494615316391,unknown
zala_421_16e2,data\demo\real_world_yolox_crops\train\zala_421_16e2\crop_0016.jpg,0.13357579708099365,0.427494615316391,unknown
zala_421_16e2,data\demo\real_world_yolox_crops\train\zala_421_16e2\crop_0017.jpg,0.20879435539245605,0.427494615316391,unknown
zala_421_16e2,data\demo\real_world_yolox_crops\train\zala_421_16e2\crop_0018.jpg,0.21793797612190247,0.427494615316391,unknown
zala_421_16e2,data\demo\real_world_yolox_crops\train\zala_421_16e2\crop_0019.jpg,0.0011824741959571838,0.427494615316391,unknown
zala_421_16e2,data\demo\real_world_yolox_crops\train\zala_421_16e2\crop_0020.jpg,0.055810581892728806,0.427494615316391,unknown
zala_421_16e2,data\demo\real_world_yolox_crops\train\zala_421_16e2\crop_0021.jpg,-0.043224066495895386,0.427494615316391,unknown
zala_421_16e2,data\demo\real_world_yolox_crops\train\zala_421_16e2\crop_0022.jpg,0.34271153807640076,0.427494615316391,unknown
zala_421_16e2,data\demo\real_world_yolox_crops\train\zala_421_16e2\crop_0023.jpg,0.12018062174320221,0.427494615316391,unknown
zala_421_16e2,data\demo\real_world_yolox_crops\train\zala_421_16e2\crop_0024.jpg,0.11565616726875305,0.427494615316391,unknown
zala_421_16e2,data\demo\real_world_yolox_crops\train\zala_421_16e2\crop_0025.jpg,-0.18018043041229248,0.427494615316391,unknown
zala_421_16e2,data\demo\real_world_yolox_crops\train\zala_421_16e2\crop_0026.jpg,0.09742114692926407,0.427494615316391,unknown
zala_421_16e2,data\demo\real_world_yolox_crops\train\zala_421_16e2\crop_0027.jpg,0.06475190073251724,0.427494615316391,unknown
zala_421_16e2,data\demo\real_world_yolox_crops\train\zala_421_16e2\crop_0028.jpg,0.12898766994476318,0.427494615316391,unknown
zala_421_16e2,data\demo\real_world_yolox_crops\train\zala_421_16e2\crop_0029.jpg,0.2524350881576538,0.427494615316391,unknown
zala_421_16e2,data\demo\real_world_yolox_crops\train\zala_421_16e2\crop_0030.jpg,0.09220723062753677,0.427494615316391,unknown
zala_421_16e2,data\demo\real_world_yolox_crops\train\zala_421_16e2\crop_0031.jpg,0.08178174495697021,0.427494615316391,unknown
zala_421_16e2,data\demo\real_world_yolox_crops\train\zala_421_16e2\crop_0032.jpg,-0.10562898218631744,0.427494615316391,unknown
zala_421_16e2,data\demo\real_world_yolox_crops\train\zala_421_16e2\crop_0033.jpg,0.09150801599025726,0.427494615316391,unknown
zala_421_16e2,data\demo\real_world_yolox_crops\train\zala_421_16e2\crop_0034.jpg,0.4733031392097473,0.427494615316391,unknown
zala_421_16e2,data\demo\real_world_yolox_crops\train\zala_421_16e2\crop_0035.jpg,0.32925909757614136,0.427494615316391,unknown
zala_421_16e2,data\demo\real_world_yolox_crops\train\zala_421_16e2\crop_0036.jpg,0.2733129858970642,0.427494615316391,unknown
zala_421_16e2,data\demo\real_world_yolox_crops\train\zala_421_16e2\crop_0037.jpg,0.03686855733394623,0.427494615316391,unknown
zala_421_16e2,data\demo\real_world_yolox_crops\train\zala_421_16e2\crop_0038.jpg,0.14699199795722961,0.427494615316391,unknown
zala_421_16e2,data\demo\real_world_yolox_crops\train\zala_421_16e2\crop_0039.jpg,-0.01843266189098358,0.427494615316391,unknown
zala_421_16e2,data\demo\real_world_yolox_crops\train\zala_421_16e2\crop_0040.jpg,0.4220508933067322,0.427494615316391,unknown
zala_421_16e2,data\demo\real_world_yolox_crops\train\zala_421_16e2\crop_0041.jpg,0.3225632905960083,0.427494615316391,unknown
zala_421_16e2,data\demo\real_world_yolox_crops\train\zala_421_16e2\crop_0042.jpg,0.2100905328989029,0.427494615316391,unknown
zala_421_16e2,data\demo\real_world_yolox_crops\train\zala_421_16e2\crop_0043.jpg,0.12319324910640717,0.427494615316391,unknown
zala_421_16e2,data\demo\real_world_yolox_crops\train\zala_421_16e2\crop_0044.jpg,0.010431330651044846,0.427494615316391,unknown
zala_421_16e2,data\demo\real_world_yolox_crops\train\zala_421_16e2\crop_0045.jpg,0.17086133360862732,0.427494615316391,unknown
zala_421_16e2,data\demo\real_world_yolox_crops\train\zala_421_16e2\crop_0046.jpg,0.15551213920116425,0.427494615316391,unknown
zala_421_16e2,data\demo\real_world_yolox_crops\train\zala_421_16e2\crop_0047.jpg,0.21674126386642456,0.427494615316391,unknown
zala_421_16e2,data\demo\real_world_yolox_crops\train\zala_421_16e2\crop_0048.jpg,0.057417772710323334,0.427494615316391,unknown
zala_421_16e2,data\demo\real_world_yolox_crops\train\zala_421_16e2\crop_0049.jpg,0.386180579662323,0.427494615316391,unknown
zala_421_16e2,data\demo\real_world_yolox_crops\train\zala_421_16e2\crop_0050.jpg,0.200490802526474,0.427494615316391,unknown
zala_421_16e2,data\demo\real_world_yolox_crops\train\zala_421_16e2\crop_0051.jpg,-0.13000573217868805,0.427494615316391,unknown
zala_421_16e2,data\demo\real_world_yolox_crops\train\zala_421_16e2\crop_0052.jpg,0.2604255676269531,0.427494615316391,unknown
zala_421_16e2,data\demo\real_world_yolox_crops\train\zala_421_16e2\crop_0053.jpg,0.13059192895889282,0.427494615316391,unknown
zala_421_16e2,data\demo\real_world_yolox_crops\train\zala_421_16e2\crop_0054.jpg,0.03372308239340782,0.427494615316391,unknown
zala_421_16e2,data\demo\real_world_yolox_crops\train\zala_421_16e2\crop_0055.jpg,0.17089104652404785,0.427494615316391,unknown
zala_421_16e2,data\demo\real_world_yolox_crops\train\zala_421_16e2\crop_0056.jpg,0.1805330514907837,0.427494615316391,unknown
zala_421_16e2,data\demo\real_world_yolox_crops\train\zala_421_16e2\crop_0057.jpg,0.0718342661857605,0.427494615316391,unknown
zala_421_16e2,data\demo\real_world_yolox_crops\train\zala_421_16e2\crop_0058.jpg,0.27094659209251404,0.427494615316391,unknown
zala_421_16e2,data\demo\real_world_yolox_crops\train\zala_421_16e2\crop_0059.jpg,-0.015097923576831818,0.427494615316391,unknown
zala_421_16e2,data\demo\real_world_yolox_crops\train\zala_421_16e2\crop_0060.jpg,-0.018478170037269592,0.427494615316391,unknown
zala_421_16e2,data\demo\real_world_yolox_crops\train\zala_421_16e2\crop_0061.jpg,0.12657248973846436,0.427494615316391,unknown
zala_421_16e2,data\demo\real_world_yolox_crops\train\zala_421_16e2\crop_0062.jpg,0.011109650135040283,0.427494615316391,unknown
zala_421_16e2,data\demo\real_world_yolox_crops\train\zala_421_16e2\crop_0063.jpg,0.0463811494410038,0.427494615316391,unknown
zala_421_16e2,data\demo\real_world_yolox_crops\train\zala_421_16e2\crop_0064.jpg,0.061074379831552505,0.427494615316391,unknown
zala_421_16e2,data\demo\real_world_yolox_crops\train\zala_421_16e2\crop_0065.jpg,0.0008122622966766357,0.427494615316391,unknown
zala_421_16e2,data\demo\real_world_yolox_crops\train\zala_421_16e2\crop_0066.jpg,0.08645965903997421,0.427494615316391,unknown
zala_421_16e2,data\demo\real_world_yolox_crops\train\zala_421_16e2\crop_0067.jpg,0.3337309956550598,0.427494615316391,unknown
zala_421_16e2,data\demo\real_world_yolox_crops\train\zala_421_16e2\crop_0068.jpg,-0.284844309091568,0.427494615316391,unknown
zala_421_16e2,data\demo\real_world_yolox_crops\train\zala_421_16e2\crop_0069.jpg,0.2390061467885971,0.427494615316391,unknown
zala_421_16e2,data\demo\real_world_yolox_crops\train\zala_421_16e2\crop_0070.jpg,-0.010661322623491287,0.427494615316391,unknown
zala_421_16e2,data\demo\real_world_yolox_crops\train\zala_421_16e2\crop_0071.jpg,0.48929402232170105,0.427494615316391,unknown
zala_421_16e2,data\demo\real_world_yolox_crops\train\zala_421_16e2\crop_0072.jpg,0.07165180146694183,0.427494615316391,unknown
zala_421_16e2,data\demo\real_world_yolox_crops\train\zala_421_16e2\crop_0073.jpg,0.14232900738716125,0.427494615316391,unknown
zala_421_16e2,data\demo\real_world_yolox_crops\train\zala_421_16e2\crop_0074.jpg,-0.02121414989233017,0.427494615316391,unknown
zala_421_16e2,data\demo\real_world_yolox_crops\train\zala_421_16e2\crop_0075.jpg,-0.112628273665905,0.427494615316391,unknown
zala_421_16e2,data\demo\real_world_yolox_crops\train\zala_421_16e2\crop_0076.jpg,-0.059056356549263,0.427494615316391,unknown
zala_421_16e2,data\demo\real_world_yolox_crops\train\zala_421_16e2\crop_0077.jpg,0.10249671339988708,0.427494615316391,unknown
zala_421_16e2,data\demo\real_world_yolox_crops\train\zala_421_16e2\crop_0078.jpg,0.1814381331205368,0.427494615316391,unknown
zala_421_16e2,data\demo\real_world_yolox_crops\train\zala_421_16e2\crop_0079.jpg,0.08996599912643433,0.427494615316391,unknown
zala_421_16e2,data\demo\real_world_yolox_crops\train\zala_421_16e2\crop_0080.jpg,0.08231708407402039,0.427494615316391,unknown
