candidate,image,score,folder_score,decision
attack_uav,data\demo\real_world_yolox_crops\train\attack_uav\crop_0000.jpg,-0.12145125865936279,0.638839602470398,unknown
attack_uav,data\demo\real_world_yolox_crops\train\attack_uav\crop_0001.jpg,0.18957117199897766,0.638839602470398,unknown
attack_uav,data\demo\real_world_yolox_crops\train\attack_uav\crop_0002.jpg,0.5465434789657593,0.638839602470398,unknown
attack_uav,data\demo\real_world_yolox_crops\train\attack_uav\crop_0003.jpg,-0.1093582734465599,0.638839602470398,unknown
attack_uav,data\demo\real_world_yolox_crops\train\attack_uav\crop_0004.jpg,0.3619736433029175,0.638839602470398,unknown
attack_uav,data\demo\real_world_yolox_crops\train\attack_uav\crop_0005.jpg,0.16244226694107056,0.638839602470398,unknown
attack_uav,data\demo\real_world_yolox_crops\train\attack_uav\crop_0006.jpg,0.23276777565479279,0.638839602470398,unknown
attack_uav,data\demo\real_world_yolox_crops\train\attack_uav\crop_0007.jpg,0.14316004514694214,0.638839602470398,unknown
attack_uav,data\demo\real_world_yolox_crops\train\attack_uav\crop_0008.jpg,0.0795041024684906,0.638839602470398,unknown
attack_uav,data\demo\real_world_yolox_crops\train\attack_uav\crop_0009.jpg,0.5329017043113708,0.638839602470398,unknown
attack_uav,data\demo\real_world_yolox_crops\train\attack_uav\crop_0010.jpg,0.06796211004257202,0.638839602470398,unknown
attack_uav,data\demo\real_world_yolox_crops\train\attack_uav\crop_0011.jpg,0.3534046411514282,0.638839602470398,unknown
attack_uav,data\demo\real_world_yolox_crops\train\attack_uav\crop_0012.jpg,0.09640700370073318,0.638839602470398,unknown
attack_uav,data\demo\real_world_yolox_crops\train\attack_uav\crop_0013.jpg,-0.032431963831186295,0.638839602470398,unknown
attack_uav,data\demo\real_world_yolox_crops\train\attack_uav\crop_0014.jpg,0.5519018173217773,0.638839602470398,unknown
attack_uav,data\demo\real_world_yolox_crops\train\attack_uav\crop_0015.jpg,0.14544515311717987,0.638839602470398,unknown
attack_uav,data\demo\real_world_yolox_crops\train\attack_uav\crop_0016.jpg,0.3340371251106262,0.638839602470398,unknown
attack_uav,data\demo\real_world_yolox_crops\train\attack_uav\crop_0017.jpg,0.19254222512245178,0.638839602470398,unknown
attack_uav,data\demo\real_world_yolox_crops\train\attack_uav\crop_0018.jpg,0.3282979130744934,0.638839602470398,unknown
attack_uav,data\demo\real_world_yolox_crops\train\attack_uav\crop_0019.jpg,0.09083985537290573,0.638839602470398,unknown
attack_uav,data\demo\real_world_yolox_crops\train\attack_uav\crop_0020.jpg,0.29630935192108154,0.638839602470398,unknown
attack_uav,data\demo\real_world_yolox_crops\train\attack_uav\crop_0021.jpg,0.3670393228530884,0.638839602470398,unknown
attack_uav,data\demo\real_world_yolox_crops\train\attack_uav\crop_0022.jpg,0.035623423755168915,0.638839602470398,unknown
attack_uav,data\demo\real_world_yolox_crops\train\attack_uav\crop_0023.jpg,0.14206017553806305,0.638839602470398,unknown
attack_uav,data\demo\real_world_yolox_crops\train\attack_uav\crop_0024.jpg,0.4686668813228607,0.638839602470398,unknown
attack_uav,data\demo\real_world_yolox_crops\train\attack_uav\crop_0025.jpg,0.5219656229019165,0.638839602470398,unknown
attack_uav,data\demo\real_world_yolox_crops\train\attack_uav\crop_0026.jpg,0.24481961131095886,0.638839602470398,unknown
attack_uav,data\demo\real_world_yolox_crops\train\attack_uav\crop_0027.jpg,0.0934089720249176,0.638839602470398,unknown
attack_uav,data\demo\real_world_yolox_crops\train\attack_uav\crop_0028.jpg,0.3721950650215149,0.638839602470398,unknown
attack_uav,data\demo\real_world_yolox_crops\train\attack_uav\crop_0029.jpg,0.6731552481651306,0.638839602470398,unknown
attack_uav,data\demo\real_world_yolox_crops\train\attack_uav\crop_0030.jpg,-0.02137066051363945,0.638839602470398,unknown
attack_uav,data\demo\real_world_yolox_crops\train\attack_uav\crop_0031.jpg,0.12261221557855606,0.638839602470398,unknown
attack_uav,data\demo\real_world_yolox_crops\train\attack_uav\crop_0032.jpg,0.17270193994045258,0.638839602470398,unknown
attack_uav,data\demo\real_world_yolox_crops\train\attack_uav\crop_0033.jpg,0.2670801877975464,0.638839602470398,unknown
attack_uav,data\demo\real_world_yolox_crops\train\attack_uav\crop_0034.jpg,0.47319257259368896,0.638839602470398,unknown
attack_uav,data\demo\real_world_yolox_crops\train\attack_uav\crop_0035.jpg,0.332136869430542,0.638839602470398,unknown
attack_uav,data\demo\real_world_yolox_crops\train\attack_uav\crop_0036.jpg,0.6464136242866516,0.638839602470398,unknown
attack_uav,data\demo\real_world_yolox_crops\train\attack_uav\crop_0037.jpg,0.3252438008785248,0.638839602470398,unknown
attack_uav,data\demo\real_world_yolox_crops\train\attack_uav\crop_0038.jpg,0.37294530868530273,0.638839602470398,unknown
attack_uav,data\demo\real_world_yolox_crops\train\attack_uav\crop_0039.jpg,0.15038448572158813,0.638839602470398,unknown
attack_uav,data\demo\real_world_yolox_crops\train\attack_uav\crop_0040.jpg,0.1761419028043747,0.638839602470398,unknown
attack_uav,data\demo\real_world_yolox_crops\train\attack_uav\crop_0041.jpg,0.15530018508434296,0.638839602470398,unknown
attack_uav,data\demo\real_world_yolox_crops\train\attack_uav\crop_0042.jpg,0.04776541516184807,0.638839602470398,unknown
attack_uav,data\demo\real_world_yolox_crops\train\attack_uav\crop_0043.jpg,0.26548823714256287,0.638839602470398,unknown
attack_uav,data\demo\real_world_yolox_crops\train\attack_uav\crop_0044.jpg,0.24058417975902557,0.638839602470398,unknown
attack_uav,data\demo\real_world_yolox_crops\train\attack_uav\crop_0045.jpg,0.4201042652130127,0.638839602470398,unknown
attack_uav,data\demo\real_world_yolox_crops\train\attack_uav\crop_0046.jpg,0.6881145238876343,0.638839602470398,unknown
attack_uav,data\demo\real_world_yolox_crops\train\attack_uav\crop_0047.jpg,0.13157813251018524,0.638839602470398,unknown
attack_uav,data\demo\real_world_yolox_crops\train\attack_uav\crop_0048.jpg,0.10859845578670502,0.638839602470398,unknown
attack_uav,data\demo\real_world_yolox_crops\train\attack_uav\crop_0049.jpg,0.3814985752105713,0.638839602470398,unknown
attack_uav,data\demo\real_world_yolox_crops\train\attack_uav\crop_0050.jpg,0.332668274641037,0.638839602470398,unknown
attack_uav,data\demo\real_world_yolox_crops\train\attack_uav\crop_0051.jpg,0.4150119125843048,0.638839602470398,unknown
attack_uav,data\demo\real_world_yolox_crops\train\attack_uav\crop_0052.jpg,0.21345984935760498,0.638839602470398,unknown
attack_uav,data\demo\real_world_yolox_crops\train\attack_uav\crop_0053.jpg,0.19257402420043945,0.638839602470398,unknown
attack_uav,data\demo\real_world_yolox_crops\train\attack_uav\crop_0054.jpg,0.4570634365081787,0.638839602470398,unknown
attack_uav,data\demo\real_world_yolox_crops\train\attack_uav\crop_0055.jpg,0.3331586718559265,0.638839602470398,unknown
attack_uav,data\demo\real_world_yolox_crops\train\attack_uav\crop_0056.jpg,0.6346127986907959,0.638839602470398,unknown
attack_uav,data\demo\real_world_yolox_crops\train\attack_uav\crop_0057.jpg,-0.06394524872303009,0.638839602470398,unknown
attack_uav,data\demo\real_world_yolox_crops\train\attack_uav\crop_0058.jpg,0.356306254863739,0.638839602470398,unknown
attack_uav,data\demo\real_world_yolox_crops\train\attack_uav\crop_0059.jpg,0.39262938499450684,0.638839602470398,unknown
attack_uav,data\demo\real_world_yolox_crops\train\attack_uav\crop_0060.jpg,0.36271995306015015,0.638839602470398,unknown
attack_uav,data\demo\real_world_yolox_crops\train\attack_uav\crop_0061.jpg,0.29899802803993225,0.638839602470398,unknown
attack_uav,data\demo\real_world_yolox_crops\train\attack_uav\crop_0062.jpg,0.322805255651474,0.638839602470398,unknown
baykar_bayraktar_tb2,data\demo\real_world_yolox_crops\train\baykar_bayraktar_tb2\crop_0000.jpg,0.0269450843334198,0.5333150625228882,unknown
baykar_bayraktar_tb2,data\demo\real_world_yolox_crops\train\baykar_bayraktar_tb2\crop_0001.jpg,-0.12567409873008728,0.5333150625228882,unknown
baykar_bayraktar_tb2,data\demo\real_world_yolox_crops\train\baykar_bayraktar_tb2\crop_0002.jpg,0.2396439015865326,0.5333150625228882,unknown
baykar_bayraktar_tb2,data\demo\real_world_yolox_crops\train\baykar_bayraktar_tb2\crop_0003.jpg,-0.1143839955329895,0.5333150625228882,unknown
baykar_bayraktar_tb2,data\demo\real_world_yolox_crops\train\baykar_bayraktar_tb2\crop_0004.jpg,-0.3761047124862671,0.5333150625228882,unknown
baykar_bayraktar_tb2,data\demo\real_world_yolox_crops\train\baykar_bayraktar_tb2\crop_0005.jpg,0.1921720802783966,0.5333150625228882,unknown
baykar_bayraktar_tb2,data\demo\real_world_yolox_crops\train\baykar_bayraktar_tb2\crop_0006.jpg,0.320980429649353,0.5333150625228882,unknown
baykar_bayraktar_tb2,data\demo\real_world_yolox_crops\train\baykar_bayraktar_tb2\crop_0007.jpg,0.14444737136363983,0.5333150625228882,unknown
baykar_bayraktar_tb2,data\demo\real_world_yolox_crops\train\baykar_bayraktar_tb2\crop_0008.jpg,0.036454543471336365,0.5333150625228882,unknown
baykar_bayraktar_tb2,data\demo\real_world_yolox_crops\train\baykar_bayraktar_tb2\crop_0009.jpg,0.1961498260498047,0.5333150625228882,unknown
baykar_bayraktar_tb2,data\demo\real_world_yolox_crops\train\baykar_bayraktar_tb2\crop_0010.jpg,0.3504200875759125,0.5333150625228882,unknown
baykar_bayraktar_tb2,data\demo\real_world_yolox_crops\train\baykar_bayraktar_tb2\crop_0011.jpg,-0.01910725235939026,0.5333150625228882,unknown
baykar_bayraktar_tb2,data\demo\real_world_yolox_crops\train\baykar_bayraktar_tb2\crop_0012.jpg,0.47375720739364624,0.5333150625228882,unknown
baykar_bayraktar_tb2,data\demo\real_world_yolox_crops\train\baykar_bayraktar_tb2\crop_0013.jpg,0.0889941155910492,0.5333150625228882,unknown
baykar_bayraktar_tb2,data\demo\real_world_yolox_crops\train\baykar_bayraktar_tb2\crop_0014.jpg,0.3529382348060608,0.5333150625228882,unknown
baykar_bayraktar_tb2,data\demo\real_world_yolox_crops\train\baykar_bayraktar_tb2\crop_0015.jpg,0.03146012872457504,0.5333150625228882,unknown
baykar_bayraktar_tb2,data\demo\real_world_yolox_crops\train\baykar_bayraktar_tb2\crop_0016.jpg,0.0726536437869072,0.5333150625228882,unknown
baykar_bayraktar_tb2,data\demo\real_world_yolox_crops\train\baykar_bayraktar_tb2\crop_0017.jpg,0.20683015882968903,0.5333150625228882,unknown
baykar_bayraktar_tb2,data\demo\real_world_yolox_crops\train\baykar_bayraktar_tb2\crop_0018.jpg,0.1573609858751297,0.5333150625228882,unknown
baykar_bayraktar_tb2,data\demo\real_world_yolox_crops\train\baykar_bayraktar_tb2\crop_0019.jpg,0.07053519040346146,0.5333150625228882,unknown
baykar_bayraktar_tb2,data\demo\real_world_yolox_crops\train\baykar_bayraktar_tb2\crop_0020.jpg,0.4144357740879059,0.5333150625228882,unknown
baykar_bayraktar_tb2,data\demo\real_world_yolox_crops\train\baykar_bayraktar_tb2\crop_0021.jpg,0.1309872567653656,0.5333150625228882,unknown
baykar_bayraktar_tb2,data\demo\real_world_yolox_crops\train\baykar_bayraktar_tb2\crop_0022.jpg,0.12534259259700775,0.5333150625228882,unknown
baykar_bayraktar_tb2,data\demo\real_world_yolox_crops\train\baykar_bayraktar_tb2\crop_0023.jpg,-0.06073009967803955,0.5333150625228882,unknown
baykar_bayraktar_tb2,data\demo\real_world_yolox_crops\train\baykar_bayraktar_tb2\crop_0024.jpg,0.5328332185745239,0.5333150625228882,unknown
baykar_bayraktar_tb2,data\demo\real_world_yolox_crops\train\baykar_bayraktar_tb2\crop_0025.jpg,0.30380070209503174,0.5333150625228882,unknown
baykar_bayraktar_tb2,data\demo\real_world_yolox_crops\train\baykar_bayraktar_tb2\crop_0026.jpg,0.3573748767375946,0.5333150625228882,unknown
baykar_bayraktar_tb2,data\demo\real_world_yolox_crops\train\baykar_bayraktar_tb2\crop_0027.jpg,0.1903478056192398,0.5333150625228882,unknown
baykar_bayraktar_tb2,data\demo\real_world_yolox_crops\train\baykar_bayraktar_tb2\crop_0028.jpg,0.1615724116563797,0.5333150625228882,unknown
baykar_bayraktar_tb2,data\demo\real_world_yolox_crops\train\baykar_bayraktar_tb2\crop_0029.jpg,0.33815905451774597,0.5333150625228882,unknown
baykar_bayraktar_tb2,data\demo\real_world_yolox_crops\train\baykar_bayraktar_tb2\crop_0030.jpg,0.151079922914505,0.5333150625228882,unknown
baykar_bayraktar_tb2,data\demo\real_world_yolox_crops\train\baykar_bayraktar_tb2\crop_0031.jpg,0.047181788831949234,0.5333150625228882,unknown
baykar_bayraktar_tb2,data\demo\real_world_yolox_crops\train\baykar_bayraktar_tb2\crop_0032.jpg,-0.01440054178237915,0.5333150625228882,unknown
baykar_bayraktar_tb2,data\demo\real_world_yolox_crops\train\baykar_bayraktar_tb2\crop_0033.jpg,-0.00824645534157753,0.5333150625228882,unknown
baykar_bayraktar_tb2,data\demo\real_world_yolox_crops\train\baykar_bayraktar_tb2\crop_0034.jpg,0.07115044444799423,0.5333150625228882,unknown
baykar_bayraktar_tb2,data\demo\real_world_yolox_crops\train\baykar_bayraktar_tb2\crop_0035.jpg,-0.00986817479133606,0.5333150625228882,unknown
baykar_bayraktar_tb2,data\demo\real_world_yolox_crops\train\baykar_bayraktar_tb2\crop_0036.jpg,-0.0026293471455574036,0.5333150625228882,unknown
baykar_bayraktar_tb2,data\demo\real_world_yolox_crops\train\baykar_bayraktar_tb2\crop_0037.jpg,0.033758338540792465,0.5333150625228882,unknown
baykar_bayraktar_tb2,data\demo\real_world_yolox_crops\train\baykar_bayraktar_tb2\crop_0038.jpg,0.27844420075416565,0.5333150625228882,unknown
baykar_bayraktar_tb2,data\demo\real_world_yolox_crops\train\baykar_bayraktar_tb2\crop_0039.jpg,-0.20044733583927155,0.5333150625228882,unknown
baykar_bayraktar_tb2,data\demo\real_world_yolox_crops\train\baykar_bayraktar_tb2\crop_0040.jpg,-0.07484088093042374,0.5333150625228882,unknown
baykar_bayraktar_tb2,data\demo\real_world_yolox_crops\train\baykar_bayraktar_tb2\crop_0041.jpg,0.21013207733631134,0.5333150625228882,unknown
baykar_bayraktar_tb2,data\demo\real_world_yolox_crops\train\baykar_bayraktar_tb2\crop_0042.jpg,0.263891339302063,0.5333150625228882,unknown
baykar_bayraktar_tb2,data\demo\real_world_yolox_crops\train\baykar_bayraktar_tb2\crop_0043.jpg,0.05655517429113388,0.5333150625228882,unknown
baykar_bayraktar_tb2,data\demo\real_world_yolox_crops\train\baykar_bayraktar_tb2\crop_0044.jpg,0.3853587508201599,0.5333150625228882,unknown
baykar_bayraktar_tb2,data\demo\real_world_yolox_crops\train\baykar_bayraktar_tb2\crop_0045.jpg,0.1326075792312622,0.5333150625228882,unknown
baykar_bayraktar_tb2,data\demo\real_world_yolox_crops\train\baykar_bayraktar_tb2\crop_0046.jpg,0.068790003657341,0.5333150625228882,unknown
baykar_bayraktar_tb2,data\demo\real_world_yolox_crops\train\baykar_bayraktar_tb2\crop_0047.jpg,0.010224781930446625,0.5333150625228882,unknown
baykar_bayraktar_tb2,data\demo\real_world_yolox_crops\train\baykar_bayraktar_tb2\crop_0048.jpg,0.09622900187969208,0.5333150625228882,unknown
baykar_bayraktar_tb2,data\demo\real_world_yolox_crops\train\baykar_bayraktar_tb2\crop_0049.jpg,0.23028258979320526,0.5333150625228882,unknown
baykar_bayraktar_tb2,data\demo\real_world_yolox_crops\train\baykar_bayraktar_tb2\crop_0050.jpg,0.01894400268793106,0.5333150625228882,unknown
baykar_bayraktar_tb2,data\demo\real_world_yolox_crops\train\baykar_bayraktar_tb2\crop_0051.jpg,0.20442214608192444,0.5333150625228882,unknown
baykar_bayraktar_tb2,data\demo\real_world_yolox_crops\train\baykar_bayraktar_tb2\crop_0052.jpg,0.5170788764953613,0.5333150625228882,unknown
baykar_bayraktar_tb2,data\demo\real_world_yolox_crops\train\baykar_bayraktar_tb2\crop_0053.jpg,-0.15466201305389404,0.5333150625228882,unknown
baykar_bayraktar_tb2,data\demo\real_world_yolox_crops\train\baykar_bayraktar_tb2\crop_0054.jpg,-0.00825909897685051,0.5333150625228882,unknown
baykar_bayraktar_tb2,data\demo\real_world_yolox_crops\train\baykar_bayraktar_tb2\crop_0055.jpg,0.5791170597076416,0.5333150625228882,unknown
baykar_bayraktar_tb2,data\demo\real_world_yolox_crops\train\baykar_bayraktar_tb2\crop_0056.jpg,0.032283298671245575,0.5333150625228882,unknown
baykar_bayraktar_tb2,data\demo\real_world_yolox_crops\train\baykar_bayraktar_tb2\crop_0057.jpg,-0.1570921689271927,0.5333150625228882,unknown
baykar_bayraktar_tb2,data\demo\real_world_yolox_crops\train\baykar_bayraktar_tb2\crop_0058.jpg,0.06889864057302475,0.5333150625228882,unknown
baykar_bayraktar_tb2,data\demo\real_world_yolox_crops\train\baykar_bayraktar_tb2\crop_0059.jpg,0.21112272143363953,0.5333150625228882,unknown
baykar_bayraktar_tb2,data\demo\real_world_yolox_crops\train\baykar_bayraktar_tb2\crop_0060.jpg,0.09051444381475449,0.5333150625228882,unknown
baykar_bayraktar_tb2,data\demo\real_world_yolox_crops\train\baykar_bayraktar_tb2\crop_0061.jpg,0.5424604415893555,0.5333150625228882,unknown
baykar_bayraktar_tb2,data\demo\real_world_yolox_crops\train\baykar_bayraktar_tb2\crop_0062.jpg,0.49508586525917053,0.5333150625228882,unknown
baykar_bayraktar_tb2,data\demo\real_world_yolox_crops\train\baykar_bayraktar_tb2\crop_0063.jpg,-0.07969476282596588,0.5333150625228882,unknown
baykar_bayraktar_tb2,data\demo\real_world_yolox_crops\train\baykar_bayraktar_tb2\crop_0064.jpg,0.4429435729980469,0.5333150625228882,unknown
baykar_bayraktar_tb2,data\demo\real_world_yolox_crops\train\baykar_bayraktar_tb2\crop_0065.jpg,0.2336306869983673,0.5333150625228882,unknown
baykar_bayraktar_tb2,data\demo\real_world_yolox_crops\train\baykar_bayraktar_tb2\crop_0066.jpg,-0.06961647421121597,0.5333150625228882,unknown
baykar_bayraktar_tb2,data\demo\real_world_yolox_crops\train\baykar_bayraktar_tb2\crop_0067.jpg,0.14982590079307556,0.5333150625228882,unknown
baykar_bayraktar_tb2,data\demo\real_world_yolox_crops\train\baykar_bayraktar_tb2\crop_0068.jpg,-0.040049731731414795,0.5333150625228882,unknown
bayraktar_tb2_military_ukrainian_navi,data\demo\real_world_yolox_crops\train\bayraktar_tb2_military_ukrainian_navi\crop_0000.jpg,-0.22666117548942566,0.7404592037200928,MATCH
bayraktar_tb2_military_ukrainian_navi,data\demo\real_world_yolox_crops\train\bayraktar_tb2_military_ukrainian_navi\crop_0001.jpg,0.0811806470155716,0.7404592037200928,MATCH
bayraktar_tb2_military_ukrainian_navi,data\demo\real_world_yolox_crops\train\bayraktar_tb2_military_ukrainian_navi\crop_0002.jpg,-0.1999398022890091,0.7404592037200928,MATCH
bayraktar_tb2_military_ukrainian_navi,data\demo\real_world_yolox_crops\train\bayraktar_tb2_military_ukrainian_navi\crop_0003.jpg,-0.15371212363243103,0.7404592037200928,MATCH
bayraktar_tb2_military_ukrainian_navi,data\demo\real_world_yolox_crops\train\bayraktar_tb2_military_ukrainian_navi\crop_0004.jpg,0.15548190474510193,0.7404592037200928,MATCH
bayraktar_tb2_military_ukrainian_navi,data\demo\real_world_yolox_crops\train\bayraktar_tb2_military_ukrainian_navi\crop_0005.jpg,0.10171420127153397,0.7404592037200928,MATCH
bayraktar_tb2_military_ukrainian_navi,data\demo\real_world_yolox_crops\train\bayraktar_tb2_military_ukrainian_navi\crop_0006.jpg,0.3192810118198395,0.7404592037200928,MATCH
bayraktar_tb2_military_ukrainian_navi,data\demo\real_world_yolox_crops\train\bayraktar_tb2_military_ukrainian_navi\crop_0007.jpg,0.15740224719047546,0.7404592037200928,MATCH
bayraktar_tb2_military_ukrainian_navi,data\demo\real_world_yolox_crops\train\bayraktar_tb2_military_ukrainian_navi\crop_0008.jpg,0.41593724489212036,0.7404592037200928,MATCH
bayraktar_tb2_military_ukrainian_navi,data\demo\real_world_yolox_crops\train\bayraktar_tb2_military_ukrainian_navi\crop_0009.jpg,0.2868417799472809,0.7404592037200928,MATCH
bayraktar_tb2_military_ukrainian_navi,data\demo\real_world_yolox_crops\train\bayraktar_tb2_military_ukrainian_navi\crop_0010.jpg,0.5290772914886475,0.7404592037200928,MATCH
bayraktar_tb2_military_ukrainian_navi,data\demo\real_world_yolox_crops\train\bayraktar_tb2_military_ukrainian_navi\crop_0011.jpg,0.48947402834892273,0.7404592037200928,MATCH
bayraktar_tb2_military_ukrainian_navi,data\demo\real_world_yolox_crops\train\bayraktar_tb2_military_ukrainian_navi\crop_0012.jpg,0.6005192399024963,0.7404592037200928,MATCH
bayraktar_tb2_military_ukrainian_navi,data\demo\real_world_yolox_crops\train\bayraktar_tb2_military_ukrainian_navi\crop_0013.jpg,0.7455799579620361,0.7404592037200928,MATCH
bayraktar_tb2_military_ukrainian_navi,data\demo\real_world_yolox_crops\train\bayraktar_tb2_military_ukrainian_navi\crop_0014.jpg,0.5963581800460815,0.7404592037200928,MATCH
bayraktar_tb2_military_ukrainian_navi,data\demo\real_world_yolox_crops\train\bayraktar_tb2_military_ukrainian_navi\crop_0015.jpg,0.2012948989868164,0.7404592037200928,MATCH
bayraktar_tb2_military_ukrainian_navi,data\demo\real_world_yolox_crops\train\bayraktar_tb2_military_ukrainian_navi\crop_0016.jpg,0.08303123712539673,0.7404592037200928,MATCH
bayraktar_tb2_military_ukrainian_navi,data\demo\real_world_yolox_crops\train\bayraktar_tb2_military_ukrainian_navi\crop_0017.jpg,0.412469744682312,0.7404592037200928,MATCH
bayraktar_tb2_military_ukrainian_navi,data\demo\real_world_yolox_crops\train\bayraktar_tb2_military_ukrainian_navi\crop_0018.jpg,0.33980804681777954,0.7404592037200928,MATCH
bayraktar_tb2_military_ukrainian_navi,data\demo\real_world_yolox_crops\train\bayraktar_tb2_military_ukrainian_navi\crop_0019.jpg,0.31675994396209717,0.7404592037200928,MATCH
bayraktar_tb2_military_ukrainian_navi,data\demo\real_world_yolox_crops\train\bayraktar_tb2_military_ukrainian_navi\crop_0020.jpg,0.366315096616745,0.7404592037200928,MATCH
bayraktar_tb2_military_ukrainian_navi,data\demo\real_world_yolox_crops\train\bayraktar_tb2_military_ukrainian_navi\crop_0021.jpg,0.632152795791626,0.7404592037200928,MATCH
bayraktar_tb2_military_ukrainian_navi,data\demo\real_world_yolox_crops\train\bayraktar_tb2_military_ukrainian_navi\crop_0022.jpg,-0.03805522620677948,0.7404592037200928,MATCH
bayraktar_tb2_military_ukrainian_navi,data\demo\real_world_yolox_crops\train\bayraktar_tb2_military_ukrainian_navi\crop_0023.jpg,0.36368197202682495,0.7404592037200928,MATCH
bayraktar_tb2_military_ukrainian_navi,data\demo\real_world_yolox_crops\train\bayraktar_tb2_military_ukrainian_navi\crop_0024.jpg,0.7512194514274597,0.7404592037200928,MATCH
bayraktar_tb2_military_ukrainian_navi,data\demo\real_world_yolox_crops\train\bayraktar_tb2_military_ukrainian_navi\crop_0025.jpg,0.47399890422821045,0.7404592037200928,MATCH
bayraktar_tb2_military_ukrainian_navi,data\demo\real_world_yolox_crops\train\bayraktar_tb2_military_ukrainian_navi\crop_0026.jpg,0.699330747127533,0.7404592037200928,MATCH
bayraktar_tb2_military_ukrainian_navi,data\demo\real_world_yolox_crops\train\bayraktar_tb2_military_ukrainian_navi\crop_0027.jpg,0.8571004867553711,0.7404592037200928,MATCH
bayraktar_tb2_military_ukrainian_navi,data\demo\real_world_yolox_crops\train\bayraktar_tb2_military_ukrainian_navi\crop_0028.jpg,0.616837739944458,0.7404592037200928,MATCH
bayraktar_tb2_military_ukrainian_navi,data\demo\real_world_yolox_crops\train\bayraktar_tb2_military_ukrainian_navi\crop_0029.jpg,0.11127067357301712,0.7404592037200928,MATCH
bayraktar_tb2_military_ukrainian_navi,data\demo\real_world_yolox_crops\train\bayraktar_tb2_military_ukrainian_navi\crop_0030.jpg,-0.10781165212392807,0.7404592037200928,MATCH
bayraktar_tb2_military_ukrainian_navi,data\demo\real_world_yolox_crops\train\bayraktar_tb2_military_ukrainian_navi\crop_0031.jpg,0.39727532863616943,0.7404592037200928,MATCH
bayraktar_tb2_military_ukrainian_navi,data\demo\real_world_yolox_crops\train\bayraktar_tb2_military_ukrainian_navi\crop_0032.jpg,-0.12566231191158295,0.7404592037200928,MATCH
bayraktar_tb2_military_ukrainian_navi,data\demo\real_world_yolox_crops\train\bayraktar_tb2_military_ukrainian_navi\crop_0033.jpg,0.0729399174451828,0.7404592037200928,MATCH
bayraktar_tb2_military_ukrainian_navi,data\demo\real_world_yolox_crops\train\bayraktar_tb2_military_ukrainian_navi\crop_0034.jpg,0.03487629443407059,0.7404592037200928,MATCH
bayraktar_tb2_military_ukrainian_navi,data\demo\real_world_yolox_crops\train\bayraktar_tb2_military_ukrainian_navi\crop_0035.jpg,0.18578371405601501,0.7404592037200928,MATCH
bayraktar_tb2_military_ukrainian_navi,data\demo\real_world_yolox_crops\train\bayraktar_tb2_military_ukrainian_navi\crop_0036.jpg,0.6490651965141296,0.7404592037200928,MATCH
bayraktar_tb2_military_ukrainian_navi,data\demo\real_world_yolox_crops\train\bayraktar_tb2_military_ukrainian_navi\crop_0037.jpg,0.3833608329296112,0.7404592037200928,MATCH
bayraktar_tb2_military_ukrainian_navi,data\demo\real_world_yolox_crops\train\bayraktar_tb2_military_ukrainian_navi\crop_0038.jpg,0.5242767930030823,0.7404592037200928,MATCH
bayraktar_tb2_military_ukrainian_navi,data\demo\real_world_yolox_crops\train\bayraktar_tb2_military_ukrainian_navi\crop_0039.jpg,0.09257949143648148,0.7404592037200928,MATCH
bayraktar_tb2_military_ukrainian_navi,data\demo\real_world_yolox_crops\train\bayraktar_tb2_military_ukrainian_navi\crop_0040.jpg,0.5089913606643677,0.7404592037200928,MATCH
bayraktar_tb2_military_ukrainian_navi,data\demo\real_world_yolox_crops\train\bayraktar_tb2_military_ukrainian_navi\crop_0041.jpg,0.22274228930473328,0.7404592037200928,MATCH
bayraktar_tb2_military_ukrainian_navi,data\demo\real_world_yolox_crops\train\bayraktar_tb2_military_ukrainian_navi\crop_0042.jpg,0.22290606796741486,0.7404592037200928,MATCH
bayraktar_tb2_military_ukrainian_navi,data\demo\real_world_yolox_crops\train\bayraktar_tb2_military_ukrainian_navi\crop_0043.jpg,0.2328025996685028,0.7404592037200928,MATCH
bayraktar_tb2_military_ukrainian_navi,data\demo\real_world_yolox_crops\train\bayraktar_tb2_military_ukrainian_navi\crop_0044.jpg,0.2757050096988678,0.7404592037200928,MATCH
bayraktar_tb2_military_ukrainian_navi,data\demo\real_world_yolox_crops\train\bayraktar_tb2_military_ukrainian_navi\crop_0045.jpg,0.4185122847557068,0.7404592037200928,MATCH
bayraktar_tb2_military_ukrainian_navi,data\demo\real_world_yolox_crops\train\bayraktar_tb2_military_ukrainian_navi\crop_0046.jpg,0.26378679275512695,0.7404592037200928,MATCH
bayraktar_tb2_military_ukrainian_navi,data\demo\real_world_yolox_crops\train\bayraktar_tb2_military_ukrainian_navi\crop_0047.jpg,0.47888287901878357,0.7404592037200928,MATCH
bayraktar_tb2_military_ukrainian_navi,data\demo\real_world_yolox_crops\train\bayraktar_tb2_military_ukrainian_navi\crop_0048.jpg,0.6079820990562439,0.7404592037200928,MATCH
bayraktar_tb2_military_ukrainian_navi,data\demo\real_world_yolox_crops\train\bayraktar_tb2_military_ukrainian_navi\crop_0049.jpg,0.2631281614303589,0.7404592037200928,MATCH
bayraktar_tb2_military_ukrainian_navi,data\demo\real_world_yolox_crops\train\bayraktar_tb2_military_ukrainian_navi\crop_0050.jpg,0.20189273357391357,0.7404592037200928,MATCH
bayraktar_tb2_military_ukrainian_navi,data\demo\real_world_yolox_crops\train\bayraktar_tb2_military_ukrainian_navi\crop_0051.jpg,0.4439810514450073,0.7404592037200928,MATCH
bayraktar_tb2_military_ukrainian_navi,data\demo\real_world_yolox_crops\train\bayraktar_tb2_military_ukrainian_navi\crop_0052.jpg,0.08376823365688324,0.7404592037200928,MATCH
bayraktar_tb2_military_ukrainian_navi,data\demo\real_world_yolox_crops\train\bayraktar_tb2_military_ukrainian_navi\crop_0053.jpg,0.2834858000278473,0.7404592037200928,MATCH
bayraktar_tb2_military_ukrainian_navi,data\demo\real_world_yolox_crops\train\bayraktar_tb2_military_ukrainian_navi\crop_0054.jpg,0.563184380531311,0.7404592037200928,MATCH
bayraktar_tb2_military_ukrainian_navi,data\demo\real_world_yolox_crops\train\bayraktar_tb2_military_ukrainian_navi\crop_0055.jpg,-0.017587456852197647,0.7404592037200928,MATCH
bayraktar_tb2_military_ukrainian_navi,data\demo\real_world_yolox_crops\train\bayraktar_tb2_military_ukrainian_navi\crop_0056.jpg,0.11426526308059692,0.7404592037200928,MATCH
bayraktar_tb2_military_ukrainian_navi,data\demo\real_world_yolox_crops\train\bayraktar_tb2_military_ukrainian_navi\crop_0057.jpg,0.23593398928642273,0.7404592037200928,MATCH
bayraktar_tb2_military_ukrainian_navi,data\demo\real_world_yolox_crops\train\bayraktar_tb2_military_ukrainian_navi\crop_0058.jpg,0.4078981578350067,0.7404592037200928,MATCH
bayraktar_tb2_military_ukrainian_navi,data\demo\real_world_yolox_crops\train\bayraktar_tb2_military_ukrainian_navi\crop_0059.jpg,0.1807509958744049,0.7404592037200928,MATCH
bayraktar_tb2_military_ukrainian_navi,data\demo\real_world_yolox_crops\train\bayraktar_tb2_military_ukrainian_navi\crop_0060.jpg,0.06151856482028961,0.7404592037200928,MATCH
bayraktar_tb2_military_ukrainian_navi,data\demo\real_world_yolox_crops\train\bayraktar_tb2_military_ukrainian_navi\crop_0061.jpg,0.010061576962471008,0.7404592037200928,MATCH
bayraktar_tb2_military_ukrainian_navi,data\demo\real_world_yolox_crops\train\bayraktar_tb2_military_ukrainian_navi\crop_0062.jpg,0.11571541428565979,0.7404592037200928,MATCH
bayraktar_tb2_military_ukrainian_navi,data\demo\real_world_yolox_crops\train\bayraktar_tb2_military_ukrainian_navi\crop_0063.jpg,0.5283557772636414,0.7404592037200928,MATCH
camera_video_fragmentation_preview,data\demo\real_world_yolox_crops\train\camera_video_fragmentation_preview\crop_0000.jpg,0.2584466338157654,0.7345775365829468,MATCH
camera_video_fragmentation_preview,data\demo\real_world_yolox_crops\train\camera_video_fragmentation_preview\crop_0001.jpg,0.19416013360023499,0.7345775365829468,MATCH
camera_video_fragmentation_preview,data\demo\real_world_yolox_crops\train\camera_video_fragmentation_preview\crop_0002.jpg,-0.03911375626921654,0.7345775365829468,MATCH
camera_video_fragmentation_preview,data\demo\real_world_yolox_crops\train\camera_video_fragmentation_preview\crop_0003.jpg,0.027807200327515602,0.7345775365829468,MATCH
camera_video_fragmentation_preview,data\demo\real_world_yolox_crops\train\camera_video_fragmentation_preview\crop_0004.jpg,0.4022689759731293,0.7345775365829468,MATCH
camera_video_fragmentation_preview,data\demo\real_world_yolox_crops\train\camera_video_fragmentation_preview\crop_0005.jpg,0.06948388367891312,0.7345775365829468,MATCH
camera_video_fragmentation_preview,data\demo\real_world_yolox_crops\train\camera_video_fragmentation_preview\crop_0006.jpg,0.22559437155723572,0.7345775365829468,MATCH
camera_video_fragmentation_preview,data\demo\real_world_yolox_crops\train\camera_video_fragmentation_preview\crop_0007.jpg,0.028149627149105072,0.7345775365829468,MATCH
camera_video_fragmentation_preview,data\demo\real_world_yolox_crops\train\camera_video_fragmentation_preview\crop_0008.jpg,0.07656148821115494,0.7345775365829468,MATCH
camera_video_fragmentation_preview,data\demo\real_world_yolox_crops\train\camera_video_fragmentation_preview\crop_0009.jpg,0.4228813350200653,0.7345775365829468,MATCH
camera_video_fragmentation_preview,data\demo\real_world_yolox_crops\train\camera_video_fragmentation_preview\crop_0010.jpg,0.4327831268310547,0.7345775365829468,MATCH
camera_video_fragmentation_preview,data\demo\real_world_yolox_crops\train\camera_video_fragmentation_preview\crop_0011.jpg,0.21119427680969238,0.7345775365829468,MATCH
camera_video_fragmentation_preview,data\demo\real_world_yolox_crops\train\camera_video_fragmentation_preview\crop_0012.jpg,0.08428841084241867,0.7345775365829468,MATCH
camera_video_fragmentation_preview,data\demo\real_world_yolox_crops\train\camera_video_fragmentation_preview\crop_0013.jpg,0.24642667174339294,0.7345775365829468,MATCH
camera_video_fragmentation_preview,data\demo\real_world_yolox_crops\train\camera_video_fragmentation_preview\crop_0014.jpg,0.36651983857154846,0.7345775365829468,MATCH
camera_video_fragmentation_preview,data\demo\real_world_yolox_crops\train\camera_video_fragmentation_preview\crop_0015.jpg,0.27464836835861206,0.7345775365829468,MATCH
camera_video_fragmentation_preview,data\demo\real_world_yolox_crops\train\camera_video_fragmentation_preview\crop_0016.jpg,0.29206138849258423,0.7345775365829468,MATCH
camera_video_fragmentation_preview,data\demo\real_world_yolox_crops\train\camera_video_fragmentation_preview\crop_0017.jpg,-0.009202077984809875,0.7345775365829468,MATCH
camera_video_fragmentation_preview,data\demo\real_world_yolox_crops\train\camera_video_fragmentation_preview\crop_0018.jpg,0.0572807602584362,0.7345775365829468,MATCH
camera_video_fragmentation_preview,data\demo\real_world_yolox_crops\train\camera_video_fragmentation_preview\crop_0019.jpg,-0.24827803671360016,0.7345775365829468,MATCH
camera_video_fragmentation_preview,data\demo\real_world_yolox_crops\train\camera_video_fragmentation_preview\crop_0020.jpg,-0.17001241445541382,0.7345775365829468,MATCH
camera_video_fragmentation_preview,data\demo\real_world_yolox_crops\train\camera_video_fragmentation_preview\crop_0021.jpg,-0.31528592109680176,0.7345775365829468,MATCH
camera_video_fragmentation_preview,data\demo\real_world_yolox_crops\train\camera_video_fragmentation_preview\crop_0022.jpg,0.08412794768810272,0.7345775365829468,MATCH
camera_video_fragmentation_preview,data\demo\real_world_yolox_crops\train\camera_video_fragmentation_preview\crop_0023.jpg,-0.40057238936424255,0.7345775365829468,MATCH
camera_video_fragmentation_preview,data\demo\real_world_yolox_crops\train\camera_video_fragmentation_preview\crop_0024.jpg,-0.09692410379648209,0.7345775365829468,MATCH
camera_video_fragmentation_preview,data\demo\real_world_yolox_crops\train\camera_video_fragmentation_preview\crop_0025.jpg,-0.25141292810440063,0.7345775365829468,MATCH
camera_video_fragmentation_preview,data\demo\real_world_yolox_crops\train\camera_video_fragmentation_preview\crop_0026.jpg,-0.07183504104614258,0.7345775365829468,MATCH
camera_video_fragmentation_preview,data\demo\real_world_yolox_crops\train\camera_video_fragmentation_preview\crop_0027.jpg,-0.2832109034061432,0.7345775365829468,MATCH
camera_video_fragmentation_preview,data\demo\real_world_yolox_crops\train\camera_video_fragmentation_preview\crop_0028.jpg,-0.278287410736084,0.7345775365829468,MATCH
camera_video_fragmentation_preview,data\demo\real_world_yolox_crops\train\camera_video_fragmentation_preview\crop_0029.jpg,-0.11060686409473419,0.7345775365829468,MATCH
camera_video_fragmentation_preview,data\demo\real_world_yolox_crops\train\camera_video_fragmentation_preview\crop_0030.jpg,-0.08481404930353165,0.7345775365829468,MATCH
camera_video_fragmentation_preview,data\demo\real_world_yolox_crops\train\camera_video_fragmentation_preview\crop_0031.jpg,-0.1744895726442337,0.7345775365829468,MATCH
camera_video_fragmentation_preview,data\demo\real_world_yolox_crops\train\camera_video_fragmentation_preview\crop_0032.jpg,0.5577529668807983,0.7345775365829468,MATCH
camera_video_fragmentation_preview,data\demo\real_world_yolox_crops\train\camera_video_fragmentation_preview\crop_0033.jpg,0.6475576162338257,0.7345775365829468,MATCH
camera_video_fragmentation_preview,data\demo\real_world_yolox_crops\train\camera_video_fragmentation_preview\crop_0034.jpg,0.6860781908035278,0.7345775365829468,MATCH
camera_video_fragmentation_preview,data\demo\real_world_yolox_crops\train\camera_video_fragmentation_preview\crop_0035.jpg,0.6746655702590942,0.7345775365829468,MATCH
camera_video_fragmentation_preview,data\demo\real_world_yolox_crops\train\camera_video_fragmentation_preview\crop_0036.jpg,0.43073078989982605,0.7345775365829468,MATCH
camera_video_fragmentation_preview,data\demo\real_world_yolox_crops\train\camera_video_fragmentation_preview\crop_0037.jpg,0.7093637585639954,0.7345775365829468,MATCH
camera_video_fragmentation_preview,data\demo\real_world_yolox_crops\train\camera_video_fragmentation_preview\crop_0038.jpg,0.7696338891983032,0.7345775365829468,MATCH
camera_video_fragmentation_preview,data\demo\real_world_yolox_crops\train\camera_video_fragmentation_preview\crop_0039.jpg,0.4834150969982147,0.7345775365829468,MATCH
camera_video_fragmentation_preview,data\demo\real_world_yolox_crops\train\camera_video_fragmentation_preview\crop_0040.jpg,0.6828281879425049,0.7345775365829468,MATCH
camera_video_fragmentation_preview,data\demo\real_world_yolox_crops\train\camera_video_fragmentation_preview\crop_0041.jpg,0.8106073141098022,0.7345775365829468,MATCH
camera_video_fragmentation_preview,data\demo\real_world_yolox_crops\train\camera_video_fragmentation_preview\crop_0042.jpg,0.6380349397659302,0.7345775365829468,MATCH
camera_video_fragmentation_preview,data\demo\real_world_yolox_crops\train\camera_video_fragmentation_preview\crop_0043.jpg,0.5182510614395142,0.7345775365829468,MATCH
camera_video_fragmentation_preview,data\demo\real_world_yolox_crops\train\camera_video_fragmentation_preview\crop_0044.jpg,0.6712585687637329,0.7345775365829468,MATCH
camera_video_fragmentation_preview,data\demo\real_world_yolox_crops\train\camera_video_fragmentation_preview\crop_0045.jpg,0.674963653087616,0.7345775365829468,MATCH
camera_video_fragmentation_preview,data\demo\real_world_yolox_crops\train\camera_video_fragmentation_preview\crop_0046.jpg,0.6972047090530396,0.7345775365829468,MATCH
camera_video_fragmentation_preview,data\demo\real_world_yolox_crops\train\camera_video_fragmentation_preview\crop_0047.jpg,0.6352944374084473,0.7345775365829468,MATCH
camera_video_fragmentation_preview,data\demo\real_world_yolox_crops\train\camera_video_fragmentation_preview\crop_0048.jpg,0.6625938415527344,0.7345775365829468,MATCH
camera_video_fragmentation_preview,data\demo\real_world_yolox_crops\train\camera_video_fragmentation_preview\crop_0049.jpg,0.517052173614502,0.7345775365829468,MATCH
camera_video_fragmentation_preview,data\demo\real_world_yolox_crops\train\camera_video_fragmentation_preview\crop_0050.jpg,0.4390783905982971,0.7345775365829468,MATCH
camera_video_fragmentation_preview,data\demo\real_world_yolox_crops\train\camera_video_fragmentation_preview\crop_0051.jpg,0.6796098947525024,0.7345775365829468,MATCH
camera_video_fragmentation_preview,data\demo\real_world_yolox_crops\train\camera_video_fragmentation_preview\crop_0052.jpg,0.429709255695343,0.7345775365829468,MATCH
camera_video_fragmentation_preview,data\demo\real_world_yolox_crops\train\camera_video_fragmentation_preview\crop_0053.jpg,0.45741191506385803,0.7345775365829468,MATCH
camera_video_fragmentation_preview,data\demo\real_world_yolox_crops\train\camera_video_fragmentation_preview\crop_0054.jpg,0.5375641584396362,0.7345775365829468,MATCH
camera_video_fragmentation_preview,data\demo\real_world_yolox_crops\train\camera_video_fragmentation_preview\crop_0055.jpg,0.6752575039863586,0.7345775365829468,MATCH
camera_video_fragmentation_preview,data\demo\real_world_yolox_crops\train\camera_video_fragmentation_preview\crop_0056.jpg,0.2876654267311096,0.7345775365829468,MATCH
camera_video_fragmentation_preview,data\demo\real_world_yolox_crops\train\camera_video_fragmentation_preview\crop_0057.jpg,0.6396327018737793,0.7345775365829468,MATCH
camera_video_fragmentation_preview,data\demo\real_world_yolox_crops\train\camera_video_fragmentation_preview\crop_0058.jpg,0.656590461730957,0.7345775365829468,MATCH
camera_video_fragmentation_preview,data\demo\real_world_yolox_crops\train\camera_video_fragmentation_preview\crop_0059.jpg,0.623406171798706,0.7345775365829468,MATCH
camera_video_fragmentation_preview,data\demo\real_world_yolox_crops\train\camera_video_fragmentation_preview\crop_0060.jpg,0.4309588670730591,0.7345775365829468,MATCH
camera_video_fragmentation_preview,data\demo\real_world_yolox_crops\train\camera_video_fragmentation_preview\crop_0061.jpg,0.28845447301864624,0.7345775365829468,MATCH
camera_video_fragmentation_preview,data\demo\real_world_yolox_crops\train\camera_video_fragmentation_preview\crop_0062.jpg,0.2823222279548645,0.7345775365829468,MATCH
camera_video_fragmentation_preview,data\demo\real_world_yolox_crops\train\camera_video_fragmentation_preview\crop_0063.jpg,0.6040952205657959,0.7345775365829468,MATCH
camera_video_fragmentation_preview,data\demo\real_world_yolox_crops\train\camera_video_fragmentation_preview\crop_0064.jpg,0.4235122501850128,0.7345775365829468,MATCH
camera_video_fragmentation_preview,data\demo\real_world_yolox_crops\train\camera_video_fragmentation_preview\crop_0065.jpg,0.2827856242656708,0.7345775365829468,MATCH
camera_video_fragmentation_preview,data\demo\real_world_yolox_crops\train\camera_video_fragmentation_preview\crop_0066.jpg,0.6534857153892517,0.7345775365829468,MATCH
camera_video_fragmentation_preview,data\demo\real_world_yolox_crops\train\camera_video_fragmentation_preview\crop_0067.jpg,0.5662288665771484,0.7345775365829468,MATCH
camera_video_fragmentation_preview,data\demo\real_world_yolox_crops\train\camera_video_fragmentation_preview\crop_0068.jpg,0.5277326107025146,0.7345775365829468,MATCH
camera_video_fragmentation_preview,data\demo\real_world_yolox_crops\train\camera_video_fragmentation_preview\crop_0069.jpg,0.4962538480758667,0.7345775365829468,MATCH
drone_uav_wing_desert_camo,data\demo\real_world_yolox_crops\train\drone_uav_wing_desert_camo\crop_0000.jpg,-0.03598406910896301,0.5278369188308716,unknown
drone_uav_wing_desert_camo,data\demo\real_world_yolox_crops\train\drone_uav_wing_desert_camo\crop_0001.jpg,0.33522456884384155,0.5278369188308716,unknown
drone_uav_wing_desert_camo,data\demo\real_world_yolox_crops\train\drone_uav_wing_desert_camo\crop_0002.jpg,0.07753078639507294,0.5278369188308716,unknown
drone_uav_wing_desert_camo,data\demo\real_world_yolox_crops\train\drone_uav_wing_desert_camo\crop_0003.jpg,-0.09249819815158844,0.5278369188308716,unknown
drone_uav_wing_desert_camo,data\demo\real_world_yolox_crops\train\drone_uav_wing_desert_camo\crop_0004.jpg,0.27209803462028503,0.5278369188308716,unknown
drone_uav_wing_desert_camo,data\demo\real_world_yolox_crops\train\drone_uav_wing_desert_camo\crop_0005.jpg,0.3508990406990051,0.5278369188308716,unknown
drone_uav_wing_desert_camo,data\demo\real_world_yolox_crops\train\drone_uav_wing_desert_camo\crop_0006.jpg,0.04324910044670105,0.5278369188308716,unknown
drone_uav_wing_desert_camo,data\demo\real_world_yolox_crops\train\drone_uav_wing_desert_camo\crop_0007.jpg,-0.03714530169963837,0.5278369188308716,unknown
drone_uav_wing_desert_camo,data\demo\real_world_yolox_crops\train\drone_uav_wing_desert_camo\crop_0008.jpg,-0.10880564153194427,0.5278369188308716,unknown
drone_uav_wing_desert_camo,data\demo\real_world_yolox_crops\train\drone_uav_wing_desert_camo\crop_0009.jpg,0.3099820613861084,0.5278369188308716,unknown
drone_uav_wing_desert_camo,data\demo\real_world_yolox_crops\train\drone_uav_wing_desert_camo\crop_0010.jpg,0.20482006669044495,0.5278369188308716,unknown
drone_uav_wing_desert_camo,data\demo\real_world_yolox_crops\train\drone_uav_wing_desert_camo\crop_0011.jpg,0.16859248280525208,0.5278369188308716,unknown
drone_uav_wing_desert_camo,data\demo\real_world_yolox_crops\train\drone_uav_wing_desert_camo\crop_0012.jpg,0.08091197907924652,0.5278369188308716,unknown
drone_uav_wing_desert_camo,data\demo\real_world_yolox_crops\train\drone_uav_wing_desert_camo\crop_0013.jpg,-0.05997944995760918,0.5278369188308716,unknown
drone_uav_wing_desert_camo,data\demo\real_world_yolox_crops\train\drone_uav_wing_desert_camo\crop_0014.jpg,0.11540147662162781,0.5278369188308716,unknown
drone_uav_wing_desert_camo,data\demo\real_world_yolox_crops\train\drone_uav_wing_desert_camo\crop_0015.jpg,0.1186460480093956,0.5278369188308716,unknown
drone_uav_wing_desert_camo,data\demo\real_world_yolox_crops\train\drone_uav_wing_desert_camo\crop_0016.jpg,-0.022638235241174698,0.5278369188308716,unknown
drone_uav_wing_desert_camo,data\demo\real_world_yolox_crops\train\drone_uav_wing_desert_camo\crop_0017.jpg,-0.18331927061080933,0.5278369188308716,unknown
drone_uav_wing_desert_camo,data\demo\real_world_yolox_crops\train\drone_uav_wing_desert_camo\crop_0018.jpg,-0.06276829540729523,0.5278369188308716,unknown
drone_uav_wing_desert_camo,data\demo\real_world_yolox_crops\train\drone_uav_wing_desert_camo\crop_0019.jpg,0.6690535545349121,0.5278369188308716,unknown
drone_uav_wing_desert_camo,data\demo\real_world_yolox_crops\train\drone_uav_wing_desert_camo\crop_0020.jpg,0.11864663660526276,0.5278369188308716,unknown
drone_uav_wing_desert_camo,data\demo\real_world_yolox_crops\train\drone_uav_wing_desert_camo\crop_0021.jpg,0.2010221630334854,0.5278369188308716,unknown
drone_uav_wing_desert_camo,data\demo\real_world_yolox_crops\train\drone_uav_wing_desert_camo\crop_0022.jpg,0.046382516622543335,0.5278369188308716,unknown
drone_uav_wing_desert_camo,data\demo\real_world_yolox_crops\train\drone_uav_wing_desert_camo\crop_0023.jpg,0.031517185270786285,0.5278369188308716,unknown
drone_uav_wing_desert_camo,data\demo\real_world_yolox_crops\train\drone_uav_wing_desert_camo\crop_0024.jpg,0.07000623643398285,0.5278369188308716,unknown
drone_uav_wing_desert_camo,data\demo\real_world_yolox_crops\train\drone_uav_wing_desert_camo\crop_0025.jpg,0.21314755082130432,0.5278369188308716,unknown
drone_uav_wing_desert_camo,data\demo\real_world_yolox_crops\train\drone_uav_wing_desert_camo\crop_0026.jpg,0.03129538893699646,0.5278369188308716,unknown
drone_uav_wing_desert_camo,data\demo\real_world_yolox_crops\train\drone_uav_wing_desert_camo\crop_0027.jpg,0.22292804718017578,0.5278369188308716,unknown
drone_uav_wing_desert_camo,data\demo\real_world_yolox_crops\train\drone_uav_wing_desert_camo\crop_0028.jpg,0.17193752527236938,0.5278369188308716,unknown
drone_uav_wing_desert_camo,data\demo\real_world_yolox_crops\train\drone_uav_wing_desert_camo\crop_0029.jpg,0.15236875414848328,0.5278369188308716,unknown
drone_uav_wing_desert_camo,data\demo\real_world_yolox_crops\train\drone_uav_wing_desert_camo\crop_0030.jpg,-0.24759164452552795,0.5278369188308716,unknown
drone_uav_wing_desert_camo,data\demo\real_world_yolox_crops\train\drone_uav_wing_desert_camo\crop_0031.jpg,0.08554846048355103,0.5278369188308716,unknown
drone_uav_wing_desert_camo,data\demo\real_world_yolox_crops\train\drone_uav_wing_desert_camo\crop_0032.jpg,0.2951553463935852,0.5278369188308716,unknown
drone_uav_wing_desert_camo,data\demo\real_world_yolox_crops\train\drone_uav_wing_desert_camo\crop_0033.jpg,0.005793390795588493,0.5278369188308716,unknown
drone_uav_wing_desert_camo,data\demo\real_world_yolox_crops\train\drone_uav_wing_desert_camo\crop_0034.jpg,-0.05760228633880615,0.5278369188308716,unknown
drone_uav_wing_desert_camo,data\demo\real_world_yolox_crops\train\drone_uav_wing_desert_camo\crop_0035.jpg,0.060039959847927094,0.5278369188308716,unknown
drone_uav_wing_desert_camo,data\demo\real_world_yolox_crops\train\drone_uav_wing_desert_camo\crop_0036.jpg,0.23424646258354187,0.5278369188308716,unknown
drone_uav_wing_desert_camo,data\demo\real_world_yolox_crops\train\drone_uav_wing_desert_camo\crop_0037.jpg,0.3210769295692444,0.5278369188308716,unknown
drone_uav_wing_desert_camo,data\demo\real_world_yolox_crops\train\drone_uav_wing_desert_camo\crop_0038.jpg,0.18774518370628357,0.5278369188308716,unknown
drone_uav_wing_desert_camo,data\demo\real_world_yolox_crops\train\drone_uav_wing_desert_camo\crop_0039.jpg,0.7355612516403198,0.5278369188308716,unknown
drone_uav_wing_desert_camo,data\demo\real_world_yolox_crops\train\drone_uav_wing_desert_camo\crop_0040.jpg,0.07456757128238678,0.5278369188308716,unknown
drone_uav_wing_desert_camo,data\demo\real_world_yolox_crops\train\drone_uav_wing_desert_camo\crop_0041.jpg,0.4134773910045624,0.5278369188308716,unknown
drone_uav_wing_desert_camo,data\demo\real_world_yolox_crops\train\drone_uav_wing_desert_camo\crop_0042.jpg,0.4244532585144043,0.5278369188308716,unknown
drone_uav_wing_desert_camo,data\demo\real_world_yolox_crops\train\drone_uav_wing_desert_camo\crop_0043.jpg,0.2261246293783188,0.5278369188308716,unknown
drone_uav_wing_desert_camo,data\demo\real_world_yolox_crops\train\drone_uav_wing_desert_camo\crop_0044.jpg,-0.09685187041759491,0.5278369188308716,unknown
drone_uav_wing_desert_camo,data\demo\real_world_yolox_crops\train\drone_uav_wing_desert_camo\crop_0045.jpg,-0.25649702548980713,0.5278369188308716,unknown
drone_uav_wing_desert_camo,data\demo\real_world_yolox_crops\train\drone_uav_wing_desert_camo\crop_0046.jpg,0.16711226105690002,0.5278369188308716,unknown
drone_uav_wing_desert_camo,data\demo\real_world_yolox_crops\train\drone_uav_wing_desert_camo\crop_0047.jpg,-0.03137310966849327,0.5278369188308716,unknown
drone_uav_wing_desert_camo,data\demo\real_world_yolox_crops\train\drone_uav_wing_desert_camo\crop_0048.jpg,0.09717005491256714,0.5278369188308716,unknown
drone_uav_wing_desert_camo,data\demo\real_world_yolox_crops\train\drone_uav_wing_desert_camo\crop_0049.jpg,-0.1117648184299469,0.5278369188308716,unknown
drone_uav_wing_desert_camo,data\demo\real_world_yolox_crops\train\drone_uav_wing_desert_camo\crop_0050.jpg,-0.030120857059955597,0.5278369188308716,unknown
drone_uav_wing_desert_camo,data\demo\real_world_yolox_crops\train\drone_uav_wing_desert_camo\crop_0051.jpg,-0.041252680122852325,0.5278369188308716,unknown
drone_uav_wing_desert_camo,data\demo\real_world_yolox_crops\train\drone_uav_wing_desert_camo\crop_0052.jpg,-0.18838196992874146,0.5278369188308716,unknown
drone_uav_wing_desert_camo,data\demo\real_world_yolox_crops\train\drone_uav_wing_desert_camo\crop_0053.jpg,0.3966388702392578,0.5278369188308716,unknown
drone_uav_wing_desert_camo,data\demo\real_world_yolox_crops\train\drone_uav_wing_desert_camo\crop_0054.jpg,0.07069435715675354,0.5278369188308716,unknown
drone_uav_wing_desert_camo,data\demo\real_world_yolox_crops\train\drone_uav_wing_desert_camo\crop_0055.jpg,-0.13176073133945465,0.5278369188308716,unknown
drone_uav_wing_desert_camo,data\demo\real_world_yolox_crops\train\drone_uav_wing_desert_camo\crop_0056.jpg,0.07716283202171326,0.5278369188308716,unknown
drone_uav_wing_desert_camo,data\demo\real_world_yolox_crops\train\drone_uav_wing_desert_camo\crop_0057.jpg,0.06776532530784607,0.5278369188308716,unknown
drone_uav_wing_desert_camo,data\demo\real_world_yolox_crops\train\drone_uav_wing_desert_camo\crop_0058.jpg,0.1061898022890091,0.5278369188308716,unknown
drone_uav_wing_desert_camo,data\demo\real_world_yolox_crops\train\drone_uav_wing_desert_camo\crop_0059.jpg,0.10986855626106262,0.5278369188308716,unknown
drone_uav_wing_desert_camo,data\demo\real_world_yolox_crops\train\drone_uav_wing_desert_camo\crop_0060.jpg,0.21488167345523834,0.5278369188308716,unknown
drone_uav_wing_desert_camo,data\demo\real_world_yolox_crops\train\drone_uav_wing_desert_camo\crop_0061.jpg,0.004798451438546181,0.5278369188308716,unknown
drone_uav_wing_desert_camo,data\demo\real_world_yolox_crops\train\drone_uav_wing_desert_camo\crop_0062.jpg,0.03273991122841835,0.5278369188308716,unknown
drone_uav_wing_desert_camo,data\demo\real_world_yolox_crops\train\drone_uav_wing_desert_camo\crop_0063.jpg,-0.048810482025146484,0.5278369188308716,unknown
drone_uav_wing_desert_camo,data\demo\real_world_yolox_crops\train\drone_uav_wing_desert_camo\crop_0064.jpg,0.04203343391418457,0.5278369188308716,unknown
drone_uav_wing_desert_camo,data\demo\real_world_yolox_crops\train\drone_uav_wing_desert_camo\crop_0065.jpg,0.12869465351104736,0.5278369188308716,unknown
drone_uav_wing_desert_camo,data\demo\real_world_yolox_crops\train\drone_uav_wing_desert_camo\crop_0066.jpg,0.008861206471920013,0.5278369188308716,unknown
drone_uav_wing_desert_camo,data\demo\real_world_yolox_crops\train\drone_uav_wing_desert_camo\crop_0067.jpg,0.049081843346357346,0.5278369188308716,unknown
lancet,data\demo\real_world_yolox_crops\train\lancet\crop_0000.jpg,0.05630597472190857,0.6765562295913696,MATCH
lancet,data\demo\real_world_yolox_crops\train\lancet\crop_0001.jpg,0.029555168002843857,0.6765562295913696,MATCH
lancet,data\demo\real_world_yolox_crops\train\lancet\crop_0002.jpg,0.006723754107952118,0.6765562295913696,MATCH
lancet,data\demo\real_world_yolox_crops\train\lancet\crop_0003.jpg,-0.03343329578638077,0.6765562295913696,MATCH
lancet,data\demo\real_world_yolox_crops\train\lancet\crop_0004.jpg,0.07538911700248718,0.6765562295913696,MATCH
lancet,data\demo\real_world_yolox_crops\train\lancet\crop_0005.jpg,0.04496283084154129,0.6765562295913696,MATCH
lancet,data\demo\real_world_yolox_crops\train\lancet\crop_0006.jpg,0.11726892739534378,0.6765562295913696,MATCH
lancet,data\demo\real_world_yolox_crops\train\lancet\crop_0007.jpg,0.09016810357570648,0.6765562295913696,MATCH
lancet,data\demo\real_world_yolox_crops\train\lancet\crop_0008.jpg,0.10184286534786224,0.6765562295913696,MATCH
lancet,data\demo\real_world_yolox_crops\train\lancet\crop_0009.jpg,-0.2193838506937027,0.6765562295913696,MATCH
lancet,data\demo\real_world_yolox_crops\train\lancet\crop_0010.jpg,0.036904748529195786,0.6765562295913696,MATCH
lancet,data\demo\real_world_yolox_crops\train\lancet\crop_0011.jpg,0.3496684432029724,0.6765562295913696,MATCH
lancet,data\demo\real_world_yolox_crops\train\lancet\crop_0012.jpg,0.3355523347854614,0.6765562295913696,MATCH
lancet,data\demo\real_world_yolox_crops\train\lancet\crop_0013.jpg,0.1637897491455078,0.6765562295913696,MATCH
lancet,data\demo\real_world_yolox_crops\train\lancet\crop_0014.jpg,0.13834437727928162,0.6765562295913696,MATCH
lancet,data\demo\real_world_yolox_crops\train\lancet\crop_0015.jpg,0.11604681611061096,0.6765562295913696,MATCH
lancet,data\demo\real_world_yolox_crops\train\lancet\crop_0016.jpg,0.2015409767627716,0.6765562295913696,MATCH
lancet,data\demo\real_world_yolox_crops\train\lancet\crop_0017.jpg,0.26214104890823364,0.6765562295913696,MATCH
lancet,data\demo\real_world_yolox_crops\train\lancet\crop_0018.jpg,0.31201791763305664,0.6765562295913696,MATCH
lancet,data\demo\real_world_yolox_crops\train\lancet\crop_0019.jpg,0.8125839829444885,0.6765562295913696,MATCH
lancet,data\demo\real_world_yolox_crops\train\lancet\crop_0020.jpg,0.5209468603134155,0.6765562295913696,MATCH
lancet,data\demo\real_world_yolox_crops\train\lancet\crop_0021.jpg,0.17648597061634064,0.6765562295913696,MATCH
lancet,data\demo\real_world_yolox_crops\train\lancet\crop_0022.jpg,0.24361905455589294,0.6765562295913696,MATCH
lancet,data\demo\real_world_yolox_crops\train\lancet\crop_0023.jpg,0.2009425163269043,0.6765562295913696,MATCH
lancet,data\demo\real_world_yolox_crops\train\lancet\crop_0024.jpg,0.11243854463100433,0.6765562295913696,MATCH
lancet,data\demo\real_world_yolox_crops\train\lancet\crop_0025.jpg,0.40924394130706787,0.6765562295913696,MATCH
lancet,data\demo\real_world_yolox_crops\train\lancet\crop_0026.jpg,0.27535635232925415,0.6765562295913696,MATCH
lancet,data\demo\real_world_yolox_crops\train\lancet\crop_0027.jpg,-0.014350958168506622,0.6765562295913696,MATCH
lancet,data\demo\real_world_yolox_crops\train\lancet\crop_0028.jpg,0.054572779685258865,0.6765562295913696,MATCH
lancet,data\demo\real_world_yolox_crops\train\lancet\crop_0029.jpg,0.17384828627109528,0.6765562295913696,MATCH
lancet,data\demo\real_world_yolox_crops\train\lancet\crop_0030.jpg,0.0982123464345932,0.6765562295913696,MATCH
lancet,data\demo\real_world_yolox_crops\train\lancet\crop_0031.jpg,0.0643756315112114,0.6765562295913696,MATCH
lancet,data\demo\real_world_yolox_crops\train\lancet\crop_0032.jpg,0.09901494532823563,0.6765562295913696,MATCH
lancet,data\demo\real_world_yolox_crops\train\lancet\crop_0033.jpg,0.25561729073524475,0.6765562295913696,MATCH
lancet,data\demo\real_world_yolox_crops\train\lancet\crop_0034.jpg,0.11928598582744598,0.6765562295913696,MATCH
lancet,data\demo\real_world_yolox_crops\train\lancet\crop_0035.jpg,0.14797361195087433,0.6765562295913696,MATCH
lancet,data\demo\real_world_yolox_crops\train\lancet\crop_0036.jpg,-0.027310311794281006,0.6765562295913696,MATCH
lancet,data\demo\real_world_yolox_crops\train\lancet\crop_0037.jpg,0.08736240863800049,0.6765562295913696,MATCH
lancet,data\demo\real_world_yolox_crops\train\lancet\crop_0038.jpg,0.12985822558403015,0.6765562295913696,MATCH
lancet,data\demo\real_world_yolox_crops\train\lancet\crop_0039.jpg,0.14079244434833527,0.6765562295913696,MATCH
lancet,data\demo\real_world_yolox_crops\train\lancet\crop_0040.jpg,0.07495541125535965,0.6765562295913696,MATCH
lancet,data\demo\real_world_yolox_crops\train\lancet\crop_0041.jpg,0.23247310519218445,0.6765562295913696,MATCH
lancet,data\demo\real_world_yolox_crops\train\lancet\crop_0042.jpg,0.04689187556505203,0.6765562295913696,MATCH
lancet,data\demo\real_world_yolox_crops\train\lancet\crop_0043.jpg,0.16142678260803223,0.6765562295913696,MATCH
lancet,data\demo\real_world_yolox_crops\train\lancet\crop_0044.jpg,0.12137604504823685,0.6765562295913696,MATCH
lancet,data\demo\real_world_yolox_crops\train\lancet\crop_0045.jpg,0.08512420952320099,0.6765562295913696,MATCH
lancet,data\demo\real_world_yolox_crops\train\lancet\crop_0046.jpg,0.05806948244571686,0.6765562295913696,MATCH
lancet,data\demo\real_world_yolox_crops\train\lancet\crop_0047.jpg,0.13046690821647644,0.6765562295913696,MATCH
lancet,data\demo\real_world_yolox_crops\train\lancet\crop_0048.jpg,0.09977054595947266,0.6765562295913696,MATCH
lancet,data\demo\real_world_yolox_crops\train\lancet\crop_0049.jpg,0.07128007709980011,0.6765562295913696,MATCH
lancet,data\demo\real_world_yolox_crops\train\lancet\crop_0050.jpg,0.05041923001408577,0.6765562295913696,MATCH
lancet,data\demo\real_world_yolox_crops\train\lancet\crop_0051.jpg,0.011655241250991821,0.6765562295913696,MATCH
lancet,data\demo\real_world_yolox_crops\train\lancet\crop_0052.jpg,0.07376884669065475,0.6765562295913696,MATCH
lancet,data\demo\real_world_yolox_crops\train\lancet\crop_0053.jpg,0.12212924659252167,0.6765562295913696,MATCH
lancet,data\demo\real_world_yolox_crops\train\lancet\crop_0054.jpg,0.14090582728385925,0.6765562295913696,MATCH
lancet,data\demo\real_world_yolox_crops\train\lancet\crop_0055.jpg,0.10698829591274261,0.6765562295913696,MATCH
lancet,data\demo\real_world_yolox_crops\train\lancet\crop_0056.jpg,0.17765745520591736,0.6765562295913696,MATCH
lancet,data\demo\real_world_yolox_crops\train\lancet\crop_0057.jpg,0.28884047269821167,0.6765562295913696,MATCH
lancet,data\demo\real_world_yolox_crops\train\lancet\crop_0058.jpg,0.11844231188297272,0.6765562295913696,MATCH
lancet,data\demo\real_world_yolox_crops\train\lancet\crop_0059.jpg,0.18657022714614868,0.6765562295913696,MATCH
lancet,data\demo\real_world_yolox_crops\train\lancet\crop_0060.jpg,0.3665343225002289,0.6765562295913696,MATCH
lancet,data\demo\real_world_yolox_crops\train\lancet\crop_0061.jpg,0.10216554999351501,0.6765562295913696,MATCH
lancet,data\demo\real_world_yolox_crops\train\lancet\crop_0062.jpg,0.4798298478126526,0.6765562295913696,MATCH
lancet,data\demo\real_world_yolox_crops\train\lancet\crop_0063.jpg,0.7622125744819641,0.6765562295913696,MATCH
lancet,data\demo\real_world_yolox_crops\train\lancet\crop_0064.jpg,0.8072077035903931,0.6765562295913696,MATCH
lancet,data\demo\real_world_yolox_crops\train\lancet\crop_0065.jpg,0.08244269341230392,0.6765562295913696,MATCH
lancet,data\demo\real_world_yolox_crops\train\lancet\crop_0066.jpg,0.29521098732948303,0.6765562295913696,MATCH
lancet,data\demo\real_world_yolox_crops\train\lancet\crop_0067.jpg,0.30993151664733887,0.6765562295913696,MATCH
lancet,data\demo\real_world_yolox_crops\train\lancet\crop_0068.jpg,0.16043759882450104,0.6765562295913696,MATCH
lancet,data\demo\real_world_yolox_crops\train\lancet\crop_0069.jpg,0.24481511116027832,0.6765562295913696,MATCH
lancet,data\demo\real_world_yolox_crops\train\lancet\crop_0070.jpg,0.2474205195903778,0.6765562295913696,MATCH
lancet,data\demo\real_world_yolox_crops\train\lancet\crop_0071.jpg,0.21527673304080963,0.6765562295913696,MATCH
lancet,data\demo\real_world_yolox_crops\train\lancet\crop_0072.jpg,0.07229594886302948,0.6765562295913696,MATCH
lancet,data\demo\real_world_yolox_crops\train\lancet\crop_0073.jpg,0.18470735847949982,0.6765562295913696,MATCH
lancet,data\demo\real_world_yolox_crops\train\lancet\crop_0074.jpg,0.1199975311756134,0.6765562295913696,MATCH
lancet,data\demo\real_world_yolox_crops\train\lancet\crop_0075.jpg,0.033393021672964096,0.6765562295913696,MATCH
lancet,data\demo\real_world_yolox_crops\train\lancet\crop_0076.jpg,0.11698552221059799,0.6765562295913696,MATCH
lancet,data\demo\real_world_yolox_crops\train\lancet\crop_0077.jpg,0.030579354614019394,0.6765562295913696,MATCH
lancet,data\demo\real_world_yolox_crops\train\lancet\crop_0078.jpg,-0.013627104461193085,0.6765562295913696,MATCH
lancet,data\demo\real_world_yolox_crops\train\lancet\crop_0079.jpg,0.2390253096818924,0.6765562295913696,MATCH
lancet,data\demo\real_world_yolox_crops\train\lancet\crop_0080.jpg,0.24406853318214417,0.6765562295913696,MATCH
lancet,data\demo\real_world_yolox_crops\train\lancet\crop_0081.jpg,0.2069103866815567,0.6765562295913696,MATCH
lancet,data\demo\real_world_yolox_crops\train\lancet\crop_0082.jpg,0.12381373345851898,0.6765562295913696,MATCH
morok_uav_drone_3d_model,data\demo\real_world_yolox_crops\train\morok_uav_drone_3d_model\crop_0000.jpg,-0.09350162744522095,0.2059052288532257,unknown
morok_uav_drone_3d_model,data\demo\real_world_yolox_crops\train\morok_uav_drone_3d_model\crop_0001.jpg,-0.061431873589754105,0.2059052288532257,unknown
morok_uav_drone_3d_model,data\demo\real_world_yolox_crops\train\morok_uav_drone_3d_model\crop_0002.jpg,0.004337884485721588,0.2059052288532257,unknown
morok_uav_drone_3d_model,data\demo\real_world_yolox_crops\train\morok_uav_drone_3d_model\crop_0003.jpg,0.07401926070451736,0.2059052288532257,unknown
morok_uav_drone_3d_model,data\demo\real_world_yolox_crops\train\morok_uav_drone_3d_model\crop_0004.jpg,0.13551932573318481,0.2059052288532257,unknown
morok_uav_drone_3d_model,data\demo\real_world_yolox_crops\train\morok_uav_drone_3d_model\crop_0005.jpg,0.15369033813476562,0.2059052288532257,unknown
morok_uav_drone_3d_model,data\demo\real_world_yolox_crops\train\morok_uav_drone_3d_model\crop_0006.jpg,-0.007487338036298752,0.2059052288532257,unknown
morok_uav_drone_3d_model,data\demo\real_world_yolox_crops\train\morok_uav_drone_3d_model\crop_0007.jpg,-0.02329939603805542,0.2059052288532257,unknown
morok_uav_drone_3d_model,data\demo\real_world_yolox_crops\train\morok_uav_drone_3d_model\crop_0008.jpg,-0.026178531348705292,0.2059052288532257,unknown
morok_uav_drone_3d_model,data\demo\real_world_yolox_crops\train\morok_uav_drone_3d_model\crop_0009.jpg,-0.16397979855537415,0.2059052288532257,unknown
morok_uav_drone_3d_model,data\demo\real_world_yolox_crops\train\morok_uav_drone_3d_model\crop_0010.jpg,-0.07428932189941406,0.2059052288532257,unknown
morok_uav_drone_3d_model,data\demo\real_world_yolox_crops\train\morok_uav_drone_3d_model\crop_0011.jpg,-0.08965308964252472,0.2059052288532257,unknown
morok_uav_drone_3d_model,data\demo\real_world_yolox_crops\train\morok_uav_drone_3d_model\crop_0012.jpg,0.3017619848251343,0.2059052288532257,unknown
morok_uav_drone_3d_model,data\demo\real_world_yolox_crops\train\morok_uav_drone_3d_model\crop_0013.jpg,0.010974016040563583,0.2059052288532257,unknown
morok_uav_drone_3d_model,data\demo\real_world_yolox_crops\train\morok_uav_drone_3d_model\crop_0014.jpg,-0.022069647908210754,0.2059052288532257,unknown
morok_uav_drone_3d_model,data\demo\real_world_yolox_crops\train\morok_uav_drone_3d_model\crop_0015.jpg,-0.27170586585998535,0.2059052288532257,unknown
morok_uav_drone_3d_model,data\demo\real_world_yolox_crops\train\morok_uav_drone_3d_model\crop_0016.jpg,-0.13586974143981934,0.2059052288532257,unknown
morok_uav_drone_3d_model,data\demo\real_world_yolox_crops\train\morok_uav_drone_3d_model\crop_0017.jpg,-0.09791237860918045,0.2059052288532257,unknown
morok_uav_drone_3d_model,data\demo\real_world_yolox_crops\train\morok_uav_drone_3d_model\crop_0018.jpg,-0.09201394766569138,0.2059052288532257,unknown
morok_uav_drone_3d_model,data\demo\real_world_yolox_crops\train\morok_uav_drone_3d_model\crop_0019.jpg,-0.19132088124752045,0.2059052288532257,unknown
morok_uav_drone_3d_model,data\demo\real_world_yolox_crops\train\morok_uav_drone_3d_model\crop_0020.jpg,0.13068094849586487,0.2059052288532257,unknown
morok_uav_drone_3d_model,data\demo\real_world_yolox_crops\train\morok_uav_drone_3d_model\crop_0021.jpg,-0.04025024175643921,0.2059052288532257,unknown
morok_uav_drone_3d_model,data\demo\real_world_yolox_crops\train\morok_uav_drone_3d_model\crop_0022.jpg,0.026828818023204803,0.2059052288532257,unknown
morok_uav_drone_3d_model,data\demo\real_world_yolox_crops\train\morok_uav_drone_3d_model\crop_0023.jpg,-0.026675429195165634,0.2059052288532257,unknown
morok_uav_drone_3d_model,data\demo\real_world_yolox_crops\train\morok_uav_drone_3d_model\crop_0024.jpg,0.05010414496064186,0.2059052288532257,unknown
morok_uav_drone_3d_model,data\demo\real_world_yolox_crops\train\morok_uav_drone_3d_model\crop_0025.jpg,0.15799644589424133,0.2059052288532257,unknown
morok_uav_drone_3d_model,data\demo\real_world_yolox_crops\train\morok_uav_drone_3d_model\crop_0026.jpg,0.0821957141160965,0.2059052288532257,unknown
morok_uav_drone_3d_model,data\demo\real_world_yolox_crops\train\morok_uav_drone_3d_model\crop_0027.jpg,-0.0714201033115387,0.2059052288532257,unknown
morok_uav_drone_3d_model,data\demo\real_world_yolox_crops\train\morok_uav_drone_3d_model\crop_0028.jpg,-0.08056274801492691,0.2059052288532257,unknown
morok_uav_drone_3d_model,data\demo\real_world_yolox_crops\train\morok_uav_drone_3d_model\crop_0029.jpg,0.14854532480239868,0.2059052288532257,unknown
morok_uav_drone_3d_model,data\demo\real_world_yolox_crops\train\morok_uav_drone_3d_model\crop_0030.jpg,-0.1303860992193222,0.2059052288532257,unknown
morok_uav_drone_3d_model,data\demo\real_world_yolox_crops\train\morok_uav_drone_3d_model\crop_0031.jpg,0.06013134866952896,0.2059052288532257,unknown
morok_uav_drone_3d_model,data\demo\real_world_yolox_crops\train\morok_uav_drone_3d_model\crop_0032.jpg,-0.11972229182720184,0.2059052288532257,unknown
morok_uav_drone_3d_model,data\demo\real_world_yolox_crops\train\morok_uav_drone_3d_model\crop_0033.jpg,0.20097719132900238,0.2059052288532257,unknown
morok_uav_drone_3d_model,data\demo\real_world_yolox_crops\train\morok_uav_drone_3d_model\crop_0034.jpg,-0.013862058520317078,0.2059052288532257,unknown
morok_uav_drone_3d_model,data\demo\real_world_yolox_crops\train\morok_uav_drone_3d_model\crop_0035.jpg,0.08236397802829742,0.2059052288532257,unknown
morok_uav_drone_3d_model,data\demo\real_world_yolox_crops\train\morok_uav_drone_3d_model\crop_0036.jpg,0.14717291295528412,0.2059052288532257,unknown
morok_uav_drone_3d_model,data\demo\real_world_yolox_crops\train\morok_uav_drone_3d_model\crop_0037.jpg,0.013033799827098846,0.2059052288532257,unknown
morok_uav_drone_3d_model,data\demo\real_world_yolox_crops\train\morok_uav_drone_3d_model\crop_0038.jpg,0.07016339898109436,0.2059052288532257,unknown
morok_uav_drone_3d_model,data\demo\real_world_yolox_crops\train\morok_uav_drone_3d_model\crop_0039.jpg,-0.14963027834892273,0.2059052288532257,unknown
morok_uav_drone_3d_model,data\demo\real_world_yolox_crops\train\morok_uav_drone_3d_model\crop_0040.jpg,-0.00045987218618392944,0.2059052288532257,unknown
morok_uav_drone_3d_model,data\demo\real_world_yolox_crops\train\morok_uav_drone_3d_model\crop_0041.jpg,0.07576287537813187,0.2059052288532257,unknown
morok_uav_drone_3d_model,data\demo\real_world_yolox_crops\train\morok_uav_drone_3d_model\crop_0042.jpg,-0.08166011422872543,0.2059052288532257,unknown
morok_uav_drone_3d_model,data\demo\real_world_yolox_crops\train\morok_uav_drone_3d_model\crop_0043.jpg,-0.0008719190955162048,0.2059052288532257,unknown
morok_uav_drone_3d_model,data\demo\real_world_yolox_crops\train\morok_uav_drone_3d_model\crop_0044.jpg,-0.043964698910713196,0.2059052288532257,unknown
morok_uav_drone_3d_model,data\demo\real_world_yolox_crops\train\morok_uav_drone_3d_model\crop_0045.jpg,-0.14384494721889496,0.2059052288532257,unknown
morok_uav_drone_3d_model,data\demo\real_world_yolox_crops\train\morok_uav_drone_3d_model\crop_0046.jpg,0.14422667026519775,0.2059052288532257,unknown
morok_uav_drone_3d_model,data\demo\real_world_yolox_crops\train\morok_uav_drone_3d_model\crop_0047.jpg,0.15614119172096252,0.2059052288532257,unknown
morok_uav_drone_3d_model,data\demo\real_world_yolox_crops\train\morok_uav_drone_3d_model\crop_0048.jpg,0.02523943781852722,0.2059052288532257,unknown
morok_uav_drone_3d_model,data\demo\real_world_yolox_crops\train\morok_uav_drone_3d_model\crop_0049.jpg,-0.05484769493341446,0.2059052288532257,unknown
morok_uav_drone_3d_model,data\demo\real_world_yolox_crops\train\morok_uav_drone_3d_model\crop_0050.jpg,0.10077250748872757,0.2059052288532257,unknown
morok_uav_drone_3d_model,data\demo\real_world_yolox_crops\train\morok_uav_drone_3d_model\crop_0051.jpg,-0.16935954988002777,0.2059052288532257,unknown
morok_uav_drone_3d_model,data\demo\real_world_yolox_crops\train\morok_uav_drone_3d_model\crop_0052.jpg,-0.0454355925321579,0.2059052288532257,unknown
morok_uav_drone_3d_model,data\demo\real_world_yolox_crops\train\morok_uav_drone_3d_model\crop_0053.jpg,0.03932194411754608,0.2059052288532257,unknown
morok_uav_drone_3d_model,data\demo\real_world_yolox_crops\train\morok_uav_drone_3d_model\crop_0054.jpg,-0.17688865959644318,0.2059052288532257,unknown
morok_uav_drone_3d_model,data\demo\real_world_yolox_crops\train\morok_uav_drone_3d_model\crop_0055.jpg,-0.05412423238158226,0.2059052288532257,unknown
morok_uav_drone_3d_model,data\demo\real_world_yolox_crops\train\morok_uav_drone_3d_model\crop_0056.jpg,0.034844011068344116,0.2059052288532257,unknown
morok_uav_drone_3d_model,data\demo\real_world_yolox_crops\train\morok_uav_drone_3d_model\crop_0057.jpg,-0.17336910963058472,0.2059052288532257,unknown
morok_uav_drone_3d_model,data\demo\real_world_yolox_crops\train\morok_uav_drone_3d_model\crop_0058.jpg,-0.014310792088508606,0.2059052288532257,unknown
morok_uav_drone_3d_model,data\demo\real_world_yolox_crops\train\morok_uav_drone_3d_model\crop_0059.jpg,0.02008223533630371,0.2059052288532257,unknown
morok_uav_drone_3d_model,data\demo\real_world_yolox_crops\train\morok_uav_drone_3d_model\crop_0060.jpg,0.16541212797164917,0.2059052288532257,unknown
morok_uav_drone_3d_model,data\demo\real_world_yolox_crops\train\morok_uav_drone_3d_model\crop_0061.jpg,0.20337837934494019,0.2059052288532257,unknown
morok_uav_drone_3d_model,data\demo\real_world_yolox_crops\train\morok_uav_drone_3d_model\crop_0062.jpg,0.046736471354961395,0.2059052288532257,unknown
morok_uav_drone_3d_model,data\demo\real_world_yolox_crops\train\morok_uav_drone_3d_model\crop_0063.jpg,-0.13636720180511475,0.2059052288532257,unknown
morok_uav_drone_3d_model,data\demo\real_world_yolox_crops\train\morok_uav_drone_3d_model\crop_0064.jpg,0.09716285765171051,0.2059052288532257,unknown
morok_uav_drone_3d_model,data\demo\real_world_yolox_crops\train\morok_uav_drone_3d_model\crop_0065.jpg,-0.06532088667154312,0.2059052288532257,unknown
morok_uav_drone_3d_model,data\demo\real_world_yolox_crops\train\morok_uav_drone_3d_model\crop_0066.jpg,-0.008882306516170502,0.2059052288532257,unknown
morok_uav_drone_3d_model,data\demo\real_world_yolox_crops\train\morok_uav_drone_3d_model\crop_0067.jpg,-0.04752497002482414,0.2059052288532257,unknown
morok_uav_drone_3d_model,data\demo\real_world_yolox_crops\train\morok_uav_drone_3d_model\crop_0068.jpg,0.05028282105922699,0.2059052288532257,unknown
morok_uav_drone_3d_model,data\demo\real_world_yolox_crops\train\morok_uav_drone_3d_model\crop_0069.jpg,-0.10427695512771606,0.2059052288532257,unknown
morok_uav_drone_3d_model,data\demo\real_world_yolox_crops\train\morok_uav_drone_3d_model\crop_0070.jpg,-0.06991026550531387,0.2059052288532257,unknown
morok_uav_drone_3d_model,data\demo\real_world_yolox_crops\train\morok_uav_drone_3d_model\crop_0071.jpg,0.05965551733970642,0.2059052288532257,unknown
morok_uav_drone_3d_model,data\demo\real_world_yolox_crops\train\morok_uav_drone_3d_model\crop_0072.jpg,-0.003024345263838768,0.2059052288532257,unknown
morok_uav_drone_3d_model,data\demo\real_world_yolox_crops\train\morok_uav_drone_3d_model\crop_0073.jpg,0.02374226599931717,0.2059052288532257,unknown
morok_uav_drone_3d_model,data\demo\real_world_yolox_crops\train\morok_uav_drone_3d_model\crop_0074.jpg,-0.10779882967472076,0.2059052288532257,unknown
morok_uav_drone_3d_model,data\demo\real_world_yolox_crops\train\morok_uav_drone_3d_model\crop_0075.jpg,-0.03077692538499832,0.2059052288532257,unknown
morok_uav_drone_3d_model,data\demo\real_world_yolox_crops\train\morok_uav_drone_3d_model\crop_0076.jpg,-0.10972156375646591,0.2059052288532257,unknown
morok_uav_drone_3d_model,data\demo\real_world_yolox_crops\train\morok_uav_drone_3d_model\crop_0077.jpg,-0.0014044344425201416,0.2059052288532257,unknown
morok_uav_drone_3d_model,data\demo\real_world_yolox_crops\train\morok_uav_drone_3d_model\crop_0078.jpg,-0.12495699524879456,0.2059052288532257,unknown
morok_uav_drone_3d_model,data\demo\real_world_yolox_crops\train\morok_uav_drone_3d_model\crop_0079.jpg,0.144901841878891,0.2059052288532257,unknown
morok_uav_drone_3d_model,data\demo\real_world_yolox_crops\train\morok_uav_drone_3d_model\crop_0080.jpg,-0.03350701928138733,0.2059052288532257,unknown
morok_uav_drone_3d_model,data\demo\real_world_yolox_crops\train\morok_uav_drone_3d_model\crop_0081.jpg,0.05705762654542923,0.2059052288532257,unknown
morok_uav_drone_3d_model,data\demo\real_world_yolox_crops\train\morok_uav_drone_3d_model\crop_0082.jpg,0.15526250004768372,0.2059052288532257,unknown
morok_uav_drone_3d_model,data\demo\real_world_yolox_crops\train\morok_uav_drone_3d_model\crop_0083.jpg,-0.08801363408565521,0.2059052288532257,unknown
morok_uav_drone_3d_model,data\demo\real_world_yolox_crops\train\morok_uav_drone_3d_model\crop_0084.jpg,0.044245023280382156,0.2059052288532257,unknown
morok_uav_drone_3d_model,data\demo\real_world_yolox_crops\train\morok_uav_drone_3d_model\crop_0085.jpg,-0.017161022871732712,0.2059052288532257,unknown
morok_uav_drone_3d_model,data\demo\real_world_yolox_crops\train\morok_uav_drone_3d_model\crop_0086.jpg,-0.11731505393981934,0.2059052288532257,unknown
morok_uav_drone_3d_model,data\demo\real_world_yolox_crops\train\morok_uav_drone_3d_model\crop_0087.jpg,-0.3136991560459137,0.2059052288532257,unknown
morok_uav_drone_3d_model,data\demo\real_world_yolox_crops\train\morok_uav_drone_3d_model\crop_0088.jpg,0.0076828524470329285,0.2059052288532257,unknown
mq-1_uav_war_thunder,data\demo\real_world_yolox_crops\train\mq-1_uav_war_thunder\crop_0000.jpg,0.001530129462480545,0.662068247795105,MATCH
mq-1_uav_war_thunder,data\demo\real_world_yolox_crops\train\mq-1_uav_war_thunder\crop_0001.jpg,0.07128399610519409,0.662068247795105,MATCH
mq-1_uav_war_thunder,data\demo\real_world_yolox_crops\train\mq-1_uav_war_thunder\crop_0002.jpg,0.24890589714050293,0.662068247795105,MATCH
mq-1_uav_war_thunder,data\demo\real_world_yolox_crops\train\mq-1_uav_war_thunder\crop_0003.jpg,0.10780176520347595,0.662068247795105,MATCH
mq-1_uav_war_thunder,data\demo\real_world_yolox_crops\train\mq-1_uav_war_thunder\crop_0004.jpg,0.4990384578704834,0.662068247795105,MATCH
mq-1_uav_war_thunder,data\demo\real_world_yolox_crops\train\mq-1_uav_war_thunder\crop_0005.jpg,0.05614624172449112,0.662068247795105,MATCH
mq-1_uav_war_thunder,data\demo\real_world_yolox_crops\train\mq-1_uav_war_thunder\crop_0006.jpg,0.3032649755477905,0.662068247795105,MATCH
mq-1_uav_war_thunder,data\demo\real_world_yolox_crops\train\mq-1_uav_war_thunder\crop_0007.jpg,-0.013054696843028069,0.662068247795105,MATCH
mq-1_uav_war_thunder,data\demo\real_world_yolox_crops\train\mq-1_uav_war_thunder\crop_0008.jpg,-0.02195316180586815,0.662068247795105,MATCH
mq-1_uav_war_thunder,data\demo\real_world_yolox_crops\train\mq-1_uav_war_thunder\crop_0009.jpg,0.17583642899990082,0.662068247795105,MATCH
mq-1_uav_war_thunder,data\demo\real_world_yolox_crops\train\mq-1_uav_war_thunder\crop_0010.jpg,0.6015785336494446,0.662068247795105,MATCH
mq-1_uav_war_thunder,data\demo\real_world_yolox_crops\train\mq-1_uav_war_thunder\crop_0011.jpg,-0.06585384905338287,0.662068247795105,MATCH
mq-1_uav_war_thunder,data\demo\real_world_yolox_crops\train\mq-1_uav_war_thunder\crop_0012.jpg,0.27704840898513794,0.662068247795105,MATCH
mq-1_uav_war_thunder,data\demo\real_world_yolox_crops\train\mq-1_uav_war_thunder\crop_0013.jpg,0.1989075094461441,0.662068247795105,MATCH
mq-1_uav_war_thunder,data\demo\real_world_yolox_crops\train\mq-1_uav_war_thunder\crop_0014.jpg,0.3602847456932068,0.662068247795105,MATCH
mq-1_uav_war_thunder,data\demo\real_world_yolox_crops\train\mq-1_uav_war_thunder\crop_0015.jpg,0.206186443567276,0.662068247795105,MATCH
mq-1_uav_war_thunder,data\demo\real_world_yolox_crops\train\mq-1_uav_war_thunder\crop_0016.jpg,0.08957783132791519,0.662068247795105,MATCH
mq-1_uav_war_thunder,data\demo\real_world_yolox_crops\train\mq-1_uav_war_thunder\crop_0017.jpg,0.28166842460632324,0.662068247795105,MATCH
mq-1_uav_war_thunder,data\demo\real_world_yolox_crops\train\mq-1_uav_war_thunder\crop_0018.jpg,0.1672235131263733,0.662068247795105,MATCH
mq-1_uav_war_thunder,data\demo\real_world_yolox_crops\train\mq-1_uav_war_thunder\crop_0019.jpg,0.4110373556613922,0.662068247795105,MATCH
mq-1_uav_war_thunder,data\demo\real_world_yolox_crops\train\mq-1_uav_war_thunder\crop_0020.jpg,0.266535222530365,0.662068247795105,MATCH
mq-1_uav_war_thunder,data\demo\real_world_yolox_crops\train\mq-1_uav_war_thunder\crop_0021.jpg,-0.18403208255767822,0.662068247795105,MATCH
mq-1_uav_war_thunder,data\demo\real_world_yolox_crops\train\mq-1_uav_war_thunder\crop_0022.jpg,-0.017978549003601074,0.662068247795105,MATCH
mq-1_uav_war_thunder,data\demo\real_world_yolox_crops\train\mq-1_uav_war_thunder\crop_0023.jpg,0.10534513741731644,0.662068247795105,MATCH
mq-1_uav_war_thunder,data\demo\real_world_yolox_crops\train\mq-1_uav_war_thunder\crop_0024.jpg,0.39077016711235046,0.662068247795105,MATCH
mq-1_uav_war_thunder,data\demo\real_world_yolox_crops\train\mq-1_uav_war_thunder\crop_0025.jpg,0.05051466077566147,0.662068247795105,MATCH
mq-1_uav_war_thunder,data\demo\real_world_yolox_crops\train\mq-1_uav_war_thunder\crop_0026.jpg,0.33186841011047363,0.662068247795105,MATCH
mq-1_uav_war_thunder,data\demo\real_world_yolox_crops\train\mq-1_uav_war_thunder\crop_0027.jpg,0.30053505301475525,0.662068247795105,MATCH
mq-1_uav_war_thunder,data\demo\real_world_yolox_crops\train\mq-1_uav_war_thunder\crop_0028.jpg,0.5037603378295898,0.662068247795105,MATCH
mq-1_uav_war_thunder,data\demo\real_world_yolox_crops\train\mq-1_uav_war_thunder\crop_0029.jpg,0.616193413734436,0.662068247795105,MATCH
mq-1_uav_war_thunder,data\demo\real_world_yolox_crops\train\mq-1_uav_war_thunder\crop_0030.jpg,0.49626925587654114,0.662068247795105,MATCH
mq-1_uav_war_thunder,data\demo\real_world_yolox_crops\train\mq-1_uav_war_thunder\crop_0031.jpg,-0.0511837899684906,0.662068247795105,MATCH
mq-1_uav_war_thunder,data\demo\real_world_yolox_crops\train\mq-1_uav_war_thunder\crop_0032.jpg,0.3525846004486084,0.662068247795105,MATCH
mq-1_uav_war_thunder,data\demo\real_world_yolox_crops\train\mq-1_uav_war_thunder\crop_0033.jpg,0.2870485782623291,0.662068247795105,MATCH
mq-1_uav_war_thunder,data\demo\real_world_yolox_crops\train\mq-1_uav_war_thunder\crop_0034.jpg,-0.2196216583251953,0.662068247795105,MATCH
mq-1_uav_war_thunder,data\demo\real_world_yolox_crops\train\mq-1_uav_war_thunder\crop_0035.jpg,0.598049521446228,0.662068247795105,MATCH
mq-1_uav_war_thunder,data\demo\real_world_yolox_crops\train\mq-1_uav_war_thunder\crop_0036.jpg,0.6162724494934082,0.662068247795105,MATCH
mq-1_uav_war_thunder,data\demo\real_world_yolox_crops\train\mq-1_uav_war_thunder\crop_0037.jpg,0.2129306197166443,0.662068247795105,MATCH
mq-1_uav_war_thunder,data\demo\real_world_yolox_crops\train\mq-1_uav_war_thunder\crop_0038.jpg,-0.009214922785758972,0.662068247795105,MATCH
mq-1_uav_war_thunder,data\demo\real_world_yolox_crops\train\mq-1_uav_war_thunder\crop_0039.jpg,0.1883983612060547,0.662068247795105,MATCH
mq-1_uav_war_thunder,data\demo\real_world_yolox_crops\train\mq-1_uav_war_thunder\crop_0040.jpg,0.16621538996696472,0.662068247795105,MATCH
mq-1_uav_war_thunder,data\demo\real_world_yolox_crops\train\mq-1_uav_war_thunder\crop_0041.jpg,0.06784380227327347,0.662068247795105,MATCH
mq-1_uav_war_thunder,data\demo\real_world_yolox_crops\train\mq-1_uav_war_thunder\crop_0042.jpg,0.2656373679637909,0.662068247795105,MATCH
mq-1_uav_war_thunder,data\demo\real_world_yolox_crops\train\mq-1_uav_war_thunder\crop_0043.jpg,0.1955830156803131,0.662068247795105,MATCH
mq-1_uav_war_thunder,data\demo\real_world_yolox_crops\train\mq-1_uav_war_thunder\crop_0044.jpg,0.2380993366241455,0.662068247795105,MATCH
mq-1_uav_war_thunder,data\demo\real_world_yolox_crops\train\mq-1_uav_war_thunder\crop_0045.jpg,0.03544574975967407,0.662068247795105,MATCH
mq-1_uav_war_thunder,data\demo\real_world_yolox_crops\train\mq-1_uav_war_thunder\crop_0046.jpg,0.2776506543159485,0.662068247795105,MATCH
mq-1_uav_war_thunder,data\demo\real_world_yolox_crops\train\mq-1_uav_war_thunder\crop_0047.jpg,0.44432878494262695,0.662068247795105,MATCH
mq-1_uav_war_thunder,data\demo\real_world_yolox_crops\train\mq-1_uav_war_thunder\crop_0048.jpg,0.20803263783454895,0.662068247795105,MATCH
mq-1_uav_war_thunder,data\demo\real_world_yolox_crops\train\mq-1_uav_war_thunder\crop_0049.jpg,0.3019302189350128,0.662068247795105,MATCH
mq-1_uav_war_thunder,data\demo\real_world_yolox_crops\train\mq-1_uav_war_thunder\crop_0050.jpg,0.8782473802566528,0.662068247795105,MATCH
mq-1_uav_war_thunder,data\demo\real_world_yolox_crops\train\mq-1_uav_war_thunder\crop_0051.jpg,0.07696150243282318,0.662068247795105,MATCH
mq-1_uav_war_thunder,data\demo\real_world_yolox_crops\train\mq-1_uav_war_thunder\crop_0052.jpg,0.10933754593133926,0.662068247795105,MATCH
mq-1_uav_war_thunder,data\demo\real_world_yolox_crops\train\mq-1_uav_war_thunder\crop_0053.jpg,0.017669878900051117,0.662068247795105,MATCH
mq-1_uav_war_thunder,data\demo\real_world_yolox_crops\train\mq-1_uav_war_thunder\crop_0054.jpg,0.3100545406341553,0.662068247795105,MATCH
mq-1_uav_war_thunder,data\demo\real_world_yolox_crops\train\mq-1_uav_war_thunder\crop_0055.jpg,0.23563417792320251,0.662068247795105,MATCH
mq-1_uav_war_thunder,data\demo\real_world_yolox_crops\train\mq-1_uav_war_thunder\crop_0056.jpg,0.4170371890068054,0.662068247795105,MATCH
mq-1_uav_war_thunder,data\demo\real_world_yolox_crops\train\mq-1_uav_war_thunder\crop_0057.jpg,0.3998155891895294,0.662068247795105,MATCH
mq-1_uav_war_thunder,data\demo\real_world_yolox_crops\train\mq-1_uav_war_thunder\crop_0058.jpg,0.1695639193058014,0.662068247795105,MATCH
mq-1_uav_war_thunder,data\demo\real_world_yolox_crops\train\mq-1_uav_war_thunder\crop_0059.jpg,0.13277429342269897,0.662068247795105,MATCH
mq-1_uav_war_thunder,data\demo\real_world_yolox_crops\train\mq-1_uav_war_thunder\crop_0060.jpg,0.3000597357749939,0.662068247795105,MATCH
mq-1_uav_war_thunder,data\demo\real_world_yolox_crops\train\mq-1_uav_war_thunder\crop_0061.jpg,-0.038930341601371765,0.662068247795105,MATCH
mq-1_uav_war_thunder,data\demo\real_world_yolox_crops\train\mq-1_uav_war_thunder\crop_0062.jpg,0.08371904492378235,0.662068247795105,MATCH
mq-1_uav_war_thunder,data\demo\real_world_yolox_crops\train\mq-1_uav_war_thunder\crop_0063.jpg,0.13987000286579132,0.662068247795105,MATCH
mq-1_uav_war_thunder,data\demo\real_world_yolox_crops\train\mq-1_uav_war_thunder\crop_0064.jpg,0.22280636429786682,0.662068247795105,MATCH
mq-1_uav_war_thunder,data\demo\real_world_yolox_crops\train\mq-1_uav_war_thunder\crop_0065.jpg,0.515291154384613,0.662068247795105,MATCH
mq-1_uav_war_thunder,data\demo\real_world_yolox_crops\train\mq-1_uav_war_thunder\crop_0066.jpg,0.5257183313369751,0.662068247795105,MATCH
mq-1_uav_war_thunder,data\demo\real_world_yolox_crops\train\mq-1_uav_war_thunder\crop_0067.jpg,-0.0009127333760261536,0.662068247795105,MATCH
mq-1_uav_war_thunder,data\demo\real_world_yolox_crops\train\mq-1_uav_war_thunder\crop_0068.jpg,0.03933105617761612,0.662068247795105,MATCH
mq-1_uav_war_thunder,data\demo\real_world_yolox_crops\train\mq-1_uav_war_thunder\crop_0069.jpg,0.5252754092216492,0.662068247795105,MATCH
mq-1_uav_war_thunder,data\demo\real_world_yolox_crops\train\mq-1_uav_war_thunder\crop_0070.jpg,0.42496877908706665,0.662068247795105,MATCH
mq-1_uav_war_thunder,data\demo\real_world_yolox_crops\train\mq-1_uav_war_thunder\crop_0071.jpg,0.1364458203315735,0.662068247795105,MATCH
mq-1_uav_war_thunder,data\demo\real_world_yolox_crops\train\mq-1_uav_war_thunder\crop_0072.jpg,0.371808797121048,0.662068247795105,MATCH
mq-1_uav_war_thunder,data\demo\real_world_yolox_crops\train\mq-1_uav_war_thunder\crop_0073.jpg,0.11862479150295258,0.662068247795105,MATCH
mq-1_uav_war_thunder,data\demo\real_world_yolox_crops\train\mq-1_uav_war_thunder\crop_0074.jpg,0.3236045241355896,0.662068247795105,MATCH
mq-1_uav_war_thunder,data\demo\real_world_yolox_crops\train\mq-1_uav_war_thunder\crop_0075.jpg,0.3824314475059509,0.662068247795105,MATCH
mq-1_uav_war_thunder,data\demo\real_world_yolox_crops\train\mq-1_uav_war_thunder\crop_0076.jpg,0.5502545833587646,0.662068247795105,MATCH
mq-9_reaper,data\demo\real_world_yolox_crops\train\mq-9_reaper\crop_0000.jpg,0.3189648985862732,0.7729600667953491,MATCH
mq-9_reaper,data\demo\real_world_yolox_crops\train\mq-9_reaper\crop_0001.jpg,0.023138485848903656,0.7729600667953491,MATCH
mq-9_reaper,data\demo\real_world_yolox_crops\train\mq-9_reaper\crop_0002.jpg,0.3569561839103699,0.7729600667953491,MATCH
mq-9_reaper,data\demo\real_world_yolox_crops\train\mq-9_reaper\crop_0003.jpg,-0.10418440401554108,0.7729600667953491,MATCH
mq-9_reaper,data\demo\real_world_yolox_crops\train\mq-9_reaper\crop_0004.jpg,0.37697285413742065,0.7729600667953491,MATCH
mq-9_reaper,data\demo\real_world_yolox_crops\train\mq-9_reaper\crop_0005.jpg,0.6372796893119812,0.7729600667953491,MATCH
mq-9_reaper,data\demo\real_world_yolox_crops\train\mq-9_reaper\crop_0006.jpg,0.5809616446495056,0.7729600667953491,MATCH
mq-9_reaper,data\demo\real_world_yolox_crops\train\mq-9_reaper\crop_0007.jpg,0.808094322681427,0.7729600667953491,MATCH
mq-9_reaper,data\demo\real_world_yolox_crops\train\mq-9_reaper\crop_0008.jpg,0.4808606505393982,0.7729600667953491,MATCH
mq-9_reaper,data\demo\real_world_yolox_crops\train\mq-9_reaper\crop_0009.jpg,0.4758806526660919,0.7729600667953491,MATCH
mq-9_reaper,data\demo\real_world_yolox_crops\train\mq-9_reaper\crop_0010.jpg,0.6036561131477356,0.7729600667953491,MATCH
mq-9_reaper,data\demo\real_world_yolox_crops\train\mq-9_reaper\crop_0011.jpg,0.2705349624156952,0.7729600667953491,MATCH
mq-9_reaper,data\demo\real_world_yolox_crops\train\mq-9_reaper\crop_0012.jpg,-0.14712916314601898,0.7729600667953491,MATCH
mq-9_reaper,data\demo\real_world_yolox_crops\train\mq-9_reaper\crop_0013.jpg,0.49559783935546875,0.7729600667953491,MATCH
mq-9_reaper,data\demo\real_world_yolox_crops\train\mq-9_reaper\crop_0014.jpg,0.44699767231941223,0.7729600667953491,MATCH
mq-9_reaper,data\demo\real_world_yolox_crops\train\mq-9_reaper\crop_0015.jpg,0.6837260723114014,0.7729600667953491,MATCH
mq-9_reaper,data\demo\real_world_yolox_crops\train\mq-9_reaper\crop_0016.jpg,0.2906597852706909,0.7729600667953491,MATCH
mq-9_reaper,data\demo\real_world_yolox_crops\train\mq-9_reaper\crop_0017.jpg,0.3612444996833801,0.7729600667953491,MATCH
mq-9_reaper,data\demo\real_world_yolox_crops\train\mq-9_reaper\crop_0018.jpg,-0.13373816013336182,0.7729600667953491,MATCH
mq-9_reaper,data\demo\real_world_yolox_crops\train\mq-9_reaper\crop_0019.jpg,0.5858885645866394,0.7729600667953491,MATCH
mq-9_reaper,data\demo\real_world_yolox_crops\train\mq-9_reaper\crop_0020.jpg,0.1020078957080841,0.7729600667953491,MATCH
mq-9_reaper,data\demo\real_world_yolox_crops\train\mq-9_reaper\crop_0021.jpg,0.39698171615600586,0.7729600667953491,MATCH
mq-9_reaper,data\demo\real_world_yolox_crops\train\mq-9_reaper\crop_0022.jpg,0.245025634765625,0.7729600667953491,MATCH
mq-9_reaper,data\demo\real_world_yolox_crops\train\mq-9_reaper\crop_0023.jpg,0.03563617169857025,0.7729600667953491,MATCH
mq-9_reaper,data\demo\real_world_yolox_crops\train\mq-9_reaper\crop_0024.jpg,0.14703577756881714,0.7729600667953491,MATCH
mq-9_reaper,data\demo\real_world_yolox_crops\train\mq-9_reaper\crop_0025.jpg,0.267993688583374,0.7729600667953491,MATCH
mq-9_reaper,data\demo\real_world_yolox_crops\train\mq-9_reaper\crop_0026.jpg,0.2773151099681854,0.7729600667953491,MATCH
mq-9_reaper,data\demo\real_world_yolox_crops\train\mq-9_reaper\crop_0027.jpg,0.4242854118347168,0.7729600667953491,MATCH
mq-9_reaper,data\demo\real_world_yolox_crops\train\mq-9_reaper\crop_0028.jpg,0.32525011897087097,0.7729600667953491,MATCH
mq-9_reaper,data\demo\real_world_yolox_crops\train\mq-9_reaper\crop_0029.jpg,0.5288065671920776,0.7729600667953491,MATCH
mq-9_reaper,data\demo\real_world_yolox_crops\train\mq-9_reaper\crop_0030.jpg,0.602187991142273,0.7729600667953491,MATCH
mq-9_reaper,data\demo\real_world_yolox_crops\train\mq-9_reaper\crop_0031.jpg,0.0643169954419136,0.7729600667953491,MATCH
mq-9_reaper,data\demo\real_world_yolox_crops\train\mq-9_reaper\crop_0032.jpg,0.2932475507259369,0.7729600667953491,MATCH
mq-9_reaper,data\demo\real_world_yolox_crops\train\mq-9_reaper\crop_0033.jpg,0.43134546279907227,0.7729600667953491,MATCH
mq-9_reaper,data\demo\real_world_yolox_crops\train\mq-9_reaper\crop_0034.jpg,0.1385890394449234,0.7729600667953491,MATCH
mq-9_reaper,data\demo\real_world_yolox_crops\train\mq-9_reaper\crop_0035.jpg,0.40780389308929443,0.7729600667953491,MATCH
mq-9_reaper,data\demo\real_world_yolox_crops\train\mq-9_reaper\crop_0036.jpg,0.2684926986694336,0.7729600667953491,MATCH
mq-9_reaper,data\demo\real_world_yolox_crops\train\mq-9_reaper\crop_0037.jpg,0.1174149140715599,0.7729600667953491,MATCH
mq-9_reaper,data\demo\real_world_yolox_crops\train\mq-9_reaper\crop_0038.jpg,0.4972247779369354,0.7729600667953491,MATCH
mq-9_reaper,data\demo\real_world_yolox_crops\train\mq-9_reaper\crop_0039.jpg,0.28126078844070435,0.7729600667953491,MATCH
mq-9_reaper,data\demo\real_world_yolox_crops\train\mq-9_reaper\crop_0040.jpg,0.05870593711733818,0.7729600667953491,MATCH
mq-9_reaper,data\demo\real_world_yolox_crops\train\mq-9_reaper\crop_0041.jpg,0.13089525699615479,0.7729600667953491,MATCH
mq-9_reaper,data\demo\real_world_yolox_crops\train\mq-9_reaper\crop_0042.jpg,0.03212163224816322,0.7729600667953491,MATCH
mq-9_reaper,data\demo\real_world_yolox_crops\train\mq-9_reaper\crop_0043.jpg,0.004374394193291664,0.7729600667953491,MATCH
mq-9_reaper,data\demo\real_world_yolox_crops\train\mq-9_reaper\crop_0044.jpg,0.8572763800621033,0.7729600667953491,MATCH
mq-9_reaper,data\demo\real_world_yolox_crops\train\mq-9_reaper\crop_0045.jpg,0.7450060248374939,0.7729600667953491,MATCH
mq-9_reaper,data\demo\real_world_yolox_crops\train\mq-9_reaper\crop_0046.jpg,0.3241196572780609,0.7729600667953491,MATCH
mq-9_reaper,data\demo\real_world_yolox_crops\train\mq-9_reaper\crop_0047.jpg,0.46102550625801086,0.7729600667953491,MATCH
mq-9_reaper,data\demo\real_world_yolox_crops\train\mq-9_reaper\crop_0048.jpg,0.6006342768669128,0.7729600667953491,MATCH
mq-9_reaper,data\demo\real_world_yolox_crops\train\mq-9_reaper\crop_0049.jpg,0.6745046973228455,0.7729600667953491,MATCH
mq-9_reaper,data\demo\real_world_yolox_crops\train\mq-9_reaper\crop_0050.jpg,0.5000613927841187,0.7729600667953491,MATCH
mq-9_reaper,data\demo\real_world_yolox_crops\train\mq-9_reaper\crop_0051.jpg,0.7182947397232056,0.7729600667953491,MATCH
mq-9_reaper,data\demo\real_world_yolox_crops\train\mq-9_reaper\crop_0052.jpg,0.2003551721572876,0.7729600667953491,MATCH
mq-9_reaper,data\demo\real_world_yolox_crops\train\mq-9_reaper\crop_0053.jpg,0.1858762800693512,0.7729600667953491,MATCH
mq-9_reaper,data\demo\real_world_yolox_crops\train\mq-9_reaper\crop_0054.jpg,0.7361289858818054,0.7729600667953491,MATCH
mq-9_reaper,data\demo\real_world_yolox_crops\train\mq-9_reaper\crop_0055.jpg,0.40150368213653564,0.7729600667953491,MATCH
mq-9_reaper,data\demo\real_world_yolox_crops\train\mq-9_reaper\crop_0056.jpg,0.15256023406982422,0.7729600667953491,MATCH
mq-9_reaper,data\demo\real_world_yolox_crops\train\mq-9_reaper\crop_0057.jpg,0.5459269881248474,0.7729600667953491,MATCH
mq-9_reaper_uav_drone,data\demo\real_world_yolox_crops\train\mq-9_reaper_uav_drone\crop_0000.jpg,0.06552375853061676,0.5797713398933411,unknown
mq-9_reaper_uav_drone,data\demo\real_world_yolox_crops\train\mq-9_reaper_uav_drone\crop_0001.jpg,-0.09252011030912399,0.5797713398933411,unknown
mq-9_reaper_uav_drone,data\demo\real_world_yolox_crops\train\mq-9_reaper_uav_drone\crop_0002.jpg,0.2116106152534485,0.5797713398933411,unknown
mq-9_reaper_uav_drone,data\demo\real_world_yolox_crops\train\mq-9_reaper_uav_drone\crop_0003.jpg,-0.27822524309158325,0.5797713398933411,unknown
mq-9_reaper_uav_drone,data\demo\real_world_yolox_crops\train\mq-9_reaper_uav_drone\crop_0004.jpg,0.03393883258104324,0.5797713398933411,unknown
mq-9_reaper_uav_drone,data\demo\real_world_yolox_crops\train\mq-9_reaper_uav_drone\crop_0005.jpg,0.11602428555488586,0.5797713398933411,unknown
mq-9_reaper_uav_drone,data\demo\real_world_yolox_crops\train\mq-9_reaper_uav_drone\crop_0006.jpg,-0.16448408365249634,0.5797713398933411,unknown
mq-9_reaper_uav_drone,data\demo\real_world_yolox_crops\train\mq-9_reaper_uav_drone\crop_0007.jpg,0.10872699320316315,0.5797713398933411,unknown
mq-9_reaper_uav_drone,data\demo\real_world_yolox_crops\train\mq-9_reaper_uav_drone\crop_0008.jpg,0.22606901824474335,0.5797713398933411,unknown
mq-9_reaper_uav_drone,data\demo\real_world_yolox_crops\train\mq-9_reaper_uav_drone\crop_0009.jpg,0.046333249658346176,0.5797713398933411,unknown
mq-9_reaper_uav_drone,data\demo\real_world_yolox_crops\train\mq-9_reaper_uav_drone\crop_0010.jpg,0.055467262864112854,0.5797713398933411,unknown
mq-9_reaper_uav_drone,data\demo\real_world_yolox_crops\train\mq-9_reaper_uav_drone\crop_0011.jpg,0.008021503686904907,0.5797713398933411,unknown
mq-9_reaper_uav_drone,data\demo\real_world_yolox_crops\train\mq-9_reaper_uav_drone\crop_0012.jpg,0.10320586711168289,0.5797713398933411,unknown
mq-9_reaper_uav_drone,data\demo\real_world_yolox_crops\train\mq-9_reaper_uav_drone\crop_0013.jpg,0.18982566893100739,0.5797713398933411,unknown
mq-9_reaper_uav_drone,data\demo\real_world_yolox_crops\train\mq-9_reaper_uav_drone\crop_0014.jpg,0.10026077181100845,0.5797713398933411,unknown
mq-9_reaper_uav_drone,data\demo\real_world_yolox_crops\train\mq-9_reaper_uav_drone\crop_0015.jpg,0.44965869188308716,0.5797713398933411,unknown
mq-9_reaper_uav_drone,data\demo\real_world_yolox_crops\train\mq-9_reaper_uav_drone\crop_0016.jpg,0.008169665932655334,0.5797713398933411,unknown
mq-9_reaper_uav_drone,data\demo\real_world_yolox_crops\train\mq-9_reaper_uav_drone\crop_0017.jpg,-0.04400002956390381,0.5797713398933411,unknown
mq-9_reaper_uav_drone,data\demo\real_world_yolox_crops\train\mq-9_reaper_uav_drone\crop_0018.jpg,0.007866233587265015,0.5797713398933411,unknown
mq-9_reaper_uav_drone,data\demo\real_world_yolox_crops\train\mq-9_reaper_uav_drone\crop_0019.jpg,0.22659021615982056,0.5797713398933411,unknown
mq-9_reaper_uav_drone,data\demo\real_world_yolox_crops\train\mq-9_reaper_uav_drone\crop_0020.jpg,0.22613000869750977,0.5797713398933411,unknown
mq-9_reaper_uav_drone,data\demo\real_world_yolox_crops\train\mq-9_reaper_uav_drone\crop_0021.jpg,-0.009056050330400467,0.5797713398933411,unknown
mq-9_reaper_uav_drone,data\demo\real_world_yolox_crops\train\mq-9_reaper_uav_drone\crop_0022.jpg,0.09662269055843353,0.5797713398933411,unknown
mq-9_reaper_uav_drone,data\demo\real_world_yolox_crops\train\mq-9_reaper_uav_drone\crop_0023.jpg,0.021652020514011383,0.5797713398933411,unknown
mq-9_reaper_uav_drone,data\demo\real_world_yolox_crops\train\mq-9_reaper_uav_drone\crop_0024.jpg,0.03371252492070198,0.5797713398933411,unknown
mq-9_reaper_uav_drone,data\demo\real_world_yolox_crops\train\mq-9_reaper_uav_drone\crop_0025.jpg,0.3550006151199341,0.5797713398933411,unknown
mq-9_reaper_uav_drone,data\demo\real_world_yolox_crops\train\mq-9_reaper_uav_drone\crop_0026.jpg,0.26342087984085083,0.5797713398933411,unknown
mq-9_reaper_uav_drone,data\demo\real_world_yolox_crops\train\mq-9_reaper_uav_drone\crop_0027.jpg,-0.09726964682340622,0.5797713398933411,unknown
mq-9_reaper_uav_drone,data\demo\real_world_yolox_crops\train\mq-9_reaper_uav_drone\crop_0028.jpg,0.05058300495147705,0.5797713398933411,unknown
mq-9_reaper_uav_drone,data\demo\real_world_yolox_crops\train\mq-9_reaper_uav_drone\crop_0029.jpg,0.34682613611221313,0.5797713398933411,unknown
mq-9_reaper_uav_drone,data\demo\real_world_yolox_crops\train\mq-9_reaper_uav_drone\crop_0030.jpg,-0.11210740357637405,0.5797713398933411,unknown
mq-9_reaper_uav_drone,data\demo\real_world_yolox_crops\train\mq-9_reaper_uav_drone\crop_0031.jpg,0.06754405051469803,0.5797713398933411,unknown
mq-9_reaper_uav_drone,data\demo\real_world_yolox_crops\train\mq-9_reaper_uav_drone\crop_0032.jpg,-0.006415180861949921,0.5797713398933411,unknown
mq-9_reaper_uav_drone,data\demo\real_world_yolox_crops\train\mq-9_reaper_uav_drone\crop_0033.jpg,0.6187222599983215,0.5797713398933411,unknown
mq-9_reaper_uav_drone,data\demo\real_world_yolox_crops\train\mq-9_reaper_uav_drone\crop_0034.jpg,0.7111086845397949,0.5797713398933411,unknown
mq-9_reaper_uav_drone,data\demo\real_world_yolox_crops\train\mq-9_reaper_uav_drone\crop_0035.jpg,0.6238476634025574,0.5797713398933411,unknown
mq-9_reaper_uav_drone,data\demo\real_world_yolox_crops\train\mq-9_reaper_uav_drone\crop_0036.jpg,0.3588646352291107,0.5797713398933411,unknown
mq-9_reaper_uav_drone,data\demo\real_world_yolox_crops\train\mq-9_reaper_uav_drone\crop_0037.jpg,0.08795681595802307,0.5797713398933411,unknown
mq-9_reaper_uav_drone,data\demo\real_world_yolox_crops\train\mq-9_reaper_uav_drone\crop_0038.jpg,0.33253535628318787,0.5797713398933411,unknown
mq-9_reaper_uav_drone,data\demo\real_world_yolox_crops\train\mq-9_reaper_uav_drone\crop_0039.jpg,0.13232994079589844,0.5797713398933411,unknown
mq-9_reaper_uav_drone,data\demo\real_world_yolox_crops\train\mq-9_reaper_uav_drone\crop_0040.jpg,0.21583475172519684,0.5797713398933411,unknown
mq-9_reaper_uav_drone,data\demo\real_world_yolox_crops\train\mq-9_reaper_uav_drone\crop_0041.jpg,0.15154355764389038,0.5797713398933411,unknown
mq-9_reaper_uav_drone,data\demo\real_world_yolox_crops\train\mq-9_reaper_uav_drone\crop_0042.jpg,-0.1799893081188202,0.5797713398933411,unknown
mq-9_reaper_uav_drone,data\demo\real_world_yolox_crops\train\mq-9_reaper_uav_drone\crop_0043.jpg,0.0745859369635582,0.5797713398933411,unknown
mq-9_reaper_uav_drone,data\demo\real_world_yolox_crops\train\mq-9_reaper_uav_drone\crop_0044.jpg,0.4157979190349579,0.5797713398933411,unknown
mq-9_reaper_uav_drone,data\demo\real_world_yolox_crops\train\mq-9_reaper_uav_drone\crop_0045.jpg,0.39314648509025574,0.5797713398933411,unknown
mq-9_reaper_uav_drone,data\demo\real_world_yolox_crops\train\mq-9_reaper_uav_drone\crop_0046.jpg,0.2805315852165222,0.5797713398933411,unknown
mq-9_reaper_uav_drone,data\demo\real_world_yolox_crops\train\mq-9_reaper_uav_drone\crop_0047.jpg,0.021877430379390717,0.5797713398933411,unknown
mq-9_reaper_uav_drone,data\demo\real_world_yolox_crops\train\mq-9_reaper_uav_drone\crop_0048.jpg,-0.00503038614988327,0.5797713398933411,unknown
mq-9_reaper_uav_drone,data\demo\real_world_yolox_crops\train\mq-9_reaper_uav_drone\crop_0049.jpg,0.07680447399616241,0.5797713398933411,unknown
mq-9_reaper_uav_drone,data\demo\real_world_yolox_crops\train\mq-9_reaper_uav_drone\crop_0050.jpg,0.13062003254890442,0.5797713398933411,unknown
mq-9_reaper_uav_drone,data\demo\real_world_yolox_crops\train\mq-9_reaper_uav_drone\crop_0051.jpg,0.09113626182079315,0.5797713398933411,unknown
mq-9_reaper_uav_drone,data\demo\real_world_yolox_crops\train\mq-9_reaper_uav_drone\crop_0052.jpg,0.00849561020731926,0.5797713398933411,unknown
mq-9_reaper_uav_drone,data\demo\real_world_yolox_crops\train\mq-9_reaper_uav_drone\crop_0053.jpg,-0.13960957527160645,0.5797713398933411,unknown
mq-9_reaper_uav_drone,data\demo\real_world_yolox_crops\train\mq-9_reaper_uav_drone\crop_0054.jpg,0.07637803256511688,0.5797713398933411,unknown
mq-9_reaper_uav_drone,data\demo\real_world_yolox_crops\train\mq-9_reaper_uav_drone\crop_0055.jpg,0.4079134464263916,0.5797713398933411,unknown
mq-9_reaper_uav_drone,data\demo\real_world_yolox_crops\train\mq-9_reaper_uav_drone\crop_0056.jpg,-0.09052690863609314,0.5797713398933411,unknown
mq-9_reaper_uav_drone,data\demo\real_world_yolox_crops\train\mq-9_reaper_uav_drone\crop_0057.jpg,0.49551922082901,0.5797713398933411,unknown
mq-9_reaper_uav_drone,data\demo\real_world_yolox_crops\train\mq-9_reaper_uav_drone\crop_0058.jpg,0.37896591424942017,0.5797713398933411,unknown
mq-9_reaper_uav_drone,data\demo\real_world_yolox_crops\train\mq-9_reaper_uav_drone\crop_0059.jpg,0.26035642623901367,0.5797713398933411,unknown
mq-9_reaper_uav_drone,data\demo\real_world_yolox_crops\train\mq-9_reaper_uav_drone\crop_0060.jpg,0.23028436303138733,0.5797713398933411,unknown
mq-9_reaper_uav_drone,data\demo\real_world_yolox_crops\train\mq-9_reaper_uav_drone\crop_0061.jpg,-0.03427128493785858,0.5797713398933411,unknown
mq-9_reaper_uav_drone,data\demo\real_world_yolox_crops\train\mq-9_reaper_uav_drone\crop_0062.jpg,-0.05812786892056465,0.5797713398933411,unknown
mq-9_reaper_uav_drone,data\demo\real_world_yolox_crops\train\mq-9_reaper_uav_drone\crop_0063.jpg,0.041510652750730515,0.5797713398933411,unknown
mq-9_reaper_uav_drone,data\demo\real_world_yolox_crops\train\mq-9_reaper_uav_drone\crop_0064.jpg,-0.037427857518196106,0.5797713398933411,unknown
mq-9_reaper_uav_drone,data\demo\real_world_yolox_crops\train\mq-9_reaper_uav_drone\crop_0065.jpg,0.08496513962745667,0.5797713398933411,unknown
mq-9_reaper_uav_drone,data\demo\real_world_yolox_crops\train\mq-9_reaper_uav_drone\crop_0066.jpg,0.36789387464523315,0.5797713398933411,unknown
mq-9_reaper_uav_drone,data\demo\real_world_yolox_crops\train\mq-9_reaper_uav_drone\crop_0067.jpg,0.3587300777435303,0.5797713398933411,unknown
mq-9_reaper_uav_drone,data\demo\real_world_yolox_crops\train\mq-9_reaper_uav_drone\crop_0068.jpg,0.38324835896492004,0.5797713398933411,unknown
mq-9_reaper_uav_drone,data\demo\real_world_yolox_crops\train\mq-9_reaper_uav_drone\crop_0069.jpg,0.03839726001024246,0.5797713398933411,unknown
mq-9_reaper_uav_drone,data\demo\real_world_yolox_crops\train\mq-9_reaper_uav_drone\crop_0070.jpg,0.018223270773887634,0.5797713398933411,unknown
mq-9_reaper_uav_drone,data\demo\real_world_yolox_crops\train\mq-9_reaper_uav_drone\crop_0071.jpg,0.11325310170650482,0.5797713398933411,unknown
mq-9_reaper_uav_drone,data\demo\real_world_yolox_crops\train\mq-9_reaper_uav_drone\crop_0072.jpg,0.009299419820308685,0.5797713398933411,unknown
mq-9_reaper_uav_drone,data\demo\real_world_yolox_crops\train\mq-9_reaper_uav_drone\crop_0073.jpg,0.048689328134059906,0.5797713398933411,unknown
mq-9_reaper_uav_drone,data\demo\real_world_yolox_crops\train\mq-9_reaper_uav_drone\crop_0074.jpg,0.06069367006421089,0.5797713398933411,unknown
mq-9_reaper_uav_drone,data\demo\real_world_yolox_crops\train\mq-9_reaper_uav_drone\crop_0075.jpg,-0.18263837695121765,0.5797713398933411,unknown
mq-9_reaper_uav_drone,data\demo\real_world_yolox_crops\train\mq-9_reaper_uav_drone\crop_0076.jpg,-0.05488048493862152,0.5797713398933411,unknown
mq-9_reaper_uav_drone,data\demo\real_world_yolox_crops\train\mq-9_reaper_uav_drone\crop_0077.jpg,-0.1268768608570099,0.5797713398933411,unknown
mq-9_reaper_uav_drone,data\demo\real_world_yolox_crops\train\mq-9_reaper_uav_drone\crop_0078.jpg,0.04092136770486832,0.5797713398933411,unknown
mq-9_reaper_uav_drone,data\demo\real_world_yolox_crops\train\mq-9_reaper_uav_drone\crop_0079.jpg,0.3333588242530823,0.5797713398933411,unknown
mq-9_reaper_uav_drone,data\demo\real_world_yolox_crops\train\mq-9_reaper_uav_drone\crop_0080.jpg,0.21558496356010437,0.5797713398933411,unknown
mq-9_reaper_uav_drone,data\demo\real_world_yolox_crops\train\mq-9_reaper_uav_drone\crop_0081.jpg,0.03456844389438629,0.5797713398933411,unknown
mq-9_reaper_uav_drone,data\demo\real_world_yolox_crops\train\mq-9_reaper_uav_drone\crop_0082.jpg,0.2929660677909851,0.5797713398933411,unknown
mq-9_reaper_uav_drone,data\demo\real_world_yolox_crops\train\mq-9_reaper_uav_drone\crop_0083.jpg,0.2524273693561554,0.5797713398933411,unknown
mq-9_reaper_uav_drone,data\demo\real_world_yolox_crops\train\mq-9_reaper_uav_drone\crop_0084.jpg,-0.053652338683605194,0.5797713398933411,unknown
mq-9_reaper_uav_drone,data\demo\real_world_yolox_crops\train\mq-9_reaper_uav_drone\crop_0085.jpg,-0.0542667880654335,0.5797713398933411,unknown
mq-9_reaper_uav_drone,data\demo\real_world_yolox_crops\train\mq-9_reaper_uav_drone\crop_0086.jpg,0.32077765464782715,0.5797713398933411,unknown
mq-9_reaper_uav_drone,data\demo\real_world_yolox_crops\train\mq-9_reaper_uav_drone\crop_0087.jpg,0.1544366031885147,0.5797713398933411,unknown
mq-9_reaper_uav_drone,data\demo\real_world_yolox_crops\train\mq-9_reaper_uav_drone\crop_0088.jpg,-0.04285140335559845,0.5797713398933411,unknown
mq-9_reaper_uav_drone,data\demo\real_world_yolox_crops\train\mq-9_reaper_uav_drone\crop_0089.jpg,0.18412649631500244,0.5797713398933411,unknown
mq_1_predator_uav,data\demo\real_world_yolox_crops\train\mq_1_predator_uav\crop_0000.jpg,0.13852086663246155,0.40529459714889526,unknown
mq_1_predator_uav,data\demo\real_world_yolox_crops\train\mq_1_predator_uav\crop_0001.jpg,0.05639098212122917,0.40529459714889526,unknown
mq_1_predator_uav,data\demo\real_world_yolox_crops\train\mq_1_predator_uav\crop_0002.jpg,0.1023780032992363,0.40529459714889526,unknown
mq_1_predator_uav,data\demo\real_world_yolox_crops\train\mq_1_predator_uav\crop_0003.jpg,-0.13707683980464935,0.40529459714889526,unknown
mq_1_predator_uav,data\demo\real_world_yolox_crops\train\mq_1_predator_uav\crop_0004.jpg,0.29495126008987427,0.40529459714889526,unknown
mq_1_predator_uav,data\demo\real_world_yolox_crops\train\mq_1_predator_uav\crop_0005.jpg,0.011947095394134521,0.40529459714889526,unknown
mq_1_predator_uav,data\demo\real_world_yolox_crops\train\mq_1_predator_uav\crop_0006.jpg,0.049594685435295105,0.40529459714889526,unknown
mq_1_predator_uav,data\demo\real_world_yolox_crops\train\mq_1_predator_uav\crop_0007.jpg,-0.06540566682815552,0.40529459714889526,unknown
mq_1_predator_uav,data\demo\real_world_yolox_crops\train\mq_1_predator_uav\crop_0008.jpg,-0.01015886664390564,0.40529459714889526,unknown
mq_1_predator_uav,data\demo\real_world_yolox_crops\train\mq_1_predator_uav\crop_0009.jpg,0.3110252916812897,0.40529459714889526,unknown
mq_1_predator_uav,data\demo\real_world_yolox_crops\train\mq_1_predator_uav\crop_0010.jpg,0.060967206954956055,0.40529459714889526,unknown
mq_1_predator_uav,data\demo\real_world_yolox_crops\train\mq_1_predator_uav\crop_0011.jpg,0.6116080284118652,0.40529459714889526,unknown
mq_1_predator_uav,data\demo\real_world_yolox_crops\train\mq_1_predator_uav\crop_0012.jpg,0.0337667241692543,0.40529459714889526,unknown
mq_1_predator_uav,data\demo\real_world_yolox_crops\train\mq_1_predator_uav\crop_0013.jpg,-0.06820331513881683,0.40529459714889526,unknown
mq_1_predator_uav,data\demo\real_world_yolox_crops\train\mq_1_predator_uav\crop_0014.jpg,0.13725098967552185,0.40529459714889526,unknown
mq_1_predator_uav,data\demo\real_world_yolox_crops\train\mq_1_predator_uav\crop_0015.jpg,0.19616025686264038,0.40529459714889526,unknown
mq_1_predator_uav,data\demo\real_world_yolox_crops\train\mq_1_predator_uav\crop_0016.jpg,0.029701337218284607,0.40529459714889526,unknown
mq_1_predator_uav,data\demo\real_world_yolox_crops\train\mq_1_predator_uav\crop_0017.jpg,0.07029496878385544,0.40529459714889526,unknown
mq_1_predator_uav,data\demo\real_world_yolox_crops\train\mq_1_predator_uav\crop_0018.jpg,0.10261055827140808,0.40529459714889526,unknown
mq_1_predator_uav,data\demo\real_world_yolox_crops\train\mq_1_predator_uav\crop_0019.jpg,-0.20132224261760712,0.40529459714889526,unknown
mq_1_predator_uav,data\demo\real_world_yolox_crops\train\mq_1_predator_uav\crop_0020.jpg,-0.003679826855659485,0.40529459714889526,unknown
mq_1_predator_uav,data\demo\real_world_yolox_crops\train\mq_1_predator_uav\crop_0021.jpg,-0.15465222299098969,0.40529459714889526,unknown
mq_1_predator_uav,data\demo\real_world_yolox_crops\train\mq_1_predator_uav\crop_0022.jpg,0.04456128552556038,0.40529459714889526,unknown
mq_1_predator_uav,data\demo\real_world_yolox_crops\train\mq_1_predator_uav\crop_0023.jpg,0.2134067416191101,0.40529459714889526,unknown
mq_1_predator_uav,data\demo\real_world_yolox_crops\train\mq_1_predator_uav\crop_0024.jpg,0.07312579452991486,0.40529459714889526,unknown
mq_1_predator_uav,data\demo\real_world_yolox_crops\train\mq_1_predator_uav\crop_0025.jpg,-0.1839052438735962,0.40529459714889526,unknown
mq_1_predator_uav,data\demo\real_world_yolox_crops\train\mq_1_predator_uav\crop_0026.jpg,-0.0750921443104744,0.40529459714889526,unknown
mq_1_predator_uav,data\demo\real_world_yolox_crops\train\mq_1_predator_uav\crop_0027.jpg,0.062451522797346115,0.40529459714889526,unknown
mq_1_predator_uav,data\demo\real_world_yolox_crops\train\mq_1_predator_uav\crop_0028.jpg,-0.466310977935791,0.40529459714889526,unknown
mq_1_predator_uav,data\demo\real_world_yolox_crops\train\mq_1_predator_uav\crop_0029.jpg,-0.25982385873794556,0.40529459714889526,unknown
mq_1_predator_uav,data\demo\real_world_yolox_crops\train\mq_1_predator_uav\crop_0030.jpg,-0.1423104852437973,0.40529459714889526,unknown
mq_1_predator_uav,data\demo\real_world_yolox_crops\train\mq_1_predator_uav\crop_0031.jpg,-0.13593482971191406,0.40529459714889526,unknown
mq_1_predator_uav,data\demo\real_world_yolox_crops\train\mq_1_predator_uav\crop_0032.jpg,0.06267005205154419,0.40529459714889526,unknown
mq_1_predator_uav,data\demo\real_world_yolox_crops\train\mq_1_predator_uav\crop_0033.jpg,0.12297427654266357,0.40529459714889526,unknown
mq_1_predator_uav,data\demo\real_world_yolox_crops\train\mq_1_predator_uav\crop_0034.jpg,0.2683098316192627,0.40529459714889526,unknown
mq_1_predator_uav,data\demo\real_world_yolox_crops\train\mq_1_predator_uav\crop_0035.jpg,0.052935369312763214,0.40529459714889526,unknown
mq_1_predator_uav,data\demo\real_world_yolox_crops\train\mq_1_predator_uav\crop_0036.jpg,0.14673855900764465,0.40529459714889526,unknown
mq_1_predator_uav,data\demo\real_world_yolox_crops\train\mq_1_predator_uav\crop_0037.jpg,0.11999572813510895,0.40529459714889526,unknown
mq_1_predator_uav,data\demo\real_world_yolox_crops\train\mq_1_predator_uav\crop_0038.jpg,0.09188255667686462,0.40529459714889526,unknown
mq_1_predator_uav,data\demo\real_world_yolox_crops\train\mq_1_predator_uav\crop_0039.jpg,-0.12213126569986343,0.40529459714889526,unknown
mq_1_predator_uav,data\demo\real_world_yolox_crops\train\mq_1_predator_uav\crop_0040.jpg,-0.11797584593296051,0.40529459714889526,unknown
mq_1_predator_uav,data\demo\real_world_yolox_crops\train\mq_1_predator_uav\crop_0041.jpg,0.1896182745695114,0.40529459714889526,unknown
mq_1_predator_uav,data\demo\real_world_yolox_crops\train\mq_1_predator_uav\crop_0042.jpg,-0.21870343387126923,0.40529459714889526,unknown
mq_1_predator_uav,data\demo\real_world_yolox_crops\train\mq_1_predator_uav\crop_0043.jpg,0.25037455558776855,0.40529459714889526,unknown
mq_1_predator_uav,data\demo\real_world_yolox_crops\train\mq_1_predator_uav\crop_0044.jpg,0.09232928603887558,0.40529459714889526,unknown
mq_1_predator_uav,data\demo\real_world_yolox_crops\train\mq_1_predator_uav\crop_0045.jpg,-0.11987871676683426,0.40529459714889526,unknown
mq_1_predator_uav,data\demo\real_world_yolox_crops\train\mq_1_predator_uav\crop_0046.jpg,0.1995156854391098,0.40529459714889526,unknown
mq_1_predator_uav,data\demo\real_world_yolox_crops\train\mq_1_predator_uav\crop_0047.jpg,0.11851359903812408,0.40529459714889526,unknown
mq_1_predator_uav,data\demo\real_world_yolox_crops\train\mq_1_predator_uav\crop_0048.jpg,-0.06522710621356964,0.40529459714889526,unknown
mq_1_predator_uav,data\demo\real_world_yolox_crops\train\mq_1_predator_uav\crop_0049.jpg,-0.008902385830879211,0.40529459714889526,unknown
mq_1_predator_uav,data\demo\real_world_yolox_crops\train\mq_1_predator_uav\crop_0050.jpg,0.03359706327319145,0.40529459714889526,unknown
mq_1_predator_uav,data\demo\real_world_yolox_crops\train\mq_1_predator_uav\crop_0051.jpg,-0.026762381196022034,0.40529459714889526,unknown
mq_1_predator_uav,data\demo\real_world_yolox_crops\train\mq_1_predator_uav\crop_0052.jpg,0.36377573013305664,0.40529459714889526,unknown
mq_1_predator_uav,data\demo\real_world_yolox_crops\train\mq_1_predator_uav\crop_0053.jpg,0.07079365104436874,0.40529459714889526,unknown
mq_1_predator_uav,data\demo\real_world_yolox_crops\train\mq_1_predator_uav\crop_0054.jpg,0.3457331359386444,0.40529459714889526,unknown
mq_1_predator_uav,data\demo\real_world_yolox_crops\train\mq_1_predator_uav\crop_0055.jpg,0.08981195092201233,0.40529459714889526,unknown
mq_1_predator_uav,data\demo\real_world_yolox_crops\train\mq_1_predator_uav\crop_0056.jpg,0.01915021613240242,0.40529459714889526,unknown
mq_1_predator_uav,data\demo\real_world_yolox_crops\train\mq_1_predator_uav\crop_0057.jpg,0.18354688584804535,0.40529459714889526,unknown
mq_1_predator_uav,data\demo\real_world_yolox_crops\train\mq_1_predator_uav\crop_0058.jpg,-0.08097337186336517,0.40529459714889526,unknown
mq_1_predator_uav,data\demo\real_world_yolox_crops\train\mq_1_predator_uav\crop_0059.jpg,-0.13939616084098816,0.40529459714889526,unknown
mq_1_predator_uav,data\demo\real_world_yolox_crops\train\mq_1_predator_uav\crop_0060.jpg,-0.003365837037563324,0.40529459714889526,unknown
mq_1_predator_uav,data\demo\real_world_yolox_crops\train\mq_1_predator_uav\crop_0061.jpg,0.1281289905309677,0.40529459714889526,unknown
mq_1_predator_uav,data\demo\real_world_yolox_crops\train\mq_1_predator_uav\crop_0062.jpg,0.08713315427303314,0.40529459714889526,unknown
mq_1_predator_uav,data\demo\real_world_yolox_crops\train\mq_1_predator_uav\crop_0063.jpg,0.08799135684967041,0.40529459714889526,unknown
mq_1_predator_uav,data\demo\real_world_yolox_crops\train\mq_1_predator_uav\crop_0064.jpg,0.021885603666305542,0.40529459714889526,unknown
mq_1_predator_uav,data\demo\real_world_yolox_crops\train\mq_1_predator_uav\crop_0065.jpg,0.03487778455018997,0.40529459714889526,unknown
mq_1_predator_uav,data\demo\real_world_yolox_crops\train\mq_1_predator_uav\crop_0066.jpg,-0.10226500779390335,0.40529459714889526,unknown
mq_1_predator_uav,data\demo\real_world_yolox_crops\train\mq_1_predator_uav\crop_0067.jpg,0.007787525653839111,0.40529459714889526,unknown
mq_1_predator_uav,data\demo\real_world_yolox_crops\train\mq_1_predator_uav\crop_0068.jpg,-0.23277895152568817,0.40529459714889526,unknown
mq_1_predator_uav,data\demo\real_world_yolox_crops\train\mq_1_predator_uav\crop_0069.jpg,0.17698583006858826,0.40529459714889526,unknown
mq_1_predator_uav,data\demo\real_world_yolox_crops\train\mq_1_predator_uav\crop_0070.jpg,0.005920030176639557,0.40529459714889526,unknown
mq_1_predator_uav,data\demo\real_world_yolox_crops\train\mq_1_predator_uav\crop_0071.jpg,0.3943307399749756,0.40529459714889526,unknown
mq_1_predator_uav,data\demo\real_world_yolox_crops\train\mq_1_predator_uav\crop_0072.jpg,0.021720342338085175,0.40529459714889526,unknown
mq_1_predator_uav,data\demo\real_world_yolox_crops\train\mq_1_predator_uav\crop_0073.jpg,0.30378401279449463,0.40529459714889526,unknown
mq_1_predator_uav,data\demo\real_world_yolox_crops\train\mq_1_predator_uav\crop_0074.jpg,-0.15357962250709534,0.40529459714889526,unknown
mq_1_predator_uav,data\demo\real_world_yolox_crops\train\mq_1_predator_uav\crop_0075.jpg,-0.07454388588666916,0.40529459714889526,unknown
mq_1_predator_uav,data\demo\real_world_yolox_crops\train\mq_1_predator_uav\crop_0076.jpg,0.2643547058105469,0.40529459714889526,unknown
mq_1_predator_uav,data\demo\real_world_yolox_crops\train\mq_1_predator_uav\crop_0077.jpg,0.07908020168542862,0.40529459714889526,unknown
mq_1_predator_uav,data\demo\real_world_yolox_crops\train\mq_1_predator_uav\crop_0078.jpg,0.0018835365772247314,0.40529459714889526,unknown
mq_1_predator_uav,data\demo\real_world_yolox_crops\train\mq_1_predator_uav\crop_0079.jpg,0.05671984329819679,0.40529459714889526,unknown
neg_airplane,data\demo\real_world_yolox_crops\train\neg_airplane\crop_0000.jpg,-0.10793592780828476,0.5997692346572876,unknown
neg_airplane,data\demo\real_world_yolox_crops\train\neg_airplane\crop_0001.jpg,0.33009645342826843,0.5997692346572876,unknown
neg_airplane,data\demo\real_world_yolox_crops\train\neg_airplane\crop_0002.jpg,0.32968848943710327,0.5997692346572876,unknown
neg_airplane,data\demo\real_world_yolox_crops\train\neg_airplane\crop_0003.jpg,0.13388052582740784,0.5997692346572876,unknown
neg_airplane,data\demo\real_world_yolox_crops\train\neg_airplane\crop_0004.jpg,0.26051658391952515,0.5997692346572876,unknown
neg_airplane,data\demo\real_world_yolox_crops\train\neg_airplane\crop_0005.jpg,-0.004557788372039795,0.5997692346572876,unknown
neg_airplane,data\demo\real_world_yolox_crops\train\neg_airplane\crop_0006.jpg,0.018614284694194794,0.5997692346572876,unknown
neg_airplane,data\demo\real_world_yolox_crops\train\neg_airplane\crop_0007.jpg,0.2711368203163147,0.5997692346572876,unknown
neg_airplane,data\demo\real_world_yolox_crops\train\neg_airplane\crop_0008.jpg,-0.23504281044006348,0.5997692346572876,unknown
neg_airplane,data\demo\real_world_yolox_crops\train\neg_airplane\crop_0009.jpg,0.2554051876068115,0.5997692346572876,unknown
neg_airplane,data\demo\real_world_yolox_crops\train\neg_airplane\crop_0010.jpg,0.25461408495903015,0.5997692346572876,unknown
neg_airplane,data\demo\real_world_yolox_crops\train\neg_airplane\crop_0011.jpg,0.26065605878829956,0.5997692346572876,unknown
neg_airplane,data\demo\real_world_yolox_crops\train\neg_airplane\crop_0012.jpg,0.5963187217712402,0.5997692346572876,unknown
neg_airplane,data\demo\real_world_yolox_crops\train\neg_airplane\crop_0013.jpg,0.052530884742736816,0.5997692346572876,unknown
neg_airplane,data\demo\real_world_yolox_crops\train\neg_airplane\crop_0014.jpg,0.0016211867332458496,0.5997692346572876,unknown
neg_airplane,data\demo\real_world_yolox_crops\train\neg_airplane\crop_0015.jpg,0.2844453454017639,0.5997692346572876,unknown
neg_airplane,data\demo\real_world_yolox_crops\train\neg_airplane\crop_0016.jpg,-0.14262640476226807,0.5997692346572876,unknown
neg_airplane,data\demo\real_world_yolox_crops\train\neg_airplane\crop_0017.jpg,0.046835459768772125,0.5997692346572876,unknown
neg_airplane,data\demo\real_world_yolox_crops\train\neg_airplane\crop_0018.jpg,0.2131069302558899,0.5997692346572876,unknown
neg_airplane,data\demo\real_world_yolox_crops\train\neg_airplane\crop_0019.jpg,0.5923862457275391,0.5997692346572876,unknown
neg_airplane,data\demo\real_world_yolox_crops\train\neg_airplane\crop_0020.jpg,0.6193552017211914,0.5997692346572876,unknown
neg_airplane,data\demo\real_world_yolox_crops\train\neg_airplane\crop_0021.jpg,0.22799351811408997,0.5997692346572876,unknown
neg_airplane,data\demo\real_world_yolox_crops\train\neg_airplane\crop_0022.jpg,0.6469774842262268,0.5997692346572876,unknown
neg_airplane,data\demo\real_world_yolox_crops\train\neg_airplane\crop_0023.jpg,0.24918492138385773,0.5997692346572876,unknown
neg_airplane,data\demo\real_world_yolox_crops\train\neg_airplane\crop_0024.jpg,-0.061233196407556534,0.5997692346572876,unknown
neg_airplane,data\demo\real_world_yolox_crops\train\neg_airplane\crop_0025.jpg,-0.038779690861701965,0.5997692346572876,unknown
neg_airplane,data\demo\real_world_yolox_crops\train\neg_airplane\crop_0026.jpg,0.1539408564567566,0.5997692346572876,unknown
neg_airplane,data\demo\real_world_yolox_crops\train\neg_airplane\crop_0027.jpg,0.1164647787809372,0.5997692346572876,unknown
neg_airplane,data\demo\real_world_yolox_crops\train\neg_airplane\crop_0028.jpg,0.09053623676300049,0.5997692346572876,unknown
neg_airplane,data\demo\real_world_yolox_crops\train\neg_airplane\crop_0029.jpg,0.17764140665531158,0.5997692346572876,unknown
neg_airplane,data\demo\real_world_yolox_crops\train\neg_airplane\crop_0030.jpg,0.19421426951885223,0.5997692346572876,unknown
neg_airplane,data\demo\real_world_yolox_crops\train\neg_airplane\crop_0031.jpg,0.22288033366203308,0.5997692346572876,unknown
neg_airplane,data\demo\real_world_yolox_crops\train\neg_airplane\crop_0032.jpg,0.13291820883750916,0.5997692346572876,unknown
neg_airplane,data\demo\real_world_yolox_crops\train\neg_airplane\crop_0033.jpg,-0.06841463595628738,0.5997692346572876,unknown
neg_airplane,data\demo\real_world_yolox_crops\train\neg_airplane\crop_0034.jpg,0.19779294729232788,0.5997692346572876,unknown
neg_airplane,data\demo\real_world_yolox_crops\train\neg_airplane\crop_0035.jpg,0.1469593644142151,0.5997692346572876,unknown
neg_airplane,data\demo\real_world_yolox_crops\train\neg_airplane\crop_0036.jpg,0.05010835826396942,0.5997692346572876,unknown
neg_airplane,data\demo\real_world_yolox_crops\train\neg_airplane\crop_0037.jpg,-0.05186954140663147,0.5997692346572876,unknown
neg_airplane,data\demo\real_world_yolox_crops\train\neg_airplane\crop_0038.jpg,0.1926574409008026,0.5997692346572876,unknown
neg_airplane,data\demo\real_world_yolox_crops\train\neg_airplane\crop_0039.jpg,-0.008268386125564575,0.5997692346572876,unknown
neg_airplane,data\demo\real_world_yolox_crops\train\neg_airplane\crop_0040.jpg,0.42682188749313354,0.5997692346572876,unknown
neg_airplane,data\demo\real_world_yolox_crops\train\neg_airplane\crop_0041.jpg,0.14659671485424042,0.5997692346572876,unknown
neg_airplane,data\demo\real_world_yolox_crops\train\neg_airplane\crop_0042.jpg,0.14948470890522003,0.5997692346572876,unknown
neg_airplane,data\demo\real_world_yolox_crops\train\neg_airplane\crop_0043.jpg,0.25788235664367676,0.5997692346572876,unknown
neg_airplane,data\demo\real_world_yolox_crops\train\neg_airplane\crop_0044.jpg,0.1651976853609085,0.5997692346572876,unknown
neg_airplane,data\demo\real_world_yolox_crops\train\neg_airplane\crop_0045.jpg,0.008026160299777985,0.5997692346572876,unknown
neg_airplane,data\demo\real_world_yolox_crops\train\neg_airplane\crop_0046.jpg,0.1941683143377304,0.5997692346572876,unknown
neg_airplane,data\demo\real_world_yolox_crops\train\neg_airplane\crop_0047.jpg,-0.18034900724887848,0.5997692346572876,unknown
neg_airplane,data\demo\real_world_yolox_crops\train\neg_airplane\crop_0048.jpg,0.1638631820678711,0.5997692346572876,unknown
neg_airplane,data\demo\real_world_yolox_crops\train\neg_airplane\crop_0049.jpg,0.24962900578975677,0.5997692346572876,unknown
neg_airplane,data\demo\real_world_yolox_crops\train\neg_airplane\crop_0050.jpg,-0.11073443293571472,0.5997692346572876,unknown
neg_airplane,data\demo\real_world_yolox_crops\train\neg_airplane\crop_0051.jpg,0.2853151559829712,0.5997692346572876,unknown
neg_airplane,data\demo\real_world_yolox_crops\train\neg_airplane\crop_0052.jpg,0.10068497061729431,0.5997692346572876,unknown
neg_airplane,data\demo\real_world_yolox_crops\train\neg_airplane\crop_0053.jpg,0.5438084006309509,0.5997692346572876,unknown
neg_airplane,data\demo\real_world_yolox_crops\train\neg_airplane\crop_0054.jpg,0.21849139034748077,0.5997692346572876,unknown
neg_airplane,data\demo\real_world_yolox_crops\train\neg_airplane\crop_0055.jpg,0.09101417660713196,0.5997692346572876,unknown
neg_airplane,data\demo\real_world_yolox_crops\train\neg_airplane\crop_0056.jpg,0.32970359921455383,0.5997692346572876,unknown
neg_airplane,data\demo\real_world_yolox_crops\train\neg_airplane\crop_0057.jpg,-0.004578333348035812,0.5997692346572876,unknown
neg_airplane,data\demo\real_world_yolox_crops\train\neg_airplane\crop_0058.jpg,0.08193207532167435,0.5997692346572876,unknown
neg_airplane,data\demo\real_world_yolox_crops\train\neg_airplane\crop_0059.jpg,0.00642741471529007,0.5997692346572876,unknown
neg_airplane,data\demo\real_world_yolox_crops\train\neg_airplane\crop_0060.jpg,0.13511107861995697,0.5997692346572876,unknown
neg_airplane,data\demo\real_world_yolox_crops\train\neg_airplane\crop_0061.jpg,0.05213348567485809,0.5997692346572876,unknown
neg_airplane,data\demo\real_world_yolox_crops\train\neg_airplane\crop_0062.jpg,0.21708020567893982,0.5997692346572876,unknown
neg_airplane,data\demo\real_world_yolox_crops\train\neg_airplane\crop_0063.jpg,0.11523764580488205,0.5997692346572876,unknown
neg_airplane,data\demo\real_world_yolox_crops\train\neg_airplane\crop_0064.jpg,0.05693317577242851,0.5997692346572876,unknown
neg_airplane,data\demo\real_world_yolox_crops\train\neg_airplane\crop_0065.jpg,0.17854857444763184,0.5997692346572876,unknown
neg_airplane,data\demo\real_world_yolox_crops\train\neg_airplane\crop_0066.jpg,0.19081546366214752,0.5997692346572876,unknown
neg_airplane,data\demo\real_world_yolox_crops\train\neg_airplane\crop_0067.jpg,0.2702975869178772,0.5997692346572876,unknown
neg_airplane,data\demo\real_world_yolox_crops\train\neg_airplane\crop_0068.jpg,0.2530447840690613,0.5997692346572876,unknown
neg_airplane,data\demo\real_world_yolox_crops\train\neg_airplane\crop_0069.jpg,-0.02879629284143448,0.5997692346572876,unknown
neg_airplane,data\demo\real_world_yolox_crops\train\neg_airplane\crop_0070.jpg,0.0897916853427887,0.5997692346572876,unknown
neg_airplane,data\demo\real_world_yolox_crops\train\neg_airplane\crop_0071.jpg,-0.060217276215553284,0.5997692346572876,unknown
neg_airplane,data\demo\real_world_yolox_crops\train\neg_airplane\crop_0072.jpg,0.3963868021965027,0.5997692346572876,unknown
neg_airplane,data\demo\real_world_yolox_crops\train\neg_airplane\crop_0073.jpg,0.3397466242313385,0.5997692346572876,unknown
neg_airplane,data\demo\real_world_yolox_crops\train\neg_airplane\crop_0074.jpg,0.23194622993469238,0.5997692346572876,unknown
neg_airplane,data\demo\real_world_yolox_crops\train\neg_airplane\crop_0075.jpg,0.19097059965133667,0.5997692346572876,unknown
neg_airplane,data\demo\real_world_yolox_crops\train\neg_airplane\crop_0076.jpg,0.20632493495941162,0.5997692346572876,unknown
neg_airplane,data\demo\real_world_yolox_crops\train\neg_airplane\crop_0077.jpg,-0.011526387184858322,0.5997692346572876,unknown
neg_airplane,data\demo\real_world_yolox_crops\train\neg_airplane\crop_0078.jpg,0.091312937438488,0.5997692346572876,unknown
neg_airplane,data\demo\real_world_yolox_crops\train\neg_airplane\crop_0079.jpg,0.25420743227005005,0.5997692346572876,unknown
neg_airplane,data\demo\real_world_yolox_crops\train\neg_airplane\crop_0080.jpg,-0.2531450390815735,0.5997692346572876,unknown
neg_airplane,data\demo\real_world_yolox_crops\train\neg_airplane\crop_0081.jpg,0.012940667569637299,0.5997692346572876,unknown
neg_airplane,data\demo\real_world_yolox_crops\train\neg_airplane\crop_0082.jpg,0.01789095252752304,0.5997692346572876,unknown
neg_airplane_crj-900_cityjet,data\demo\real_world_yolox_crops\train\neg_airplane_crj-900_cityjet\crop_0000.jpg,0.34143805503845215,0.592185914516449,unknown
neg_airplane_crj-900_cityjet,data\demo\real_world_yolox_crops\train\neg_airplane_crj-900_cityjet\crop_0001.jpg,0.2684517502784729,0.592185914516449,unknown
neg_airplane_crj-900_cityjet,data\demo\real_world_yolox_crops\train\neg_airplane_crj-900_cityjet\crop_0002.jpg,0.34605497121810913,0.592185914516449,unknown
neg_airplane_crj-900_cityjet,data\demo\real_world_yolox_crops\train\neg_airplane_crj-900_cityjet\crop_0003.jpg,0.16600263118743896,0.592185914516449,unknown
neg_airplane_crj-900_cityjet,data\demo\real_world_yolox_crops\train\neg_airplane_crj-900_cityjet\crop_0004.jpg,0.1814824342727661,0.592185914516449,unknown
neg_airplane_crj-900_cityjet,data\demo\real_world_yolox_crops\train\neg_airplane_crj-900_cityjet\crop_0005.jpg,0.30658507347106934,0.592185914516449,unknown
neg_airplane_crj-900_cityjet,data\demo\real_world_yolox_crops\train\neg_airplane_crj-900_cityjet\crop_0006.jpg,0.04302845150232315,0.592185914516449,unknown
neg_airplane_crj-900_cityjet,data\demo\real_world_yolox_crops\train\neg_airplane_crj-900_cityjet\crop_0007.jpg,0.795324981212616,0.592185914516449,unknown
neg_airplane_crj-900_cityjet,data\demo\real_world_yolox_crops\train\neg_airplane_crj-900_cityjet\crop_0008.jpg,-0.002815786749124527,0.592185914516449,unknown
neg_airplane_crj-900_cityjet,data\demo\real_world_yolox_crops\train\neg_airplane_crj-900_cityjet\crop_0009.jpg,0.4259844422340393,0.592185914516449,unknown
neg_airplane_crj-900_cityjet,data\demo\real_world_yolox_crops\train\neg_airplane_crj-900_cityjet\crop_0010.jpg,0.4290978014469147,0.592185914516449,unknown
neg_airplane_crj-900_cityjet,data\demo\real_world_yolox_crops\train\neg_airplane_crj-900_cityjet\crop_0011.jpg,0.1630735695362091,0.592185914516449,unknown
neg_airplane_crj-900_cityjet,data\demo\real_world_yolox_crops\train\neg_airplane_crj-900_cityjet\crop_0012.jpg,0.2786397337913513,0.592185914516449,unknown
neg_airplane_crj-900_cityjet,data\demo\real_world_yolox_crops\train\neg_airplane_crj-900_cityjet\crop_0013.jpg,0.08905034512281418,0.592185914516449,unknown
neg_airplane_crj-900_cityjet,data\demo\real_world_yolox_crops\train\neg_airplane_crj-900_cityjet\crop_0014.jpg,0.08406765758991241,0.592185914516449,unknown
neg_airplane_crj-900_cityjet,data\demo\real_world_yolox_crops\train\neg_airplane_crj-900_cityjet\crop_0015.jpg,0.1863587200641632,0.592185914516449,unknown
neg_airplane_crj-900_cityjet,data\demo\real_world_yolox_crops\train\neg_airplane_crj-900_cityjet\crop_0016.jpg,0.21344852447509766,0.592185914516449,unknown
neg_airplane_crj-900_cityjet,data\demo\real_world_yolox_crops\train\neg_airplane_crj-900_cityjet\crop_0017.jpg,0.1667538285255432,0.592185914516449,unknown
neg_airplane_crj-900_cityjet,data\demo\real_world_yolox_crops\train\neg_airplane_crj-900_cityjet\crop_0018.jpg,0.21945957839488983,0.592185914516449,unknown
neg_airplane_crj-900_cityjet,data\demo\real_world_yolox_crops\train\neg_airplane_crj-900_cityjet\crop_0019.jpg,0.22420403361320496,0.592185914516449,unknown
neg_airplane_crj-900_cityjet,data\demo\real_world_yolox_crops\train\neg_airplane_crj-900_cityjet\crop_0020.jpg,-0.09477752447128296,0.592185914516449,unknown
neg_airplane_crj-900_cityjet,data\demo\real_world_yolox_crops\train\neg_airplane_crj-900_cityjet\crop_0021.jpg,0.03467797487974167,0.592185914516449,unknown
neg_airplane_crj-900_cityjet,data\demo\real_world_yolox_crops\train\neg_airplane_crj-900_cityjet\crop_0022.jpg,0.17786508798599243,0.592185914516449,unknown
neg_airplane_crj-900_cityjet,data\demo\real_world_yolox_crops\train\neg_airplane_crj-900_cityjet\crop_0023.jpg,0.1426592469215393,0.592185914516449,unknown
neg_airplane_crj-900_cityjet,data\demo\real_world_yolox_crops\train\neg_airplane_crj-900_cityjet\crop_0024.jpg,0.09683442860841751,0.592185914516449,unknown
neg_airplane_crj-900_cityjet,data\demo\real_world_yolox_crops\train\neg_airplane_crj-900_cityjet\crop_0025.jpg,0.4733915328979492,0.592185914516449,unknown
neg_airplane_crj-900_cityjet,data\demo\real_world_yolox_crops\train\neg_airplane_crj-900_cityjet\crop_0026.jpg,0.30036038160324097,0.592185914516449,unknown
neg_airplane_crj-900_cityjet,data\demo\real_world_yolox_crops\train\neg_airplane_crj-900_cityjet\crop_0027.jpg,-0.07458797842264175,0.592185914516449,unknown
neg_airplane_crj-900_cityjet,data\demo\real_world_yolox_crops\train\neg_airplane_crj-900_cityjet\crop_0028.jpg,0.13165707886219025,0.592185914516449,unknown
neg_airplane_crj-900_cityjet,data\demo\real_world_yolox_crops\train\neg_airplane_crj-900_cityjet\crop_0029.jpg,0.4633638262748718,0.592185914516449,unknown
neg_airplane_crj-900_cityjet,data\demo\real_world_yolox_crops\train\neg_airplane_crj-900_cityjet\crop_0030.jpg,0.15740761160850525,0.592185914516449,unknown
neg_airplane_crj-900_cityjet,data\demo\real_world_yolox_crops\train\neg_airplane_crj-900_cityjet\crop_0031.jpg,0.35484418272972107,0.592185914516449,unknown
neg_airplane_crj-900_cityjet,data\demo\real_world_yolox_crops\train\neg_airplane_crj-900_cityjet\crop_0032.jpg,0.07337864488363266,0.592185914516449,unknown
neg_airplane_crj-900_cityjet,data\demo\real_world_yolox_crops\train\neg_airplane_crj-900_cityjet\crop_0033.jpg,0.38162583112716675,0.592185914516449,unknown
neg_airplane_crj-900_cityjet,data\demo\real_world_yolox_crops\train\neg_airplane_crj-900_cityjet\crop_0034.jpg,0.2678227722644806,0.592185914516449,unknown
neg_airplane_crj-900_cityjet,data\demo\real_world_yolox_crops\train\neg_airplane_crj-900_cityjet\crop_0035.jpg,0.28768685460090637,0.592185914516449,unknown
neg_airplane_crj-900_cityjet,data\demo\real_world_yolox_crops\train\neg_airplane_crj-900_cityjet\crop_0036.jpg,0.15788882970809937,0.592185914516449,unknown
neg_airplane_crj-900_cityjet,data\demo\real_world_yolox_crops\train\neg_airplane_crj-900_cityjet\crop_0037.jpg,0.14413130283355713,0.592185914516449,unknown
neg_airplane_crj-900_cityjet,data\demo\real_world_yolox_crops\train\neg_airplane_crj-900_cityjet\crop_0038.jpg,0.17237955331802368,0.592185914516449,unknown
neg_airplane_crj-900_cityjet,data\demo\real_world_yolox_crops\train\neg_airplane_crj-900_cityjet\crop_0039.jpg,0.33846569061279297,0.592185914516449,unknown
neg_airplane_crj-900_cityjet,data\demo\real_world_yolox_crops\train\neg_airplane_crj-900_cityjet\crop_0040.jpg,0.2351837456226349,0.592185914516449,unknown
neg_airplane_crj-900_cityjet,data\demo\real_world_yolox_crops\train\neg_airplane_crj-900_cityjet\crop_0041.jpg,0.395351767539978,0.592185914516449,unknown
neg_airplane_crj-900_cityjet,data\demo\real_world_yolox_crops\train\neg_airplane_crj-900_cityjet\crop_0042.jpg,0.1544964611530304,0.592185914516449,unknown
neg_airplane_crj-900_cityjet,data\demo\real_world_yolox_crops\train\neg_airplane_crj-900_cityjet\crop_0043.jpg,0.04935745894908905,0.592185914516449,unknown
neg_airplane_crj-900_cityjet,data\demo\real_world_yolox_crops\train\neg_airplane_crj-900_cityjet\crop_0044.jpg,0.1922588050365448,0.592185914516449,unknown
neg_airplane_crj-900_cityjet,data\demo\real_world_yolox_crops\train\neg_airplane_crj-900_cityjet\crop_0045.jpg,0.06400465965270996,0.592185914516449,unknown
neg_airplane_crj-900_cityjet,data\demo\real_world_yolox_crops\train\neg_airplane_crj-900_cityjet\crop_0046.jpg,0.01989084482192993,0.592185914516449,unknown
neg_airplane_crj-900_cityjet,data\demo\real_world_yolox_crops\train\neg_airplane_crj-900_cityjet\crop_0047.jpg,0.08699287474155426,0.592185914516449,unknown
neg_airplane_crj-900_cityjet,data\demo\real_world_yolox_crops\train\neg_airplane_crj-900_cityjet\crop_0048.jpg,0.056656964123249054,0.592185914516449,unknown
neg_airplane_crj-900_cityjet,data\demo\real_world_yolox_crops\train\neg_airplane_crj-900_cityjet\crop_0049.jpg,-0.06433959305286407,0.592185914516449,unknown
neg_airplane_crj-900_cityjet,data\demo\real_world_yolox_crops\train\neg_airplane_crj-900_cityjet\crop_0050.jpg,0.27881520986557007,0.592185914516449,unknown
neg_airplane_crj-900_cityjet,data\demo\real_world_yolox_crops\train\neg_airplane_crj-900_cityjet\crop_0051.jpg,-0.16785180568695068,0.592185914516449,unknown
neg_airplane_crj-900_cityjet,data\demo\real_world_yolox_crops\train\neg_airplane_crj-900_cityjet\crop_0052.jpg,0.709581732749939,0.592185914516449,unknown
neg_airplane_crj-900_cityjet,data\demo\real_world_yolox_crops\train\neg_airplane_crj-900_cityjet\crop_0053.jpg,0.007154151797294617,0.592185914516449,unknown
neg_airplane_crj-900_cityjet,data\demo\real_world_yolox_crops\train\neg_airplane_crj-900_cityjet\crop_0054.jpg,-0.09694615006446838,0.592185914516449,unknown
neg_airplane_crj-900_cityjet,data\demo\real_world_yolox_crops\train\neg_airplane_crj-900_cityjet\crop_0055.jpg,0.3314122259616852,0.592185914516449,unknown
neg_airplane_crj-900_cityjet,data\demo\real_world_yolox_crops\train\neg_airplane_crj-900_cityjet\crop_0056.jpg,0.5192676782608032,0.592185914516449,unknown
neg_airplane_crj-900_cityjet,data\demo\real_world_yolox_crops\train\neg_airplane_crj-900_cityjet\crop_0057.jpg,0.28039467334747314,0.592185914516449,unknown
neg_airplane_crj-900_cityjet,data\demo\real_world_yolox_crops\train\neg_airplane_crj-900_cityjet\crop_0058.jpg,0.09264659881591797,0.592185914516449,unknown
neg_airplane_crj-900_cityjet,data\demo\real_world_yolox_crops\train\neg_airplane_crj-900_cityjet\crop_0059.jpg,0.13555628061294556,0.592185914516449,unknown
neg_airplane_crj-900_cityjet,data\demo\real_world_yolox_crops\train\neg_airplane_crj-900_cityjet\crop_0060.jpg,0.1001037210226059,0.592185914516449,unknown
neg_airplane_crj-900_cityjet,data\demo\real_world_yolox_crops\train\neg_airplane_crj-900_cityjet\crop_0061.jpg,0.09744081646203995,0.592185914516449,unknown
neg_airplane_crj-900_cityjet,data\demo\real_world_yolox_crops\train\neg_airplane_crj-900_cityjet\crop_0062.jpg,0.20038051903247833,0.592185914516449,unknown
neg_airplane_crj-900_cityjet,data\demo\real_world_yolox_crops\train\neg_airplane_crj-900_cityjet\crop_0063.jpg,0.06490250676870346,0.592185914516449,unknown
neg_airplane_crj-900_cityjet,data\demo\real_world_yolox_crops\train\neg_airplane_crj-900_cityjet\crop_0064.jpg,0.2074069380760193,0.592185914516449,unknown
neg_airplane_crj-900_cityjet,data\demo\real_world_yolox_crops\train\neg_airplane_crj-900_cityjet\crop_0065.jpg,0.1412232667207718,0.592185914516449,unknown
neg_airplane_ww1,data\demo\real_world_yolox_crops\train\neg_airplane_ww1\crop_0000.jpg,-0.029469935223460197,0.5374554395675659,unknown
neg_airplane_ww1,data\demo\real_world_yolox_crops\train\neg_airplane_ww1\crop_0001.jpg,-0.2099948525428772,0.5374554395675659,unknown
neg_airplane_ww1,data\demo\real_world_yolox_crops\train\neg_airplane_ww1\crop_0002.jpg,-0.22659042477607727,0.5374554395675659,unknown
neg_airplane_ww1,data\demo\real_world_yolox_crops\train\neg_airplane_ww1\crop_0003.jpg,0.06978489458560944,0.5374554395675659,unknown
neg_airplane_ww1,data\demo\real_world_yolox_crops\train\neg_airplane_ww1\crop_0004.jpg,0.07124913483858109,0.5374554395675659,unknown
neg_airplane_ww1,data\demo\real_world_yolox_crops\train\neg_airplane_ww1\crop_0005.jpg,0.057425133883953094,0.5374554395675659,unknown
neg_airplane_ww1,data\demo\real_world_yolox_crops\train\neg_airplane_ww1\crop_0006.jpg,0.07993485778570175,0.5374554395675659,unknown
neg_airplane_ww1,data\demo\real_world_yolox_crops\train\neg_airplane_ww1\crop_0007.jpg,-0.1423255205154419,0.5374554395675659,unknown
neg_airplane_ww1,data\demo\real_world_yolox_crops\train\neg_airplane_ww1\crop_0008.jpg,-0.04903647303581238,0.5374554395675659,unknown
neg_airplane_ww1,data\demo\real_world_yolox_crops\train\neg_airplane_ww1\crop_0009.jpg,-0.017113476991653442,0.5374554395675659,unknown
neg_airplane_ww1,data\demo\real_world_yolox_crops\train\neg_airplane_ww1\crop_0010.jpg,0.12842628359794617,0.5374554395675659,unknown
neg_airplane_ww1,data\demo\real_world_yolox_crops\train\neg_airplane_ww1\crop_0011.jpg,0.06013191118836403,0.5374554395675659,unknown
neg_airplane_ww1,data\demo\real_world_yolox_crops\train\neg_airplane_ww1\crop_0012.jpg,0.0016544908285140991,0.5374554395675659,unknown
neg_airplane_ww1,data\demo\real_world_yolox_crops\train\neg_airplane_ww1\crop_0013.jpg,0.07687496393918991,0.5374554395675659,unknown
neg_airplane_ww1,data\demo\real_world_yolox_crops\train\neg_airplane_ww1\crop_0014.jpg,0.03252733498811722,0.5374554395675659,unknown
neg_airplane_ww1,data\demo\real_world_yolox_crops\train\neg_airplane_ww1\crop_0015.jpg,0.41610416769981384,0.5374554395675659,unknown
neg_airplane_ww1,data\demo\real_world_yolox_crops\train\neg_airplane_ww1\crop_0016.jpg,-0.03848688304424286,0.5374554395675659,unknown
neg_airplane_ww1,data\demo\real_world_yolox_crops\train\neg_airplane_ww1\crop_0017.jpg,0.06344646960496902,0.5374554395675659,unknown
neg_airplane_ww1,data\demo\real_world_yolox_crops\train\neg_airplane_ww1\crop_0018.jpg,0.014633744955062866,0.5374554395675659,unknown
neg_airplane_ww1,data\demo\real_world_yolox_crops\train\neg_airplane_ww1\crop_0019.jpg,0.009085752069950104,0.5374554395675659,unknown
neg_airplane_ww1,data\demo\real_world_yolox_crops\train\neg_airplane_ww1\crop_0020.jpg,-0.2808241546154022,0.5374554395675659,unknown
neg_airplane_ww1,data\demo\real_world_yolox_crops\train\neg_airplane_ww1\crop_0021.jpg,0.03841254860162735,0.5374554395675659,unknown
neg_airplane_ww1,data\demo\real_world_yolox_crops\train\neg_airplane_ww1\crop_0022.jpg,0.030700813978910446,0.5374554395675659,unknown
neg_airplane_ww1,data\demo\real_world_yolox_crops\train\neg_airplane_ww1\crop_0023.jpg,0.13774991035461426,0.5374554395675659,unknown
neg_airplane_ww1,data\demo\real_world_yolox_crops\train\neg_airplane_ww1\crop_0024.jpg,0.08126108348369598,0.5374554395675659,unknown
neg_airplane_ww1,data\demo\real_world_yolox_crops\train\neg_airplane_ww1\crop_0025.jpg,0.042002223432064056,0.5374554395675659,unknown
neg_airplane_ww1,data\demo\real_world_yolox_crops\train\neg_airplane_ww1\crop_0026.jpg,-0.057843223214149475,0.5374554395675659,unknown
neg_airplane_ww1,data\demo\real_world_yolox_crops\train\neg_airplane_ww1\crop_0027.jpg,0.24511684477329254,0.5374554395675659,unknown
neg_airplane_ww1,data\demo\real_world_yolox_crops\train\neg_airplane_ww1\crop_0028.jpg,0.2425762116909027,0.5374554395675659,unknown
neg_airplane_ww1,data\demo\real_world_yolox_crops\train\neg_airplane_ww1\crop_0029.jpg,0.05048801749944687,0.5374554395675659,unknown
neg_airplane_ww1,data\demo\real_world_yolox_crops\train\neg_airplane_ww1\crop_0030.jpg,-0.03226500377058983,0.5374554395675659,unknown
neg_airplane_ww1,data\demo\real_world_yolox_crops\train\neg_airplane_ww1\crop_0031.jpg,0.16298750042915344,0.5374554395675659,unknown
neg_airplane_ww1,data\demo\real_world_yolox_crops\train\neg_airplane_ww1\crop_0032.jpg,0.6160194277763367,0.5374554395675659,unknown
neg_airplane_ww1,data\demo\real_world_yolox_crops\train\neg_airplane_ww1\crop_0033.jpg,0.5511110424995422,0.5374554395675659,unknown
neg_airplane_ww1,data\demo\real_world_yolox_crops\train\neg_airplane_ww1\crop_0034.jpg,0.11392798274755478,0.5374554395675659,unknown
neg_airplane_ww1,data\demo\real_world_yolox_crops\train\neg_airplane_ww1\crop_0035.jpg,0.05927448347210884,0.5374554395675659,unknown
neg_airplane_ww1,data\demo\real_world_yolox_crops\train\neg_airplane_ww1\crop_0036.jpg,0.19083526730537415,0.5374554395675659,unknown
neg_airplane_ww1,data\demo\real_world_yolox_crops\train\neg_airplane_ww1\crop_0037.jpg,0.4256526231765747,0.5374554395675659,unknown
neg_airplane_ww1,data\demo\real_world_yolox_crops\train\neg_airplane_ww1\crop_0038.jpg,-0.04797832667827606,0.5374554395675659,unknown
neg_airplane_ww1,data\demo\real_world_yolox_crops\train\neg_airplane_ww1\crop_0039.jpg,0.13989286124706268,0.5374554395675659,unknown
neg_airplane_ww1,data\demo\real_world_yolox_crops\train\neg_airplane_ww1\crop_0040.jpg,0.24182219803333282,0.5374554395675659,unknown
neg_airplane_ww1,data\demo\real_world_yolox_crops\train\neg_airplane_ww1\crop_0041.jpg,-0.09961307048797607,0.5374554395675659,unknown
neg_airplane_ww1,data\demo\real_world_yolox_crops\train\neg_airplane_ww1\crop_0042.jpg,0.05743522197008133,0.5374554395675659,unknown
neg_airplane_ww1,data\demo\real_world_yolox_crops\train\neg_airplane_ww1\crop_0043.jpg,0.54317307472229,0.5374554395675659,unknown
neg_airplane_ww1,data\demo\real_world_yolox_crops\train\neg_airplane_ww1\crop_0044.jpg,0.519386887550354,0.5374554395675659,unknown
neg_airplane_ww1,data\demo\real_world_yolox_crops\train\neg_airplane_ww1\crop_0045.jpg,0.15336795151233673,0.5374554395675659,unknown
neg_airplane_ww1,data\demo\real_world_yolox_crops\train\neg_airplane_ww1\crop_0046.jpg,0.11308355629444122,0.5374554395675659,unknown
neg_airplane_ww1,data\demo\real_world_yolox_crops\train\neg_airplane_ww1\crop_0047.jpg,0.10590407997369766,0.5374554395675659,unknown
neg_airplane_ww1,data\demo\real_world_yolox_crops\train\neg_airplane_ww1\crop_0048.jpg,-0.29694074392318726,0.5374554395675659,unknown
neg_airplane_ww1,data\demo\real_world_yolox_crops\train\neg_airplane_ww1\crop_0049.jpg,0.30261483788490295,0.5374554395675659,unknown
neg_airplane_ww1,data\demo\real_world_yolox_crops\train\neg_airplane_ww1\crop_0050.jpg,0.22865507006645203,0.5374554395675659,unknown
neg_airplane_ww1,data\demo\real_world_yolox_crops\train\neg_airplane_ww1\crop_0051.jpg,-0.006033390760421753,0.5374554395675659,unknown
neg_airplane_ww1,data\demo\real_world_yolox_crops\train\neg_airplane_ww1\crop_0052.jpg,-0.10452599823474884,0.5374554395675659,unknown
neg_airplane_ww1,data\demo\real_world_yolox_crops\train\neg_airplane_ww1\crop_0053.jpg,0.07769595831632614,0.5374554395675659,unknown
neg_airplane_ww1,data\demo\real_world_yolox_crops\train\neg_airplane_ww1\crop_0054.jpg,0.4408559203147888,0.5374554395675659,unknown
neg_airplane_ww1,data\demo\real_world_yolox_crops\train\neg_airplane_ww1\crop_0055.jpg,0.10088309645652771,0.5374554395675659,unknown
neg_airplane_ww1,data\demo\real_world_yolox_crops\train\neg_airplane_ww1\crop_0056.jpg,0.27184149622917175,0.5374554395675659,unknown
neg_airplane_ww1,data\demo\real_world_yolox_crops\train\neg_airplane_ww1\crop_0057.jpg,0.30385345220565796,0.5374554395675659,unknown
neg_airplane_ww1,data\demo\real_world_yolox_crops\train\neg_airplane_ww1\crop_0058.jpg,-0.07423419505357742,0.5374554395675659,unknown
neg_airplane_ww1,data\demo\real_world_yolox_crops\train\neg_airplane_ww1\crop_0059.jpg,0.028779808431863785,0.5374554395675659,unknown
neg_airplane_ww1,data\demo\real_world_yolox_crops\train\neg_airplane_ww1\crop_0060.jpg,0.13035306334495544,0.5374554395675659,unknown
neg_airplane_ww1,data\demo\real_world_yolox_crops\train\neg_airplane_ww1\crop_0061.jpg,0.06638184934854507,0.5374554395675659,unknown
neg_airplane_ww1,data\demo\real_world_yolox_crops\train\neg_airplane_ww1\crop_0062.jpg,0.13052615523338318,0.5374554395675659,unknown
neg_airplane_ww1,data\demo\real_world_yolox_crops\train\neg_airplane_ww1\crop_0063.jpg,0.05287392809987068,0.5374554395675659,unknown
neg_airplane_ww1,data\demo\real_world_yolox_crops\train\neg_airplane_ww1\crop_0064.jpg,-0.09317748993635178,0.5374554395675659,unknown
neg_airplane_ww1,data\demo\real_world_yolox_crops\train\neg_airplane_ww1\crop_0065.jpg,0.2524324059486389,0.5374554395675659,unknown
neg_airplane_ww1,data\demo\real_world_yolox_crops\train\neg_airplane_ww1\crop_0066.jpg,0.366102933883667,0.5374554395675659,unknown
neg_airplane_ww1,data\demo\real_world_yolox_crops\train\neg_airplane_ww1\crop_0067.jpg,-0.22864793241024017,0.5374554395675659,unknown
neg_airplane_ww1,data\demo\real_world_yolox_crops\train\neg_airplane_ww1\crop_0068.jpg,-0.17829951643943787,0.5374554395675659,unknown
neg_airplane_ww1,data\demo\real_world_yolox_crops\train\neg_airplane_ww1\crop_0069.jpg,0.2611510753631592,0.5374554395675659,unknown
neg_airplane_ww1,data\demo\real_world_yolox_crops\train\neg_airplane_ww1\crop_0070.jpg,-0.21267390251159668,0.5374554395675659,unknown
neg_airplane_ww1,data\demo\real_world_yolox_crops\train\neg_airplane_ww1\crop_0071.jpg,-0.04743316024541855,0.5374554395675659,unknown
neg_airplane_ww1,data\demo\real_world_yolox_crops\train\neg_airplane_ww1\crop_0072.jpg,0.06812025606632233,0.5374554395675659,unknown
neg_airplane_ww1,data\demo\real_world_yolox_crops\train\neg_airplane_ww1\crop_0073.jpg,-0.12464781850576401,0.5374554395675659,unknown
neg_airplane_ww1,data\demo\real_world_yolox_crops\train\neg_airplane_ww1\crop_0074.jpg,0.14481395483016968,0.5374554395675659,unknown
neg_airplane_ww1,data\demo\real_world_yolox_crops\train\neg_airplane_ww1\crop_0075.jpg,0.4575869143009186,0.5374554395675659,unknown
neg_airplane_ww1,data\demo\real_world_yolox_crops\train\neg_airplane_ww1\crop_0076.jpg,-0.06423443555831909,0.5374554395675659,unknown
neg_airplane_ww1,data\demo\real_world_yolox_crops\train\neg_airplane_ww1\crop_0077.jpg,0.10203689336776733,0.5374554395675659,unknown
neg_airplane_ww1,data\demo\real_world_yolox_crops\train\neg_airplane_ww1\crop_0078.jpg,0.237331360578537,0.5374554395675659,unknown
neg_airplane_ww1,data\demo\real_world_yolox_crops\train\neg_airplane_ww1\crop_0079.jpg,-0.011549286544322968,0.5374554395675659,unknown
neg_airplane_ww1,data\demo\real_world_yolox_crops\train\neg_airplane_ww1\crop_0080.jpg,-0.002875211648643017,0.5374554395675659,unknown
neg_airplane_ww1,data\demo\real_world_yolox_crops\train\neg_airplane_ww1\crop_0081.jpg,0.16790199279785156,0.5374554395675659,unknown
neg_airplane_ww1,data\demo\real_world_yolox_crops\train\neg_airplane_ww1\crop_0082.jpg,-0.12304021418094635,0.5374554395675659,unknown
neg_airplane_ww1,data\demo\real_world_yolox_crops\train\neg_airplane_ww1\crop_0083.jpg,-0.08698027580976486,0.5374554395675659,unknown
neg_airplane_ww1,data\demo\real_world_yolox_crops\train\neg_airplane_ww1\crop_0084.jpg,0.05583427846431732,0.5374554395675659,unknown
neg_aknc_uav,data\demo\real_world_yolox_crops\train\neg_aknc_uav\crop_0000.jpg,0.06274283677339554,0.6942395567893982,MATCH
neg_aknc_uav,data\demo\real_world_yolox_crops\train\neg_aknc_uav\crop_0001.jpg,0.3366718888282776,0.6942395567893982,MATCH
neg_aknc_uav,data\demo\real_world_yolox_crops\train\neg_aknc_uav\crop_0002.jpg,0.6303777694702148,0.6942395567893982,MATCH
neg_aknc_uav,data\demo\real_world_yolox_crops\train\neg_aknc_uav\crop_0003.jpg,0.4198024570941925,0.6942395567893982,MATCH
neg_aknc_uav,data\demo\real_world_yolox_crops\train\neg_aknc_uav\crop_0004.jpg,-0.024649329483509064,0.6942395567893982,MATCH
neg_aknc_uav,data\demo\real_world_yolox_crops\train\neg_aknc_uav\crop_0005.jpg,-0.14510270953178406,0.6942395567893982,MATCH
neg_aknc_uav,data\demo\real_world_yolox_crops\train\neg_aknc_uav\crop_0006.jpg,-0.11763767898082733,0.6942395567893982,MATCH
neg_aknc_uav,data\demo\real_world_yolox_crops\train\neg_aknc_uav\crop_0007.jpg,-0.2393147349357605,0.6942395567893982,MATCH
neg_aknc_uav,data\demo\real_world_yolox_crops\train\neg_aknc_uav\crop_0008.jpg,0.18679609894752502,0.6942395567893982,MATCH
neg_aknc_uav,data\demo\real_world_yolox_crops\train\neg_aknc_uav\crop_0009.jpg,0.11861265450716019,0.6942395567893982,MATCH
neg_aknc_uav,data\demo\real_world_yolox_crops\train\neg_aknc_uav\crop_0010.jpg,0.23656398057937622,0.6942395567893982,MATCH
neg_aknc_uav,data\demo\real_world_yolox_crops\train\neg_aknc_uav\crop_0011.jpg,0.33175212144851685,0.6942395567893982,MATCH
neg_aknc_uav,data\demo\real_world_yolox_crops\train\neg_aknc_uav\crop_0012.jpg,0.0930495336651802,0.6942395567893982,MATCH
neg_aknc_uav,data\demo\real_world_yolox_crops\train\neg_aknc_uav\crop_0013.jpg,-0.0007942598313093185,0.6942395567893982,MATCH
neg_aknc_uav,data\demo\real_world_yolox_crops\train\neg_aknc_uav\crop_0014.jpg,0.2740783095359802,0.6942395567893982,MATCH
neg_aknc_uav,data\demo\real_world_yolox_crops\train\neg_aknc_uav\crop_0015.jpg,0.04802286624908447,0.6942395567893982,MATCH
neg_aknc_uav,data\demo\real_world_yolox_crops\train\neg_aknc_uav\crop_0016.jpg,-0.04803690314292908,0.6942395567893982,MATCH
neg_aknc_uav,data\demo\real_world_yolox_crops\train\neg_aknc_uav\crop_0017.jpg,0.036251045763492584,0.6942395567893982,MATCH
neg_aknc_uav,data\demo\real_world_yolox_crops\train\neg_aknc_uav\crop_0018.jpg,0.007727190852165222,0.6942395567893982,MATCH
neg_aknc_uav,data\demo\real_world_yolox_crops\train\neg_aknc_uav\crop_0019.jpg,0.06208331137895584,0.6942395567893982,MATCH
neg_aknc_uav,data\demo\real_world_yolox_crops\train\neg_aknc_uav\crop_0020.jpg,0.09590807557106018,0.6942395567893982,MATCH
neg_aknc_uav,data\demo\real_world_yolox_crops\train\neg_aknc_uav\crop_0021.jpg,0.2854914665222168,0.6942395567893982,MATCH
neg_aknc_uav,data\demo\real_world_yolox_crops\train\neg_aknc_uav\crop_0022.jpg,0.01120465062558651,0.6942395567893982,MATCH
neg_aknc_uav,data\demo\real_world_yolox_crops\train\neg_aknc_uav\crop_0023.jpg,0.18924874067306519,0.6942395567893982,MATCH
neg_aknc_uav,data\demo\real_world_yolox_crops\train\neg_aknc_uav\crop_0024.jpg,0.09362304955720901,0.6942395567893982,MATCH
neg_aknc_uav,data\demo\real_world_yolox_crops\train\neg_aknc_uav\crop_0025.jpg,-0.009578417986631393,0.6942395567893982,MATCH
neg_aknc_uav,data\demo\real_world_yolox_crops\train\neg_aknc_uav\crop_0026.jpg,0.17565464973449707,0.6942395567893982,MATCH
neg_aknc_uav,data\demo\real_world_yolox_crops\train\neg_aknc_uav\crop_0027.jpg,0.15073253214359283,0.6942395567893982,MATCH
neg_aknc_uav,data\demo\real_world_yolox_crops\train\neg_aknc_uav\crop_0028.jpg,0.6963269114494324,0.6942395567893982,MATCH
neg_aknc_uav,data\demo\real_world_yolox_crops\train\neg_aknc_uav\crop_0029.jpg,0.26494917273521423,0.6942395567893982,MATCH
neg_aknc_uav,data\demo\real_world_yolox_crops\train\neg_aknc_uav\crop_0030.jpg,0.14687275886535645,0.6942395567893982,MATCH
neg_aknc_uav,data\demo\real_world_yolox_crops\train\neg_aknc_uav\crop_0031.jpg,0.04474038630723953,0.6942395567893982,MATCH
neg_aknc_uav,data\demo\real_world_yolox_crops\train\neg_aknc_uav\crop_0032.jpg,0.3753072917461395,0.6942395567893982,MATCH
neg_aknc_uav,data\demo\real_world_yolox_crops\train\neg_aknc_uav\crop_0033.jpg,0.0006546266376972198,0.6942395567893982,MATCH
neg_aknc_uav,data\demo\real_world_yolox_crops\train\neg_aknc_uav\crop_0034.jpg,0.11679510772228241,0.6942395567893982,MATCH
neg_aknc_uav,data\demo\real_world_yolox_crops\train\neg_aknc_uav\crop_0035.jpg,0.2313615381717682,0.6942395567893982,MATCH
neg_aknc_uav,data\demo\real_world_yolox_crops\train\neg_aknc_uav\crop_0036.jpg,-0.05758226662874222,0.6942395567893982,MATCH
neg_aknc_uav,data\demo\real_world_yolox_crops\train\neg_aknc_uav\crop_0037.jpg,-0.07554508745670319,0.6942395567893982,MATCH
neg_aknc_uav,data\demo\real_world_yolox_crops\train\neg_aknc_uav\crop_0038.jpg,0.19869467616081238,0.6942395567893982,MATCH
neg_aknc_uav,data\demo\real_world_yolox_crops\train\neg_aknc_uav\crop_0039.jpg,0.18155261874198914,0.6942395567893982,MATCH
neg_aknc_uav,data\demo\real_world_yolox_crops\train\neg_aknc_uav\crop_0040.jpg,0.15231363475322723,0.6942395567893982,MATCH
neg_aknc_uav,data\demo\real_world_yolox_crops\train\neg_aknc_uav\crop_0041.jpg,0.3730448782444,0.6942395567893982,MATCH
neg_aknc_uav,data\demo\real_world_yolox_crops\train\neg_aknc_uav\crop_0042.jpg,0.43131309747695923,0.6942395567893982,MATCH
neg_aknc_uav,data\demo\real_world_yolox_crops\train\neg_aknc_uav\crop_0043.jpg,0.24065974354743958,0.6942395567893982,MATCH
neg_aknc_uav,data\demo\real_world_yolox_crops\train\neg_aknc_uav\crop_0044.jpg,0.5205296277999878,0.6942395567893982,MATCH
neg_aknc_uav,data\demo\real_world_yolox_crops\train\neg_aknc_uav\crop_0045.jpg,-0.07639605551958084,0.6942395567893982,MATCH
neg_aknc_uav,data\demo\real_world_yolox_crops\train\neg_aknc_uav\crop_0046.jpg,0.10706549137830734,0.6942395567893982,MATCH
neg_aknc_uav,data\demo\real_world_yolox_crops\train\neg_aknc_uav\crop_0047.jpg,0.49879416823387146,0.6942395567893982,MATCH
neg_aknc_uav,data\demo\real_world_yolox_crops\train\neg_aknc_uav\crop_0048.jpg,-0.08375072479248047,0.6942395567893982,MATCH
neg_aknc_uav,data\demo\real_world_yolox_crops\train\neg_aknc_uav\crop_0049.jpg,-0.0630677342414856,0.6942395567893982,MATCH
neg_aknc_uav,data\demo\real_world_yolox_crops\train\neg_aknc_uav\crop_0050.jpg,0.019941028207540512,0.6942395567893982,MATCH
neg_aknc_uav,data\demo\real_world_yolox_crops\train\neg_aknc_uav\crop_0051.jpg,0.06873068958520889,0.6942395567893982,MATCH
neg_aknc_uav,data\demo\real_world_yolox_crops\train\neg_aknc_uav\crop_0052.jpg,0.9176205992698669,0.6942395567893982,MATCH
neg_aknc_uav,data\demo\real_world_yolox_crops\train\neg_aknc_uav\crop_0053.jpg,0.3291146755218506,0.6942395567893982,MATCH
neg_aknc_uav,data\demo\real_world_yolox_crops\train\neg_aknc_uav\crop_0054.jpg,0.14170502126216888,0.6942395567893982,MATCH
neg_aknc_uav,data\demo\real_world_yolox_crops\train\neg_aknc_uav\crop_0055.jpg,0.39158764481544495,0.6942395567893982,MATCH
neg_aknc_uav,data\demo\real_world_yolox_crops\train\neg_aknc_uav\crop_0056.jpg,0.370632529258728,0.6942395567893982,MATCH
neg_aknc_uav,data\demo\real_world_yolox_crops\train\neg_aknc_uav\crop_0057.jpg,0.30767133831977844,0.6942395567893982,MATCH
neg_aknc_uav,data\demo\real_world_yolox_crops\train\neg_aknc_uav\crop_0058.jpg,0.33891719579696655,0.6942395567893982,MATCH
neg_aknc_uav,data\demo\real_world_yolox_crops\train\neg_aknc_uav\crop_0059.jpg,0.01824129745364189,0.6942395567893982,MATCH
neg_aknc_uav,data\demo\real_world_yolox_crops\train\neg_aknc_uav\crop_0060.jpg,0.21904686093330383,0.6942395567893982,MATCH
neg_aknc_uav,data\demo\real_world_yolox_crops\train\neg_aknc_uav\crop_0061.jpg,0.059836141765117645,0.6942395567893982,MATCH
neg_aknc_uav,data\demo\real_world_yolox_crops\train\neg_aknc_uav\crop_0062.jpg,0.13977482914924622,0.6942395567893982,MATCH
neg_aknc_uav,data\demo\real_world_yolox_crops\train\neg_aknc_uav\crop_0063.jpg,-0.08891131728887558,0.6942395567893982,MATCH
neg_aknc_uav,data\demo\real_world_yolox_crops\train\neg_aknc_uav\crop_0064.jpg,0.11588246375322342,0.6942395567893982,MATCH
neg_aknc_uav,data\demo\real_world_yolox_crops\train\neg_aknc_uav\crop_0065.jpg,-0.016695324331521988,0.6942395567893982,MATCH
neg_aknc_uav,data\demo\real_world_yolox_crops\train\neg_aknc_uav\crop_0066.jpg,0.1926833987236023,0.6942395567893982,MATCH
neg_aknc_uav,data\demo\real_world_yolox_crops\train\neg_aknc_uav\crop_0067.jpg,-0.07123295217752457,0.6942395567893982,MATCH
neg_aknc_uav,data\demo\real_world_yolox_crops\train\neg_aknc_uav\crop_0068.jpg,0.09977782517671585,0.6942395567893982,MATCH
neg_aknc_uav,data\demo\real_world_yolox_crops\train\neg_aknc_uav\crop_0069.jpg,0.2842486500740051,0.6942395567893982,MATCH
neg_aknc_uav,data\demo\real_world_yolox_crops\train\neg_aknc_uav\crop_0070.jpg,0.13603049516677856,0.6942395567893982,MATCH
neg_aknc_uav,data\demo\real_world_yolox_crops\train\neg_aknc_uav\crop_0071.jpg,0.10561053454875946,0.6942395567893982,MATCH
neg_aknc_uav,data\demo\real_world_yolox_crops\train\neg_aknc_uav\crop_0072.jpg,0.1462155282497406,0.6942395567893982,MATCH
neg_aknc_uav,data\demo\real_world_yolox_crops\train\neg_aknc_uav\crop_0073.jpg,0.18355083465576172,0.6942395567893982,MATCH
neg_aknc_uav,data\demo\real_world_yolox_crops\train\neg_aknc_uav\crop_0074.jpg,0.7063429951667786,0.6942395567893982,MATCH
neg_aknc_uav,data\demo\real_world_yolox_crops\train\neg_aknc_uav\crop_0075.jpg,0.3974760174751282,0.6942395567893982,MATCH
neg_aknc_uav,data\demo\real_world_yolox_crops\train\neg_aknc_uav\crop_0076.jpg,0.06220389902591705,0.6942395567893982,MATCH
neg_aknc_uav,data\demo\real_world_yolox_crops\train\neg_aknc_uav\crop_0077.jpg,0.12949371337890625,0.6942395567893982,MATCH
neg_aknc_uav,data\demo\real_world_yolox_crops\train\neg_aknc_uav\crop_0078.jpg,0.027471790090203285,0.6942395567893982,MATCH
neg_animated_drone,data\demo\real_world_yolox_crops\train\neg_animated_drone\crop_0000.jpg,0.3779175281524658,0.4756464958190918,unknown
neg_animated_drone,data\demo\real_world_yolox_crops\train\neg_animated_drone\crop_0001.jpg,0.4289260506629944,0.4756464958190918,unknown
neg_animated_drone,data\demo\real_world_yolox_crops\train\neg_animated_drone\crop_0002.jpg,0.18618282675743103,0.4756464958190918,unknown
neg_animated_drone,data\demo\real_world_yolox_crops\train\neg_animated_drone\crop_0003.jpg,0.5777036547660828,0.4756464958190918,unknown
neg_animated_drone,data\demo\real_world_yolox_crops\train\neg_animated_drone\crop_0004.jpg,0.807502269744873,0.4756464958190918,unknown
neg_bald_eagle_flying_bird_model,data\demo\real_world_yolox_crops\train\neg_bald_eagle_flying_bird_model\crop_0000.jpg,0.14799560606479645,0.6352140307426453,unknown
neg_bald_eagle_flying_bird_model,data\demo\real_world_yolox_crops\train\neg_bald_eagle_flying_bird_model\crop_0001.jpg,0.017510585486888885,0.6352140307426453,unknown
neg_bald_eagle_flying_bird_model,data\demo\real_world_yolox_crops\train\neg_bald_eagle_flying_bird_model\crop_0002.jpg,0.09318988025188446,0.6352140307426453,unknown
neg_bald_eagle_flying_bird_model,data\demo\real_world_yolox_crops\train\neg_bald_eagle_flying_bird_model\crop_0003.jpg,0.1155514195561409,0.6352140307426453,unknown
neg_bald_eagle_flying_bird_model,data\demo\real_world_yolox_crops\train\neg_bald_eagle_flying_bird_model\crop_0004.jpg,-0.012000061571598053,0.6352140307426453,unknown
neg_bald_eagle_flying_bird_model,data\demo\real_world_yolox_crops\train\neg_bald_eagle_flying_bird_model\crop_0005.jpg,0.1124492809176445,0.6352140307426453,unknown
neg_bald_eagle_flying_bird_model,data\demo\real_world_yolox_crops\train\neg_bald_eagle_flying_bird_model\crop_0006.jpg,0.0072187986224889755,0.6352140307426453,unknown
neg_bald_eagle_flying_bird_model,data\demo\real_world_yolox_crops\train\neg_bald_eagle_flying_bird_model\crop_0007.jpg,0.020604237914085388,0.6352140307426453,unknown
neg_bald_eagle_flying_bird_model,data\demo\real_world_yolox_crops\train\neg_bald_eagle_flying_bird_model\crop_0008.jpg,0.22508542239665985,0.6352140307426453,unknown
neg_bald_eagle_flying_bird_model,data\demo\real_world_yolox_crops\train\neg_bald_eagle_flying_bird_model\crop_0009.jpg,0.029755212366580963,0.6352140307426453,unknown
neg_bald_eagle_flying_bird_model,data\demo\real_world_yolox_crops\train\neg_bald_eagle_flying_bird_model\crop_0010.jpg,0.14656555652618408,0.6352140307426453,unknown
neg_bald_eagle_flying_bird_model,data\demo\real_world_yolox_crops\train\neg_bald_eagle_flying_bird_model\crop_0011.jpg,0.020835697650909424,0.6352140307426453,unknown
neg_bald_eagle_flying_bird_model,data\demo\real_world_yolox_crops\train\neg_bald_eagle_flying_bird_model\crop_0012.jpg,-0.10141870379447937,0.6352140307426453,unknown
neg_bald_eagle_flying_bird_model,data\demo\real_world_yolox_crops\train\neg_bald_eagle_flying_bird_model\crop_0013.jpg,0.09557665884494781,0.6352140307426453,unknown
neg_bald_eagle_flying_bird_model,data\demo\real_world_yolox_crops\train\neg_bald_eagle_flying_bird_model\crop_0014.jpg,0.36592304706573486,0.6352140307426453,unknown
neg_bald_eagle_flying_bird_model,data\demo\real_world_yolox_crops\train\neg_bald_eagle_flying_bird_model\crop_0015.jpg,0.22744348645210266,0.6352140307426453,unknown
neg_bald_eagle_flying_bird_model,data\demo\real_world_yolox_crops\train\neg_bald_eagle_flying_bird_model\crop_0016.jpg,0.3963198661804199,0.6352140307426453,unknown
neg_bald_eagle_flying_bird_model,data\demo\real_world_yolox_crops\train\neg_bald_eagle_flying_bird_model\crop_0017.jpg,0.15743573009967804,0.6352140307426453,unknown
neg_bald_eagle_flying_bird_model,data\demo\real_world_yolox_crops\train\neg_bald_eagle_flying_bird_model\crop_0018.jpg,0.2292635440826416,0.6352140307426453,unknown
neg_bald_eagle_flying_bird_model,data\demo\real_world_yolox_crops\train\neg_bald_eagle_flying_bird_model\crop_0019.jpg,0.2628180682659149,0.6352140307426453,unknown
neg_bald_eagle_flying_bird_model,data\demo\real_world_yolox_crops\train\neg_bald_eagle_flying_bird_model\crop_0020.jpg,0.2009182870388031,0.6352140307426453,unknown
neg_bald_eagle_flying_bird_model,data\demo\real_world_yolox_crops\train\neg_bald_eagle_flying_bird_model\crop_0021.jpg,0.015769843012094498,0.6352140307426453,unknown
neg_bald_eagle_flying_bird_model,data\demo\real_world_yolox_crops\train\neg_bald_eagle_flying_bird_model\crop_0022.jpg,0.00179382786154747,0.6352140307426453,unknown
neg_bald_eagle_flying_bird_model,data\demo\real_world_yolox_crops\train\neg_bald_eagle_flying_bird_model\crop_0023.jpg,0.7157783508300781,0.6352140307426453,unknown
neg_bald_eagle_flying_bird_model,data\demo\real_world_yolox_crops\train\neg_bald_eagle_flying_bird_model\crop_0024.jpg,0.07989165931940079,0.6352140307426453,unknown
neg_bald_eagle_flying_bird_model,data\demo\real_world_yolox_crops\train\neg_bald_eagle_flying_bird_model\crop_0025.jpg,0.1186923235654831,0.6352140307426453,unknown
neg_bald_eagle_flying_bird_model,data\demo\real_world_yolox_crops\train\neg_bald_eagle_flying_bird_model\crop_0026.jpg,0.21032744646072388,0.6352140307426453,unknown
neg_bald_eagle_flying_bird_model,data\demo\real_world_yolox_crops\train\neg_bald_eagle_flying_bird_model\crop_0027.jpg,0.36770111322402954,0.6352140307426453,unknown
neg_bald_eagle_flying_bird_model,data\demo\real_world_yolox_crops\train\neg_bald_eagle_flying_bird_model\crop_0028.jpg,0.1129063293337822,0.6352140307426453,unknown
neg_bald_eagle_flying_bird_model,data\demo\real_world_yolox_crops\train\neg_bald_eagle_flying_bird_model\crop_0029.jpg,0.18093183636665344,0.6352140307426453,unknown
neg_bald_eagle_flying_bird_model,data\demo\real_world_yolox_crops\train\neg_bald_eagle_flying_bird_model\crop_0030.jpg,0.5459465980529785,0.6352140307426453,unknown
neg_bald_eagle_flying_bird_model,data\demo\real_world_yolox_crops\train\neg_bald_eagle_flying_bird_model\crop_0031.jpg,0.176871657371521,0.6352140307426453,unknown
neg_bald_eagle_flying_bird_model,data\demo\real_world_yolox_crops\train\neg_bald_eagle_flying_bird_model\crop_0032.jpg,0.614962637424469,0.6352140307426453,unknown
neg_bald_eagle_flying_bird_model,data\demo\real_world_yolox_crops\train\neg_bald_eagle_flying_bird_model\crop_0033.jpg,0.22247174382209778,0.6352140307426453,unknown
neg_bald_eagle_flying_bird_model,data\demo\real_world_yolox_crops\train\neg_bald_eagle_flying_bird_model\crop_0034.jpg,0.42790883779525757,0.6352140307426453,unknown
neg_bald_eagle_flying_bird_model,data\demo\real_world_yolox_crops\train\neg_bald_eagle_flying_bird_model\crop_0035.jpg,0.21585440635681152,0.6352140307426453,unknown
neg_bald_eagle_flying_bird_model,data\demo\real_world_yolox_crops\train\neg_bald_eagle_flying_bird_model\crop_0036.jpg,0.3659604787826538,0.6352140307426453,unknown
neg_bald_eagle_flying_bird_model,data\demo\real_world_yolox_crops\train\neg_bald_eagle_flying_bird_model\crop_0037.jpg,0.4709964692592621,0.6352140307426453,unknown
neg_bald_eagle_flying_bird_model,data\demo\real_world_yolox_crops\train\neg_bald_eagle_flying_bird_model\crop_0038.jpg,0.3388749659061432,0.6352140307426453,unknown
neg_bald_eagle_flying_bird_model,data\demo\real_world_yolox_crops\train\neg_bald_eagle_flying_bird_model\crop_0039.jpg,0.24356621503829956,0.6352140307426453,unknown
neg_bald_eagle_flying_bird_model,data\demo\real_world_yolox_crops\train\neg_bald_eagle_flying_bird_model\crop_0040.jpg,0.062332119792699814,0.6352140307426453,unknown
neg_bald_eagle_flying_bird_model,data\demo\real_world_yolox_crops\train\neg_bald_eagle_flying_bird_model\crop_0041.jpg,0.7069602608680725,0.6352140307426453,unknown
neg_bald_eagle_flying_bird_model,data\demo\real_world_yolox_crops\train\neg_bald_eagle_flying_bird_model\crop_0042.jpg,0.592422366142273,0.6352140307426453,unknown
neg_bald_eagle_flying_bird_model,data\demo\real_world_yolox_crops\train\neg_bald_eagle_flying_bird_model\crop_0043.jpg,0.42524901032447815,0.6352140307426453,unknown
neg_bald_eagle_flying_bird_model,data\demo\real_world_yolox_crops\train\neg_bald_eagle_flying_bird_model\crop_0044.jpg,0.16903017461299896,0.6352140307426453,unknown
neg_bald_eagle_flying_bird_model,data\demo\real_world_yolox_crops\train\neg_bald_eagle_flying_bird_model\crop_0045.jpg,0.22057141363620758,0.6352140307426453,unknown
neg_bald_eagle_flying_bird_model,data\demo\real_world_yolox_crops\train\neg_bald_eagle_flying_bird_model\crop_0046.jpg,-0.05329221859574318,0.6352140307426453,unknown
neg_bald_eagle_flying_bird_model,data\demo\real_world_yolox_crops\train\neg_bald_eagle_flying_bird_model\crop_0047.jpg,-0.008378483355045319,0.6352140307426453,unknown
neg_bald_eagle_flying_bird_model,data\demo\real_world_yolox_crops\train\neg_bald_eagle_flying_bird_model\crop_0048.jpg,0.11590489000082016,0.6352140307426453,unknown
neg_bald_eagle_flying_bird_model,data\demo\real_world_yolox_crops\train\neg_bald_eagle_flying_bird_model\crop_0049.jpg,-0.013965241611003876,0.6352140307426453,unknown
neg_bald_eagle_flying_bird_model,data\demo\real_world_yolox_crops\train\neg_bald_eagle_flying_bird_model\crop_0050.jpg,0.13668839633464813,0.6352140307426453,unknown
neg_bald_eagle_flying_bird_model,data\demo\real_world_yolox_crops\train\neg_bald_eagle_flying_bird_model\crop_0051.jpg,0.10282483696937561,0.6352140307426453,unknown
neg_bald_eagle_flying_bird_model,data\demo\real_world_yolox_crops\train\neg_bald_eagle_flying_bird_model\crop_0052.jpg,-0.04033530876040459,0.6352140307426453,unknown
neg_bald_eagle_flying_bird_model,data\demo\real_world_yolox_crops\train\neg_bald_eagle_flying_bird_model\crop_0053.jpg,0.26426827907562256,0.6352140307426453,unknown
neg_bald_eagle_flying_bird_model,data\demo\real_world_yolox_crops\train\neg_bald_eagle_flying_bird_model\crop_0054.jpg,-0.011838298290967941,0.6352140307426453,unknown
neg_bald_eagle_flying_bird_model,data\demo\real_world_yolox_crops\train\neg_bald_eagle_flying_bird_model\crop_0055.jpg,0.07798629999160767,0.6352140307426453,unknown
neg_bald_eagle_flying_bird_model,data\demo\real_world_yolox_crops\train\neg_bald_eagle_flying_bird_model\crop_0056.jpg,0.08956023305654526,0.6352140307426453,unknown
neg_bionic_dragonfly_four-axis_uav_aircraft,data\demo\real_world_yolox_crops\train\neg_bionic_dragonfly_four-axis_uav_aircraft\crop_0000.jpg,0.4732847213745117,0.5926618576049805,unknown
neg_bionic_dragonfly_four-axis_uav_aircraft,data\demo\real_world_yolox_crops\train\neg_bionic_dragonfly_four-axis_uav_aircraft\crop_0001.jpg,0.34950971603393555,0.5926618576049805,unknown
neg_bionic_dragonfly_four-axis_uav_aircraft,data\demo\real_world_yolox_crops\train\neg_bionic_dragonfly_four-axis_uav_aircraft\crop_0002.jpg,0.18802006542682648,0.5926618576049805,unknown
neg_bionic_dragonfly_four-axis_uav_aircraft,data\demo\real_world_yolox_crops\train\neg_bionic_dragonfly_four-axis_uav_aircraft\crop_0003.jpg,0.29987749457359314,0.5926618576049805,unknown
neg_bionic_dragonfly_four-axis_uav_aircraft,data\demo\real_world_yolox_crops\train\neg_bionic_dragonfly_four-axis_uav_aircraft\crop_0004.jpg,0.39145737886428833,0.5926618576049805,unknown
neg_bionic_dragonfly_four-axis_uav_aircraft,data\demo\real_world_yolox_crops\train\neg_bionic_dragonfly_four-axis_uav_aircraft\crop_0005.jpg,0.3217177987098694,0.5926618576049805,unknown
neg_bionic_dragonfly_four-axis_uav_aircraft,data\demo\real_world_yolox_crops\train\neg_bionic_dragonfly_four-axis_uav_aircraft\crop_0006.jpg,0.20031441748142242,0.5926618576049805,unknown
neg_bionic_dragonfly_four-axis_uav_aircraft,data\demo\real_world_yolox_crops\train\neg_bionic_dragonfly_four-axis_uav_aircraft\crop_0007.jpg,0.29800719022750854,0.5926618576049805,unknown
neg_bionic_dragonfly_four-axis_uav_aircraft,data\demo\real_world_yolox_crops\train\neg_bionic_dragonfly_four-axis_uav_aircraft\crop_0008.jpg,0.3850683569908142,0.5926618576049805,unknown
neg_bionic_dragonfly_four-axis_uav_aircraft,data\demo\real_world_yolox_crops\train\neg_bionic_dragonfly_four-axis_uav_aircraft\crop_0009.jpg,0.4292069673538208,0.5926618576049805,unknown
neg_bionic_dragonfly_four-axis_uav_aircraft,data\demo\real_world_yolox_crops\train\neg_bionic_dragonfly_four-axis_uav_aircraft\crop_0010.jpg,0.1323929727077484,0.5926618576049805,unknown
neg_bionic_dragonfly_four-axis_uav_aircraft,data\demo\real_world_yolox_crops\train\neg_bionic_dragonfly_four-axis_uav_aircraft\crop_0011.jpg,0.32628023624420166,0.5926618576049805,unknown
neg_bionic_dragonfly_four-axis_uav_aircraft,data\demo\real_world_yolox_crops\train\neg_bionic_dragonfly_four-axis_uav_aircraft\crop_0012.jpg,0.5114372372627258,0.5926618576049805,unknown
neg_bionic_dragonfly_four-axis_uav_aircraft,data\demo\real_world_yolox_crops\train\neg_bionic_dragonfly_four-axis_uav_aircraft\crop_0013.jpg,0.3206823170185089,0.5926618576049805,unknown
neg_bionic_dragonfly_four-axis_uav_aircraft,data\demo\real_world_yolox_crops\train\neg_bionic_dragonfly_four-axis_uav_aircraft\crop_0014.jpg,0.7468019723892212,0.5926618576049805,unknown
neg_bionic_dragonfly_four-axis_uav_aircraft,data\demo\real_world_yolox_crops\train\neg_bionic_dragonfly_four-axis_uav_aircraft\crop_0015.jpg,0.37907862663269043,0.5926618576049805,unknown
neg_bionic_dragonfly_four-axis_uav_aircraft,data\demo\real_world_yolox_crops\train\neg_bionic_dragonfly_four-axis_uav_aircraft\crop_0016.jpg,0.4088976979255676,0.5926618576049805,unknown
neg_bionic_dragonfly_four-axis_uav_aircraft,data\demo\real_world_yolox_crops\train\neg_bionic_dragonfly_four-axis_uav_aircraft\crop_0017.jpg,0.49140626192092896,0.5926618576049805,unknown
neg_bionic_dragonfly_four-axis_uav_aircraft,data\demo\real_world_yolox_crops\train\neg_bionic_dragonfly_four-axis_uav_aircraft\crop_0018.jpg,0.3274213373661041,0.5926618576049805,unknown
neg_bionic_dragonfly_four-axis_uav_aircraft,data\demo\real_world_yolox_crops\train\neg_bionic_dragonfly_four-axis_uav_aircraft\crop_0019.jpg,0.39600902795791626,0.5926618576049805,unknown
neg_bionic_dragonfly_four-axis_uav_aircraft,data\demo\real_world_yolox_crops\train\neg_bionic_dragonfly_four-axis_uav_aircraft\crop_0020.jpg,0.7403790950775146,0.5926618576049805,unknown
neg_cesna_airplane,data\demo\real_world_yolox_crops\train\neg_cesna_airplane\crop_0000.jpg,0.09939126670360565,0.5308205485343933,unknown
neg_cesna_airplane,data\demo\real_world_yolox_crops\train\neg_cesna_airplane\crop_0001.jpg,0.1881815791130066,0.5308205485343933,unknown
neg_cesna_airplane,data\demo\real_world_yolox_crops\train\neg_cesna_airplane\crop_0002.jpg,0.1762998253107071,0.5308205485343933,unknown
neg_cesna_airplane,data\demo\real_world_yolox_crops\train\neg_cesna_airplane\crop_0003.jpg,-0.013298094272613525,0.5308205485343933,unknown
neg_cesna_airplane,data\demo\real_world_yolox_crops\train\neg_cesna_airplane\crop_0004.jpg,-0.17559897899627686,0.5308205485343933,unknown
neg_cesna_airplane,data\demo\real_world_yolox_crops\train\neg_cesna_airplane\crop_0005.jpg,-0.026927359402179718,0.5308205485343933,unknown
neg_cesna_airplane,data\demo\real_world_yolox_crops\train\neg_cesna_airplane\crop_0006.jpg,0.15643379092216492,0.5308205485343933,unknown
neg_cesna_airplane,data\demo\real_world_yolox_crops\train\neg_cesna_airplane\crop_0007.jpg,-0.22057141363620758,0.5308205485343933,unknown
neg_cesna_airplane,data\demo\real_world_yolox_crops\train\neg_cesna_airplane\crop_0008.jpg,-0.15966825187206268,0.5308205485343933,unknown
neg_cesna_airplane,data\demo\real_world_yolox_crops\train\neg_cesna_airplane\crop_0009.jpg,0.0634923130273819,0.5308205485343933,unknown
neg_cesna_airplane,data\demo\real_world_yolox_crops\train\neg_cesna_airplane\crop_0010.jpg,0.20173901319503784,0.5308205485343933,unknown
neg_cesna_airplane,data\demo\real_world_yolox_crops\train\neg_cesna_airplane\crop_0011.jpg,0.10374512523412704,0.5308205485343933,unknown
neg_cesna_airplane,data\demo\real_world_yolox_crops\train\neg_cesna_airplane\crop_0012.jpg,0.123721182346344,0.5308205485343933,unknown
neg_cesna_airplane,data\demo\real_world_yolox_crops\train\neg_cesna_airplane\crop_0013.jpg,0.10428078472614288,0.5308205485343933,unknown
neg_cesna_airplane,data\demo\real_world_yolox_crops\train\neg_cesna_airplane\crop_0014.jpg,0.28479450941085815,0.5308205485343933,unknown
neg_cesna_airplane,data\demo\real_world_yolox_crops\train\neg_cesna_airplane\crop_0015.jpg,0.21376852691173553,0.5308205485343933,unknown
neg_cesna_airplane,data\demo\real_world_yolox_crops\train\neg_cesna_airplane\crop_0016.jpg,-0.1955147534608841,0.5308205485343933,unknown
neg_cesna_airplane,data\demo\real_world_yolox_crops\train\neg_cesna_airplane\crop_0017.jpg,-0.17556384205818176,0.5308205485343933,unknown
neg_cesna_airplane,data\demo\real_world_yolox_crops\train\neg_cesna_airplane\crop_0018.jpg,0.13818256556987762,0.5308205485343933,unknown
neg_cesna_airplane,data\demo\real_world_yolox_crops\train\neg_cesna_airplane\crop_0019.jpg,0.09548044949769974,0.5308205485343933,unknown
neg_cesna_airplane,data\demo\real_world_yolox_crops\train\neg_cesna_airplane\crop_0020.jpg,0.3349745273590088,0.5308205485343933,unknown
neg_cesna_airplane,data\demo\real_world_yolox_crops\train\neg_cesna_airplane\crop_0021.jpg,0.26973751187324524,0.5308205485343933,unknown
neg_cesna_airplane,data\demo\real_world_yolox_crops\train\neg_cesna_airplane\crop_0022.jpg,0.10388264805078506,0.5308205485343933,unknown
neg_cesna_airplane,data\demo\real_world_yolox_crops\train\neg_cesna_airplane\crop_0023.jpg,0.17037351429462433,0.5308205485343933,unknown
neg_cesna_airplane,data\demo\real_world_yolox_crops\train\neg_cesna_airplane\crop_0024.jpg,0.03826848790049553,0.5308205485343933,unknown
neg_cesna_airplane,data\demo\real_world_yolox_crops\train\neg_cesna_airplane\crop_0025.jpg,0.14170029759407043,0.5308205485343933,unknown
neg_cesna_airplane,data\demo\real_world_yolox_crops\train\neg_cesna_airplane\crop_0026.jpg,0.16470657289028168,0.5308205485343933,unknown
neg_cesna_airplane,data\demo\real_world_yolox_crops\train\neg_cesna_airplane\crop_0027.jpg,0.08008359372615814,0.5308205485343933,unknown
neg_cesna_airplane,data\demo\real_world_yolox_crops\train\neg_cesna_airplane\crop_0028.jpg,0.22839950025081635,0.5308205485343933,unknown
neg_cesna_airplane,data\demo\real_world_yolox_crops\train\neg_cesna_airplane\crop_0029.jpg,0.21591806411743164,0.5308205485343933,unknown
neg_cesna_airplane,data\demo\real_world_yolox_crops\train\neg_cesna_airplane\crop_0030.jpg,0.04403284192085266,0.5308205485343933,unknown
neg_cesna_airplane,data\demo\real_world_yolox_crops\train\neg_cesna_airplane\crop_0031.jpg,0.13432538509368896,0.5308205485343933,unknown
neg_cesna_airplane,data\demo\real_world_yolox_crops\train\neg_cesna_airplane\crop_0032.jpg,0.20794519782066345,0.5308205485343933,unknown
neg_cesna_airplane,data\demo\real_world_yolox_crops\train\neg_cesna_airplane\crop_0033.jpg,0.38255131244659424,0.5308205485343933,unknown
neg_cesna_airplane,data\demo\real_world_yolox_crops\train\neg_cesna_airplane\crop_0034.jpg,0.08963139355182648,0.5308205485343933,unknown
neg_cesna_airplane,data\demo\real_world_yolox_crops\train\neg_cesna_airplane\crop_0035.jpg,0.3270500898361206,0.5308205485343933,unknown
neg_cesna_airplane,data\demo\real_world_yolox_crops\train\neg_cesna_airplane\crop_0036.jpg,-0.04811011999845505,0.5308205485343933,unknown
neg_cesna_airplane,data\demo\real_world_yolox_crops\train\neg_cesna_airplane\crop_0037.jpg,0.11500576138496399,0.5308205485343933,unknown
neg_cesna_airplane,data\demo\real_world_yolox_crops\train\neg_cesna_airplane\crop_0038.jpg,0.08544588088989258,0.5308205485343933,unknown
neg_cesna_airplane,data\demo\real_world_yolox_crops\train\neg_cesna_airplane\crop_0039.jpg,0.25078439712524414,0.5308205485343933,unknown
neg_cesna_airplane,data\demo\real_world_yolox_crops\train\neg_cesna_airplane\crop_0040.jpg,-0.06283111125230789,0.5308205485343933,unknown
neg_cesna_airplane,data\demo\real_world_yolox_crops\train\neg_cesna_airplane\crop_0041.jpg,0.092283695936203,0.5308205485343933,unknown
neg_cesna_airplane,data\demo\real_world_yolox_crops\train\neg_cesna_airplane\crop_0042.jpg,0.07046996802091599,0.5308205485343933,unknown
neg_cesna_airplane,data\demo\real_world_yolox_crops\train\neg_cesna_airplane\crop_0043.jpg,0.0553712323307991,0.5308205485343933,unknown
neg_cesna_airplane,data\demo\real_world_yolox_crops\train\neg_cesna_airplane\crop_0044.jpg,0.036081962287425995,0.5308205485343933,unknown
neg_cesna_airplane,data\demo\real_world_yolox_crops\train\neg_cesna_airplane\crop_0045.jpg,0.25725656747817993,0.5308205485343933,unknown
neg_cesna_airplane,data\demo\real_world_yolox_crops\train\neg_cesna_airplane\crop_0046.jpg,0.5575656890869141,0.5308205485343933,unknown
neg_cesna_airplane,data\demo\real_world_yolox_crops\train\neg_cesna_airplane\crop_0047.jpg,0.003032468259334564,0.5308205485343933,unknown
neg_cesna_airplane,data\demo\real_world_yolox_crops\train\neg_cesna_airplane\crop_0048.jpg,0.07694166153669357,0.5308205485343933,unknown
neg_cesna_airplane,data\demo\real_world_yolox_crops\train\neg_cesna_airplane\crop_0049.jpg,0.27551746368408203,0.5308205485343933,unknown
neg_cesna_airplane,data\demo\real_world_yolox_crops\train\neg_cesna_airplane\crop_0050.jpg,0.06508307158946991,0.5308205485343933,unknown
neg_cesna_airplane,data\demo\real_world_yolox_crops\train\neg_cesna_airplane\crop_0051.jpg,0.49952638149261475,0.5308205485343933,unknown
neg_cesna_airplane,data\demo\real_world_yolox_crops\train\neg_cesna_airplane\crop_0052.jpg,0.02834855020046234,0.5308205485343933,unknown
neg_cesna_airplane,data\demo\real_world_yolox_crops\train\neg_cesna_airplane\crop_0053.jpg,-0.052955545485019684,0.5308205485343933,unknown
neg_cesna_airplane,data\demo\real_world_yolox_crops\train\neg_cesna_airplane\crop_0054.jpg,-0.14007219672203064,0.5308205485343933,unknown
neg_cesna_airplane,data\demo\real_world_yolox_crops\train\neg_cesna_airplane\crop_0055.jpg,0.06972919404506683,0.5308205485343933,unknown
neg_cesna_airplane,data\demo\real_world_yolox_crops\train\neg_cesna_airplane\crop_0056.jpg,0.013139575719833374,0.5308205485343933,unknown
neg_cesna_airplane,data\demo\real_world_yolox_crops\train\neg_cesna_airplane\crop_0057.jpg,0.34978175163269043,0.5308205485343933,unknown
neg_cesna_airplane,data\demo\real_world_yolox_crops\train\neg_cesna_airplane\crop_0058.jpg,0.21543869376182556,0.5308205485343933,unknown
neg_cesna_airplane,data\demo\real_world_yolox_crops\train\neg_cesna_airplane\crop_0059.jpg,0.025908611714839935,0.5308205485343933,unknown
neg_cesna_airplane,data\demo\real_world_yolox_crops\train\neg_cesna_airplane\crop_0060.jpg,-0.057047076523303986,0.5308205485343933,unknown
neg_cesna_airplane,data\demo\real_world_yolox_crops\train\neg_cesna_airplane\crop_0061.jpg,0.3188778758049011,0.5308205485343933,unknown
neg_cesna_airplane,data\demo\real_world_yolox_crops\train\neg_cesna_airplane\crop_0062.jpg,-0.19304609298706055,0.5308205485343933,unknown
neg_cesna_airplane,data\demo\real_world_yolox_crops\train\neg_cesna_airplane\crop_0063.jpg,0.10834594815969467,0.5308205485343933,unknown
neg_cesna_airplane,data\demo\real_world_yolox_crops\train\neg_cesna_airplane\crop_0064.jpg,-0.14358189702033997,0.5308205485343933,unknown
neg_cesna_airplane,data\demo\real_world_yolox_crops\train\neg_cesna_airplane\crop_0065.jpg,-0.013634074479341507,0.5308205485343933,unknown
neg_cesna_airplane,data\demo\real_world_yolox_crops\train\neg_cesna_airplane\crop_0066.jpg,0.108546681702137,0.5308205485343933,unknown
neg_cesna_airplane,data\demo\real_world_yolox_crops\train\neg_cesna_airplane\crop_0067.jpg,0.0041061267256736755,0.5308205485343933,unknown
neg_cesna_airplane,data\demo\real_world_yolox_crops\train\neg_cesna_airplane\crop_0068.jpg,-0.08912791311740875,0.5308205485343933,unknown
neg_cesna_airplane,data\demo\real_world_yolox_crops\train\neg_cesna_airplane\crop_0069.jpg,0.8646777272224426,0.5308205485343933,unknown
neg_cesna_airplane,data\demo\real_world_yolox_crops\train\neg_cesna_airplane\crop_0070.jpg,0.07845239341259003,0.5308205485343933,unknown
neg_cesna_airplane,data\demo\real_world_yolox_crops\train\neg_cesna_airplane\crop_0071.jpg,0.1946568638086319,0.5308205485343933,unknown
neg_cesna_airplane,data\demo\real_world_yolox_crops\train\neg_cesna_airplane\crop_0072.jpg,-0.00025010108947753906,0.5308205485343933,unknown
neg_cesna_airplane,data\demo\real_world_yolox_crops\train\neg_cesna_airplane\crop_0073.jpg,0.1895322948694229,0.5308205485343933,unknown
neg_cesna_airplane,data\demo\real_world_yolox_crops\train\neg_cesna_airplane\crop_0074.jpg,0.09789685904979706,0.5308205485343933,unknown
neg_cesna_airplane,data\demo\real_world_yolox_crops\train\neg_cesna_airplane\crop_0075.jpg,0.06453200429677963,0.5308205485343933,unknown
neg_cesna_airplane,data\demo\real_world_yolox_crops\train\neg_cesna_airplane\crop_0076.jpg,0.17165160179138184,0.5308205485343933,unknown
neg_cesna_airplane,data\demo\real_world_yolox_crops\train\neg_cesna_airplane\crop_0077.jpg,-0.011798318475484848,0.5308205485343933,unknown
neg_cesna_airplane,data\demo\real_world_yolox_crops\train\neg_cesna_airplane\crop_0078.jpg,0.2591530382633209,0.5308205485343933,unknown
neg_cesna_airplane,data\demo\real_world_yolox_crops\train\neg_cesna_airplane\crop_0079.jpg,0.033215008676052094,0.5308205485343933,unknown
neg_cesna_airplane,data\demo\real_world_yolox_crops\train\neg_cesna_airplane\crop_0080.jpg,0.1966913938522339,0.5308205485343933,unknown
neg_cesna_airplane,data\demo\real_world_yolox_crops\train\neg_cesna_airplane\crop_0081.jpg,0.09139539301395416,0.5308205485343933,unknown
neg_cesna_airplane,data\demo\real_world_yolox_crops\train\neg_cesna_airplane\crop_0082.jpg,-0.11382882297039032,0.5308205485343933,unknown
neg_cesna_airplane,data\demo\real_world_yolox_crops\train\neg_cesna_airplane\crop_0083.jpg,-0.07982510328292847,0.5308205485343933,unknown
neg_cesna_airplane,data\demo\real_world_yolox_crops\train\neg_cesna_airplane\crop_0084.jpg,0.21108350157737732,0.5308205485343933,unknown
neg_cesna_airplane,data\demo\real_world_yolox_crops\train\neg_cesna_airplane\crop_0085.jpg,0.021799489855766296,0.5308205485343933,unknown
neg_cesna_airplane,data\demo\real_world_yolox_crops\train\neg_cesna_airplane\crop_0086.jpg,-0.1482023298740387,0.5308205485343933,unknown
neg_cesna_airplane,data\demo\real_world_yolox_crops\train\neg_cesna_airplane\crop_0087.jpg,0.05133344978094101,0.5308205485343933,unknown
neg_cesna_airplane,data\demo\real_world_yolox_crops\train\neg_cesna_airplane\crop_0088.jpg,0.054654691368341446,0.5308205485343933,unknown
neg_cesna_airplane,data\demo\real_world_yolox_crops\train\neg_cesna_airplane\crop_0089.jpg,-0.020256202667951584,0.5308205485343933,unknown
neg_cesna_airplane,data\demo\real_world_yolox_crops\train\neg_cesna_airplane\crop_0090.jpg,0.20351320505142212,0.5308205485343933,unknown
neg_kf-280_uav,data\demo\real_world_yolox_crops\train\neg_kf-280_uav\crop_0000.jpg,-0.009493652731180191,0.5148906707763672,unknown
neg_kf-280_uav,data\demo\real_world_yolox_crops\train\neg_kf-280_uav\crop_0001.jpg,-0.004978939890861511,0.5148906707763672,unknown
neg_kf-280_uav,data\demo\real_world_yolox_crops\train\neg_kf-280_uav\crop_0002.jpg,0.06995914876461029,0.5148906707763672,unknown
neg_kf-280_uav,data\demo\real_world_yolox_crops\train\neg_kf-280_uav\crop_0003.jpg,0.052760593593120575,0.5148906707763672,unknown
neg_kf-280_uav,data\demo\real_world_yolox_crops\train\neg_kf-280_uav\crop_0004.jpg,0.14584125578403473,0.5148906707763672,unknown
neg_kf-280_uav,data\demo\real_world_yolox_crops\train\neg_kf-280_uav\crop_0005.jpg,0.3353395164012909,0.5148906707763672,unknown
neg_kf-280_uav,data\demo\real_world_yolox_crops\train\neg_kf-280_uav\crop_0006.jpg,0.057056158781051636,0.5148906707763672,unknown
neg_kf-280_uav,data\demo\real_world_yolox_crops\train\neg_kf-280_uav\crop_0007.jpg,0.09243503212928772,0.5148906707763672,unknown
neg_kf-280_uav,data\demo\real_world_yolox_crops\train\neg_kf-280_uav\crop_0008.jpg,0.24550873041152954,0.5148906707763672,unknown
neg_kf-280_uav,data\demo\real_world_yolox_crops\train\neg_kf-280_uav\crop_0009.jpg,0.21003112196922302,0.5148906707763672,unknown
neg_kf-280_uav,data\demo\real_world_yolox_crops\train\neg_kf-280_uav\crop_0010.jpg,0.2684311866760254,0.5148906707763672,unknown
neg_kf-280_uav,data\demo\real_world_yolox_crops\train\neg_kf-280_uav\crop_0011.jpg,0.06181996688246727,0.5148906707763672,unknown
neg_kf-280_uav,data\demo\real_world_yolox_crops\train\neg_kf-280_uav\crop_0012.jpg,-0.034147314727306366,0.5148906707763672,unknown
neg_kf-280_uav,data\demo\real_world_yolox_crops\train\neg_kf-280_uav\crop_0013.jpg,0.0598379448056221,0.5148906707763672,unknown
neg_kf-280_uav,data\demo\real_world_yolox_crops\train\neg_kf-280_uav\crop_0014.jpg,0.04740993678569794,0.5148906707763672,unknown
neg_kf-280_uav,data\demo\real_world_yolox_crops\train\neg_kf-280_uav\crop_0015.jpg,-0.07733544707298279,0.5148906707763672,unknown
neg_kf-280_uav,data\demo\real_world_yolox_crops\train\neg_kf-280_uav\crop_0016.jpg,0.026899822056293488,0.5148906707763672,unknown
neg_kf-280_uav,data\demo\real_world_yolox_crops\train\neg_kf-280_uav\crop_0017.jpg,0.3389817178249359,0.5148906707763672,unknown
neg_kf-280_uav,data\demo\real_world_yolox_crops\train\neg_kf-280_uav\crop_0018.jpg,0.060482338070869446,0.5148906707763672,unknown
neg_kf-280_uav,data\demo\real_world_yolox_crops\train\neg_kf-280_uav\crop_0019.jpg,0.07474316656589508,0.5148906707763672,unknown
neg_kf-280_uav,data\demo\real_world_yolox_crops\train\neg_kf-280_uav\crop_0020.jpg,0.24324819445610046,0.5148906707763672,unknown
neg_kf-280_uav,data\demo\real_world_yolox_crops\train\neg_kf-280_uav\crop_0021.jpg,0.033292606472969055,0.5148906707763672,unknown
neg_kf-280_uav,data\demo\real_world_yolox_crops\train\neg_kf-280_uav\crop_0022.jpg,0.27903151512145996,0.5148906707763672,unknown
neg_kf-280_uav,data\demo\real_world_yolox_crops\train\neg_kf-280_uav\crop_0023.jpg,0.07097366452217102,0.5148906707763672,unknown
neg_kf-280_uav,data\demo\real_world_yolox_crops\train\neg_kf-280_uav\crop_0024.jpg,0.3534695506095886,0.5148906707763672,unknown
neg_kf-280_uav,data\demo\real_world_yolox_crops\train\neg_kf-280_uav\crop_0025.jpg,-0.08180512487888336,0.5148906707763672,unknown
neg_kf-280_uav,data\demo\real_world_yolox_crops\train\neg_kf-280_uav\crop_0026.jpg,0.20755603909492493,0.5148906707763672,unknown
neg_kf-280_uav,data\demo\real_world_yolox_crops\train\neg_kf-280_uav\crop_0027.jpg,0.29162073135375977,0.5148906707763672,unknown
neg_kf-280_uav,data\demo\real_world_yolox_crops\train\neg_kf-280_uav\crop_0028.jpg,0.2424727827310562,0.5148906707763672,unknown
neg_kf-280_uav,data\demo\real_world_yolox_crops\train\neg_kf-280_uav\crop_0029.jpg,0.401908814907074,0.5148906707763672,unknown
neg_kf-280_uav,data\demo\real_world_yolox_crops\train\neg_kf-280_uav\crop_0030.jpg,-0.1651085615158081,0.5148906707763672,unknown
neg_kf-280_uav,data\demo\real_world_yolox_crops\train\neg_kf-280_uav\crop_0031.jpg,0.013709871098399162,0.5148906707763672,unknown
neg_kf-280_uav,data\demo\real_world_yolox_crops\train\neg_kf-280_uav\crop_0032.jpg,0.13039188086986542,0.5148906707763672,unknown
neg_kf-280_uav,data\demo\real_world_yolox_crops\train\neg_kf-280_uav\crop_0033.jpg,-0.29135286808013916,0.5148906707763672,unknown
neg_kf-280_uav,data\demo\real_world_yolox_crops\train\neg_kf-280_uav\crop_0034.jpg,-0.039936162531375885,0.5148906707763672,unknown
neg_kf-280_uav,data\demo\real_world_yolox_crops\train\neg_kf-280_uav\crop_0035.jpg,0.02533877268433571,0.5148906707763672,unknown
neg_kf-280_uav,data\demo\real_world_yolox_crops\train\neg_kf-280_uav\crop_0036.jpg,0.2547186017036438,0.5148906707763672,unknown
neg_kf-280_uav,data\demo\real_world_yolox_crops\train\neg_kf-280_uav\crop_0037.jpg,0.12931066751480103,0.5148906707763672,unknown
neg_kf-280_uav,data\demo\real_world_yolox_crops\train\neg_kf-280_uav\crop_0038.jpg,0.49062860012054443,0.5148906707763672,unknown
neg_kf-280_uav,data\demo\real_world_yolox_crops\train\neg_kf-280_uav\crop_0039.jpg,0.02913549542427063,0.5148906707763672,unknown
neg_kf-280_uav,data\demo\real_world_yolox_crops\train\neg_kf-280_uav\crop_0040.jpg,-0.0196479931473732,0.5148906707763672,unknown
neg_kf-280_uav,data\demo\real_world_yolox_crops\train\neg_kf-280_uav\crop_0041.jpg,-0.2903696596622467,0.5148906707763672,unknown
neg_kf-280_uav,data\demo\real_world_yolox_crops\train\neg_kf-280_uav\crop_0042.jpg,-0.0901704728603363,0.5148906707763672,unknown
neg_kf-280_uav,data\demo\real_world_yolox_crops\train\neg_kf-280_uav\crop_0043.jpg,0.07635080814361572,0.5148906707763672,unknown
neg_kf-280_uav,data\demo\real_world_yolox_crops\train\neg_kf-280_uav\crop_0044.jpg,-0.13669735193252563,0.5148906707763672,unknown
neg_kf-280_uav,data\demo\real_world_yolox_crops\train\neg_kf-280_uav\crop_0045.jpg,0.03820342943072319,0.5148906707763672,unknown
neg_kf-280_uav,data\demo\real_world_yolox_crops\train\neg_kf-280_uav\crop_0046.jpg,0.2653472423553467,0.5148906707763672,unknown
neg_kf-280_uav,data\demo\real_world_yolox_crops\train\neg_kf-280_uav\crop_0047.jpg,0.04949373006820679,0.5148906707763672,unknown
neg_kf-280_uav,data\demo\real_world_yolox_crops\train\neg_kf-280_uav\crop_0048.jpg,0.26589488983154297,0.5148906707763672,unknown
neg_kf-280_uav,data\demo\real_world_yolox_crops\train\neg_kf-280_uav\crop_0049.jpg,0.13893349468708038,0.5148906707763672,unknown
neg_kf-280_uav,data\demo\real_world_yolox_crops\train\neg_kf-280_uav\crop_0050.jpg,-0.012173675000667572,0.5148906707763672,unknown
neg_kf-280_uav,data\demo\real_world_yolox_crops\train\neg_kf-280_uav\crop_0051.jpg,-0.055885955691337585,0.5148906707763672,unknown
neg_kf-280_uav,data\demo\real_world_yolox_crops\train\neg_kf-280_uav\crop_0052.jpg,-0.06814968585968018,0.5148906707763672,unknown
neg_kf-280_uav,data\demo\real_world_yolox_crops\train\neg_kf-280_uav\crop_0053.jpg,0.150689959526062,0.5148906707763672,unknown
neg_kf-280_uav,data\demo\real_world_yolox_crops\train\neg_kf-280_uav\crop_0054.jpg,0.26254069805145264,0.5148906707763672,unknown
neg_kf-280_uav,data\demo\real_world_yolox_crops\train\neg_kf-280_uav\crop_0055.jpg,0.08281518518924713,0.5148906707763672,unknown
neg_kf-280_uav,data\demo\real_world_yolox_crops\train\neg_kf-280_uav\crop_0056.jpg,0.04728080332279205,0.5148906707763672,unknown
neg_kf-280_uav,data\demo\real_world_yolox_crops\train\neg_kf-280_uav\crop_0057.jpg,0.37991636991500854,0.5148906707763672,unknown
neg_kf-280_uav,data\demo\real_world_yolox_crops\train\neg_kf-280_uav\crop_0058.jpg,0.06262961775064468,0.5148906707763672,unknown
neg_kf-280_uav,data\demo\real_world_yolox_crops\train\neg_kf-280_uav\crop_0059.jpg,0.16286320984363556,0.5148906707763672,unknown
neg_kf-280_uav,data\demo\real_world_yolox_crops\train\neg_kf-280_uav\crop_0060.jpg,0.12825427949428558,0.5148906707763672,unknown
neg_kf-280_uav,data\demo\real_world_yolox_crops\train\neg_kf-280_uav\crop_0061.jpg,0.0545370914041996,0.5148906707763672,unknown
neg_kf-280_uav,data\demo\real_world_yolox_crops\train\neg_kf-280_uav\crop_0062.jpg,0.14121732115745544,0.5148906707763672,unknown
neg_kf-280_uav,data\demo\real_world_yolox_crops\train\neg_kf-280_uav\crop_0063.jpg,-0.03982257843017578,0.5148906707763672,unknown
neg_kf-280_uav,data\demo\real_world_yolox_crops\train\neg_kf-280_uav\crop_0064.jpg,0.20078608393669128,0.5148906707763672,unknown
neg_kf-280_uav,data\demo\real_world_yolox_crops\train\neg_kf-280_uav\crop_0065.jpg,0.26113539934158325,0.5148906707763672,unknown
neg_kf-280_uav,data\demo\real_world_yolox_crops\train\neg_kf-280_uav\crop_0066.jpg,0.13023905456066132,0.5148906707763672,unknown
neg_kf-280_uav,data\demo\real_world_yolox_crops\train\neg_kf-280_uav\crop_0067.jpg,0.10568444430828094,0.5148906707763672,unknown
neg_kf-280_uav,data\demo\real_world_yolox_crops\train\neg_kf-280_uav\crop_0068.jpg,0.005597561597824097,0.5148906707763672,unknown
neg_kf-280_uav,data\demo\real_world_yolox_crops\train\neg_kf-280_uav\crop_0069.jpg,0.04242541640996933,0.5148906707763672,unknown
neg_kf-280_uav,data\demo\real_world_yolox_crops\train\neg_kf-280_uav\crop_0070.jpg,0.2738010287284851,0.5148906707763672,unknown
neg_kf-280_uav,data\demo\real_world_yolox_crops\train\neg_kf-280_uav\crop_0071.jpg,0.12768909335136414,0.5148906707763672,unknown
neg_kf-280_uav,data\demo\real_world_yolox_crops\train\neg_kf-280_uav\crop_0072.jpg,0.8606064319610596,0.5148906707763672,unknown
neg_kf-280_uav,data\demo\real_world_yolox_crops\train\neg_kf-280_uav\crop_0073.jpg,0.04408467561006546,0.5148906707763672,unknown
neg_kf-280_uav,data\demo\real_world_yolox_crops\train\neg_kf-280_uav\crop_0074.jpg,0.16593357920646667,0.5148906707763672,unknown
neg_kf-280_uav,data\demo\real_world_yolox_crops\train\neg_kf-280_uav\crop_0075.jpg,0.44139307737350464,0.5148906707763672,unknown
neg_kf-280_uav,data\demo\real_world_yolox_crops\train\neg_kf-280_uav\crop_0076.jpg,-0.25362280011177063,0.5148906707763672,unknown
neg_kf-280_uav,data\demo\real_world_yolox_crops\train\neg_kf-280_uav\crop_0077.jpg,-0.07611417025327682,0.5148906707763672,unknown
neg_kf-280_uav,data\demo\real_world_yolox_crops\train\neg_kf-280_uav\crop_0078.jpg,0.06627023220062256,0.5148906707763672,unknown
neg_kf-280_uav,data\demo\real_world_yolox_crops\train\neg_kf-280_uav\crop_0079.jpg,-0.19132086634635925,0.5148906707763672,unknown
neg_kf-280_uav,data\demo\real_world_yolox_crops\train\neg_kf-280_uav\crop_0080.jpg,-0.04337138682603836,0.5148906707763672,unknown
neg_kf-280_uav,data\demo\real_world_yolox_crops\train\neg_kf-280_uav\crop_0081.jpg,-0.1286371648311615,0.5148906707763672,unknown
neg_kf-280_uav,data\demo\real_world_yolox_crops\train\neg_kf-280_uav\crop_0082.jpg,-0.09981264173984528,0.5148906707763672,unknown
neg_kf-280_uav,data\demo\real_world_yolox_crops\train\neg_kf-280_uav\crop_0083.jpg,0.07096042484045029,0.5148906707763672,unknown
neg_kf-280_uav,data\demo\real_world_yolox_crops\train\neg_kf-280_uav\crop_0084.jpg,0.05220583826303482,0.5148906707763672,unknown
neg_kf-280_uav,data\demo\real_world_yolox_crops\train\neg_kf-280_uav\crop_0085.jpg,-0.0076829493045806885,0.5148906707763672,unknown
neg_kf-280_uav,data\demo\real_world_yolox_crops\train\neg_kf-280_uav\crop_0086.jpg,0.033503130078315735,0.5148906707763672,unknown
neg_kf-280_uav,data\demo\real_world_yolox_crops\train\neg_kf-280_uav\crop_0087.jpg,-0.058149196207523346,0.5148906707763672,unknown
neg_kf-280_uav,data\demo\real_world_yolox_crops\train\neg_kf-280_uav\crop_0088.jpg,-0.14801499247550964,0.5148906707763672,unknown
neg_kf-280_uav,data\demo\real_world_yolox_crops\train\neg_kf-280_uav\crop_0089.jpg,0.11564119160175323,0.5148906707763672,unknown
neg_kf-280_uav,data\demo\real_world_yolox_crops\train\neg_kf-280_uav\crop_0090.jpg,0.31673508882522583,0.5148906707763672,unknown
neg_kf-280_uav,data\demo\real_world_yolox_crops\train\neg_kf-280_uav\crop_0091.jpg,0.10925191640853882,0.5148906707763672,unknown
neg_kf-280_uav,data\demo\real_world_yolox_crops\train\neg_kf-280_uav\crop_0092.jpg,-0.18254926800727844,0.5148906707763672,unknown
neg_md-500_defender_helicopter,data\demo\real_world_yolox_crops\train\neg_md-500_defender_helicopter\crop_0000.jpg,0.42286261916160583,0.6456546783447266,unknown
neg_md-500_defender_helicopter,data\demo\real_world_yolox_crops\train\neg_md-500_defender_helicopter\crop_0001.jpg,0.1420067399740219,0.6456546783447266,unknown
neg_md-500_defender_helicopter,data\demo\real_world_yolox_crops\train\neg_md-500_defender_helicopter\crop_0002.jpg,0.5373421311378479,0.6456546783447266,unknown
neg_md-500_defender_helicopter,data\demo\real_world_yolox_crops\train\neg_md-500_defender_helicopter\crop_0003.jpg,0.04286108911037445,0.6456546783447266,unknown
neg_md-500_defender_helicopter,data\demo\real_world_yolox_crops\train\neg_md-500_defender_helicopter\crop_0004.jpg,0.24743500351905823,0.6456546783447266,unknown
neg_md-500_defender_helicopter,data\demo\real_world_yolox_crops\train\neg_md-500_defender_helicopter\crop_0005.jpg,0.28271880745887756,0.6456546783447266,unknown
neg_md-500_defender_helicopter,data\demo\real_world_yolox_crops\train\neg_md-500_defender_helicopter\crop_0006.jpg,0.2710283100605011,0.6456546783447266,unknown
neg_md-500_defender_helicopter,data\demo\real_world_yolox_crops\train\neg_md-500_defender_helicopter\crop_0007.jpg,0.3473793566226959,0.6456546783447266,unknown
neg_md-500_defender_helicopter,data\demo\real_world_yolox_crops\train\neg_md-500_defender_helicopter\crop_0008.jpg,0.4476655423641205,0.6456546783447266,unknown
neg_md-500_defender_helicopter,data\demo\real_world_yolox_crops\train\neg_md-500_defender_helicopter\crop_0009.jpg,0.024091117084026337,0.6456546783447266,unknown
neg_md-500_defender_helicopter,data\demo\real_world_yolox_crops\train\neg_md-500_defender_helicopter\crop_0010.jpg,0.39476335048675537,0.6456546783447266,unknown
neg_md-500_defender_helicopter,data\demo\real_world_yolox_crops\train\neg_md-500_defender_helicopter\crop_0011.jpg,0.051219090819358826,0.6456546783447266,unknown
neg_md-500_defender_helicopter,data\demo\real_world_yolox_crops\train\neg_md-500_defender_helicopter\crop_0012.jpg,0.021837599575519562,0.6456546783447266,unknown
neg_md-500_defender_helicopter,data\demo\real_world_yolox_crops\train\neg_md-500_defender_helicopter\crop_0013.jpg,0.14526787400245667,0.6456546783447266,unknown
neg_md-500_defender_helicopter,data\demo\real_world_yolox_crops\train\neg_md-500_defender_helicopter\crop_0014.jpg,0.3115786910057068,0.6456546783447266,unknown
neg_md-500_defender_helicopter,data\demo\real_world_yolox_crops\train\neg_md-500_defender_helicopter\crop_0015.jpg,0.5137695670127869,0.6456546783447266,unknown
neg_md-500_defender_helicopter,data\demo\real_world_yolox_crops\train\neg_md-500_defender_helicopter\crop_0016.jpg,0.1870000958442688,0.6456546783447266,unknown
neg_md-500_defender_helicopter,data\demo\real_world_yolox_crops\train\neg_md-500_defender_helicopter\crop_0017.jpg,0.21730288863182068,0.6456546783447266,unknown
neg_md-500_defender_helicopter,data\demo\real_world_yolox_crops\train\neg_md-500_defender_helicopter\crop_0018.jpg,0.4226848781108856,0.6456546783447266,unknown
neg_md-500_defender_helicopter,data\demo\real_world_yolox_crops\train\neg_md-500_defender_helicopter\crop_0019.jpg,0.7530317306518555,0.6456546783447266,unknown
neg_md-500_defender_helicopter,data\demo\real_world_yolox_crops\train\neg_md-500_defender_helicopter\crop_0020.jpg,0.3439095616340637,0.6456546783447266,unknown
neg_md-500_defender_helicopter,data\demo\real_world_yolox_crops\train\neg_md-500_defender_helicopter\crop_0021.jpg,0.32905256748199463,0.6456546783447266,unknown
neg_md-500_defender_helicopter,data\demo\real_world_yolox_crops\train\neg_md-500_defender_helicopter\crop_0022.jpg,0.3790522813796997,0.6456546783447266,unknown
neg_md-500_defender_helicopter,data\demo\real_world_yolox_crops\train\neg_md-500_defender_helicopter\crop_0023.jpg,0.16556158661842346,0.6456546783447266,unknown
neg_md-500_defender_helicopter,data\demo\real_world_yolox_crops\train\neg_md-500_defender_helicopter\crop_0024.jpg,0.20709127187728882,0.6456546783447266,unknown
neg_md-500_defender_helicopter,data\demo\real_world_yolox_crops\train\neg_md-500_defender_helicopter\crop_0025.jpg,0.25602683424949646,0.6456546783447266,unknown
neg_md-500_defender_helicopter,data\demo\real_world_yolox_crops\train\neg_md-500_defender_helicopter\crop_0026.jpg,0.5300772190093994,0.6456546783447266,unknown
neg_md-500_defender_helicopter,data\demo\real_world_yolox_crops\train\neg_md-500_defender_helicopter\crop_0027.jpg,0.687016487121582,0.6456546783447266,unknown
neg_md-500_defender_helicopter,data\demo\real_world_yolox_crops\train\neg_md-500_defender_helicopter\crop_0028.jpg,0.4698914885520935,0.6456546783447266,unknown
neg_md-500_defender_helicopter,data\demo\real_world_yolox_crops\train\neg_md-500_defender_helicopter\crop_0029.jpg,0.3667655289173126,0.6456546783447266,unknown
neg_md-500_defender_helicopter,data\demo\real_world_yolox_crops\train\neg_md-500_defender_helicopter\crop_0030.jpg,0.5749834775924683,0.6456546783447266,unknown
neg_md-500_defender_helicopter,data\demo\real_world_yolox_crops\train\neg_md-500_defender_helicopter\crop_0031.jpg,0.5799208879470825,0.6456546783447266,unknown
neg_md-500_defender_helicopter,data\demo\real_world_yolox_crops\train\neg_md-500_defender_helicopter\crop_0032.jpg,0.280913770198822,0.6456546783447266,unknown
neg_md-500_defender_helicopter,data\demo\real_world_yolox_crops\train\neg_md-500_defender_helicopter\crop_0033.jpg,0.37468841671943665,0.6456546783447266,unknown
neg_md-500_defender_helicopter,data\demo\real_world_yolox_crops\train\neg_md-500_defender_helicopter\crop_0034.jpg,0.11903338134288788,0.6456546783447266,unknown
neg_md-500_defender_helicopter,data\demo\real_world_yolox_crops\train\neg_md-500_defender_helicopter\crop_0035.jpg,0.39598408341407776,0.6456546783447266,unknown
neg_md-500_defender_helicopter,data\demo\real_world_yolox_crops\train\neg_md-500_defender_helicopter\crop_0036.jpg,0.6333208680152893,0.6456546783447266,unknown
neg_md-500_defender_helicopter,data\demo\real_world_yolox_crops\train\neg_md-500_defender_helicopter\crop_0037.jpg,0.5017455220222473,0.6456546783447266,unknown
neg_md-500_defender_helicopter,data\demo\real_world_yolox_crops\train\neg_md-500_defender_helicopter\crop_0038.jpg,0.4398006200790405,0.6456546783447266,unknown
neg_md-500_defender_helicopter,data\demo\real_world_yolox_crops\train\neg_md-500_defender_helicopter\crop_0039.jpg,0.17842386662960052,0.6456546783447266,unknown
neg_md-500_defender_helicopter,data\demo\real_world_yolox_crops\train\neg_md-500_defender_helicopter\crop_0040.jpg,0.41647055745124817,0.6456546783447266,unknown
neg_md-500_defender_helicopter,data\demo\real_world_yolox_crops\train\neg_md-500_defender_helicopter\crop_0041.jpg,-0.006163962185382843,0.6456546783447266,unknown
neg_md-500_defender_helicopter,data\demo\real_world_yolox_crops\train\neg_md-500_defender_helicopter\crop_0042.jpg,0.5719606876373291,0.6456546783447266,unknown
neg_md-500_defender_helicopter,data\demo\real_world_yolox_crops\train\neg_md-500_defender_helicopter\crop_0043.jpg,0.5054978132247925,0.6456546783447266,unknown
neg_md-500_defender_helicopter,data\demo\real_world_yolox_crops\train\neg_md-500_defender_helicopter\crop_0044.jpg,0.5253410935401917,0.6456546783447266,unknown
neg_md-500_defender_helicopter,data\demo\real_world_yolox_crops\train\neg_md-500_defender_helicopter\crop_0045.jpg,0.030524663627147675,0.6456546783447266,unknown
neg_md-500_defender_helicopter,data\demo\real_world_yolox_crops\train\neg_md-500_defender_helicopter\crop_0046.jpg,0.4471000134944916,0.6456546783447266,unknown
neg_md-500_defender_helicopter,data\demo\real_world_yolox_crops\train\neg_md-500_defender_helicopter\crop_0047.jpg,0.20286104083061218,0.6456546783447266,unknown
neg_md-500_defender_helicopter,data\demo\real_world_yolox_crops\train\neg_md-500_defender_helicopter\crop_0048.jpg,0.382780522108078,0.6456546783447266,unknown
neg_md-500_defender_helicopter,data\demo\real_world_yolox_crops\train\neg_md-500_defender_helicopter\crop_0049.jpg,0.4626091420650482,0.6456546783447266,unknown
neg_md-500_defender_helicopter,data\demo\real_world_yolox_crops\train\neg_md-500_defender_helicopter\crop_0050.jpg,0.12627406418323517,0.6456546783447266,unknown
neg_md-500_defender_helicopter,data\demo\real_world_yolox_crops\train\neg_md-500_defender_helicopter\crop_0051.jpg,0.47314709424972534,0.6456546783447266,unknown
neg_md-500_defender_helicopter,data\demo\real_world_yolox_crops\train\neg_md-500_defender_helicopter\crop_0052.jpg,0.4332526624202728,0.6456546783447266,unknown
neg_pigeon_in_flight,data\demo\real_world_yolox_crops\train\neg_pigeon_in_flight\crop_0000.jpg,0.4080263376235962,0.7156640291213989,MATCH
neg_pigeon_in_flight,data\demo\real_world_yolox_crops\train\neg_pigeon_in_flight\crop_0001.jpg,0.3055889904499054,0.7156640291213989,MATCH
neg_pigeon_in_flight,data\demo\real_world_yolox_crops\train\neg_pigeon_in_flight\crop_0002.jpg,0.38264307379722595,0.7156640291213989,MATCH
neg_pigeon_in_flight,data\demo\real_world_yolox_crops\train\neg_pigeon_in_flight\crop_0003.jpg,0.09462068974971771,0.7156640291213989,MATCH
neg_pigeon_in_flight,data\demo\real_world_yolox_crops\train\neg_pigeon_in_flight\crop_0004.jpg,0.12832945585250854,0.7156640291213989,MATCH
neg_pigeon_in_flight,data\demo\real_world_yolox_crops\train\neg_pigeon_in_flight\crop_0005.jpg,0.23790369927883148,0.7156640291213989,MATCH
neg_pigeon_in_flight,data\demo\real_world_yolox_crops\train\neg_pigeon_in_flight\crop_0006.jpg,0.08243207633495331,0.7156640291213989,MATCH
neg_pigeon_in_flight,data\demo\real_world_yolox_crops\train\neg_pigeon_in_flight\crop_0007.jpg,0.015878699719905853,0.7156640291213989,MATCH
neg_pigeon_in_flight,data\demo\real_world_yolox_crops\train\neg_pigeon_in_flight\crop_0008.jpg,0.7695284485816956,0.7156640291213989,MATCH
neg_pigeon_in_flight,data\demo\real_world_yolox_crops\train\neg_pigeon_in_flight\crop_0009.jpg,0.5661748647689819,0.7156640291213989,MATCH
neg_pigeon_in_flight,data\demo\real_world_yolox_crops\train\neg_pigeon_in_flight\crop_0010.jpg,0.16127823293209076,0.7156640291213989,MATCH
neg_pigeon_in_flight,data\demo\real_world_yolox_crops\train\neg_pigeon_in_flight\crop_0011.jpg,0.4290226101875305,0.7156640291213989,MATCH
neg_pigeon_in_flight,data\demo\real_world_yolox_crops\train\neg_pigeon_in_flight\crop_0012.jpg,0.3121189475059509,0.7156640291213989,MATCH
neg_pigeon_in_flight,data\demo\real_world_yolox_crops\train\neg_pigeon_in_flight\crop_0013.jpg,0.4742433726787567,0.7156640291213989,MATCH
neg_pigeon_in_flight,data\demo\real_world_yolox_crops\train\neg_pigeon_in_flight\crop_0014.jpg,0.0848800390958786,0.7156640291213989,MATCH
neg_pigeon_in_flight,data\demo\real_world_yolox_crops\train\neg_pigeon_in_flight\crop_0015.jpg,0.16622398793697357,0.7156640291213989,MATCH
neg_pigeon_in_flight,data\demo\real_world_yolox_crops\train\neg_pigeon_in_flight\crop_0016.jpg,0.3679361343383789,0.7156640291213989,MATCH
neg_pigeon_in_flight,data\demo\real_world_yolox_crops\train\neg_pigeon_in_flight\crop_0017.jpg,-0.004675641655921936,0.7156640291213989,MATCH
neg_pigeon_in_flight,data\demo\real_world_yolox_crops\train\neg_pigeon_in_flight\crop_0018.jpg,0.2353726327419281,0.7156640291213989,MATCH
neg_pigeon_in_flight,data\demo\real_world_yolox_crops\train\neg_pigeon_in_flight\crop_0019.jpg,0.6634353399276733,0.7156640291213989,MATCH
neg_pigeon_in_flight,data\demo\real_world_yolox_crops\train\neg_pigeon_in_flight\crop_0020.jpg,0.35431575775146484,0.7156640291213989,MATCH
neg_pigeon_in_flight,data\demo\real_world_yolox_crops\train\neg_pigeon_in_flight\crop_0021.jpg,0.17982684075832367,0.7156640291213989,MATCH
neg_pigeon_in_flight,data\demo\real_world_yolox_crops\train\neg_pigeon_in_flight\crop_0022.jpg,0.3240343928337097,0.7156640291213989,MATCH
neg_pigeon_in_flight,data\demo\real_world_yolox_crops\train\neg_pigeon_in_flight\crop_0023.jpg,0.8679066896438599,0.7156640291213989,MATCH
neg_pigeon_in_flight,data\demo\real_world_yolox_crops\train\neg_pigeon_in_flight\crop_0024.jpg,0.20854076743125916,0.7156640291213989,MATCH
neg_pigeon_in_flight,data\demo\real_world_yolox_crops\train\neg_pigeon_in_flight\crop_0025.jpg,0.6889306306838989,0.7156640291213989,MATCH
neg_pigeon_in_flight,data\demo\real_world_yolox_crops\train\neg_pigeon_in_flight\crop_0026.jpg,0.5885189175605774,0.7156640291213989,MATCH
neg_pigeon_in_flight,data\demo\real_world_yolox_crops\train\neg_pigeon_in_flight\crop_0027.jpg,-0.006597094237804413,0.7156640291213989,MATCH
neg_pigeon_in_flight,data\demo\real_world_yolox_crops\train\neg_pigeon_in_flight\crop_0028.jpg,0.06742186844348907,0.7156640291213989,MATCH
neg_pigeon_in_flight,data\demo\real_world_yolox_crops\train\neg_pigeon_in_flight\crop_0029.jpg,0.3188416063785553,0.7156640291213989,MATCH
neg_pigeon_in_flight,data\demo\real_world_yolox_crops\train\neg_pigeon_in_flight\crop_0030.jpg,-0.003392636775970459,0.7156640291213989,MATCH
neg_pigeon_in_flight,data\demo\real_world_yolox_crops\train\neg_pigeon_in_flight\crop_0031.jpg,-0.12793178856372833,0.7156640291213989,MATCH
neg_pigeon_in_flight,data\demo\real_world_yolox_crops\train\neg_pigeon_in_flight\crop_0032.jpg,0.19273319840431213,0.7156640291213989,MATCH
neg_pigeon_in_flight,data\demo\real_world_yolox_crops\train\neg_pigeon_in_flight\crop_0033.jpg,-0.06379541754722595,0.7156640291213989,MATCH
neg_pigeon_in_flight,data\demo\real_world_yolox_crops\train\neg_pigeon_in_flight\crop_0034.jpg,0.18529638648033142,0.7156640291213989,MATCH
neg_pigeon_in_flight,data\demo\real_world_yolox_crops\train\neg_pigeon_in_flight\crop_0035.jpg,0.12746746838092804,0.7156640291213989,MATCH
neg_pigeon_in_flight,data\demo\real_world_yolox_crops\train\neg_pigeon_in_flight\crop_0036.jpg,0.1321558803319931,0.7156640291213989,MATCH
neg_pigeon_in_flight,data\demo\real_world_yolox_crops\train\neg_pigeon_in_flight\crop_0037.jpg,0.24063007533550262,0.7156640291213989,MATCH
neg_pigeon_in_flight,data\demo\real_world_yolox_crops\train\neg_pigeon_in_flight\crop_0038.jpg,0.006390847265720367,0.7156640291213989,MATCH
neg_pigeon_in_flight,data\demo\real_world_yolox_crops\train\neg_pigeon_in_flight\crop_0039.jpg,-0.07411512732505798,0.7156640291213989,MATCH
neg_pigeon_in_flight,data\demo\real_world_yolox_crops\train\neg_pigeon_in_flight\crop_0040.jpg,-0.018634356558322906,0.7156640291213989,MATCH
neg_pigeon_in_flight,data\demo\real_world_yolox_crops\train\neg_pigeon_in_flight\crop_0041.jpg,0.07003366947174072,0.7156640291213989,MATCH
neg_pigeon_in_flight,data\demo\real_world_yolox_crops\train\neg_pigeon_in_flight\crop_0042.jpg,-0.04153568297624588,0.7156640291213989,MATCH
neg_pigeon_in_flight,data\demo\real_world_yolox_crops\train\neg_pigeon_in_flight\crop_0043.jpg,0.004629954695701599,0.7156640291213989,MATCH
neg_pigeon_in_flight,data\demo\real_world_yolox_crops\train\neg_pigeon_in_flight\crop_0044.jpg,0.06766847521066666,0.7156640291213989,MATCH
neg_pigeon_in_flight,data\demo\real_world_yolox_crops\train\neg_pigeon_in_flight\crop_0045.jpg,0.010350547730922699,0.7156640291213989,MATCH
neg_pigeon_in_flight,data\demo\real_world_yolox_crops\train\neg_pigeon_in_flight\crop_0046.jpg,0.04670136421918869,0.7156640291213989,MATCH
neg_pigeon_in_flight,data\demo\real_world_yolox_crops\train\neg_pigeon_in_flight\crop_0047.jpg,-0.060829803347587585,0.7156640291213989,MATCH
neg_pigeon_in_flight,data\demo\real_world_yolox_crops\train\neg_pigeon_in_flight\crop_0048.jpg,-0.023894041776657104,0.7156640291213989,MATCH
neg_pigeon_in_flight,data\demo\real_world_yolox_crops\train\neg_pigeon_in_flight\crop_0049.jpg,-0.13577400147914886,0.7156640291213989,MATCH
neg_pigeon_in_flight,data\demo\real_world_yolox_crops\train\neg_pigeon_in_flight\crop_0050.jpg,0.02032008394598961,0.7156640291213989,MATCH
neg_pigeon_in_flight,data\demo\real_world_yolox_crops\train\neg_pigeon_in_flight\crop_0051.jpg,0.10345496237277985,0.7156640291213989,MATCH
neg_pigeon_in_flight,data\demo\real_world_yolox_crops\train\neg_pigeon_in_flight\crop_0052.jpg,0.09405302256345749,0.7156640291213989,MATCH
neg_pigeon_in_flight,data\demo\real_world_yolox_crops\train\neg_pigeon_in_flight\crop_0053.jpg,-0.255489319562912,0.7156640291213989,MATCH
neg_pigeon_in_flight,data\demo\real_world_yolox_crops\train\neg_pigeon_in_flight\crop_0054.jpg,0.020365573465824127,0.7156640291213989,MATCH
neg_pigeon_in_flight,data\demo\real_world_yolox_crops\train\neg_pigeon_in_flight\crop_0055.jpg,-0.023306623101234436,0.7156640291213989,MATCH
neg_pigeon_in_flight,data\demo\real_world_yolox_crops\train\neg_pigeon_in_flight\crop_0056.jpg,-0.005557095631957054,0.7156640291213989,MATCH
neg_pigeon_in_flight,data\demo\real_world_yolox_crops\train\neg_pigeon_in_flight\crop_0057.jpg,-0.05557596683502197,0.7156640291213989,MATCH
neg_pigeon_in_flight,data\demo\real_world_yolox_crops\train\neg_pigeon_in_flight\crop_0058.jpg,0.11985035240650177,0.7156640291213989,MATCH
neg_pigeon_in_flight,data\demo\real_world_yolox_crops\train\neg_pigeon_in_flight\crop_0059.jpg,-0.02699960023164749,0.7156640291213989,MATCH
neg_pigeon_in_flight,data\demo\real_world_yolox_crops\train\neg_pigeon_in_flight\crop_0060.jpg,0.07936636358499527,0.7156640291213989,MATCH
neg_pigeon_in_flight,data\demo\real_world_yolox_crops\train\neg_pigeon_in_flight\crop_0061.jpg,-0.03552842512726784,0.7156640291213989,MATCH
neg_pigeon_in_flight,data\demo\real_world_yolox_crops\train\neg_pigeon_in_flight\crop_0062.jpg,-0.08945077657699585,0.7156640291213989,MATCH
neg_pigeon_in_flight,data\demo\real_world_yolox_crops\train\neg_pigeon_in_flight\crop_0063.jpg,0.19416168332099915,0.7156640291213989,MATCH
neg_pigeon_in_flight,data\demo\real_world_yolox_crops\train\neg_pigeon_in_flight\crop_0064.jpg,0.03622419387102127,0.7156640291213989,MATCH
neg_pigeon_in_flight,data\demo\real_world_yolox_crops\train\neg_pigeon_in_flight\crop_0065.jpg,0.04093131422996521,0.7156640291213989,MATCH
neg_real4,data\demo\real_world_yolox_crops\train\neg_real4\crop_0000.jpg,-0.12811924517154694,0.5198441743850708,unknown
neg_real4,data\demo\real_world_yolox_crops\train\neg_real4\crop_0001.jpg,-0.07118210941553116,0.5198441743850708,unknown
neg_real4,data\demo\real_world_yolox_crops\train\neg_real4\crop_0002.jpg,0.18856120109558105,0.5198441743850708,unknown
neg_real4,data\demo\real_world_yolox_crops\train\neg_real4\crop_0003.jpg,0.14605069160461426,0.5198441743850708,unknown
neg_real4,data\demo\real_world_yolox_crops\train\neg_real4\crop_0004.jpg,0.0006097853183746338,0.5198441743850708,unknown
neg_real4,data\demo\real_world_yolox_crops\train\neg_real4\crop_0005.jpg,0.4217385947704315,0.5198441743850708,unknown
neg_real4,data\demo\real_world_yolox_crops\train\neg_real4\crop_0006.jpg,0.5279898643493652,0.5198441743850708,unknown
neg_real4,data\demo\real_world_yolox_crops\train\neg_real4\crop_0007.jpg,0.5228036642074585,0.5198441743850708,unknown
neg_real4,data\demo\real_world_yolox_crops\train\neg_real4\crop_0008.jpg,0.5065920352935791,0.5198441743850708,unknown
neg_real4,data\demo\real_world_yolox_crops\train\neg_real4\crop_0009.jpg,0.4304662346839905,0.5198441743850708,unknown
neg_real4,data\demo\real_world_yolox_crops\train\neg_real4\crop_0010.jpg,0.4129396378993988,0.5198441743850708,unknown
neg_real4,data\demo\real_world_yolox_crops\train\neg_real4\crop_0011.jpg,0.08894467353820801,0.5198441743850708,unknown
neg_real4,data\demo\real_world_yolox_crops\train\neg_real4\crop_0012.jpg,0.170816570520401,0.5198441743850708,unknown
neg_real4,data\demo\real_world_yolox_crops\train\neg_real4\crop_0013.jpg,0.3423333764076233,0.5198441743850708,unknown
neg_real4,data\demo\real_world_yolox_crops\train\neg_real4\crop_0014.jpg,0.36113008856773376,0.5198441743850708,unknown
neg_real4,data\demo\real_world_yolox_crops\train\neg_real4\crop_0015.jpg,0.42521268129348755,0.5198441743850708,unknown
neg_real4,data\demo\real_world_yolox_crops\train\neg_real4\crop_0016.jpg,0.3921148180961609,0.5198441743850708,unknown
neg_real4,data\demo\real_world_yolox_crops\train\neg_real4\crop_0017.jpg,0.5274075269699097,0.5198441743850708,unknown
neg_real4,data\demo\real_world_yolox_crops\train\neg_real4\crop_0018.jpg,0.514427661895752,0.5198441743850708,unknown
neg_real4,data\demo\real_world_yolox_crops\train\neg_real4\crop_0019.jpg,-0.08548647910356522,0.5198441743850708,unknown
neg_real4,data\demo\real_world_yolox_crops\train\neg_real4\crop_0020.jpg,0.4128645062446594,0.5198441743850708,unknown
neg_real4,data\demo\real_world_yolox_crops\train\neg_real4\crop_0021.jpg,0.08567211031913757,0.5198441743850708,unknown
neg_real4,data\demo\real_world_yolox_crops\train\neg_real4\crop_0022.jpg,0.36059561371803284,0.5198441743850708,unknown
neg_real4,data\demo\real_world_yolox_crops\train\neg_real4\crop_0023.jpg,0.07518833875656128,0.5198441743850708,unknown
neg_real4,data\demo\real_world_yolox_crops\train\neg_real4\crop_0024.jpg,0.2762962281703949,0.5198441743850708,unknown
neg_real4,data\demo\real_world_yolox_crops\train\neg_real4\crop_0025.jpg,0.39617154002189636,0.5198441743850708,unknown
neg_real4,data\demo\real_world_yolox_crops\train\neg_real4\crop_0026.jpg,0.3599850833415985,0.5198441743850708,unknown
neg_real4,data\demo\real_world_yolox_crops\train\neg_real4\crop_0027.jpg,0.2190524935722351,0.5198441743850708,unknown
neg_real4,data\demo\real_world_yolox_crops\train\neg_real4\crop_0028.jpg,0.4041641056537628,0.5198441743850708,unknown
neg_real4,data\demo\real_world_yolox_crops\train\neg_real4\crop_0029.jpg,0.45115357637405396,0.5198441743850708,unknown
neg_real4,data\demo\real_world_yolox_crops\train\neg_real4\crop_0030.jpg,0.1647276133298874,0.5198441743850708,unknown
neg_real4,data\demo\real_world_yolox_crops\train\neg_real4\crop_0031.jpg,0.017888665199279785,0.5198441743850708,unknown
neg_real4,data\demo\real_world_yolox_crops\train\neg_real4\crop_0032.jpg,0.11697207391262054,0.5198441743850708,unknown
neg_real4,data\demo\real_world_yolox_crops\train\neg_real4\crop_0033.jpg,-0.06608954071998596,0.5198441743850708,unknown
neg_real4,data\demo\real_world_yolox_crops\train\neg_real4\crop_0034.jpg,-0.09647621214389801,0.5198441743850708,unknown
neg_real4,data\demo\real_world_yolox_crops\train\neg_real4\crop_0035.jpg,0.06510694324970245,0.5198441743850708,unknown
neg_real4,data\demo\real_world_yolox_crops\train\neg_real4\crop_0036.jpg,-0.0011081323027610779,0.5198441743850708,unknown
neg_real4,data\demo\real_world_yolox_crops\train\neg_real4\crop_0037.jpg,-0.03193999081850052,0.5198441743850708,unknown
neg_real4,data\demo\real_world_yolox_crops\train\neg_real4\crop_0038.jpg,0.3828609585762024,0.5198441743850708,unknown
neg_real4,data\demo\real_world_yolox_crops\train\neg_real4\crop_0039.jpg,0.16979694366455078,0.5198441743850708,unknown
neg_real4,data\demo\real_world_yolox_crops\train\neg_real4\crop_0040.jpg,-0.13734254240989685,0.5198441743850708,unknown
neg_real4,data\demo\real_world_yolox_crops\train\neg_real4\crop_0041.jpg,0.1779792606830597,0.5198441743850708,unknown
neg_seagul_v2,data\demo\real_world_yolox_crops\train\neg_seagul_v2\crop_0000.jpg,0.7982223629951477,0.7524809837341309,MATCH
neg_seagul_v2,data\demo\real_world_yolox_crops\train\neg_seagul_v2\crop_0001.jpg,0.7749484777450562,0.7524809837341309,MATCH
neg_seagul_v2,data\demo\real_world_yolox_crops\train\neg_seagul_v2\crop_0002.jpg,-0.014838911592960358,0.7524809837341309,MATCH
neg_seagul_v2,data\demo\real_world_yolox_crops\train\neg_seagul_v2\crop_0003.jpg,0.15457209944725037,0.7524809837341309,MATCH
neg_seagul_v2,data\demo\real_world_yolox_crops\train\neg_seagul_v2\crop_0004.jpg,0.27864930033683777,0.7524809837341309,MATCH
neg_seagul_v2,data\demo\real_world_yolox_crops\train\neg_seagul_v2\crop_0005.jpg,0.035570040345191956,0.7524809837341309,MATCH
neg_seagul_v2,data\demo\real_world_yolox_crops\train\neg_seagul_v2\crop_0006.jpg,0.7918694019317627,0.7524809837341309,MATCH
neg_seagul_v2,data\demo\real_world_yolox_crops\train\neg_seagul_v2\crop_0007.jpg,0.10535016655921936,0.7524809837341309,MATCH
neg_seagul_v2,data\demo\real_world_yolox_crops\train\neg_seagul_v2\crop_0008.jpg,0.0007681362330913544,0.7524809837341309,MATCH
neg_seagul_v2,data\demo\real_world_yolox_crops\train\neg_seagul_v2\crop_0009.jpg,0.013754762709140778,0.7524809837341309,MATCH
neg_seagul_v2,data\demo\real_world_yolox_crops\train\neg_seagul_v2\crop_0010.jpg,0.18757018446922302,0.7524809837341309,MATCH
neg_seagul_v2,data\demo\real_world_yolox_crops\train\neg_seagul_v2\crop_0011.jpg,0.22252342104911804,0.7524809837341309,MATCH
neg_seagul_v2,data\demo\real_world_yolox_crops\train\neg_seagul_v2\crop_0012.jpg,0.5430083274841309,0.7524809837341309,MATCH
neg_seagul_v2,data\demo\real_world_yolox_crops\train\neg_seagul_v2\crop_0013.jpg,0.11498002707958221,0.7524809837341309,MATCH
neg_seagul_v2,data\demo\real_world_yolox_crops\train\neg_seagul_v2\crop_0014.jpg,0.5746860504150391,0.7524809837341309,MATCH
neg_seagul_v2,data\demo\real_world_yolox_crops\train\neg_seagul_v2\crop_0015.jpg,0.5694969892501831,0.7524809837341309,MATCH
neg_seagul_v2,data\demo\real_world_yolox_crops\train\neg_seagul_v2\crop_0016.jpg,0.03144649416208267,0.7524809837341309,MATCH
neg_seagul_v2,data\demo\real_world_yolox_crops\train\neg_seagul_v2\crop_0017.jpg,0.09790444374084473,0.7524809837341309,MATCH
neg_seagul_v2,data\demo\real_world_yolox_crops\train\neg_seagul_v2\crop_0018.jpg,0.1982976198196411,0.7524809837341309,MATCH
neg_seagul_v2,data\demo\real_world_yolox_crops\train\neg_seagul_v2\crop_0019.jpg,0.14927718043327332,0.7524809837341309,MATCH
neg_seagul_v2,data\demo\real_world_yolox_crops\train\neg_seagul_v2\crop_0020.jpg,0.08677376806735992,0.7524809837341309,MATCH
neg_seagul_v2,data\demo\real_world_yolox_crops\train\neg_seagul_v2\crop_0021.jpg,0.5727580785751343,0.7524809837341309,MATCH
neg_seagul_v2,data\demo\real_world_yolox_crops\train\neg_seagul_v2\crop_0022.jpg,0.09120452404022217,0.7524809837341309,MATCH
neg_seagul_v2,data\demo\real_world_yolox_crops\train\neg_seagul_v2\crop_0023.jpg,0.026537083089351654,0.7524809837341309,MATCH
neg_seagul_v2,data\demo\real_world_yolox_crops\train\neg_seagul_v2\crop_0024.jpg,-0.07811688631772995,0.7524809837341309,MATCH
neg_seagul_v2,data\demo\real_world_yolox_crops\train\neg_seagul_v2\crop_0025.jpg,0.822678804397583,0.7524809837341309,MATCH
neg_seagul_v2,data\demo\real_world_yolox_crops\train\neg_seagul_v2\crop_0026.jpg,0.3900938928127289,0.7524809837341309,MATCH
neg_seagul_v2,data\demo\real_world_yolox_crops\train\neg_seagul_v2\crop_0027.jpg,0.4211726784706116,0.7524809837341309,MATCH
neg_seagul_v2,data\demo\real_world_yolox_crops\train\neg_seagul_v2\crop_0028.jpg,0.03962477296590805,0.7524809837341309,MATCH
neg_seagul_v2,data\demo\real_world_yolox_crops\train\neg_seagul_v2\crop_0029.jpg,0.18379566073417664,0.7524809837341309,MATCH
neg_seagul_v2,data\demo\real_world_yolox_crops\train\neg_seagul_v2\crop_0030.jpg,0.284549355506897,0.7524809837341309,MATCH
neg_seagul_v2,data\demo\real_world_yolox_crops\train\neg_seagul_v2\crop_0031.jpg,0.26728278398513794,0.7524809837341309,MATCH
neg_seagul_v2,data\demo\real_world_yolox_crops\train\neg_seagul_v2\crop_0032.jpg,0.3647778332233429,0.7524809837341309,MATCH
neg_seagul_v2,data\demo\real_world_yolox_crops\train\neg_seagul_v2\crop_0033.jpg,0.545712411403656,0.7524809837341309,MATCH
neg_seagul_v2,data\demo\real_world_yolox_crops\train\neg_seagul_v2\crop_0034.jpg,0.4323268532752991,0.7524809837341309,MATCH
neg_seagul_v2,data\demo\real_world_yolox_crops\train\neg_seagul_v2\crop_0035.jpg,0.1521565169095993,0.7524809837341309,MATCH
neg_seagul_v2,data\demo\real_world_yolox_crops\train\neg_seagul_v2\crop_0036.jpg,0.25847119092941284,0.7524809837341309,MATCH
neg_seagul_v2,data\demo\real_world_yolox_crops\train\neg_seagul_v2\crop_0037.jpg,0.4281894266605377,0.7524809837341309,MATCH
neg_seagul_v2,data\demo\real_world_yolox_crops\train\neg_seagul_v2\crop_0038.jpg,0.17158788442611694,0.7524809837341309,MATCH
neg_seagul_v2,data\demo\real_world_yolox_crops\train\neg_seagul_v2\crop_0039.jpg,0.2511745095252991,0.7524809837341309,MATCH
neg_seagul_v2,data\demo\real_world_yolox_crops\train\neg_seagul_v2\crop_0040.jpg,0.39585548639297485,0.7524809837341309,MATCH
neg_seagul_v2,data\demo\real_world_yolox_crops\train\neg_seagul_v2\crop_0041.jpg,-0.19400715827941895,0.7524809837341309,MATCH
neg_seagul_v2,data\demo\real_world_yolox_crops\train\neg_seagul_v2\crop_0042.jpg,-0.051731206476688385,0.7524809837341309,MATCH
neg_seagul_v2,data\demo\real_world_yolox_crops\train\neg_seagul_v2\crop_0043.jpg,0.4751451313495636,0.7524809837341309,MATCH
neg_seagul_v2,data\demo\real_world_yolox_crops\train\neg_seagul_v2\crop_0044.jpg,0.14904092252254486,0.7524809837341309,MATCH
neg_seagul_v2,data\demo\real_world_yolox_crops\train\neg_seagul_v2\crop_0045.jpg,0.1932409107685089,0.7524809837341309,MATCH
neg_seagul_v2,data\demo\real_world_yolox_crops\train\neg_seagul_v2\crop_0046.jpg,-0.08346303552389145,0.7524809837341309,MATCH
neg_seagul_v2,data\demo\real_world_yolox_crops\train\neg_seagul_v2\crop_0047.jpg,0.13409467041492462,0.7524809837341309,MATCH
neg_seagul_v2,data\demo\real_world_yolox_crops\train\neg_seagul_v2\crop_0048.jpg,0.2313770055770874,0.7524809837341309,MATCH
neg_seagul_v2,data\demo\real_world_yolox_crops\train\neg_seagul_v2\crop_0049.jpg,0.12262102216482162,0.7524809837341309,MATCH
neg_seagul_v2,data\demo\real_world_yolox_crops\train\neg_seagul_v2\crop_0050.jpg,-0.013305321335792542,0.7524809837341309,MATCH
neg_seagul_v2,data\demo\real_world_yolox_crops\train\neg_seagul_v2\crop_0051.jpg,-0.04809877276420593,0.7524809837341309,MATCH
neg_seagul_v2,data\demo\real_world_yolox_crops\train\neg_seagul_v2\crop_0052.jpg,-0.01291893795132637,0.7524809837341309,MATCH
neg_seagul_v2,data\demo\real_world_yolox_crops\train\neg_seagul_v2\crop_0053.jpg,0.0292765274643898,0.7524809837341309,MATCH
neg_seagul_v2,data\demo\real_world_yolox_crops\train\neg_seagul_v2\crop_0054.jpg,0.12490611523389816,0.7524809837341309,MATCH
neg_seagul_v2,data\demo\real_world_yolox_crops\train\neg_seagul_v2\crop_0055.jpg,0.09703787416219711,0.7524809837341309,MATCH
neg_seagul_v2,data\demo\real_world_yolox_crops\train\neg_seagul_v2\crop_0056.jpg,-0.04366573691368103,0.7524809837341309,MATCH
neg_seagul_v2,data\demo\real_world_yolox_crops\train\neg_seagul_v2\crop_0057.jpg,0.06910279393196106,0.7524809837341309,MATCH
neg_seagul_v2,data\demo\real_world_yolox_crops\train\neg_seagul_v2\crop_0058.jpg,-0.006452679634094238,0.7524809837341309,MATCH
neg_seagul_v2,data\demo\real_world_yolox_crops\train\neg_seagul_v2\crop_0059.jpg,-7.439404726028442e-05,0.7524809837341309,MATCH
neg_seagul_v2,data\demo\real_world_yolox_crops\train\neg_seagul_v2\crop_0060.jpg,0.017338812351226807,0.7524809837341309,MATCH
neg_seagul_v2,data\demo\real_world_yolox_crops\train\neg_seagul_v2\crop_0061.jpg,0.2758360505104065,0.7524809837341309,MATCH
neg_seagul_v2,data\demo\real_world_yolox_crops\train\neg_seagul_v2\crop_0062.jpg,0.13034723699092865,0.7524809837341309,MATCH
neg_seagul_v2,data\demo\real_world_yolox_crops\train\neg_seagul_v2\crop_0063.jpg,0.12811779975891113,0.7524809837341309,MATCH
neg_seagul_v2,data\demo\real_world_yolox_crops\train\neg_seagul_v2\crop_0064.jpg,-0.051181040704250336,0.7524809837341309,MATCH
neg_seagul_v2,data\demo\real_world_yolox_crops\train\neg_seagul_v2\crop_0065.jpg,0.015625666826963425,0.7524809837341309,MATCH
neg_seagul_v2,data\demo\real_world_yolox_crops\train\neg_seagul_v2\crop_0066.jpg,-0.07622508704662323,0.7524809837341309,MATCH
neg_seagul_v2,data\demo\real_world_yolox_crops\train\neg_seagul_v2\crop_0067.jpg,0.1807490438222885,0.7524809837341309,MATCH
neg_seagul_v2,data\demo\real_world_yolox_crops\train\neg_seagul_v2\crop_0068.jpg,0.07647350430488586,0.7524809837341309,MATCH
neg_uav_drone_shop_war_thunder_props,data\demo\real_world_yolox_crops\train\neg_uav_drone_shop_war_thunder_props\crop_0000.jpg,0.5114375352859497,0.7683752775192261,MATCH
neg_uav_drone_shop_war_thunder_props,data\demo\real_world_yolox_crops\train\neg_uav_drone_shop_war_thunder_props\crop_0001.jpg,0.22132378816604614,0.7683752775192261,MATCH
neg_uav_drone_shop_war_thunder_props,data\demo\real_world_yolox_crops\train\neg_uav_drone_shop_war_thunder_props\crop_0002.jpg,0.5629178881645203,0.7683752775192261,MATCH
neg_uav_drone_shop_war_thunder_props,data\demo\real_world_yolox_crops\train\neg_uav_drone_shop_war_thunder_props\crop_0003.jpg,0.7239097356796265,0.7683752775192261,MATCH
neg_uav_drone_shop_war_thunder_props,data\demo\real_world_yolox_crops\train\neg_uav_drone_shop_war_thunder_props\crop_0004.jpg,0.7238755226135254,0.7683752775192261,MATCH
neg_uav_drone_shop_war_thunder_props,data\demo\real_world_yolox_crops\train\neg_uav_drone_shop_war_thunder_props\crop_0005.jpg,0.32032322883605957,0.7683752775192261,MATCH
neg_uav_drone_shop_war_thunder_props,data\demo\real_world_yolox_crops\train\neg_uav_drone_shop_war_thunder_props\crop_0006.jpg,0.40527719259262085,0.7683752775192261,MATCH
neg_uav_drone_shop_war_thunder_props,data\demo\real_world_yolox_crops\train\neg_uav_drone_shop_war_thunder_props\crop_0007.jpg,0.12954504787921906,0.7683752775192261,MATCH
neg_uav_drone_shop_war_thunder_props,data\demo\real_world_yolox_crops\train\neg_uav_drone_shop_war_thunder_props\crop_0008.jpg,0.41791021823883057,0.7683752775192261,MATCH
neg_uav_drone_shop_war_thunder_props,data\demo\real_world_yolox_crops\train\neg_uav_drone_shop_war_thunder_props\crop_0009.jpg,0.1895890235900879,0.7683752775192261,MATCH
neg_uav_drone_shop_war_thunder_props,data\demo\real_world_yolox_crops\train\neg_uav_drone_shop_war_thunder_props\crop_0010.jpg,0.7981427311897278,0.7683752775192261,MATCH
neg_uav_drone_shop_war_thunder_props,data\demo\real_world_yolox_crops\train\neg_uav_drone_shop_war_thunder_props\crop_0011.jpg,0.15671414136886597,0.7683752775192261,MATCH
neg_uav_drone_shop_war_thunder_props,data\demo\real_world_yolox_crops\train\neg_uav_drone_shop_war_thunder_props\crop_0012.jpg,0.4689446687698364,0.7683752775192261,MATCH
neg_uav_drone_shop_war_thunder_props,data\demo\real_world_yolox_crops\train\neg_uav_drone_shop_war_thunder_props\crop_0013.jpg,0.428110271692276,0.7683752775192261,MATCH
neg_uav_drone_shop_war_thunder_props,data\demo\real_world_yolox_crops\train\neg_uav_drone_shop_war_thunder_props\crop_0014.jpg,0.36673998832702637,0.7683752775192261,MATCH
neg_uav_drone_shop_war_thunder_props,data\demo\real_world_yolox_crops\train\neg_uav_drone_shop_war_thunder_props\crop_0015.jpg,0.35815733671188354,0.7683752775192261,MATCH
neg_uav_drone_shop_war_thunder_props,data\demo\real_world_yolox_crops\train\neg_uav_drone_shop_war_thunder_props\crop_0016.jpg,0.12877106666564941,0.7683752775192261,MATCH
neg_uav_drone_shop_war_thunder_props,data\demo\real_world_yolox_crops\train\neg_uav_drone_shop_war_thunder_props\crop_0017.jpg,0.0896904245018959,0.7683752775192261,MATCH
neg_uav_drone_shop_war_thunder_props,data\demo\real_world_yolox_crops\train\neg_uav_drone_shop_war_thunder_props\crop_0018.jpg,0.3496688902378082,0.7683752775192261,MATCH
neg_uav_drone_shop_war_thunder_props,data\demo\real_world_yolox_crops\train\neg_uav_drone_shop_war_thunder_props\crop_0019.jpg,0.27740538120269775,0.7683752775192261,MATCH
neg_uav_drone_shop_war_thunder_props,data\demo\real_world_yolox_crops\train\neg_uav_drone_shop_war_thunder_props\crop_0020.jpg,0.4798230528831482,0.7683752775192261,MATCH
neg_uav_drone_shop_war_thunder_props,data\demo\real_world_yolox_crops\train\neg_uav_drone_shop_war_thunder_props\crop_0021.jpg,0.427410364151001,0.7683752775192261,MATCH
neg_uav_drone_shop_war_thunder_props,data\demo\real_world_yolox_crops\train\neg_uav_drone_shop_war_thunder_props\crop_0022.jpg,0.689620852470398,0.7683752775192261,MATCH
neg_uav_drone_shop_war_thunder_props,data\demo\real_world_yolox_crops\train\neg_uav_drone_shop_war_thunder_props\crop_0023.jpg,0.3528324067592621,0.7683752775192261,MATCH
neg_uav_drone_shop_war_thunder_props,data\demo\real_world_yolox_crops\train\neg_uav_drone_shop_war_thunder_props\crop_0024.jpg,0.3273097276687622,0.7683752775192261,MATCH
neg_uav_drone_shop_war_thunder_props,data\demo\real_world_yolox_crops\train\neg_uav_drone_shop_war_thunder_props\crop_0025.jpg,0.7762813568115234,0.7683752775192261,MATCH
neg_uav_drone_shop_war_thunder_props,data\demo\real_world_yolox_crops\train\neg_uav_drone_shop_war_thunder_props\crop_0026.jpg,0.2667217552661896,0.7683752775192261,MATCH
neg_uav_drone_shop_war_thunder_props,data\demo\real_world_yolox_crops\train\neg_uav_drone_shop_war_thunder_props\crop_0027.jpg,0.3356174826622009,0.7683752775192261,MATCH
neg_uav_drone_shop_war_thunder_props,data\demo\real_world_yolox_crops\train\neg_uav_drone_shop_war_thunder_props\crop_0028.jpg,0.28113824129104614,0.7683752775192261,MATCH
neg_uav_drone_shop_war_thunder_props,data\demo\real_world_yolox_crops\train\neg_uav_drone_shop_war_thunder_props\crop_0029.jpg,0.3305502235889435,0.7683752775192261,MATCH
neg_uav_drone_shop_war_thunder_props,data\demo\real_world_yolox_crops\train\neg_uav_drone_shop_war_thunder_props\crop_0030.jpg,0.13909606635570526,0.7683752775192261,MATCH
neg_uav_drone_shop_war_thunder_props,data\demo\real_world_yolox_crops\train\neg_uav_drone_shop_war_thunder_props\crop_0031.jpg,0.5495030879974365,0.7683752775192261,MATCH
neg_uav_drone_shop_war_thunder_props,data\demo\real_world_yolox_crops\train\neg_uav_drone_shop_war_thunder_props\crop_0032.jpg,0.28383755683898926,0.7683752775192261,MATCH
neg_uav_drone_shop_war_thunder_props,data\demo\real_world_yolox_crops\train\neg_uav_drone_shop_war_thunder_props\crop_0033.jpg,0.13791441917419434,0.7683752775192261,MATCH
neg_uav_drone_shop_war_thunder_props,data\demo\real_world_yolox_crops\train\neg_uav_drone_shop_war_thunder_props\crop_0034.jpg,0.45677420496940613,0.7683752775192261,MATCH
neg_uav_drone_shop_war_thunder_props,data\demo\real_world_yolox_crops\train\neg_uav_drone_shop_war_thunder_props\crop_0035.jpg,0.15666702389717102,0.7683752775192261,MATCH
neg_uav_drone_shop_war_thunder_props,data\demo\real_world_yolox_crops\train\neg_uav_drone_shop_war_thunder_props\crop_0036.jpg,0.33343786001205444,0.7683752775192261,MATCH
neg_uav_drone_shop_war_thunder_props,data\demo\real_world_yolox_crops\train\neg_uav_drone_shop_war_thunder_props\crop_0037.jpg,0.7516006231307983,0.7683752775192261,MATCH
neg_uav_drone_shop_war_thunder_props,data\demo\real_world_yolox_crops\train\neg_uav_drone_shop_war_thunder_props\crop_0038.jpg,0.5682857036590576,0.7683752775192261,MATCH
neg_uav_drone_shop_war_thunder_props,data\demo\real_world_yolox_crops\train\neg_uav_drone_shop_war_thunder_props\crop_0039.jpg,0.4340139925479889,0.7683752775192261,MATCH
neg_uav_drone_shop_war_thunder_props,data\demo\real_world_yolox_crops\train\neg_uav_drone_shop_war_thunder_props\crop_0040.jpg,0.2802891135215759,0.7683752775192261,MATCH
neg_uav_drone_shop_war_thunder_props,data\demo\real_world_yolox_crops\train\neg_uav_drone_shop_war_thunder_props\crop_0041.jpg,0.3245891332626343,0.7683752775192261,MATCH
neg_uav_drone_shop_war_thunder_props,data\demo\real_world_yolox_crops\train\neg_uav_drone_shop_war_thunder_props\crop_0042.jpg,0.3256290555000305,0.7683752775192261,MATCH
neg_uav_drone_shop_war_thunder_props,data\demo\real_world_yolox_crops\train\neg_uav_drone_shop_war_thunder_props\crop_0043.jpg,0.7169849872589111,0.7683752775192261,MATCH
neg_uav_drone_shop_war_thunder_props,data\demo\real_world_yolox_crops\train\neg_uav_drone_shop_war_thunder_props\crop_0044.jpg,0.3188667595386505,0.7683752775192261,MATCH
neg_uav_drone_shop_war_thunder_props,data\demo\real_world_yolox_crops\train\neg_uav_drone_shop_war_thunder_props\crop_0045.jpg,0.5657622218132019,0.7683752775192261,MATCH
neg_uav_drone_shop_war_thunder_props,data\demo\real_world_yolox_crops\train\neg_uav_drone_shop_war_thunder_props\crop_0046.jpg,0.42544281482696533,0.7683752775192261,MATCH
neg_uav_drone_shop_war_thunder_props,data\demo\real_world_yolox_crops\train\neg_uav_drone_shop_war_thunder_props\crop_0047.jpg,0.20586155354976654,0.7683752775192261,MATCH
neg_uav_drone_shop_war_thunder_props,data\demo\real_world_yolox_crops\train\neg_uav_drone_shop_war_thunder_props\crop_0048.jpg,0.42531436681747437,0.7683752775192261,MATCH
neg_uav_drone_shop_war_thunder_props,data\demo\real_world_yolox_crops\train\neg_uav_drone_shop_war_thunder_props\crop_0049.jpg,0.5145095586776733,0.7683752775192261,MATCH
neg_uav_drone_shop_war_thunder_props,data\demo\real_world_yolox_crops\train\neg_uav_drone_shop_war_thunder_props\crop_0050.jpg,0.6076377630233765,0.7683752775192261,MATCH
neg_uav_drone_shop_war_thunder_props,data\demo\real_world_yolox_crops\train\neg_uav_drone_shop_war_thunder_props\crop_0051.jpg,0.27575576305389404,0.7683752775192261,MATCH
neg_uav_drone_shop_war_thunder_props,data\demo\real_world_yolox_crops\train\neg_uav_drone_shop_war_thunder_props\crop_0052.jpg,0.6991062164306641,0.7683752775192261,MATCH
neg_uav_drone_shop_war_thunder_props,data\demo\real_world_yolox_crops\train\neg_uav_drone_shop_war_thunder_props\crop_0053.jpg,0.25644651055336,0.7683752775192261,MATCH
neg_uav_drone_shop_war_thunder_props,data\demo\real_world_yolox_crops\train\neg_uav_drone_shop_war_thunder_props\crop_0054.jpg,0.2828405499458313,0.7683752775192261,MATCH
neg_uav_drone_shop_war_thunder_props,data\demo\real_world_yolox_crops\train\neg_uav_drone_shop_war_thunder_props\crop_0055.jpg,0.736768364906311,0.7683752775192261,MATCH
neg_uav_drone_shop_war_thunder_props,data\demo\real_world_yolox_crops\train\neg_uav_drone_shop_war_thunder_props\crop_0056.jpg,0.5217989683151245,0.7683752775192261,MATCH
neg_uav_drone_shop_war_thunder_props,data\demo\real_world_yolox_crops\train\neg_uav_drone_shop_war_thunder_props\crop_0057.jpg,0.4353712201118469,0.7683752775192261,MATCH
neg_uav_drone_shop_war_thunder_props,data\demo\real_world_yolox_crops\train\neg_uav_drone_shop_war_thunder_props\crop_0058.jpg,0.6657630205154419,0.7683752775192261,MATCH
neg_uav_drone_shop_war_thunder_props,data\demo\real_world_yolox_crops\train\neg_uav_drone_shop_war_thunder_props\crop_0059.jpg,0.6299736499786377,0.7683752775192261,MATCH
neg_uav_drone_shop_war_thunder_props,data\demo\real_world_yolox_crops\train\neg_uav_drone_shop_war_thunder_props\crop_0060.jpg,0.7790831327438354,0.7683752775192261,MATCH
neg_uav_drone_shop_war_thunder_props,data\demo\real_world_yolox_crops\train\neg_uav_drone_shop_war_thunder_props\crop_0061.jpg,0.5102975368499756,0.7683752775192261,MATCH
neg_uav_drone_shop_war_thunder_props,data\demo\real_world_yolox_crops\train\neg_uav_drone_shop_war_thunder_props\crop_0062.jpg,0.5452309846878052,0.7683752775192261,MATCH
neg_uav_drone_shop_war_thunder_props,data\demo\real_world_yolox_crops\train\neg_uav_drone_shop_war_thunder_props\crop_0063.jpg,0.5481727123260498,0.7683752775192261,MATCH
neg_uav_drone_shop_war_thunder_props,data\demo\real_world_yolox_crops\train\neg_uav_drone_shop_war_thunder_props\crop_0064.jpg,0.3765254616737366,0.7683752775192261,MATCH
neg_uav_drone_shop_war_thunder_props,data\demo\real_world_yolox_crops\train\neg_uav_drone_shop_war_thunder_props\crop_0065.jpg,0.3703004717826843,0.7683752775192261,MATCH
neg_uav_drone_shop_war_thunder_props,data\demo\real_world_yolox_crops\train\neg_uav_drone_shop_war_thunder_props\crop_0066.jpg,0.45100411772727966,0.7683752775192261,MATCH
neg_uav_drone_shop_war_thunder_props,data\demo\real_world_yolox_crops\train\neg_uav_drone_shop_war_thunder_props\crop_0067.jpg,0.20678424835205078,0.7683752775192261,MATCH
neg_uav_drone_shop_war_thunder_props,data\demo\real_world_yolox_crops\train\neg_uav_drone_shop_war_thunder_props\crop_0068.jpg,0.3598233461380005,0.7683752775192261,MATCH
neg_vampire_uav_babayaga,data\demo\real_world_yolox_crops\train\neg_vampire_uav_babayaga\crop_0000.jpg,0.3757604956626892,0.7781938910484314,MATCH
neg_vampire_uav_babayaga,data\demo\real_world_yolox_crops\train\neg_vampire_uav_babayaga\crop_0001.jpg,0.6325538754463196,0.7781938910484314,MATCH
neg_vampire_uav_babayaga,data\demo\real_world_yolox_crops\train\neg_vampire_uav_babayaga\crop_0002.jpg,0.6225383877754211,0.7781938910484314,MATCH
neg_vampire_uav_babayaga,data\demo\real_world_yolox_crops\train\neg_vampire_uav_babayaga\crop_0003.jpg,0.7938534021377563,0.7781938910484314,MATCH
neg_vampire_uav_babayaga,data\demo\real_world_yolox_crops\train\neg_vampire_uav_babayaga\crop_0004.jpg,0.6694525480270386,0.7781938910484314,MATCH
neg_vampire_uav_babayaga,data\demo\real_world_yolox_crops\train\neg_vampire_uav_babayaga\crop_0005.jpg,0.6162035465240479,0.7781938910484314,MATCH
neg_vampire_uav_babayaga,data\demo\real_world_yolox_crops\train\neg_vampire_uav_babayaga\crop_0006.jpg,0.8419079780578613,0.7781938910484314,MATCH
neg_vampire_uav_babayaga,data\demo\real_world_yolox_crops\train\neg_vampire_uav_babayaga\crop_0007.jpg,0.4250440001487732,0.7781938910484314,MATCH
neg_vampire_uav_babayaga,data\demo\real_world_yolox_crops\train\neg_vampire_uav_babayaga\crop_0008.jpg,0.5472800731658936,0.7781938910484314,MATCH
neg_vampire_uav_babayaga,data\demo\real_world_yolox_crops\train\neg_vampire_uav_babayaga\crop_0009.jpg,0.8330130577087402,0.7781938910484314,MATCH
neg_vampire_uav_babayaga,data\demo\real_world_yolox_crops\train\neg_vampire_uav_babayaga\crop_0010.jpg,0.46293678879737854,0.7781938910484314,MATCH
neg_vampire_uav_babayaga,data\demo\real_world_yolox_crops\train\neg_vampire_uav_babayaga\crop_0011.jpg,0.5937905311584473,0.7781938910484314,MATCH
neg_vampire_uav_babayaga,data\demo\real_world_yolox_crops\train\neg_vampire_uav_babayaga\crop_0012.jpg,0.7527425289154053,0.7781938910484314,MATCH
neg_vintage_toy_airplane,data\demo\real_world_yolox_crops\train\neg_vintage_toy_airplane\crop_0000.jpg,0.09891252964735031,0.5916165113449097,unknown
neg_vintage_toy_airplane,data\demo\real_world_yolox_crops\train\neg_vintage_toy_airplane\crop_0001.jpg,0.09716945886611938,0.5916165113449097,unknown
neg_vintage_toy_airplane,data\demo\real_world_yolox_crops\train\neg_vintage_toy_airplane\crop_0002.jpg,0.16735514998435974,0.5916165113449097,unknown
neg_vintage_toy_airplane,data\demo\real_world_yolox_crops\train\neg_vintage_toy_airplane\crop_0003.jpg,0.14606910943984985,0.5916165113449097,unknown
neg_vintage_toy_airplane,data\demo\real_world_yolox_crops\train\neg_vintage_toy_airplane\crop_0004.jpg,0.047529518604278564,0.5916165113449097,unknown
neg_vintage_toy_airplane,data\demo\real_world_yolox_crops\train\neg_vintage_toy_airplane\crop_0005.jpg,0.09049204736948013,0.5916165113449097,unknown
neg_vintage_toy_airplane,data\demo\real_world_yolox_crops\train\neg_vintage_toy_airplane\crop_0006.jpg,0.05845613032579422,0.5916165113449097,unknown
neg_vintage_toy_airplane,data\demo\real_world_yolox_crops\train\neg_vintage_toy_airplane\crop_0007.jpg,0.06198754161596298,0.5916165113449097,unknown
neg_vintage_toy_airplane,data\demo\real_world_yolox_crops\train\neg_vintage_toy_airplane\crop_0008.jpg,-0.0028761625289916992,0.5916165113449097,unknown
neg_vintage_toy_airplane,data\demo\real_world_yolox_crops\train\neg_vintage_toy_airplane\crop_0009.jpg,0.20886963605880737,0.5916165113449097,unknown
neg_vintage_toy_airplane,data\demo\real_world_yolox_crops\train\neg_vintage_toy_airplane\crop_0010.jpg,0.26799947023391724,0.5916165113449097,unknown
neg_vintage_toy_airplane,data\demo\real_world_yolox_crops\train\neg_vintage_toy_airplane\crop_0011.jpg,0.15869472920894623,0.5916165113449097,unknown
neg_vintage_toy_airplane,data\demo\real_world_yolox_crops\train\neg_vintage_toy_airplane\crop_0012.jpg,0.46969956159591675,0.5916165113449097,unknown
neg_vintage_toy_airplane,data\demo\real_world_yolox_crops\train\neg_vintage_toy_airplane\crop_0013.jpg,0.31695252656936646,0.5916165113449097,unknown
neg_vintage_toy_airplane,data\demo\real_world_yolox_crops\train\neg_vintage_toy_airplane\crop_0014.jpg,0.4028652012348175,0.5916165113449097,unknown
neg_vintage_toy_airplane,data\demo\real_world_yolox_crops\train\neg_vintage_toy_airplane\crop_0015.jpg,0.12224939465522766,0.5916165113449097,unknown
neg_vintage_toy_airplane,data\demo\real_world_yolox_crops\train\neg_vintage_toy_airplane\crop_0016.jpg,0.24619950354099274,0.5916165113449097,unknown
neg_vintage_toy_airplane,data\demo\real_world_yolox_crops\train\neg_vintage_toy_airplane\crop_0017.jpg,0.8592169880867004,0.5916165113449097,unknown
neg_vintage_toy_airplane,data\demo\real_world_yolox_crops\train\neg_vintage_toy_airplane\crop_0018.jpg,0.22848133742809296,0.5916165113449097,unknown
neg_vintage_toy_airplane,data\demo\real_world_yolox_crops\train\neg_vintage_toy_airplane\crop_0019.jpg,0.19562995433807373,0.5916165113449097,unknown
neg_vintage_toy_airplane,data\demo\real_world_yolox_crops\train\neg_vintage_toy_airplane\crop_0020.jpg,0.23811325430870056,0.5916165113449097,unknown
neg_vintage_toy_airplane,data\demo\real_world_yolox_crops\train\neg_vintage_toy_airplane\crop_0021.jpg,0.2638393044471741,0.5916165113449097,unknown
neg_vintage_toy_airplane,data\demo\real_world_yolox_crops\train\neg_vintage_toy_airplane\crop_0022.jpg,0.10253674536943436,0.5916165113449097,unknown
neg_vintage_toy_airplane,data\demo\real_world_yolox_crops\train\neg_vintage_toy_airplane\crop_0023.jpg,0.045203886926174164,0.5916165113449097,unknown
neg_vintage_toy_airplane,data\demo\real_world_yolox_crops\train\neg_vintage_toy_airplane\crop_0024.jpg,0.23889097571372986,0.5916165113449097,unknown
neg_vintage_toy_airplane,data\demo\real_world_yolox_crops\train\neg_vintage_toy_airplane\crop_0025.jpg,0.22577451169490814,0.5916165113449097,unknown
neg_vintage_toy_airplane,data\demo\real_world_yolox_crops\train\neg_vintage_toy_airplane\crop_0026.jpg,0.2740519940853119,0.5916165113449097,unknown
neg_vintage_toy_airplane,data\demo\real_world_yolox_crops\train\neg_vintage_toy_airplane\crop_0027.jpg,0.0923626571893692,0.5916165113449097,unknown
neg_vintage_toy_airplane,data\demo\real_world_yolox_crops\train\neg_vintage_toy_airplane\crop_0028.jpg,0.4787448048591614,0.5916165113449097,unknown
neg_vintage_toy_airplane,data\demo\real_world_yolox_crops\train\neg_vintage_toy_airplane\crop_0029.jpg,0.12786830961704254,0.5916165113449097,unknown
neg_vintage_toy_airplane,data\demo\real_world_yolox_crops\train\neg_vintage_toy_airplane\crop_0030.jpg,0.2059600055217743,0.5916165113449097,unknown
neg_vintage_toy_airplane,data\demo\real_world_yolox_crops\train\neg_vintage_toy_airplane\crop_0031.jpg,0.2010301947593689,0.5916165113449097,unknown
neg_vintage_toy_airplane,data\demo\real_world_yolox_crops\train\neg_vintage_toy_airplane\crop_0032.jpg,0.16649620234966278,0.5916165113449097,unknown
neg_vintage_toy_airplane,data\demo\real_world_yolox_crops\train\neg_vintage_toy_airplane\crop_0033.jpg,0.7343840599060059,0.5916165113449097,unknown
neg_vintage_toy_airplane,data\demo\real_world_yolox_crops\train\neg_vintage_toy_airplane\crop_0034.jpg,0.4160371720790863,0.5916165113449097,unknown
neg_vintage_toy_airplane,data\demo\real_world_yolox_crops\train\neg_vintage_toy_airplane\crop_0035.jpg,0.19717802107334137,0.5916165113449097,unknown
neg_vintage_toy_airplane,data\demo\real_world_yolox_crops\train\neg_vintage_toy_airplane\crop_0036.jpg,0.32635170221328735,0.5916165113449097,unknown
neg_vintage_toy_airplane,data\demo\real_world_yolox_crops\train\neg_vintage_toy_airplane\crop_0037.jpg,0.11500091105699539,0.5916165113449097,unknown
neg_vintage_toy_airplane,data\demo\real_world_yolox_crops\train\neg_vintage_toy_airplane\crop_0038.jpg,0.28573161363601685,0.5916165113449097,unknown
neg_vintage_toy_airplane,data\demo\real_world_yolox_crops\train\neg_vintage_toy_airplane\crop_0039.jpg,0.1340426504611969,0.5916165113449097,unknown
neg_vintage_toy_airplane,data\demo\real_world_yolox_crops\train\neg_vintage_toy_airplane\crop_0040.jpg,0.17405055463314056,0.5916165113449097,unknown
neg_vintage_toy_airplane,data\demo\real_world_yolox_crops\train\neg_vintage_toy_airplane\crop_0041.jpg,0.2898852229118347,0.5916165113449097,unknown
neg_vintage_toy_airplane,data\demo\real_world_yolox_crops\train\neg_vintage_toy_airplane\crop_0042.jpg,0.0715169906616211,0.5916165113449097,unknown
neg_vintage_toy_airplane,data\demo\real_world_yolox_crops\train\neg_vintage_toy_airplane\crop_0043.jpg,0.14144492149353027,0.5916165113449097,unknown
neg_vintage_toy_airplane,data\demo\real_world_yolox_crops\train\neg_vintage_toy_airplane\crop_0044.jpg,0.13492800295352936,0.5916165113449097,unknown
neg_vintage_toy_airplane,data\demo\real_world_yolox_crops\train\neg_vintage_toy_airplane\crop_0045.jpg,0.08537565171718597,0.5916165113449097,unknown
neg_vintage_toy_airplane,data\demo\real_world_yolox_crops\train\neg_vintage_toy_airplane\crop_0046.jpg,0.00762706995010376,0.5916165113449097,unknown
neg_vintage_toy_airplane,data\demo\real_world_yolox_crops\train\neg_vintage_toy_airplane\crop_0047.jpg,0.05228724330663681,0.5916165113449097,unknown
neg_vintage_toy_airplane,data\demo\real_world_yolox_crops\train\neg_vintage_toy_airplane\crop_0048.jpg,0.07309354841709137,0.5916165113449097,unknown
neg_vintage_toy_airplane,data\demo\real_world_yolox_crops\train\neg_vintage_toy_airplane\crop_0049.jpg,0.14533855020999908,0.5916165113449097,unknown
neg_vintage_toy_airplane,data\demo\real_world_yolox_crops\train\neg_vintage_toy_airplane\crop_0050.jpg,0.1883644312620163,0.5916165113449097,unknown
neg_vintage_toy_airplane,data\demo\real_world_yolox_crops\train\neg_vintage_toy_airplane\crop_0051.jpg,0.15760740637779236,0.5916165113449097,unknown
neg_vintage_toy_airplane,data\demo\real_world_yolox_crops\train\neg_vintage_toy_airplane\crop_0052.jpg,-0.0795881599187851,0.5916165113449097,unknown
neg_vintage_toy_airplane,data\demo\real_world_yolox_crops\train\neg_vintage_toy_airplane\crop_0053.jpg,0.17846956849098206,0.5916165113449097,unknown
neg_vintage_toy_airplane,data\demo\real_world_yolox_crops\train\neg_vintage_toy_airplane\crop_0054.jpg,-0.009926162660121918,0.5916165113449097,unknown
neg_vintage_toy_airplane,data\demo\real_world_yolox_crops\train\neg_vintage_toy_airplane\crop_0055.jpg,0.0861322283744812,0.5916165113449097,unknown
neg_vintage_toy_airplane,data\demo\real_world_yolox_crops\train\neg_vintage_toy_airplane\crop_0056.jpg,0.11448712646961212,0.5916165113449097,unknown
neg_vintage_toy_airplane,data\demo\real_world_yolox_crops\train\neg_vintage_toy_airplane\crop_0057.jpg,-0.09986045956611633,0.5916165113449097,unknown
neg_vintage_toy_airplane,data\demo\real_world_yolox_crops\train\neg_vintage_toy_airplane\crop_0058.jpg,0.04937205836176872,0.5916165113449097,unknown
neg_vintage_toy_airplane,data\demo\real_world_yolox_crops\train\neg_vintage_toy_airplane\crop_0059.jpg,0.2686672508716583,0.5916165113449097,unknown
neg_vintage_toy_airplane,data\demo\real_world_yolox_crops\train\neg_vintage_toy_airplane\crop_0060.jpg,0.37914779782295227,0.5916165113449097,unknown
neg_vintage_toy_airplane,data\demo\real_world_yolox_crops\train\neg_vintage_toy_airplane\crop_0061.jpg,0.18048405647277832,0.5916165113449097,unknown
neg_vintage_toy_airplane,data\demo\real_world_yolox_crops\train\neg_vintage_toy_airplane\crop_0062.jpg,0.35691243410110474,0.5916165113449097,unknown
neg_vintage_toy_airplane,data\demo\real_world_yolox_crops\train\neg_vintage_toy_airplane\crop_0063.jpg,-0.012010015547275543,0.5916165113449097,unknown
neg_vintage_toy_airplane,data\demo\real_world_yolox_crops\train\neg_vintage_toy_airplane\crop_0064.jpg,0.35613489151000977,0.5916165113449097,unknown
neg_vintage_toy_airplane,data\demo\real_world_yolox_crops\train\neg_vintage_toy_airplane\crop_0065.jpg,-0.041223227977752686,0.5916165113449097,unknown
neg_vintage_toy_airplane,data\demo\real_world_yolox_crops\train\neg_vintage_toy_airplane\crop_0066.jpg,-0.061551034450531006,0.5916165113449097,unknown
neg_vintage_toy_airplane,data\demo\real_world_yolox_crops\train\neg_vintage_toy_airplane\crop_0067.jpg,-0.042112164199352264,0.5916165113449097,unknown
neg_vintage_toy_airplane,data\demo\real_world_yolox_crops\train\neg_vintage_toy_airplane\crop_0068.jpg,0.062347568571567535,0.5916165113449097,unknown
neg_vintage_toy_airplane,data\demo\real_world_yolox_crops\train\neg_vintage_toy_airplane\crop_0069.jpg,0.0754755288362503,0.5916165113449097,unknown
neg_vintage_toy_airplane,data\demo\real_world_yolox_crops\train\neg_vintage_toy_airplane\crop_0070.jpg,0.030867736786603928,0.5916165113449097,unknown
neg_vintage_toy_airplane,data\demo\real_world_yolox_crops\train\neg_vintage_toy_airplane\crop_0071.jpg,-0.12871894240379333,0.5916165113449097,unknown
neg_vintage_toy_airplane,data\demo\real_world_yolox_crops\train\neg_vintage_toy_airplane\crop_0072.jpg,-0.10071319341659546,0.5916165113449097,unknown
neg_vintage_toy_airplane,data\demo\real_world_yolox_crops\train\neg_vintage_toy_airplane\crop_0073.jpg,-0.264758825302124,0.5916165113449097,unknown
neg_vintage_toy_airplane,data\demo\real_world_yolox_crops\train\neg_vintage_toy_airplane\crop_0074.jpg,-0.031369276344776154,0.5916165113449097,unknown
real1,data\demo\real_world_yolox_crops\train\real1\crop_0000.jpg,-0.08817435801029205,0.23668380081653595,unknown
real1,data\demo\real_world_yolox_crops\train\real1\crop_0001.jpg,-0.32917553186416626,0.23668380081653595,unknown
real1,data\demo\real_world_yolox_crops\train\real1\crop_0002.jpg,0.028734643012285233,0.23668380081653595,unknown
real1,data\demo\real_world_yolox_crops\train\real1\crop_0003.jpg,0.026044845581054688,0.23668380081653595,unknown
real1,data\demo\real_world_yolox_crops\train\real1\crop_0004.jpg,0.17957249283790588,0.23668380081653595,unknown
real1,data\demo\real_world_yolox_crops\train\real1\crop_0005.jpg,-0.13047286868095398,0.23668380081653595,unknown
real1,data\demo\real_world_yolox_crops\train\real1\crop_0006.jpg,-0.1648632138967514,0.23668380081653595,unknown
real1,data\demo\real_world_yolox_crops\train\real1\crop_0007.jpg,-0.3722231090068817,0.23668380081653595,unknown
real1,data\demo\real_world_yolox_crops\train\real1\crop_0008.jpg,-0.07869936525821686,0.23668380081653595,unknown
real1,data\demo\real_world_yolox_crops\train\real1\crop_0009.jpg,-0.14863421022891998,0.23668380081653595,unknown
real1,data\demo\real_world_yolox_crops\train\real1\crop_0010.jpg,-0.0794057846069336,0.23668380081653595,unknown
real1,data\demo\real_world_yolox_crops\train\real1\crop_0011.jpg,-0.14726991951465607,0.23668380081653595,unknown
real1,data\demo\real_world_yolox_crops\train\real1\crop_0012.jpg,-0.07696998119354248,0.23668380081653595,unknown
real1,data\demo\real_world_yolox_crops\train\real1\crop_0013.jpg,-0.2190125435590744,0.23668380081653595,unknown
real1,data\demo\real_world_yolox_crops\train\real1\crop_0014.jpg,-0.10623201727867126,0.23668380081653595,unknown
real1,data\demo\real_world_yolox_crops\train\real1\crop_0015.jpg,-0.09038053452968597,0.23668380081653595,unknown
real1,data\demo\real_world_yolox_crops\train\real1\crop_0016.jpg,0.02564822882413864,0.23668380081653595,unknown
real1,data\demo\real_world_yolox_crops\train\real1\crop_0017.jpg,-0.10695783793926239,0.23668380081653595,unknown
real1,data\demo\real_world_yolox_crops\train\real1\crop_0018.jpg,-0.0026707500219345093,0.23668380081653595,unknown
real1,data\demo\real_world_yolox_crops\train\real1\crop_0019.jpg,-0.09038053452968597,0.23668380081653595,unknown
real1,data\demo\real_world_yolox_crops\train\real1\crop_0020.jpg,-0.13681399822235107,0.23668380081653595,unknown
real1,data\demo\real_world_yolox_crops\train\real1\crop_0021.jpg,0.9234188199043274,0.23668380081653595,unknown
real3,data\demo\real_world_yolox_crops\train\real3\crop_0000.jpg,-0.07756974548101425,0.013655642047524452,unknown
real3,data\demo\real_world_yolox_crops\train\real3\crop_0001.jpg,-0.0810903012752533,0.013655642047524452,unknown
real3,data\demo\real_world_yolox_crops\train\real3\crop_0002.jpg,0.04590192437171936,0.013655642047524452,unknown
real3,data\demo\real_world_yolox_crops\train\real3\crop_0003.jpg,-0.05633978545665741,0.013655642047524452,unknown
real3,data\demo\real_world_yolox_crops\train\real3\crop_0004.jpg,-0.047967568039894104,0.013655642047524452,unknown
real3,data\demo\real_world_yolox_crops\train\real3\crop_0005.jpg,-0.07485219836235046,0.013655642047524452,unknown
real3,data\demo\real_world_yolox_crops\train\real3\crop_0006.jpg,-0.0542788952589035,0.013655642047524452,unknown
real3,data\demo\real_world_yolox_crops\train\real3\crop_0007.jpg,-0.08346817642450333,0.013655642047524452,unknown
real3,data\demo\real_world_yolox_crops\train\real3\crop_0008.jpg,-0.0984000489115715,0.013655642047524452,unknown
real3,data\demo\real_world_yolox_crops\train\real3\crop_0009.jpg,-0.07098598778247833,0.013655642047524452,unknown
real3,data\demo\real_world_yolox_crops\train\real3\crop_0010.jpg,-0.05223102867603302,0.013655642047524452,unknown
real3,data\demo\real_world_yolox_crops\train\real3\crop_0011.jpg,-0.08016287535429001,0.013655642047524452,unknown
real3,data\demo\real_world_yolox_crops\train\real3\crop_0012.jpg,-0.08368520438671112,0.013655642047524452,unknown
real3,data\demo\real_world_yolox_crops\train\real3\crop_0013.jpg,-0.05826004594564438,0.013655642047524452,unknown
real3,data\demo\real_world_yolox_crops\train\real3\crop_0014.jpg,-0.011341765522956848,0.013655642047524452,unknown
real3,data\demo\real_world_yolox_crops\train\real3\crop_0015.jpg,0.014089643955230713,0.013655642047524452,unknown
real3,data\demo\real_world_yolox_crops\train\real3\crop_0016.jpg,-0.08104268461465836,0.013655642047524452,unknown
real3,data\demo\real_world_yolox_crops\train\real3\crop_0017.jpg,0.006768807768821716,0.013655642047524452,unknown
real3,data\demo\real_world_yolox_crops\train\real3\crop_0018.jpg,-0.12390204519033432,0.013655642047524452,unknown
real3,data\demo\real_world_yolox_crops\train\real3\crop_0019.jpg,-0.008184954524040222,0.013655642047524452,unknown
real3,data\demo\real_world_yolox_crops\train\real3\crop_0020.jpg,0.006346121430397034,0.013655642047524452,unknown
real3,data\demo\real_world_yolox_crops\train\real3\crop_0021.jpg,-0.059477001428604126,0.013655642047524452,unknown
real3,data\demo\real_world_yolox_crops\train\real3\crop_0022.jpg,-0.056347399950027466,0.013655642047524452,unknown
real3,data\demo\real_world_yolox_crops\train\real3\crop_0023.jpg,-0.026584744453430176,0.013655642047524452,unknown
real3,data\demo\real_world_yolox_crops\train\real3\crop_0024.jpg,-0.04156716167926788,0.013655642047524452,unknown
real3,data\demo\real_world_yolox_crops\train\real3\crop_0025.jpg,-0.032318115234375,0.013655642047524452,unknown
real3,data\demo\real_world_yolox_crops\train\real3\crop_0026.jpg,-0.058661505579948425,0.013655642047524452,unknown
real3,data\demo\real_world_yolox_crops\train\real3\crop_0027.jpg,-0.004828289151191711,0.013655642047524452,unknown
real3,data\demo\real_world_yolox_crops\train\real3\crop_0028.jpg,-0.06189855933189392,0.013655642047524452,unknown
real3,data\demo\real_world_yolox_crops\train\real3\crop_0029.jpg,-0.09006910026073456,0.013655642047524452,unknown
real3,data\demo\real_world_yolox_crops\train\real3\crop_0030.jpg,-0.051636360585689545,0.013655642047524452,unknown
real3,data\demo\real_world_yolox_crops\train\real3\crop_0031.jpg,-0.07688659429550171,0.013655642047524452,unknown
real5,data\demo\real_world_yolox_crops\train\real5\crop_0000.jpg,0.013403795659542084,0.03139430284500122,unknown
real5,data\demo\real_world_yolox_crops\train\real5\crop_0001.jpg,0.009948641061782837,0.03139430284500122,unknown
real5,data\demo\real_world_yolox_crops\train\real5\crop_0002.jpg,-0.024556037038564682,0.03139430284500122,unknown
real5,data\demo\real_world_yolox_crops\train\real5\crop_0003.jpg,-0.014551281929016113,0.03139430284500122,unknown
real5,data\demo\real_world_yolox_crops\train\real5\crop_0004.jpg,0.01837749034166336,0.03139430284500122,unknown
real5,data\demo\real_world_yolox_crops\train\real5\crop_0005.jpg,0.028182700276374817,0.03139430284500122,unknown
real5,data\demo\real_world_yolox_crops\train\real5\crop_0006.jpg,0.012358814477920532,0.03139430284500122,unknown
real5,data\demo\real_world_yolox_crops\train\real5\crop_0007.jpg,-0.0017702504992485046,0.03139430284500122,unknown
real5,data\demo\real_world_yolox_crops\train\real5\crop_0008.jpg,0.008550040423870087,0.03139430284500122,unknown
real5,data\demo\real_world_yolox_crops\train\real5\crop_0009.jpg,0.028280679136514664,0.03139430284500122,unknown
real5,data\demo\real_world_yolox_crops\train\real5\crop_0010.jpg,0.004489924758672714,0.03139430284500122,unknown
real5,data\demo\real_world_yolox_crops\train\real5\crop_0011.jpg,0.007403932511806488,0.03139430284500122,unknown
real5,data\demo\real_world_yolox_crops\train\real5\crop_0012.jpg,-0.008688155561685562,0.03139430284500122,unknown
real5,data\demo\real_world_yolox_crops\train\real5\crop_0013.jpg,-0.014597456902265549,0.03139430284500122,unknown
real5,data\demo\real_world_yolox_crops\train\real5\crop_0014.jpg,0.011559449136257172,0.03139430284500122,unknown
real5,data\demo\real_world_yolox_crops\train\real5\crop_0015.jpg,-0.03348444402217865,0.03139430284500122,unknown
real5,data\demo\real_world_yolox_crops\train\real5\crop_0016.jpg,-0.10484399646520615,0.03139430284500122,unknown
real5,data\demo\real_world_yolox_crops\train\real5\crop_0017.jpg,-0.20479252934455872,0.03139430284500122,unknown
real5,data\demo\real_world_yolox_crops\train\real5\crop_0018.jpg,-0.010540559887886047,0.03139430284500122,unknown
real5,data\demo\real_world_yolox_crops\train\real5\crop_0019.jpg,-0.038820624351501465,0.03139430284500122,unknown
real5,data\demo\real_world_yolox_crops\train\real5\crop_0020.jpg,0.04965075105428696,0.03139430284500122,unknown
real5,data\demo\real_world_yolox_crops\train\real5\crop_0021.jpg,-0.042812980711460114,0.03139430284500122,unknown
real5,data\demo\real_world_yolox_crops\train\real5\crop_0022.jpg,-0.02606247365474701,0.03139430284500122,unknown
real5,data\demo\real_world_yolox_crops\train\real5\crop_0023.jpg,-0.066535085439682,0.03139430284500122,unknown
real5,data\demo\real_world_yolox_crops\train\real5\crop_0024.jpg,0.01829645410180092,0.03139430284500122,unknown
real5,data\demo\real_world_yolox_crops\train\real5\crop_0025.jpg,0.03247987851500511,0.03139430284500122,unknown
real5,data\demo\real_world_yolox_crops\train\real5\crop_0026.jpg,-0.025291651487350464,0.03139430284500122,unknown
rough_sketch_of_a_male_uav,data\demo\real_world_yolox_crops\train\rough_sketch_of_a_male_uav\crop_0000.jpg,0.05941814184188843,0.5050821900367737,unknown
rough_sketch_of_a_male_uav,data\demo\real_world_yolox_crops\train\rough_sketch_of_a_male_uav\crop_0001.jpg,-0.22432370483875275,0.5050821900367737,unknown
rough_sketch_of_a_male_uav,data\demo\real_world_yolox_crops\train\rough_sketch_of_a_male_uav\crop_0002.jpg,0.23215025663375854,0.5050821900367737,unknown
rough_sketch_of_a_male_uav,data\demo\real_world_yolox_crops\train\rough_sketch_of_a_male_uav\crop_0003.jpg,0.3181285262107849,0.5050821900367737,unknown
rough_sketch_of_a_male_uav,data\demo\real_world_yolox_crops\train\rough_sketch_of_a_male_uav\crop_0004.jpg,0.33465760946273804,0.5050821900367737,unknown
rough_sketch_of_a_male_uav,data\demo\real_world_yolox_crops\train\rough_sketch_of_a_male_uav\crop_0005.jpg,0.221145898103714,0.5050821900367737,unknown
rough_sketch_of_a_male_uav,data\demo\real_world_yolox_crops\train\rough_sketch_of_a_male_uav\crop_0006.jpg,0.3323875069618225,0.5050821900367737,unknown
rough_sketch_of_a_male_uav,data\demo\real_world_yolox_crops\train\rough_sketch_of_a_male_uav\crop_0007.jpg,0.23357383906841278,0.5050821900367737,unknown
rough_sketch_of_a_male_uav,data\demo\real_world_yolox_crops\train\rough_sketch_of_a_male_uav\crop_0008.jpg,0.17391051352024078,0.5050821900367737,unknown
rough_sketch_of_a_male_uav,data\demo\real_world_yolox_crops\train\rough_sketch_of_a_male_uav\crop_0009.jpg,0.7497909069061279,0.5050821900367737,unknown
rough_sketch_of_a_male_uav,data\demo\real_world_yolox_crops\train\rough_sketch_of_a_male_uav\crop_0010.jpg,0.03300970792770386,0.5050821900367737,unknown
rough_sketch_of_a_male_uav,data\demo\real_world_yolox_crops\train\rough_sketch_of_a_male_uav\crop_0011.jpg,0.28711622953414917,0.5050821900367737,unknown
rough_sketch_of_a_male_uav,data\demo\real_world_yolox_crops\train\rough_sketch_of_a_male_uav\crop_0012.jpg,0.32891419529914856,0.5050821900367737,unknown
rough_sketch_of_a_male_uav,data\demo\real_world_yolox_crops\train\rough_sketch_of_a_male_uav\crop_0013.jpg,0.07026487588882446,0.5050821900367737,unknown
rough_sketch_of_a_male_uav,data\demo\real_world_yolox_crops\train\rough_sketch_of_a_male_uav\crop_0014.jpg,0.10565803945064545,0.5050821900367737,unknown
rough_sketch_of_a_male_uav,data\demo\real_world_yolox_crops\train\rough_sketch_of_a_male_uav\crop_0015.jpg,0.07070083171129227,0.5050821900367737,unknown
rough_sketch_of_a_male_uav,data\demo\real_world_yolox_crops\train\rough_sketch_of_a_male_uav\crop_0016.jpg,0.08699287474155426,0.5050821900367737,unknown
rough_sketch_of_a_male_uav,data\demo\real_world_yolox_crops\train\rough_sketch_of_a_male_uav\crop_0017.jpg,0.07953518629074097,0.5050821900367737,unknown
rough_sketch_of_a_male_uav,data\demo\real_world_yolox_crops\train\rough_sketch_of_a_male_uav\crop_0018.jpg,0.12277676165103912,0.5050821900367737,unknown
rough_sketch_of_a_male_uav,data\demo\real_world_yolox_crops\train\rough_sketch_of_a_male_uav\crop_0019.jpg,0.05566362291574478,0.5050821900367737,unknown
rough_sketch_of_a_male_uav,data\demo\real_world_yolox_crops\train\rough_sketch_of_a_male_uav\crop_0020.jpg,0.032371047884225845,0.5050821900367737,unknown
rough_sketch_of_a_male_uav,data\demo\real_world_yolox_crops\train\rough_sketch_of_a_male_uav\crop_0021.jpg,0.22651609778404236,0.5050821900367737,unknown
rough_sketch_of_a_male_uav,data\demo\real_world_yolox_crops\train\rough_sketch_of_a_male_uav\crop_0022.jpg,0.036259692162275314,0.5050821900367737,unknown
rough_sketch_of_a_male_uav,data\demo\real_world_yolox_crops\train\rough_sketch_of_a_male_uav\crop_0023.jpg,0.18856410682201385,0.5050821900367737,unknown
rough_sketch_of_a_male_uav,data\demo\real_world_yolox_crops\train\rough_sketch_of_a_male_uav\crop_0024.jpg,-0.16208527982234955,0.5050821900367737,unknown
rough_sketch_of_a_male_uav,data\demo\real_world_yolox_crops\train\rough_sketch_of_a_male_uav\crop_0025.jpg,0.779660701751709,0.5050821900367737,unknown
rq-11_raven_uav__high-poly_model,data\demo\real_world_yolox_crops\train\rq-11_raven_uav__high-poly_model\crop_0000.jpg,0.4375521242618561,0.534124493598938,unknown
rq-11_raven_uav__high-poly_model,data\demo\real_world_yolox_crops\train\rq-11_raven_uav__high-poly_model\crop_0001.jpg,0.004181437194347382,0.534124493598938,unknown
rq-11_raven_uav__high-poly_model,data\demo\real_world_yolox_crops\train\rq-11_raven_uav__high-poly_model\crop_0002.jpg,-0.07580918073654175,0.534124493598938,unknown
rq-11_raven_uav__high-poly_model,data\demo\real_world_yolox_crops\train\rq-11_raven_uav__high-poly_model\crop_0003.jpg,0.09329475462436676,0.534124493598938,unknown
rq-11_raven_uav__high-poly_model,data\demo\real_world_yolox_crops\train\rq-11_raven_uav__high-poly_model\crop_0004.jpg,-0.28217196464538574,0.534124493598938,unknown
rq-11_raven_uav__high-poly_model,data\demo\real_world_yolox_crops\train\rq-11_raven_uav__high-poly_model\crop_0005.jpg,-0.29587727785110474,0.534124493598938,unknown
rq-11_raven_uav__high-poly_model,data\demo\real_world_yolox_crops\train\rq-11_raven_uav__high-poly_model\crop_0006.jpg,-0.2579691410064697,0.534124493598938,unknown
rq-11_raven_uav__high-poly_model,data\demo\real_world_yolox_crops\train\rq-11_raven_uav__high-poly_model\crop_0007.jpg,-0.044748455286026,0.534124493598938,unknown
rq-11_raven_uav__high-poly_model,data\demo\real_world_yolox_crops\train\rq-11_raven_uav__high-poly_model\crop_0008.jpg,0.0986345112323761,0.534124493598938,unknown
rq-11_raven_uav__high-poly_model,data\demo\real_world_yolox_crops\train\rq-11_raven_uav__high-poly_model\crop_0009.jpg,0.13240700960159302,0.534124493598938,unknown
rq-11_raven_uav__high-poly_model,data\demo\real_world_yolox_crops\train\rq-11_raven_uav__high-poly_model\crop_0010.jpg,0.09142190217971802,0.534124493598938,unknown
rq-11_raven_uav__high-poly_model,data\demo\real_world_yolox_crops\train\rq-11_raven_uav__high-poly_model\crop_0011.jpg,0.13915857672691345,0.534124493598938,unknown
rq-11_raven_uav__high-poly_model,data\demo\real_world_yolox_crops\train\rq-11_raven_uav__high-poly_model\crop_0012.jpg,-0.22608788311481476,0.534124493598938,unknown
rq-11_raven_uav__high-poly_model,data\demo\real_world_yolox_crops\train\rq-11_raven_uav__high-poly_model\crop_0013.jpg,-0.243012934923172,0.534124493598938,unknown
rq-11_raven_uav__high-poly_model,data\demo\real_world_yolox_crops\train\rq-11_raven_uav__high-poly_model\crop_0014.jpg,0.14012494683265686,0.534124493598938,unknown
rq-11_raven_uav__high-poly_model,data\demo\real_world_yolox_crops\train\rq-11_raven_uav__high-poly_model\crop_0015.jpg,-0.013027768582105637,0.534124493598938,unknown
rq-11_raven_uav__high-poly_model,data\demo\real_world_yolox_crops\train\rq-11_raven_uav__high-poly_model\crop_0016.jpg,-0.17854678630828857,0.534124493598938,unknown
rq-11_raven_uav__high-poly_model,data\demo\real_world_yolox_crops\train\rq-11_raven_uav__high-poly_model\crop_0017.jpg,0.191886767745018,0.534124493598938,unknown
rq-11_raven_uav__high-poly_model,data\demo\real_world_yolox_crops\train\rq-11_raven_uav__high-poly_model\crop_0018.jpg,-0.040103729814291,0.534124493598938,unknown
rq-11_raven_uav__high-poly_model,data\demo\real_world_yolox_crops\train\rq-11_raven_uav__high-poly_model\crop_0019.jpg,-0.0021703578531742096,0.534124493598938,unknown
rq-11_raven_uav__high-poly_model,data\demo\real_world_yolox_crops\train\rq-11_raven_uav__high-poly_model\crop_0020.jpg,-0.16735830903053284,0.534124493598938,unknown
rq-11_raven_uav__high-poly_model,data\demo\real_world_yolox_crops\train\rq-11_raven_uav__high-poly_model\crop_0021.jpg,0.2840415835380554,0.534124493598938,unknown
rq-11_raven_uav__high-poly_model,data\demo\real_world_yolox_crops\train\rq-11_raven_uav__high-poly_model\crop_0022.jpg,0.053823620080947876,0.534124493598938,unknown
rq-11_raven_uav__high-poly_model,data\demo\real_world_yolox_crops\train\rq-11_raven_uav__high-poly_model\crop_0023.jpg,0.13914063572883606,0.534124493598938,unknown
rq-11_raven_uav__high-poly_model,data\demo\real_world_yolox_crops\train\rq-11_raven_uav__high-poly_model\crop_0024.jpg,0.12076742947101593,0.534124493598938,unknown
rq-11_raven_uav__high-poly_model,data\demo\real_world_yolox_crops\train\rq-11_raven_uav__high-poly_model\crop_0025.jpg,0.024150017648935318,0.534124493598938,unknown
rq-11_raven_uav__high-poly_model,data\demo\real_world_yolox_crops\train\rq-11_raven_uav__high-poly_model\crop_0026.jpg,0.05089371278882027,0.534124493598938,unknown
rq-11_raven_uav__high-poly_model,data\demo\real_world_yolox_crops\train\rq-11_raven_uav__high-poly_model\crop_0027.jpg,-0.19238576292991638,0.534124493598938,unknown
rq-11_raven_uav__high-poly_model,data\demo\real_world_yolox_crops\train\rq-11_raven_uav__high-poly_model\crop_0028.jpg,0.15784397721290588,0.534124493598938,unknown
rq-11_raven_uav__high-poly_model,data\demo\real_world_yolox_crops\train\rq-11_raven_uav__high-poly_model\crop_0029.jpg,-0.0989820808172226,0.534124493598938,unknown
rq-11_raven_uav__high-poly_model,data\demo\real_world_yolox_crops\train\rq-11_raven_uav__high-poly_model\crop_0030.jpg,0.24317342042922974,0.534124493598938,unknown
rq-11_raven_uav__high-poly_model,data\demo\real_world_yolox_crops\train\rq-11_raven_uav__high-poly_model\crop_0031.jpg,0.21244019269943237,0.534124493598938,unknown
rq-11_raven_uav__high-poly_model,data\demo\real_world_yolox_crops\train\rq-11_raven_uav__high-poly_model\crop_0032.jpg,0.033930305391550064,0.534124493598938,unknown
rq-11_raven_uav__high-poly_model,data\demo\real_world_yolox_crops\train\rq-11_raven_uav__high-poly_model\crop_0033.jpg,0.04092153161764145,0.534124493598938,unknown
rq-11_raven_uav__high-poly_model,data\demo\real_world_yolox_crops\train\rq-11_raven_uav__high-poly_model\crop_0034.jpg,0.02104877308011055,0.534124493598938,unknown
rq-11_raven_uav__high-poly_model,data\demo\real_world_yolox_crops\train\rq-11_raven_uav__high-poly_model\crop_0035.jpg,-0.14510062336921692,0.534124493598938,unknown
rq-11_raven_uav__high-poly_model,data\demo\real_world_yolox_crops\train\rq-11_raven_uav__high-poly_model\crop_0036.jpg,-0.2472943663597107,0.534124493598938,unknown
rq-11_raven_uav__high-poly_model,data\demo\real_world_yolox_crops\train\rq-11_raven_uav__high-poly_model\crop_0037.jpg,0.050876814872026443,0.534124493598938,unknown
rq-11_raven_uav__high-poly_model,data\demo\real_world_yolox_crops\train\rq-11_raven_uav__high-poly_model\crop_0038.jpg,0.41788792610168457,0.534124493598938,unknown
rq-11_raven_uav__high-poly_model,data\demo\real_world_yolox_crops\train\rq-11_raven_uav__high-poly_model\crop_0039.jpg,0.6857942342758179,0.534124493598938,unknown
rq-11_raven_uav__high-poly_model,data\demo\real_world_yolox_crops\train\rq-11_raven_uav__high-poly_model\crop_0040.jpg,-0.05211999639868736,0.534124493598938,unknown
rq-11_raven_uav__high-poly_model,data\demo\real_world_yolox_crops\train\rq-11_raven_uav__high-poly_model\crop_0041.jpg,-0.21236371994018555,0.534124493598938,unknown
rq-11_raven_uav__high-poly_model,data\demo\real_world_yolox_crops\train\rq-11_raven_uav__high-poly_model\crop_0042.jpg,-0.3313913345336914,0.534124493598938,unknown
rq-11_raven_uav__high-poly_model,data\demo\real_world_yolox_crops\train\rq-11_raven_uav__high-poly_model\crop_0043.jpg,-0.2344786375761032,0.534124493598938,unknown
rq-11_raven_uav__high-poly_model,data\demo\real_world_yolox_crops\train\rq-11_raven_uav__high-poly_model\crop_0044.jpg,0.20389458537101746,0.534124493598938,unknown
rq-11_raven_uav__high-poly_model,data\demo\real_world_yolox_crops\train\rq-11_raven_uav__high-poly_model\crop_0045.jpg,0.1972360610961914,0.534124493598938,unknown
rq-11_raven_uav__high-poly_model,data\demo\real_world_yolox_crops\train\rq-11_raven_uav__high-poly_model\crop_0046.jpg,0.6578874588012695,0.534124493598938,unknown
rq-11_raven_uav__high-poly_model,data\demo\real_world_yolox_crops\train\rq-11_raven_uav__high-poly_model\crop_0047.jpg,0.038621727377176285,0.534124493598938,unknown
rq-11_raven_uav__high-poly_model,data\demo\real_world_yolox_crops\train\rq-11_raven_uav__high-poly_model\crop_0048.jpg,0.0062305741012096405,0.534124493598938,unknown
rq-11_raven_uav__high-poly_model,data\demo\real_world_yolox_crops\train\rq-11_raven_uav__high-poly_model\crop_0049.jpg,0.08211299031972885,0.534124493598938,unknown
rq-11_raven_uav__high-poly_model,data\demo\real_world_yolox_crops\train\rq-11_raven_uav__high-poly_model\crop_0050.jpg,0.21132269501686096,0.534124493598938,unknown
rq-11_raven_uav__high-poly_model,data\demo\real_world_yolox_crops\train\rq-11_raven_uav__high-poly_model\crop_0051.jpg,0.07896773517131805,0.534124493598938,unknown
rq-11_raven_uav__high-poly_model,data\demo\real_world_yolox_crops\train\rq-11_raven_uav__high-poly_model\crop_0052.jpg,-0.2211245745420456,0.534124493598938,unknown
rq-11_raven_uav__high-poly_model,data\demo\real_world_yolox_crops\train\rq-11_raven_uav__high-poly_model\crop_0053.jpg,0.04791215434670448,0.534124493598938,unknown
rq-11_raven_uav__high-poly_model,data\demo\real_world_yolox_crops\train\rq-11_raven_uav__high-poly_model\crop_0054.jpg,0.060645557940006256,0.534124493598938,unknown
rq-11_raven_uav__high-poly_model,data\demo\real_world_yolox_crops\train\rq-11_raven_uav__high-poly_model\crop_0055.jpg,0.033495016396045685,0.534124493598938,unknown
rq-11_raven_uav__high-poly_model,data\demo\real_world_yolox_crops\train\rq-11_raven_uav__high-poly_model\crop_0056.jpg,-0.029014719650149345,0.534124493598938,unknown
rq-11_raven_uav__high-poly_model,data\demo\real_world_yolox_crops\train\rq-11_raven_uav__high-poly_model\crop_0057.jpg,0.024985522031784058,0.534124493598938,unknown
rq-11_raven_uav__high-poly_model,data\demo\real_world_yolox_crops\train\rq-11_raven_uav__high-poly_model\crop_0058.jpg,0.09965678304433823,0.534124493598938,unknown
rq-11_raven_uav__high-poly_model,data\demo\real_world_yolox_crops\train\rq-11_raven_uav__high-poly_model\crop_0059.jpg,-0.15990012884140015,0.534124493598938,unknown
rq-11_raven_uav__high-poly_model,data\demo\real_world_yolox_crops\train\rq-11_raven_uav__high-poly_model\crop_0060.jpg,0.4124181270599365,0.534124493598938,unknown
rq-11_raven_uav__high-poly_model,data\demo\real_world_yolox_crops\train\rq-11_raven_uav__high-poly_model\crop_0061.jpg,0.17875351011753082,0.534124493598938,unknown
rq-11_raven_uav__high-poly_model,data\demo\real_world_yolox_crops\train\rq-11_raven_uav__high-poly_model\crop_0062.jpg,-0.06169059872627258,0.534124493598938,unknown
rq-11_raven_uav__high-poly_model,data\demo\real_world_yolox_crops\train\rq-11_raven_uav__high-poly_model\crop_0063.jpg,0.17500784993171692,0.534124493598938,unknown
rq-11_raven_uav__high-poly_model,data\demo\real_world_yolox_crops\train\rq-11_raven_uav__high-poly_model\crop_0064.jpg,-0.12497466802597046,0.534124493598938,unknown
rq-11_raven_uav__high-poly_model,data\demo\real_world_yolox_crops\train\rq-11_raven_uav__high-poly_model\crop_0065.jpg,-0.0009339451789855957,0.534124493598938,unknown
rq-11_raven_uav__high-poly_model,data\demo\real_world_yolox_crops\train\rq-11_raven_uav__high-poly_model\crop_0066.jpg,-0.16854824125766754,0.534124493598938,unknown
rq-11_raven_uav__high-poly_model,data\demo\real_world_yolox_crops\train\rq-11_raven_uav__high-poly_model\crop_0067.jpg,0.12519562244415283,0.534124493598938,unknown
rq-11_raven_uav__high-poly_model,data\demo\real_world_yolox_crops\train\rq-11_raven_uav__high-poly_model\crop_0068.jpg,-0.14522217214107513,0.534124493598938,unknown
rq-11_raven_uav__high-poly_model,data\demo\real_world_yolox_crops\train\rq-11_raven_uav__high-poly_model\crop_0069.jpg,0.4211200177669525,0.534124493598938,unknown
rq-11_raven_uav__high-poly_model,data\demo\real_world_yolox_crops\train\rq-11_raven_uav__high-poly_model\crop_0070.jpg,-0.26747632026672363,0.534124493598938,unknown
rq-11_raven_uav__high-poly_model,data\demo\real_world_yolox_crops\train\rq-11_raven_uav__high-poly_model\crop_0071.jpg,0.0022934377193450928,0.534124493598938,unknown
rq-11_raven_uav__high-poly_model,data\demo\real_world_yolox_crops\train\rq-11_raven_uav__high-poly_model\crop_0072.jpg,0.4682687520980835,0.534124493598938,unknown
rq-11_raven_uav__high-poly_model,data\demo\real_world_yolox_crops\train\rq-11_raven_uav__high-poly_model\crop_0073.jpg,-0.10565517097711563,0.534124493598938,unknown
rq-11_raven_uav__high-poly_model,data\demo\real_world_yolox_crops\train\rq-11_raven_uav__high-poly_model\crop_0074.jpg,0.249330073595047,0.534124493598938,unknown
rq-11_raven_uav__high-poly_model,data\demo\real_world_yolox_crops\train\rq-11_raven_uav__high-poly_model\crop_0075.jpg,-0.06310394406318665,0.534124493598938,unknown
rq-11_raven_uav__high-poly_model,data\demo\real_world_yolox_crops\train\rq-11_raven_uav__high-poly_model\crop_0076.jpg,0.005654405802488327,0.534124493598938,unknown
rq-11_raven_uav__high-poly_model,data\demo\real_world_yolox_crops\train\rq-11_raven_uav__high-poly_model\crop_0077.jpg,-0.26755785942077637,0.534124493598938,unknown
rq-11_raven_uav__high-poly_model,data\demo\real_world_yolox_crops\train\rq-11_raven_uav__high-poly_model\crop_0078.jpg,0.07915055751800537,0.534124493598938,unknown
uav_2,data\demo\real_world_yolox_crops\train\uav_2\crop_0000.jpg,0.10900399833917618,0.5956586599349976,unknown
uav_2,data\demo\real_world_yolox_crops\train\uav_2\crop_0001.jpg,-0.01644653081893921,0.5956586599349976,unknown
uav_2,data\demo\real_world_yolox_crops\train\uav_2\crop_0002.jpg,0.0674017071723938,0.5956586599349976,unknown
uav_2,data\demo\real_world_yolox_crops\train\uav_2\crop_0003.jpg,0.6260639429092407,0.5956586599349976,unknown
uav_2,data\demo\real_world_yolox_crops\train\uav_2\crop_0004.jpg,-0.14818531274795532,0.5956586599349976,unknown
uav_2,data\demo\real_world_yolox_crops\train\uav_2\crop_0005.jpg,-0.0464264377951622,0.5956586599349976,unknown
uav_2,data\demo\real_world_yolox_crops\train\uav_2\crop_0006.jpg,0.2862989604473114,0.5956586599349976,unknown
uav_2,data\demo\real_world_yolox_crops\train\uav_2\crop_0007.jpg,-0.041907086968421936,0.5956586599349976,unknown
uav_2,data\demo\real_world_yolox_crops\train\uav_2\crop_0008.jpg,-0.10523506999015808,0.5956586599349976,unknown
uav_2,data\demo\real_world_yolox_crops\train\uav_2\crop_0009.jpg,0.360044926404953,0.5956586599349976,unknown
uav_2,data\demo\real_world_yolox_crops\train\uav_2\crop_0010.jpg,0.28744029998779297,0.5956586599349976,unknown
uav_2,data\demo\real_world_yolox_crops\train\uav_2\crop_0011.jpg,0.15760226547718048,0.5956586599349976,unknown
uav_2,data\demo\real_world_yolox_crops\train\uav_2\crop_0012.jpg,0.15770676732063293,0.5956586599349976,unknown
uav_2,data\demo\real_world_yolox_crops\train\uav_2\crop_0013.jpg,0.8174363970756531,0.5956586599349976,unknown
uav_2,data\demo\real_world_yolox_crops\train\uav_2\crop_0014.jpg,0.8048659563064575,0.5956586599349976,unknown
uav_2,data\demo\real_world_yolox_crops\train\uav_2\crop_0015.jpg,0.038637589663267136,0.5956586599349976,unknown
uav_2,data\demo\real_world_yolox_crops\train\uav_2\crop_0016.jpg,0.278383731842041,0.5956586599349976,unknown
uav_2,data\demo\real_world_yolox_crops\train\uav_2\crop_0017.jpg,-0.16068439185619354,0.5956586599349976,unknown
uav_2,data\demo\real_world_yolox_crops\train\uav_2\crop_0018.jpg,0.16127754747867584,0.5956586599349976,unknown
uav_2,data\demo\real_world_yolox_crops\train\uav_2\crop_0019.jpg,0.012787692248821259,0.5956586599349976,unknown
uav_2,data\demo\real_world_yolox_crops\train\uav_2\crop_0020.jpg,0.1719769835472107,0.5956586599349976,unknown
uav_2,data\demo\real_world_yolox_crops\train\uav_2\crop_0021.jpg,0.10290905088186264,0.5956586599349976,unknown
uav_2,data\demo\real_world_yolox_crops\train\uav_2\crop_0022.jpg,0.36988210678100586,0.5956586599349976,unknown
uav_2,data\demo\real_world_yolox_crops\train\uav_2\crop_0023.jpg,0.29468289017677307,0.5956586599349976,unknown
uav_2,data\demo\real_world_yolox_crops\train\uav_2\crop_0024.jpg,0.3200722336769104,0.5956586599349976,unknown
uav_2,data\demo\real_world_yolox_crops\train\uav_2\crop_0025.jpg,-0.20106163620948792,0.5956586599349976,unknown
uav_2,data\demo\real_world_yolox_crops\train\uav_2\crop_0026.jpg,0.0678354799747467,0.5956586599349976,unknown
uav_2,data\demo\real_world_yolox_crops\train\uav_2\crop_0027.jpg,0.28042662143707275,0.5956586599349976,unknown
uav_bl,data\demo\real_world_yolox_crops\train\uav_bl\crop_0000.jpg,0.33460259437561035,0.6069244146347046,unknown
uav_bl,data\demo\real_world_yolox_crops\train\uav_bl\crop_0001.jpg,-0.042589977383613586,0.6069244146347046,unknown
uav_bl,data\demo\real_world_yolox_crops\train\uav_bl\crop_0002.jpg,0.16607463359832764,0.6069244146347046,unknown
uav_bl,data\demo\real_world_yolox_crops\train\uav_bl\crop_0003.jpg,0.021944109350442886,0.6069244146347046,unknown
uav_bl,data\demo\real_world_yolox_crops\train\uav_bl\crop_0004.jpg,0.02440577931702137,0.6069244146347046,unknown
uav_bl,data\demo\real_world_yolox_crops\train\uav_bl\crop_0005.jpg,-0.07104775309562683,0.6069244146347046,unknown
uav_bl,data\demo\real_world_yolox_crops\train\uav_bl\crop_0006.jpg,-0.09387440979480743,0.6069244146347046,unknown
uav_bl,data\demo\real_world_yolox_crops\train\uav_bl\crop_0007.jpg,0.4478723406791687,0.6069244146347046,unknown
uav_bl,data\demo\real_world_yolox_crops\train\uav_bl\crop_0008.jpg,-0.031249068677425385,0.6069244146347046,unknown
uav_bl,data\demo\real_world_yolox_crops\train\uav_bl\crop_0009.jpg,0.11879117786884308,0.6069244146347046,unknown
uav_bl,data\demo\real_world_yolox_crops\train\uav_bl\crop_0010.jpg,0.03342362493276596,0.6069244146347046,unknown
uav_bl,data\demo\real_world_yolox_crops\train\uav_bl\crop_0011.jpg,0.27248305082321167,0.6069244146347046,unknown
uav_bl,data\demo\real_world_yolox_crops\train\uav_bl\crop_0012.jpg,0.24548038840293884,0.6069244146347046,unknown
uav_bl,data\demo\real_world_yolox_crops\train\uav_bl\crop_0013.jpg,-0.045575812458992004,0.6069244146347046,unknown
uav_bl,data\demo\real_world_yolox_crops\train\uav_bl\crop_0014.jpg,0.2848317623138428,0.6069244146347046,unknown
uav_bl,data\demo\real_world_yolox_crops\train\uav_bl\crop_0015.jpg,0.13711057603359222,0.6069244146347046,unknown
uav_bl,data\demo\real_world_yolox_crops\train\uav_bl\crop_0016.jpg,-0.1384134143590927,0.6069244146347046,unknown
uav_bl,data\demo\real_world_yolox_crops\train\uav_bl\crop_0017.jpg,-0.048567987978458405,0.6069244146347046,unknown
uav_bl,data\demo\real_world_yolox_crops\train\uav_bl\crop_0018.jpg,0.030152911320328712,0.6069244146347046,unknown
uav_bl,data\demo\real_world_yolox_crops\train\uav_bl\crop_0019.jpg,0.15954288840293884,0.6069244146347046,unknown
uav_bl,data\demo\real_world_yolox_crops\train\uav_bl\crop_0020.jpg,0.41592490673065186,0.6069244146347046,unknown
uav_bl,data\demo\real_world_yolox_crops\train\uav_bl\crop_0021.jpg,-0.039315368980169296,0.6069244146347046,unknown
uav_bl,data\demo\real_world_yolox_crops\train\uav_bl\crop_0022.jpg,0.18532279133796692,0.6069244146347046,unknown
uav_bl,data\demo\real_world_yolox_crops\train\uav_bl\crop_0023.jpg,0.4721285104751587,0.6069244146347046,unknown
uav_bl,data\demo\real_world_yolox_crops\train\uav_bl\crop_0024.jpg,0.6592696905136108,0.6069244146347046,unknown
uav_bl,data\demo\real_world_yolox_crops\train\uav_bl\crop_0025.jpg,0.3768855929374695,0.6069244146347046,unknown
uav_bl,data\demo\real_world_yolox_crops\train\uav_bl\crop_0026.jpg,0.13160371780395508,0.6069244146347046,unknown
uav_bl,data\demo\real_world_yolox_crops\train\uav_bl\crop_0027.jpg,0.3992363214492798,0.6069244146347046,unknown
uav_bl,data\demo\real_world_yolox_crops\train\uav_bl\crop_0028.jpg,-0.24723294377326965,0.6069244146347046,unknown
uav_bl,data\demo\real_world_yolox_crops\train\uav_bl\crop_0029.jpg,0.5353341102600098,0.6069244146347046,unknown
uav_bl,data\demo\real_world_yolox_crops\train\uav_bl\crop_0030.jpg,0.08428765088319778,0.6069244146347046,unknown
uav_bl,data\demo\real_world_yolox_crops\train\uav_bl\crop_0031.jpg,-0.2070353925228119,0.6069244146347046,unknown
uav_bl,data\demo\real_world_yolox_crops\train\uav_bl\crop_0032.jpg,-0.06274481117725372,0.6069244146347046,unknown
uav_bl,data\demo\real_world_yolox_crops\train\uav_bl\crop_0033.jpg,0.13668864965438843,0.6069244146347046,unknown
uav_bl,data\demo\real_world_yolox_crops\train\uav_bl\crop_0034.jpg,0.1315770298242569,0.6069244146347046,unknown
uav_bl,data\demo\real_world_yolox_crops\train\uav_bl\crop_0035.jpg,0.4563753604888916,0.6069244146347046,unknown
uav_bl,data\demo\real_world_yolox_crops\train\uav_bl\crop_0036.jpg,0.2066178172826767,0.6069244146347046,unknown
uav_bl,data\demo\real_world_yolox_crops\train\uav_bl\crop_0037.jpg,0.28631317615509033,0.6069244146347046,unknown
uav_bl,data\demo\real_world_yolox_crops\train\uav_bl\crop_0038.jpg,-0.020101062953472137,0.6069244146347046,unknown
uav_bl,data\demo\real_world_yolox_crops\train\uav_bl\crop_0039.jpg,-0.004000555723905563,0.6069244146347046,unknown
uav_bl,data\demo\real_world_yolox_crops\train\uav_bl\crop_0040.jpg,0.380618691444397,0.6069244146347046,unknown
uav_bl,data\demo\real_world_yolox_crops\train\uav_bl\crop_0041.jpg,0.2811369001865387,0.6069244146347046,unknown
uav_bl,data\demo\real_world_yolox_crops\train\uav_bl\crop_0042.jpg,0.5027568340301514,0.6069244146347046,unknown
uav_bl,data\demo\real_world_yolox_crops\train\uav_bl\crop_0043.jpg,0.33597907423973083,0.6069244146347046,unknown
uav_bl,data\demo\real_world_yolox_crops\train\uav_bl\crop_0044.jpg,0.6237958073616028,0.6069244146347046,unknown
uav_bl,data\demo\real_world_yolox_crops\train\uav_bl\crop_0045.jpg,0.32993578910827637,0.6069244146347046,unknown
uav_bl,data\demo\real_world_yolox_crops\train\uav_bl\crop_0046.jpg,0.2533707320690155,0.6069244146347046,unknown
uav_bl,data\demo\real_world_yolox_crops\train\uav_bl\crop_0047.jpg,0.17014768719673157,0.6069244146347046,unknown
uav_bl,data\demo\real_world_yolox_crops\train\uav_bl\crop_0048.jpg,0.17840996384620667,0.6069244146347046,unknown
uav_bl,data\demo\real_world_yolox_crops\train\uav_bl\crop_0049.jpg,0.27494490146636963,0.6069244146347046,unknown
uav_bl,data\demo\real_world_yolox_crops\train\uav_bl\crop_0050.jpg,0.33717039227485657,0.6069244146347046,unknown
uav_bl,data\demo\real_world_yolox_crops\train\uav_bl\crop_0051.jpg,-0.07463979721069336,0.6069244146347046,unknown
uav_bl,data\demo\real_world_yolox_crops\train\uav_bl\crop_0052.jpg,0.023698709905147552,0.6069244146347046,unknown
uav_bl,data\demo\real_world_yolox_crops\train\uav_bl\crop_0053.jpg,0.11361436545848846,0.6069244146347046,unknown
uav_bl,data\demo\real_world_yolox_crops\train\uav_bl\crop_0054.jpg,0.14189770817756653,0.6069244146347046,unknown
uav_bl,data\demo\real_world_yolox_crops\train\uav_bl\crop_0055.jpg,-0.22811248898506165,0.6069244146347046,unknown
uav_bl,data\demo\real_world_yolox_crops\train\uav_bl\crop_0056.jpg,-0.02870563045144081,0.6069244146347046,unknown
uav_bl,data\demo\real_world_yolox_crops\train\uav_bl\crop_0057.jpg,0.7047096490859985,0.6069244146347046,unknown
uav_bl,data\demo\real_world_yolox_crops\train\uav_bl\crop_0058.jpg,0.14365527033805847,0.6069244146347046,unknown
uav_bl,data\demo\real_world_yolox_crops\train\uav_bl\crop_0059.jpg,0.15896575152873993,0.6069244146347046,unknown
uav_bl,data\demo\real_world_yolox_crops\train\uav_bl\crop_0060.jpg,0.2099970579147339,0.6069244146347046,unknown
uav_bl,data\demo\real_world_yolox_crops\train\uav_bl\crop_0061.jpg,-0.09262244403362274,0.6069244146347046,unknown
uav_bl,data\demo\real_world_yolox_crops\train\uav_bl\crop_0062.jpg,0.147742360830307,0.6069244146347046,unknown
uav_bl,data\demo\real_world_yolox_crops\train\uav_bl\crop_0063.jpg,0.3748839497566223,0.6069244146347046,unknown
uav_bl,data\demo\real_world_yolox_crops\train\uav_bl\crop_0064.jpg,0.42605912685394287,0.6069244146347046,unknown
uav_bl,data\demo\real_world_yolox_crops\train\uav_bl\crop_0065.jpg,0.5115131735801697,0.6069244146347046,unknown
uav_bl,data\demo\real_world_yolox_crops\train\uav_bl\crop_0066.jpg,0.043111301958560944,0.6069244146347046,unknown
uav_low_poly,data\demo\real_world_yolox_crops\train\uav_low_poly\crop_0000.jpg,0.01943838596343994,0.48748642206192017,unknown
uav_low_poly,data\demo\real_world_yolox_crops\train\uav_low_poly\crop_0001.jpg,0.04513033479452133,0.48748642206192017,unknown
uav_low_poly,data\demo\real_world_yolox_crops\train\uav_low_poly\crop_0002.jpg,-0.2433321177959442,0.48748642206192017,unknown
uav_low_poly,data\demo\real_world_yolox_crops\train\uav_low_poly\crop_0003.jpg,0.20058566331863403,0.48748642206192017,unknown
uav_low_poly,data\demo\real_world_yolox_crops\train\uav_low_poly\crop_0004.jpg,0.051452938467264175,0.48748642206192017,unknown
uav_low_poly,data\demo\real_world_yolox_crops\train\uav_low_poly\crop_0005.jpg,0.03059127926826477,0.48748642206192017,unknown
uav_low_poly,data\demo\real_world_yolox_crops\train\uav_low_poly\crop_0006.jpg,0.08067440241575241,0.48748642206192017,unknown
uav_low_poly,data\demo\real_world_yolox_crops\train\uav_low_poly\crop_0007.jpg,0.10067284107208252,0.48748642206192017,unknown
uav_low_poly,data\demo\real_world_yolox_crops\train\uav_low_poly\crop_0008.jpg,0.027111362665891647,0.48748642206192017,unknown
uav_low_poly,data\demo\real_world_yolox_crops\train\uav_low_poly\crop_0009.jpg,0.2618522644042969,0.48748642206192017,unknown
uav_low_poly,data\demo\real_world_yolox_crops\train\uav_low_poly\crop_0010.jpg,0.16772280633449554,0.48748642206192017,unknown
uav_low_poly,data\demo\real_world_yolox_crops\train\uav_low_poly\crop_0011.jpg,0.3983566462993622,0.48748642206192017,unknown
uav_low_poly,data\demo\real_world_yolox_crops\train\uav_low_poly\crop_0012.jpg,0.13209472596645355,0.48748642206192017,unknown
uav_low_poly,data\demo\real_world_yolox_crops\train\uav_low_poly\crop_0013.jpg,0.09117081761360168,0.48748642206192017,unknown
uav_low_poly,data\demo\real_world_yolox_crops\train\uav_low_poly\crop_0014.jpg,0.13780084252357483,0.48748642206192017,unknown
uav_low_poly,data\demo\real_world_yolox_crops\train\uav_low_poly\crop_0015.jpg,0.2609539031982422,0.48748642206192017,unknown
uav_low_poly,data\demo\real_world_yolox_crops\train\uav_low_poly\crop_0016.jpg,0.29104071855545044,0.48748642206192017,unknown
uav_low_poly,data\demo\real_world_yolox_crops\train\uav_low_poly\crop_0017.jpg,0.14220046997070312,0.48748642206192017,unknown
uav_low_poly,data\demo\real_world_yolox_crops\train\uav_low_poly\crop_0018.jpg,0.18487325310707092,0.48748642206192017,unknown
uav_low_poly,data\demo\real_world_yolox_crops\train\uav_low_poly\crop_0019.jpg,0.34064799547195435,0.48748642206192017,unknown
uav_low_poly,data\demo\real_world_yolox_crops\train\uav_low_poly\crop_0020.jpg,-0.023818239569664,0.48748642206192017,unknown
uav_low_poly,data\demo\real_world_yolox_crops\train\uav_low_poly\crop_0021.jpg,0.07117684185504913,0.48748642206192017,unknown
uav_low_poly,data\demo\real_world_yolox_crops\train\uav_low_poly\crop_0022.jpg,-0.19466431438922882,0.48748642206192017,unknown
uav_low_poly,data\demo\real_world_yolox_crops\train\uav_low_poly\crop_0023.jpg,0.11719018965959549,0.48748642206192017,unknown
uav_low_poly,data\demo\real_world_yolox_crops\train\uav_low_poly\crop_0024.jpg,0.2013082206249237,0.48748642206192017,unknown
uav_low_poly,data\demo\real_world_yolox_crops\train\uav_low_poly\crop_0025.jpg,-0.1775798797607422,0.48748642206192017,unknown
uav_low_poly,data\demo\real_world_yolox_crops\train\uav_low_poly\crop_0026.jpg,0.07376676052808762,0.48748642206192017,unknown
uav_low_poly,data\demo\real_world_yolox_crops\train\uav_low_poly\crop_0027.jpg,0.1734379529953003,0.48748642206192017,unknown
uav_low_poly,data\demo\real_world_yolox_crops\train\uav_low_poly\crop_0028.jpg,0.2528326213359833,0.48748642206192017,unknown
uav_low_poly,data\demo\real_world_yolox_crops\train\uav_low_poly\crop_0029.jpg,0.09339335560798645,0.48748642206192017,unknown
uav_low_poly,data\demo\real_world_yolox_crops\train\uav_low_poly\crop_0030.jpg,0.1920960545539856,0.48748642206192017,unknown
uav_low_poly,data\demo\real_world_yolox_crops\train\uav_low_poly\crop_0031.jpg,0.21321901679039001,0.48748642206192017,unknown
uav_low_poly,data\demo\real_world_yolox_crops\train\uav_low_poly\crop_0032.jpg,0.38134753704071045,0.48748642206192017,unknown
uav_low_poly,data\demo\real_world_yolox_crops\train\uav_low_poly\crop_0033.jpg,0.16728456318378448,0.48748642206192017,unknown
uav_low_poly,data\demo\real_world_yolox_crops\train\uav_low_poly\crop_0034.jpg,0.1760360598564148,0.48748642206192017,unknown
uav_low_poly,data\demo\real_world_yolox_crops\train\uav_low_poly\crop_0035.jpg,0.3077184557914734,0.48748642206192017,unknown
uav_low_poly,data\demo\real_world_yolox_crops\train\uav_low_poly\crop_0036.jpg,0.13782662153244019,0.48748642206192017,unknown
uav_low_poly,data\demo\real_world_yolox_crops\train\uav_low_poly\crop_0037.jpg,0.207573801279068,0.48748642206192017,unknown
uav_low_poly,data\demo\real_world_yolox_crops\train\uav_low_poly\crop_0038.jpg,0.23315320909023285,0.48748642206192017,unknown
uav_low_poly,data\demo\real_world_yolox_crops\train\uav_low_poly\crop_0039.jpg,-0.17615655064582825,0.48748642206192017,unknown
uav_low_poly,data\demo\real_world_yolox_crops\train\uav_low_poly\crop_0040.jpg,0.27343088388442993,0.48748642206192017,unknown
uav_low_poly,data\demo\real_world_yolox_crops\train\uav_low_poly\crop_0041.jpg,0.15859779715538025,0.48748642206192017,unknown
uav_low_poly,data\demo\real_world_yolox_crops\train\uav_low_poly\crop_0042.jpg,-0.1117144301533699,0.48748642206192017,unknown
uav_low_poly,data\demo\real_world_yolox_crops\train\uav_low_poly\crop_0043.jpg,-0.22180616855621338,0.48748642206192017,unknown
uav_low_poly,data\demo\real_world_yolox_crops\train\uav_low_poly\crop_0044.jpg,-0.059386737644672394,0.48748642206192017,unknown
uav_low_poly,data\demo\real_world_yolox_crops\train\uav_low_poly\crop_0045.jpg,0.5545816421508789,0.48748642206192017,unknown
uav_low_poly,data\demo\real_world_yolox_crops\train\uav_low_poly\crop_0046.jpg,0.4109550714492798,0.48748642206192017,unknown
uav_low_poly,data\demo\real_world_yolox_crops\train\uav_low_poly\crop_0047.jpg,0.3155541718006134,0.48748642206192017,unknown
uav_low_poly,data\demo\real_world_yolox_crops\train\uav_low_poly\crop_0048.jpg,0.23668907582759857,0.48748642206192017,unknown
uav_low_poly,data\demo\real_world_yolox_crops\train\uav_low_poly\crop_0049.jpg,0.07164831459522247,0.48748642206192017,unknown
uav_low_poly,data\demo\real_world_yolox_crops\train\uav_low_poly\crop_0050.jpg,0.13567626476287842,0.48748642206192017,unknown
uav_low_poly,data\demo\real_world_yolox_crops\train\uav_low_poly\crop_0051.jpg,0.13748037815093994,0.48748642206192017,unknown
uav_low_poly,data\demo\real_world_yolox_crops\train\uav_low_poly\crop_0052.jpg,-0.005053028464317322,0.48748642206192017,unknown
uav_low_poly,data\demo\real_world_yolox_crops\train\uav_low_poly\crop_0053.jpg,0.11216951161623001,0.48748642206192017,unknown
uav_low_poly,data\demo\real_world_yolox_crops\train\uav_low_poly\crop_0054.jpg,0.3390016555786133,0.48748642206192017,unknown
uav_low_poly,data\demo\real_world_yolox_crops\train\uav_low_poly\crop_0055.jpg,0.016421586275100708,0.48748642206192017,unknown
uav_low_poly,data\demo\real_world_yolox_crops\train\uav_low_poly\crop_0056.jpg,-0.006507784128189087,0.48748642206192017,unknown
uav_low_poly,data\demo\real_world_yolox_crops\train\uav_low_poly\crop_0057.jpg,0.2858651876449585,0.48748642206192017,unknown
uav_low_poly,data\demo\real_world_yolox_crops\train\uav_low_poly\crop_0058.jpg,0.2112889289855957,0.48748642206192017,unknown
uav_low_poly,data\demo\real_world_yolox_crops\train\uav_low_poly\crop_0059.jpg,0.09899882227182388,0.48748642206192017,unknown
uav_low_poly,data\demo\real_world_yolox_crops\train\uav_low_poly\crop_0060.jpg,0.23571285605430603,0.48748642206192017,unknown
uav_low_poly,data\demo\real_world_yolox_crops\train\uav_low_poly\crop_0061.jpg,0.04525206610560417,0.48748642206192017,unknown
uav_low_poly,data\demo\real_world_yolox_crops\train\uav_low_poly\crop_0062.jpg,0.5155519843101501,0.48748642206192017,unknown
uav_low_poly,data\demo\real_world_yolox_crops\train\uav_low_poly\crop_0063.jpg,0.5579867362976074,0.48748642206192017,unknown
uav_low_poly,data\demo\real_world_yolox_crops\train\uav_low_poly\crop_0064.jpg,0.07330070436000824,0.48748642206192017,unknown
uav_low_poly,data\demo\real_world_yolox_crops\train\uav_low_poly\crop_0065.jpg,-0.25694555044174194,0.48748642206192017,unknown
uav_low_poly,data\demo\real_world_yolox_crops\train\uav_low_poly\crop_0066.jpg,0.03143315017223358,0.48748642206192017,unknown
uav_low_poly,data\demo\real_world_yolox_crops\train\uav_low_poly\crop_0067.jpg,-0.05849791318178177,0.48748642206192017,unknown
uav_low_poly,data\demo\real_world_yolox_crops\train\uav_low_poly\crop_0068.jpg,0.014655141159892082,0.48748642206192017,unknown
uav_low_poly,data\demo\real_world_yolox_crops\train\uav_low_poly\crop_0069.jpg,0.16734951734542847,0.48748642206192017,unknown
uav_low_poly,data\demo\real_world_yolox_crops\train\uav_low_poly\crop_0070.jpg,0.19813546538352966,0.48748642206192017,unknown
uav_low_poly,data\demo\real_world_yolox_crops\train\uav_low_poly\crop_0071.jpg,-0.00011460483074188232,0.48748642206192017,unknown
uav_low_poly,data\demo\real_world_yolox_crops\train\uav_low_poly\crop_0072.jpg,0.06012611463665962,0.48748642206192017,unknown
uav_low_poly,data\demo\real_world_yolox_crops\train\uav_low_poly\crop_0073.jpg,0.0023453012108802795,0.48748642206192017,unknown
uav_low_poly,data\demo\real_world_yolox_crops\train\uav_low_poly\crop_0074.jpg,0.04150472953915596,0.48748642206192017,unknown
uav_low_poly,data\demo\real_world_yolox_crops\train\uav_low_poly\crop_0075.jpg,0.3121337294578552,0.48748642206192017,unknown
uav_low_poly,data\demo\real_world_yolox_crops\train\uav_low_poly\crop_0076.jpg,0.09999343752861023,0.48748642206192017,unknown
uav_strike_drone_2_war_thunder_line_of_contact,data\demo\real_world_yolox_crops\train\uav_strike_drone_2_war_thunder_line_of_contact\crop_0000.jpg,-0.07912753522396088,0.5697800517082214,unknown
uav_strike_drone_2_war_thunder_line_of_contact,data\demo\real_world_yolox_crops\train\uav_strike_drone_2_war_thunder_line_of_contact\crop_0001.jpg,0.17107395827770233,0.5697800517082214,unknown
uav_strike_drone_2_war_thunder_line_of_contact,data\demo\real_world_yolox_crops\train\uav_strike_drone_2_war_thunder_line_of_contact\crop_0002.jpg,-0.008127786219120026,0.5697800517082214,unknown
uav_strike_drone_2_war_thunder_line_of_contact,data\demo\real_world_yolox_crops\train\uav_strike_drone_2_war_thunder_line_of_contact\crop_0003.jpg,0.5014966726303101,0.5697800517082214,unknown
uav_strike_drone_2_war_thunder_line_of_contact,data\demo\real_world_yolox_crops\train\uav_strike_drone_2_war_thunder_line_of_contact\crop_0004.jpg,-0.10162851214408875,0.5697800517082214,unknown
uav_strike_drone_2_war_thunder_line_of_contact,data\demo\real_world_yolox_crops\train\uav_strike_drone_2_war_thunder_line_of_contact\crop_0005.jpg,0.0070404428988695145,0.5697800517082214,unknown
uav_strike_drone_2_war_thunder_line_of_contact,data\demo\real_world_yolox_crops\train\uav_strike_drone_2_war_thunder_line_of_contact\crop_0006.jpg,0.17042788863182068,0.5697800517082214,unknown
uav_strike_drone_2_war_thunder_line_of_contact,data\demo\real_world_yolox_crops\train\uav_strike_drone_2_war_thunder_line_of_contact\crop_0007.jpg,-0.02249060571193695,0.5697800517082214,unknown
uav_strike_drone_2_war_thunder_line_of_contact,data\demo\real_world_yolox_crops\train\uav_strike_drone_2_war_thunder_line_of_contact\crop_0008.jpg,-0.08347536623477936,0.5697800517082214,unknown
uav_strike_drone_2_war_thunder_line_of_contact,data\demo\real_world_yolox_crops\train\uav_strike_drone_2_war_thunder_line_of_contact\crop_0009.jpg,0.08060842752456665,0.5697800517082214,unknown
uav_strike_drone_2_war_thunder_line_of_contact,data\demo\real_world_yolox_crops\train\uav_strike_drone_2_war_thunder_line_of_contact\crop_0010.jpg,0.5650510787963867,0.5697800517082214,unknown
uav_strike_drone_2_war_thunder_line_of_contact,data\demo\real_world_yolox_crops\train\uav_strike_drone_2_war_thunder_line_of_contact\crop_0011.jpg,0.22182133793830872,0.5697800517082214,unknown
uav_strike_drone_2_war_thunder_line_of_contact,data\demo\real_world_yolox_crops\train\uav_strike_drone_2_war_thunder_line_of_contact\crop_0012.jpg,-0.04572191834449768,0.5697800517082214,unknown
uav_strike_drone_2_war_thunder_line_of_contact,data\demo\real_world_yolox_crops\train\uav_strike_drone_2_war_thunder_line_of_contact\crop_0013.jpg,0.49037179350852966,0.5697800517082214,unknown
uav_strike_drone_2_war_thunder_line_of_contact,data\demo\real_world_yolox_crops\train\uav_strike_drone_2_war_thunder_line_of_contact\crop_0014.jpg,-0.15451005101203918,0.5697800517082214,unknown
uav_strike_drone_2_war_thunder_line_of_contact,data\demo\real_world_yolox_crops\train\uav_strike_drone_2_war_thunder_line_of_contact\crop_0015.jpg,-0.004906598478555679,0.5697800517082214,unknown
uav_strike_drone_2_war_thunder_line_of_contact,data\demo\real_world_yolox_crops\train\uav_strike_drone_2_war_thunder_line_of_contact\crop_0016.jpg,0.03252597898244858,0.5697800517082214,unknown
uav_strike_drone_2_war_thunder_line_of_contact,data\demo\real_world_yolox_crops\train\uav_strike_drone_2_war_thunder_line_of_contact\crop_0017.jpg,-0.13902750611305237,0.5697800517082214,unknown
uav_strike_drone_2_war_thunder_line_of_contact,data\demo\real_world_yolox_crops\train\uav_strike_drone_2_war_thunder_line_of_contact\crop_0018.jpg,-0.09523523598909378,0.5697800517082214,unknown
uav_strike_drone_2_war_thunder_line_of_contact,data\demo\real_world_yolox_crops\train\uav_strike_drone_2_war_thunder_line_of_contact\crop_0019.jpg,0.1353783905506134,0.5697800517082214,unknown
uav_strike_drone_2_war_thunder_line_of_contact,data\demo\real_world_yolox_crops\train\uav_strike_drone_2_war_thunder_line_of_contact\crop_0020.jpg,0.4359759986400604,0.5697800517082214,unknown
uav_strike_drone_2_war_thunder_line_of_contact,data\demo\real_world_yolox_crops\train\uav_strike_drone_2_war_thunder_line_of_contact\crop_0021.jpg,0.36343836784362793,0.5697800517082214,unknown
uav_strike_drone_2_war_thunder_line_of_contact,data\demo\real_world_yolox_crops\train\uav_strike_drone_2_war_thunder_line_of_contact\crop_0022.jpg,0.2235659658908844,0.5697800517082214,unknown
uav_strike_drone_2_war_thunder_line_of_contact,data\demo\real_world_yolox_crops\train\uav_strike_drone_2_war_thunder_line_of_contact\crop_0023.jpg,0.24664145708084106,0.5697800517082214,unknown
uav_strike_drone_2_war_thunder_line_of_contact,data\demo\real_world_yolox_crops\train\uav_strike_drone_2_war_thunder_line_of_contact\crop_0024.jpg,0.12338951230049133,0.5697800517082214,unknown
uav_strike_drone_2_war_thunder_line_of_contact,data\demo\real_world_yolox_crops\train\uav_strike_drone_2_war_thunder_line_of_contact\crop_0025.jpg,0.03187226131558418,0.5697800517082214,unknown
uav_strike_drone_2_war_thunder_line_of_contact,data\demo\real_world_yolox_crops\train\uav_strike_drone_2_war_thunder_line_of_contact\crop_0026.jpg,0.26513540744781494,0.5697800517082214,unknown
uav_strike_drone_2_war_thunder_line_of_contact,data\demo\real_world_yolox_crops\train\uav_strike_drone_2_war_thunder_line_of_contact\crop_0027.jpg,0.044223349541425705,0.5697800517082214,unknown
uav_strike_drone_2_war_thunder_line_of_contact,data\demo\real_world_yolox_crops\train\uav_strike_drone_2_war_thunder_line_of_contact\crop_0028.jpg,-0.0036367028951644897,0.5697800517082214,unknown
uav_strike_drone_2_war_thunder_line_of_contact,data\demo\real_world_yolox_crops\train\uav_strike_drone_2_war_thunder_line_of_contact\crop_0029.jpg,0.1744781732559204,0.5697800517082214,unknown
uav_strike_drone_2_war_thunder_line_of_contact,data\demo\real_world_yolox_crops\train\uav_strike_drone_2_war_thunder_line_of_contact\crop_0030.jpg,0.5541508197784424,0.5697800517082214,unknown
uav_strike_drone_2_war_thunder_line_of_contact,data\demo\real_world_yolox_crops\train\uav_strike_drone_2_war_thunder_line_of_contact\crop_0031.jpg,0.47906044125556946,0.5697800517082214,unknown
uav_strike_drone_2_war_thunder_line_of_contact,data\demo\real_world_yolox_crops\train\uav_strike_drone_2_war_thunder_line_of_contact\crop_0032.jpg,0.36208754777908325,0.5697800517082214,unknown
uav_strike_drone_2_war_thunder_line_of_contact,data\demo\real_world_yolox_crops\train\uav_strike_drone_2_war_thunder_line_of_contact\crop_0033.jpg,0.19320544600486755,0.5697800517082214,unknown
uav_strike_drone_2_war_thunder_line_of_contact,data\demo\real_world_yolox_crops\train\uav_strike_drone_2_war_thunder_line_of_contact\crop_0034.jpg,0.18302953243255615,0.5697800517082214,unknown
uav_strike_drone_2_war_thunder_line_of_contact,data\demo\real_world_yolox_crops\train\uav_strike_drone_2_war_thunder_line_of_contact\crop_0035.jpg,0.07984702289104462,0.5697800517082214,unknown
uav_strike_drone_2_war_thunder_line_of_contact,data\demo\real_world_yolox_crops\train\uav_strike_drone_2_war_thunder_line_of_contact\crop_0036.jpg,0.0012960564345121384,0.5697800517082214,unknown
uav_strike_drone_2_war_thunder_line_of_contact,data\demo\real_world_yolox_crops\train\uav_strike_drone_2_war_thunder_line_of_contact\crop_0037.jpg,0.20038336515426636,0.5697800517082214,unknown
uav_strike_drone_2_war_thunder_line_of_contact,data\demo\real_world_yolox_crops\train\uav_strike_drone_2_war_thunder_line_of_contact\crop_0038.jpg,-0.15162056684494019,0.5697800517082214,unknown
uav_strike_drone_2_war_thunder_line_of_contact,data\demo\real_world_yolox_crops\train\uav_strike_drone_2_war_thunder_line_of_contact\crop_0039.jpg,0.08734181523323059,0.5697800517082214,unknown
uav_strike_drone_2_war_thunder_line_of_contact,data\demo\real_world_yolox_crops\train\uav_strike_drone_2_war_thunder_line_of_contact\crop_0040.jpg,0.3938135504722595,0.5697800517082214,unknown
uav_strike_drone_2_war_thunder_line_of_contact,data\demo\real_world_yolox_crops\train\uav_strike_drone_2_war_thunder_line_of_contact\crop_0041.jpg,0.2799866795539856,0.5697800517082214,unknown
uav_strike_drone_2_war_thunder_line_of_contact,data\demo\real_world_yolox_crops\train\uav_strike_drone_2_war_thunder_line_of_contact\crop_0042.jpg,0.6432538628578186,0.5697800517082214,unknown
uav_strike_drone_2_war_thunder_line_of_contact,data\demo\real_world_yolox_crops\train\uav_strike_drone_2_war_thunder_line_of_contact\crop_0043.jpg,0.5171495676040649,0.5697800517082214,unknown
uav_strike_drone_2_war_thunder_line_of_contact,data\demo\real_world_yolox_crops\train\uav_strike_drone_2_war_thunder_line_of_contact\crop_0044.jpg,0.27002590894699097,0.5697800517082214,unknown
uav_strike_drone_2_war_thunder_line_of_contact,data\demo\real_world_yolox_crops\train\uav_strike_drone_2_war_thunder_line_of_contact\crop_0045.jpg,0.24972078204154968,0.5697800517082214,unknown
uav_strike_drone_2_war_thunder_line_of_contact,data\demo\real_world_yolox_crops\train\uav_strike_drone_2_war_thunder_line_of_contact\crop_0046.jpg,0.1902972161769867,0.5697800517082214,unknown
uav_strike_drone_2_war_thunder_line_of_contact,data\demo\real_world_yolox_crops\train\uav_strike_drone_2_war_thunder_line_of_contact\crop_0047.jpg,0.01407267153263092,0.5697800517082214,unknown
uav_strike_drone_2_war_thunder_line_of_contact,data\demo\real_world_yolox_crops\train\uav_strike_drone_2_war_thunder_line_of_contact\crop_0048.jpg,-0.031001891940832138,0.5697800517082214,unknown
uav_strike_drone_2_war_thunder_line_of_contact,data\demo\real_world_yolox_crops\train\uav_strike_drone_2_war_thunder_line_of_contact\crop_0049.jpg,0.2802852392196655,0.5697800517082214,unknown
uav_strike_drone_2_war_thunder_line_of_contact,data\demo\real_world_yolox_crops\train\uav_strike_drone_2_war_thunder_line_of_contact\crop_0050.jpg,-0.11591754853725433,0.5697800517082214,unknown
uav_strike_drone_2_war_thunder_line_of_contact,data\demo\real_world_yolox_crops\train\uav_strike_drone_2_war_thunder_line_of_contact\crop_0051.jpg,0.08790445327758789,0.5697800517082214,unknown
uav_strike_drone_2_war_thunder_line_of_contact,data\demo\real_world_yolox_crops\train\uav_strike_drone_2_war_thunder_line_of_contact\crop_0052.jpg,-0.13559816777706146,0.5697800517082214,unknown
uav_strike_drone_2_war_thunder_line_of_contact,data\demo\real_world_yolox_crops\train\uav_strike_drone_2_war_thunder_line_of_contact\crop_0053.jpg,0.15474657714366913,0.5697800517082214,unknown
uav_strike_drone_2_war_thunder_line_of_contact,data\demo\real_world_yolox_crops\train\uav_strike_drone_2_war_thunder_line_of_contact\crop_0054.jpg,0.19083619117736816,0.5697800517082214,unknown
uav_strike_drone_2_war_thunder_line_of_contact,data\demo\real_world_yolox_crops\train\uav_strike_drone_2_war_thunder_line_of_contact\crop_0055.jpg,0.2353365272283554,0.5697800517082214,unknown
uav_strike_drone_2_war_thunder_line_of_contact,data\demo\real_world_yolox_crops\train\uav_strike_drone_2_war_thunder_line_of_contact\crop_0056.jpg,0.23240801692008972,0.5697800517082214,unknown
uav_strike_drone_2_war_thunder_line_of_contact,data\demo\real_world_yolox_crops\train\uav_strike_drone_2_war_thunder_line_of_contact\crop_0057.jpg,0.19757620990276337,0.5697800517082214,unknown
uav_strike_drone_2_war_thunder_line_of_contact,data\demo\real_world_yolox_crops\train\uav_strike_drone_2_war_thunder_line_of_contact\crop_0058.jpg,0.5692949295043945,0.5697800517082214,unknown
uav_strike_drone_2_war_thunder_line_of_contact,data\demo\real_world_yolox_crops\train\uav_strike_drone_2_war_thunder_line_of_contact\crop_0059.jpg,0.12806683778762817,0.5697800517082214,unknown
uav_strike_drone_2_war_thunder_line_of_contact,data\demo\real_world_yolox_crops\train\uav_strike_drone_2_war_thunder_line_of_contact\crop_0060.jpg,0.2188679724931717,0.5697800517082214,unknown
uav_strike_drone_2_war_thunder_line_of_contact,data\demo\real_world_yolox_crops\train\uav_strike_drone_2_war_thunder_line_of_contact\crop_0061.jpg,0.18986278772354126,0.5697800517082214,unknown
uav_strike_drone_2_war_thunder_line_of_contact,data\demo\real_world_yolox_crops\train\uav_strike_drone_2_war_thunder_line_of_contact\crop_0062.jpg,0.055267106741666794,0.5697800517082214,unknown
uav_strike_drone_2_war_thunder_line_of_contact,data\demo\real_world_yolox_crops\train\uav_strike_drone_2_war_thunder_line_of_contact\crop_0063.jpg,0.026381108909845352,0.5697800517082214,unknown
uav_strike_drone_2_war_thunder_line_of_contact,data\demo\real_world_yolox_crops\train\uav_strike_drone_2_war_thunder_line_of_contact\crop_0064.jpg,0.010261527262628078,0.5697800517082214,unknown
uav_strike_drone_2_war_thunder_line_of_contact,data\demo\real_world_yolox_crops\train\uav_strike_drone_2_war_thunder_line_of_contact\crop_0065.jpg,0.34551751613616943,0.5697800517082214,unknown
uav_strike_drone_2_war_thunder_line_of_contact,data\demo\real_world_yolox_crops\train\uav_strike_drone_2_war_thunder_line_of_contact\crop_0066.jpg,-0.10794977843761444,0.5697800517082214,unknown
uav_strike_drone_2_war_thunder_line_of_contact,data\demo\real_world_yolox_crops\train\uav_strike_drone_2_war_thunder_line_of_contact\crop_0067.jpg,0.001314271241426468,0.5697800517082214,unknown
uav_strike_drone_2_war_thunder_line_of_contact,data\demo\real_world_yolox_crops\train\uav_strike_drone_2_war_thunder_line_of_contact\crop_0068.jpg,0.4672890305519104,0.5697800517082214,unknown
uav_strike_drone_2_war_thunder_line_of_contact,data\demo\real_world_yolox_crops\train\uav_strike_drone_2_war_thunder_line_of_contact\crop_0069.jpg,-0.03664138540625572,0.5697800517082214,unknown
uav_strike_drone_2_war_thunder_line_of_contact,data\demo\real_world_yolox_crops\train\uav_strike_drone_2_war_thunder_line_of_contact\crop_0070.jpg,0.23811060190200806,0.5697800517082214,unknown
uav_strike_drone_2_war_thunder_line_of_contact,data\demo\real_world_yolox_crops\train\uav_strike_drone_2_war_thunder_line_of_contact\crop_0071.jpg,0.15998104214668274,0.5697800517082214,unknown
uav_strike_drone_2_war_thunder_line_of_contact,data\demo\real_world_yolox_crops\train\uav_strike_drone_2_war_thunder_line_of_contact\crop_0072.jpg,0.08037032186985016,0.5697800517082214,unknown
uav_strike_drone_2_war_thunder_line_of_contact,data\demo\real_world_yolox_crops\train\uav_strike_drone_2_war_thunder_line_of_contact\crop_0073.jpg,-0.3027286231517792,0.5697800517082214,unknown
uav_strike_drone_2_war_thunder_line_of_contact,data\demo\real_world_yolox_crops\train\uav_strike_drone_2_war_thunder_line_of_contact\crop_0074.jpg,-0.02222062647342682,0.5697800517082214,unknown
uav_strike_drone_2_war_thunder_line_of_contact,data\demo\real_world_yolox_crops\train\uav_strike_drone_2_war_thunder_line_of_contact\crop_0075.jpg,0.40809595584869385,0.5697800517082214,unknown
uav_strike_drone_2_war_thunder_line_of_contact,data\demo\real_world_yolox_crops\train\uav_strike_drone_2_war_thunder_line_of_contact\crop_0076.jpg,0.0716339573264122,0.5697800517082214,unknown
uav_strike_drone_2_war_thunder_line_of_contact,data\demo\real_world_yolox_crops\train\uav_strike_drone_2_war_thunder_line_of_contact\crop_0077.jpg,-0.05453796684741974,0.5697800517082214,unknown
uav_strike_drone_2_war_thunder_line_of_contact,data\demo\real_world_yolox_crops\train\uav_strike_drone_2_war_thunder_line_of_contact\crop_0078.jpg,0.23070523142814636,0.5697800517082214,unknown
uav_strike_drone_2_war_thunder_line_of_contact,data\demo\real_world_yolox_crops\train\uav_strike_drone_2_war_thunder_line_of_contact\crop_0079.jpg,0.004028327763080597,0.5697800517082214,unknown
uav_strike_drone_2_war_thunder_line_of_contact,data\demo\real_world_yolox_crops\train\uav_strike_drone_2_war_thunder_line_of_contact\crop_0080.jpg,0.018697896972298622,0.5697800517082214,unknown
uav_strike_drone_2_war_thunder_line_of_contact,data\demo\real_world_yolox_crops\train\uav_strike_drone_2_war_thunder_line_of_contact\crop_0081.jpg,-0.09402722120285034,0.5697800517082214,unknown
uav_strike_drone_2_war_thunder_line_of_contact,data\demo\real_world_yolox_crops\train\uav_strike_drone_2_war_thunder_line_of_contact\crop_0082.jpg,-0.19229327142238617,0.5697800517082214,unknown
uav_strike_drone_2_war_thunder_line_of_contact,data\demo\real_world_yolox_crops\train\uav_strike_drone_2_war_thunder_line_of_contact\crop_0083.jpg,-0.05327560752630234,0.5697800517082214,unknown
uav_strike_drone_2_war_thunder_line_of_contact,data\demo\real_world_yolox_crops\train\uav_strike_drone_2_war_thunder_line_of_contact\crop_0084.jpg,0.13028785586357117,0.5697800517082214,unknown
uj-32_lastvika_uav,data\demo\real_world_yolox_crops\train\uj-32_lastvika_uav\crop_0000.jpg,-0.037545718252658844,0.5472022294998169,unknown
uj-32_lastvika_uav,data\demo\real_world_yolox_crops\train\uj-32_lastvika_uav\crop_0001.jpg,-0.2542305588722229,0.5472022294998169,unknown
uj-32_lastvika_uav,data\demo\real_world_yolox_crops\train\uj-32_lastvika_uav\crop_0002.jpg,0.188910111784935,0.5472022294998169,unknown
uj-32_lastvika_uav,data\demo\real_world_yolox_crops\train\uj-32_lastvika_uav\crop_0003.jpg,0.1063394546508789,0.5472022294998169,unknown
uj-32_lastvika_uav,data\demo\real_world_yolox_crops\train\uj-32_lastvika_uav\crop_0004.jpg,-0.006091434508562088,0.5472022294998169,unknown
uj-32_lastvika_uav,data\demo\real_world_yolox_crops\train\uj-32_lastvika_uav\crop_0005.jpg,-0.10689173638820648,0.5472022294998169,unknown
uj-32_lastvika_uav,data\demo\real_world_yolox_crops\train\uj-32_lastvika_uav\crop_0006.jpg,-0.14173614978790283,0.5472022294998169,unknown
uj-32_lastvika_uav,data\demo\real_world_yolox_crops\train\uj-32_lastvika_uav\crop_0007.jpg,0.21193836629390717,0.5472022294998169,unknown
uj-32_lastvika_uav,data\demo\real_world_yolox_crops\train\uj-32_lastvika_uav\crop_0008.jpg,-0.019163016229867935,0.5472022294998169,unknown
uj-32_lastvika_uav,data\demo\real_world_yolox_crops\train\uj-32_lastvika_uav\crop_0009.jpg,0.08092761039733887,0.5472022294998169,unknown
uj-32_lastvika_uav,data\demo\real_world_yolox_crops\train\uj-32_lastvika_uav\crop_0010.jpg,0.21715456247329712,0.5472022294998169,unknown
uj-32_lastvika_uav,data\demo\real_world_yolox_crops\train\uj-32_lastvika_uav\crop_0011.jpg,0.061098020523786545,0.5472022294998169,unknown
uj-32_lastvika_uav,data\demo\real_world_yolox_crops\train\uj-32_lastvika_uav\crop_0012.jpg,-0.10912025719881058,0.5472022294998169,unknown
uj-32_lastvika_uav,data\demo\real_world_yolox_crops\train\uj-32_lastvika_uav\crop_0013.jpg,0.14008983969688416,0.5472022294998169,unknown
uj-32_lastvika_uav,data\demo\real_world_yolox_crops\train\uj-32_lastvika_uav\crop_0014.jpg,0.0959874764084816,0.5472022294998169,unknown
uj-32_lastvika_uav,data\demo\real_world_yolox_crops\train\uj-32_lastvika_uav\crop_0015.jpg,-0.25066035985946655,0.5472022294998169,unknown
uj-32_lastvika_uav,data\demo\real_world_yolox_crops\train\uj-32_lastvika_uav\crop_0016.jpg,-0.018680155277252197,0.5472022294998169,unknown
uj-32_lastvika_uav,data\demo\real_world_yolox_crops\train\uj-32_lastvika_uav\crop_0017.jpg,-0.247068390250206,0.5472022294998169,unknown
uj-32_lastvika_uav,data\demo\real_world_yolox_crops\train\uj-32_lastvika_uav\crop_0018.jpg,0.08147293329238892,0.5472022294998169,unknown
uj-32_lastvika_uav,data\demo\real_world_yolox_crops\train\uj-32_lastvika_uav\crop_0019.jpg,0.2577093243598938,0.5472022294998169,unknown
uj-32_lastvika_uav,data\demo\real_world_yolox_crops\train\uj-32_lastvika_uav\crop_0020.jpg,0.11896297335624695,0.5472022294998169,unknown
uj-32_lastvika_uav,data\demo\real_world_yolox_crops\train\uj-32_lastvika_uav\crop_0021.jpg,0.2431008368730545,0.5472022294998169,unknown
uj-32_lastvika_uav,data\demo\real_world_yolox_crops\train\uj-32_lastvika_uav\crop_0022.jpg,-0.2677095830440521,0.5472022294998169,unknown
uj-32_lastvika_uav,data\demo\real_world_yolox_crops\train\uj-32_lastvika_uav\crop_0023.jpg,0.4210621118545532,0.5472022294998169,unknown
uj-32_lastvika_uav,data\demo\real_world_yolox_crops\train\uj-32_lastvika_uav\crop_0024.jpg,-0.08595529198646545,0.5472022294998169,unknown
uj-32_lastvika_uav,data\demo\real_world_yolox_crops\train\uj-32_lastvika_uav\crop_0025.jpg,-0.2779337167739868,0.5472022294998169,unknown
uj-32_lastvika_uav,data\demo\real_world_yolox_crops\train\uj-32_lastvika_uav\crop_0026.jpg,-0.1806347668170929,0.5472022294998169,unknown
uj-32_lastvika_uav,data\demo\real_world_yolox_crops\train\uj-32_lastvika_uav\crop_0027.jpg,-0.10085424035787582,0.5472022294998169,unknown
uj-32_lastvika_uav,data\demo\real_world_yolox_crops\train\uj-32_lastvika_uav\crop_0028.jpg,-0.2464093565940857,0.5472022294998169,unknown
uj-32_lastvika_uav,data\demo\real_world_yolox_crops\train\uj-32_lastvika_uav\crop_0029.jpg,0.0998811423778534,0.5472022294998169,unknown
uj-32_lastvika_uav,data\demo\real_world_yolox_crops\train\uj-32_lastvika_uav\crop_0030.jpg,0.6275251507759094,0.5472022294998169,unknown
uj-32_lastvika_uav,data\demo\real_world_yolox_crops\train\uj-32_lastvika_uav\crop_0031.jpg,0.4962615370750427,0.5472022294998169,unknown
uj-32_lastvika_uav,data\demo\real_world_yolox_crops\train\uj-32_lastvika_uav\crop_0032.jpg,0.5656824111938477,0.5472022294998169,unknown
uj-32_lastvika_uav,data\demo\real_world_yolox_crops\train\uj-32_lastvika_uav\crop_0033.jpg,-0.1074923425912857,0.5472022294998169,unknown
uj-32_lastvika_uav,data\demo\real_world_yolox_crops\train\uj-32_lastvika_uav\crop_0034.jpg,0.36261385679244995,0.5472022294998169,unknown
uj-32_lastvika_uav,data\demo\real_world_yolox_crops\train\uj-32_lastvika_uav\crop_0035.jpg,0.16283008456230164,0.5472022294998169,unknown
uj-32_lastvika_uav,data\demo\real_world_yolox_crops\train\uj-32_lastvika_uav\crop_0036.jpg,-0.08536559343338013,0.5472022294998169,unknown
uj-32_lastvika_uav,data\demo\real_world_yolox_crops\train\uj-32_lastvika_uav\crop_0037.jpg,-0.16256310045719147,0.5472022294998169,unknown
uj-32_lastvika_uav,data\demo\real_world_yolox_crops\train\uj-32_lastvika_uav\crop_0038.jpg,0.1073131337761879,0.5472022294998169,unknown
uj-32_lastvika_uav,data\demo\real_world_yolox_crops\train\uj-32_lastvika_uav\crop_0039.jpg,-0.26543423533439636,0.5472022294998169,unknown
uj-32_lastvika_uav,data\demo\real_world_yolox_crops\train\uj-32_lastvika_uav\crop_0040.jpg,-0.018464509397745132,0.5472022294998169,unknown
uj-32_lastvika_uav,data\demo\real_world_yolox_crops\train\uj-32_lastvika_uav\crop_0041.jpg,0.05399690568447113,0.5472022294998169,unknown
uj-32_lastvika_uav,data\demo\real_world_yolox_crops\train\uj-32_lastvika_uav\crop_0042.jpg,-0.05786655470728874,0.5472022294998169,unknown
uj-32_lastvika_uav,data\demo\real_world_yolox_crops\train\uj-32_lastvika_uav\crop_0043.jpg,0.26204559206962585,0.5472022294998169,unknown
uj-32_lastvika_uav,data\demo\real_world_yolox_crops\train\uj-32_lastvika_uav\crop_0044.jpg,-0.37348368763923645,0.5472022294998169,unknown
uj-32_lastvika_uav,data\demo\real_world_yolox_crops\train\uj-32_lastvika_uav\crop_0045.jpg,0.10772425681352615,0.5472022294998169,unknown
uj-32_lastvika_uav,data\demo\real_world_yolox_crops\train\uj-32_lastvika_uav\crop_0046.jpg,-0.3361121416091919,0.5472022294998169,unknown
uj-32_lastvika_uav,data\demo\real_world_yolox_crops\train\uj-32_lastvika_uav\crop_0047.jpg,-0.4906978905200958,0.5472022294998169,unknown
uj-32_lastvika_uav,data\demo\real_world_yolox_crops\train\uj-32_lastvika_uav\crop_0048.jpg,0.3000122010707855,0.5472022294998169,unknown
uj-32_lastvika_uav,data\demo\real_world_yolox_crops\train\uj-32_lastvika_uav\crop_0049.jpg,-0.3275292217731476,0.5472022294998169,unknown
uj-32_lastvika_uav,data\demo\real_world_yolox_crops\train\uj-32_lastvika_uav\crop_0050.jpg,-0.1795109212398529,0.5472022294998169,unknown
uj-32_lastvika_uav,data\demo\real_world_yolox_crops\train\uj-32_lastvika_uav\crop_0051.jpg,-0.44190263748168945,0.5472022294998169,unknown
uj-32_lastvika_uav,data\demo\real_world_yolox_crops\train\uj-32_lastvika_uav\crop_0052.jpg,-0.3648173213005066,0.5472022294998169,unknown
uj-32_lastvika_uav,data\demo\real_world_yolox_crops\train\uj-32_lastvika_uav\crop_0053.jpg,0.0028625279664993286,0.5472022294998169,unknown
uj-32_lastvika_uav,data\demo\real_world_yolox_crops\train\uj-32_lastvika_uav\crop_0054.jpg,0.24307268857955933,0.5472022294998169,unknown
uj-32_lastvika_uav,data\demo\real_world_yolox_crops\train\uj-32_lastvika_uav\crop_0055.jpg,0.08815810084342957,0.5472022294998169,unknown
uj-32_lastvika_uav,data\demo\real_world_yolox_crops\train\uj-32_lastvika_uav\crop_0056.jpg,0.27658143639564514,0.5472022294998169,unknown
uj-32_lastvika_uav,data\demo\real_world_yolox_crops\train\uj-32_lastvika_uav\crop_0057.jpg,0.1536603420972824,0.5472022294998169,unknown
uj-32_lastvika_uav,data\demo\real_world_yolox_crops\train\uj-32_lastvika_uav\crop_0058.jpg,-0.10624408721923828,0.5472022294998169,unknown
uj-32_lastvika_uav,data\demo\real_world_yolox_crops\train\uj-32_lastvika_uav\crop_0059.jpg,-0.11581313610076904,0.5472022294998169,unknown
uj-32_lastvika_uav,data\demo\real_world_yolox_crops\train\uj-32_lastvika_uav\crop_0060.jpg,-0.23313340544700623,0.5472022294998169,unknown
uj-32_lastvika_uav,data\demo\real_world_yolox_crops\train\uj-32_lastvika_uav\crop_0061.jpg,0.03766970336437225,0.5472022294998169,unknown
uj-32_lastvika_uav,data\demo\real_world_yolox_crops\train\uj-32_lastvika_uav\crop_0062.jpg,-0.010631239041686058,0.5472022294998169,unknown
uj-32_lastvika_uav,data\demo\real_world_yolox_crops\train\uj-32_lastvika_uav\crop_0063.jpg,-0.03644345700740814,0.5472022294998169,unknown
uj-32_lastvika_uav,data\demo\real_world_yolox_crops\train\uj-32_lastvika_uav\crop_0064.jpg,0.6220260858535767,0.5472022294998169,unknown
uj-32_lastvika_uav,data\demo\real_world_yolox_crops\train\uj-32_lastvika_uav\crop_0065.jpg,0.3000110387802124,0.5472022294998169,unknown
uj-32_lastvika_uav,data\demo\real_world_yolox_crops\train\uj-32_lastvika_uav\crop_0066.jpg,0.2884581685066223,0.5472022294998169,unknown
uj-32_lastvika_uav,data\demo\real_world_yolox_crops\train\uj-32_lastvika_uav\crop_0067.jpg,-0.026224585250020027,0.5472022294998169,unknown
uj-32_lastvika_uav,data\demo\real_world_yolox_crops\train\uj-32_lastvika_uav\crop_0068.jpg,-0.2221594899892807,0.5472022294998169,unknown
uj-32_lastvika_uav,data\demo\real_world_yolox_crops\train\uj-32_lastvika_uav\crop_0069.jpg,0.11213869601488113,0.5472022294998169,unknown
uj-32_lastvika_uav,data\demo\real_world_yolox_crops\train\uj-32_lastvika_uav\crop_0070.jpg,-0.21540524065494537,0.5472022294998169,unknown
uj-32_lastvika_uav,data\demo\real_world_yolox_crops\train\uj-32_lastvika_uav\crop_0071.jpg,-0.2301659733057022,0.5472022294998169,unknown
uj-32_lastvika_uav,data\demo\real_world_yolox_crops\train\uj-32_lastvika_uav\crop_0072.jpg,0.14138609170913696,0.5472022294998169,unknown
uj-32_lastvika_uav,data\demo\real_world_yolox_crops\train\uj-32_lastvika_uav\crop_0073.jpg,0.41312751173973083,0.5472022294998169,unknown
uj-32_lastvika_uav,data\demo\real_world_yolox_crops\train\uj-32_lastvika_uav\crop_0074.jpg,0.4245160222053528,0.5472022294998169,unknown
uj-32_lastvika_uav,data\demo\real_world_yolox_crops\train\uj-32_lastvika_uav\crop_0075.jpg,0.00946442037820816,0.5472022294998169,unknown
uj-32_lastvika_uav,data\demo\real_world_yolox_crops\train\uj-32_lastvika_uav\crop_0076.jpg,-0.06027253717184067,0.5472022294998169,unknown
uj-32_lastvika_uav,data\demo\real_world_yolox_crops\train\uj-32_lastvika_uav\crop_0077.jpg,0.1329943984746933,0.5472022294998169,unknown
uj-32_lastvika_uav,data\demo\real_world_yolox_crops\train\uj-32_lastvika_uav\crop_0078.jpg,0.049163393676280975,0.5472022294998169,unknown
uj-32_lastvika_uav,data\demo\real_world_yolox_crops\train\uj-32_lastvika_uav\crop_0079.jpg,0.3288518786430359,0.5472022294998169,unknown
uj-32_lastvika_uav,data\demo\real_world_yolox_crops\train\uj-32_lastvika_uav\crop_0080.jpg,-0.19824932515621185,0.5472022294998169,unknown
uj-32_lastvika_uav,data\demo\real_world_yolox_crops\train\uj-32_lastvika_uav\crop_0081.jpg,0.01345730945467949,0.5472022294998169,unknown
uj-32_lastvika_uav,data\demo\real_world_yolox_crops\train\uj-32_lastvika_uav\crop_0082.jpg,-0.2743445932865143,0.5472022294998169,unknown
uj-32_lastvika_uav,data\demo\real_world_yolox_crops\train\uj-32_lastvika_uav\crop_0083.jpg,-0.020469380542635918,0.5472022294998169,unknown
Ukraine_pavilion_2,data\demo\real_world_yolox_crops\train\Ukraine_pavilion_2\crop_0000.jpg,0.32221564650535583,0.5283762216567993,unknown
Ukraine_pavilion_2,data\demo\real_world_yolox_crops\train\Ukraine_pavilion_2\crop_0001.jpg,0.19826510548591614,0.5283762216567993,unknown
Ukraine_pavilion_2,data\demo\real_world_yolox_crops\train\Ukraine_pavilion_2\crop_0002.jpg,0.08614736050367355,0.5283762216567993,unknown
Ukraine_pavilion_2,data\demo\real_world_yolox_crops\train\Ukraine_pavilion_2\crop_0003.jpg,0.14071591198444366,0.5283762216567993,unknown
Ukraine_pavilion_2,data\demo\real_world_yolox_crops\train\Ukraine_pavilion_2\crop_0004.jpg,0.04488333687186241,0.5283762216567993,unknown
Ukraine_pavilion_2,data\demo\real_world_yolox_crops\train\Ukraine_pavilion_2\crop_0005.jpg,0.31239187717437744,0.5283762216567993,unknown
Ukraine_pavilion_2,data\demo\real_world_yolox_crops\train\Ukraine_pavilion_2\crop_0006.jpg,0.011582516133785248,0.5283762216567993,unknown
Ukraine_pavilion_2,data\demo\real_world_yolox_crops\train\Ukraine_pavilion_2\crop_0007.jpg,0.1117648109793663,0.5283762216567993,unknown
Ukraine_pavilion_2,data\demo\real_world_yolox_crops\train\Ukraine_pavilion_2\crop_0008.jpg,0.1645166575908661,0.5283762216567993,unknown
Ukraine_pavilion_2,data\demo\real_world_yolox_crops\train\Ukraine_pavilion_2\crop_0009.jpg,0.5258086919784546,0.5283762216567993,unknown
Ukraine_pavilion_2,data\demo\real_world_yolox_crops\train\Ukraine_pavilion_2\crop_0010.jpg,0.519074559211731,0.5283762216567993,unknown
Ukraine_pavilion_2,data\demo\real_world_yolox_crops\train\Ukraine_pavilion_2\crop_0011.jpg,-0.031016729772090912,0.5283762216567993,unknown
Ukraine_pavilion_2,data\demo\real_world_yolox_crops\train\Ukraine_pavilion_2\crop_0012.jpg,0.2106378674507141,0.5283762216567993,unknown
Ukraine_pavilion_2,data\demo\real_world_yolox_crops\train\Ukraine_pavilion_2\crop_0013.jpg,0.21553076803684235,0.5283762216567993,unknown
Ukraine_pavilion_2,data\demo\real_world_yolox_crops\train\Ukraine_pavilion_2\crop_0014.jpg,0.4809682071208954,0.5283762216567993,unknown
Ukraine_pavilion_2,data\demo\real_world_yolox_crops\train\Ukraine_pavilion_2\crop_0015.jpg,0.38286370038986206,0.5283762216567993,unknown
Ukraine_pavilion_2,data\demo\real_world_yolox_crops\train\Ukraine_pavilion_2\crop_0016.jpg,0.4597409963607788,0.5283762216567993,unknown
Ukraine_pavilion_2,data\demo\real_world_yolox_crops\train\Ukraine_pavilion_2\crop_0017.jpg,0.1457090824842453,0.5283762216567993,unknown
Ukraine_pavilion_2,data\demo\real_world_yolox_crops\train\Ukraine_pavilion_2\crop_0018.jpg,0.20593670010566711,0.5283762216567993,unknown
Ukraine_pavilion_2,data\demo\real_world_yolox_crops\train\Ukraine_pavilion_2\crop_0019.jpg,0.41301387548446655,0.5283762216567993,unknown
Ukraine_pavilion_2,data\demo\real_world_yolox_crops\train\Ukraine_pavilion_2\crop_0020.jpg,0.14048762619495392,0.5283762216567993,unknown
Ukraine_pavilion_2,data\demo\real_world_yolox_crops\train\Ukraine_pavilion_2\crop_0021.jpg,0.6562885046005249,0.5283762216567993,unknown
Ukraine_poseidon,data\demo\real_world_yolox_crops\train\Ukraine_poseidon\crop_0000.jpg,0.40921616554260254,0.6324163675308228,unknown
Ukraine_poseidon,data\demo\real_world_yolox_crops\train\Ukraine_poseidon\crop_0001.jpg,0.5624783039093018,0.6324163675308228,unknown
Ukraine_poseidon,data\demo\real_world_yolox_crops\train\Ukraine_poseidon\crop_0002.jpg,0.16086575388908386,0.6324163675308228,unknown
Ukraine_poseidon,data\demo\real_world_yolox_crops\train\Ukraine_poseidon\crop_0003.jpg,0.41486620903015137,0.6324163675308228,unknown
Ukraine_poseidon,data\demo\real_world_yolox_crops\train\Ukraine_poseidon\crop_0004.jpg,0.03816085308790207,0.6324163675308228,unknown
Ukraine_poseidon,data\demo\real_world_yolox_crops\train\Ukraine_poseidon\crop_0005.jpg,0.0893704891204834,0.6324163675308228,unknown
Ukraine_poseidon,data\demo\real_world_yolox_crops\train\Ukraine_poseidon\crop_0006.jpg,0.4071553349494934,0.6324163675308228,unknown
Ukraine_poseidon,data\demo\real_world_yolox_crops\train\Ukraine_poseidon\crop_0007.jpg,0.7550281286239624,0.6324163675308228,unknown
Ukraine_poseidon,data\demo\real_world_yolox_crops\train\Ukraine_poseidon\crop_0008.jpg,0.26400992274284363,0.6324163675308228,unknown
Ukraine_poseidon,data\demo\real_world_yolox_crops\train\Ukraine_poseidon\crop_0009.jpg,0.1483866572380066,0.6324163675308228,unknown
Ukraine_poseidon,data\demo\real_world_yolox_crops\train\Ukraine_poseidon\crop_0010.jpg,0.5311242341995239,0.6324163675308228,unknown
Ukraine_poseidon,data\demo\real_world_yolox_crops\train\Ukraine_poseidon\crop_0011.jpg,0.4264700710773468,0.6324163675308228,unknown
Ukraine_poseidon,data\demo\real_world_yolox_crops\train\Ukraine_poseidon\crop_0012.jpg,0.29526638984680176,0.6324163675308228,unknown
Ukraine_poseidon,data\demo\real_world_yolox_crops\train\Ukraine_poseidon\crop_0013.jpg,0.37473806738853455,0.6324163675308228,unknown
Ukraine_poseidon,data\demo\real_world_yolox_crops\train\Ukraine_poseidon\crop_0014.jpg,0.32416069507598877,0.6324163675308228,unknown
Ukraine_poseidon,data\demo\real_world_yolox_crops\train\Ukraine_poseidon\crop_0015.jpg,0.4752107858657837,0.6324163675308228,unknown
Ukraine_poseidon,data\demo\real_world_yolox_crops\train\Ukraine_poseidon\crop_0016.jpg,0.513891875743866,0.6324163675308228,unknown
Ukraine_poseidon,data\demo\real_world_yolox_crops\train\Ukraine_poseidon\crop_0017.jpg,0.5035390853881836,0.6324163675308228,unknown
Ukraine_poseidon,data\demo\real_world_yolox_crops\train\Ukraine_poseidon\crop_0018.jpg,0.7639546394348145,0.6324163675308228,unknown
Ukraine_poseidon,data\demo\real_world_yolox_crops\train\Ukraine_poseidon\crop_0019.jpg,0.07317738980054855,0.6324163675308228,unknown
Ukraine_poseidon,data\demo\real_world_yolox_crops\train\Ukraine_poseidon\crop_0020.jpg,0.0832744911313057,0.6324163675308228,unknown
Ukraine_poseidon,data\demo\real_world_yolox_crops\train\Ukraine_poseidon\crop_0021.jpg,0.39272189140319824,0.6324163675308228,unknown
Ukraine_poseidon,data\demo\real_world_yolox_crops\train\Ukraine_poseidon\crop_0022.jpg,0.5494964122772217,0.6324163675308228,unknown
zala_421_16e2,data\demo\real_world_yolox_crops\train\zala_421_16e2\crop_0000.jpg,0.0690528154373169,0.4055097699165344,unknown
zala_421_16e2,data\demo\real_world_yolox_crops\train\zala_421_16e2\crop_0001.jpg,0.25036007165908813,0.4055097699165344,unknown
zala_421_16e2,data\demo\real_world_yolox_crops\train\zala_421_16e2\crop_0002.jpg,0.02914898842573166,0.4055097699165344,unknown
zala_421_16e2,data\demo\real_world_yolox_crops\train\zala_421_16e2\crop_0003.jpg,-0.0022609010338783264,0.4055097699165344,unknown
zala_421_16e2,data\demo\real_world_yolox_crops\train\zala_421_16e2\crop_0004.jpg,0.32689547538757324,0.4055097699165344,unknown
zala_421_16e2,data\demo\real_world_yolox_crops\train\zala_421_16e2\crop_0005.jpg,0.01222999393939972,0.4055097699165344,unknown
zala_421_16e2,data\demo\real_world_yolox_crops\train\zala_421_16e2\crop_0006.jpg,-0.18583695590496063,0.4055097699165344,unknown
zala_421_16e2,data\demo\real_world_yolox_crops\train\zala_421_16e2\crop_0007.jpg,0.1915988028049469,0.4055097699165344,unknown
zala_421_16e2,data\demo\real_world_yolox_crops\train\zala_421_16e2\crop_0008.jpg,-0.011783614754676819,0.4055097699165344,unknown
zala_421_16e2,data\demo\real_world_yolox_crops\train\zala_421_16e2\crop_0009.jpg,0.14489133656024933,0.4055097699165344,unknown
zala_421_16e2,data\demo\real_world_yolox_crops\train\zala_421_16e2\crop_0010.jpg,-0.026002205908298492,0.4055097699165344,unknown
zala_421_16e2,data\demo\real_world_yolox_crops\train\zala_421_16e2\crop_0011.jpg,0.15831923484802246,0.4055097699165344,unknown
zala_421_16e2,data\demo\real_world_yolox_crops\train\zala_421_16e2\crop_0012.jpg,0.01348043978214264,0.4055097699165344,unknown
zala_421_16e2,data\demo\real_world_yolox_crops\train\zala_421_16e2\crop_0013.jpg,0.02485400065779686,0.4055097699165344,unknown
zala_421_16e2,data\demo\real_world_yolox_crops\train\zala_421_16e2\crop_0014.jpg,0.058034662157297134,0.4055097699165344,unknown
zala_421_16e2,data\demo\real_world_yolox_crops\train\zala_421_16e2\crop_0015.jpg,0.07562211900949478,0.4055097699165344,unknown
zala_421_16e2,data\demo\real_world_yolox_crops\train\zala_421_16e2\crop_0016.jpg,0.11076854169368744,0.4055097699165344,unknown
zala_421_16e2,data\demo\real_world_yolox_crops\train\zala_421_16e2\crop_0017.jpg,0.18223410844802856,0.4055097699165344,unknown
zala_421_16e2,data\demo\real_world_yolox_crops\train\zala_421_16e2\crop_0018.jpg,0.21385052800178528,0.4055097699165344,unknown
zala_421_16e2,data\demo\real_world_yolox_crops\train\zala_421_16e2\crop_0019.jpg,-0.017322681844234467,0.4055097699165344,unknown
zala_421_16e2,data\demo\real_world_yolox_crops\train\zala_421_16e2\crop_0020.jpg,0.023846805095672607,0.4055097699165344,unknown
zala_421_16e2,data\demo\real_world_yolox_crops\train\zala_421_16e2\crop_0021.jpg,-0.05718967691063881,0.4055097699165344,unknown
zala_421_16e2,data\demo\real_world_yolox_crops\train\zala_421_16e2\crop_0022.jpg,0.332052618265152,0.4055097699165344,unknown
zala_421_16e2,data\demo\real_world_yolox_crops\train\zala_421_16e2\crop_0023.jpg,0.10041674971580505,0.4055097699165344,unknown
zala_421_16e2,data\demo\real_world_yolox_crops\train\zala_421_16e2\crop_0024.jpg,0.08862759917974472,0.4055097699165344,unknown
zala_421_16e2,data\demo\real_world_yolox_crops\train\zala_421_16e2\crop_0025.jpg,-0.1943960338830948,0.4055097699165344,unknown
zala_421_16e2,data\demo\real_world_yolox_crops\train\zala_421_16e2\crop_0026.jpg,0.0837087407708168,0.4055097699165344,unknown
zala_421_16e2,data\demo\real_world_yolox_crops\train\zala_421_16e2\crop_0027.jpg,0.052977338433265686,0.4055097699165344,unknown
zala_421_16e2,data\demo\real_world_yolox_crops\train\zala_421_16e2\crop_0028.jpg,0.11232979595661163,0.4055097699165344,unknown
zala_421_16e2,data\demo\real_world_yolox_crops\train\zala_421_16e2\crop_0029.jpg,0.2187652736902237,0.4055097699165344,unknown
zala_421_16e2,data\demo\real_world_yolox_crops\train\zala_421_16e2\crop_0030.jpg,0.06186089664697647,0.4055097699165344,unknown
zala_421_16e2,data\demo\real_world_yolox_crops\train\zala_421_16e2\crop_0031.jpg,0.052412159740924835,0.4055097699165344,unknown
zala_421_16e2,data\demo\real_world_yolox_crops\train\zala_421_16e2\crop_0032.jpg,-0.11775870621204376,0.4055097699165344,unknown
zala_421_16e2,data\demo\real_world_yolox_crops\train\zala_421_16e2\crop_0033.jpg,0.07036290317773819,0.4055097699165344,unknown
zala_421_16e2,data\demo\real_world_yolox_crops\train\zala_421_16e2\crop_0034.jpg,0.4581037163734436,0.4055097699165344,unknown
zala_421_16e2,data\demo\real_world_yolox_crops\train\zala_421_16e2\crop_0035.jpg,0.3172461986541748,0.4055097699165344,unknown
zala_421_16e2,data\demo\real_world_yolox_crops\train\zala_421_16e2\crop_0036.jpg,0.2618544399738312,0.4055097699165344,unknown
zala_421_16e2,data\demo\real_world_yolox_crops\train\zala_421_16e2\crop_0037.jpg,2.6986002922058105e-05,0.4055097699165344,unknown
zala_421_16e2,data\demo\real_world_yolox_crops\train\zala_421_16e2\crop_0038.jpg,0.13506460189819336,0.4055097699165344,unknown
zala_421_16e2,data\demo\real_world_yolox_crops\train\zala_421_16e2\crop_0039.jpg,-0.0282006673514843,0.4055097699165344,unknown
zala_421_16e2,data\demo\real_world_yolox_crops\train\zala_421_16e2\crop_0040.jpg,0.4047790765762329,0.4055097699165344,unknown
zala_421_16e2,data\demo\real_world_yolox_crops\train\zala_421_16e2\crop_0041.jpg,0.29622748494148254,0.4055097699165344,unknown
zala_421_16e2,data\demo\real_world_yolox_crops\train\zala_421_16e2\crop_0042.jpg,0.18432281911373138,0.4055097699165344,unknown
zala_421_16e2,data\demo\real_world_yolox_crops\train\zala_421_16e2\crop_0043.jpg,0.09014097601175308,0.4055097699165344,unknown
zala_421_16e2,data\demo\real_world_yolox_crops\train\zala_421_16e2\crop_0044.jpg,-0.009593546390533447,0.4055097699165344,unknown
zala_421_16e2,data\demo\real_world_yolox_crops\train\zala_421_16e2\crop_0045.jpg,0.1450100541114807,0.4055097699165344,unknown
zala_421_16e2,data\demo\real_world_yolox_crops\train\zala_421_16e2\crop_0046.jpg,0.13748502731323242,0.4055097699165344,unknown
zala_421_16e2,data\demo\real_world_yolox_crops\train\zala_421_16e2\crop_0047.jpg,0.1905195713043213,0.4055097699165344,unknown
zala_421_16e2,data\demo\real_world_yolox_crops\train\zala_421_16e2\crop_0048.jpg,0.02871055155992508,0.4055097699165344,unknown
zala_421_16e2,data\demo\real_world_yolox_crops\train\zala_421_16e2\crop_0049.jpg,0.36659014225006104,0.4055097699165344,unknown
zala_421_16e2,data\demo\real_world_yolox_crops\train\zala_421_16e2\crop_0050.jpg,0.18545857071876526,0.4055097699165344,unknown
zala_421_16e2,data\demo\real_world_yolox_crops\train\zala_421_16e2\crop_0051.jpg,-0.13753074407577515,0.4055097699165344,unknown
zala_421_16e2,data\demo\real_world_yolox_crops\train\zala_421_16e2\crop_0052.jpg,0.2455516755580902,0.4055097699165344,unknown
zala_421_16e2,data\demo\real_world_yolox_crops\train\zala_421_16e2\crop_0053.jpg,0.10378333926200867,0.4055097699165344,unknown
zala_421_16e2,data\demo\real_world_yolox_crops\train\zala_421_16e2\crop_0054.jpg,0.013355782255530357,0.4055097699165344,unknown
zala_421_16e2,data\demo\real_world_yolox_crops\train\zala_421_16e2\crop_0055.jpg,0.13854441046714783,0.4055097699165344,unknown
zala_421_16e2,data\demo\real_world_yolox_crops\train\zala_421_16e2\crop_0056.jpg,0.15287372469902039,0.4055097699165344,unknown
zala_421_16e2,data\demo\real_world_yolox_crops\train\zala_421_16e2\crop_0057.jpg,0.029189862310886383,0.4055097699165344,unknown
zala_421_16e2,data\demo\real_world_yolox_crops\train\zala_421_16e2\crop_0058.jpg,0.2539433240890503,0.4055097699165344,unknown
zala_421_16e2,data\demo\real_world_yolox_crops\train\zala_421_16e2\crop_0059.jpg,-0.04141651466488838,0.4055097699165344,unknown
zala_421_16e2,data\demo\real_world_yolox_crops\train\zala_421_16e2\crop_0060.jpg,-0.04993776977062225,0.4055097699165344,unknown
zala_421_16e2,data\demo\real_world_yolox_crops\train\zala_421_16e2\crop_0061.jpg,0.09315094351768494,0.4055097699165344,unknown
zala_421_16e2,data\demo\real_world_yolox_crops\train\zala_421_16e2\crop_0062.jpg,-0.014541290700435638,0.4055097699165344,unknown
zala_421_16e2,data\demo\real_world_yolox_crops\train\zala_421_16e2\crop_0063.jpg,0.029632363468408585,0.4055097699165344,unknown
zala_421_16e2,data\demo\real_world_yolox_crops\train\zala_421_16e2\crop_0064.jpg,0.028774604201316833,0.4055097699165344,unknown
zala_421_16e2,data\demo\real_world_yolox_crops\train\zala_421_16e2\crop_0065.jpg,-0.024614140391349792,0.4055097699165344,unknown
zala_421_16e2,data\demo\real_world_yolox_crops\train\zala_421_16e2\crop_0066.jpg,0.04755748063325882,0.4055097699165344,unknown
zala_421_16e2,data\demo\real_world_yolox_crops\train\zala_421_16e2\crop_0067.jpg,0.30454012751579285,0.4055097699165344,unknown
zala_421_16e2,data\demo\real_world_yolox_crops\train\zala_421_16e2\crop_0068.jpg,-0.31092196702957153,0.4055097699165344,unknown
zala_421_16e2,data\demo\real_world_yolox_crops\train\zala_421_16e2\crop_0069.jpg,0.22004260122776031,0.4055097699165344,unknown
zala_421_16e2,data\demo\real_world_yolox_crops\train\zala_421_16e2\crop_0070.jpg,-0.038996800780296326,0.4055097699165344,unknown
zala_421_16e2,data\demo\real_world_yolox_crops\train\zala_421_16e2\crop_0071.jpg,0.4660230875015259,0.4055097699165344,unknown
zala_421_16e2,data\demo\real_world_yolox_crops\train\zala_421_16e2\crop_0072.jpg,0.059441544115543365,0.4055097699165344,unknown
zala_421_16e2,data\demo\real_world_yolox_crops\train\zala_421_16e2\crop_0073.jpg,0.11128169298171997,0.4055097699165344,unknown
zala_421_16e2,data\demo\real_world_yolox_crops\train\zala_421_16e2\crop_0074.jpg,-0.04130043089389801,0.4055097699165344,unknown
zala_421_16e2,data\demo\real_world_yolox_crops\train\zala_421_16e2\crop_0075.jpg,-0.14138779044151306,0.4055097699165344,unknown
zala_421_16e2,data\demo\real_world_yolox_crops\train\zala_421_16e2\crop_0076.jpg,-0.08984754234552383,0.4055097699165344,unknown
zala_421_16e2,data\demo\real_world_yolox_crops\train\zala_421_16e2\crop_0077.jpg,0.07647590339183807,0.4055097699165344,unknown
zala_421_16e2,data\demo\real_world_yolox_crops\train\zala_421_16e2\crop_0078.jpg,0.1595933586359024,0.4055097699165344,unknown
zala_421_16e2,data\demo\real_world_yolox_crops\train\zala_421_16e2\crop_0079.jpg,0.05283621326088905,0.4055097699165344,unknown
zala_421_16e2,data\demo\real_world_yolox_crops\train\zala_421_16e2\crop_0080.jpg,0.04689018055796623,0.4055097699165344,unknown
