candidate,image,score,folder_score,decision
attack_uav,data\uav_dataset_color_mild_clean\train\attack_uav\az000_el-10_dusk_operational_v00.jpg,-0.06511728465557098,0.0578220896422863,unknown
attack_uav,data\uav_dataset_color_mild_clean\train\attack_uav\az000_el-10_morning_operational_v00.jpg,-0.14502102136611938,0.0578220896422863,unknown
attack_uav,data\uav_dataset_color_mild_clean\train\attack_uav\az000_el-10_noon_clear_operational_v00.jpg,-0.04651319980621338,0.0578220896422863,unknown
attack_uav,data\uav_dataset_color_mild_clean\train\attack_uav\az000_el-25_dusk_operational_v00.jpg,-0.01106838695704937,0.0578220896422863,unknown
attack_uav,data\uav_dataset_color_mild_clean\train\attack_uav\az000_el-25_morning_operational_v00.jpg,0.0356338731944561,0.0578220896422863,unknown
attack_uav,data\uav_dataset_color_mild_clean\train\attack_uav\az000_el-25_noon_clear_operational_v00.jpg,0.006898187100887299,0.0578220896422863,unknown
attack_uav,data\uav_dataset_color_mild_clean\train\attack_uav\az000_el-45_dusk_operational_v00.jpg,0.03477660194039345,0.0578220896422863,unknown
attack_uav,data\uav_dataset_color_mild_clean\train\attack_uav\az000_el-45_morning_operational_v00.jpg,0.005106218159198761,0.0578220896422863,unknown
attack_uav,data\uav_dataset_color_mild_clean\train\attack_uav\az000_el-45_noon_clear_operational_v00.jpg,0.031375542283058167,0.0578220896422863,unknown
attack_uav,data\uav_dataset_color_mild_clean\train\attack_uav\az000_el-65_dusk_operational_v00.jpg,0.05071653425693512,0.0578220896422863,unknown
attack_uav,data\uav_dataset_color_mild_clean\train\attack_uav\az000_el-65_morning_operational_v00.jpg,-0.0006207302212715149,0.0578220896422863,unknown
attack_uav,data\uav_dataset_color_mild_clean\train\attack_uav\az000_el-65_noon_clear_operational_v00.jpg,-0.010071709752082825,0.0578220896422863,unknown
attack_uav,data\uav_dataset_color_mild_clean\train\attack_uav\az045_el-10_dusk_operational_v00.jpg,-0.003462664783000946,0.0578220896422863,unknown
attack_uav,data\uav_dataset_color_mild_clean\train\attack_uav\az045_el-10_morning_operational_v00.jpg,0.012143492698669434,0.0578220896422863,unknown
attack_uav,data\uav_dataset_color_mild_clean\train\attack_uav\az045_el-10_noon_clear_operational_v00.jpg,-0.050446826964616776,0.0578220896422863,unknown
attack_uav,data\uav_dataset_color_mild_clean\train\attack_uav\az045_el-25_dusk_operational_v00.jpg,0.03740876540541649,0.0578220896422863,unknown
attack_uav,data\uav_dataset_color_mild_clean\train\attack_uav\az045_el-25_morning_operational_v00.jpg,-0.05929453298449516,0.0578220896422863,unknown
attack_uav,data\uav_dataset_color_mild_clean\train\attack_uav\az045_el-25_noon_clear_operational_v00.jpg,-0.061724234372377396,0.0578220896422863,unknown
attack_uav,data\uav_dataset_color_mild_clean\train\attack_uav\az045_el-45_dusk_operational_v00.jpg,-0.051089975982904434,0.0578220896422863,unknown
attack_uav,data\uav_dataset_color_mild_clean\train\attack_uav\az045_el-45_morning_operational_v00.jpg,0.010868005454540253,0.0578220896422863,unknown
attack_uav,data\uav_dataset_color_mild_clean\train\attack_uav\az045_el-45_noon_clear_operational_v00.jpg,0.025779113173484802,0.0578220896422863,unknown
attack_uav,data\uav_dataset_color_mild_clean\train\attack_uav\az045_el-65_dusk_operational_v00.jpg,0.021991997957229614,0.0578220896422863,unknown
attack_uav,data\uav_dataset_color_mild_clean\train\attack_uav\az045_el-65_morning_operational_v00.jpg,0.05263161286711693,0.0578220896422863,unknown
attack_uav,data\uav_dataset_color_mild_clean\train\attack_uav\az045_el-65_noon_clear_operational_v00.jpg,0.005380120128393173,0.0578220896422863,unknown
attack_uav,data\uav_dataset_color_mild_clean\train\attack_uav\az090_el-10_dusk_operational_v00.jpg,-0.022424768656492233,0.0578220896422863,unknown
attack_uav,data\uav_dataset_color_mild_clean\train\attack_uav\az090_el-10_morning_operational_v00.jpg,-0.0111522376537323,0.0578220896422863,unknown
attack_uav,data\uav_dataset_color_mild_clean\train\attack_uav\az090_el-10_noon_clear_operational_v00.jpg,-0.006951771676540375,0.0578220896422863,unknown
attack_uav,data\uav_dataset_color_mild_clean\train\attack_uav\az090_el-25_dusk_operational_v00.jpg,-0.02444031648337841,0.0578220896422863,unknown
attack_uav,data\uav_dataset_color_mild_clean\train\attack_uav\az090_el-25_morning_operational_v00.jpg,-0.0188545323908329,0.0578220896422863,unknown
attack_uav,data\uav_dataset_color_mild_clean\train\attack_uav\az090_el-25_noon_clear_operational_v00.jpg,-0.03629273176193237,0.0578220896422863,unknown
attack_uav,data\uav_dataset_color_mild_clean\train\attack_uav\az090_el-45_dusk_operational_v00.jpg,0.005891628563404083,0.0578220896422863,unknown
attack_uav,data\uav_dataset_color_mild_clean\train\attack_uav\az090_el-45_morning_operational_v00.jpg,0.015086144208908081,0.0578220896422863,unknown
attack_uav,data\uav_dataset_color_mild_clean\train\attack_uav\az090_el-45_noon_clear_operational_v00.jpg,-0.0489216148853302,0.0578220896422863,unknown
attack_uav,data\uav_dataset_color_mild_clean\train\attack_uav\az090_el-65_dusk_operational_v00.jpg,0.0031424760818481445,0.0578220896422863,unknown
attack_uav,data\uav_dataset_color_mild_clean\train\attack_uav\az090_el-65_morning_operational_v00.jpg,-0.0010527335107326508,0.0578220896422863,unknown
attack_uav,data\uav_dataset_color_mild_clean\train\attack_uav\az090_el-65_noon_clear_operational_v00.jpg,0.040518369525671005,0.0578220896422863,unknown
attack_uav,data\uav_dataset_color_mild_clean\train\attack_uav\az135_el-10_dusk_operational_v00.jpg,-0.10446254163980484,0.0578220896422863,unknown
attack_uav,data\uav_dataset_color_mild_clean\train\attack_uav\az135_el-10_morning_operational_v00.jpg,-0.05402839928865433,0.0578220896422863,unknown
attack_uav,data\uav_dataset_color_mild_clean\train\attack_uav\az135_el-10_noon_clear_operational_v00.jpg,-0.031231142580509186,0.0578220896422863,unknown
attack_uav,data\uav_dataset_color_mild_clean\train\attack_uav\az135_el-25_dusk_operational_v00.jpg,-0.027523748576641083,0.0578220896422863,unknown
attack_uav,data\uav_dataset_color_mild_clean\train\attack_uav\az135_el-25_morning_operational_v00.jpg,-0.03427847474813461,0.0578220896422863,unknown
attack_uav,data\uav_dataset_color_mild_clean\train\attack_uav\az135_el-25_noon_clear_operational_v00.jpg,0.029124660417437553,0.0578220896422863,unknown
attack_uav,data\uav_dataset_color_mild_clean\train\attack_uav\az135_el-45_dusk_operational_v00.jpg,-0.007718216627836227,0.0578220896422863,unknown
attack_uav,data\uav_dataset_color_mild_clean\train\attack_uav\az135_el-45_morning_operational_v00.jpg,0.06596548110246658,0.0578220896422863,unknown
attack_uav,data\uav_dataset_color_mild_clean\train\attack_uav\az135_el-45_noon_clear_operational_v00.jpg,0.06951545923948288,0.0578220896422863,unknown
attack_uav,data\uav_dataset_color_mild_clean\train\attack_uav\az135_el-65_dusk_operational_v00.jpg,0.007614929229021072,0.0578220896422863,unknown
attack_uav,data\uav_dataset_color_mild_clean\train\attack_uav\az135_el-65_morning_operational_v00.jpg,0.04147396236658096,0.0578220896422863,unknown
attack_uav,data\uav_dataset_color_mild_clean\train\attack_uav\az135_el-65_noon_clear_operational_v00.jpg,-0.01889369636774063,0.0578220896422863,unknown
attack_uav,data\uav_dataset_color_mild_clean\train\attack_uav\az180_el-10_dusk_operational_v00.jpg,0.03045324981212616,0.0578220896422863,unknown
attack_uav,data\uav_dataset_color_mild_clean\train\attack_uav\az180_el-10_morning_operational_v00.jpg,-0.058899540454149246,0.0578220896422863,unknown
attack_uav,data\uav_dataset_color_mild_clean\train\attack_uav\az180_el-10_noon_clear_operational_v00.jpg,-0.018475813791155815,0.0578220896422863,unknown
attack_uav,data\uav_dataset_color_mild_clean\train\attack_uav\az180_el-25_dusk_operational_v00.jpg,0.012940876185894012,0.0578220896422863,unknown
attack_uav,data\uav_dataset_color_mild_clean\train\attack_uav\az180_el-25_morning_operational_v00.jpg,0.001094212755560875,0.0578220896422863,unknown
attack_uav,data\uav_dataset_color_mild_clean\train\attack_uav\az180_el-25_noon_clear_operational_v00.jpg,-0.19767548143863678,0.0578220896422863,unknown
attack_uav,data\uav_dataset_color_mild_clean\train\attack_uav\az180_el-45_dusk_operational_v00.jpg,0.050281353294849396,0.0578220896422863,unknown
attack_uav,data\uav_dataset_color_mild_clean\train\attack_uav\az180_el-45_morning_operational_v00.jpg,-0.005616376176476479,0.0578220896422863,unknown
attack_uav,data\uav_dataset_color_mild_clean\train\attack_uav\az180_el-45_noon_clear_operational_v00.jpg,-0.0811922550201416,0.0578220896422863,unknown
attack_uav,data\uav_dataset_color_mild_clean\train\attack_uav\az180_el-65_dusk_operational_v00.jpg,0.011073686182498932,0.0578220896422863,unknown
attack_uav,data\uav_dataset_color_mild_clean\train\attack_uav\az180_el-65_morning_operational_v00.jpg,0.023453159257769585,0.0578220896422863,unknown
attack_uav,data\uav_dataset_color_mild_clean\train\attack_uav\az180_el-65_noon_clear_operational_v00.jpg,-0.009971968829631805,0.0578220896422863,unknown
attack_uav,data\uav_dataset_color_mild_clean\train\attack_uav\az225_el-10_dusk_operational_v00.jpg,0.0029219500720500946,0.0578220896422863,unknown
attack_uav,data\uav_dataset_color_mild_clean\train\attack_uav\az225_el-10_morning_operational_v00.jpg,-0.05278884246945381,0.0578220896422863,unknown
attack_uav,data\uav_dataset_color_mild_clean\train\attack_uav\az225_el-10_noon_clear_operational_v00.jpg,0.030834205448627472,0.0578220896422863,unknown
attack_uav,data\uav_dataset_color_mild_clean\train\attack_uav\az225_el-25_dusk_operational_v00.jpg,-0.014625197276473045,0.0578220896422863,unknown
attack_uav,data\uav_dataset_color_mild_clean\train\attack_uav\az225_el-25_morning_operational_v00.jpg,0.011837884783744812,0.0578220896422863,unknown
attack_uav,data\uav_dataset_color_mild_clean\train\attack_uav\az225_el-25_noon_clear_operational_v00.jpg,0.010890750214457512,0.0578220896422863,unknown
attack_uav,data\uav_dataset_color_mild_clean\train\attack_uav\az225_el-45_dusk_operational_v00.jpg,0.03662841022014618,0.0578220896422863,unknown
attack_uav,data\uav_dataset_color_mild_clean\train\attack_uav\az225_el-45_morning_operational_v00.jpg,-0.008960597217082977,0.0578220896422863,unknown
attack_uav,data\uav_dataset_color_mild_clean\train\attack_uav\az225_el-45_noon_clear_operational_v00.jpg,-0.009830810129642487,0.0578220896422863,unknown
attack_uav,data\uav_dataset_color_mild_clean\train\attack_uav\az225_el-65_dusk_operational_v00.jpg,0.04165533930063248,0.0578220896422863,unknown
attack_uav,data\uav_dataset_color_mild_clean\train\attack_uav\az225_el-65_morning_operational_v00.jpg,-0.005449816584587097,0.0578220896422863,unknown
attack_uav,data\uav_dataset_color_mild_clean\train\attack_uav\az225_el-65_noon_clear_operational_v00.jpg,-0.03544188290834427,0.0578220896422863,unknown
attack_uav,data\uav_dataset_color_mild_clean\train\attack_uav\az270_el-10_dusk_operational_v00.jpg,-0.032153163105249405,0.0578220896422863,unknown
attack_uav,data\uav_dataset_color_mild_clean\train\attack_uav\az270_el-10_morning_operational_v00.jpg,-0.0015528537333011627,0.0578220896422863,unknown
attack_uav,data\uav_dataset_color_mild_clean\train\attack_uav\az270_el-10_noon_clear_operational_v00.jpg,-0.17166616022586823,0.0578220896422863,unknown
attack_uav,data\uav_dataset_color_mild_clean\train\attack_uav\az270_el-25_dusk_operational_v00.jpg,-0.04765848442912102,0.0578220896422863,unknown
attack_uav,data\uav_dataset_color_mild_clean\train\attack_uav\az270_el-25_morning_operational_v00.jpg,0.009185107424855232,0.0578220896422863,unknown
attack_uav,data\uav_dataset_color_mild_clean\train\attack_uav\az270_el-25_noon_clear_operational_v00.jpg,-0.08957922458648682,0.0578220896422863,unknown
attack_uav,data\uav_dataset_color_mild_clean\train\attack_uav\az270_el-45_dusk_operational_v00.jpg,0.028688378632068634,0.0578220896422863,unknown
attack_uav,data\uav_dataset_color_mild_clean\train\attack_uav\az270_el-45_morning_operational_v00.jpg,0.01714026927947998,0.0578220896422863,unknown
attack_uav,data\uav_dataset_color_mild_clean\train\attack_uav\az270_el-45_noon_clear_operational_v00.jpg,0.003412216901779175,0.0578220896422863,unknown
attack_uav,data\uav_dataset_color_mild_clean\train\attack_uav\az270_el-65_dusk_operational_v00.jpg,0.024640224874019623,0.0578220896422863,unknown
attack_uav,data\uav_dataset_color_mild_clean\train\attack_uav\az270_el-65_morning_operational_v00.jpg,0.014909565448760986,0.0578220896422863,unknown
attack_uav,data\uav_dataset_color_mild_clean\train\attack_uav\az270_el-65_noon_clear_operational_v00.jpg,-0.016642797738313675,0.0578220896422863,unknown
attack_uav,data\uav_dataset_color_mild_clean\train\attack_uav\az315_el-10_dusk_operational_v00.jpg,-0.05075583606958389,0.0578220896422863,unknown
attack_uav,data\uav_dataset_color_mild_clean\train\attack_uav\az315_el-10_morning_operational_v00.jpg,0.003409966826438904,0.0578220896422863,unknown
attack_uav,data\uav_dataset_color_mild_clean\train\attack_uav\az315_el-10_noon_clear_operational_v00.jpg,-0.03916937857866287,0.0578220896422863,unknown
attack_uav,data\uav_dataset_color_mild_clean\train\attack_uav\az315_el-25_dusk_operational_v00.jpg,-0.04907999560236931,0.0578220896422863,unknown
attack_uav,data\uav_dataset_color_mild_clean\train\attack_uav\az315_el-25_morning_operational_v00.jpg,0.00021685659885406494,0.0578220896422863,unknown
attack_uav,data\uav_dataset_color_mild_clean\train\attack_uav\az315_el-25_noon_clear_operational_v00.jpg,0.005913481116294861,0.0578220896422863,unknown
attack_uav,data\uav_dataset_color_mild_clean\train\attack_uav\az315_el-45_dusk_operational_v00.jpg,0.008025746792554855,0.0578220896422863,unknown
attack_uav,data\uav_dataset_color_mild_clean\train\attack_uav\az315_el-45_morning_operational_v00.jpg,0.005806811153888702,0.0578220896422863,unknown
attack_uav,data\uav_dataset_color_mild_clean\train\attack_uav\az315_el-45_noon_clear_operational_v00.jpg,0.016802482306957245,0.0578220896422863,unknown
attack_uav,data\uav_dataset_color_mild_clean\train\attack_uav\az315_el-65_dusk_operational_v00.jpg,0.04714808985590935,0.0578220896422863,unknown
attack_uav,data\uav_dataset_color_mild_clean\train\attack_uav\az315_el-65_morning_operational_v00.jpg,-0.004351213574409485,0.0578220896422863,unknown
attack_uav,data\uav_dataset_color_mild_clean\train\attack_uav\az315_el-65_noon_clear_operational_v00.jpg,-0.0022832006216049194,0.0578220896422863,unknown
baykar_bayraktar_tb2,data\uav_dataset_color_mild_clean\train\baykar_bayraktar_tb2\az000_el-10_dusk_operational_v00.jpg,-0.18915626406669617,-0.08941971510648727,unknown
baykar_bayraktar_tb2,data\uav_dataset_color_mild_clean\train\baykar_bayraktar_tb2\az000_el-10_morning_operational_v00.jpg,-0.1492062360048294,-0.08941971510648727,unknown
baykar_bayraktar_tb2,data\uav_dataset_color_mild_clean\train\baykar_bayraktar_tb2\az000_el-10_noon_clear_operational_v00.jpg,-0.16478179395198822,-0.08941971510648727,unknown
baykar_bayraktar_tb2,data\uav_dataset_color_mild_clean\train\baykar_bayraktar_tb2\az000_el-25_dusk_operational_v00.jpg,-0.1958756297826767,-0.08941971510648727,unknown
baykar_bayraktar_tb2,data\uav_dataset_color_mild_clean\train\baykar_bayraktar_tb2\az000_el-25_morning_operational_v00.jpg,-0.22741857171058655,-0.08941971510648727,unknown
baykar_bayraktar_tb2,data\uav_dataset_color_mild_clean\train\baykar_bayraktar_tb2\az000_el-25_noon_clear_operational_v00.jpg,-0.23884743452072144,-0.08941971510648727,unknown
baykar_bayraktar_tb2,data\uav_dataset_color_mild_clean\train\baykar_bayraktar_tb2\az000_el-45_dusk_operational_v00.jpg,-0.18795976042747498,-0.08941971510648727,unknown
baykar_bayraktar_tb2,data\uav_dataset_color_mild_clean\train\baykar_bayraktar_tb2\az000_el-45_morning_operational_v00.jpg,-0.24166250228881836,-0.08941971510648727,unknown
baykar_bayraktar_tb2,data\uav_dataset_color_mild_clean\train\baykar_bayraktar_tb2\az000_el-45_noon_clear_operational_v00.jpg,-0.23499898612499237,-0.08941971510648727,unknown
baykar_bayraktar_tb2,data\uav_dataset_color_mild_clean\train\baykar_bayraktar_tb2\az000_el-65_dusk_operational_v00.jpg,-0.25861233472824097,-0.08941971510648727,unknown
baykar_bayraktar_tb2,data\uav_dataset_color_mild_clean\train\baykar_bayraktar_tb2\az000_el-65_morning_operational_v00.jpg,-0.19696944952011108,-0.08941971510648727,unknown
baykar_bayraktar_tb2,data\uav_dataset_color_mild_clean\train\baykar_bayraktar_tb2\az000_el-65_noon_clear_operational_v00.jpg,-0.25704723596572876,-0.08941971510648727,unknown
baykar_bayraktar_tb2,data\uav_dataset_color_mild_clean\train\baykar_bayraktar_tb2\az045_el-10_dusk_operational_v00.jpg,-0.06926123052835464,-0.08941971510648727,unknown
baykar_bayraktar_tb2,data\uav_dataset_color_mild_clean\train\baykar_bayraktar_tb2\az045_el-10_morning_operational_v00.jpg,-0.20301572978496552,-0.08941971510648727,unknown
baykar_bayraktar_tb2,data\uav_dataset_color_mild_clean\train\baykar_bayraktar_tb2\az045_el-10_noon_clear_operational_v00.jpg,-0.20986375212669373,-0.08941971510648727,unknown
baykar_bayraktar_tb2,data\uav_dataset_color_mild_clean\train\baykar_bayraktar_tb2\az045_el-25_dusk_operational_v00.jpg,-0.15676620602607727,-0.08941971510648727,unknown
baykar_bayraktar_tb2,data\uav_dataset_color_mild_clean\train\baykar_bayraktar_tb2\az045_el-25_morning_operational_v00.jpg,-0.1851975917816162,-0.08941971510648727,unknown
baykar_bayraktar_tb2,data\uav_dataset_color_mild_clean\train\baykar_bayraktar_tb2\az045_el-25_noon_clear_operational_v00.jpg,-0.1959313601255417,-0.08941971510648727,unknown
baykar_bayraktar_tb2,data\uav_dataset_color_mild_clean\train\baykar_bayraktar_tb2\az045_el-45_dusk_operational_v00.jpg,-0.19320106506347656,-0.08941971510648727,unknown
baykar_bayraktar_tb2,data\uav_dataset_color_mild_clean\train\baykar_bayraktar_tb2\az045_el-45_morning_operational_v00.jpg,-0.24699144065380096,-0.08941971510648727,unknown
baykar_bayraktar_tb2,data\uav_dataset_color_mild_clean\train\baykar_bayraktar_tb2\az045_el-45_noon_clear_operational_v00.jpg,-0.1927182525396347,-0.08941971510648727,unknown
baykar_bayraktar_tb2,data\uav_dataset_color_mild_clean\train\baykar_bayraktar_tb2\az045_el-65_dusk_operational_v00.jpg,-0.2266005575656891,-0.08941971510648727,unknown
baykar_bayraktar_tb2,data\uav_dataset_color_mild_clean\train\baykar_bayraktar_tb2\az045_el-65_morning_operational_v00.jpg,-0.2250021994113922,-0.08941971510648727,unknown
baykar_bayraktar_tb2,data\uav_dataset_color_mild_clean\train\baykar_bayraktar_tb2\az045_el-65_noon_clear_operational_v00.jpg,-0.1868436336517334,-0.08941971510648727,unknown
baykar_bayraktar_tb2,data\uav_dataset_color_mild_clean\train\baykar_bayraktar_tb2\az090_el-10_dusk_operational_v00.jpg,-0.13472682237625122,-0.08941971510648727,unknown
baykar_bayraktar_tb2,data\uav_dataset_color_mild_clean\train\baykar_bayraktar_tb2\az090_el-10_morning_operational_v00.jpg,-0.03460866957902908,-0.08941971510648727,unknown
baykar_bayraktar_tb2,data\uav_dataset_color_mild_clean\train\baykar_bayraktar_tb2\az090_el-10_noon_clear_operational_v00.jpg,-0.2112819254398346,-0.08941971510648727,unknown
baykar_bayraktar_tb2,data\uav_dataset_color_mild_clean\train\baykar_bayraktar_tb2\az090_el-25_dusk_operational_v00.jpg,-0.173073410987854,-0.08941971510648727,unknown
baykar_bayraktar_tb2,data\uav_dataset_color_mild_clean\train\baykar_bayraktar_tb2\az090_el-25_morning_operational_v00.jpg,-0.21043270826339722,-0.08941971510648727,unknown
baykar_bayraktar_tb2,data\uav_dataset_color_mild_clean\train\baykar_bayraktar_tb2\az090_el-25_noon_clear_operational_v00.jpg,-0.1912691593170166,-0.08941971510648727,unknown
baykar_bayraktar_tb2,data\uav_dataset_color_mild_clean\train\baykar_bayraktar_tb2\az090_el-45_dusk_operational_v00.jpg,-0.1848050355911255,-0.08941971510648727,unknown
baykar_bayraktar_tb2,data\uav_dataset_color_mild_clean\train\baykar_bayraktar_tb2\az090_el-45_morning_operational_v00.jpg,-0.17575520277023315,-0.08941971510648727,unknown
baykar_bayraktar_tb2,data\uav_dataset_color_mild_clean\train\baykar_bayraktar_tb2\az090_el-45_noon_clear_operational_v00.jpg,-0.19756744801998138,-0.08941971510648727,unknown
baykar_bayraktar_tb2,data\uav_dataset_color_mild_clean\train\baykar_bayraktar_tb2\az090_el-65_dusk_operational_v00.jpg,-0.20979607105255127,-0.08941971510648727,unknown
baykar_bayraktar_tb2,data\uav_dataset_color_mild_clean\train\baykar_bayraktar_tb2\az090_el-65_morning_operational_v00.jpg,-0.21512341499328613,-0.08941971510648727,unknown
baykar_bayraktar_tb2,data\uav_dataset_color_mild_clean\train\baykar_bayraktar_tb2\az090_el-65_noon_clear_operational_v00.jpg,-0.21900275349617004,-0.08941971510648727,unknown
baykar_bayraktar_tb2,data\uav_dataset_color_mild_clean\train\baykar_bayraktar_tb2\az135_el-10_dusk_operational_v00.jpg,-0.23424069583415985,-0.08941971510648727,unknown
baykar_bayraktar_tb2,data\uav_dataset_color_mild_clean\train\baykar_bayraktar_tb2\az135_el-10_morning_operational_v00.jpg,-0.27222517132759094,-0.08941971510648727,unknown
baykar_bayraktar_tb2,data\uav_dataset_color_mild_clean\train\baykar_bayraktar_tb2\az135_el-10_noon_clear_operational_v00.jpg,-0.14896874129772186,-0.08941971510648727,unknown
baykar_bayraktar_tb2,data\uav_dataset_color_mild_clean\train\baykar_bayraktar_tb2\az135_el-25_dusk_operational_v00.jpg,-0.2182035595178604,-0.08941971510648727,unknown
baykar_bayraktar_tb2,data\uav_dataset_color_mild_clean\train\baykar_bayraktar_tb2\az135_el-25_morning_operational_v00.jpg,-0.20947271585464478,-0.08941971510648727,unknown
baykar_bayraktar_tb2,data\uav_dataset_color_mild_clean\train\baykar_bayraktar_tb2\az135_el-25_noon_clear_operational_v00.jpg,-0.20690658688545227,-0.08941971510648727,unknown
baykar_bayraktar_tb2,data\uav_dataset_color_mild_clean\train\baykar_bayraktar_tb2\az135_el-45_dusk_operational_v00.jpg,-0.1864718198776245,-0.08941971510648727,unknown
baykar_bayraktar_tb2,data\uav_dataset_color_mild_clean\train\baykar_bayraktar_tb2\az135_el-45_morning_operational_v00.jpg,-0.18829217553138733,-0.08941971510648727,unknown
baykar_bayraktar_tb2,data\uav_dataset_color_mild_clean\train\baykar_bayraktar_tb2\az135_el-45_noon_clear_operational_v00.jpg,-0.200747549533844,-0.08941971510648727,unknown
baykar_bayraktar_tb2,data\uav_dataset_color_mild_clean\train\baykar_bayraktar_tb2\az135_el-65_dusk_operational_v00.jpg,-0.22801414132118225,-0.08941971510648727,unknown
baykar_bayraktar_tb2,data\uav_dataset_color_mild_clean\train\baykar_bayraktar_tb2\az135_el-65_morning_operational_v00.jpg,-0.21672481298446655,-0.08941971510648727,unknown
baykar_bayraktar_tb2,data\uav_dataset_color_mild_clean\train\baykar_bayraktar_tb2\az135_el-65_noon_clear_operational_v00.jpg,-0.21219201385974884,-0.08941971510648727,unknown
baykar_bayraktar_tb2,data\uav_dataset_color_mild_clean\train\baykar_bayraktar_tb2\az180_el-10_dusk_operational_v00.jpg,-0.20898930728435516,-0.08941971510648727,unknown
baykar_bayraktar_tb2,data\uav_dataset_color_mild_clean\train\baykar_bayraktar_tb2\az180_el-10_morning_operational_v00.jpg,-0.17994549870491028,-0.08941971510648727,unknown
baykar_bayraktar_tb2,data\uav_dataset_color_mild_clean\train\baykar_bayraktar_tb2\az180_el-10_noon_clear_operational_v00.jpg,-0.1746744066476822,-0.08941971510648727,unknown
baykar_bayraktar_tb2,data\uav_dataset_color_mild_clean\train\baykar_bayraktar_tb2\az180_el-25_dusk_operational_v00.jpg,-0.20611047744750977,-0.08941971510648727,unknown
baykar_bayraktar_tb2,data\uav_dataset_color_mild_clean\train\baykar_bayraktar_tb2\az180_el-25_morning_operational_v00.jpg,-0.35300952196121216,-0.08941971510648727,unknown
baykar_bayraktar_tb2,data\uav_dataset_color_mild_clean\train\baykar_bayraktar_tb2\az180_el-25_noon_clear_operational_v00.jpg,-0.2161664068698883,-0.08941971510648727,unknown
baykar_bayraktar_tb2,data\uav_dataset_color_mild_clean\train\baykar_bayraktar_tb2\az180_el-45_dusk_operational_v00.jpg,-0.17497992515563965,-0.08941971510648727,unknown
baykar_bayraktar_tb2,data\uav_dataset_color_mild_clean\train\baykar_bayraktar_tb2\az180_el-45_morning_operational_v00.jpg,-0.25094953179359436,-0.08941971510648727,unknown
baykar_bayraktar_tb2,data\uav_dataset_color_mild_clean\train\baykar_bayraktar_tb2\az180_el-45_noon_clear_operational_v00.jpg,-0.20205271244049072,-0.08941971510648727,unknown
baykar_bayraktar_tb2,data\uav_dataset_color_mild_clean\train\baykar_bayraktar_tb2\az180_el-65_dusk_operational_v00.jpg,-0.18147984147071838,-0.08941971510648727,unknown
baykar_bayraktar_tb2,data\uav_dataset_color_mild_clean\train\baykar_bayraktar_tb2\az180_el-65_morning_operational_v00.jpg,-0.24538828432559967,-0.08941971510648727,unknown
baykar_bayraktar_tb2,data\uav_dataset_color_mild_clean\train\baykar_bayraktar_tb2\az180_el-65_noon_clear_operational_v00.jpg,-0.2291298359632492,-0.08941971510648727,unknown
baykar_bayraktar_tb2,data\uav_dataset_color_mild_clean\train\baykar_bayraktar_tb2\az225_el-10_dusk_operational_v00.jpg,-0.24843725562095642,-0.08941971510648727,unknown
baykar_bayraktar_tb2,data\uav_dataset_color_mild_clean\train\baykar_bayraktar_tb2\az225_el-10_morning_operational_v00.jpg,-0.19233626127243042,-0.08941971510648727,unknown
baykar_bayraktar_tb2,data\uav_dataset_color_mild_clean\train\baykar_bayraktar_tb2\az225_el-10_noon_clear_operational_v00.jpg,-0.25161319971084595,-0.08941971510648727,unknown
baykar_bayraktar_tb2,data\uav_dataset_color_mild_clean\train\baykar_bayraktar_tb2\az225_el-25_dusk_operational_v00.jpg,-0.1944887340068817,-0.08941971510648727,unknown
baykar_bayraktar_tb2,data\uav_dataset_color_mild_clean\train\baykar_bayraktar_tb2\az225_el-25_morning_operational_v00.jpg,-0.2094748467206955,-0.08941971510648727,unknown
baykar_bayraktar_tb2,data\uav_dataset_color_mild_clean\train\baykar_bayraktar_tb2\az225_el-25_noon_clear_operational_v00.jpg,-0.19408799707889557,-0.08941971510648727,unknown
baykar_bayraktar_tb2,data\uav_dataset_color_mild_clean\train\baykar_bayraktar_tb2\az225_el-45_dusk_operational_v00.jpg,-0.24166510999202728,-0.08941971510648727,unknown
baykar_bayraktar_tb2,data\uav_dataset_color_mild_clean\train\baykar_bayraktar_tb2\az225_el-45_morning_operational_v00.jpg,-0.23495933413505554,-0.08941971510648727,unknown
baykar_bayraktar_tb2,data\uav_dataset_color_mild_clean\train\baykar_bayraktar_tb2\az225_el-45_noon_clear_operational_v00.jpg,-0.26540687680244446,-0.08941971510648727,unknown
baykar_bayraktar_tb2,data\uav_dataset_color_mild_clean\train\baykar_bayraktar_tb2\az225_el-65_dusk_operational_v00.jpg,-0.18220354616641998,-0.08941971510648727,unknown
baykar_bayraktar_tb2,data\uav_dataset_color_mild_clean\train\baykar_bayraktar_tb2\az225_el-65_morning_operational_v00.jpg,-0.19076432287693024,-0.08941971510648727,unknown
baykar_bayraktar_tb2,data\uav_dataset_color_mild_clean\train\baykar_bayraktar_tb2\az225_el-65_noon_clear_operational_v00.jpg,-0.18531300127506256,-0.08941971510648727,unknown
baykar_bayraktar_tb2,data\uav_dataset_color_mild_clean\train\baykar_bayraktar_tb2\az270_el-10_dusk_operational_v00.jpg,-0.27395546436309814,-0.08941971510648727,unknown
baykar_bayraktar_tb2,data\uav_dataset_color_mild_clean\train\baykar_bayraktar_tb2\az270_el-10_morning_operational_v00.jpg,-0.318219929933548,-0.08941971510648727,unknown
baykar_bayraktar_tb2,data\uav_dataset_color_mild_clean\train\baykar_bayraktar_tb2\az270_el-10_noon_clear_operational_v00.jpg,-0.07026977092027664,-0.08941971510648727,unknown
baykar_bayraktar_tb2,data\uav_dataset_color_mild_clean\train\baykar_bayraktar_tb2\az270_el-25_dusk_operational_v00.jpg,-0.24066512286663055,-0.08941971510648727,unknown
baykar_bayraktar_tb2,data\uav_dataset_color_mild_clean\train\baykar_bayraktar_tb2\az270_el-25_morning_operational_v00.jpg,-0.2422189563512802,-0.08941971510648727,unknown
baykar_bayraktar_tb2,data\uav_dataset_color_mild_clean\train\baykar_bayraktar_tb2\az270_el-25_noon_clear_operational_v00.jpg,-0.18854327499866486,-0.08941971510648727,unknown
baykar_bayraktar_tb2,data\uav_dataset_color_mild_clean\train\baykar_bayraktar_tb2\az270_el-45_dusk_operational_v00.jpg,-0.1890781670808792,-0.08941971510648727,unknown
baykar_bayraktar_tb2,data\uav_dataset_color_mild_clean\train\baykar_bayraktar_tb2\az270_el-45_morning_operational_v00.jpg,-0.23047760128974915,-0.08941971510648727,unknown
baykar_bayraktar_tb2,data\uav_dataset_color_mild_clean\train\baykar_bayraktar_tb2\az270_el-45_noon_clear_operational_v00.jpg,-0.13823209702968597,-0.08941971510648727,unknown
baykar_bayraktar_tb2,data\uav_dataset_color_mild_clean\train\baykar_bayraktar_tb2\az270_el-65_dusk_operational_v00.jpg,-0.20255257189273834,-0.08941971510648727,unknown
baykar_bayraktar_tb2,data\uav_dataset_color_mild_clean\train\baykar_bayraktar_tb2\az270_el-65_morning_operational_v00.jpg,-0.2142886370420456,-0.08941971510648727,unknown
baykar_bayraktar_tb2,data\uav_dataset_color_mild_clean\train\baykar_bayraktar_tb2\az270_el-65_noon_clear_operational_v00.jpg,-0.17053160071372986,-0.08941971510648727,unknown
baykar_bayraktar_tb2,data\uav_dataset_color_mild_clean\train\baykar_bayraktar_tb2\az315_el-10_dusk_operational_v00.jpg,-0.2307458221912384,-0.08941971510648727,unknown
baykar_bayraktar_tb2,data\uav_dataset_color_mild_clean\train\baykar_bayraktar_tb2\az315_el-10_morning_operational_v00.jpg,-0.2910996377468109,-0.08941971510648727,unknown
baykar_bayraktar_tb2,data\uav_dataset_color_mild_clean\train\baykar_bayraktar_tb2\az315_el-10_noon_clear_operational_v00.jpg,-0.19000481069087982,-0.08941971510648727,unknown
baykar_bayraktar_tb2,data\uav_dataset_color_mild_clean\train\baykar_bayraktar_tb2\az315_el-25_dusk_operational_v00.jpg,-0.2372039556503296,-0.08941971510648727,unknown
baykar_bayraktar_tb2,data\uav_dataset_color_mild_clean\train\baykar_bayraktar_tb2\az315_el-25_morning_operational_v00.jpg,-0.20296336710453033,-0.08941971510648727,unknown
baykar_bayraktar_tb2,data\uav_dataset_color_mild_clean\train\baykar_bayraktar_tb2\az315_el-25_noon_clear_operational_v00.jpg,-0.22026647627353668,-0.08941971510648727,unknown
baykar_bayraktar_tb2,data\uav_dataset_color_mild_clean\train\baykar_bayraktar_tb2\az315_el-45_dusk_operational_v00.jpg,-0.1905931979417801,-0.08941971510648727,unknown
baykar_bayraktar_tb2,data\uav_dataset_color_mild_clean\train\baykar_bayraktar_tb2\az315_el-45_morning_operational_v00.jpg,-0.25511452555656433,-0.08941971510648727,unknown
baykar_bayraktar_tb2,data\uav_dataset_color_mild_clean\train\baykar_bayraktar_tb2\az315_el-45_noon_clear_operational_v00.jpg,-0.20195500552654266,-0.08941971510648727,unknown
baykar_bayraktar_tb2,data\uav_dataset_color_mild_clean\train\baykar_bayraktar_tb2\az315_el-65_dusk_operational_v00.jpg,-0.16195708513259888,-0.08941971510648727,unknown
baykar_bayraktar_tb2,data\uav_dataset_color_mild_clean\train\baykar_bayraktar_tb2\az315_el-65_morning_operational_v00.jpg,-0.22250142693519592,-0.08941971510648727,unknown
baykar_bayraktar_tb2,data\uav_dataset_color_mild_clean\train\baykar_bayraktar_tb2\az315_el-65_noon_clear_operational_v00.jpg,-0.19913218915462494,-0.08941971510648727,unknown
bayraktar_tb2_military_ukrainian_navi,data\uav_dataset_color_mild_clean\train\bayraktar_tb2_military_ukrainian_navi\az000_el-10_dusk_operational_v00.jpg,-0.23652510344982147,-0.039879340678453445,unknown
bayraktar_tb2_military_ukrainian_navi,data\uav_dataset_color_mild_clean\train\bayraktar_tb2_military_ukrainian_navi\az000_el-10_morning_operational_v00.jpg,-0.034250885248184204,-0.039879340678453445,unknown
bayraktar_tb2_military_ukrainian_navi,data\uav_dataset_color_mild_clean\train\bayraktar_tb2_military_ukrainian_navi\az000_el-10_noon_clear_operational_v00.jpg,-0.09387384355068207,-0.039879340678453445,unknown
bayraktar_tb2_military_ukrainian_navi,data\uav_dataset_color_mild_clean\train\bayraktar_tb2_military_ukrainian_navi\az000_el-25_dusk_operational_v00.jpg,-0.2489781677722931,-0.039879340678453445,unknown
bayraktar_tb2_military_ukrainian_navi,data\uav_dataset_color_mild_clean\train\bayraktar_tb2_military_ukrainian_navi\az000_el-25_morning_operational_v00.jpg,-0.14722470939159393,-0.039879340678453445,unknown
bayraktar_tb2_military_ukrainian_navi,data\uav_dataset_color_mild_clean\train\bayraktar_tb2_military_ukrainian_navi\az000_el-25_noon_clear_operational_v00.jpg,-0.22634664177894592,-0.039879340678453445,unknown
bayraktar_tb2_military_ukrainian_navi,data\uav_dataset_color_mild_clean\train\bayraktar_tb2_military_ukrainian_navi\az000_el-45_dusk_operational_v00.jpg,-0.12682251632213593,-0.039879340678453445,unknown
bayraktar_tb2_military_ukrainian_navi,data\uav_dataset_color_mild_clean\train\bayraktar_tb2_military_ukrainian_navi\az000_el-45_morning_operational_v00.jpg,-0.2523706555366516,-0.039879340678453445,unknown
bayraktar_tb2_military_ukrainian_navi,data\uav_dataset_color_mild_clean\train\bayraktar_tb2_military_ukrainian_navi\az000_el-45_noon_clear_operational_v00.jpg,-0.1108025461435318,-0.039879340678453445,unknown
bayraktar_tb2_military_ukrainian_navi,data\uav_dataset_color_mild_clean\train\bayraktar_tb2_military_ukrainian_navi\az000_el-65_dusk_operational_v00.jpg,-0.20031464099884033,-0.039879340678453445,unknown
bayraktar_tb2_military_ukrainian_navi,data\uav_dataset_color_mild_clean\train\bayraktar_tb2_military_ukrainian_navi\az000_el-65_morning_operational_v00.jpg,-0.2211376130580902,-0.039879340678453445,unknown
bayraktar_tb2_military_ukrainian_navi,data\uav_dataset_color_mild_clean\train\bayraktar_tb2_military_ukrainian_navi\az000_el-65_noon_clear_operational_v00.jpg,-0.17834101617336273,-0.039879340678453445,unknown
bayraktar_tb2_military_ukrainian_navi,data\uav_dataset_color_mild_clean\train\bayraktar_tb2_military_ukrainian_navi\az045_el-10_dusk_operational_v00.jpg,-0.18800251185894012,-0.039879340678453445,unknown
bayraktar_tb2_military_ukrainian_navi,data\uav_dataset_color_mild_clean\train\bayraktar_tb2_military_ukrainian_navi\az045_el-10_morning_operational_v00.jpg,-0.26301026344299316,-0.039879340678453445,unknown
bayraktar_tb2_military_ukrainian_navi,data\uav_dataset_color_mild_clean\train\bayraktar_tb2_military_ukrainian_navi\az045_el-10_noon_clear_operational_v00.jpg,-0.0686836838722229,-0.039879340678453445,unknown
bayraktar_tb2_military_ukrainian_navi,data\uav_dataset_color_mild_clean\train\bayraktar_tb2_military_ukrainian_navi\az045_el-25_dusk_operational_v00.jpg,-0.12537413835525513,-0.039879340678453445,unknown
bayraktar_tb2_military_ukrainian_navi,data\uav_dataset_color_mild_clean\train\bayraktar_tb2_military_ukrainian_navi\az045_el-25_morning_operational_v00.jpg,-0.20860427618026733,-0.039879340678453445,unknown
bayraktar_tb2_military_ukrainian_navi,data\uav_dataset_color_mild_clean\train\bayraktar_tb2_military_ukrainian_navi\az045_el-25_noon_clear_operational_v00.jpg,-0.07843106985092163,-0.039879340678453445,unknown
bayraktar_tb2_military_ukrainian_navi,data\uav_dataset_color_mild_clean\train\bayraktar_tb2_military_ukrainian_navi\az045_el-45_dusk_operational_v00.jpg,-0.14727157354354858,-0.039879340678453445,unknown
bayraktar_tb2_military_ukrainian_navi,data\uav_dataset_color_mild_clean\train\bayraktar_tb2_military_ukrainian_navi\az045_el-45_morning_operational_v00.jpg,-0.1847124546766281,-0.039879340678453445,unknown
bayraktar_tb2_military_ukrainian_navi,data\uav_dataset_color_mild_clean\train\bayraktar_tb2_military_ukrainian_navi\az045_el-45_noon_clear_operational_v00.jpg,-0.210166335105896,-0.039879340678453445,unknown
bayraktar_tb2_military_ukrainian_navi,data\uav_dataset_color_mild_clean\train\bayraktar_tb2_military_ukrainian_navi\az045_el-65_dusk_operational_v00.jpg,-0.13431024551391602,-0.039879340678453445,unknown
bayraktar_tb2_military_ukrainian_navi,data\uav_dataset_color_mild_clean\train\bayraktar_tb2_military_ukrainian_navi\az045_el-65_morning_operational_v00.jpg,-0.14460860192775726,-0.039879340678453445,unknown
bayraktar_tb2_military_ukrainian_navi,data\uav_dataset_color_mild_clean\train\bayraktar_tb2_military_ukrainian_navi\az045_el-65_noon_clear_operational_v00.jpg,-0.20682714879512787,-0.039879340678453445,unknown
bayraktar_tb2_military_ukrainian_navi,data\uav_dataset_color_mild_clean\train\bayraktar_tb2_military_ukrainian_navi\az090_el-10_dusk_operational_v00.jpg,-0.24321185052394867,-0.039879340678453445,unknown
bayraktar_tb2_military_ukrainian_navi,data\uav_dataset_color_mild_clean\train\bayraktar_tb2_military_ukrainian_navi\az090_el-10_morning_operational_v00.jpg,-0.2509957551956177,-0.039879340678453445,unknown
bayraktar_tb2_military_ukrainian_navi,data\uav_dataset_color_mild_clean\train\bayraktar_tb2_military_ukrainian_navi\az090_el-10_noon_clear_operational_v00.jpg,-0.03425624221563339,-0.039879340678453445,unknown
bayraktar_tb2_military_ukrainian_navi,data\uav_dataset_color_mild_clean\train\bayraktar_tb2_military_ukrainian_navi\az090_el-25_dusk_operational_v00.jpg,-0.11164292693138123,-0.039879340678453445,unknown
bayraktar_tb2_military_ukrainian_navi,data\uav_dataset_color_mild_clean\train\bayraktar_tb2_military_ukrainian_navi\az090_el-25_morning_operational_v00.jpg,-0.11924031376838684,-0.039879340678453445,unknown
bayraktar_tb2_military_ukrainian_navi,data\uav_dataset_color_mild_clean\train\bayraktar_tb2_military_ukrainian_navi\az090_el-25_noon_clear_operational_v00.jpg,-0.14102831482887268,-0.039879340678453445,unknown
bayraktar_tb2_military_ukrainian_navi,data\uav_dataset_color_mild_clean\train\bayraktar_tb2_military_ukrainian_navi\az090_el-45_dusk_operational_v00.jpg,-0.11991670727729797,-0.039879340678453445,unknown
bayraktar_tb2_military_ukrainian_navi,data\uav_dataset_color_mild_clean\train\bayraktar_tb2_military_ukrainian_navi\az090_el-45_morning_operational_v00.jpg,-0.05862592160701752,-0.039879340678453445,unknown
bayraktar_tb2_military_ukrainian_navi,data\uav_dataset_color_mild_clean\train\bayraktar_tb2_military_ukrainian_navi\az090_el-45_noon_clear_operational_v00.jpg,-0.13202017545700073,-0.039879340678453445,unknown
bayraktar_tb2_military_ukrainian_navi,data\uav_dataset_color_mild_clean\train\bayraktar_tb2_military_ukrainian_navi\az090_el-65_dusk_operational_v00.jpg,-0.18795117735862732,-0.039879340678453445,unknown
bayraktar_tb2_military_ukrainian_navi,data\uav_dataset_color_mild_clean\train\bayraktar_tb2_military_ukrainian_navi\az090_el-65_morning_operational_v00.jpg,-0.1276806741952896,-0.039879340678453445,unknown
bayraktar_tb2_military_ukrainian_navi,data\uav_dataset_color_mild_clean\train\bayraktar_tb2_military_ukrainian_navi\az090_el-65_noon_clear_operational_v00.jpg,-0.20784607529640198,-0.039879340678453445,unknown
bayraktar_tb2_military_ukrainian_navi,data\uav_dataset_color_mild_clean\train\bayraktar_tb2_military_ukrainian_navi\az135_el-10_dusk_operational_v00.jpg,-0.13523609936237335,-0.039879340678453445,unknown
bayraktar_tb2_military_ukrainian_navi,data\uav_dataset_color_mild_clean\train\bayraktar_tb2_military_ukrainian_navi\az135_el-10_morning_operational_v00.jpg,-0.05847589299082756,-0.039879340678453445,unknown
bayraktar_tb2_military_ukrainian_navi,data\uav_dataset_color_mild_clean\train\bayraktar_tb2_military_ukrainian_navi\az135_el-10_noon_clear_operational_v00.jpg,-0.17055964469909668,-0.039879340678453445,unknown
bayraktar_tb2_military_ukrainian_navi,data\uav_dataset_color_mild_clean\train\bayraktar_tb2_military_ukrainian_navi\az135_el-25_dusk_operational_v00.jpg,-0.1789252758026123,-0.039879340678453445,unknown
bayraktar_tb2_military_ukrainian_navi,data\uav_dataset_color_mild_clean\train\bayraktar_tb2_military_ukrainian_navi\az135_el-25_morning_operational_v00.jpg,-0.07220534980297089,-0.039879340678453445,unknown
bayraktar_tb2_military_ukrainian_navi,data\uav_dataset_color_mild_clean\train\bayraktar_tb2_military_ukrainian_navi\az135_el-25_noon_clear_operational_v00.jpg,-0.08441734313964844,-0.039879340678453445,unknown
bayraktar_tb2_military_ukrainian_navi,data\uav_dataset_color_mild_clean\train\bayraktar_tb2_military_ukrainian_navi\az135_el-45_dusk_operational_v00.jpg,-0.189762145280838,-0.039879340678453445,unknown
bayraktar_tb2_military_ukrainian_navi,data\uav_dataset_color_mild_clean\train\bayraktar_tb2_military_ukrainian_navi\az135_el-45_morning_operational_v00.jpg,-0.16386869549751282,-0.039879340678453445,unknown
bayraktar_tb2_military_ukrainian_navi,data\uav_dataset_color_mild_clean\train\bayraktar_tb2_military_ukrainian_navi\az135_el-45_noon_clear_operational_v00.jpg,-0.13758790493011475,-0.039879340678453445,unknown
bayraktar_tb2_military_ukrainian_navi,data\uav_dataset_color_mild_clean\train\bayraktar_tb2_military_ukrainian_navi\az135_el-65_dusk_operational_v00.jpg,-0.12874606251716614,-0.039879340678453445,unknown
bayraktar_tb2_military_ukrainian_navi,data\uav_dataset_color_mild_clean\train\bayraktar_tb2_military_ukrainian_navi\az135_el-65_morning_operational_v00.jpg,-0.13851357996463776,-0.039879340678453445,unknown
bayraktar_tb2_military_ukrainian_navi,data\uav_dataset_color_mild_clean\train\bayraktar_tb2_military_ukrainian_navi\az135_el-65_noon_clear_operational_v00.jpg,-0.08202768862247467,-0.039879340678453445,unknown
bayraktar_tb2_military_ukrainian_navi,data\uav_dataset_color_mild_clean\train\bayraktar_tb2_military_ukrainian_navi\az180_el-10_dusk_operational_v00.jpg,-0.2537650465965271,-0.039879340678453445,unknown
bayraktar_tb2_military_ukrainian_navi,data\uav_dataset_color_mild_clean\train\bayraktar_tb2_military_ukrainian_navi\az180_el-10_morning_operational_v00.jpg,-0.3474145233631134,-0.039879340678453445,unknown
bayraktar_tb2_military_ukrainian_navi,data\uav_dataset_color_mild_clean\train\bayraktar_tb2_military_ukrainian_navi\az180_el-10_noon_clear_operational_v00.jpg,-0.15242907404899597,-0.039879340678453445,unknown
bayraktar_tb2_military_ukrainian_navi,data\uav_dataset_color_mild_clean\train\bayraktar_tb2_military_ukrainian_navi\az180_el-25_dusk_operational_v00.jpg,-0.11890377104282379,-0.039879340678453445,unknown
bayraktar_tb2_military_ukrainian_navi,data\uav_dataset_color_mild_clean\train\bayraktar_tb2_military_ukrainian_navi\az180_el-25_morning_operational_v00.jpg,-0.1439361721277237,-0.039879340678453445,unknown
bayraktar_tb2_military_ukrainian_navi,data\uav_dataset_color_mild_clean\train\bayraktar_tb2_military_ukrainian_navi\az180_el-25_noon_clear_operational_v00.jpg,-0.13360944390296936,-0.039879340678453445,unknown
bayraktar_tb2_military_ukrainian_navi,data\uav_dataset_color_mild_clean\train\bayraktar_tb2_military_ukrainian_navi\az180_el-45_dusk_operational_v00.jpg,-0.17244672775268555,-0.039879340678453445,unknown
bayraktar_tb2_military_ukrainian_navi,data\uav_dataset_color_mild_clean\train\bayraktar_tb2_military_ukrainian_navi\az180_el-45_morning_operational_v00.jpg,-0.16090796887874603,-0.039879340678453445,unknown
bayraktar_tb2_military_ukrainian_navi,data\uav_dataset_color_mild_clean\train\bayraktar_tb2_military_ukrainian_navi\az180_el-45_noon_clear_operational_v00.jpg,-0.10063444823026657,-0.039879340678453445,unknown
bayraktar_tb2_military_ukrainian_navi,data\uav_dataset_color_mild_clean\train\bayraktar_tb2_military_ukrainian_navi\az180_el-65_dusk_operational_v00.jpg,-0.22063979506492615,-0.039879340678453445,unknown
bayraktar_tb2_military_ukrainian_navi,data\uav_dataset_color_mild_clean\train\bayraktar_tb2_military_ukrainian_navi\az180_el-65_morning_operational_v00.jpg,-0.1612859070301056,-0.039879340678453445,unknown
bayraktar_tb2_military_ukrainian_navi,data\uav_dataset_color_mild_clean\train\bayraktar_tb2_military_ukrainian_navi\az180_el-65_noon_clear_operational_v00.jpg,-0.11743313074111938,-0.039879340678453445,unknown
bayraktar_tb2_military_ukrainian_navi,data\uav_dataset_color_mild_clean\train\bayraktar_tb2_military_ukrainian_navi\az225_el-10_dusk_operational_v00.jpg,-0.2157679796218872,-0.039879340678453445,unknown
bayraktar_tb2_military_ukrainian_navi,data\uav_dataset_color_mild_clean\train\bayraktar_tb2_military_ukrainian_navi\az225_el-10_morning_operational_v00.jpg,-0.12679162621498108,-0.039879340678453445,unknown
bayraktar_tb2_military_ukrainian_navi,data\uav_dataset_color_mild_clean\train\bayraktar_tb2_military_ukrainian_navi\az225_el-10_noon_clear_operational_v00.jpg,-0.1684797704219818,-0.039879340678453445,unknown
bayraktar_tb2_military_ukrainian_navi,data\uav_dataset_color_mild_clean\train\bayraktar_tb2_military_ukrainian_navi\az225_el-25_dusk_operational_v00.jpg,-0.17472036182880402,-0.039879340678453445,unknown
bayraktar_tb2_military_ukrainian_navi,data\uav_dataset_color_mild_clean\train\bayraktar_tb2_military_ukrainian_navi\az225_el-25_morning_operational_v00.jpg,-0.039499446749687195,-0.039879340678453445,unknown
bayraktar_tb2_military_ukrainian_navi,data\uav_dataset_color_mild_clean\train\bayraktar_tb2_military_ukrainian_navi\az225_el-25_noon_clear_operational_v00.jpg,-0.18369075655937195,-0.039879340678453445,unknown
bayraktar_tb2_military_ukrainian_navi,data\uav_dataset_color_mild_clean\train\bayraktar_tb2_military_ukrainian_navi\az225_el-45_dusk_operational_v00.jpg,-0.14499053359031677,-0.039879340678453445,unknown
bayraktar_tb2_military_ukrainian_navi,data\uav_dataset_color_mild_clean\train\bayraktar_tb2_military_ukrainian_navi\az225_el-45_morning_operational_v00.jpg,-0.21659806370735168,-0.039879340678453445,unknown
bayraktar_tb2_military_ukrainian_navi,data\uav_dataset_color_mild_clean\train\bayraktar_tb2_military_ukrainian_navi\az225_el-45_noon_clear_operational_v00.jpg,-0.19831959903240204,-0.039879340678453445,unknown
bayraktar_tb2_military_ukrainian_navi,data\uav_dataset_color_mild_clean\train\bayraktar_tb2_military_ukrainian_navi\az225_el-65_dusk_operational_v00.jpg,-0.08280746638774872,-0.039879340678453445,unknown
bayraktar_tb2_military_ukrainian_navi,data\uav_dataset_color_mild_clean\train\bayraktar_tb2_military_ukrainian_navi\az225_el-65_morning_operational_v00.jpg,-0.2227368801832199,-0.039879340678453445,unknown
bayraktar_tb2_military_ukrainian_navi,data\uav_dataset_color_mild_clean\train\bayraktar_tb2_military_ukrainian_navi\az225_el-65_noon_clear_operational_v00.jpg,-0.08563512563705444,-0.039879340678453445,unknown
bayraktar_tb2_military_ukrainian_navi,data\uav_dataset_color_mild_clean\train\bayraktar_tb2_military_ukrainian_navi\az270_el-10_dusk_operational_v00.jpg,-0.1554020792245865,-0.039879340678453445,unknown
bayraktar_tb2_military_ukrainian_navi,data\uav_dataset_color_mild_clean\train\bayraktar_tb2_military_ukrainian_navi\az270_el-10_morning_operational_v00.jpg,-0.06124667823314667,-0.039879340678453445,unknown
bayraktar_tb2_military_ukrainian_navi,data\uav_dataset_color_mild_clean\train\bayraktar_tb2_military_ukrainian_navi\az270_el-10_noon_clear_operational_v00.jpg,-0.10778079181909561,-0.039879340678453445,unknown
bayraktar_tb2_military_ukrainian_navi,data\uav_dataset_color_mild_clean\train\bayraktar_tb2_military_ukrainian_navi\az270_el-25_dusk_operational_v00.jpg,-0.20350542664527893,-0.039879340678453445,unknown
bayraktar_tb2_military_ukrainian_navi,data\uav_dataset_color_mild_clean\train\bayraktar_tb2_military_ukrainian_navi\az270_el-25_morning_operational_v00.jpg,-0.11172937601804733,-0.039879340678453445,unknown
bayraktar_tb2_military_ukrainian_navi,data\uav_dataset_color_mild_clean\train\bayraktar_tb2_military_ukrainian_navi\az270_el-25_noon_clear_operational_v00.jpg,-0.28742581605911255,-0.039879340678453445,unknown
bayraktar_tb2_military_ukrainian_navi,data\uav_dataset_color_mild_clean\train\bayraktar_tb2_military_ukrainian_navi\az270_el-45_dusk_operational_v00.jpg,-0.17014814913272858,-0.039879340678453445,unknown
bayraktar_tb2_military_ukrainian_navi,data\uav_dataset_color_mild_clean\train\bayraktar_tb2_military_ukrainian_navi\az270_el-45_morning_operational_v00.jpg,-0.09522973746061325,-0.039879340678453445,unknown
bayraktar_tb2_military_ukrainian_navi,data\uav_dataset_color_mild_clean\train\bayraktar_tb2_military_ukrainian_navi\az270_el-45_noon_clear_operational_v00.jpg,-0.11154122650623322,-0.039879340678453445,unknown
bayraktar_tb2_military_ukrainian_navi,data\uav_dataset_color_mild_clean\train\bayraktar_tb2_military_ukrainian_navi\az270_el-65_dusk_operational_v00.jpg,-0.09197674691677094,-0.039879340678453445,unknown
bayraktar_tb2_military_ukrainian_navi,data\uav_dataset_color_mild_clean\train\bayraktar_tb2_military_ukrainian_navi\az270_el-65_morning_operational_v00.jpg,-0.15845610201358795,-0.039879340678453445,unknown
bayraktar_tb2_military_ukrainian_navi,data\uav_dataset_color_mild_clean\train\bayraktar_tb2_military_ukrainian_navi\az270_el-65_noon_clear_operational_v00.jpg,-0.197396919131279,-0.039879340678453445,unknown
bayraktar_tb2_military_ukrainian_navi,data\uav_dataset_color_mild_clean\train\bayraktar_tb2_military_ukrainian_navi\az315_el-10_dusk_operational_v00.jpg,-0.21087601780891418,-0.039879340678453445,unknown
bayraktar_tb2_military_ukrainian_navi,data\uav_dataset_color_mild_clean\train\bayraktar_tb2_military_ukrainian_navi\az315_el-10_morning_operational_v00.jpg,-0.056821439415216446,-0.039879340678453445,unknown
bayraktar_tb2_military_ukrainian_navi,data\uav_dataset_color_mild_clean\train\bayraktar_tb2_military_ukrainian_navi\az315_el-10_noon_clear_operational_v00.jpg,-0.14352305233478546,-0.039879340678453445,unknown
bayraktar_tb2_military_ukrainian_navi,data\uav_dataset_color_mild_clean\train\bayraktar_tb2_military_ukrainian_navi\az315_el-25_dusk_operational_v00.jpg,-0.236527681350708,-0.039879340678453445,unknown
bayraktar_tb2_military_ukrainian_navi,data\uav_dataset_color_mild_clean\train\bayraktar_tb2_military_ukrainian_navi\az315_el-25_morning_operational_v00.jpg,-0.1555057168006897,-0.039879340678453445,unknown
bayraktar_tb2_military_ukrainian_navi,data\uav_dataset_color_mild_clean\train\bayraktar_tb2_military_ukrainian_navi\az315_el-25_noon_clear_operational_v00.jpg,-0.03456868976354599,-0.039879340678453445,unknown
bayraktar_tb2_military_ukrainian_navi,data\uav_dataset_color_mild_clean\train\bayraktar_tb2_military_ukrainian_navi\az315_el-45_dusk_operational_v00.jpg,-0.15740787982940674,-0.039879340678453445,unknown
bayraktar_tb2_military_ukrainian_navi,data\uav_dataset_color_mild_clean\train\bayraktar_tb2_military_ukrainian_navi\az315_el-45_morning_operational_v00.jpg,-0.16545188426971436,-0.039879340678453445,unknown
bayraktar_tb2_military_ukrainian_navi,data\uav_dataset_color_mild_clean\train\bayraktar_tb2_military_ukrainian_navi\az315_el-45_noon_clear_operational_v00.jpg,-0.16844159364700317,-0.039879340678453445,unknown
bayraktar_tb2_military_ukrainian_navi,data\uav_dataset_color_mild_clean\train\bayraktar_tb2_military_ukrainian_navi\az315_el-65_dusk_operational_v00.jpg,-0.20204836130142212,-0.039879340678453445,unknown
bayraktar_tb2_military_ukrainian_navi,data\uav_dataset_color_mild_clean\train\bayraktar_tb2_military_ukrainian_navi\az315_el-65_morning_operational_v00.jpg,-0.1670847237110138,-0.039879340678453445,unknown
bayraktar_tb2_military_ukrainian_navi,data\uav_dataset_color_mild_clean\train\bayraktar_tb2_military_ukrainian_navi\az315_el-65_noon_clear_operational_v00.jpg,-0.1927807480096817,-0.039879340678453445,unknown
drone_uav_wing_desert_camo,data\uav_dataset_color_mild_clean\train\drone_uav_wing_desert_camo\az000_el-10_dusk_operational_v00.jpg,-0.10105280578136444,-0.052893925458192825,unknown
drone_uav_wing_desert_camo,data\uav_dataset_color_mild_clean\train\drone_uav_wing_desert_camo\az000_el-10_morning_operational_v00.jpg,-0.15104854106903076,-0.052893925458192825,unknown
drone_uav_wing_desert_camo,data\uav_dataset_color_mild_clean\train\drone_uav_wing_desert_camo\az000_el-10_noon_clear_operational_v00.jpg,-0.09845137596130371,-0.052893925458192825,unknown
drone_uav_wing_desert_camo,data\uav_dataset_color_mild_clean\train\drone_uav_wing_desert_camo\az000_el-25_dusk_operational_v00.jpg,-0.13819250464439392,-0.052893925458192825,unknown
drone_uav_wing_desert_camo,data\uav_dataset_color_mild_clean\train\drone_uav_wing_desert_camo\az000_el-25_morning_operational_v00.jpg,-0.08153314888477325,-0.052893925458192825,unknown
drone_uav_wing_desert_camo,data\uav_dataset_color_mild_clean\train\drone_uav_wing_desert_camo\az000_el-25_noon_clear_operational_v00.jpg,-0.08101463317871094,-0.052893925458192825,unknown
drone_uav_wing_desert_camo,data\uav_dataset_color_mild_clean\train\drone_uav_wing_desert_camo\az000_el-45_dusk_operational_v00.jpg,-0.11263546347618103,-0.052893925458192825,unknown
drone_uav_wing_desert_camo,data\uav_dataset_color_mild_clean\train\drone_uav_wing_desert_camo\az000_el-45_morning_operational_v00.jpg,-0.1470513492822647,-0.052893925458192825,unknown
drone_uav_wing_desert_camo,data\uav_dataset_color_mild_clean\train\drone_uav_wing_desert_camo\az000_el-45_noon_clear_operational_v00.jpg,-0.08474954962730408,-0.052893925458192825,unknown
drone_uav_wing_desert_camo,data\uav_dataset_color_mild_clean\train\drone_uav_wing_desert_camo\az000_el-65_dusk_operational_v00.jpg,-0.09756514430046082,-0.052893925458192825,unknown
drone_uav_wing_desert_camo,data\uav_dataset_color_mild_clean\train\drone_uav_wing_desert_camo\az000_el-65_morning_operational_v00.jpg,-0.10695387423038483,-0.052893925458192825,unknown
drone_uav_wing_desert_camo,data\uav_dataset_color_mild_clean\train\drone_uav_wing_desert_camo\az000_el-65_noon_clear_operational_v00.jpg,-0.10812956094741821,-0.052893925458192825,unknown
drone_uav_wing_desert_camo,data\uav_dataset_color_mild_clean\train\drone_uav_wing_desert_camo\az045_el-10_dusk_operational_v00.jpg,-0.11159325391054153,-0.052893925458192825,unknown
drone_uav_wing_desert_camo,data\uav_dataset_color_mild_clean\train\drone_uav_wing_desert_camo\az045_el-10_morning_operational_v00.jpg,-0.10209569334983826,-0.052893925458192825,unknown
drone_uav_wing_desert_camo,data\uav_dataset_color_mild_clean\train\drone_uav_wing_desert_camo\az045_el-10_noon_clear_operational_v00.jpg,-0.11831030249595642,-0.052893925458192825,unknown
drone_uav_wing_desert_camo,data\uav_dataset_color_mild_clean\train\drone_uav_wing_desert_camo\az045_el-25_dusk_operational_v00.jpg,-0.16566933691501617,-0.052893925458192825,unknown
drone_uav_wing_desert_camo,data\uav_dataset_color_mild_clean\train\drone_uav_wing_desert_camo\az045_el-25_morning_operational_v00.jpg,-0.10914631187915802,-0.052893925458192825,unknown
drone_uav_wing_desert_camo,data\uav_dataset_color_mild_clean\train\drone_uav_wing_desert_camo\az045_el-25_noon_clear_operational_v00.jpg,-0.09692948311567307,-0.052893925458192825,unknown
drone_uav_wing_desert_camo,data\uav_dataset_color_mild_clean\train\drone_uav_wing_desert_camo\az045_el-45_dusk_operational_v00.jpg,-0.06975579261779785,-0.052893925458192825,unknown
drone_uav_wing_desert_camo,data\uav_dataset_color_mild_clean\train\drone_uav_wing_desert_camo\az045_el-45_morning_operational_v00.jpg,-0.08677423745393753,-0.052893925458192825,unknown
drone_uav_wing_desert_camo,data\uav_dataset_color_mild_clean\train\drone_uav_wing_desert_camo\az045_el-45_noon_clear_operational_v00.jpg,-0.1121968924999237,-0.052893925458192825,unknown
drone_uav_wing_desert_camo,data\uav_dataset_color_mild_clean\train\drone_uav_wing_desert_camo\az045_el-65_dusk_operational_v00.jpg,-0.08442246168851852,-0.052893925458192825,unknown
drone_uav_wing_desert_camo,data\uav_dataset_color_mild_clean\train\drone_uav_wing_desert_camo\az045_el-65_morning_operational_v00.jpg,-0.07926172018051147,-0.052893925458192825,unknown
drone_uav_wing_desert_camo,data\uav_dataset_color_mild_clean\train\drone_uav_wing_desert_camo\az045_el-65_noon_clear_operational_v00.jpg,-0.11077119410037994,-0.052893925458192825,unknown
drone_uav_wing_desert_camo,data\uav_dataset_color_mild_clean\train\drone_uav_wing_desert_camo\az090_el-10_dusk_operational_v00.jpg,-0.06486678868532181,-0.052893925458192825,unknown
drone_uav_wing_desert_camo,data\uav_dataset_color_mild_clean\train\drone_uav_wing_desert_camo\az090_el-10_morning_operational_v00.jpg,-0.08425770699977875,-0.052893925458192825,unknown
drone_uav_wing_desert_camo,data\uav_dataset_color_mild_clean\train\drone_uav_wing_desert_camo\az090_el-10_noon_clear_operational_v00.jpg,-0.09922894835472107,-0.052893925458192825,unknown
drone_uav_wing_desert_camo,data\uav_dataset_color_mild_clean\train\drone_uav_wing_desert_camo\az090_el-25_dusk_operational_v00.jpg,-0.07768478989601135,-0.052893925458192825,unknown
drone_uav_wing_desert_camo,data\uav_dataset_color_mild_clean\train\drone_uav_wing_desert_camo\az090_el-25_morning_operational_v00.jpg,-0.0762941762804985,-0.052893925458192825,unknown
drone_uav_wing_desert_camo,data\uav_dataset_color_mild_clean\train\drone_uav_wing_desert_camo\az090_el-25_noon_clear_operational_v00.jpg,-0.09855127334594727,-0.052893925458192825,unknown
drone_uav_wing_desert_camo,data\uav_dataset_color_mild_clean\train\drone_uav_wing_desert_camo\az090_el-45_dusk_operational_v00.jpg,-0.08406472206115723,-0.052893925458192825,unknown
drone_uav_wing_desert_camo,data\uav_dataset_color_mild_clean\train\drone_uav_wing_desert_camo\az090_el-45_morning_operational_v00.jpg,-0.10235565155744553,-0.052893925458192825,unknown
drone_uav_wing_desert_camo,data\uav_dataset_color_mild_clean\train\drone_uav_wing_desert_camo\az090_el-45_noon_clear_operational_v00.jpg,-0.06860263645648956,-0.052893925458192825,unknown
drone_uav_wing_desert_camo,data\uav_dataset_color_mild_clean\train\drone_uav_wing_desert_camo\az090_el-65_dusk_operational_v00.jpg,-0.08844450116157532,-0.052893925458192825,unknown
drone_uav_wing_desert_camo,data\uav_dataset_color_mild_clean\train\drone_uav_wing_desert_camo\az090_el-65_morning_operational_v00.jpg,-0.10118382424116135,-0.052893925458192825,unknown
drone_uav_wing_desert_camo,data\uav_dataset_color_mild_clean\train\drone_uav_wing_desert_camo\az090_el-65_noon_clear_operational_v00.jpg,-0.11529076099395752,-0.052893925458192825,unknown
drone_uav_wing_desert_camo,data\uav_dataset_color_mild_clean\train\drone_uav_wing_desert_camo\az135_el-10_dusk_operational_v00.jpg,-0.168013796210289,-0.052893925458192825,unknown
drone_uav_wing_desert_camo,data\uav_dataset_color_mild_clean\train\drone_uav_wing_desert_camo\az135_el-10_morning_operational_v00.jpg,-0.08892315626144409,-0.052893925458192825,unknown
drone_uav_wing_desert_camo,data\uav_dataset_color_mild_clean\train\drone_uav_wing_desert_camo\az135_el-10_noon_clear_operational_v00.jpg,-0.052208174020051956,-0.052893925458192825,unknown
drone_uav_wing_desert_camo,data\uav_dataset_color_mild_clean\train\drone_uav_wing_desert_camo\az135_el-25_dusk_operational_v00.jpg,-0.12780776619911194,-0.052893925458192825,unknown
drone_uav_wing_desert_camo,data\uav_dataset_color_mild_clean\train\drone_uav_wing_desert_camo\az135_el-25_morning_operational_v00.jpg,-0.10777787864208221,-0.052893925458192825,unknown
drone_uav_wing_desert_camo,data\uav_dataset_color_mild_clean\train\drone_uav_wing_desert_camo\az135_el-25_noon_clear_operational_v00.jpg,-0.08657938241958618,-0.052893925458192825,unknown
drone_uav_wing_desert_camo,data\uav_dataset_color_mild_clean\train\drone_uav_wing_desert_camo\az135_el-45_dusk_operational_v00.jpg,-0.10317959636449814,-0.052893925458192825,unknown
drone_uav_wing_desert_camo,data\uav_dataset_color_mild_clean\train\drone_uav_wing_desert_camo\az135_el-45_morning_operational_v00.jpg,-0.10410590469837189,-0.052893925458192825,unknown
drone_uav_wing_desert_camo,data\uav_dataset_color_mild_clean\train\drone_uav_wing_desert_camo\az135_el-45_noon_clear_operational_v00.jpg,-0.10079389810562134,-0.052893925458192825,unknown
drone_uav_wing_desert_camo,data\uav_dataset_color_mild_clean\train\drone_uav_wing_desert_camo\az135_el-65_dusk_operational_v00.jpg,-0.11090567708015442,-0.052893925458192825,unknown
drone_uav_wing_desert_camo,data\uav_dataset_color_mild_clean\train\drone_uav_wing_desert_camo\az135_el-65_morning_operational_v00.jpg,-0.11877375841140747,-0.052893925458192825,unknown
drone_uav_wing_desert_camo,data\uav_dataset_color_mild_clean\train\drone_uav_wing_desert_camo\az135_el-65_noon_clear_operational_v00.jpg,-0.07817582041025162,-0.052893925458192825,unknown
drone_uav_wing_desert_camo,data\uav_dataset_color_mild_clean\train\drone_uav_wing_desert_camo\az180_el-10_dusk_operational_v00.jpg,-0.10208415985107422,-0.052893925458192825,unknown
drone_uav_wing_desert_camo,data\uav_dataset_color_mild_clean\train\drone_uav_wing_desert_camo\az180_el-10_morning_operational_v00.jpg,-0.11904220283031464,-0.052893925458192825,unknown
drone_uav_wing_desert_camo,data\uav_dataset_color_mild_clean\train\drone_uav_wing_desert_camo\az180_el-10_noon_clear_operational_v00.jpg,-0.12295643985271454,-0.052893925458192825,unknown
drone_uav_wing_desert_camo,data\uav_dataset_color_mild_clean\train\drone_uav_wing_desert_camo\az180_el-25_dusk_operational_v00.jpg,-0.0731026828289032,-0.052893925458192825,unknown
drone_uav_wing_desert_camo,data\uav_dataset_color_mild_clean\train\drone_uav_wing_desert_camo\az180_el-25_morning_operational_v00.jpg,-0.1230354830622673,-0.052893925458192825,unknown
drone_uav_wing_desert_camo,data\uav_dataset_color_mild_clean\train\drone_uav_wing_desert_camo\az180_el-25_noon_clear_operational_v00.jpg,-0.08536743372678757,-0.052893925458192825,unknown
drone_uav_wing_desert_camo,data\uav_dataset_color_mild_clean\train\drone_uav_wing_desert_camo\az180_el-45_dusk_operational_v00.jpg,-0.08591321110725403,-0.052893925458192825,unknown
drone_uav_wing_desert_camo,data\uav_dataset_color_mild_clean\train\drone_uav_wing_desert_camo\az180_el-45_morning_operational_v00.jpg,-0.1251731812953949,-0.052893925458192825,unknown
drone_uav_wing_desert_camo,data\uav_dataset_color_mild_clean\train\drone_uav_wing_desert_camo\az180_el-45_noon_clear_operational_v00.jpg,-0.1030900627374649,-0.052893925458192825,unknown
drone_uav_wing_desert_camo,data\uav_dataset_color_mild_clean\train\drone_uav_wing_desert_camo\az180_el-65_dusk_operational_v00.jpg,-0.10732345283031464,-0.052893925458192825,unknown
drone_uav_wing_desert_camo,data\uav_dataset_color_mild_clean\train\drone_uav_wing_desert_camo\az180_el-65_morning_operational_v00.jpg,-0.11807131767272949,-0.052893925458192825,unknown
drone_uav_wing_desert_camo,data\uav_dataset_color_mild_clean\train\drone_uav_wing_desert_camo\az180_el-65_noon_clear_operational_v00.jpg,-0.10157366842031479,-0.052893925458192825,unknown
drone_uav_wing_desert_camo,data\uav_dataset_color_mild_clean\train\drone_uav_wing_desert_camo\az225_el-10_dusk_operational_v00.jpg,-0.09530438482761383,-0.052893925458192825,unknown
drone_uav_wing_desert_camo,data\uav_dataset_color_mild_clean\train\drone_uav_wing_desert_camo\az225_el-10_morning_operational_v00.jpg,-0.10059760510921478,-0.052893925458192825,unknown
drone_uav_wing_desert_camo,data\uav_dataset_color_mild_clean\train\drone_uav_wing_desert_camo\az225_el-10_noon_clear_operational_v00.jpg,-0.09901180863380432,-0.052893925458192825,unknown
drone_uav_wing_desert_camo,data\uav_dataset_color_mild_clean\train\drone_uav_wing_desert_camo\az225_el-25_dusk_operational_v00.jpg,-0.03917558118700981,-0.052893925458192825,unknown
drone_uav_wing_desert_camo,data\uav_dataset_color_mild_clean\train\drone_uav_wing_desert_camo\az225_el-25_morning_operational_v00.jpg,-0.09609662741422653,-0.052893925458192825,unknown
drone_uav_wing_desert_camo,data\uav_dataset_color_mild_clean\train\drone_uav_wing_desert_camo\az225_el-25_noon_clear_operational_v00.jpg,-0.07519432157278061,-0.052893925458192825,unknown
drone_uav_wing_desert_camo,data\uav_dataset_color_mild_clean\train\drone_uav_wing_desert_camo\az225_el-45_dusk_operational_v00.jpg,-0.10497628152370453,-0.052893925458192825,unknown
drone_uav_wing_desert_camo,data\uav_dataset_color_mild_clean\train\drone_uav_wing_desert_camo\az225_el-45_morning_operational_v00.jpg,-0.10333889722824097,-0.052893925458192825,unknown
drone_uav_wing_desert_camo,data\uav_dataset_color_mild_clean\train\drone_uav_wing_desert_camo\az225_el-45_noon_clear_operational_v00.jpg,-0.08379369229078293,-0.052893925458192825,unknown
drone_uav_wing_desert_camo,data\uav_dataset_color_mild_clean\train\drone_uav_wing_desert_camo\az225_el-65_dusk_operational_v00.jpg,-0.11434097588062286,-0.052893925458192825,unknown
drone_uav_wing_desert_camo,data\uav_dataset_color_mild_clean\train\drone_uav_wing_desert_camo\az225_el-65_morning_operational_v00.jpg,-0.07984646409749985,-0.052893925458192825,unknown
drone_uav_wing_desert_camo,data\uav_dataset_color_mild_clean\train\drone_uav_wing_desert_camo\az225_el-65_noon_clear_operational_v00.jpg,-0.08604612201452255,-0.052893925458192825,unknown
drone_uav_wing_desert_camo,data\uav_dataset_color_mild_clean\train\drone_uav_wing_desert_camo\az270_el-10_dusk_operational_v00.jpg,-0.08501718938350677,-0.052893925458192825,unknown
drone_uav_wing_desert_camo,data\uav_dataset_color_mild_clean\train\drone_uav_wing_desert_camo\az270_el-10_morning_operational_v00.jpg,-0.06681510806083679,-0.052893925458192825,unknown
drone_uav_wing_desert_camo,data\uav_dataset_color_mild_clean\train\drone_uav_wing_desert_camo\az270_el-10_noon_clear_operational_v00.jpg,-0.09722071886062622,-0.052893925458192825,unknown
drone_uav_wing_desert_camo,data\uav_dataset_color_mild_clean\train\drone_uav_wing_desert_camo\az270_el-25_dusk_operational_v00.jpg,-0.06892190128564835,-0.052893925458192825,unknown
drone_uav_wing_desert_camo,data\uav_dataset_color_mild_clean\train\drone_uav_wing_desert_camo\az270_el-25_morning_operational_v00.jpg,-0.07760949432849884,-0.052893925458192825,unknown
drone_uav_wing_desert_camo,data\uav_dataset_color_mild_clean\train\drone_uav_wing_desert_camo\az270_el-25_noon_clear_operational_v00.jpg,-0.09304323047399521,-0.052893925458192825,unknown
drone_uav_wing_desert_camo,data\uav_dataset_color_mild_clean\train\drone_uav_wing_desert_camo\az270_el-45_dusk_operational_v00.jpg,-0.05762377008795738,-0.052893925458192825,unknown
drone_uav_wing_desert_camo,data\uav_dataset_color_mild_clean\train\drone_uav_wing_desert_camo\az270_el-45_morning_operational_v00.jpg,-0.08648911118507385,-0.052893925458192825,unknown
drone_uav_wing_desert_camo,data\uav_dataset_color_mild_clean\train\drone_uav_wing_desert_camo\az270_el-45_noon_clear_operational_v00.jpg,-0.09499917179346085,-0.052893925458192825,unknown
drone_uav_wing_desert_camo,data\uav_dataset_color_mild_clean\train\drone_uav_wing_desert_camo\az270_el-65_dusk_operational_v00.jpg,-0.09357993304729462,-0.052893925458192825,unknown
drone_uav_wing_desert_camo,data\uav_dataset_color_mild_clean\train\drone_uav_wing_desert_camo\az270_el-65_morning_operational_v00.jpg,-0.09624730050563812,-0.052893925458192825,unknown
drone_uav_wing_desert_camo,data\uav_dataset_color_mild_clean\train\drone_uav_wing_desert_camo\az270_el-65_noon_clear_operational_v00.jpg,-0.053286269307136536,-0.052893925458192825,unknown
drone_uav_wing_desert_camo,data\uav_dataset_color_mild_clean\train\drone_uav_wing_desert_camo\az315_el-10_dusk_operational_v00.jpg,-0.13006693124771118,-0.052893925458192825,unknown
drone_uav_wing_desert_camo,data\uav_dataset_color_mild_clean\train\drone_uav_wing_desert_camo\az315_el-10_morning_operational_v00.jpg,-0.09243450313806534,-0.052893925458192825,unknown
drone_uav_wing_desert_camo,data\uav_dataset_color_mild_clean\train\drone_uav_wing_desert_camo\az315_el-10_noon_clear_operational_v00.jpg,-0.09284043312072754,-0.052893925458192825,unknown
drone_uav_wing_desert_camo,data\uav_dataset_color_mild_clean\train\drone_uav_wing_desert_camo\az315_el-25_dusk_operational_v00.jpg,-0.14358793199062347,-0.052893925458192825,unknown
drone_uav_wing_desert_camo,data\uav_dataset_color_mild_clean\train\drone_uav_wing_desert_camo\az315_el-25_morning_operational_v00.jpg,-0.1044105663895607,-0.052893925458192825,unknown
drone_uav_wing_desert_camo,data\uav_dataset_color_mild_clean\train\drone_uav_wing_desert_camo\az315_el-25_noon_clear_operational_v00.jpg,-0.06573143601417542,-0.052893925458192825,unknown
drone_uav_wing_desert_camo,data\uav_dataset_color_mild_clean\train\drone_uav_wing_desert_camo\az315_el-45_dusk_operational_v00.jpg,-0.07274193316698074,-0.052893925458192825,unknown
drone_uav_wing_desert_camo,data\uav_dataset_color_mild_clean\train\drone_uav_wing_desert_camo\az315_el-45_morning_operational_v00.jpg,-0.07951219379901886,-0.052893925458192825,unknown
drone_uav_wing_desert_camo,data\uav_dataset_color_mild_clean\train\drone_uav_wing_desert_camo\az315_el-45_noon_clear_operational_v00.jpg,-0.07033474743366241,-0.052893925458192825,unknown
drone_uav_wing_desert_camo,data\uav_dataset_color_mild_clean\train\drone_uav_wing_desert_camo\az315_el-65_dusk_operational_v00.jpg,-0.07901772856712341,-0.052893925458192825,unknown
drone_uav_wing_desert_camo,data\uav_dataset_color_mild_clean\train\drone_uav_wing_desert_camo\az315_el-65_morning_operational_v00.jpg,-0.06217582896351814,-0.052893925458192825,unknown
drone_uav_wing_desert_camo,data\uav_dataset_color_mild_clean\train\drone_uav_wing_desert_camo\az315_el-65_noon_clear_operational_v00.jpg,-0.07694545388221741,-0.052893925458192825,unknown
lancet,data\uav_dataset_color_mild_clean\train\lancet\az000_el-10_dusk_operational_v00.jpg,-0.015183985233306885,0.12042951583862305,unknown
lancet,data\uav_dataset_color_mild_clean\train\lancet\az000_el-10_morning_operational_v00.jpg,0.11412963271141052,0.12042951583862305,unknown
lancet,data\uav_dataset_color_mild_clean\train\lancet\az000_el-10_noon_clear_operational_v00.jpg,0.09905873239040375,0.12042951583862305,unknown
lancet,data\uav_dataset_color_mild_clean\train\lancet\az000_el-25_dusk_operational_v00.jpg,0.07271260023117065,0.12042951583862305,unknown
lancet,data\uav_dataset_color_mild_clean\train\lancet\az000_el-25_morning_operational_v00.jpg,0.09659445285797119,0.12042951583862305,unknown
lancet,data\uav_dataset_color_mild_clean\train\lancet\az000_el-25_noon_clear_operational_v00.jpg,0.08714395016431808,0.12042951583862305,unknown
lancet,data\uav_dataset_color_mild_clean\train\lancet\az000_el-45_dusk_operational_v00.jpg,0.10736479610204697,0.12042951583862305,unknown
lancet,data\uav_dataset_color_mild_clean\train\lancet\az000_el-45_morning_operational_v00.jpg,0.09491687268018723,0.12042951583862305,unknown
lancet,data\uav_dataset_color_mild_clean\train\lancet\az000_el-45_noon_clear_operational_v00.jpg,0.04648894444108009,0.12042951583862305,unknown
lancet,data\uav_dataset_color_mild_clean\train\lancet\az000_el-65_dusk_operational_v00.jpg,0.12204168736934662,0.12042951583862305,unknown
lancet,data\uav_dataset_color_mild_clean\train\lancet\az000_el-65_morning_operational_v00.jpg,0.0650491788983345,0.12042951583862305,unknown
lancet,data\uav_dataset_color_mild_clean\train\lancet\az000_el-65_noon_clear_operational_v00.jpg,0.06866216659545898,0.12042951583862305,unknown
lancet,data\uav_dataset_color_mild_clean\train\lancet\az045_el-10_dusk_operational_v00.jpg,0.018282383680343628,0.12042951583862305,unknown
lancet,data\uav_dataset_color_mild_clean\train\lancet\az045_el-10_morning_operational_v00.jpg,0.10024074465036392,0.12042951583862305,unknown
lancet,data\uav_dataset_color_mild_clean\train\lancet\az045_el-10_noon_clear_operational_v00.jpg,0.10490860044956207,0.12042951583862305,unknown
lancet,data\uav_dataset_color_mild_clean\train\lancet\az045_el-25_dusk_operational_v00.jpg,0.07742156833410263,0.12042951583862305,unknown
lancet,data\uav_dataset_color_mild_clean\train\lancet\az045_el-25_morning_operational_v00.jpg,0.0855676531791687,0.12042951583862305,unknown
lancet,data\uav_dataset_color_mild_clean\train\lancet\az045_el-25_noon_clear_operational_v00.jpg,0.08755108714103699,0.12042951583862305,unknown
lancet,data\uav_dataset_color_mild_clean\train\lancet\az045_el-45_dusk_operational_v00.jpg,0.018765321001410484,0.12042951583862305,unknown
lancet,data\uav_dataset_color_mild_clean\train\lancet\az045_el-45_morning_operational_v00.jpg,0.08394411206245422,0.12042951583862305,unknown
lancet,data\uav_dataset_color_mild_clean\train\lancet\az045_el-45_noon_clear_operational_v00.jpg,0.06549277901649475,0.12042951583862305,unknown
lancet,data\uav_dataset_color_mild_clean\train\lancet\az045_el-65_dusk_operational_v00.jpg,0.08703919500112534,0.12042951583862305,unknown
lancet,data\uav_dataset_color_mild_clean\train\lancet\az045_el-65_morning_operational_v00.jpg,0.042279861867427826,0.12042951583862305,unknown
lancet,data\uav_dataset_color_mild_clean\train\lancet\az045_el-65_noon_clear_operational_v00.jpg,0.12129662185907364,0.12042951583862305,unknown
lancet,data\uav_dataset_color_mild_clean\train\lancet\az090_el-10_dusk_operational_v00.jpg,0.05211274325847626,0.12042951583862305,unknown
lancet,data\uav_dataset_color_mild_clean\train\lancet\az090_el-10_morning_operational_v00.jpg,0.10042844712734222,0.12042951583862305,unknown
lancet,data\uav_dataset_color_mild_clean\train\lancet\az090_el-10_noon_clear_operational_v00.jpg,0.002787536010146141,0.12042951583862305,unknown
lancet,data\uav_dataset_color_mild_clean\train\lancet\az090_el-25_dusk_operational_v00.jpg,0.04871724545955658,0.12042951583862305,unknown
lancet,data\uav_dataset_color_mild_clean\train\lancet\az090_el-25_morning_operational_v00.jpg,0.058611802756786346,0.12042951583862305,unknown
lancet,data\uav_dataset_color_mild_clean\train\lancet\az090_el-25_noon_clear_operational_v00.jpg,0.0962873250246048,0.12042951583862305,unknown
lancet,data\uav_dataset_color_mild_clean\train\lancet\az090_el-45_dusk_operational_v00.jpg,0.07363222539424896,0.12042951583862305,unknown
lancet,data\uav_dataset_color_mild_clean\train\lancet\az090_el-45_morning_operational_v00.jpg,0.08582349121570587,0.12042951583862305,unknown
lancet,data\uav_dataset_color_mild_clean\train\lancet\az090_el-45_noon_clear_operational_v00.jpg,0.07690480351448059,0.12042951583862305,unknown
lancet,data\uav_dataset_color_mild_clean\train\lancet\az090_el-65_dusk_operational_v00.jpg,0.07377524673938751,0.12042951583862305,unknown
lancet,data\uav_dataset_color_mild_clean\train\lancet\az090_el-65_morning_operational_v00.jpg,0.0597468838095665,0.12042951583862305,unknown
lancet,data\uav_dataset_color_mild_clean\train\lancet\az090_el-65_noon_clear_operational_v00.jpg,0.09859266877174377,0.12042951583862305,unknown
lancet,data\uav_dataset_color_mild_clean\train\lancet\az135_el-10_dusk_operational_v00.jpg,0.12504655122756958,0.12042951583862305,unknown
lancet,data\uav_dataset_color_mild_clean\train\lancet\az135_el-10_morning_operational_v00.jpg,0.09917864948511124,0.12042951583862305,unknown
lancet,data\uav_dataset_color_mild_clean\train\lancet\az135_el-10_noon_clear_operational_v00.jpg,0.100775808095932,0.12042951583862305,unknown
lancet,data\uav_dataset_color_mild_clean\train\lancet\az135_el-25_dusk_operational_v00.jpg,0.020281821489334106,0.12042951583862305,unknown
lancet,data\uav_dataset_color_mild_clean\train\lancet\az135_el-25_morning_operational_v00.jpg,0.08421589434146881,0.12042951583862305,unknown
lancet,data\uav_dataset_color_mild_clean\train\lancet\az135_el-25_noon_clear_operational_v00.jpg,0.04413154721260071,0.12042951583862305,unknown
lancet,data\uav_dataset_color_mild_clean\train\lancet\az135_el-45_dusk_operational_v00.jpg,0.0922112762928009,0.12042951583862305,unknown
lancet,data\uav_dataset_color_mild_clean\train\lancet\az135_el-45_morning_operational_v00.jpg,0.09021356701850891,0.12042951583862305,unknown
lancet,data\uav_dataset_color_mild_clean\train\lancet\az135_el-45_noon_clear_operational_v00.jpg,0.0985768586397171,0.12042951583862305,unknown
lancet,data\uav_dataset_color_mild_clean\train\lancet\az135_el-65_dusk_operational_v00.jpg,0.05352087318897247,0.12042951583862305,unknown
lancet,data\uav_dataset_color_mild_clean\train\lancet\az135_el-65_morning_operational_v00.jpg,0.10796193778514862,0.12042951583862305,unknown
lancet,data\uav_dataset_color_mild_clean\train\lancet\az135_el-65_noon_clear_operational_v00.jpg,0.08374034613370895,0.12042951583862305,unknown
lancet,data\uav_dataset_color_mild_clean\train\lancet\az180_el-10_dusk_operational_v00.jpg,0.08133822679519653,0.12042951583862305,unknown
lancet,data\uav_dataset_color_mild_clean\train\lancet\az180_el-10_morning_operational_v00.jpg,0.04964704066514969,0.12042951583862305,unknown
lancet,data\uav_dataset_color_mild_clean\train\lancet\az180_el-10_noon_clear_operational_v00.jpg,0.09519198536872864,0.12042951583862305,unknown
lancet,data\uav_dataset_color_mild_clean\train\lancet\az180_el-25_dusk_operational_v00.jpg,0.0627739280462265,0.12042951583862305,unknown
lancet,data\uav_dataset_color_mild_clean\train\lancet\az180_el-25_morning_operational_v00.jpg,0.07864163815975189,0.12042951583862305,unknown
lancet,data\uav_dataset_color_mild_clean\train\lancet\az180_el-25_noon_clear_operational_v00.jpg,0.09472909569740295,0.12042951583862305,unknown
lancet,data\uav_dataset_color_mild_clean\train\lancet\az180_el-45_dusk_operational_v00.jpg,0.09610433131456375,0.12042951583862305,unknown
lancet,data\uav_dataset_color_mild_clean\train\lancet\az180_el-45_morning_operational_v00.jpg,0.08906049281358719,0.12042951583862305,unknown
lancet,data\uav_dataset_color_mild_clean\train\lancet\az180_el-45_noon_clear_operational_v00.jpg,0.09936081618070602,0.12042951583862305,unknown
lancet,data\uav_dataset_color_mild_clean\train\lancet\az180_el-65_dusk_operational_v00.jpg,0.07954418659210205,0.12042951583862305,unknown
lancet,data\uav_dataset_color_mild_clean\train\lancet\az180_el-65_morning_operational_v00.jpg,0.05680237337946892,0.12042951583862305,unknown
lancet,data\uav_dataset_color_mild_clean\train\lancet\az180_el-65_noon_clear_operational_v00.jpg,0.09830673038959503,0.12042951583862305,unknown
lancet,data\uav_dataset_color_mild_clean\train\lancet\az225_el-10_dusk_operational_v00.jpg,0.08712461590766907,0.12042951583862305,unknown
lancet,data\uav_dataset_color_mild_clean\train\lancet\az225_el-10_morning_operational_v00.jpg,0.07519511878490448,0.12042951583862305,unknown
lancet,data\uav_dataset_color_mild_clean\train\lancet\az225_el-10_noon_clear_operational_v00.jpg,0.08013434708118439,0.12042951583862305,unknown
lancet,data\uav_dataset_color_mild_clean\train\lancet\az225_el-25_dusk_operational_v00.jpg,0.07104997336864471,0.12042951583862305,unknown
lancet,data\uav_dataset_color_mild_clean\train\lancet\az225_el-25_morning_operational_v00.jpg,0.1185678169131279,0.12042951583862305,unknown
lancet,data\uav_dataset_color_mild_clean\train\lancet\az225_el-25_noon_clear_operational_v00.jpg,0.08613616228103638,0.12042951583862305,unknown
lancet,data\uav_dataset_color_mild_clean\train\lancet\az225_el-45_dusk_operational_v00.jpg,0.10498854517936707,0.12042951583862305,unknown
lancet,data\uav_dataset_color_mild_clean\train\lancet\az225_el-45_morning_operational_v00.jpg,0.11519491672515869,0.12042951583862305,unknown
lancet,data\uav_dataset_color_mild_clean\train\lancet\az225_el-45_noon_clear_operational_v00.jpg,0.09156142175197601,0.12042951583862305,unknown
lancet,data\uav_dataset_color_mild_clean\train\lancet\az225_el-65_dusk_operational_v00.jpg,0.08869391679763794,0.12042951583862305,unknown
lancet,data\uav_dataset_color_mild_clean\train\lancet\az225_el-65_morning_operational_v00.jpg,0.10963988304138184,0.12042951583862305,unknown
lancet,data\uav_dataset_color_mild_clean\train\lancet\az225_el-65_noon_clear_operational_v00.jpg,0.06905996054410934,0.12042951583862305,unknown
lancet,data\uav_dataset_color_mild_clean\train\lancet\az270_el-10_dusk_operational_v00.jpg,0.05564373731613159,0.12042951583862305,unknown
lancet,data\uav_dataset_color_mild_clean\train\lancet\az270_el-10_morning_operational_v00.jpg,0.07811522483825684,0.12042951583862305,unknown
lancet,data\uav_dataset_color_mild_clean\train\lancet\az270_el-10_noon_clear_operational_v00.jpg,0.04586334526538849,0.12042951583862305,unknown
lancet,data\uav_dataset_color_mild_clean\train\lancet\az270_el-25_dusk_operational_v00.jpg,0.08742866665124893,0.12042951583862305,unknown
lancet,data\uav_dataset_color_mild_clean\train\lancet\az270_el-25_morning_operational_v00.jpg,0.09393046796321869,0.12042951583862305,unknown
lancet,data\uav_dataset_color_mild_clean\train\lancet\az270_el-25_noon_clear_operational_v00.jpg,0.09056714922189713,0.12042951583862305,unknown
lancet,data\uav_dataset_color_mild_clean\train\lancet\az270_el-45_dusk_operational_v00.jpg,0.10912033170461655,0.12042951583862305,unknown
lancet,data\uav_dataset_color_mild_clean\train\lancet\az270_el-45_morning_operational_v00.jpg,0.09206195175647736,0.12042951583862305,unknown
lancet,data\uav_dataset_color_mild_clean\train\lancet\az270_el-45_noon_clear_operational_v00.jpg,0.07508700340986252,0.12042951583862305,unknown
lancet,data\uav_dataset_color_mild_clean\train\lancet\az270_el-65_dusk_operational_v00.jpg,0.0804489254951477,0.12042951583862305,unknown
lancet,data\uav_dataset_color_mild_clean\train\lancet\az270_el-65_morning_operational_v00.jpg,0.07618636637926102,0.12042951583862305,unknown
lancet,data\uav_dataset_color_mild_clean\train\lancet\az270_el-65_noon_clear_operational_v00.jpg,0.06824402511119843,0.12042951583862305,unknown
lancet,data\uav_dataset_color_mild_clean\train\lancet\az315_el-10_dusk_operational_v00.jpg,0.0637856051325798,0.12042951583862305,unknown
lancet,data\uav_dataset_color_mild_clean\train\lancet\az315_el-10_morning_operational_v00.jpg,0.04385673999786377,0.12042951583862305,unknown
lancet,data\uav_dataset_color_mild_clean\train\lancet\az315_el-10_noon_clear_operational_v00.jpg,0.06851360201835632,0.12042951583862305,unknown
lancet,data\uav_dataset_color_mild_clean\train\lancet\az315_el-25_dusk_operational_v00.jpg,0.08872541040182114,0.12042951583862305,unknown
lancet,data\uav_dataset_color_mild_clean\train\lancet\az315_el-25_morning_operational_v00.jpg,0.07670237123966217,0.12042951583862305,unknown
lancet,data\uav_dataset_color_mild_clean\train\lancet\az315_el-25_noon_clear_operational_v00.jpg,0.07242317497730255,0.12042951583862305,unknown
lancet,data\uav_dataset_color_mild_clean\train\lancet\az315_el-45_dusk_operational_v00.jpg,0.06569397449493408,0.12042951583862305,unknown
lancet,data\uav_dataset_color_mild_clean\train\lancet\az315_el-45_morning_operational_v00.jpg,0.06334493309259415,0.12042951583862305,unknown
lancet,data\uav_dataset_color_mild_clean\train\lancet\az315_el-45_noon_clear_operational_v00.jpg,0.045303404331207275,0.12042951583862305,unknown
lancet,data\uav_dataset_color_mild_clean\train\lancet\az315_el-65_dusk_operational_v00.jpg,0.07107361406087875,0.12042951583862305,unknown
lancet,data\uav_dataset_color_mild_clean\train\lancet\az315_el-65_morning_operational_v00.jpg,0.07540927082300186,0.12042951583862305,unknown
lancet,data\uav_dataset_color_mild_clean\train\lancet\az315_el-65_noon_clear_operational_v00.jpg,0.05722097307443619,0.12042951583862305,unknown
morok_uav_drone_3d_model,data\uav_dataset_color_mild_clean\train\morok_uav_drone_3d_model\az000_el-10_dusk_operational_v00.jpg,-0.0743778645992279,-0.03885447606444359,unknown
morok_uav_drone_3d_model,data\uav_dataset_color_mild_clean\train\morok_uav_drone_3d_model\az000_el-10_morning_operational_v00.jpg,-0.18150287866592407,-0.03885447606444359,unknown
morok_uav_drone_3d_model,data\uav_dataset_color_mild_clean\train\morok_uav_drone_3d_model\az000_el-10_noon_clear_operational_v00.jpg,-0.14197266101837158,-0.03885447606444359,unknown
morok_uav_drone_3d_model,data\uav_dataset_color_mild_clean\train\morok_uav_drone_3d_model\az000_el-25_dusk_operational_v00.jpg,-0.047017164528369904,-0.03885447606444359,unknown
morok_uav_drone_3d_model,data\uav_dataset_color_mild_clean\train\morok_uav_drone_3d_model\az000_el-25_morning_operational_v00.jpg,-0.07596851885318756,-0.03885447606444359,unknown
morok_uav_drone_3d_model,data\uav_dataset_color_mild_clean\train\morok_uav_drone_3d_model\az000_el-25_noon_clear_operational_v00.jpg,-0.03628110885620117,-0.03885447606444359,unknown
morok_uav_drone_3d_model,data\uav_dataset_color_mild_clean\train\morok_uav_drone_3d_model\az000_el-45_dusk_operational_v00.jpg,-0.07378380000591278,-0.03885447606444359,unknown
morok_uav_drone_3d_model,data\uav_dataset_color_mild_clean\train\morok_uav_drone_3d_model\az000_el-45_morning_operational_v00.jpg,-0.05619286000728607,-0.03885447606444359,unknown
morok_uav_drone_3d_model,data\uav_dataset_color_mild_clean\train\morok_uav_drone_3d_model\az000_el-45_noon_clear_operational_v00.jpg,-0.046560030430555344,-0.03885447606444359,unknown
morok_uav_drone_3d_model,data\uav_dataset_color_mild_clean\train\morok_uav_drone_3d_model\az000_el-65_dusk_operational_v00.jpg,-0.06186622381210327,-0.03885447606444359,unknown
morok_uav_drone_3d_model,data\uav_dataset_color_mild_clean\train\morok_uav_drone_3d_model\az000_el-65_morning_operational_v00.jpg,-0.06085002422332764,-0.03885447606444359,unknown
morok_uav_drone_3d_model,data\uav_dataset_color_mild_clean\train\morok_uav_drone_3d_model\az000_el-65_noon_clear_operational_v00.jpg,-0.025840912014245987,-0.03885447606444359,unknown
morok_uav_drone_3d_model,data\uav_dataset_color_mild_clean\train\morok_uav_drone_3d_model\az045_el-10_dusk_operational_v00.jpg,-0.09937149286270142,-0.03885447606444359,unknown
morok_uav_drone_3d_model,data\uav_dataset_color_mild_clean\train\morok_uav_drone_3d_model\az045_el-10_morning_operational_v00.jpg,-0.08067513257265091,-0.03885447606444359,unknown
morok_uav_drone_3d_model,data\uav_dataset_color_mild_clean\train\morok_uav_drone_3d_model\az045_el-10_noon_clear_operational_v00.jpg,-0.11636250466108322,-0.03885447606444359,unknown
morok_uav_drone_3d_model,data\uav_dataset_color_mild_clean\train\morok_uav_drone_3d_model\az045_el-25_dusk_operational_v00.jpg,-0.05199072137475014,-0.03885447606444359,unknown
morok_uav_drone_3d_model,data\uav_dataset_color_mild_clean\train\morok_uav_drone_3d_model\az045_el-25_morning_operational_v00.jpg,-0.04888901114463806,-0.03885447606444359,unknown
morok_uav_drone_3d_model,data\uav_dataset_color_mild_clean\train\morok_uav_drone_3d_model\az045_el-25_noon_clear_operational_v00.jpg,-0.09446314722299576,-0.03885447606444359,unknown
morok_uav_drone_3d_model,data\uav_dataset_color_mild_clean\train\morok_uav_drone_3d_model\az045_el-45_dusk_operational_v00.jpg,-0.07569820433855057,-0.03885447606444359,unknown
morok_uav_drone_3d_model,data\uav_dataset_color_mild_clean\train\morok_uav_drone_3d_model\az045_el-45_morning_operational_v00.jpg,-0.05932948738336563,-0.03885447606444359,unknown
morok_uav_drone_3d_model,data\uav_dataset_color_mild_clean\train\morok_uav_drone_3d_model\az045_el-45_noon_clear_operational_v00.jpg,-0.06524012982845306,-0.03885447606444359,unknown
morok_uav_drone_3d_model,data\uav_dataset_color_mild_clean\train\morok_uav_drone_3d_model\az045_el-65_dusk_operational_v00.jpg,-0.06235241889953613,-0.03885447606444359,unknown
morok_uav_drone_3d_model,data\uav_dataset_color_mild_clean\train\morok_uav_drone_3d_model\az045_el-65_morning_operational_v00.jpg,-0.06279849261045456,-0.03885447606444359,unknown
morok_uav_drone_3d_model,data\uav_dataset_color_mild_clean\train\morok_uav_drone_3d_model\az045_el-65_noon_clear_operational_v00.jpg,-0.07069168984889984,-0.03885447606444359,unknown
morok_uav_drone_3d_model,data\uav_dataset_color_mild_clean\train\morok_uav_drone_3d_model\az090_el-10_dusk_operational_v00.jpg,-0.08834047615528107,-0.03885447606444359,unknown
morok_uav_drone_3d_model,data\uav_dataset_color_mild_clean\train\morok_uav_drone_3d_model\az090_el-10_morning_operational_v00.jpg,-0.09643736481666565,-0.03885447606444359,unknown
morok_uav_drone_3d_model,data\uav_dataset_color_mild_clean\train\morok_uav_drone_3d_model\az090_el-10_noon_clear_operational_v00.jpg,-0.09027186781167984,-0.03885447606444359,unknown
morok_uav_drone_3d_model,data\uav_dataset_color_mild_clean\train\morok_uav_drone_3d_model\az090_el-25_dusk_operational_v00.jpg,-0.06825023144483566,-0.03885447606444359,unknown
morok_uav_drone_3d_model,data\uav_dataset_color_mild_clean\train\morok_uav_drone_3d_model\az090_el-25_morning_operational_v00.jpg,-0.06645377725362778,-0.03885447606444359,unknown
morok_uav_drone_3d_model,data\uav_dataset_color_mild_clean\train\morok_uav_drone_3d_model\az090_el-25_noon_clear_operational_v00.jpg,-0.0750977024435997,-0.03885447606444359,unknown
morok_uav_drone_3d_model,data\uav_dataset_color_mild_clean\train\morok_uav_drone_3d_model\az090_el-45_dusk_operational_v00.jpg,-0.06702270358800888,-0.03885447606444359,unknown
morok_uav_drone_3d_model,data\uav_dataset_color_mild_clean\train\morok_uav_drone_3d_model\az090_el-45_morning_operational_v00.jpg,-0.07384619116783142,-0.03885447606444359,unknown
morok_uav_drone_3d_model,data\uav_dataset_color_mild_clean\train\morok_uav_drone_3d_model\az090_el-45_noon_clear_operational_v00.jpg,-0.057157471776008606,-0.03885447606444359,unknown
morok_uav_drone_3d_model,data\uav_dataset_color_mild_clean\train\morok_uav_drone_3d_model\az090_el-65_dusk_operational_v00.jpg,-0.0761675089597702,-0.03885447606444359,unknown
morok_uav_drone_3d_model,data\uav_dataset_color_mild_clean\train\morok_uav_drone_3d_model\az090_el-65_morning_operational_v00.jpg,-0.09573429822921753,-0.03885447606444359,unknown
morok_uav_drone_3d_model,data\uav_dataset_color_mild_clean\train\morok_uav_drone_3d_model\az090_el-65_noon_clear_operational_v00.jpg,-0.09660271555185318,-0.03885447606444359,unknown
morok_uav_drone_3d_model,data\uav_dataset_color_mild_clean\train\morok_uav_drone_3d_model\az135_el-10_dusk_operational_v00.jpg,-0.08620259165763855,-0.03885447606444359,unknown
morok_uav_drone_3d_model,data\uav_dataset_color_mild_clean\train\morok_uav_drone_3d_model\az135_el-10_morning_operational_v00.jpg,-0.048404961824417114,-0.03885447606444359,unknown
morok_uav_drone_3d_model,data\uav_dataset_color_mild_clean\train\morok_uav_drone_3d_model\az135_el-10_noon_clear_operational_v00.jpg,-0.15541191399097443,-0.03885447606444359,unknown
morok_uav_drone_3d_model,data\uav_dataset_color_mild_clean\train\morok_uav_drone_3d_model\az135_el-25_dusk_operational_v00.jpg,-0.07409842312335968,-0.03885447606444359,unknown
morok_uav_drone_3d_model,data\uav_dataset_color_mild_clean\train\morok_uav_drone_3d_model\az135_el-25_morning_operational_v00.jpg,-0.050784382969141006,-0.03885447606444359,unknown
morok_uav_drone_3d_model,data\uav_dataset_color_mild_clean\train\morok_uav_drone_3d_model\az135_el-25_noon_clear_operational_v00.jpg,-0.03857317566871643,-0.03885447606444359,unknown
morok_uav_drone_3d_model,data\uav_dataset_color_mild_clean\train\morok_uav_drone_3d_model\az135_el-45_dusk_operational_v00.jpg,-0.0921945720911026,-0.03885447606444359,unknown
morok_uav_drone_3d_model,data\uav_dataset_color_mild_clean\train\morok_uav_drone_3d_model\az135_el-45_morning_operational_v00.jpg,-0.07808318734169006,-0.03885447606444359,unknown
morok_uav_drone_3d_model,data\uav_dataset_color_mild_clean\train\morok_uav_drone_3d_model\az135_el-45_noon_clear_operational_v00.jpg,-0.049342408776283264,-0.03885447606444359,unknown
morok_uav_drone_3d_model,data\uav_dataset_color_mild_clean\train\morok_uav_drone_3d_model\az135_el-65_dusk_operational_v00.jpg,-0.05433005839586258,-0.03885447606444359,unknown
morok_uav_drone_3d_model,data\uav_dataset_color_mild_clean\train\morok_uav_drone_3d_model\az135_el-65_morning_operational_v00.jpg,-0.07137598097324371,-0.03885447606444359,unknown
morok_uav_drone_3d_model,data\uav_dataset_color_mild_clean\train\morok_uav_drone_3d_model\az135_el-65_noon_clear_operational_v00.jpg,-0.04820393770933151,-0.03885447606444359,unknown
morok_uav_drone_3d_model,data\uav_dataset_color_mild_clean\train\morok_uav_drone_3d_model\az180_el-10_dusk_operational_v00.jpg,-0.10609244555234909,-0.03885447606444359,unknown
morok_uav_drone_3d_model,data\uav_dataset_color_mild_clean\train\morok_uav_drone_3d_model\az180_el-10_morning_operational_v00.jpg,-0.11135505884885788,-0.03885447606444359,unknown
morok_uav_drone_3d_model,data\uav_dataset_color_mild_clean\train\morok_uav_drone_3d_model\az180_el-10_noon_clear_operational_v00.jpg,-0.0776284784078598,-0.03885447606444359,unknown
morok_uav_drone_3d_model,data\uav_dataset_color_mild_clean\train\morok_uav_drone_3d_model\az180_el-25_dusk_operational_v00.jpg,-0.08782345056533813,-0.03885447606444359,unknown
morok_uav_drone_3d_model,data\uav_dataset_color_mild_clean\train\morok_uav_drone_3d_model\az180_el-25_morning_operational_v00.jpg,-0.05564854294061661,-0.03885447606444359,unknown
morok_uav_drone_3d_model,data\uav_dataset_color_mild_clean\train\morok_uav_drone_3d_model\az180_el-25_noon_clear_operational_v00.jpg,-0.057697877287864685,-0.03885447606444359,unknown
morok_uav_drone_3d_model,data\uav_dataset_color_mild_clean\train\morok_uav_drone_3d_model\az180_el-45_dusk_operational_v00.jpg,-0.050935517996549606,-0.03885447606444359,unknown
morok_uav_drone_3d_model,data\uav_dataset_color_mild_clean\train\morok_uav_drone_3d_model\az180_el-45_morning_operational_v00.jpg,-0.06341931968927383,-0.03885447606444359,unknown
morok_uav_drone_3d_model,data\uav_dataset_color_mild_clean\train\morok_uav_drone_3d_model\az180_el-45_noon_clear_operational_v00.jpg,-0.06817781925201416,-0.03885447606444359,unknown
morok_uav_drone_3d_model,data\uav_dataset_color_mild_clean\train\morok_uav_drone_3d_model\az180_el-65_dusk_operational_v00.jpg,-0.07777677476406097,-0.03885447606444359,unknown
morok_uav_drone_3d_model,data\uav_dataset_color_mild_clean\train\morok_uav_drone_3d_model\az180_el-65_morning_operational_v00.jpg,-0.06101376935839653,-0.03885447606444359,unknown
morok_uav_drone_3d_model,data\uav_dataset_color_mild_clean\train\morok_uav_drone_3d_model\az180_el-65_noon_clear_operational_v00.jpg,-0.0532977357506752,-0.03885447606444359,unknown
morok_uav_drone_3d_model,data\uav_dataset_color_mild_clean\train\morok_uav_drone_3d_model\az225_el-10_dusk_operational_v00.jpg,-0.08313999325037003,-0.03885447606444359,unknown
morok_uav_drone_3d_model,data\uav_dataset_color_mild_clean\train\morok_uav_drone_3d_model\az225_el-10_morning_operational_v00.jpg,-0.14218898117542267,-0.03885447606444359,unknown
morok_uav_drone_3d_model,data\uav_dataset_color_mild_clean\train\morok_uav_drone_3d_model\az225_el-10_noon_clear_operational_v00.jpg,-0.19368629157543182,-0.03885447606444359,unknown
morok_uav_drone_3d_model,data\uav_dataset_color_mild_clean\train\morok_uav_drone_3d_model\az225_el-25_dusk_operational_v00.jpg,-0.06286057084798813,-0.03885447606444359,unknown
morok_uav_drone_3d_model,data\uav_dataset_color_mild_clean\train\morok_uav_drone_3d_model\az225_el-25_morning_operational_v00.jpg,-0.0713258683681488,-0.03885447606444359,unknown
morok_uav_drone_3d_model,data\uav_dataset_color_mild_clean\train\morok_uav_drone_3d_model\az225_el-25_noon_clear_operational_v00.jpg,-0.0803634524345398,-0.03885447606444359,unknown
morok_uav_drone_3d_model,data\uav_dataset_color_mild_clean\train\morok_uav_drone_3d_model\az225_el-45_dusk_operational_v00.jpg,-0.05935806408524513,-0.03885447606444359,unknown
morok_uav_drone_3d_model,data\uav_dataset_color_mild_clean\train\morok_uav_drone_3d_model\az225_el-45_morning_operational_v00.jpg,-0.08385400474071503,-0.03885447606444359,unknown
morok_uav_drone_3d_model,data\uav_dataset_color_mild_clean\train\morok_uav_drone_3d_model\az225_el-45_noon_clear_operational_v00.jpg,-0.08272619545459747,-0.03885447606444359,unknown
morok_uav_drone_3d_model,data\uav_dataset_color_mild_clean\train\morok_uav_drone_3d_model\az225_el-65_dusk_operational_v00.jpg,-0.06514263153076172,-0.03885447606444359,unknown
morok_uav_drone_3d_model,data\uav_dataset_color_mild_clean\train\morok_uav_drone_3d_model\az225_el-65_morning_operational_v00.jpg,-0.05731666088104248,-0.03885447606444359,unknown
morok_uav_drone_3d_model,data\uav_dataset_color_mild_clean\train\morok_uav_drone_3d_model\az225_el-65_noon_clear_operational_v00.jpg,-0.06764461100101471,-0.03885447606444359,unknown
morok_uav_drone_3d_model,data\uav_dataset_color_mild_clean\train\morok_uav_drone_3d_model\az270_el-10_dusk_operational_v00.jpg,-0.07117320597171783,-0.03885447606444359,unknown
morok_uav_drone_3d_model,data\uav_dataset_color_mild_clean\train\morok_uav_drone_3d_model\az270_el-10_morning_operational_v00.jpg,-0.09105828404426575,-0.03885447606444359,unknown
morok_uav_drone_3d_model,data\uav_dataset_color_mild_clean\train\morok_uav_drone_3d_model\az270_el-10_noon_clear_operational_v00.jpg,-0.16405275464057922,-0.03885447606444359,unknown
morok_uav_drone_3d_model,data\uav_dataset_color_mild_clean\train\morok_uav_drone_3d_model\az270_el-25_dusk_operational_v00.jpg,-0.05181705579161644,-0.03885447606444359,unknown
morok_uav_drone_3d_model,data\uav_dataset_color_mild_clean\train\morok_uav_drone_3d_model\az270_el-25_morning_operational_v00.jpg,-0.06204342097043991,-0.03885447606444359,unknown
morok_uav_drone_3d_model,data\uav_dataset_color_mild_clean\train\morok_uav_drone_3d_model\az270_el-25_noon_clear_operational_v00.jpg,-0.07616818696260452,-0.03885447606444359,unknown
morok_uav_drone_3d_model,data\uav_dataset_color_mild_clean\train\morok_uav_drone_3d_model\az270_el-45_dusk_operational_v00.jpg,-0.049244776368141174,-0.03885447606444359,unknown
morok_uav_drone_3d_model,data\uav_dataset_color_mild_clean\train\morok_uav_drone_3d_model\az270_el-45_morning_operational_v00.jpg,-0.049907419830560684,-0.03885447606444359,unknown
morok_uav_drone_3d_model,data\uav_dataset_color_mild_clean\train\morok_uav_drone_3d_model\az270_el-45_noon_clear_operational_v00.jpg,-0.0651697888970375,-0.03885447606444359,unknown
morok_uav_drone_3d_model,data\uav_dataset_color_mild_clean\train\morok_uav_drone_3d_model\az270_el-65_dusk_operational_v00.jpg,-0.06274513900279999,-0.03885447606444359,unknown
morok_uav_drone_3d_model,data\uav_dataset_color_mild_clean\train\morok_uav_drone_3d_model\az270_el-65_morning_operational_v00.jpg,-0.06663240492343903,-0.03885447606444359,unknown
morok_uav_drone_3d_model,data\uav_dataset_color_mild_clean\train\morok_uav_drone_3d_model\az270_el-65_noon_clear_operational_v00.jpg,-0.08407669514417648,-0.03885447606444359,unknown
morok_uav_drone_3d_model,data\uav_dataset_color_mild_clean\train\morok_uav_drone_3d_model\az315_el-10_dusk_operational_v00.jpg,-0.05974884703755379,-0.03885447606444359,unknown
morok_uav_drone_3d_model,data\uav_dataset_color_mild_clean\train\morok_uav_drone_3d_model\az315_el-10_morning_operational_v00.jpg,-0.09431638568639755,-0.03885447606444359,unknown
morok_uav_drone_3d_model,data\uav_dataset_color_mild_clean\train\morok_uav_drone_3d_model\az315_el-10_noon_clear_operational_v00.jpg,-0.07468953728675842,-0.03885447606444359,unknown
morok_uav_drone_3d_model,data\uav_dataset_color_mild_clean\train\morok_uav_drone_3d_model\az315_el-25_dusk_operational_v00.jpg,-0.075209841132164,-0.03885447606444359,unknown
morok_uav_drone_3d_model,data\uav_dataset_color_mild_clean\train\morok_uav_drone_3d_model\az315_el-25_morning_operational_v00.jpg,-0.06386120617389679,-0.03885447606444359,unknown
morok_uav_drone_3d_model,data\uav_dataset_color_mild_clean\train\morok_uav_drone_3d_model\az315_el-25_noon_clear_operational_v00.jpg,-0.05011722445487976,-0.03885447606444359,unknown
morok_uav_drone_3d_model,data\uav_dataset_color_mild_clean\train\morok_uav_drone_3d_model\az315_el-45_dusk_operational_v00.jpg,-0.05968395993113518,-0.03885447606444359,unknown
morok_uav_drone_3d_model,data\uav_dataset_color_mild_clean\train\morok_uav_drone_3d_model\az315_el-45_morning_operational_v00.jpg,-0.07876370847225189,-0.03885447606444359,unknown
morok_uav_drone_3d_model,data\uav_dataset_color_mild_clean\train\morok_uav_drone_3d_model\az315_el-45_noon_clear_operational_v00.jpg,-0.0825783982872963,-0.03885447606444359,unknown
morok_uav_drone_3d_model,data\uav_dataset_color_mild_clean\train\morok_uav_drone_3d_model\az315_el-65_dusk_operational_v00.jpg,-0.05233593285083771,-0.03885447606444359,unknown
morok_uav_drone_3d_model,data\uav_dataset_color_mild_clean\train\morok_uav_drone_3d_model\az315_el-65_morning_operational_v00.jpg,-0.06511290371417999,-0.03885447606444359,unknown
morok_uav_drone_3d_model,data\uav_dataset_color_mild_clean\train\morok_uav_drone_3d_model\az315_el-65_noon_clear_operational_v00.jpg,-0.08939129114151001,-0.03885447606444359,unknown
mq-1_uav_war_thunder,data\uav_dataset_color_mild_clean\train\mq-1_uav_war_thunder\az000_el-10_dusk_operational_v00.jpg,-0.27845171093940735,0.015689652413129807,unknown
mq-1_uav_war_thunder,data\uav_dataset_color_mild_clean\train\mq-1_uav_war_thunder\az000_el-10_morning_operational_v00.jpg,-0.08015118539333344,0.015689652413129807,unknown
mq-1_uav_war_thunder,data\uav_dataset_color_mild_clean\train\mq-1_uav_war_thunder\az000_el-10_noon_clear_operational_v00.jpg,0.015350259840488434,0.015689652413129807,unknown
mq-1_uav_war_thunder,data\uav_dataset_color_mild_clean\train\mq-1_uav_war_thunder\az000_el-25_dusk_operational_v00.jpg,-0.16678905487060547,0.015689652413129807,unknown
mq-1_uav_war_thunder,data\uav_dataset_color_mild_clean\train\mq-1_uav_war_thunder\az000_el-25_morning_operational_v00.jpg,-0.06660492718219757,0.015689652413129807,unknown
mq-1_uav_war_thunder,data\uav_dataset_color_mild_clean\train\mq-1_uav_war_thunder\az000_el-25_noon_clear_operational_v00.jpg,-0.1298547089099884,0.015689652413129807,unknown
mq-1_uav_war_thunder,data\uav_dataset_color_mild_clean\train\mq-1_uav_war_thunder\az000_el-45_dusk_operational_v00.jpg,-0.12279710173606873,0.015689652413129807,unknown
mq-1_uav_war_thunder,data\uav_dataset_color_mild_clean\train\mq-1_uav_war_thunder\az000_el-45_morning_operational_v00.jpg,-0.09610003978013992,0.015689652413129807,unknown
mq-1_uav_war_thunder,data\uav_dataset_color_mild_clean\train\mq-1_uav_war_thunder\az000_el-45_noon_clear_operational_v00.jpg,-0.05275580286979675,0.015689652413129807,unknown
mq-1_uav_war_thunder,data\uav_dataset_color_mild_clean\train\mq-1_uav_war_thunder\az000_el-65_dusk_operational_v00.jpg,-0.16924425959587097,0.015689652413129807,unknown
mq-1_uav_war_thunder,data\uav_dataset_color_mild_clean\train\mq-1_uav_war_thunder\az000_el-65_morning_operational_v00.jpg,-0.12504690885543823,0.015689652413129807,unknown
mq-1_uav_war_thunder,data\uav_dataset_color_mild_clean\train\mq-1_uav_war_thunder\az000_el-65_noon_clear_operational_v00.jpg,-0.13536107540130615,0.015689652413129807,unknown
mq-1_uav_war_thunder,data\uav_dataset_color_mild_clean\train\mq-1_uav_war_thunder\az045_el-10_dusk_operational_v00.jpg,-0.12451516836881638,0.015689652413129807,unknown
mq-1_uav_war_thunder,data\uav_dataset_color_mild_clean\train\mq-1_uav_war_thunder\az045_el-10_morning_operational_v00.jpg,-0.030095838010311127,0.015689652413129807,unknown
mq-1_uav_war_thunder,data\uav_dataset_color_mild_clean\train\mq-1_uav_war_thunder\az045_el-10_noon_clear_operational_v00.jpg,-0.25005799531936646,0.015689652413129807,unknown
mq-1_uav_war_thunder,data\uav_dataset_color_mild_clean\train\mq-1_uav_war_thunder\az045_el-25_dusk_operational_v00.jpg,-0.05470329895615578,0.015689652413129807,unknown
mq-1_uav_war_thunder,data\uav_dataset_color_mild_clean\train\mq-1_uav_war_thunder\az045_el-25_morning_operational_v00.jpg,-0.1715795248746872,0.015689652413129807,unknown
mq-1_uav_war_thunder,data\uav_dataset_color_mild_clean\train\mq-1_uav_war_thunder\az045_el-25_noon_clear_operational_v00.jpg,-0.05631835013628006,0.015689652413129807,unknown
mq-1_uav_war_thunder,data\uav_dataset_color_mild_clean\train\mq-1_uav_war_thunder\az045_el-45_dusk_operational_v00.jpg,-0.00712965801358223,0.015689652413129807,unknown
mq-1_uav_war_thunder,data\uav_dataset_color_mild_clean\train\mq-1_uav_war_thunder\az045_el-45_morning_operational_v00.jpg,-0.11653973907232285,0.015689652413129807,unknown
mq-1_uav_war_thunder,data\uav_dataset_color_mild_clean\train\mq-1_uav_war_thunder\az045_el-45_noon_clear_operational_v00.jpg,-0.013240672647953033,0.015689652413129807,unknown
mq-1_uav_war_thunder,data\uav_dataset_color_mild_clean\train\mq-1_uav_war_thunder\az045_el-65_dusk_operational_v00.jpg,-0.09171953797340393,0.015689652413129807,unknown
mq-1_uav_war_thunder,data\uav_dataset_color_mild_clean\train\mq-1_uav_war_thunder\az045_el-65_morning_operational_v00.jpg,-0.16334354877471924,0.015689652413129807,unknown
mq-1_uav_war_thunder,data\uav_dataset_color_mild_clean\train\mq-1_uav_war_thunder\az045_el-65_noon_clear_operational_v00.jpg,-0.05924917384982109,0.015689652413129807,unknown
mq-1_uav_war_thunder,data\uav_dataset_color_mild_clean\train\mq-1_uav_war_thunder\az090_el-10_dusk_operational_v00.jpg,-0.1318194419145584,0.015689652413129807,unknown
mq-1_uav_war_thunder,data\uav_dataset_color_mild_clean\train\mq-1_uav_war_thunder\az090_el-10_morning_operational_v00.jpg,-0.0007156897336244583,0.015689652413129807,unknown
mq-1_uav_war_thunder,data\uav_dataset_color_mild_clean\train\mq-1_uav_war_thunder\az090_el-10_noon_clear_operational_v00.jpg,-0.016140399500727654,0.015689652413129807,unknown
mq-1_uav_war_thunder,data\uav_dataset_color_mild_clean\train\mq-1_uav_war_thunder\az090_el-25_dusk_operational_v00.jpg,-0.12155728042125702,0.015689652413129807,unknown
mq-1_uav_war_thunder,data\uav_dataset_color_mild_clean\train\mq-1_uav_war_thunder\az090_el-25_morning_operational_v00.jpg,-0.0587586909532547,0.015689652413129807,unknown
mq-1_uav_war_thunder,data\uav_dataset_color_mild_clean\train\mq-1_uav_war_thunder\az090_el-25_noon_clear_operational_v00.jpg,-0.03507409244775772,0.015689652413129807,unknown
mq-1_uav_war_thunder,data\uav_dataset_color_mild_clean\train\mq-1_uav_war_thunder\az090_el-45_dusk_operational_v00.jpg,-0.15082310140132904,0.015689652413129807,unknown
mq-1_uav_war_thunder,data\uav_dataset_color_mild_clean\train\mq-1_uav_war_thunder\az090_el-45_morning_operational_v00.jpg,-0.057201508432626724,0.015689652413129807,unknown
mq-1_uav_war_thunder,data\uav_dataset_color_mild_clean\train\mq-1_uav_war_thunder\az090_el-45_noon_clear_operational_v00.jpg,-0.06357347965240479,0.015689652413129807,unknown
mq-1_uav_war_thunder,data\uav_dataset_color_mild_clean\train\mq-1_uav_war_thunder\az090_el-65_dusk_operational_v00.jpg,-0.02197621576488018,0.015689652413129807,unknown
mq-1_uav_war_thunder,data\uav_dataset_color_mild_clean\train\mq-1_uav_war_thunder\az090_el-65_morning_operational_v00.jpg,-0.03223215788602829,0.015689652413129807,unknown
mq-1_uav_war_thunder,data\uav_dataset_color_mild_clean\train\mq-1_uav_war_thunder\az090_el-65_noon_clear_operational_v00.jpg,-0.10233946144580841,0.015689652413129807,unknown
mq-1_uav_war_thunder,data\uav_dataset_color_mild_clean\train\mq-1_uav_war_thunder\az135_el-10_dusk_operational_v00.jpg,0.0003353506326675415,0.015689652413129807,unknown
mq-1_uav_war_thunder,data\uav_dataset_color_mild_clean\train\mq-1_uav_war_thunder\az135_el-10_morning_operational_v00.jpg,-0.2094208002090454,0.015689652413129807,unknown
mq-1_uav_war_thunder,data\uav_dataset_color_mild_clean\train\mq-1_uav_war_thunder\az135_el-10_noon_clear_operational_v00.jpg,-0.0042016468942165375,0.015689652413129807,unknown
mq-1_uav_war_thunder,data\uav_dataset_color_mild_clean\train\mq-1_uav_war_thunder\az135_el-25_dusk_operational_v00.jpg,-0.022412244230508804,0.015689652413129807,unknown
mq-1_uav_war_thunder,data\uav_dataset_color_mild_clean\train\mq-1_uav_war_thunder\az135_el-25_morning_operational_v00.jpg,-0.015861285850405693,0.015689652413129807,unknown
mq-1_uav_war_thunder,data\uav_dataset_color_mild_clean\train\mq-1_uav_war_thunder\az135_el-25_noon_clear_operational_v00.jpg,-0.07849357277154922,0.015689652413129807,unknown
mq-1_uav_war_thunder,data\uav_dataset_color_mild_clean\train\mq-1_uav_war_thunder\az135_el-45_dusk_operational_v00.jpg,-0.06572364270687103,0.015689652413129807,unknown
mq-1_uav_war_thunder,data\uav_dataset_color_mild_clean\train\mq-1_uav_war_thunder\az135_el-45_morning_operational_v00.jpg,-0.17701971530914307,0.015689652413129807,unknown
mq-1_uav_war_thunder,data\uav_dataset_color_mild_clean\train\mq-1_uav_war_thunder\az135_el-45_noon_clear_operational_v00.jpg,-0.031301163136959076,0.015689652413129807,unknown
mq-1_uav_war_thunder,data\uav_dataset_color_mild_clean\train\mq-1_uav_war_thunder\az135_el-65_dusk_operational_v00.jpg,-0.02936970442533493,0.015689652413129807,unknown
mq-1_uav_war_thunder,data\uav_dataset_color_mild_clean\train\mq-1_uav_war_thunder\az135_el-65_morning_operational_v00.jpg,-0.03073493391275406,0.015689652413129807,unknown
mq-1_uav_war_thunder,data\uav_dataset_color_mild_clean\train\mq-1_uav_war_thunder\az135_el-65_noon_clear_operational_v00.jpg,-0.04693450778722763,0.015689652413129807,unknown
mq-1_uav_war_thunder,data\uav_dataset_color_mild_clean\train\mq-1_uav_war_thunder\az180_el-10_dusk_operational_v00.jpg,-0.017674285918474197,0.015689652413129807,unknown
mq-1_uav_war_thunder,data\uav_dataset_color_mild_clean\train\mq-1_uav_war_thunder\az180_el-10_morning_operational_v00.jpg,-0.0772276520729065,0.015689652413129807,unknown
mq-1_uav_war_thunder,data\uav_dataset_color_mild_clean\train\mq-1_uav_war_thunder\az180_el-10_noon_clear_operational_v00.jpg,-0.11340945959091187,0.015689652413129807,unknown
mq-1_uav_war_thunder,data\uav_dataset_color_mild_clean\train\mq-1_uav_war_thunder\az180_el-25_dusk_operational_v00.jpg,-0.1447821706533432,0.015689652413129807,unknown
mq-1_uav_war_thunder,data\uav_dataset_color_mild_clean\train\mq-1_uav_war_thunder\az180_el-25_morning_operational_v00.jpg,-0.025852523744106293,0.015689652413129807,unknown
mq-1_uav_war_thunder,data\uav_dataset_color_mild_clean\train\mq-1_uav_war_thunder\az180_el-25_noon_clear_operational_v00.jpg,-0.17459438741207123,0.015689652413129807,unknown
mq-1_uav_war_thunder,data\uav_dataset_color_mild_clean\train\mq-1_uav_war_thunder\az180_el-45_dusk_operational_v00.jpg,-0.11493358016014099,0.015689652413129807,unknown
mq-1_uav_war_thunder,data\uav_dataset_color_mild_clean\train\mq-1_uav_war_thunder\az180_el-45_morning_operational_v00.jpg,-0.021312180906534195,0.015689652413129807,unknown
mq-1_uav_war_thunder,data\uav_dataset_color_mild_clean\train\mq-1_uav_war_thunder\az180_el-45_noon_clear_operational_v00.jpg,-0.04554452374577522,0.015689652413129807,unknown
mq-1_uav_war_thunder,data\uav_dataset_color_mild_clean\train\mq-1_uav_war_thunder\az180_el-65_dusk_operational_v00.jpg,0.000870819203555584,0.015689652413129807,unknown
mq-1_uav_war_thunder,data\uav_dataset_color_mild_clean\train\mq-1_uav_war_thunder\az180_el-65_morning_operational_v00.jpg,-0.11118921637535095,0.015689652413129807,unknown
mq-1_uav_war_thunder,data\uav_dataset_color_mild_clean\train\mq-1_uav_war_thunder\az180_el-65_noon_clear_operational_v00.jpg,-0.08665197342634201,0.015689652413129807,unknown
mq-1_uav_war_thunder,data\uav_dataset_color_mild_clean\train\mq-1_uav_war_thunder\az225_el-10_dusk_operational_v00.jpg,-0.16492615640163422,0.015689652413129807,unknown
mq-1_uav_war_thunder,data\uav_dataset_color_mild_clean\train\mq-1_uav_war_thunder\az225_el-10_morning_operational_v00.jpg,-0.1523028314113617,0.015689652413129807,unknown
mq-1_uav_war_thunder,data\uav_dataset_color_mild_clean\train\mq-1_uav_war_thunder\az225_el-10_noon_clear_operational_v00.jpg,-0.061286866664886475,0.015689652413129807,unknown
mq-1_uav_war_thunder,data\uav_dataset_color_mild_clean\train\mq-1_uav_war_thunder\az225_el-25_dusk_operational_v00.jpg,-0.022766059264540672,0.015689652413129807,unknown
mq-1_uav_war_thunder,data\uav_dataset_color_mild_clean\train\mq-1_uav_war_thunder\az225_el-25_morning_operational_v00.jpg,-0.036652952432632446,0.015689652413129807,unknown
mq-1_uav_war_thunder,data\uav_dataset_color_mild_clean\train\mq-1_uav_war_thunder\az225_el-25_noon_clear_operational_v00.jpg,-0.06669849157333374,0.015689652413129807,unknown
mq-1_uav_war_thunder,data\uav_dataset_color_mild_clean\train\mq-1_uav_war_thunder\az225_el-45_dusk_operational_v00.jpg,-0.04589128494262695,0.015689652413129807,unknown
mq-1_uav_war_thunder,data\uav_dataset_color_mild_clean\train\mq-1_uav_war_thunder\az225_el-45_morning_operational_v00.jpg,-0.07428772747516632,0.015689652413129807,unknown
mq-1_uav_war_thunder,data\uav_dataset_color_mild_clean\train\mq-1_uav_war_thunder\az225_el-45_noon_clear_operational_v00.jpg,-0.08870413899421692,0.015689652413129807,unknown
mq-1_uav_war_thunder,data\uav_dataset_color_mild_clean\train\mq-1_uav_war_thunder\az225_el-65_dusk_operational_v00.jpg,-0.029142094776034355,0.015689652413129807,unknown
mq-1_uav_war_thunder,data\uav_dataset_color_mild_clean\train\mq-1_uav_war_thunder\az225_el-65_morning_operational_v00.jpg,-0.06601405143737793,0.015689652413129807,unknown
mq-1_uav_war_thunder,data\uav_dataset_color_mild_clean\train\mq-1_uav_war_thunder\az225_el-65_noon_clear_operational_v00.jpg,-0.0035148952156305313,0.015689652413129807,unknown
mq-1_uav_war_thunder,data\uav_dataset_color_mild_clean\train\mq-1_uav_war_thunder\az270_el-10_dusk_operational_v00.jpg,-0.11440187692642212,0.015689652413129807,unknown
mq-1_uav_war_thunder,data\uav_dataset_color_mild_clean\train\mq-1_uav_war_thunder\az270_el-10_morning_operational_v00.jpg,-0.05951788276433945,0.015689652413129807,unknown
mq-1_uav_war_thunder,data\uav_dataset_color_mild_clean\train\mq-1_uav_war_thunder\az270_el-10_noon_clear_operational_v00.jpg,-0.016159184277057648,0.015689652413129807,unknown
mq-1_uav_war_thunder,data\uav_dataset_color_mild_clean\train\mq-1_uav_war_thunder\az270_el-25_dusk_operational_v00.jpg,-0.03637270629405975,0.015689652413129807,unknown
mq-1_uav_war_thunder,data\uav_dataset_color_mild_clean\train\mq-1_uav_war_thunder\az270_el-25_morning_operational_v00.jpg,0.017471179366111755,0.015689652413129807,unknown
mq-1_uav_war_thunder,data\uav_dataset_color_mild_clean\train\mq-1_uav_war_thunder\az270_el-25_noon_clear_operational_v00.jpg,-0.02125793881714344,0.015689652413129807,unknown
mq-1_uav_war_thunder,data\uav_dataset_color_mild_clean\train\mq-1_uav_war_thunder\az270_el-45_dusk_operational_v00.jpg,0.0017172954976558685,0.015689652413129807,unknown
mq-1_uav_war_thunder,data\uav_dataset_color_mild_clean\train\mq-1_uav_war_thunder\az270_el-45_morning_operational_v00.jpg,-0.10329045355319977,0.015689652413129807,unknown
mq-1_uav_war_thunder,data\uav_dataset_color_mild_clean\train\mq-1_uav_war_thunder\az270_el-45_noon_clear_operational_v00.jpg,-0.08100484311580658,0.015689652413129807,unknown
mq-1_uav_war_thunder,data\uav_dataset_color_mild_clean\train\mq-1_uav_war_thunder\az270_el-65_dusk_operational_v00.jpg,-0.05364745110273361,0.015689652413129807,unknown
mq-1_uav_war_thunder,data\uav_dataset_color_mild_clean\train\mq-1_uav_war_thunder\az270_el-65_morning_operational_v00.jpg,-0.007666941732168198,0.015689652413129807,unknown
mq-1_uav_war_thunder,data\uav_dataset_color_mild_clean\train\mq-1_uav_war_thunder\az270_el-65_noon_clear_operational_v00.jpg,0.0033010244369506836,0.015689652413129807,unknown
mq-1_uav_war_thunder,data\uav_dataset_color_mild_clean\train\mq-1_uav_war_thunder\az315_el-10_dusk_operational_v00.jpg,-0.0556635819375515,0.015689652413129807,unknown
mq-1_uav_war_thunder,data\uav_dataset_color_mild_clean\train\mq-1_uav_war_thunder\az315_el-10_morning_operational_v00.jpg,0.04060850292444229,0.015689652413129807,unknown
mq-1_uav_war_thunder,data\uav_dataset_color_mild_clean\train\mq-1_uav_war_thunder\az315_el-10_noon_clear_operational_v00.jpg,-0.15344452857971191,0.015689652413129807,unknown
mq-1_uav_war_thunder,data\uav_dataset_color_mild_clean\train\mq-1_uav_war_thunder\az315_el-25_dusk_operational_v00.jpg,-0.009823989123106003,0.015689652413129807,unknown
mq-1_uav_war_thunder,data\uav_dataset_color_mild_clean\train\mq-1_uav_war_thunder\az315_el-25_morning_operational_v00.jpg,-0.05037935823202133,0.015689652413129807,unknown
mq-1_uav_war_thunder,data\uav_dataset_color_mild_clean\train\mq-1_uav_war_thunder\az315_el-25_noon_clear_operational_v00.jpg,-0.12947537004947662,0.015689652413129807,unknown
mq-1_uav_war_thunder,data\uav_dataset_color_mild_clean\train\mq-1_uav_war_thunder\az315_el-45_dusk_operational_v00.jpg,-0.0981091856956482,0.015689652413129807,unknown
mq-1_uav_war_thunder,data\uav_dataset_color_mild_clean\train\mq-1_uav_war_thunder\az315_el-45_morning_operational_v00.jpg,-0.005493052303791046,0.015689652413129807,unknown
mq-1_uav_war_thunder,data\uav_dataset_color_mild_clean\train\mq-1_uav_war_thunder\az315_el-45_noon_clear_operational_v00.jpg,-0.07977071404457092,0.015689652413129807,unknown
mq-1_uav_war_thunder,data\uav_dataset_color_mild_clean\train\mq-1_uav_war_thunder\az315_el-65_dusk_operational_v00.jpg,-0.04653962701559067,0.015689652413129807,unknown
mq-1_uav_war_thunder,data\uav_dataset_color_mild_clean\train\mq-1_uav_war_thunder\az315_el-65_morning_operational_v00.jpg,-0.07730434834957123,0.015689652413129807,unknown
mq-1_uav_war_thunder,data\uav_dataset_color_mild_clean\train\mq-1_uav_war_thunder\az315_el-65_noon_clear_operational_v00.jpg,-0.019319185987114906,0.015689652413129807,unknown
mq-9_reaper,data\uav_dataset_color_mild_clean\train\mq-9_reaper\az000_el-10_dusk_operational_v00.jpg,-0.0766599103808403,0.022679930552840233,unknown
mq-9_reaper,data\uav_dataset_color_mild_clean\train\mq-9_reaper\az000_el-10_morning_operational_v00.jpg,-0.045846473425626755,0.022679930552840233,unknown
mq-9_reaper,data\uav_dataset_color_mild_clean\train\mq-9_reaper\az000_el-10_noon_clear_operational_v00.jpg,-0.06365982443094254,0.022679930552840233,unknown
mq-9_reaper,data\uav_dataset_color_mild_clean\train\mq-9_reaper\az000_el-25_dusk_operational_v00.jpg,-0.12563000619411469,0.022679930552840233,unknown
mq-9_reaper,data\uav_dataset_color_mild_clean\train\mq-9_reaper\az000_el-25_morning_operational_v00.jpg,-0.032036323100328445,0.022679930552840233,unknown
mq-9_reaper,data\uav_dataset_color_mild_clean\train\mq-9_reaper\az000_el-25_noon_clear_operational_v00.jpg,-0.051877710968256,0.022679930552840233,unknown
mq-9_reaper,data\uav_dataset_color_mild_clean\train\mq-9_reaper\az000_el-45_dusk_operational_v00.jpg,-0.07094422727823257,0.022679930552840233,unknown
mq-9_reaper,data\uav_dataset_color_mild_clean\train\mq-9_reaper\az000_el-45_morning_operational_v00.jpg,-0.01027010940015316,0.022679930552840233,unknown
mq-9_reaper,data\uav_dataset_color_mild_clean\train\mq-9_reaper\az000_el-45_noon_clear_operational_v00.jpg,-0.05248492211103439,0.022679930552840233,unknown
mq-9_reaper,data\uav_dataset_color_mild_clean\train\mq-9_reaper\az000_el-65_dusk_operational_v00.jpg,-0.02978188544511795,0.022679930552840233,unknown
mq-9_reaper,data\uav_dataset_color_mild_clean\train\mq-9_reaper\az000_el-65_morning_operational_v00.jpg,-0.045996539294719696,0.022679930552840233,unknown
mq-9_reaper,data\uav_dataset_color_mild_clean\train\mq-9_reaper\az000_el-65_noon_clear_operational_v00.jpg,-0.041290681809186935,0.022679930552840233,unknown
mq-9_reaper,data\uav_dataset_color_mild_clean\train\mq-9_reaper\az045_el-10_dusk_operational_v00.jpg,-0.08551894873380661,0.022679930552840233,unknown
mq-9_reaper,data\uav_dataset_color_mild_clean\train\mq-9_reaper\az045_el-10_morning_operational_v00.jpg,-0.07030293345451355,0.022679930552840233,unknown
mq-9_reaper,data\uav_dataset_color_mild_clean\train\mq-9_reaper\az045_el-10_noon_clear_operational_v00.jpg,-0.01542980968952179,0.022679930552840233,unknown
mq-9_reaper,data\uav_dataset_color_mild_clean\train\mq-9_reaper\az045_el-25_dusk_operational_v00.jpg,-0.015356715768575668,0.022679930552840233,unknown
mq-9_reaper,data\uav_dataset_color_mild_clean\train\mq-9_reaper\az045_el-25_morning_operational_v00.jpg,-0.042269326746463776,0.022679930552840233,unknown
mq-9_reaper,data\uav_dataset_color_mild_clean\train\mq-9_reaper\az045_el-25_noon_clear_operational_v00.jpg,-0.11240438371896744,0.022679930552840233,unknown
mq-9_reaper,data\uav_dataset_color_mild_clean\train\mq-9_reaper\az045_el-45_dusk_operational_v00.jpg,-0.045504793524742126,0.022679930552840233,unknown
mq-9_reaper,data\uav_dataset_color_mild_clean\train\mq-9_reaper\az045_el-45_morning_operational_v00.jpg,-0.14227981865406036,0.022679930552840233,unknown
mq-9_reaper,data\uav_dataset_color_mild_clean\train\mq-9_reaper\az045_el-45_noon_clear_operational_v00.jpg,-0.0899735689163208,0.022679930552840233,unknown
mq-9_reaper,data\uav_dataset_color_mild_clean\train\mq-9_reaper\az045_el-65_dusk_operational_v00.jpg,-0.005292139947414398,0.022679930552840233,unknown
mq-9_reaper,data\uav_dataset_color_mild_clean\train\mq-9_reaper\az045_el-65_morning_operational_v00.jpg,0.004963278770446777,0.022679930552840233,unknown
mq-9_reaper,data\uav_dataset_color_mild_clean\train\mq-9_reaper\az045_el-65_noon_clear_operational_v00.jpg,-0.034624744206666946,0.022679930552840233,unknown
mq-9_reaper,data\uav_dataset_color_mild_clean\train\mq-9_reaper\az090_el-10_dusk_operational_v00.jpg,-0.04376346990466118,0.022679930552840233,unknown
mq-9_reaper,data\uav_dataset_color_mild_clean\train\mq-9_reaper\az090_el-10_morning_operational_v00.jpg,0.0007063150405883789,0.022679930552840233,unknown
mq-9_reaper,data\uav_dataset_color_mild_clean\train\mq-9_reaper\az090_el-10_noon_clear_operational_v00.jpg,0.00826318934559822,0.022679930552840233,unknown
mq-9_reaper,data\uav_dataset_color_mild_clean\train\mq-9_reaper\az090_el-25_dusk_operational_v00.jpg,-0.14493080973625183,0.022679930552840233,unknown
mq-9_reaper,data\uav_dataset_color_mild_clean\train\mq-9_reaper\az090_el-25_morning_operational_v00.jpg,0.01026850938796997,0.022679930552840233,unknown
mq-9_reaper,data\uav_dataset_color_mild_clean\train\mq-9_reaper\az090_el-25_noon_clear_operational_v00.jpg,-0.13247977197170258,0.022679930552840233,unknown
mq-9_reaper,data\uav_dataset_color_mild_clean\train\mq-9_reaper\az090_el-45_dusk_operational_v00.jpg,-0.10465535521507263,0.022679930552840233,unknown
mq-9_reaper,data\uav_dataset_color_mild_clean\train\mq-9_reaper\az090_el-45_morning_operational_v00.jpg,-0.07906489074230194,0.022679930552840233,unknown
mq-9_reaper,data\uav_dataset_color_mild_clean\train\mq-9_reaper\az090_el-45_noon_clear_operational_v00.jpg,-0.04298777133226395,0.022679930552840233,unknown
mq-9_reaper,data\uav_dataset_color_mild_clean\train\mq-9_reaper\az090_el-65_dusk_operational_v00.jpg,-0.12922069430351257,0.022679930552840233,unknown
mq-9_reaper,data\uav_dataset_color_mild_clean\train\mq-9_reaper\az090_el-65_morning_operational_v00.jpg,-0.09723717719316483,0.022679930552840233,unknown
mq-9_reaper,data\uav_dataset_color_mild_clean\train\mq-9_reaper\az090_el-65_noon_clear_operational_v00.jpg,-0.02442765235900879,0.022679930552840233,unknown
mq-9_reaper,data\uav_dataset_color_mild_clean\train\mq-9_reaper\az135_el-10_dusk_operational_v00.jpg,0.02468181401491165,0.022679930552840233,unknown
mq-9_reaper,data\uav_dataset_color_mild_clean\train\mq-9_reaper\az135_el-10_morning_operational_v00.jpg,0.01823529601097107,0.022679930552840233,unknown
mq-9_reaper,data\uav_dataset_color_mild_clean\train\mq-9_reaper\az135_el-10_noon_clear_operational_v00.jpg,-0.05177675187587738,0.022679930552840233,unknown
mq-9_reaper,data\uav_dataset_color_mild_clean\train\mq-9_reaper\az135_el-25_dusk_operational_v00.jpg,-0.007766541093587875,0.022679930552840233,unknown
mq-9_reaper,data\uav_dataset_color_mild_clean\train\mq-9_reaper\az135_el-25_morning_operational_v00.jpg,-0.020292114466428757,0.022679930552840233,unknown
mq-9_reaper,data\uav_dataset_color_mild_clean\train\mq-9_reaper\az135_el-25_noon_clear_operational_v00.jpg,-0.06077603995800018,0.022679930552840233,unknown
mq-9_reaper,data\uav_dataset_color_mild_clean\train\mq-9_reaper\az135_el-45_dusk_operational_v00.jpg,-0.1465558260679245,0.022679930552840233,unknown
mq-9_reaper,data\uav_dataset_color_mild_clean\train\mq-9_reaper\az135_el-45_morning_operational_v00.jpg,-0.0540902353823185,0.022679930552840233,unknown
mq-9_reaper,data\uav_dataset_color_mild_clean\train\mq-9_reaper\az135_el-45_noon_clear_operational_v00.jpg,-0.0904703438282013,0.022679930552840233,unknown
mq-9_reaper,data\uav_dataset_color_mild_clean\train\mq-9_reaper\az135_el-65_dusk_operational_v00.jpg,-0.10204105079174042,0.022679930552840233,unknown
mq-9_reaper,data\uav_dataset_color_mild_clean\train\mq-9_reaper\az135_el-65_morning_operational_v00.jpg,-0.012646570801734924,0.022679930552840233,unknown
mq-9_reaper,data\uav_dataset_color_mild_clean\train\mq-9_reaper\az135_el-65_noon_clear_operational_v00.jpg,-0.06703707575798035,0.022679930552840233,unknown
mq-9_reaper,data\uav_dataset_color_mild_clean\train\mq-9_reaper\az180_el-10_dusk_operational_v00.jpg,-0.06868761032819748,0.022679930552840233,unknown
mq-9_reaper,data\uav_dataset_color_mild_clean\train\mq-9_reaper\az180_el-10_morning_operational_v00.jpg,-0.07726491987705231,0.022679930552840233,unknown
mq-9_reaper,data\uav_dataset_color_mild_clean\train\mq-9_reaper\az180_el-10_noon_clear_operational_v00.jpg,-0.10719764232635498,0.022679930552840233,unknown
mq-9_reaper,data\uav_dataset_color_mild_clean\train\mq-9_reaper\az180_el-25_dusk_operational_v00.jpg,-0.11741352081298828,0.022679930552840233,unknown
mq-9_reaper,data\uav_dataset_color_mild_clean\train\mq-9_reaper\az180_el-25_morning_operational_v00.jpg,-0.0029026195406913757,0.022679930552840233,unknown
mq-9_reaper,data\uav_dataset_color_mild_clean\train\mq-9_reaper\az180_el-25_noon_clear_operational_v00.jpg,-0.03875546529889107,0.022679930552840233,unknown
mq-9_reaper,data\uav_dataset_color_mild_clean\train\mq-9_reaper\az180_el-45_dusk_operational_v00.jpg,-0.09843713045120239,0.022679930552840233,unknown
mq-9_reaper,data\uav_dataset_color_mild_clean\train\mq-9_reaper\az180_el-45_morning_operational_v00.jpg,-0.10605839639902115,0.022679930552840233,unknown
mq-9_reaper,data\uav_dataset_color_mild_clean\train\mq-9_reaper\az180_el-45_noon_clear_operational_v00.jpg,-0.041240591555833817,0.022679930552840233,unknown
mq-9_reaper,data\uav_dataset_color_mild_clean\train\mq-9_reaper\az180_el-65_dusk_operational_v00.jpg,-0.07246194034814835,0.022679930552840233,unknown
mq-9_reaper,data\uav_dataset_color_mild_clean\train\mq-9_reaper\az180_el-65_morning_operational_v00.jpg,-0.06595094501972198,0.022679930552840233,unknown
mq-9_reaper,data\uav_dataset_color_mild_clean\train\mq-9_reaper\az180_el-65_noon_clear_operational_v00.jpg,-0.048629190772771835,0.022679930552840233,unknown
mq-9_reaper,data\uav_dataset_color_mild_clean\train\mq-9_reaper\az225_el-10_dusk_operational_v00.jpg,-0.13872030377388,0.022679930552840233,unknown
mq-9_reaper,data\uav_dataset_color_mild_clean\train\mq-9_reaper\az225_el-10_morning_operational_v00.jpg,-0.047631289809942245,0.022679930552840233,unknown
mq-9_reaper,data\uav_dataset_color_mild_clean\train\mq-9_reaper\az225_el-10_noon_clear_operational_v00.jpg,-0.04406144842505455,0.022679930552840233,unknown
mq-9_reaper,data\uav_dataset_color_mild_clean\train\mq-9_reaper\az225_el-25_dusk_operational_v00.jpg,-0.03691549226641655,0.022679930552840233,unknown
mq-9_reaper,data\uav_dataset_color_mild_clean\train\mq-9_reaper\az225_el-25_morning_operational_v00.jpg,0.03313112631440163,0.022679930552840233,unknown
mq-9_reaper,data\uav_dataset_color_mild_clean\train\mq-9_reaper\az225_el-25_noon_clear_operational_v00.jpg,-0.05193652585148811,0.022679930552840233,unknown
mq-9_reaper,data\uav_dataset_color_mild_clean\train\mq-9_reaper\az225_el-45_dusk_operational_v00.jpg,-0.09849192947149277,0.022679930552840233,unknown
mq-9_reaper,data\uav_dataset_color_mild_clean\train\mq-9_reaper\az225_el-45_morning_operational_v00.jpg,-0.06296078115701675,0.022679930552840233,unknown
mq-9_reaper,data\uav_dataset_color_mild_clean\train\mq-9_reaper\az225_el-45_noon_clear_operational_v00.jpg,-0.08918400853872299,0.022679930552840233,unknown
mq-9_reaper,data\uav_dataset_color_mild_clean\train\mq-9_reaper\az225_el-65_dusk_operational_v00.jpg,-0.017005983740091324,0.022679930552840233,unknown
mq-9_reaper,data\uav_dataset_color_mild_clean\train\mq-9_reaper\az225_el-65_morning_operational_v00.jpg,-0.11421521008014679,0.022679930552840233,unknown
mq-9_reaper,data\uav_dataset_color_mild_clean\train\mq-9_reaper\az225_el-65_noon_clear_operational_v00.jpg,-0.15779584646224976,0.022679930552840233,unknown
mq-9_reaper,data\uav_dataset_color_mild_clean\train\mq-9_reaper\az270_el-10_dusk_operational_v00.jpg,-0.09798640757799149,0.022679930552840233,unknown
mq-9_reaper,data\uav_dataset_color_mild_clean\train\mq-9_reaper\az270_el-10_morning_operational_v00.jpg,-0.030636955052614212,0.022679930552840233,unknown
mq-9_reaper,data\uav_dataset_color_mild_clean\train\mq-9_reaper\az270_el-10_noon_clear_operational_v00.jpg,-0.05611330270767212,0.022679930552840233,unknown
mq-9_reaper,data\uav_dataset_color_mild_clean\train\mq-9_reaper\az270_el-25_dusk_operational_v00.jpg,0.0177244134247303,0.022679930552840233,unknown
mq-9_reaper,data\uav_dataset_color_mild_clean\train\mq-9_reaper\az270_el-25_morning_operational_v00.jpg,-0.001318514347076416,0.022679930552840233,unknown
mq-9_reaper,data\uav_dataset_color_mild_clean\train\mq-9_reaper\az270_el-25_noon_clear_operational_v00.jpg,0.0016946662217378616,0.022679930552840233,unknown
mq-9_reaper,data\uav_dataset_color_mild_clean\train\mq-9_reaper\az270_el-45_dusk_operational_v00.jpg,-0.11223172396421432,0.022679930552840233,unknown
mq-9_reaper,data\uav_dataset_color_mild_clean\train\mq-9_reaper\az270_el-45_morning_operational_v00.jpg,0.019627001136541367,0.022679930552840233,unknown
mq-9_reaper,data\uav_dataset_color_mild_clean\train\mq-9_reaper\az270_el-45_noon_clear_operational_v00.jpg,-0.05763659626245499,0.022679930552840233,unknown
mq-9_reaper,data\uav_dataset_color_mild_clean\train\mq-9_reaper\az270_el-65_dusk_operational_v00.jpg,-0.020834630355238914,0.022679930552840233,unknown
mq-9_reaper,data\uav_dataset_color_mild_clean\train\mq-9_reaper\az270_el-65_morning_operational_v00.jpg,-0.061990100890398026,0.022679930552840233,unknown
mq-9_reaper,data\uav_dataset_color_mild_clean\train\mq-9_reaper\az270_el-65_noon_clear_operational_v00.jpg,-0.1382312774658203,0.022679930552840233,unknown
mq-9_reaper,data\uav_dataset_color_mild_clean\train\mq-9_reaper\az315_el-10_dusk_operational_v00.jpg,-0.059056878089904785,0.022679930552840233,unknown
mq-9_reaper,data\uav_dataset_color_mild_clean\train\mq-9_reaper\az315_el-10_morning_operational_v00.jpg,-0.13971449434757233,0.022679930552840233,unknown
mq-9_reaper,data\uav_dataset_color_mild_clean\train\mq-9_reaper\az315_el-10_noon_clear_operational_v00.jpg,-0.031148025766015053,0.022679930552840233,unknown
mq-9_reaper,data\uav_dataset_color_mild_clean\train\mq-9_reaper\az315_el-25_dusk_operational_v00.jpg,-0.13087499141693115,0.022679930552840233,unknown
mq-9_reaper,data\uav_dataset_color_mild_clean\train\mq-9_reaper\az315_el-25_morning_operational_v00.jpg,-0.011975560337305069,0.022679930552840233,unknown
mq-9_reaper,data\uav_dataset_color_mild_clean\train\mq-9_reaper\az315_el-25_noon_clear_operational_v00.jpg,-0.10378776490688324,0.022679930552840233,unknown
mq-9_reaper,data\uav_dataset_color_mild_clean\train\mq-9_reaper\az315_el-45_dusk_operational_v00.jpg,-0.05292209982872009,0.022679930552840233,unknown
mq-9_reaper,data\uav_dataset_color_mild_clean\train\mq-9_reaper\az315_el-45_morning_operational_v00.jpg,-0.01965181529521942,0.022679930552840233,unknown
mq-9_reaper,data\uav_dataset_color_mild_clean\train\mq-9_reaper\az315_el-45_noon_clear_operational_v00.jpg,-0.04388531669974327,0.022679930552840233,unknown
mq-9_reaper,data\uav_dataset_color_mild_clean\train\mq-9_reaper\az315_el-65_dusk_operational_v00.jpg,-0.030033212155103683,0.022679930552840233,unknown
mq-9_reaper,data\uav_dataset_color_mild_clean\train\mq-9_reaper\az315_el-65_morning_operational_v00.jpg,-0.002394169569015503,0.022679930552840233,unknown
mq-9_reaper,data\uav_dataset_color_mild_clean\train\mq-9_reaper\az315_el-65_noon_clear_operational_v00.jpg,-0.03341979905962944,0.022679930552840233,unknown
mq-9_reaper_uav_drone,data\uav_dataset_color_mild_clean\train\mq-9_reaper_uav_drone\az000_el-10_dusk_operational_v00.jpg,-0.14736251533031464,-0.0788116455078125,unknown
mq-9_reaper_uav_drone,data\uav_dataset_color_mild_clean\train\mq-9_reaper_uav_drone\az000_el-10_morning_operational_v00.jpg,-0.1616915762424469,-0.0788116455078125,unknown
mq-9_reaper_uav_drone,data\uav_dataset_color_mild_clean\train\mq-9_reaper_uav_drone\az000_el-10_noon_clear_operational_v00.jpg,-0.14233183860778809,-0.0788116455078125,unknown
mq-9_reaper_uav_drone,data\uav_dataset_color_mild_clean\train\mq-9_reaper_uav_drone\az000_el-25_dusk_operational_v00.jpg,-0.19966933131217957,-0.0788116455078125,unknown
mq-9_reaper_uav_drone,data\uav_dataset_color_mild_clean\train\mq-9_reaper_uav_drone\az000_el-25_morning_operational_v00.jpg,-0.2276342809200287,-0.0788116455078125,unknown
mq-9_reaper_uav_drone,data\uav_dataset_color_mild_clean\train\mq-9_reaper_uav_drone\az000_el-25_noon_clear_operational_v00.jpg,-0.15803897380828857,-0.0788116455078125,unknown
mq-9_reaper_uav_drone,data\uav_dataset_color_mild_clean\train\mq-9_reaper_uav_drone\az000_el-45_dusk_operational_v00.jpg,-0.1488160789012909,-0.0788116455078125,unknown
mq-9_reaper_uav_drone,data\uav_dataset_color_mild_clean\train\mq-9_reaper_uav_drone\az000_el-45_morning_operational_v00.jpg,-0.1460990607738495,-0.0788116455078125,unknown
mq-9_reaper_uav_drone,data\uav_dataset_color_mild_clean\train\mq-9_reaper_uav_drone\az000_el-45_noon_clear_operational_v00.jpg,-0.18609477579593658,-0.0788116455078125,unknown
mq-9_reaper_uav_drone,data\uav_dataset_color_mild_clean\train\mq-9_reaper_uav_drone\az000_el-65_dusk_operational_v00.jpg,-0.16044482588768005,-0.0788116455078125,unknown
mq-9_reaper_uav_drone,data\uav_dataset_color_mild_clean\train\mq-9_reaper_uav_drone\az000_el-65_morning_operational_v00.jpg,-0.16679975390434265,-0.0788116455078125,unknown
mq-9_reaper_uav_drone,data\uav_dataset_color_mild_clean\train\mq-9_reaper_uav_drone\az000_el-65_noon_clear_operational_v00.jpg,-0.17414051294326782,-0.0788116455078125,unknown
mq-9_reaper_uav_drone,data\uav_dataset_color_mild_clean\train\mq-9_reaper_uav_drone\az045_el-10_dusk_operational_v00.jpg,-0.19628600776195526,-0.0788116455078125,unknown
mq-9_reaper_uav_drone,data\uav_dataset_color_mild_clean\train\mq-9_reaper_uav_drone\az045_el-10_morning_operational_v00.jpg,-0.14234191179275513,-0.0788116455078125,unknown
mq-9_reaper_uav_drone,data\uav_dataset_color_mild_clean\train\mq-9_reaper_uav_drone\az045_el-10_noon_clear_operational_v00.jpg,-0.14268380403518677,-0.0788116455078125,unknown
mq-9_reaper_uav_drone,data\uav_dataset_color_mild_clean\train\mq-9_reaper_uav_drone\az045_el-25_dusk_operational_v00.jpg,-0.1679098904132843,-0.0788116455078125,unknown
mq-9_reaper_uav_drone,data\uav_dataset_color_mild_clean\train\mq-9_reaper_uav_drone\az045_el-25_morning_operational_v00.jpg,-0.18120752274990082,-0.0788116455078125,unknown
mq-9_reaper_uav_drone,data\uav_dataset_color_mild_clean\train\mq-9_reaper_uav_drone\az045_el-25_noon_clear_operational_v00.jpg,-0.19831497967243195,-0.0788116455078125,unknown
mq-9_reaper_uav_drone,data\uav_dataset_color_mild_clean\train\mq-9_reaper_uav_drone\az045_el-45_dusk_operational_v00.jpg,-0.1603439301252365,-0.0788116455078125,unknown
mq-9_reaper_uav_drone,data\uav_dataset_color_mild_clean\train\mq-9_reaper_uav_drone\az045_el-45_morning_operational_v00.jpg,-0.17029348015785217,-0.0788116455078125,unknown
mq-9_reaper_uav_drone,data\uav_dataset_color_mild_clean\train\mq-9_reaper_uav_drone\az045_el-45_noon_clear_operational_v00.jpg,-0.13690820336341858,-0.0788116455078125,unknown
mq-9_reaper_uav_drone,data\uav_dataset_color_mild_clean\train\mq-9_reaper_uav_drone\az045_el-65_dusk_operational_v00.jpg,-0.16663247346878052,-0.0788116455078125,unknown
mq-9_reaper_uav_drone,data\uav_dataset_color_mild_clean\train\mq-9_reaper_uav_drone\az045_el-65_morning_operational_v00.jpg,-0.1783856898546219,-0.0788116455078125,unknown
mq-9_reaper_uav_drone,data\uav_dataset_color_mild_clean\train\mq-9_reaper_uav_drone\az045_el-65_noon_clear_operational_v00.jpg,-0.1853199005126953,-0.0788116455078125,unknown
mq-9_reaper_uav_drone,data\uav_dataset_color_mild_clean\train\mq-9_reaper_uav_drone\az090_el-10_dusk_operational_v00.jpg,-0.19581331312656403,-0.0788116455078125,unknown
mq-9_reaper_uav_drone,data\uav_dataset_color_mild_clean\train\mq-9_reaper_uav_drone\az090_el-10_morning_operational_v00.jpg,-0.12268959730863571,-0.0788116455078125,unknown
mq-9_reaper_uav_drone,data\uav_dataset_color_mild_clean\train\mq-9_reaper_uav_drone\az090_el-10_noon_clear_operational_v00.jpg,-0.20868855714797974,-0.0788116455078125,unknown
mq-9_reaper_uav_drone,data\uav_dataset_color_mild_clean\train\mq-9_reaper_uav_drone\az090_el-25_dusk_operational_v00.jpg,-0.1846286654472351,-0.0788116455078125,unknown
mq-9_reaper_uav_drone,data\uav_dataset_color_mild_clean\train\mq-9_reaper_uav_drone\az090_el-25_morning_operational_v00.jpg,-0.1895066499710083,-0.0788116455078125,unknown
mq-9_reaper_uav_drone,data\uav_dataset_color_mild_clean\train\mq-9_reaper_uav_drone\az090_el-25_noon_clear_operational_v00.jpg,-0.22659288346767426,-0.0788116455078125,unknown
mq-9_reaper_uav_drone,data\uav_dataset_color_mild_clean\train\mq-9_reaper_uav_drone\az090_el-45_dusk_operational_v00.jpg,-0.16369938850402832,-0.0788116455078125,unknown
mq-9_reaper_uav_drone,data\uav_dataset_color_mild_clean\train\mq-9_reaper_uav_drone\az090_el-45_morning_operational_v00.jpg,-0.16570408642292023,-0.0788116455078125,unknown
mq-9_reaper_uav_drone,data\uav_dataset_color_mild_clean\train\mq-9_reaper_uav_drone\az090_el-45_noon_clear_operational_v00.jpg,-0.16499391198158264,-0.0788116455078125,unknown
mq-9_reaper_uav_drone,data\uav_dataset_color_mild_clean\train\mq-9_reaper_uav_drone\az090_el-65_dusk_operational_v00.jpg,-0.15001027286052704,-0.0788116455078125,unknown
mq-9_reaper_uav_drone,data\uav_dataset_color_mild_clean\train\mq-9_reaper_uav_drone\az090_el-65_morning_operational_v00.jpg,-0.14588923752307892,-0.0788116455078125,unknown
mq-9_reaper_uav_drone,data\uav_dataset_color_mild_clean\train\mq-9_reaper_uav_drone\az090_el-65_noon_clear_operational_v00.jpg,-0.1363203376531601,-0.0788116455078125,unknown
mq-9_reaper_uav_drone,data\uav_dataset_color_mild_clean\train\mq-9_reaper_uav_drone\az135_el-10_dusk_operational_v00.jpg,-0.1936832070350647,-0.0788116455078125,unknown
mq-9_reaper_uav_drone,data\uav_dataset_color_mild_clean\train\mq-9_reaper_uav_drone\az135_el-10_morning_operational_v00.jpg,-0.13025814294815063,-0.0788116455078125,unknown
mq-9_reaper_uav_drone,data\uav_dataset_color_mild_clean\train\mq-9_reaper_uav_drone\az135_el-10_noon_clear_operational_v00.jpg,-0.25766247510910034,-0.0788116455078125,unknown
mq-9_reaper_uav_drone,data\uav_dataset_color_mild_clean\train\mq-9_reaper_uav_drone\az135_el-25_dusk_operational_v00.jpg,-0.16169193387031555,-0.0788116455078125,unknown
mq-9_reaper_uav_drone,data\uav_dataset_color_mild_clean\train\mq-9_reaper_uav_drone\az135_el-25_morning_operational_v00.jpg,-0.16100375354290009,-0.0788116455078125,unknown
mq-9_reaper_uav_drone,data\uav_dataset_color_mild_clean\train\mq-9_reaper_uav_drone\az135_el-25_noon_clear_operational_v00.jpg,-0.1680462658405304,-0.0788116455078125,unknown
mq-9_reaper_uav_drone,data\uav_dataset_color_mild_clean\train\mq-9_reaper_uav_drone\az135_el-45_dusk_operational_v00.jpg,-0.10605382174253464,-0.0788116455078125,unknown
mq-9_reaper_uav_drone,data\uav_dataset_color_mild_clean\train\mq-9_reaper_uav_drone\az135_el-45_morning_operational_v00.jpg,-0.1537817269563675,-0.0788116455078125,unknown
mq-9_reaper_uav_drone,data\uav_dataset_color_mild_clean\train\mq-9_reaper_uav_drone\az135_el-45_noon_clear_operational_v00.jpg,-0.18138574063777924,-0.0788116455078125,unknown
mq-9_reaper_uav_drone,data\uav_dataset_color_mild_clean\train\mq-9_reaper_uav_drone\az135_el-65_dusk_operational_v00.jpg,-0.1319403350353241,-0.0788116455078125,unknown
mq-9_reaper_uav_drone,data\uav_dataset_color_mild_clean\train\mq-9_reaper_uav_drone\az135_el-65_morning_operational_v00.jpg,-0.1499672681093216,-0.0788116455078125,unknown
mq-9_reaper_uav_drone,data\uav_dataset_color_mild_clean\train\mq-9_reaper_uav_drone\az135_el-65_noon_clear_operational_v00.jpg,-0.17844003438949585,-0.0788116455078125,unknown
mq-9_reaper_uav_drone,data\uav_dataset_color_mild_clean\train\mq-9_reaper_uav_drone\az180_el-10_dusk_operational_v00.jpg,-0.18773779273033142,-0.0788116455078125,unknown
mq-9_reaper_uav_drone,data\uav_dataset_color_mild_clean\train\mq-9_reaper_uav_drone\az180_el-10_morning_operational_v00.jpg,-0.15374204516410828,-0.0788116455078125,unknown
mq-9_reaper_uav_drone,data\uav_dataset_color_mild_clean\train\mq-9_reaper_uav_drone\az180_el-10_noon_clear_operational_v00.jpg,-0.2022547423839569,-0.0788116455078125,unknown
mq-9_reaper_uav_drone,data\uav_dataset_color_mild_clean\train\mq-9_reaper_uav_drone\az180_el-25_dusk_operational_v00.jpg,-0.15736977756023407,-0.0788116455078125,unknown
mq-9_reaper_uav_drone,data\uav_dataset_color_mild_clean\train\mq-9_reaper_uav_drone\az180_el-25_morning_operational_v00.jpg,-0.07333962619304657,-0.0788116455078125,unknown
mq-9_reaper_uav_drone,data\uav_dataset_color_mild_clean\train\mq-9_reaper_uav_drone\az180_el-25_noon_clear_operational_v00.jpg,-0.15391959249973297,-0.0788116455078125,unknown
mq-9_reaper_uav_drone,data\uav_dataset_color_mild_clean\train\mq-9_reaper_uav_drone\az180_el-45_dusk_operational_v00.jpg,-0.15114521980285645,-0.0788116455078125,unknown
mq-9_reaper_uav_drone,data\uav_dataset_color_mild_clean\train\mq-9_reaper_uav_drone\az180_el-45_morning_operational_v00.jpg,-0.14286886155605316,-0.0788116455078125,unknown
mq-9_reaper_uav_drone,data\uav_dataset_color_mild_clean\train\mq-9_reaper_uav_drone\az180_el-45_noon_clear_operational_v00.jpg,-0.1235932856798172,-0.0788116455078125,unknown
mq-9_reaper_uav_drone,data\uav_dataset_color_mild_clean\train\mq-9_reaper_uav_drone\az180_el-65_dusk_operational_v00.jpg,-0.1314576119184494,-0.0788116455078125,unknown
mq-9_reaper_uav_drone,data\uav_dataset_color_mild_clean\train\mq-9_reaper_uav_drone\az180_el-65_morning_operational_v00.jpg,-0.1477372646331787,-0.0788116455078125,unknown
mq-9_reaper_uav_drone,data\uav_dataset_color_mild_clean\train\mq-9_reaper_uav_drone\az180_el-65_noon_clear_operational_v00.jpg,-0.1784541755914688,-0.0788116455078125,unknown
mq-9_reaper_uav_drone,data\uav_dataset_color_mild_clean\train\mq-9_reaper_uav_drone\az225_el-10_dusk_operational_v00.jpg,-0.15330137312412262,-0.0788116455078125,unknown
mq-9_reaper_uav_drone,data\uav_dataset_color_mild_clean\train\mq-9_reaper_uav_drone\az225_el-10_morning_operational_v00.jpg,-0.2159232497215271,-0.0788116455078125,unknown
mq-9_reaper_uav_drone,data\uav_dataset_color_mild_clean\train\mq-9_reaper_uav_drone\az225_el-10_noon_clear_operational_v00.jpg,-0.1901756376028061,-0.0788116455078125,unknown
mq-9_reaper_uav_drone,data\uav_dataset_color_mild_clean\train\mq-9_reaper_uav_drone\az225_el-25_dusk_operational_v00.jpg,-0.1721750795841217,-0.0788116455078125,unknown
mq-9_reaper_uav_drone,data\uav_dataset_color_mild_clean\train\mq-9_reaper_uav_drone\az225_el-25_morning_operational_v00.jpg,-0.11815816164016724,-0.0788116455078125,unknown
mq-9_reaper_uav_drone,data\uav_dataset_color_mild_clean\train\mq-9_reaper_uav_drone\az225_el-25_noon_clear_operational_v00.jpg,-0.05316162109375,-0.0788116455078125,unknown
mq-9_reaper_uav_drone,data\uav_dataset_color_mild_clean\train\mq-9_reaper_uav_drone\az225_el-45_dusk_operational_v00.jpg,-0.15435323119163513,-0.0788116455078125,unknown
mq-9_reaper_uav_drone,data\uav_dataset_color_mild_clean\train\mq-9_reaper_uav_drone\az225_el-45_morning_operational_v00.jpg,-0.15744681656360626,-0.0788116455078125,unknown
mq-9_reaper_uav_drone,data\uav_dataset_color_mild_clean\train\mq-9_reaper_uav_drone\az225_el-45_noon_clear_operational_v00.jpg,-0.13769863545894623,-0.0788116455078125,unknown
mq-9_reaper_uav_drone,data\uav_dataset_color_mild_clean\train\mq-9_reaper_uav_drone\az225_el-65_dusk_operational_v00.jpg,-0.09677864611148834,-0.0788116455078125,unknown
mq-9_reaper_uav_drone,data\uav_dataset_color_mild_clean\train\mq-9_reaper_uav_drone\az225_el-65_morning_operational_v00.jpg,-0.1598397195339203,-0.0788116455078125,unknown
mq-9_reaper_uav_drone,data\uav_dataset_color_mild_clean\train\mq-9_reaper_uav_drone\az225_el-65_noon_clear_operational_v00.jpg,-0.14395524561405182,-0.0788116455078125,unknown
mq-9_reaper_uav_drone,data\uav_dataset_color_mild_clean\train\mq-9_reaper_uav_drone\az270_el-10_dusk_operational_v00.jpg,-0.13825856149196625,-0.0788116455078125,unknown
mq-9_reaper_uav_drone,data\uav_dataset_color_mild_clean\train\mq-9_reaper_uav_drone\az270_el-10_morning_operational_v00.jpg,-0.1708231270313263,-0.0788116455078125,unknown
mq-9_reaper_uav_drone,data\uav_dataset_color_mild_clean\train\mq-9_reaper_uav_drone\az270_el-10_noon_clear_operational_v00.jpg,-0.15202125906944275,-0.0788116455078125,unknown
mq-9_reaper_uav_drone,data\uav_dataset_color_mild_clean\train\mq-9_reaper_uav_drone\az270_el-25_dusk_operational_v00.jpg,-0.2059350311756134,-0.0788116455078125,unknown
mq-9_reaper_uav_drone,data\uav_dataset_color_mild_clean\train\mq-9_reaper_uav_drone\az270_el-25_morning_operational_v00.jpg,-0.13932190835475922,-0.0788116455078125,unknown
mq-9_reaper_uav_drone,data\uav_dataset_color_mild_clean\train\mq-9_reaper_uav_drone\az270_el-25_noon_clear_operational_v00.jpg,-0.13994958996772766,-0.0788116455078125,unknown
mq-9_reaper_uav_drone,data\uav_dataset_color_mild_clean\train\mq-9_reaper_uav_drone\az270_el-45_dusk_operational_v00.jpg,-0.17470726370811462,-0.0788116455078125,unknown
mq-9_reaper_uav_drone,data\uav_dataset_color_mild_clean\train\mq-9_reaper_uav_drone\az270_el-45_morning_operational_v00.jpg,-0.18215322494506836,-0.0788116455078125,unknown
mq-9_reaper_uav_drone,data\uav_dataset_color_mild_clean\train\mq-9_reaper_uav_drone\az270_el-45_noon_clear_operational_v00.jpg,-0.06472449749708176,-0.0788116455078125,unknown
mq-9_reaper_uav_drone,data\uav_dataset_color_mild_clean\train\mq-9_reaper_uav_drone\az270_el-65_dusk_operational_v00.jpg,-0.14332085847854614,-0.0788116455078125,unknown
mq-9_reaper_uav_drone,data\uav_dataset_color_mild_clean\train\mq-9_reaper_uav_drone\az270_el-65_morning_operational_v00.jpg,-0.16255944967269897,-0.0788116455078125,unknown
mq-9_reaper_uav_drone,data\uav_dataset_color_mild_clean\train\mq-9_reaper_uav_drone\az270_el-65_noon_clear_operational_v00.jpg,-0.11566425114870071,-0.0788116455078125,unknown
mq-9_reaper_uav_drone,data\uav_dataset_color_mild_clean\train\mq-9_reaper_uav_drone\az315_el-10_dusk_operational_v00.jpg,-0.16275283694267273,-0.0788116455078125,unknown
mq-9_reaper_uav_drone,data\uav_dataset_color_mild_clean\train\mq-9_reaper_uav_drone\az315_el-10_morning_operational_v00.jpg,-0.2239150106906891,-0.0788116455078125,unknown
mq-9_reaper_uav_drone,data\uav_dataset_color_mild_clean\train\mq-9_reaper_uav_drone\az315_el-10_noon_clear_operational_v00.jpg,-0.1345626264810562,-0.0788116455078125,unknown
mq-9_reaper_uav_drone,data\uav_dataset_color_mild_clean\train\mq-9_reaper_uav_drone\az315_el-25_dusk_operational_v00.jpg,-0.13753366470336914,-0.0788116455078125,unknown
mq-9_reaper_uav_drone,data\uav_dataset_color_mild_clean\train\mq-9_reaper_uav_drone\az315_el-25_morning_operational_v00.jpg,-0.20695844292640686,-0.0788116455078125,unknown
mq-9_reaper_uav_drone,data\uav_dataset_color_mild_clean\train\mq-9_reaper_uav_drone\az315_el-25_noon_clear_operational_v00.jpg,-0.15761229395866394,-0.0788116455078125,unknown
mq-9_reaper_uav_drone,data\uav_dataset_color_mild_clean\train\mq-9_reaper_uav_drone\az315_el-45_dusk_operational_v00.jpg,-0.16015329957008362,-0.0788116455078125,unknown
mq-9_reaper_uav_drone,data\uav_dataset_color_mild_clean\train\mq-9_reaper_uav_drone\az315_el-45_morning_operational_v00.jpg,-0.19738411903381348,-0.0788116455078125,unknown
mq-9_reaper_uav_drone,data\uav_dataset_color_mild_clean\train\mq-9_reaper_uav_drone\az315_el-45_noon_clear_operational_v00.jpg,-0.18016435205936432,-0.0788116455078125,unknown
mq-9_reaper_uav_drone,data\uav_dataset_color_mild_clean\train\mq-9_reaper_uav_drone\az315_el-65_dusk_operational_v00.jpg,-0.14939671754837036,-0.0788116455078125,unknown
mq-9_reaper_uav_drone,data\uav_dataset_color_mild_clean\train\mq-9_reaper_uav_drone\az315_el-65_morning_operational_v00.jpg,-0.12134659290313721,-0.0788116455078125,unknown
mq-9_reaper_uav_drone,data\uav_dataset_color_mild_clean\train\mq-9_reaper_uav_drone\az315_el-65_noon_clear_operational_v00.jpg,-0.1776253879070282,-0.0788116455078125,unknown
mq_1_predator_uav,data\uav_dataset_color_mild_clean\train\mq_1_predator_uav\az000_el-10_dusk_operational_v00.jpg,-0.1739775538444519,-0.0328645221889019,unknown
mq_1_predator_uav,data\uav_dataset_color_mild_clean\train\mq_1_predator_uav\az000_el-10_morning_operational_v00.jpg,-0.23318742215633392,-0.0328645221889019,unknown
mq_1_predator_uav,data\uav_dataset_color_mild_clean\train\mq_1_predator_uav\az000_el-10_noon_clear_operational_v00.jpg,-0.11276676505804062,-0.0328645221889019,unknown
mq_1_predator_uav,data\uav_dataset_color_mild_clean\train\mq_1_predator_uav\az000_el-25_dusk_operational_v00.jpg,-0.20780052244663239,-0.0328645221889019,unknown
mq_1_predator_uav,data\uav_dataset_color_mild_clean\train\mq_1_predator_uav\az000_el-25_morning_operational_v00.jpg,-0.14713624119758606,-0.0328645221889019,unknown
mq_1_predator_uav,data\uav_dataset_color_mild_clean\train\mq_1_predator_uav\az000_el-25_noon_clear_operational_v00.jpg,-0.12978622317314148,-0.0328645221889019,unknown
mq_1_predator_uav,data\uav_dataset_color_mild_clean\train\mq_1_predator_uav\az000_el-45_dusk_operational_v00.jpg,-0.09803510457277298,-0.0328645221889019,unknown
mq_1_predator_uav,data\uav_dataset_color_mild_clean\train\mq_1_predator_uav\az000_el-45_morning_operational_v00.jpg,-0.1153607964515686,-0.0328645221889019,unknown
mq_1_predator_uav,data\uav_dataset_color_mild_clean\train\mq_1_predator_uav\az000_el-45_noon_clear_operational_v00.jpg,-0.11723596602678299,-0.0328645221889019,unknown
mq_1_predator_uav,data\uav_dataset_color_mild_clean\train\mq_1_predator_uav\az000_el-65_dusk_operational_v00.jpg,-0.06459778547286987,-0.0328645221889019,unknown
mq_1_predator_uav,data\uav_dataset_color_mild_clean\train\mq_1_predator_uav\az000_el-65_morning_operational_v00.jpg,-0.14325013756752014,-0.0328645221889019,unknown
mq_1_predator_uav,data\uav_dataset_color_mild_clean\train\mq_1_predator_uav\az000_el-65_noon_clear_operational_v00.jpg,-0.11761529743671417,-0.0328645221889019,unknown
mq_1_predator_uav,data\uav_dataset_color_mild_clean\train\mq_1_predator_uav\az045_el-10_dusk_operational_v00.jpg,-0.15767595171928406,-0.0328645221889019,unknown
mq_1_predator_uav,data\uav_dataset_color_mild_clean\train\mq_1_predator_uav\az045_el-10_morning_operational_v00.jpg,-0.21220046281814575,-0.0328645221889019,unknown
mq_1_predator_uav,data\uav_dataset_color_mild_clean\train\mq_1_predator_uav\az045_el-10_noon_clear_operational_v00.jpg,-0.1993960738182068,-0.0328645221889019,unknown
mq_1_predator_uav,data\uav_dataset_color_mild_clean\train\mq_1_predator_uav\az045_el-25_dusk_operational_v00.jpg,-0.1418704092502594,-0.0328645221889019,unknown
mq_1_predator_uav,data\uav_dataset_color_mild_clean\train\mq_1_predator_uav\az045_el-25_morning_operational_v00.jpg,-0.27589789032936096,-0.0328645221889019,unknown
mq_1_predator_uav,data\uav_dataset_color_mild_clean\train\mq_1_predator_uav\az045_el-25_noon_clear_operational_v00.jpg,-0.1846846342086792,-0.0328645221889019,unknown
mq_1_predator_uav,data\uav_dataset_color_mild_clean\train\mq_1_predator_uav\az045_el-45_dusk_operational_v00.jpg,-0.1280031055212021,-0.0328645221889019,unknown
mq_1_predator_uav,data\uav_dataset_color_mild_clean\train\mq_1_predator_uav\az045_el-45_morning_operational_v00.jpg,-0.07091234624385834,-0.0328645221889019,unknown
mq_1_predator_uav,data\uav_dataset_color_mild_clean\train\mq_1_predator_uav\az045_el-45_noon_clear_operational_v00.jpg,-0.12494975328445435,-0.0328645221889019,unknown
mq_1_predator_uav,data\uav_dataset_color_mild_clean\train\mq_1_predator_uav\az045_el-65_dusk_operational_v00.jpg,-0.09741492569446564,-0.0328645221889019,unknown
mq_1_predator_uav,data\uav_dataset_color_mild_clean\train\mq_1_predator_uav\az045_el-65_morning_operational_v00.jpg,-0.0799245834350586,-0.0328645221889019,unknown
mq_1_predator_uav,data\uav_dataset_color_mild_clean\train\mq_1_predator_uav\az045_el-65_noon_clear_operational_v00.jpg,-0.1303328573703766,-0.0328645221889019,unknown
mq_1_predator_uav,data\uav_dataset_color_mild_clean\train\mq_1_predator_uav\az090_el-10_dusk_operational_v00.jpg,-0.03718620538711548,-0.0328645221889019,unknown
mq_1_predator_uav,data\uav_dataset_color_mild_clean\train\mq_1_predator_uav\az090_el-10_morning_operational_v00.jpg,-0.1581553816795349,-0.0328645221889019,unknown
mq_1_predator_uav,data\uav_dataset_color_mild_clean\train\mq_1_predator_uav\az090_el-10_noon_clear_operational_v00.jpg,-0.17452189326286316,-0.0328645221889019,unknown
mq_1_predator_uav,data\uav_dataset_color_mild_clean\train\mq_1_predator_uav\az090_el-25_dusk_operational_v00.jpg,-0.07737509906291962,-0.0328645221889019,unknown
mq_1_predator_uav,data\uav_dataset_color_mild_clean\train\mq_1_predator_uav\az090_el-25_morning_operational_v00.jpg,-0.11688043922185898,-0.0328645221889019,unknown
mq_1_predator_uav,data\uav_dataset_color_mild_clean\train\mq_1_predator_uav\az090_el-25_noon_clear_operational_v00.jpg,-0.25564146041870117,-0.0328645221889019,unknown
mq_1_predator_uav,data\uav_dataset_color_mild_clean\train\mq_1_predator_uav\az090_el-45_dusk_operational_v00.jpg,-0.08617636561393738,-0.0328645221889019,unknown
mq_1_predator_uav,data\uav_dataset_color_mild_clean\train\mq_1_predator_uav\az090_el-45_morning_operational_v00.jpg,-0.08917558193206787,-0.0328645221889019,unknown
mq_1_predator_uav,data\uav_dataset_color_mild_clean\train\mq_1_predator_uav\az090_el-45_noon_clear_operational_v00.jpg,-0.1261398047208786,-0.0328645221889019,unknown
mq_1_predator_uav,data\uav_dataset_color_mild_clean\train\mq_1_predator_uav\az090_el-65_dusk_operational_v00.jpg,-0.0795791819691658,-0.0328645221889019,unknown
mq_1_predator_uav,data\uav_dataset_color_mild_clean\train\mq_1_predator_uav\az090_el-65_morning_operational_v00.jpg,-0.13846144080162048,-0.0328645221889019,unknown
mq_1_predator_uav,data\uav_dataset_color_mild_clean\train\mq_1_predator_uav\az090_el-65_noon_clear_operational_v00.jpg,-0.08348393440246582,-0.0328645221889019,unknown
mq_1_predator_uav,data\uav_dataset_color_mild_clean\train\mq_1_predator_uav\az135_el-10_dusk_operational_v00.jpg,-0.2526157796382904,-0.0328645221889019,unknown
mq_1_predator_uav,data\uav_dataset_color_mild_clean\train\mq_1_predator_uav\az135_el-10_morning_operational_v00.jpg,-0.22935327887535095,-0.0328645221889019,unknown
mq_1_predator_uav,data\uav_dataset_color_mild_clean\train\mq_1_predator_uav\az135_el-10_noon_clear_operational_v00.jpg,-0.17885172367095947,-0.0328645221889019,unknown
mq_1_predator_uav,data\uav_dataset_color_mild_clean\train\mq_1_predator_uav\az135_el-25_dusk_operational_v00.jpg,-0.1693883240222931,-0.0328645221889019,unknown
mq_1_predator_uav,data\uav_dataset_color_mild_clean\train\mq_1_predator_uav\az135_el-25_morning_operational_v00.jpg,-0.17785531282424927,-0.0328645221889019,unknown
mq_1_predator_uav,data\uav_dataset_color_mild_clean\train\mq_1_predator_uav\az135_el-25_noon_clear_operational_v00.jpg,-0.12222412973642349,-0.0328645221889019,unknown
mq_1_predator_uav,data\uav_dataset_color_mild_clean\train\mq_1_predator_uav\az135_el-45_dusk_operational_v00.jpg,-0.07528120279312134,-0.0328645221889019,unknown
mq_1_predator_uav,data\uav_dataset_color_mild_clean\train\mq_1_predator_uav\az135_el-45_morning_operational_v00.jpg,-0.11478511989116669,-0.0328645221889019,unknown
mq_1_predator_uav,data\uav_dataset_color_mild_clean\train\mq_1_predator_uav\az135_el-45_noon_clear_operational_v00.jpg,-0.107424296438694,-0.0328645221889019,unknown
mq_1_predator_uav,data\uav_dataset_color_mild_clean\train\mq_1_predator_uav\az135_el-65_dusk_operational_v00.jpg,-0.1336747407913208,-0.0328645221889019,unknown
mq_1_predator_uav,data\uav_dataset_color_mild_clean\train\mq_1_predator_uav\az135_el-65_morning_operational_v00.jpg,-0.10616862773895264,-0.0328645221889019,unknown
mq_1_predator_uav,data\uav_dataset_color_mild_clean\train\mq_1_predator_uav\az135_el-65_noon_clear_operational_v00.jpg,-0.09792351722717285,-0.0328645221889019,unknown
mq_1_predator_uav,data\uav_dataset_color_mild_clean\train\mq_1_predator_uav\az180_el-10_dusk_operational_v00.jpg,-0.186437726020813,-0.0328645221889019,unknown
mq_1_predator_uav,data\uav_dataset_color_mild_clean\train\mq_1_predator_uav\az180_el-10_morning_operational_v00.jpg,-0.21982038021087646,-0.0328645221889019,unknown
mq_1_predator_uav,data\uav_dataset_color_mild_clean\train\mq_1_predator_uav\az180_el-10_noon_clear_operational_v00.jpg,-0.22165857255458832,-0.0328645221889019,unknown
mq_1_predator_uav,data\uav_dataset_color_mild_clean\train\mq_1_predator_uav\az180_el-25_dusk_operational_v00.jpg,-0.21259553730487823,-0.0328645221889019,unknown
mq_1_predator_uav,data\uav_dataset_color_mild_clean\train\mq_1_predator_uav\az180_el-25_morning_operational_v00.jpg,-0.19393661618232727,-0.0328645221889019,unknown
mq_1_predator_uav,data\uav_dataset_color_mild_clean\train\mq_1_predator_uav\az180_el-25_noon_clear_operational_v00.jpg,-0.18525296449661255,-0.0328645221889019,unknown
mq_1_predator_uav,data\uav_dataset_color_mild_clean\train\mq_1_predator_uav\az180_el-45_dusk_operational_v00.jpg,-0.1000787764787674,-0.0328645221889019,unknown
mq_1_predator_uav,data\uav_dataset_color_mild_clean\train\mq_1_predator_uav\az180_el-45_morning_operational_v00.jpg,-0.10443208366632462,-0.0328645221889019,unknown
mq_1_predator_uav,data\uav_dataset_color_mild_clean\train\mq_1_predator_uav\az180_el-45_noon_clear_operational_v00.jpg,-0.12631723284721375,-0.0328645221889019,unknown
mq_1_predator_uav,data\uav_dataset_color_mild_clean\train\mq_1_predator_uav\az180_el-65_dusk_operational_v00.jpg,-0.11603403091430664,-0.0328645221889019,unknown
mq_1_predator_uav,data\uav_dataset_color_mild_clean\train\mq_1_predator_uav\az180_el-65_morning_operational_v00.jpg,-0.1386086493730545,-0.0328645221889019,unknown
mq_1_predator_uav,data\uav_dataset_color_mild_clean\train\mq_1_predator_uav\az180_el-65_noon_clear_operational_v00.jpg,-0.10306724905967712,-0.0328645221889019,unknown
mq_1_predator_uav,data\uav_dataset_color_mild_clean\train\mq_1_predator_uav\az225_el-10_dusk_operational_v00.jpg,-0.2040351927280426,-0.0328645221889019,unknown
mq_1_predator_uav,data\uav_dataset_color_mild_clean\train\mq_1_predator_uav\az225_el-10_morning_operational_v00.jpg,-0.20255470275878906,-0.0328645221889019,unknown
mq_1_predator_uav,data\uav_dataset_color_mild_clean\train\mq_1_predator_uav\az225_el-10_noon_clear_operational_v00.jpg,-0.1066012755036354,-0.0328645221889019,unknown
mq_1_predator_uav,data\uav_dataset_color_mild_clean\train\mq_1_predator_uav\az225_el-25_dusk_operational_v00.jpg,-0.22653578221797943,-0.0328645221889019,unknown
mq_1_predator_uav,data\uav_dataset_color_mild_clean\train\mq_1_predator_uav\az225_el-25_morning_operational_v00.jpg,-0.18715892732143402,-0.0328645221889019,unknown
mq_1_predator_uav,data\uav_dataset_color_mild_clean\train\mq_1_predator_uav\az225_el-25_noon_clear_operational_v00.jpg,-0.07174292951822281,-0.0328645221889019,unknown
mq_1_predator_uav,data\uav_dataset_color_mild_clean\train\mq_1_predator_uav\az225_el-45_dusk_operational_v00.jpg,-0.08936253190040588,-0.0328645221889019,unknown
mq_1_predator_uav,data\uav_dataset_color_mild_clean\train\mq_1_predator_uav\az225_el-45_morning_operational_v00.jpg,-0.06941008567810059,-0.0328645221889019,unknown
mq_1_predator_uav,data\uav_dataset_color_mild_clean\train\mq_1_predator_uav\az225_el-45_noon_clear_operational_v00.jpg,-0.1562207043170929,-0.0328645221889019,unknown
mq_1_predator_uav,data\uav_dataset_color_mild_clean\train\mq_1_predator_uav\az225_el-65_dusk_operational_v00.jpg,-0.028768764808773994,-0.0328645221889019,unknown
mq_1_predator_uav,data\uav_dataset_color_mild_clean\train\mq_1_predator_uav\az225_el-65_morning_operational_v00.jpg,-0.1234542652964592,-0.0328645221889019,unknown
mq_1_predator_uav,data\uav_dataset_color_mild_clean\train\mq_1_predator_uav\az225_el-65_noon_clear_operational_v00.jpg,-0.1283208727836609,-0.0328645221889019,unknown
mq_1_predator_uav,data\uav_dataset_color_mild_clean\train\mq_1_predator_uav\az270_el-10_dusk_operational_v00.jpg,-0.09447050094604492,-0.0328645221889019,unknown
mq_1_predator_uav,data\uav_dataset_color_mild_clean\train\mq_1_predator_uav\az270_el-10_morning_operational_v00.jpg,-0.15128594636917114,-0.0328645221889019,unknown
mq_1_predator_uav,data\uav_dataset_color_mild_clean\train\mq_1_predator_uav\az270_el-10_noon_clear_operational_v00.jpg,0.02851080149412155,-0.0328645221889019,unknown
mq_1_predator_uav,data\uav_dataset_color_mild_clean\train\mq_1_predator_uav\az270_el-25_dusk_operational_v00.jpg,-0.18044020235538483,-0.0328645221889019,unknown
mq_1_predator_uav,data\uav_dataset_color_mild_clean\train\mq_1_predator_uav\az270_el-25_morning_operational_v00.jpg,-0.14374594390392303,-0.0328645221889019,unknown
mq_1_predator_uav,data\uav_dataset_color_mild_clean\train\mq_1_predator_uav\az270_el-25_noon_clear_operational_v00.jpg,-0.15921881794929504,-0.0328645221889019,unknown
mq_1_predator_uav,data\uav_dataset_color_mild_clean\train\mq_1_predator_uav\az270_el-45_dusk_operational_v00.jpg,-0.08797594159841537,-0.0328645221889019,unknown
mq_1_predator_uav,data\uav_dataset_color_mild_clean\train\mq_1_predator_uav\az270_el-45_morning_operational_v00.jpg,-0.11376894265413284,-0.0328645221889019,unknown
mq_1_predator_uav,data\uav_dataset_color_mild_clean\train\mq_1_predator_uav\az270_el-45_noon_clear_operational_v00.jpg,-0.1313748061656952,-0.0328645221889019,unknown
mq_1_predator_uav,data\uav_dataset_color_mild_clean\train\mq_1_predator_uav\az270_el-65_dusk_operational_v00.jpg,-0.10904507339000702,-0.0328645221889019,unknown
mq_1_predator_uav,data\uav_dataset_color_mild_clean\train\mq_1_predator_uav\az270_el-65_morning_operational_v00.jpg,-0.11596278101205826,-0.0328645221889019,unknown
mq_1_predator_uav,data\uav_dataset_color_mild_clean\train\mq_1_predator_uav\az270_el-65_noon_clear_operational_v00.jpg,-0.10948222875595093,-0.0328645221889019,unknown
mq_1_predator_uav,data\uav_dataset_color_mild_clean\train\mq_1_predator_uav\az315_el-10_dusk_operational_v00.jpg,-0.11285664886236191,-0.0328645221889019,unknown
mq_1_predator_uav,data\uav_dataset_color_mild_clean\train\mq_1_predator_uav\az315_el-10_morning_operational_v00.jpg,-0.1166178435087204,-0.0328645221889019,unknown
mq_1_predator_uav,data\uav_dataset_color_mild_clean\train\mq_1_predator_uav\az315_el-10_noon_clear_operational_v00.jpg,-0.11230720579624176,-0.0328645221889019,unknown
mq_1_predator_uav,data\uav_dataset_color_mild_clean\train\mq_1_predator_uav\az315_el-25_dusk_operational_v00.jpg,-0.11672380566596985,-0.0328645221889019,unknown
mq_1_predator_uav,data\uav_dataset_color_mild_clean\train\mq_1_predator_uav\az315_el-25_morning_operational_v00.jpg,-0.10170461237430573,-0.0328645221889019,unknown
mq_1_predator_uav,data\uav_dataset_color_mild_clean\train\mq_1_predator_uav\az315_el-25_noon_clear_operational_v00.jpg,-0.18361149728298187,-0.0328645221889019,unknown
mq_1_predator_uav,data\uav_dataset_color_mild_clean\train\mq_1_predator_uav\az315_el-45_dusk_operational_v00.jpg,-0.22434943914413452,-0.0328645221889019,unknown
mq_1_predator_uav,data\uav_dataset_color_mild_clean\train\mq_1_predator_uav\az315_el-45_morning_operational_v00.jpg,-0.11369582265615463,-0.0328645221889019,unknown
mq_1_predator_uav,data\uav_dataset_color_mild_clean\train\mq_1_predator_uav\az315_el-45_noon_clear_operational_v00.jpg,-0.11661555618047714,-0.0328645221889019,unknown
mq_1_predator_uav,data\uav_dataset_color_mild_clean\train\mq_1_predator_uav\az315_el-65_dusk_operational_v00.jpg,-0.0777307003736496,-0.0328645221889019,unknown
mq_1_predator_uav,data\uav_dataset_color_mild_clean\train\mq_1_predator_uav\az315_el-65_morning_operational_v00.jpg,-0.09989356994628906,-0.0328645221889019,unknown
mq_1_predator_uav,data\uav_dataset_color_mild_clean\train\mq_1_predator_uav\az315_el-65_noon_clear_operational_v00.jpg,-0.06228065490722656,-0.0328645221889019,unknown
neg_airplane,data\uav_dataset_color_mild_clean\train\neg_airplane\az000_el-10_dusk_operational_v00.jpg,-0.12749366462230682,-0.01547743659466505,unknown
neg_airplane,data\uav_dataset_color_mild_clean\train\neg_airplane\az000_el-10_morning_operational_v00.jpg,-0.16514362394809723,-0.01547743659466505,unknown
neg_airplane,data\uav_dataset_color_mild_clean\train\neg_airplane\az000_el-10_noon_clear_operational_v00.jpg,-0.2748638987541199,-0.01547743659466505,unknown
neg_airplane,data\uav_dataset_color_mild_clean\train\neg_airplane\az000_el-25_dusk_operational_v00.jpg,-0.199345201253891,-0.01547743659466505,unknown
neg_airplane,data\uav_dataset_color_mild_clean\train\neg_airplane\az000_el-25_morning_operational_v00.jpg,-0.2491806149482727,-0.01547743659466505,unknown
neg_airplane,data\uav_dataset_color_mild_clean\train\neg_airplane\az000_el-25_noon_clear_operational_v00.jpg,-0.13703539967536926,-0.01547743659466505,unknown
neg_airplane,data\uav_dataset_color_mild_clean\train\neg_airplane\az000_el-45_dusk_operational_v00.jpg,-0.18487393856048584,-0.01547743659466505,unknown
neg_airplane,data\uav_dataset_color_mild_clean\train\neg_airplane\az000_el-45_morning_operational_v00.jpg,-0.033354975283145905,-0.01547743659466505,unknown
neg_airplane,data\uav_dataset_color_mild_clean\train\neg_airplane\az000_el-45_noon_clear_operational_v00.jpg,-0.11196377873420715,-0.01547743659466505,unknown
neg_airplane,data\uav_dataset_color_mild_clean\train\neg_airplane\az000_el-65_dusk_operational_v00.jpg,-0.021448956802487373,-0.01547743659466505,unknown
neg_airplane,data\uav_dataset_color_mild_clean\train\neg_airplane\az000_el-65_morning_operational_v00.jpg,-0.20460955798625946,-0.01547743659466505,unknown
neg_airplane,data\uav_dataset_color_mild_clean\train\neg_airplane\az000_el-65_noon_clear_operational_v00.jpg,-0.23204079270362854,-0.01547743659466505,unknown
neg_airplane,data\uav_dataset_color_mild_clean\train\neg_airplane\az045_el-10_dusk_operational_v00.jpg,-0.14240175485610962,-0.01547743659466505,unknown
neg_airplane,data\uav_dataset_color_mild_clean\train\neg_airplane\az045_el-10_morning_operational_v00.jpg,-0.17175859212875366,-0.01547743659466505,unknown
neg_airplane,data\uav_dataset_color_mild_clean\train\neg_airplane\az045_el-10_noon_clear_operational_v00.jpg,-0.1649014949798584,-0.01547743659466505,unknown
neg_airplane,data\uav_dataset_color_mild_clean\train\neg_airplane\az045_el-25_dusk_operational_v00.jpg,-0.17709091305732727,-0.01547743659466505,unknown
neg_airplane,data\uav_dataset_color_mild_clean\train\neg_airplane\az045_el-25_morning_operational_v00.jpg,-0.27013450860977173,-0.01547743659466505,unknown
neg_airplane,data\uav_dataset_color_mild_clean\train\neg_airplane\az045_el-25_noon_clear_operational_v00.jpg,-0.32643043994903564,-0.01547743659466505,unknown
neg_airplane,data\uav_dataset_color_mild_clean\train\neg_airplane\az045_el-45_dusk_operational_v00.jpg,-0.2131316363811493,-0.01547743659466505,unknown
neg_airplane,data\uav_dataset_color_mild_clean\train\neg_airplane\az045_el-45_morning_operational_v00.jpg,-0.29765474796295166,-0.01547743659466505,unknown
neg_airplane,data\uav_dataset_color_mild_clean\train\neg_airplane\az045_el-45_noon_clear_operational_v00.jpg,-0.2924877405166626,-0.01547743659466505,unknown
neg_airplane,data\uav_dataset_color_mild_clean\train\neg_airplane\az045_el-65_dusk_operational_v00.jpg,-0.32767730951309204,-0.01547743659466505,unknown
neg_airplane,data\uav_dataset_color_mild_clean\train\neg_airplane\az045_el-65_morning_operational_v00.jpg,-0.3035792112350464,-0.01547743659466505,unknown
neg_airplane,data\uav_dataset_color_mild_clean\train\neg_airplane\az045_el-65_noon_clear_operational_v00.jpg,-0.3131905794143677,-0.01547743659466505,unknown
neg_airplane,data\uav_dataset_color_mild_clean\train\neg_airplane\az090_el-10_dusk_operational_v00.jpg,-0.03847740963101387,-0.01547743659466505,unknown
neg_airplane,data\uav_dataset_color_mild_clean\train\neg_airplane\az090_el-10_morning_operational_v00.jpg,-0.047192830592393875,-0.01547743659466505,unknown
neg_airplane,data\uav_dataset_color_mild_clean\train\neg_airplane\az090_el-10_noon_clear_operational_v00.jpg,-0.13726627826690674,-0.01547743659466505,unknown
neg_airplane,data\uav_dataset_color_mild_clean\train\neg_airplane\az090_el-25_dusk_operational_v00.jpg,-0.2673088312149048,-0.01547743659466505,unknown
neg_airplane,data\uav_dataset_color_mild_clean\train\neg_airplane\az090_el-25_morning_operational_v00.jpg,-0.06310480833053589,-0.01547743659466505,unknown
neg_airplane,data\uav_dataset_color_mild_clean\train\neg_airplane\az090_el-25_noon_clear_operational_v00.jpg,-0.005932364612817764,-0.01547743659466505,unknown
neg_airplane,data\uav_dataset_color_mild_clean\train\neg_airplane\az090_el-45_dusk_operational_v00.jpg,-0.13103696703910828,-0.01547743659466505,unknown
neg_airplane,data\uav_dataset_color_mild_clean\train\neg_airplane\az090_el-45_morning_operational_v00.jpg,-0.30931079387664795,-0.01547743659466505,unknown
neg_airplane,data\uav_dataset_color_mild_clean\train\neg_airplane\az090_el-45_noon_clear_operational_v00.jpg,-0.12945356965065002,-0.01547743659466505,unknown
neg_airplane,data\uav_dataset_color_mild_clean\train\neg_airplane\az090_el-65_dusk_operational_v00.jpg,-0.270976185798645,-0.01547743659466505,unknown
neg_airplane,data\uav_dataset_color_mild_clean\train\neg_airplane\az090_el-65_morning_operational_v00.jpg,-0.267387330532074,-0.01547743659466505,unknown
neg_airplane,data\uav_dataset_color_mild_clean\train\neg_airplane\az090_el-65_noon_clear_operational_v00.jpg,-0.3752076327800751,-0.01547743659466505,unknown
neg_airplane,data\uav_dataset_color_mild_clean\train\neg_airplane\az135_el-10_dusk_operational_v00.jpg,-0.3644424378871918,-0.01547743659466505,unknown
neg_airplane,data\uav_dataset_color_mild_clean\train\neg_airplane\az135_el-10_morning_operational_v00.jpg,-0.07534857094287872,-0.01547743659466505,unknown
neg_airplane,data\uav_dataset_color_mild_clean\train\neg_airplane\az135_el-10_noon_clear_operational_v00.jpg,-0.1864711046218872,-0.01547743659466505,unknown
neg_airplane,data\uav_dataset_color_mild_clean\train\neg_airplane\az135_el-25_dusk_operational_v00.jpg,-0.06799560785293579,-0.01547743659466505,unknown
neg_airplane,data\uav_dataset_color_mild_clean\train\neg_airplane\az135_el-25_morning_operational_v00.jpg,-0.1407957673072815,-0.01547743659466505,unknown
neg_airplane,data\uav_dataset_color_mild_clean\train\neg_airplane\az135_el-25_noon_clear_operational_v00.jpg,-0.1970888376235962,-0.01547743659466505,unknown
neg_airplane,data\uav_dataset_color_mild_clean\train\neg_airplane\az135_el-45_dusk_operational_v00.jpg,-0.23177549242973328,-0.01547743659466505,unknown
neg_airplane,data\uav_dataset_color_mild_clean\train\neg_airplane\az135_el-45_morning_operational_v00.jpg,-0.2485997974872589,-0.01547743659466505,unknown
neg_airplane,data\uav_dataset_color_mild_clean\train\neg_airplane\az135_el-45_noon_clear_operational_v00.jpg,-0.3188116252422333,-0.01547743659466505,unknown
neg_airplane,data\uav_dataset_color_mild_clean\train\neg_airplane\az135_el-65_dusk_operational_v00.jpg,-0.1811673790216446,-0.01547743659466505,unknown
neg_airplane,data\uav_dataset_color_mild_clean\train\neg_airplane\az135_el-65_morning_operational_v00.jpg,-0.3017805218696594,-0.01547743659466505,unknown
neg_airplane,data\uav_dataset_color_mild_clean\train\neg_airplane\az135_el-65_noon_clear_operational_v00.jpg,-0.32316115498542786,-0.01547743659466505,unknown
neg_airplane,data\uav_dataset_color_mild_clean\train\neg_airplane\az180_el-10_dusk_operational_v00.jpg,-0.14127737283706665,-0.01547743659466505,unknown
neg_airplane,data\uav_dataset_color_mild_clean\train\neg_airplane\az180_el-10_morning_operational_v00.jpg,-0.1355488896369934,-0.01547743659466505,unknown
neg_airplane,data\uav_dataset_color_mild_clean\train\neg_airplane\az180_el-10_noon_clear_operational_v00.jpg,-0.24711701273918152,-0.01547743659466505,unknown
neg_airplane,data\uav_dataset_color_mild_clean\train\neg_airplane\az180_el-25_dusk_operational_v00.jpg,-0.15770496428012848,-0.01547743659466505,unknown
neg_airplane,data\uav_dataset_color_mild_clean\train\neg_airplane\az180_el-25_morning_operational_v00.jpg,-0.20262792706489563,-0.01547743659466505,unknown
neg_airplane,data\uav_dataset_color_mild_clean\train\neg_airplane\az180_el-25_noon_clear_operational_v00.jpg,-0.19914014637470245,-0.01547743659466505,unknown
neg_airplane,data\uav_dataset_color_mild_clean\train\neg_airplane\az180_el-45_dusk_operational_v00.jpg,-0.2517031729221344,-0.01547743659466505,unknown
neg_airplane,data\uav_dataset_color_mild_clean\train\neg_airplane\az180_el-45_morning_operational_v00.jpg,-0.19798071682453156,-0.01547743659466505,unknown
neg_airplane,data\uav_dataset_color_mild_clean\train\neg_airplane\az180_el-45_noon_clear_operational_v00.jpg,-0.18914176523685455,-0.01547743659466505,unknown
neg_airplane,data\uav_dataset_color_mild_clean\train\neg_airplane\az180_el-65_dusk_operational_v00.jpg,-0.21864740550518036,-0.01547743659466505,unknown
neg_airplane,data\uav_dataset_color_mild_clean\train\neg_airplane\az180_el-65_morning_operational_v00.jpg,-0.23728129267692566,-0.01547743659466505,unknown
neg_airplane,data\uav_dataset_color_mild_clean\train\neg_airplane\az180_el-65_noon_clear_operational_v00.jpg,-0.08110812306404114,-0.01547743659466505,unknown
neg_airplane,data\uav_dataset_color_mild_clean\train\neg_airplane\az225_el-10_dusk_operational_v00.jpg,-0.23203088343143463,-0.01547743659466505,unknown
neg_airplane,data\uav_dataset_color_mild_clean\train\neg_airplane\az225_el-10_morning_operational_v00.jpg,-0.17682304978370667,-0.01547743659466505,unknown
neg_airplane,data\uav_dataset_color_mild_clean\train\neg_airplane\az225_el-10_noon_clear_operational_v00.jpg,-0.13965317606925964,-0.01547743659466505,unknown
neg_airplane,data\uav_dataset_color_mild_clean\train\neg_airplane\az225_el-25_dusk_operational_v00.jpg,-0.09158498048782349,-0.01547743659466505,unknown
neg_airplane,data\uav_dataset_color_mild_clean\train\neg_airplane\az225_el-25_morning_operational_v00.jpg,-0.18509286642074585,-0.01547743659466505,unknown
neg_airplane,data\uav_dataset_color_mild_clean\train\neg_airplane\az225_el-25_noon_clear_operational_v00.jpg,-0.13637089729309082,-0.01547743659466505,unknown
neg_airplane,data\uav_dataset_color_mild_clean\train\neg_airplane\az225_el-45_dusk_operational_v00.jpg,-0.21274854242801666,-0.01547743659466505,unknown
neg_airplane,data\uav_dataset_color_mild_clean\train\neg_airplane\az225_el-45_morning_operational_v00.jpg,-0.1901628077030182,-0.01547743659466505,unknown
neg_airplane,data\uav_dataset_color_mild_clean\train\neg_airplane\az225_el-45_noon_clear_operational_v00.jpg,-0.3042386472225189,-0.01547743659466505,unknown
neg_airplane,data\uav_dataset_color_mild_clean\train\neg_airplane\az225_el-65_dusk_operational_v00.jpg,-0.1424291431903839,-0.01547743659466505,unknown
neg_airplane,data\uav_dataset_color_mild_clean\train\neg_airplane\az225_el-65_morning_operational_v00.jpg,-0.36348795890808105,-0.01547743659466505,unknown
neg_airplane,data\uav_dataset_color_mild_clean\train\neg_airplane\az225_el-65_noon_clear_operational_v00.jpg,-0.26274779438972473,-0.01547743659466505,unknown
neg_airplane,data\uav_dataset_color_mild_clean\train\neg_airplane\az270_el-10_dusk_operational_v00.jpg,-0.1628657579421997,-0.01547743659466505,unknown
neg_airplane,data\uav_dataset_color_mild_clean\train\neg_airplane\az270_el-10_morning_operational_v00.jpg,-0.2595403790473938,-0.01547743659466505,unknown
neg_airplane,data\uav_dataset_color_mild_clean\train\neg_airplane\az270_el-10_noon_clear_operational_v00.jpg,-0.01483095996081829,-0.01547743659466505,unknown
neg_airplane,data\uav_dataset_color_mild_clean\train\neg_airplane\az270_el-25_dusk_operational_v00.jpg,-0.12754684686660767,-0.01547743659466505,unknown
neg_airplane,data\uav_dataset_color_mild_clean\train\neg_airplane\az270_el-25_morning_operational_v00.jpg,-0.13670828938484192,-0.01547743659466505,unknown
neg_airplane,data\uav_dataset_color_mild_clean\train\neg_airplane\az270_el-25_noon_clear_operational_v00.jpg,-0.10936731100082397,-0.01547743659466505,unknown
neg_airplane,data\uav_dataset_color_mild_clean\train\neg_airplane\az270_el-45_dusk_operational_v00.jpg,-0.20496878027915955,-0.01547743659466505,unknown
neg_airplane,data\uav_dataset_color_mild_clean\train\neg_airplane\az270_el-45_morning_operational_v00.jpg,-0.10429234057664871,-0.01547743659466505,unknown
neg_airplane,data\uav_dataset_color_mild_clean\train\neg_airplane\az270_el-45_noon_clear_operational_v00.jpg,-0.05195651948451996,-0.01547743659466505,unknown
neg_airplane,data\uav_dataset_color_mild_clean\train\neg_airplane\az270_el-65_dusk_operational_v00.jpg,-0.08392920345067978,-0.01547743659466505,unknown
neg_airplane,data\uav_dataset_color_mild_clean\train\neg_airplane\az270_el-65_morning_operational_v00.jpg,-0.08249049633741379,-0.01547743659466505,unknown
neg_airplane,data\uav_dataset_color_mild_clean\train\neg_airplane\az270_el-65_noon_clear_operational_v00.jpg,-0.1624133586883545,-0.01547743659466505,unknown
neg_airplane,data\uav_dataset_color_mild_clean\train\neg_airplane\az315_el-10_dusk_operational_v00.jpg,-0.1703089028596878,-0.01547743659466505,unknown
neg_airplane,data\uav_dataset_color_mild_clean\train\neg_airplane\az315_el-10_morning_operational_v00.jpg,-0.35761430859565735,-0.01547743659466505,unknown
neg_airplane,data\uav_dataset_color_mild_clean\train\neg_airplane\az315_el-10_noon_clear_operational_v00.jpg,-0.12195903062820435,-0.01547743659466505,unknown
neg_airplane,data\uav_dataset_color_mild_clean\train\neg_airplane\az315_el-25_dusk_operational_v00.jpg,-0.07297327369451523,-0.01547743659466505,unknown
neg_airplane,data\uav_dataset_color_mild_clean\train\neg_airplane\az315_el-25_morning_operational_v00.jpg,-0.2570980191230774,-0.01547743659466505,unknown
neg_airplane,data\uav_dataset_color_mild_clean\train\neg_airplane\az315_el-25_noon_clear_operational_v00.jpg,-0.14452660083770752,-0.01547743659466505,unknown
neg_airplane,data\uav_dataset_color_mild_clean\train\neg_airplane\az315_el-45_dusk_operational_v00.jpg,-0.29234644770622253,-0.01547743659466505,unknown
neg_airplane,data\uav_dataset_color_mild_clean\train\neg_airplane\az315_el-45_morning_operational_v00.jpg,-0.19976906478405,-0.01547743659466505,unknown
neg_airplane,data\uav_dataset_color_mild_clean\train\neg_airplane\az315_el-45_noon_clear_operational_v00.jpg,-0.17298778891563416,-0.01547743659466505,unknown
neg_airplane,data\uav_dataset_color_mild_clean\train\neg_airplane\az315_el-65_dusk_operational_v00.jpg,-0.31471502780914307,-0.01547743659466505,unknown
neg_airplane,data\uav_dataset_color_mild_clean\train\neg_airplane\az315_el-65_morning_operational_v00.jpg,-0.001819925382733345,-0.01547743659466505,unknown
neg_airplane,data\uav_dataset_color_mild_clean\train\neg_airplane\az315_el-65_noon_clear_operational_v00.jpg,-0.17975790798664093,-0.01547743659466505,unknown
neg_airplane_crj-900_cityjet,data\uav_dataset_color_mild_clean\train\neg_airplane_crj-900_cityjet\az000_el-10_dusk_operational_v00.jpg,-0.20764173567295074,-0.0229865163564682,unknown
neg_airplane_crj-900_cityjet,data\uav_dataset_color_mild_clean\train\neg_airplane_crj-900_cityjet\az000_el-10_morning_operational_v00.jpg,-0.11005936563014984,-0.0229865163564682,unknown
neg_airplane_crj-900_cityjet,data\uav_dataset_color_mild_clean\train\neg_airplane_crj-900_cityjet\az000_el-10_noon_clear_operational_v00.jpg,-0.3109344244003296,-0.0229865163564682,unknown
neg_airplane_crj-900_cityjet,data\uav_dataset_color_mild_clean\train\neg_airplane_crj-900_cityjet\az000_el-25_dusk_operational_v00.jpg,-0.16445748507976532,-0.0229865163564682,unknown
neg_airplane_crj-900_cityjet,data\uav_dataset_color_mild_clean\train\neg_airplane_crj-900_cityjet\az000_el-25_morning_operational_v00.jpg,-0.3737504482269287,-0.0229865163564682,unknown
neg_airplane_crj-900_cityjet,data\uav_dataset_color_mild_clean\train\neg_airplane_crj-900_cityjet\az000_el-25_noon_clear_operational_v00.jpg,-0.2589356303215027,-0.0229865163564682,unknown
neg_airplane_crj-900_cityjet,data\uav_dataset_color_mild_clean\train\neg_airplane_crj-900_cityjet\az000_el-45_dusk_operational_v00.jpg,-0.2903144955635071,-0.0229865163564682,unknown
neg_airplane_crj-900_cityjet,data\uav_dataset_color_mild_clean\train\neg_airplane_crj-900_cityjet\az000_el-45_morning_operational_v00.jpg,-0.239335298538208,-0.0229865163564682,unknown
neg_airplane_crj-900_cityjet,data\uav_dataset_color_mild_clean\train\neg_airplane_crj-900_cityjet\az000_el-45_noon_clear_operational_v00.jpg,-0.268072247505188,-0.0229865163564682,unknown
neg_airplane_crj-900_cityjet,data\uav_dataset_color_mild_clean\train\neg_airplane_crj-900_cityjet\az000_el-65_dusk_operational_v00.jpg,-0.03638845682144165,-0.0229865163564682,unknown
neg_airplane_crj-900_cityjet,data\uav_dataset_color_mild_clean\train\neg_airplane_crj-900_cityjet\az000_el-65_morning_operational_v00.jpg,-0.17345160245895386,-0.0229865163564682,unknown
neg_airplane_crj-900_cityjet,data\uav_dataset_color_mild_clean\train\neg_airplane_crj-900_cityjet\az000_el-65_noon_clear_operational_v00.jpg,-0.18364310264587402,-0.0229865163564682,unknown
neg_airplane_crj-900_cityjet,data\uav_dataset_color_mild_clean\train\neg_airplane_crj-900_cityjet\az045_el-10_dusk_operational_v00.jpg,-0.1982422024011612,-0.0229865163564682,unknown
neg_airplane_crj-900_cityjet,data\uav_dataset_color_mild_clean\train\neg_airplane_crj-900_cityjet\az045_el-10_morning_operational_v00.jpg,-0.213714137673378,-0.0229865163564682,unknown
neg_airplane_crj-900_cityjet,data\uav_dataset_color_mild_clean\train\neg_airplane_crj-900_cityjet\az045_el-10_noon_clear_operational_v00.jpg,-0.13826307654380798,-0.0229865163564682,unknown
neg_airplane_crj-900_cityjet,data\uav_dataset_color_mild_clean\train\neg_airplane_crj-900_cityjet\az045_el-25_dusk_operational_v00.jpg,-0.1751800924539566,-0.0229865163564682,unknown
neg_airplane_crj-900_cityjet,data\uav_dataset_color_mild_clean\train\neg_airplane_crj-900_cityjet\az045_el-25_morning_operational_v00.jpg,-0.21137240529060364,-0.0229865163564682,unknown
neg_airplane_crj-900_cityjet,data\uav_dataset_color_mild_clean\train\neg_airplane_crj-900_cityjet\az045_el-25_noon_clear_operational_v00.jpg,-0.17961204051971436,-0.0229865163564682,unknown
neg_airplane_crj-900_cityjet,data\uav_dataset_color_mild_clean\train\neg_airplane_crj-900_cityjet\az045_el-45_dusk_operational_v00.jpg,-0.20676156878471375,-0.0229865163564682,unknown
neg_airplane_crj-900_cityjet,data\uav_dataset_color_mild_clean\train\neg_airplane_crj-900_cityjet\az045_el-45_morning_operational_v00.jpg,-0.30581310391426086,-0.0229865163564682,unknown
neg_airplane_crj-900_cityjet,data\uav_dataset_color_mild_clean\train\neg_airplane_crj-900_cityjet\az045_el-45_noon_clear_operational_v00.jpg,-0.29174500703811646,-0.0229865163564682,unknown
neg_airplane_crj-900_cityjet,data\uav_dataset_color_mild_clean\train\neg_airplane_crj-900_cityjet\az045_el-65_dusk_operational_v00.jpg,-0.09725784510374069,-0.0229865163564682,unknown
neg_airplane_crj-900_cityjet,data\uav_dataset_color_mild_clean\train\neg_airplane_crj-900_cityjet\az045_el-65_morning_operational_v00.jpg,-0.23708166182041168,-0.0229865163564682,unknown
neg_airplane_crj-900_cityjet,data\uav_dataset_color_mild_clean\train\neg_airplane_crj-900_cityjet\az045_el-65_noon_clear_operational_v00.jpg,-0.27773821353912354,-0.0229865163564682,unknown
neg_airplane_crj-900_cityjet,data\uav_dataset_color_mild_clean\train\neg_airplane_crj-900_cityjet\az090_el-10_dusk_operational_v00.jpg,-0.13418275117874146,-0.0229865163564682,unknown
neg_airplane_crj-900_cityjet,data\uav_dataset_color_mild_clean\train\neg_airplane_crj-900_cityjet\az090_el-10_morning_operational_v00.jpg,-0.09506551921367645,-0.0229865163564682,unknown
neg_airplane_crj-900_cityjet,data\uav_dataset_color_mild_clean\train\neg_airplane_crj-900_cityjet\az090_el-10_noon_clear_operational_v00.jpg,-0.1653686761856079,-0.0229865163564682,unknown
neg_airplane_crj-900_cityjet,data\uav_dataset_color_mild_clean\train\neg_airplane_crj-900_cityjet\az090_el-25_dusk_operational_v00.jpg,-0.20015940070152283,-0.0229865163564682,unknown
neg_airplane_crj-900_cityjet,data\uav_dataset_color_mild_clean\train\neg_airplane_crj-900_cityjet\az090_el-25_morning_operational_v00.jpg,-0.19917795062065125,-0.0229865163564682,unknown
neg_airplane_crj-900_cityjet,data\uav_dataset_color_mild_clean\train\neg_airplane_crj-900_cityjet\az090_el-25_noon_clear_operational_v00.jpg,-0.045427706092596054,-0.0229865163564682,unknown
neg_airplane_crj-900_cityjet,data\uav_dataset_color_mild_clean\train\neg_airplane_crj-900_cityjet\az090_el-45_dusk_operational_v00.jpg,-0.05642785504460335,-0.0229865163564682,unknown
neg_airplane_crj-900_cityjet,data\uav_dataset_color_mild_clean\train\neg_airplane_crj-900_cityjet\az090_el-45_morning_operational_v00.jpg,-0.14753587543964386,-0.0229865163564682,unknown
neg_airplane_crj-900_cityjet,data\uav_dataset_color_mild_clean\train\neg_airplane_crj-900_cityjet\az090_el-45_noon_clear_operational_v00.jpg,-0.0965714380145073,-0.0229865163564682,unknown
neg_airplane_crj-900_cityjet,data\uav_dataset_color_mild_clean\train\neg_airplane_crj-900_cityjet\az090_el-65_dusk_operational_v00.jpg,-0.18737423419952393,-0.0229865163564682,unknown
neg_airplane_crj-900_cityjet,data\uav_dataset_color_mild_clean\train\neg_airplane_crj-900_cityjet\az090_el-65_morning_operational_v00.jpg,-0.0666063129901886,-0.0229865163564682,unknown
neg_airplane_crj-900_cityjet,data\uav_dataset_color_mild_clean\train\neg_airplane_crj-900_cityjet\az090_el-65_noon_clear_operational_v00.jpg,-0.2549011707305908,-0.0229865163564682,unknown
neg_airplane_crj-900_cityjet,data\uav_dataset_color_mild_clean\train\neg_airplane_crj-900_cityjet\az135_el-10_dusk_operational_v00.jpg,-0.12576274573802948,-0.0229865163564682,unknown
neg_airplane_crj-900_cityjet,data\uav_dataset_color_mild_clean\train\neg_airplane_crj-900_cityjet\az135_el-10_morning_operational_v00.jpg,-0.06100273132324219,-0.0229865163564682,unknown
neg_airplane_crj-900_cityjet,data\uav_dataset_color_mild_clean\train\neg_airplane_crj-900_cityjet\az135_el-10_noon_clear_operational_v00.jpg,-0.3836163580417633,-0.0229865163564682,unknown
neg_airplane_crj-900_cityjet,data\uav_dataset_color_mild_clean\train\neg_airplane_crj-900_cityjet\az135_el-25_dusk_operational_v00.jpg,-0.2381466031074524,-0.0229865163564682,unknown
neg_airplane_crj-900_cityjet,data\uav_dataset_color_mild_clean\train\neg_airplane_crj-900_cityjet\az135_el-25_morning_operational_v00.jpg,-0.35966941714286804,-0.0229865163564682,unknown
neg_airplane_crj-900_cityjet,data\uav_dataset_color_mild_clean\train\neg_airplane_crj-900_cityjet\az135_el-25_noon_clear_operational_v00.jpg,-0.21500033140182495,-0.0229865163564682,unknown
neg_airplane_crj-900_cityjet,data\uav_dataset_color_mild_clean\train\neg_airplane_crj-900_cityjet\az135_el-45_dusk_operational_v00.jpg,-0.18682008981704712,-0.0229865163564682,unknown
neg_airplane_crj-900_cityjet,data\uav_dataset_color_mild_clean\train\neg_airplane_crj-900_cityjet\az135_el-45_morning_operational_v00.jpg,-0.20049971342086792,-0.0229865163564682,unknown
neg_airplane_crj-900_cityjet,data\uav_dataset_color_mild_clean\train\neg_airplane_crj-900_cityjet\az135_el-45_noon_clear_operational_v00.jpg,-0.39820387959480286,-0.0229865163564682,unknown
neg_airplane_crj-900_cityjet,data\uav_dataset_color_mild_clean\train\neg_airplane_crj-900_cityjet\az135_el-65_dusk_operational_v00.jpg,-0.14904552698135376,-0.0229865163564682,unknown
neg_airplane_crj-900_cityjet,data\uav_dataset_color_mild_clean\train\neg_airplane_crj-900_cityjet\az135_el-65_morning_operational_v00.jpg,-0.1741902232170105,-0.0229865163564682,unknown
neg_airplane_crj-900_cityjet,data\uav_dataset_color_mild_clean\train\neg_airplane_crj-900_cityjet\az135_el-65_noon_clear_operational_v00.jpg,-0.2607603669166565,-0.0229865163564682,unknown
neg_airplane_crj-900_cityjet,data\uav_dataset_color_mild_clean\train\neg_airplane_crj-900_cityjet\az180_el-10_dusk_operational_v00.jpg,-0.206166073679924,-0.0229865163564682,unknown
neg_airplane_crj-900_cityjet,data\uav_dataset_color_mild_clean\train\neg_airplane_crj-900_cityjet\az180_el-10_morning_operational_v00.jpg,-0.2366134226322174,-0.0229865163564682,unknown
neg_airplane_crj-900_cityjet,data\uav_dataset_color_mild_clean\train\neg_airplane_crj-900_cityjet\az180_el-10_noon_clear_operational_v00.jpg,-0.11974090337753296,-0.0229865163564682,unknown
neg_airplane_crj-900_cityjet,data\uav_dataset_color_mild_clean\train\neg_airplane_crj-900_cityjet\az180_el-25_dusk_operational_v00.jpg,-0.3662259876728058,-0.0229865163564682,unknown
neg_airplane_crj-900_cityjet,data\uav_dataset_color_mild_clean\train\neg_airplane_crj-900_cityjet\az180_el-25_morning_operational_v00.jpg,-0.20022617280483246,-0.0229865163564682,unknown
neg_airplane_crj-900_cityjet,data\uav_dataset_color_mild_clean\train\neg_airplane_crj-900_cityjet\az180_el-25_noon_clear_operational_v00.jpg,-0.233119934797287,-0.0229865163564682,unknown
neg_airplane_crj-900_cityjet,data\uav_dataset_color_mild_clean\train\neg_airplane_crj-900_cityjet\az180_el-45_dusk_operational_v00.jpg,-0.18211114406585693,-0.0229865163564682,unknown
neg_airplane_crj-900_cityjet,data\uav_dataset_color_mild_clean\train\neg_airplane_crj-900_cityjet\az180_el-45_morning_operational_v00.jpg,-0.09859264642000198,-0.0229865163564682,unknown
neg_airplane_crj-900_cityjet,data\uav_dataset_color_mild_clean\train\neg_airplane_crj-900_cityjet\az180_el-45_noon_clear_operational_v00.jpg,-0.2556268572807312,-0.0229865163564682,unknown
neg_airplane_crj-900_cityjet,data\uav_dataset_color_mild_clean\train\neg_airplane_crj-900_cityjet\az180_el-65_dusk_operational_v00.jpg,-0.06782597303390503,-0.0229865163564682,unknown
neg_airplane_crj-900_cityjet,data\uav_dataset_color_mild_clean\train\neg_airplane_crj-900_cityjet\az180_el-65_morning_operational_v00.jpg,-0.22699807584285736,-0.0229865163564682,unknown
neg_airplane_crj-900_cityjet,data\uav_dataset_color_mild_clean\train\neg_airplane_crj-900_cityjet\az180_el-65_noon_clear_operational_v00.jpg,-0.19095292687416077,-0.0229865163564682,unknown
neg_airplane_crj-900_cityjet,data\uav_dataset_color_mild_clean\train\neg_airplane_crj-900_cityjet\az225_el-10_dusk_operational_v00.jpg,-0.17741753160953522,-0.0229865163564682,unknown
neg_airplane_crj-900_cityjet,data\uav_dataset_color_mild_clean\train\neg_airplane_crj-900_cityjet\az225_el-10_morning_operational_v00.jpg,-0.14022521674633026,-0.0229865163564682,unknown
neg_airplane_crj-900_cityjet,data\uav_dataset_color_mild_clean\train\neg_airplane_crj-900_cityjet\az225_el-10_noon_clear_operational_v00.jpg,-0.29036715626716614,-0.0229865163564682,unknown
neg_airplane_crj-900_cityjet,data\uav_dataset_color_mild_clean\train\neg_airplane_crj-900_cityjet\az225_el-25_dusk_operational_v00.jpg,-0.13052591681480408,-0.0229865163564682,unknown
neg_airplane_crj-900_cityjet,data\uav_dataset_color_mild_clean\train\neg_airplane_crj-900_cityjet\az225_el-25_morning_operational_v00.jpg,-0.2227575033903122,-0.0229865163564682,unknown
neg_airplane_crj-900_cityjet,data\uav_dataset_color_mild_clean\train\neg_airplane_crj-900_cityjet\az225_el-25_noon_clear_operational_v00.jpg,-0.3437766134738922,-0.0229865163564682,unknown
neg_airplane_crj-900_cityjet,data\uav_dataset_color_mild_clean\train\neg_airplane_crj-900_cityjet\az225_el-45_dusk_operational_v00.jpg,-0.10965505242347717,-0.0229865163564682,unknown
neg_airplane_crj-900_cityjet,data\uav_dataset_color_mild_clean\train\neg_airplane_crj-900_cityjet\az225_el-45_morning_operational_v00.jpg,-0.1245865672826767,-0.0229865163564682,unknown
neg_airplane_crj-900_cityjet,data\uav_dataset_color_mild_clean\train\neg_airplane_crj-900_cityjet\az225_el-45_noon_clear_operational_v00.jpg,-0.30567866563796997,-0.0229865163564682,unknown
neg_airplane_crj-900_cityjet,data\uav_dataset_color_mild_clean\train\neg_airplane_crj-900_cityjet\az225_el-65_dusk_operational_v00.jpg,-0.06455103307962418,-0.0229865163564682,unknown
neg_airplane_crj-900_cityjet,data\uav_dataset_color_mild_clean\train\neg_airplane_crj-900_cityjet\az225_el-65_morning_operational_v00.jpg,-0.09686654061079025,-0.0229865163564682,unknown
neg_airplane_crj-900_cityjet,data\uav_dataset_color_mild_clean\train\neg_airplane_crj-900_cityjet\az225_el-65_noon_clear_operational_v00.jpg,-0.19807639718055725,-0.0229865163564682,unknown
neg_airplane_crj-900_cityjet,data\uav_dataset_color_mild_clean\train\neg_airplane_crj-900_cityjet\az270_el-10_dusk_operational_v00.jpg,-0.0675029456615448,-0.0229865163564682,unknown
neg_airplane_crj-900_cityjet,data\uav_dataset_color_mild_clean\train\neg_airplane_crj-900_cityjet\az270_el-10_morning_operational_v00.jpg,-0.0860297679901123,-0.0229865163564682,unknown
neg_airplane_crj-900_cityjet,data\uav_dataset_color_mild_clean\train\neg_airplane_crj-900_cityjet\az270_el-10_noon_clear_operational_v00.jpg,-0.1340370774269104,-0.0229865163564682,unknown
neg_airplane_crj-900_cityjet,data\uav_dataset_color_mild_clean\train\neg_airplane_crj-900_cityjet\az270_el-25_dusk_operational_v00.jpg,-0.14090843498706818,-0.0229865163564682,unknown
neg_airplane_crj-900_cityjet,data\uav_dataset_color_mild_clean\train\neg_airplane_crj-900_cityjet\az270_el-25_morning_operational_v00.jpg,-0.13763375580310822,-0.0229865163564682,unknown
neg_airplane_crj-900_cityjet,data\uav_dataset_color_mild_clean\train\neg_airplane_crj-900_cityjet\az270_el-25_noon_clear_operational_v00.jpg,-0.2590970993041992,-0.0229865163564682,unknown
neg_airplane_crj-900_cityjet,data\uav_dataset_color_mild_clean\train\neg_airplane_crj-900_cityjet\az270_el-45_dusk_operational_v00.jpg,-0.1191716194152832,-0.0229865163564682,unknown
neg_airplane_crj-900_cityjet,data\uav_dataset_color_mild_clean\train\neg_airplane_crj-900_cityjet\az270_el-45_morning_operational_v00.jpg,-0.090634286403656,-0.0229865163564682,unknown
neg_airplane_crj-900_cityjet,data\uav_dataset_color_mild_clean\train\neg_airplane_crj-900_cityjet\az270_el-45_noon_clear_operational_v00.jpg,-0.13952110707759857,-0.0229865163564682,unknown
neg_airplane_crj-900_cityjet,data\uav_dataset_color_mild_clean\train\neg_airplane_crj-900_cityjet\az270_el-65_dusk_operational_v00.jpg,-0.10789579898118973,-0.0229865163564682,unknown
neg_airplane_crj-900_cityjet,data\uav_dataset_color_mild_clean\train\neg_airplane_crj-900_cityjet\az270_el-65_morning_operational_v00.jpg,0.08431416749954224,-0.0229865163564682,unknown
neg_airplane_crj-900_cityjet,data\uav_dataset_color_mild_clean\train\neg_airplane_crj-900_cityjet\az270_el-65_noon_clear_operational_v00.jpg,-0.27297624945640564,-0.0229865163564682,unknown
neg_airplane_crj-900_cityjet,data\uav_dataset_color_mild_clean\train\neg_airplane_crj-900_cityjet\az315_el-10_dusk_operational_v00.jpg,-0.2516781985759735,-0.0229865163564682,unknown
neg_airplane_crj-900_cityjet,data\uav_dataset_color_mild_clean\train\neg_airplane_crj-900_cityjet\az315_el-10_morning_operational_v00.jpg,-0.17088299989700317,-0.0229865163564682,unknown
neg_airplane_crj-900_cityjet,data\uav_dataset_color_mild_clean\train\neg_airplane_crj-900_cityjet\az315_el-10_noon_clear_operational_v00.jpg,-0.16904476284980774,-0.0229865163564682,unknown
neg_airplane_crj-900_cityjet,data\uav_dataset_color_mild_clean\train\neg_airplane_crj-900_cityjet\az315_el-25_dusk_operational_v00.jpg,-0.16377979516983032,-0.0229865163564682,unknown
neg_airplane_crj-900_cityjet,data\uav_dataset_color_mild_clean\train\neg_airplane_crj-900_cityjet\az315_el-25_morning_operational_v00.jpg,-0.18632376194000244,-0.0229865163564682,unknown
neg_airplane_crj-900_cityjet,data\uav_dataset_color_mild_clean\train\neg_airplane_crj-900_cityjet\az315_el-25_noon_clear_operational_v00.jpg,-0.13838344812393188,-0.0229865163564682,unknown
neg_airplane_crj-900_cityjet,data\uav_dataset_color_mild_clean\train\neg_airplane_crj-900_cityjet\az315_el-45_dusk_operational_v00.jpg,-0.16070537269115448,-0.0229865163564682,unknown
neg_airplane_crj-900_cityjet,data\uav_dataset_color_mild_clean\train\neg_airplane_crj-900_cityjet\az315_el-45_morning_operational_v00.jpg,-0.10565655678510666,-0.0229865163564682,unknown
neg_airplane_crj-900_cityjet,data\uav_dataset_color_mild_clean\train\neg_airplane_crj-900_cityjet\az315_el-45_noon_clear_operational_v00.jpg,-0.12837868928909302,-0.0229865163564682,unknown
neg_airplane_crj-900_cityjet,data\uav_dataset_color_mild_clean\train\neg_airplane_crj-900_cityjet\az315_el-65_dusk_operational_v00.jpg,-0.13781127333641052,-0.0229865163564682,unknown
neg_airplane_crj-900_cityjet,data\uav_dataset_color_mild_clean\train\neg_airplane_crj-900_cityjet\az315_el-65_morning_operational_v00.jpg,-0.08052080869674683,-0.0229865163564682,unknown
neg_airplane_crj-900_cityjet,data\uav_dataset_color_mild_clean\train\neg_airplane_crj-900_cityjet\az315_el-65_noon_clear_operational_v00.jpg,-0.1605626940727234,-0.0229865163564682,unknown
neg_airplane_ww1,data\uav_dataset_color_mild_clean\train\neg_airplane_ww1\az000_el-10_dusk_operational_v00.jpg,-0.17464712262153625,-0.047100815922021866,unknown
neg_airplane_ww1,data\uav_dataset_color_mild_clean\train\neg_airplane_ww1\az000_el-10_morning_operational_v00.jpg,-0.29045045375823975,-0.047100815922021866,unknown
neg_airplane_ww1,data\uav_dataset_color_mild_clean\train\neg_airplane_ww1\az000_el-10_noon_clear_operational_v00.jpg,-0.2861670255661011,-0.047100815922021866,unknown
neg_airplane_ww1,data\uav_dataset_color_mild_clean\train\neg_airplane_ww1\az000_el-25_dusk_operational_v00.jpg,-0.20644406974315643,-0.047100815922021866,unknown
neg_airplane_ww1,data\uav_dataset_color_mild_clean\train\neg_airplane_ww1\az000_el-25_morning_operational_v00.jpg,-0.19491368532180786,-0.047100815922021866,unknown
neg_airplane_ww1,data\uav_dataset_color_mild_clean\train\neg_airplane_ww1\az000_el-25_noon_clear_operational_v00.jpg,-0.27739930152893066,-0.047100815922021866,unknown
neg_airplane_ww1,data\uav_dataset_color_mild_clean\train\neg_airplane_ww1\az000_el-45_dusk_operational_v00.jpg,-0.2050987184047699,-0.047100815922021866,unknown
neg_airplane_ww1,data\uav_dataset_color_mild_clean\train\neg_airplane_ww1\az000_el-45_morning_operational_v00.jpg,-0.13952815532684326,-0.047100815922021866,unknown
neg_airplane_ww1,data\uav_dataset_color_mild_clean\train\neg_airplane_ww1\az000_el-45_noon_clear_operational_v00.jpg,-0.24239277839660645,-0.047100815922021866,unknown
neg_airplane_ww1,data\uav_dataset_color_mild_clean\train\neg_airplane_ww1\az000_el-65_dusk_operational_v00.jpg,-0.14112472534179688,-0.047100815922021866,unknown
neg_airplane_ww1,data\uav_dataset_color_mild_clean\train\neg_airplane_ww1\az000_el-65_morning_operational_v00.jpg,-0.10136393457651138,-0.047100815922021866,unknown
neg_airplane_ww1,data\uav_dataset_color_mild_clean\train\neg_airplane_ww1\az000_el-65_noon_clear_operational_v00.jpg,-0.17779704928398132,-0.047100815922021866,unknown
neg_airplane_ww1,data\uav_dataset_color_mild_clean\train\neg_airplane_ww1\az045_el-10_dusk_operational_v00.jpg,-0.2912079691886902,-0.047100815922021866,unknown
neg_airplane_ww1,data\uav_dataset_color_mild_clean\train\neg_airplane_ww1\az045_el-10_morning_operational_v00.jpg,-0.2555147409439087,-0.047100815922021866,unknown
neg_airplane_ww1,data\uav_dataset_color_mild_clean\train\neg_airplane_ww1\az045_el-10_noon_clear_operational_v00.jpg,-0.2525104582309723,-0.047100815922021866,unknown
neg_airplane_ww1,data\uav_dataset_color_mild_clean\train\neg_airplane_ww1\az045_el-25_dusk_operational_v00.jpg,-0.23257383704185486,-0.047100815922021866,unknown
neg_airplane_ww1,data\uav_dataset_color_mild_clean\train\neg_airplane_ww1\az045_el-25_morning_operational_v00.jpg,-0.21318987011909485,-0.047100815922021866,unknown
neg_airplane_ww1,data\uav_dataset_color_mild_clean\train\neg_airplane_ww1\az045_el-25_noon_clear_operational_v00.jpg,-0.23234564065933228,-0.047100815922021866,unknown
neg_airplane_ww1,data\uav_dataset_color_mild_clean\train\neg_airplane_ww1\az045_el-45_dusk_operational_v00.jpg,-0.1811537891626358,-0.047100815922021866,unknown
neg_airplane_ww1,data\uav_dataset_color_mild_clean\train\neg_airplane_ww1\az045_el-45_morning_operational_v00.jpg,-0.18296414613723755,-0.047100815922021866,unknown
neg_airplane_ww1,data\uav_dataset_color_mild_clean\train\neg_airplane_ww1\az045_el-45_noon_clear_operational_v00.jpg,-0.07750888913869858,-0.047100815922021866,unknown
neg_airplane_ww1,data\uav_dataset_color_mild_clean\train\neg_airplane_ww1\az045_el-65_dusk_operational_v00.jpg,-0.1413915455341339,-0.047100815922021866,unknown
neg_airplane_ww1,data\uav_dataset_color_mild_clean\train\neg_airplane_ww1\az045_el-65_morning_operational_v00.jpg,-0.11684232950210571,-0.047100815922021866,unknown
neg_airplane_ww1,data\uav_dataset_color_mild_clean\train\neg_airplane_ww1\az045_el-65_noon_clear_operational_v00.jpg,-0.10870804637670517,-0.047100815922021866,unknown
neg_airplane_ww1,data\uav_dataset_color_mild_clean\train\neg_airplane_ww1\az090_el-10_dusk_operational_v00.jpg,-0.3318254351615906,-0.047100815922021866,unknown
neg_airplane_ww1,data\uav_dataset_color_mild_clean\train\neg_airplane_ww1\az090_el-10_morning_operational_v00.jpg,-0.18386252224445343,-0.047100815922021866,unknown
neg_airplane_ww1,data\uav_dataset_color_mild_clean\train\neg_airplane_ww1\az090_el-10_noon_clear_operational_v00.jpg,-0.24926742911338806,-0.047100815922021866,unknown
neg_airplane_ww1,data\uav_dataset_color_mild_clean\train\neg_airplane_ww1\az090_el-25_dusk_operational_v00.jpg,-0.24856248497962952,-0.047100815922021866,unknown
neg_airplane_ww1,data\uav_dataset_color_mild_clean\train\neg_airplane_ww1\az090_el-25_morning_operational_v00.jpg,-0.16962534189224243,-0.047100815922021866,unknown
neg_airplane_ww1,data\uav_dataset_color_mild_clean\train\neg_airplane_ww1\az090_el-25_noon_clear_operational_v00.jpg,-0.22829824686050415,-0.047100815922021866,unknown
neg_airplane_ww1,data\uav_dataset_color_mild_clean\train\neg_airplane_ww1\az090_el-45_dusk_operational_v00.jpg,-0.1936953067779541,-0.047100815922021866,unknown
neg_airplane_ww1,data\uav_dataset_color_mild_clean\train\neg_airplane_ww1\az090_el-45_morning_operational_v00.jpg,-0.24277539551258087,-0.047100815922021866,unknown
neg_airplane_ww1,data\uav_dataset_color_mild_clean\train\neg_airplane_ww1\az090_el-45_noon_clear_operational_v00.jpg,-0.17470210790634155,-0.047100815922021866,unknown
neg_airplane_ww1,data\uav_dataset_color_mild_clean\train\neg_airplane_ww1\az090_el-65_dusk_operational_v00.jpg,-0.10971039533615112,-0.047100815922021866,unknown
neg_airplane_ww1,data\uav_dataset_color_mild_clean\train\neg_airplane_ww1\az090_el-65_morning_operational_v00.jpg,-0.20887327194213867,-0.047100815922021866,unknown
neg_airplane_ww1,data\uav_dataset_color_mild_clean\train\neg_airplane_ww1\az090_el-65_noon_clear_operational_v00.jpg,-0.19061657786369324,-0.047100815922021866,unknown
neg_airplane_ww1,data\uav_dataset_color_mild_clean\train\neg_airplane_ww1\az135_el-10_dusk_operational_v00.jpg,-0.2774173319339752,-0.047100815922021866,unknown
neg_airplane_ww1,data\uav_dataset_color_mild_clean\train\neg_airplane_ww1\az135_el-10_morning_operational_v00.jpg,-0.25378894805908203,-0.047100815922021866,unknown
neg_airplane_ww1,data\uav_dataset_color_mild_clean\train\neg_airplane_ww1\az135_el-10_noon_clear_operational_v00.jpg,-0.1976691335439682,-0.047100815922021866,unknown
neg_airplane_ww1,data\uav_dataset_color_mild_clean\train\neg_airplane_ww1\az135_el-25_dusk_operational_v00.jpg,-0.23480960726737976,-0.047100815922021866,unknown
neg_airplane_ww1,data\uav_dataset_color_mild_clean\train\neg_airplane_ww1\az135_el-25_morning_operational_v00.jpg,-0.2969651222229004,-0.047100815922021866,unknown
neg_airplane_ww1,data\uav_dataset_color_mild_clean\train\neg_airplane_ww1\az135_el-25_noon_clear_operational_v00.jpg,-0.2708559036254883,-0.047100815922021866,unknown
neg_airplane_ww1,data\uav_dataset_color_mild_clean\train\neg_airplane_ww1\az135_el-45_dusk_operational_v00.jpg,-0.23765769600868225,-0.047100815922021866,unknown
neg_airplane_ww1,data\uav_dataset_color_mild_clean\train\neg_airplane_ww1\az135_el-45_morning_operational_v00.jpg,-0.22394593060016632,-0.047100815922021866,unknown
neg_airplane_ww1,data\uav_dataset_color_mild_clean\train\neg_airplane_ww1\az135_el-45_noon_clear_operational_v00.jpg,-0.2622552216053009,-0.047100815922021866,unknown
neg_airplane_ww1,data\uav_dataset_color_mild_clean\train\neg_airplane_ww1\az135_el-65_dusk_operational_v00.jpg,-0.22055643796920776,-0.047100815922021866,unknown
neg_airplane_ww1,data\uav_dataset_color_mild_clean\train\neg_airplane_ww1\az135_el-65_morning_operational_v00.jpg,-0.2191709280014038,-0.047100815922021866,unknown
neg_airplane_ww1,data\uav_dataset_color_mild_clean\train\neg_airplane_ww1\az135_el-65_noon_clear_operational_v00.jpg,-0.29406678676605225,-0.047100815922021866,unknown
neg_airplane_ww1,data\uav_dataset_color_mild_clean\train\neg_airplane_ww1\az180_el-10_dusk_operational_v00.jpg,-0.28876733779907227,-0.047100815922021866,unknown
neg_airplane_ww1,data\uav_dataset_color_mild_clean\train\neg_airplane_ww1\az180_el-10_morning_operational_v00.jpg,-0.08414056897163391,-0.047100815922021866,unknown
neg_airplane_ww1,data\uav_dataset_color_mild_clean\train\neg_airplane_ww1\az180_el-10_noon_clear_operational_v00.jpg,0.0528327077627182,-0.047100815922021866,unknown
neg_airplane_ww1,data\uav_dataset_color_mild_clean\train\neg_airplane_ww1\az180_el-25_dusk_operational_v00.jpg,-0.11679697036743164,-0.047100815922021866,unknown
neg_airplane_ww1,data\uav_dataset_color_mild_clean\train\neg_airplane_ww1\az180_el-25_morning_operational_v00.jpg,-0.22057569026947021,-0.047100815922021866,unknown
neg_airplane_ww1,data\uav_dataset_color_mild_clean\train\neg_airplane_ww1\az180_el-25_noon_clear_operational_v00.jpg,-0.28271764516830444,-0.047100815922021866,unknown
neg_airplane_ww1,data\uav_dataset_color_mild_clean\train\neg_airplane_ww1\az180_el-45_dusk_operational_v00.jpg,-0.262947678565979,-0.047100815922021866,unknown
neg_airplane_ww1,data\uav_dataset_color_mild_clean\train\neg_airplane_ww1\az180_el-45_morning_operational_v00.jpg,-0.29488325119018555,-0.047100815922021866,unknown
neg_airplane_ww1,data\uav_dataset_color_mild_clean\train\neg_airplane_ww1\az180_el-45_noon_clear_operational_v00.jpg,-0.25551384687423706,-0.047100815922021866,unknown
neg_airplane_ww1,data\uav_dataset_color_mild_clean\train\neg_airplane_ww1\az180_el-65_dusk_operational_v00.jpg,-0.19007641077041626,-0.047100815922021866,unknown
neg_airplane_ww1,data\uav_dataset_color_mild_clean\train\neg_airplane_ww1\az180_el-65_morning_operational_v00.jpg,-0.13262000679969788,-0.047100815922021866,unknown
neg_airplane_ww1,data\uav_dataset_color_mild_clean\train\neg_airplane_ww1\az180_el-65_noon_clear_operational_v00.jpg,-0.29645392298698425,-0.047100815922021866,unknown
neg_airplane_ww1,data\uav_dataset_color_mild_clean\train\neg_airplane_ww1\az225_el-10_dusk_operational_v00.jpg,-0.22478598356246948,-0.047100815922021866,unknown
neg_airplane_ww1,data\uav_dataset_color_mild_clean\train\neg_airplane_ww1\az225_el-10_morning_operational_v00.jpg,-0.1348007321357727,-0.047100815922021866,unknown
neg_airplane_ww1,data\uav_dataset_color_mild_clean\train\neg_airplane_ww1\az225_el-10_noon_clear_operational_v00.jpg,-0.23481485247612,-0.047100815922021866,unknown
neg_airplane_ww1,data\uav_dataset_color_mild_clean\train\neg_airplane_ww1\az225_el-25_dusk_operational_v00.jpg,-0.33593815565109253,-0.047100815922021866,unknown
neg_airplane_ww1,data\uav_dataset_color_mild_clean\train\neg_airplane_ww1\az225_el-25_morning_operational_v00.jpg,-0.17753687500953674,-0.047100815922021866,unknown
neg_airplane_ww1,data\uav_dataset_color_mild_clean\train\neg_airplane_ww1\az225_el-25_noon_clear_operational_v00.jpg,-0.3379731774330139,-0.047100815922021866,unknown
neg_airplane_ww1,data\uav_dataset_color_mild_clean\train\neg_airplane_ww1\az225_el-45_dusk_operational_v00.jpg,-0.13871143758296967,-0.047100815922021866,unknown
neg_airplane_ww1,data\uav_dataset_color_mild_clean\train\neg_airplane_ww1\az225_el-45_morning_operational_v00.jpg,-0.22378003597259521,-0.047100815922021866,unknown
neg_airplane_ww1,data\uav_dataset_color_mild_clean\train\neg_airplane_ww1\az225_el-45_noon_clear_operational_v00.jpg,-0.2912326753139496,-0.047100815922021866,unknown
neg_airplane_ww1,data\uav_dataset_color_mild_clean\train\neg_airplane_ww1\az225_el-65_dusk_operational_v00.jpg,-0.1177053451538086,-0.047100815922021866,unknown
neg_airplane_ww1,data\uav_dataset_color_mild_clean\train\neg_airplane_ww1\az225_el-65_morning_operational_v00.jpg,-0.20368412137031555,-0.047100815922021866,unknown
neg_airplane_ww1,data\uav_dataset_color_mild_clean\train\neg_airplane_ww1\az225_el-65_noon_clear_operational_v00.jpg,-0.22500962018966675,-0.047100815922021866,unknown
neg_airplane_ww1,data\uav_dataset_color_mild_clean\train\neg_airplane_ww1\az270_el-10_dusk_operational_v00.jpg,-0.11523642390966415,-0.047100815922021866,unknown
neg_airplane_ww1,data\uav_dataset_color_mild_clean\train\neg_airplane_ww1\az270_el-10_morning_operational_v00.jpg,-0.20314766466617584,-0.047100815922021866,unknown
neg_airplane_ww1,data\uav_dataset_color_mild_clean\train\neg_airplane_ww1\az270_el-10_noon_clear_operational_v00.jpg,-0.2444344162940979,-0.047100815922021866,unknown
neg_airplane_ww1,data\uav_dataset_color_mild_clean\train\neg_airplane_ww1\az270_el-25_dusk_operational_v00.jpg,-0.15685999393463135,-0.047100815922021866,unknown
neg_airplane_ww1,data\uav_dataset_color_mild_clean\train\neg_airplane_ww1\az270_el-25_morning_operational_v00.jpg,-0.16481225192546844,-0.047100815922021866,unknown
neg_airplane_ww1,data\uav_dataset_color_mild_clean\train\neg_airplane_ww1\az270_el-25_noon_clear_operational_v00.jpg,-0.20401155948638916,-0.047100815922021866,unknown
neg_airplane_ww1,data\uav_dataset_color_mild_clean\train\neg_airplane_ww1\az270_el-45_dusk_operational_v00.jpg,-0.1256556510925293,-0.047100815922021866,unknown
neg_airplane_ww1,data\uav_dataset_color_mild_clean\train\neg_airplane_ww1\az270_el-45_morning_operational_v00.jpg,-0.20245955884456635,-0.047100815922021866,unknown
neg_airplane_ww1,data\uav_dataset_color_mild_clean\train\neg_airplane_ww1\az270_el-45_noon_clear_operational_v00.jpg,-0.18774831295013428,-0.047100815922021866,unknown
neg_airplane_ww1,data\uav_dataset_color_mild_clean\train\neg_airplane_ww1\az270_el-65_dusk_operational_v00.jpg,-0.19499027729034424,-0.047100815922021866,unknown
neg_airplane_ww1,data\uav_dataset_color_mild_clean\train\neg_airplane_ww1\az270_el-65_morning_operational_v00.jpg,-0.11245235055685043,-0.047100815922021866,unknown
neg_airplane_ww1,data\uav_dataset_color_mild_clean\train\neg_airplane_ww1\az270_el-65_noon_clear_operational_v00.jpg,-0.18890658020973206,-0.047100815922021866,unknown
neg_airplane_ww1,data\uav_dataset_color_mild_clean\train\neg_airplane_ww1\az315_el-10_dusk_operational_v00.jpg,-0.2069559544324875,-0.047100815922021866,unknown
neg_airplane_ww1,data\uav_dataset_color_mild_clean\train\neg_airplane_ww1\az315_el-10_morning_operational_v00.jpg,-0.2218451201915741,-0.047100815922021866,unknown
neg_airplane_ww1,data\uav_dataset_color_mild_clean\train\neg_airplane_ww1\az315_el-10_noon_clear_operational_v00.jpg,-0.24751421809196472,-0.047100815922021866,unknown
neg_airplane_ww1,data\uav_dataset_color_mild_clean\train\neg_airplane_ww1\az315_el-25_dusk_operational_v00.jpg,-0.2263098657131195,-0.047100815922021866,unknown
neg_airplane_ww1,data\uav_dataset_color_mild_clean\train\neg_airplane_ww1\az315_el-25_morning_operational_v00.jpg,-0.15223154425621033,-0.047100815922021866,unknown
neg_airplane_ww1,data\uav_dataset_color_mild_clean\train\neg_airplane_ww1\az315_el-25_noon_clear_operational_v00.jpg,-0.22126302123069763,-0.047100815922021866,unknown
neg_airplane_ww1,data\uav_dataset_color_mild_clean\train\neg_airplane_ww1\az315_el-45_dusk_operational_v00.jpg,-0.18201422691345215,-0.047100815922021866,unknown
neg_airplane_ww1,data\uav_dataset_color_mild_clean\train\neg_airplane_ww1\az315_el-45_morning_operational_v00.jpg,-0.0923963412642479,-0.047100815922021866,unknown
neg_airplane_ww1,data\uav_dataset_color_mild_clean\train\neg_airplane_ww1\az315_el-45_noon_clear_operational_v00.jpg,-0.1544986069202423,-0.047100815922021866,unknown
neg_airplane_ww1,data\uav_dataset_color_mild_clean\train\neg_airplane_ww1\az315_el-65_dusk_operational_v00.jpg,-0.03429097682237625,-0.047100815922021866,unknown
neg_airplane_ww1,data\uav_dataset_color_mild_clean\train\neg_airplane_ww1\az315_el-65_morning_operational_v00.jpg,-0.1480388045310974,-0.047100815922021866,unknown
neg_airplane_ww1,data\uav_dataset_color_mild_clean\train\neg_airplane_ww1\az315_el-65_noon_clear_operational_v00.jpg,-0.20542308688163757,-0.047100815922021866,unknown
neg_aknc_uav,data\uav_dataset_color_mild_clean\train\neg_aknc_uav\az000_el-10_dusk_operational_v00.jpg,-0.2420228272676468,0.04764050990343094,unknown
neg_aknc_uav,data\uav_dataset_color_mild_clean\train\neg_aknc_uav\az000_el-10_morning_operational_v00.jpg,-0.21963676810264587,0.04764050990343094,unknown
neg_aknc_uav,data\uav_dataset_color_mild_clean\train\neg_aknc_uav\az000_el-10_noon_clear_operational_v00.jpg,-0.3595518171787262,0.04764050990343094,unknown
neg_aknc_uav,data\uav_dataset_color_mild_clean\train\neg_aknc_uav\az000_el-25_dusk_operational_v00.jpg,-0.10694819688796997,0.04764050990343094,unknown
neg_aknc_uav,data\uav_dataset_color_mild_clean\train\neg_aknc_uav\az000_el-25_morning_operational_v00.jpg,-0.18478193879127502,0.04764050990343094,unknown
neg_aknc_uav,data\uav_dataset_color_mild_clean\train\neg_aknc_uav\az000_el-25_noon_clear_operational_v00.jpg,-0.3706578016281128,0.04764050990343094,unknown
neg_aknc_uav,data\uav_dataset_color_mild_clean\train\neg_aknc_uav\az000_el-45_dusk_operational_v00.jpg,-0.18252864480018616,0.04764050990343094,unknown
neg_aknc_uav,data\uav_dataset_color_mild_clean\train\neg_aknc_uav\az000_el-45_morning_operational_v00.jpg,-0.12819388508796692,0.04764050990343094,unknown
neg_aknc_uav,data\uav_dataset_color_mild_clean\train\neg_aknc_uav\az000_el-45_noon_clear_operational_v00.jpg,-0.22533202171325684,0.04764050990343094,unknown
neg_aknc_uav,data\uav_dataset_color_mild_clean\train\neg_aknc_uav\az000_el-65_dusk_operational_v00.jpg,-0.14634284377098083,0.04764050990343094,unknown
neg_aknc_uav,data\uav_dataset_color_mild_clean\train\neg_aknc_uav\az000_el-65_morning_operational_v00.jpg,-0.12528914213180542,0.04764050990343094,unknown
neg_aknc_uav,data\uav_dataset_color_mild_clean\train\neg_aknc_uav\az000_el-65_noon_clear_operational_v00.jpg,-0.09842069447040558,0.04764050990343094,unknown
neg_aknc_uav,data\uav_dataset_color_mild_clean\train\neg_aknc_uav\az045_el-10_dusk_operational_v00.jpg,-0.2252877652645111,0.04764050990343094,unknown
neg_aknc_uav,data\uav_dataset_color_mild_clean\train\neg_aknc_uav\az045_el-10_morning_operational_v00.jpg,-0.18845942616462708,0.04764050990343094,unknown
neg_aknc_uav,data\uav_dataset_color_mild_clean\train\neg_aknc_uav\az045_el-10_noon_clear_operational_v00.jpg,-0.1622534543275833,0.04764050990343094,unknown
neg_aknc_uav,data\uav_dataset_color_mild_clean\train\neg_aknc_uav\az045_el-25_dusk_operational_v00.jpg,-0.20712803304195404,0.04764050990343094,unknown
neg_aknc_uav,data\uav_dataset_color_mild_clean\train\neg_aknc_uav\az045_el-25_morning_operational_v00.jpg,-0.30588245391845703,0.04764050990343094,unknown
neg_aknc_uav,data\uav_dataset_color_mild_clean\train\neg_aknc_uav\az045_el-25_noon_clear_operational_v00.jpg,-0.04426845163106918,0.04764050990343094,unknown
neg_aknc_uav,data\uav_dataset_color_mild_clean\train\neg_aknc_uav\az045_el-45_dusk_operational_v00.jpg,-0.030269932001829147,0.04764050990343094,unknown
neg_aknc_uav,data\uav_dataset_color_mild_clean\train\neg_aknc_uav\az045_el-45_morning_operational_v00.jpg,-0.09135162830352783,0.04764050990343094,unknown
neg_aknc_uav,data\uav_dataset_color_mild_clean\train\neg_aknc_uav\az045_el-45_noon_clear_operational_v00.jpg,-0.050242383033037186,0.04764050990343094,unknown
neg_aknc_uav,data\uav_dataset_color_mild_clean\train\neg_aknc_uav\az045_el-65_dusk_operational_v00.jpg,-0.0778001919388771,0.04764050990343094,unknown
neg_aknc_uav,data\uav_dataset_color_mild_clean\train\neg_aknc_uav\az045_el-65_morning_operational_v00.jpg,-0.011325052008032799,0.04764050990343094,unknown
neg_aknc_uav,data\uav_dataset_color_mild_clean\train\neg_aknc_uav\az045_el-65_noon_clear_operational_v00.jpg,-0.16115981340408325,0.04764050990343094,unknown
neg_aknc_uav,data\uav_dataset_color_mild_clean\train\neg_aknc_uav\az090_el-10_dusk_operational_v00.jpg,-0.311964213848114,0.04764050990343094,unknown
neg_aknc_uav,data\uav_dataset_color_mild_clean\train\neg_aknc_uav\az090_el-10_morning_operational_v00.jpg,-0.1987382173538208,0.04764050990343094,unknown
neg_aknc_uav,data\uav_dataset_color_mild_clean\train\neg_aknc_uav\az090_el-10_noon_clear_operational_v00.jpg,-0.19783231616020203,0.04764050990343094,unknown
neg_aknc_uav,data\uav_dataset_color_mild_clean\train\neg_aknc_uav\az090_el-25_dusk_operational_v00.jpg,-0.2017163336277008,0.04764050990343094,unknown
neg_aknc_uav,data\uav_dataset_color_mild_clean\train\neg_aknc_uav\az090_el-25_morning_operational_v00.jpg,-0.04851818457245827,0.04764050990343094,unknown
neg_aknc_uav,data\uav_dataset_color_mild_clean\train\neg_aknc_uav\az090_el-25_noon_clear_operational_v00.jpg,-0.24817132949829102,0.04764050990343094,unknown
neg_aknc_uav,data\uav_dataset_color_mild_clean\train\neg_aknc_uav\az090_el-45_dusk_operational_v00.jpg,-0.04217950627207756,0.04764050990343094,unknown
neg_aknc_uav,data\uav_dataset_color_mild_clean\train\neg_aknc_uav\az090_el-45_morning_operational_v00.jpg,-0.2735671401023865,0.04764050990343094,unknown
neg_aknc_uav,data\uav_dataset_color_mild_clean\train\neg_aknc_uav\az090_el-45_noon_clear_operational_v00.jpg,-0.255479633808136,0.04764050990343094,unknown
neg_aknc_uav,data\uav_dataset_color_mild_clean\train\neg_aknc_uav\az090_el-65_dusk_operational_v00.jpg,-0.13676783442497253,0.04764050990343094,unknown
neg_aknc_uav,data\uav_dataset_color_mild_clean\train\neg_aknc_uav\az090_el-65_morning_operational_v00.jpg,-0.1978006213903427,0.04764050990343094,unknown
neg_aknc_uav,data\uav_dataset_color_mild_clean\train\neg_aknc_uav\az090_el-65_noon_clear_operational_v00.jpg,-0.24150311946868896,0.04764050990343094,unknown
neg_aknc_uav,data\uav_dataset_color_mild_clean\train\neg_aknc_uav\az135_el-10_dusk_operational_v00.jpg,-0.3574995696544647,0.04764050990343094,unknown
neg_aknc_uav,data\uav_dataset_color_mild_clean\train\neg_aknc_uav\az135_el-10_morning_operational_v00.jpg,-0.2193300426006317,0.04764050990343094,unknown
neg_aknc_uav,data\uav_dataset_color_mild_clean\train\neg_aknc_uav\az135_el-10_noon_clear_operational_v00.jpg,-0.25141850113868713,0.04764050990343094,unknown
neg_aknc_uav,data\uav_dataset_color_mild_clean\train\neg_aknc_uav\az135_el-25_dusk_operational_v00.jpg,-0.18131417036056519,0.04764050990343094,unknown
neg_aknc_uav,data\uav_dataset_color_mild_clean\train\neg_aknc_uav\az135_el-25_morning_operational_v00.jpg,-0.3605782687664032,0.04764050990343094,unknown
neg_aknc_uav,data\uav_dataset_color_mild_clean\train\neg_aknc_uav\az135_el-25_noon_clear_operational_v00.jpg,-0.15073829889297485,0.04764050990343094,unknown
neg_aknc_uav,data\uav_dataset_color_mild_clean\train\neg_aknc_uav\az135_el-45_dusk_operational_v00.jpg,-0.22042110562324524,0.04764050990343094,unknown
neg_aknc_uav,data\uav_dataset_color_mild_clean\train\neg_aknc_uav\az135_el-45_morning_operational_v00.jpg,-0.23634524643421173,0.04764050990343094,unknown
neg_aknc_uav,data\uav_dataset_color_mild_clean\train\neg_aknc_uav\az135_el-45_noon_clear_operational_v00.jpg,-0.29408738017082214,0.04764050990343094,unknown
neg_aknc_uav,data\uav_dataset_color_mild_clean\train\neg_aknc_uav\az135_el-65_dusk_operational_v00.jpg,-0.26368579268455505,0.04764050990343094,unknown
neg_aknc_uav,data\uav_dataset_color_mild_clean\train\neg_aknc_uav\az135_el-65_morning_operational_v00.jpg,-0.09530848264694214,0.04764050990343094,unknown
neg_aknc_uav,data\uav_dataset_color_mild_clean\train\neg_aknc_uav\az135_el-65_noon_clear_operational_v00.jpg,-0.30058085918426514,0.04764050990343094,unknown
neg_aknc_uav,data\uav_dataset_color_mild_clean\train\neg_aknc_uav\az180_el-10_dusk_operational_v00.jpg,-0.012693213298916817,0.04764050990343094,unknown
neg_aknc_uav,data\uav_dataset_color_mild_clean\train\neg_aknc_uav\az180_el-10_morning_operational_v00.jpg,-0.09166048467159271,0.04764050990343094,unknown
neg_aknc_uav,data\uav_dataset_color_mild_clean\train\neg_aknc_uav\az180_el-10_noon_clear_operational_v00.jpg,-0.14267203211784363,0.04764050990343094,unknown
neg_aknc_uav,data\uav_dataset_color_mild_clean\train\neg_aknc_uav\az180_el-25_dusk_operational_v00.jpg,-0.21434319019317627,0.04764050990343094,unknown
neg_aknc_uav,data\uav_dataset_color_mild_clean\train\neg_aknc_uav\az180_el-25_morning_operational_v00.jpg,-0.23362776637077332,0.04764050990343094,unknown
neg_aknc_uav,data\uav_dataset_color_mild_clean\train\neg_aknc_uav\az180_el-25_noon_clear_operational_v00.jpg,-0.1560758352279663,0.04764050990343094,unknown
neg_aknc_uav,data\uav_dataset_color_mild_clean\train\neg_aknc_uav\az180_el-45_dusk_operational_v00.jpg,-0.23597022891044617,0.04764050990343094,unknown
neg_aknc_uav,data\uav_dataset_color_mild_clean\train\neg_aknc_uav\az180_el-45_morning_operational_v00.jpg,-0.27908676862716675,0.04764050990343094,unknown
neg_aknc_uav,data\uav_dataset_color_mild_clean\train\neg_aknc_uav\az180_el-45_noon_clear_operational_v00.jpg,0.08013924956321716,0.04764050990343094,unknown
neg_aknc_uav,data\uav_dataset_color_mild_clean\train\neg_aknc_uav\az180_el-65_dusk_operational_v00.jpg,-0.20781995356082916,0.04764050990343094,unknown
neg_aknc_uav,data\uav_dataset_color_mild_clean\train\neg_aknc_uav\az180_el-65_morning_operational_v00.jpg,-0.04945499449968338,0.04764050990343094,unknown
neg_aknc_uav,data\uav_dataset_color_mild_clean\train\neg_aknc_uav\az180_el-65_noon_clear_operational_v00.jpg,-0.22738397121429443,0.04764050990343094,unknown
neg_aknc_uav,data\uav_dataset_color_mild_clean\train\neg_aknc_uav\az225_el-10_dusk_operational_v00.jpg,-0.061151906847953796,0.04764050990343094,unknown
neg_aknc_uav,data\uav_dataset_color_mild_clean\train\neg_aknc_uav\az225_el-10_morning_operational_v00.jpg,-0.27983659505844116,0.04764050990343094,unknown
neg_aknc_uav,data\uav_dataset_color_mild_clean\train\neg_aknc_uav\az225_el-10_noon_clear_operational_v00.jpg,-0.07444454729557037,0.04764050990343094,unknown
neg_aknc_uav,data\uav_dataset_color_mild_clean\train\neg_aknc_uav\az225_el-25_dusk_operational_v00.jpg,-0.2446618378162384,0.04764050990343094,unknown
neg_aknc_uav,data\uav_dataset_color_mild_clean\train\neg_aknc_uav\az225_el-25_morning_operational_v00.jpg,-0.2583199739456177,0.04764050990343094,unknown
neg_aknc_uav,data\uav_dataset_color_mild_clean\train\neg_aknc_uav\az225_el-25_noon_clear_operational_v00.jpg,-0.26421937346458435,0.04764050990343094,unknown
neg_aknc_uav,data\uav_dataset_color_mild_clean\train\neg_aknc_uav\az225_el-45_dusk_operational_v00.jpg,-0.2095656841993332,0.04764050990343094,unknown
neg_aknc_uav,data\uav_dataset_color_mild_clean\train\neg_aknc_uav\az225_el-45_morning_operational_v00.jpg,-0.18355542421340942,0.04764050990343094,unknown
neg_aknc_uav,data\uav_dataset_color_mild_clean\train\neg_aknc_uav\az225_el-45_noon_clear_operational_v00.jpg,-0.2037297785282135,0.04764050990343094,unknown
neg_aknc_uav,data\uav_dataset_color_mild_clean\train\neg_aknc_uav\az225_el-65_dusk_operational_v00.jpg,-0.17988869547843933,0.04764050990343094,unknown
neg_aknc_uav,data\uav_dataset_color_mild_clean\train\neg_aknc_uav\az225_el-65_morning_operational_v00.jpg,0.02410220354795456,0.04764050990343094,unknown
neg_aknc_uav,data\uav_dataset_color_mild_clean\train\neg_aknc_uav\az225_el-65_noon_clear_operational_v00.jpg,0.06521888077259064,0.04764050990343094,unknown
neg_aknc_uav,data\uav_dataset_color_mild_clean\train\neg_aknc_uav\az270_el-10_dusk_operational_v00.jpg,-0.11217263340950012,0.04764050990343094,unknown
neg_aknc_uav,data\uav_dataset_color_mild_clean\train\neg_aknc_uav\az270_el-10_morning_operational_v00.jpg,-0.22606556117534637,0.04764050990343094,unknown
neg_aknc_uav,data\uav_dataset_color_mild_clean\train\neg_aknc_uav\az270_el-10_noon_clear_operational_v00.jpg,-0.20985324680805206,0.04764050990343094,unknown
neg_aknc_uav,data\uav_dataset_color_mild_clean\train\neg_aknc_uav\az270_el-25_dusk_operational_v00.jpg,-0.09852108359336853,0.04764050990343094,unknown
neg_aknc_uav,data\uav_dataset_color_mild_clean\train\neg_aknc_uav\az270_el-25_morning_operational_v00.jpg,-0.25327518582344055,0.04764050990343094,unknown
neg_aknc_uav,data\uav_dataset_color_mild_clean\train\neg_aknc_uav\az270_el-25_noon_clear_operational_v00.jpg,-0.2332228422164917,0.04764050990343094,unknown
neg_aknc_uav,data\uav_dataset_color_mild_clean\train\neg_aknc_uav\az270_el-45_dusk_operational_v00.jpg,-0.05259591341018677,0.04764050990343094,unknown
neg_aknc_uav,data\uav_dataset_color_mild_clean\train\neg_aknc_uav\az270_el-45_morning_operational_v00.jpg,-0.22597789764404297,0.04764050990343094,unknown
neg_aknc_uav,data\uav_dataset_color_mild_clean\train\neg_aknc_uav\az270_el-45_noon_clear_operational_v00.jpg,0.04681362956762314,0.04764050990343094,unknown
neg_aknc_uav,data\uav_dataset_color_mild_clean\train\neg_aknc_uav\az270_el-65_dusk_operational_v00.jpg,-0.196279376745224,0.04764050990343094,unknown
neg_aknc_uav,data\uav_dataset_color_mild_clean\train\neg_aknc_uav\az270_el-65_morning_operational_v00.jpg,-0.19680094718933105,0.04764050990343094,unknown
neg_aknc_uav,data\uav_dataset_color_mild_clean\train\neg_aknc_uav\az270_el-65_noon_clear_operational_v00.jpg,-0.246554434299469,0.04764050990343094,unknown
neg_aknc_uav,data\uav_dataset_color_mild_clean\train\neg_aknc_uav\az315_el-10_dusk_operational_v00.jpg,-0.09034018963575363,0.04764050990343094,unknown
neg_aknc_uav,data\uav_dataset_color_mild_clean\train\neg_aknc_uav\az315_el-10_morning_operational_v00.jpg,-0.17968076467514038,0.04764050990343094,unknown
neg_aknc_uav,data\uav_dataset_color_mild_clean\train\neg_aknc_uav\az315_el-10_noon_clear_operational_v00.jpg,-0.2181113362312317,0.04764050990343094,unknown
neg_aknc_uav,data\uav_dataset_color_mild_clean\train\neg_aknc_uav\az315_el-25_dusk_operational_v00.jpg,-0.09935236722230911,0.04764050990343094,unknown
neg_aknc_uav,data\uav_dataset_color_mild_clean\train\neg_aknc_uav\az315_el-25_morning_operational_v00.jpg,-0.12936466932296753,0.04764050990343094,unknown
neg_aknc_uav,data\uav_dataset_color_mild_clean\train\neg_aknc_uav\az315_el-25_noon_clear_operational_v00.jpg,-0.14008715748786926,0.04764050990343094,unknown
neg_aknc_uav,data\uav_dataset_color_mild_clean\train\neg_aknc_uav\az315_el-45_dusk_operational_v00.jpg,0.021928587928414345,0.04764050990343094,unknown
neg_aknc_uav,data\uav_dataset_color_mild_clean\train\neg_aknc_uav\az315_el-45_morning_operational_v00.jpg,-0.04125317558646202,0.04764050990343094,unknown
neg_aknc_uav,data\uav_dataset_color_mild_clean\train\neg_aknc_uav\az315_el-45_noon_clear_operational_v00.jpg,-0.2364676147699356,0.04764050990343094,unknown
neg_aknc_uav,data\uav_dataset_color_mild_clean\train\neg_aknc_uav\az315_el-65_dusk_operational_v00.jpg,-0.1492384523153305,0.04764050990343094,unknown
neg_aknc_uav,data\uav_dataset_color_mild_clean\train\neg_aknc_uav\az315_el-65_morning_operational_v00.jpg,-0.24818843603134155,0.04764050990343094,unknown
neg_aknc_uav,data\uav_dataset_color_mild_clean\train\neg_aknc_uav\az315_el-65_noon_clear_operational_v00.jpg,-0.19828684628009796,0.04764050990343094,unknown
neg_animated_drone,data\uav_dataset_color_mild_clean\train\neg_animated_drone\az000_el-10_dusk_operational_v00.jpg,-0.07216718792915344,0.03847155719995499,unknown
neg_animated_drone,data\uav_dataset_color_mild_clean\train\neg_animated_drone\az000_el-10_morning_operational_v00.jpg,-0.2069406807422638,0.03847155719995499,unknown
neg_animated_drone,data\uav_dataset_color_mild_clean\train\neg_animated_drone\az000_el-10_noon_clear_operational_v00.jpg,-0.1282927691936493,0.03847155719995499,unknown
neg_animated_drone,data\uav_dataset_color_mild_clean\train\neg_animated_drone\az000_el-25_dusk_operational_v00.jpg,-0.15094834566116333,0.03847155719995499,unknown
neg_animated_drone,data\uav_dataset_color_mild_clean\train\neg_animated_drone\az000_el-25_morning_operational_v00.jpg,-0.08163464814424515,0.03847155719995499,unknown
neg_animated_drone,data\uav_dataset_color_mild_clean\train\neg_animated_drone\az000_el-25_noon_clear_operational_v00.jpg,-0.33872073888778687,0.03847155719995499,unknown
neg_animated_drone,data\uav_dataset_color_mild_clean\train\neg_animated_drone\az000_el-45_dusk_operational_v00.jpg,-0.2756536900997162,0.03847155719995499,unknown
neg_animated_drone,data\uav_dataset_color_mild_clean\train\neg_animated_drone\az000_el-45_morning_operational_v00.jpg,-0.04294264316558838,0.03847155719995499,unknown
neg_animated_drone,data\uav_dataset_color_mild_clean\train\neg_animated_drone\az000_el-45_noon_clear_operational_v00.jpg,-0.28475141525268555,0.03847155719995499,unknown
neg_animated_drone,data\uav_dataset_color_mild_clean\train\neg_animated_drone\az000_el-65_dusk_operational_v00.jpg,0.055304720997810364,0.03847155719995499,unknown
neg_animated_drone,data\uav_dataset_color_mild_clean\train\neg_animated_drone\az000_el-65_morning_operational_v00.jpg,-0.027847176417708397,0.03847155719995499,unknown
neg_animated_drone,data\uav_dataset_color_mild_clean\train\neg_animated_drone\az000_el-65_noon_clear_operational_v00.jpg,-0.07458232343196869,0.03847155719995499,unknown
neg_animated_drone,data\uav_dataset_color_mild_clean\train\neg_animated_drone\az045_el-10_dusk_operational_v00.jpg,-0.2153930962085724,0.03847155719995499,unknown
neg_animated_drone,data\uav_dataset_color_mild_clean\train\neg_animated_drone\az045_el-10_morning_operational_v00.jpg,-0.25829386711120605,0.03847155719995499,unknown
neg_animated_drone,data\uav_dataset_color_mild_clean\train\neg_animated_drone\az045_el-10_noon_clear_operational_v00.jpg,-0.08404093235731125,0.03847155719995499,unknown
neg_animated_drone,data\uav_dataset_color_mild_clean\train\neg_animated_drone\az045_el-25_dusk_operational_v00.jpg,-0.14898954331874847,0.03847155719995499,unknown
neg_animated_drone,data\uav_dataset_color_mild_clean\train\neg_animated_drone\az045_el-25_morning_operational_v00.jpg,-0.2008640170097351,0.03847155719995499,unknown
neg_animated_drone,data\uav_dataset_color_mild_clean\train\neg_animated_drone\az045_el-25_noon_clear_operational_v00.jpg,-0.31336644291877747,0.03847155719995499,unknown
neg_animated_drone,data\uav_dataset_color_mild_clean\train\neg_animated_drone\az045_el-45_dusk_operational_v00.jpg,-0.24074962735176086,0.03847155719995499,unknown
neg_animated_drone,data\uav_dataset_color_mild_clean\train\neg_animated_drone\az045_el-45_morning_operational_v00.jpg,-0.05939599126577377,0.03847155719995499,unknown
neg_animated_drone,data\uav_dataset_color_mild_clean\train\neg_animated_drone\az045_el-45_noon_clear_operational_v00.jpg,-0.25718581676483154,0.03847155719995499,unknown
neg_animated_drone,data\uav_dataset_color_mild_clean\train\neg_animated_drone\az045_el-65_dusk_operational_v00.jpg,-0.12821447849273682,0.03847155719995499,unknown
neg_animated_drone,data\uav_dataset_color_mild_clean\train\neg_animated_drone\az045_el-65_morning_operational_v00.jpg,-0.000476607121527195,0.03847155719995499,unknown
neg_animated_drone,data\uav_dataset_color_mild_clean\train\neg_animated_drone\az045_el-65_noon_clear_operational_v00.jpg,-0.1270952969789505,0.03847155719995499,unknown
neg_animated_drone,data\uav_dataset_color_mild_clean\train\neg_animated_drone\az090_el-10_dusk_operational_v00.jpg,-0.24644988775253296,0.03847155719995499,unknown
neg_animated_drone,data\uav_dataset_color_mild_clean\train\neg_animated_drone\az090_el-10_morning_operational_v00.jpg,-0.20481693744659424,0.03847155719995499,unknown
neg_animated_drone,data\uav_dataset_color_mild_clean\train\neg_animated_drone\az090_el-10_noon_clear_operational_v00.jpg,-0.3202309012413025,0.03847155719995499,unknown
neg_animated_drone,data\uav_dataset_color_mild_clean\train\neg_animated_drone\az090_el-25_dusk_operational_v00.jpg,-0.06415484845638275,0.03847155719995499,unknown
neg_animated_drone,data\uav_dataset_color_mild_clean\train\neg_animated_drone\az090_el-25_morning_operational_v00.jpg,-0.2784147560596466,0.03847155719995499,unknown
neg_animated_drone,data\uav_dataset_color_mild_clean\train\neg_animated_drone\az090_el-25_noon_clear_operational_v00.jpg,-0.4572886824607849,0.03847155719995499,unknown
neg_animated_drone,data\uav_dataset_color_mild_clean\train\neg_animated_drone\az090_el-45_dusk_operational_v00.jpg,-0.23920080065727234,0.03847155719995499,unknown
neg_animated_drone,data\uav_dataset_color_mild_clean\train\neg_animated_drone\az090_el-45_morning_operational_v00.jpg,-0.09079109132289886,0.03847155719995499,unknown
neg_animated_drone,data\uav_dataset_color_mild_clean\train\neg_animated_drone\az090_el-45_noon_clear_operational_v00.jpg,-0.028180647641420364,0.03847155719995499,unknown
neg_animated_drone,data\uav_dataset_color_mild_clean\train\neg_animated_drone\az090_el-65_dusk_operational_v00.jpg,-0.12362086772918701,0.03847155719995499,unknown
neg_animated_drone,data\uav_dataset_color_mild_clean\train\neg_animated_drone\az090_el-65_morning_operational_v00.jpg,-0.16582424938678741,0.03847155719995499,unknown
neg_animated_drone,data\uav_dataset_color_mild_clean\train\neg_animated_drone\az090_el-65_noon_clear_operational_v00.jpg,-0.21102061867713928,0.03847155719995499,unknown
neg_animated_drone,data\uav_dataset_color_mild_clean\train\neg_animated_drone\az135_el-10_dusk_operational_v00.jpg,-0.1254097819328308,0.03847155719995499,unknown
neg_animated_drone,data\uav_dataset_color_mild_clean\train\neg_animated_drone\az135_el-10_morning_operational_v00.jpg,-0.1477229744195938,0.03847155719995499,unknown
neg_animated_drone,data\uav_dataset_color_mild_clean\train\neg_animated_drone\az135_el-10_noon_clear_operational_v00.jpg,-0.15834307670593262,0.03847155719995499,unknown
neg_animated_drone,data\uav_dataset_color_mild_clean\train\neg_animated_drone\az135_el-25_dusk_operational_v00.jpg,-0.2278149127960205,0.03847155719995499,unknown
neg_animated_drone,data\uav_dataset_color_mild_clean\train\neg_animated_drone\az135_el-25_morning_operational_v00.jpg,-0.4769270122051239,0.03847155719995499,unknown
neg_animated_drone,data\uav_dataset_color_mild_clean\train\neg_animated_drone\az135_el-25_noon_clear_operational_v00.jpg,-0.24657326936721802,0.03847155719995499,unknown
neg_animated_drone,data\uav_dataset_color_mild_clean\train\neg_animated_drone\az135_el-45_dusk_operational_v00.jpg,-0.24590887129306793,0.03847155719995499,unknown
neg_animated_drone,data\uav_dataset_color_mild_clean\train\neg_animated_drone\az135_el-45_morning_operational_v00.jpg,-0.3481706976890564,0.03847155719995499,unknown
neg_animated_drone,data\uav_dataset_color_mild_clean\train\neg_animated_drone\az135_el-45_noon_clear_operational_v00.jpg,-0.25523218512535095,0.03847155719995499,unknown
neg_animated_drone,data\uav_dataset_color_mild_clean\train\neg_animated_drone\az135_el-65_dusk_operational_v00.jpg,-0.05867701396346092,0.03847155719995499,unknown
neg_animated_drone,data\uav_dataset_color_mild_clean\train\neg_animated_drone\az135_el-65_morning_operational_v00.jpg,-0.2296077013015747,0.03847155719995499,unknown
neg_animated_drone,data\uav_dataset_color_mild_clean\train\neg_animated_drone\az135_el-65_noon_clear_operational_v00.jpg,-0.16675275564193726,0.03847155719995499,unknown
neg_animated_drone,data\uav_dataset_color_mild_clean\train\neg_animated_drone\az180_el-10_dusk_operational_v00.jpg,-0.3064737319946289,0.03847155719995499,unknown
neg_animated_drone,data\uav_dataset_color_mild_clean\train\neg_animated_drone\az180_el-10_morning_operational_v00.jpg,-0.3350875973701477,0.03847155719995499,unknown
neg_animated_drone,data\uav_dataset_color_mild_clean\train\neg_animated_drone\az180_el-10_noon_clear_operational_v00.jpg,-0.2435365617275238,0.03847155719995499,unknown
neg_animated_drone,data\uav_dataset_color_mild_clean\train\neg_animated_drone\az180_el-25_dusk_operational_v00.jpg,-0.07236941158771515,0.03847155719995499,unknown
neg_animated_drone,data\uav_dataset_color_mild_clean\train\neg_animated_drone\az180_el-25_morning_operational_v00.jpg,0.005857381969690323,0.03847155719995499,unknown
neg_animated_drone,data\uav_dataset_color_mild_clean\train\neg_animated_drone\az180_el-25_noon_clear_operational_v00.jpg,-0.310586541891098,0.03847155719995499,unknown
neg_animated_drone,data\uav_dataset_color_mild_clean\train\neg_animated_drone\az180_el-45_dusk_operational_v00.jpg,-0.1365930438041687,0.03847155719995499,unknown
neg_animated_drone,data\uav_dataset_color_mild_clean\train\neg_animated_drone\az180_el-45_morning_operational_v00.jpg,-0.2657586336135864,0.03847155719995499,unknown
neg_animated_drone,data\uav_dataset_color_mild_clean\train\neg_animated_drone\az180_el-45_noon_clear_operational_v00.jpg,0.010457169264554977,0.03847155719995499,unknown
neg_animated_drone,data\uav_dataset_color_mild_clean\train\neg_animated_drone\az180_el-65_dusk_operational_v00.jpg,-0.04895222932100296,0.03847155719995499,unknown
neg_animated_drone,data\uav_dataset_color_mild_clean\train\neg_animated_drone\az180_el-65_morning_operational_v00.jpg,0.048123471438884735,0.03847155719995499,unknown
neg_animated_drone,data\uav_dataset_color_mild_clean\train\neg_animated_drone\az180_el-65_noon_clear_operational_v00.jpg,-0.22657260298728943,0.03847155719995499,unknown
neg_animated_drone,data\uav_dataset_color_mild_clean\train\neg_animated_drone\az225_el-10_dusk_operational_v00.jpg,-0.2582583427429199,0.03847155719995499,unknown
neg_animated_drone,data\uav_dataset_color_mild_clean\train\neg_animated_drone\az225_el-10_morning_operational_v00.jpg,-0.18930792808532715,0.03847155719995499,unknown
neg_animated_drone,data\uav_dataset_color_mild_clean\train\neg_animated_drone\az225_el-10_noon_clear_operational_v00.jpg,-0.2187800258398056,0.03847155719995499,unknown
neg_animated_drone,data\uav_dataset_color_mild_clean\train\neg_animated_drone\az225_el-25_dusk_operational_v00.jpg,-0.19049090147018433,0.03847155719995499,unknown
neg_animated_drone,data\uav_dataset_color_mild_clean\train\neg_animated_drone\az225_el-25_morning_operational_v00.jpg,-0.38417699933052063,0.03847155719995499,unknown
neg_animated_drone,data\uav_dataset_color_mild_clean\train\neg_animated_drone\az225_el-25_noon_clear_operational_v00.jpg,-0.2569776773452759,0.03847155719995499,unknown
neg_animated_drone,data\uav_dataset_color_mild_clean\train\neg_animated_drone\az225_el-45_dusk_operational_v00.jpg,-0.32560089230537415,0.03847155719995499,unknown
neg_animated_drone,data\uav_dataset_color_mild_clean\train\neg_animated_drone\az225_el-45_morning_operational_v00.jpg,0.01063148956745863,0.03847155719995499,unknown
neg_animated_drone,data\uav_dataset_color_mild_clean\train\neg_animated_drone\az225_el-45_noon_clear_operational_v00.jpg,-0.2983357906341553,0.03847155719995499,unknown
neg_animated_drone,data\uav_dataset_color_mild_clean\train\neg_animated_drone\az225_el-65_dusk_operational_v00.jpg,-0.004609234631061554,0.03847155719995499,unknown
neg_animated_drone,data\uav_dataset_color_mild_clean\train\neg_animated_drone\az225_el-65_morning_operational_v00.jpg,0.005756651982665062,0.03847155719995499,unknown
neg_animated_drone,data\uav_dataset_color_mild_clean\train\neg_animated_drone\az225_el-65_noon_clear_operational_v00.jpg,-0.23519235849380493,0.03847155719995499,unknown
neg_animated_drone,data\uav_dataset_color_mild_clean\train\neg_animated_drone\az270_el-10_dusk_operational_v00.jpg,-0.12741586565971375,0.03847155719995499,unknown
neg_animated_drone,data\uav_dataset_color_mild_clean\train\neg_animated_drone\az270_el-10_morning_operational_v00.jpg,-0.25864577293395996,0.03847155719995499,unknown
neg_animated_drone,data\uav_dataset_color_mild_clean\train\neg_animated_drone\az270_el-10_noon_clear_operational_v00.jpg,-0.15108650922775269,0.03847155719995499,unknown
neg_animated_drone,data\uav_dataset_color_mild_clean\train\neg_animated_drone\az270_el-25_dusk_operational_v00.jpg,-0.033352673053741455,0.03847155719995499,unknown
neg_animated_drone,data\uav_dataset_color_mild_clean\train\neg_animated_drone\az270_el-25_morning_operational_v00.jpg,-0.06499415636062622,0.03847155719995499,unknown
neg_animated_drone,data\uav_dataset_color_mild_clean\train\neg_animated_drone\az270_el-25_noon_clear_operational_v00.jpg,-0.09929093718528748,0.03847155719995499,unknown
neg_animated_drone,data\uav_dataset_color_mild_clean\train\neg_animated_drone\az270_el-45_dusk_operational_v00.jpg,-0.1699150651693344,0.03847155719995499,unknown
neg_animated_drone,data\uav_dataset_color_mild_clean\train\neg_animated_drone\az270_el-45_morning_operational_v00.jpg,-0.1559433937072754,0.03847155719995499,unknown
neg_animated_drone,data\uav_dataset_color_mild_clean\train\neg_animated_drone\az270_el-45_noon_clear_operational_v00.jpg,-0.2179432511329651,0.03847155719995499,unknown
neg_animated_drone,data\uav_dataset_color_mild_clean\train\neg_animated_drone\az270_el-65_dusk_operational_v00.jpg,0.05536295473575592,0.03847155719995499,unknown
neg_animated_drone,data\uav_dataset_color_mild_clean\train\neg_animated_drone\az270_el-65_morning_operational_v00.jpg,0.020602699369192123,0.03847155719995499,unknown
neg_animated_drone,data\uav_dataset_color_mild_clean\train\neg_animated_drone\az270_el-65_noon_clear_operational_v00.jpg,0.01296392735093832,0.03847155719995499,unknown
neg_animated_drone,data\uav_dataset_color_mild_clean\train\neg_animated_drone\az315_el-10_dusk_operational_v00.jpg,-0.11658971011638641,0.03847155719995499,unknown
neg_animated_drone,data\uav_dataset_color_mild_clean\train\neg_animated_drone\az315_el-10_morning_operational_v00.jpg,-0.0892391949892044,0.03847155719995499,unknown
neg_animated_drone,data\uav_dataset_color_mild_clean\train\neg_animated_drone\az315_el-10_noon_clear_operational_v00.jpg,-0.25574803352355957,0.03847155719995499,unknown
neg_animated_drone,data\uav_dataset_color_mild_clean\train\neg_animated_drone\az315_el-25_dusk_operational_v00.jpg,-0.1303033083677292,0.03847155719995499,unknown
neg_animated_drone,data\uav_dataset_color_mild_clean\train\neg_animated_drone\az315_el-25_morning_operational_v00.jpg,-0.22833576798439026,0.03847155719995499,unknown
neg_animated_drone,data\uav_dataset_color_mild_clean\train\neg_animated_drone\az315_el-25_noon_clear_operational_v00.jpg,-0.122381292283535,0.03847155719995499,unknown
neg_animated_drone,data\uav_dataset_color_mild_clean\train\neg_animated_drone\az315_el-45_dusk_operational_v00.jpg,-0.37517842650413513,0.03847155719995499,unknown
neg_animated_drone,data\uav_dataset_color_mild_clean\train\neg_animated_drone\az315_el-45_morning_operational_v00.jpg,-0.14200907945632935,0.03847155719995499,unknown
neg_animated_drone,data\uav_dataset_color_mild_clean\train\neg_animated_drone\az315_el-45_noon_clear_operational_v00.jpg,-0.270270973443985,0.03847155719995499,unknown
neg_animated_drone,data\uav_dataset_color_mild_clean\train\neg_animated_drone\az315_el-65_dusk_operational_v00.jpg,0.0050920359790325165,0.03847155719995499,unknown
neg_animated_drone,data\uav_dataset_color_mild_clean\train\neg_animated_drone\az315_el-65_morning_operational_v00.jpg,-0.05264628678560257,0.03847155719995499,unknown
neg_animated_drone,data\uav_dataset_color_mild_clean\train\neg_animated_drone\az315_el-65_noon_clear_operational_v00.jpg,-0.17988087236881256,0.03847155719995499,unknown
neg_bald_eagle_flying_bird_model,data\uav_dataset_color_mild_clean\train\neg_bald_eagle_flying_bird_model\az000_el-10_dusk_operational_v00.jpg,-0.14000554382801056,0.008877980522811413,unknown
neg_bald_eagle_flying_bird_model,data\uav_dataset_color_mild_clean\train\neg_bald_eagle_flying_bird_model\az000_el-10_morning_operational_v00.jpg,-0.28295719623565674,0.008877980522811413,unknown
neg_bald_eagle_flying_bird_model,data\uav_dataset_color_mild_clean\train\neg_bald_eagle_flying_bird_model\az000_el-10_noon_clear_operational_v00.jpg,-0.30740055441856384,0.008877980522811413,unknown
neg_bald_eagle_flying_bird_model,data\uav_dataset_color_mild_clean\train\neg_bald_eagle_flying_bird_model\az000_el-25_dusk_operational_v00.jpg,-0.18712776899337769,0.008877980522811413,unknown
neg_bald_eagle_flying_bird_model,data\uav_dataset_color_mild_clean\train\neg_bald_eagle_flying_bird_model\az000_el-25_morning_operational_v00.jpg,-0.26992249488830566,0.008877980522811413,unknown
neg_bald_eagle_flying_bird_model,data\uav_dataset_color_mild_clean\train\neg_bald_eagle_flying_bird_model\az000_el-25_noon_clear_operational_v00.jpg,-0.14818274974822998,0.008877980522811413,unknown
neg_bald_eagle_flying_bird_model,data\uav_dataset_color_mild_clean\train\neg_bald_eagle_flying_bird_model\az000_el-45_dusk_operational_v00.jpg,-0.30289173126220703,0.008877980522811413,unknown
neg_bald_eagle_flying_bird_model,data\uav_dataset_color_mild_clean\train\neg_bald_eagle_flying_bird_model\az000_el-45_morning_operational_v00.jpg,-0.37340715527534485,0.008877980522811413,unknown
neg_bald_eagle_flying_bird_model,data\uav_dataset_color_mild_clean\train\neg_bald_eagle_flying_bird_model\az000_el-45_noon_clear_operational_v00.jpg,-0.22993996739387512,0.008877980522811413,unknown
neg_bald_eagle_flying_bird_model,data\uav_dataset_color_mild_clean\train\neg_bald_eagle_flying_bird_model\az000_el-65_dusk_operational_v00.jpg,-0.23702885210514069,0.008877980522811413,unknown
neg_bald_eagle_flying_bird_model,data\uav_dataset_color_mild_clean\train\neg_bald_eagle_flying_bird_model\az000_el-65_morning_operational_v00.jpg,-0.21978448331356049,0.008877980522811413,unknown
neg_bald_eagle_flying_bird_model,data\uav_dataset_color_mild_clean\train\neg_bald_eagle_flying_bird_model\az000_el-65_noon_clear_operational_v00.jpg,-0.12954093515872955,0.008877980522811413,unknown
neg_bald_eagle_flying_bird_model,data\uav_dataset_color_mild_clean\train\neg_bald_eagle_flying_bird_model\az045_el-10_dusk_operational_v00.jpg,-0.1120312511920929,0.008877980522811413,unknown
neg_bald_eagle_flying_bird_model,data\uav_dataset_color_mild_clean\train\neg_bald_eagle_flying_bird_model\az045_el-10_morning_operational_v00.jpg,-0.04826798290014267,0.008877980522811413,unknown
neg_bald_eagle_flying_bird_model,data\uav_dataset_color_mild_clean\train\neg_bald_eagle_flying_bird_model\az045_el-10_noon_clear_operational_v00.jpg,-0.2959114909172058,0.008877980522811413,unknown
neg_bald_eagle_flying_bird_model,data\uav_dataset_color_mild_clean\train\neg_bald_eagle_flying_bird_model\az045_el-25_dusk_operational_v00.jpg,-0.1824856400489807,0.008877980522811413,unknown
neg_bald_eagle_flying_bird_model,data\uav_dataset_color_mild_clean\train\neg_bald_eagle_flying_bird_model\az045_el-25_morning_operational_v00.jpg,0.03204062208533287,0.008877980522811413,unknown
neg_bald_eagle_flying_bird_model,data\uav_dataset_color_mild_clean\train\neg_bald_eagle_flying_bird_model\az045_el-25_noon_clear_operational_v00.jpg,-0.18234223127365112,0.008877980522811413,unknown
neg_bald_eagle_flying_bird_model,data\uav_dataset_color_mild_clean\train\neg_bald_eagle_flying_bird_model\az045_el-45_dusk_operational_v00.jpg,-0.034574009478092194,0.008877980522811413,unknown
neg_bald_eagle_flying_bird_model,data\uav_dataset_color_mild_clean\train\neg_bald_eagle_flying_bird_model\az045_el-45_morning_operational_v00.jpg,-0.27711132168769836,0.008877980522811413,unknown
neg_bald_eagle_flying_bird_model,data\uav_dataset_color_mild_clean\train\neg_bald_eagle_flying_bird_model\az045_el-45_noon_clear_operational_v00.jpg,-0.2314855307340622,0.008877980522811413,unknown
neg_bald_eagle_flying_bird_model,data\uav_dataset_color_mild_clean\train\neg_bald_eagle_flying_bird_model\az045_el-65_dusk_operational_v00.jpg,-0.20951658487319946,0.008877980522811413,unknown
neg_bald_eagle_flying_bird_model,data\uav_dataset_color_mild_clean\train\neg_bald_eagle_flying_bird_model\az045_el-65_morning_operational_v00.jpg,-0.28269925713539124,0.008877980522811413,unknown
neg_bald_eagle_flying_bird_model,data\uav_dataset_color_mild_clean\train\neg_bald_eagle_flying_bird_model\az045_el-65_noon_clear_operational_v00.jpg,-0.23394039273262024,0.008877980522811413,unknown
neg_bald_eagle_flying_bird_model,data\uav_dataset_color_mild_clean\train\neg_bald_eagle_flying_bird_model\az090_el-10_dusk_operational_v00.jpg,-0.1505620926618576,0.008877980522811413,unknown
neg_bald_eagle_flying_bird_model,data\uav_dataset_color_mild_clean\train\neg_bald_eagle_flying_bird_model\az090_el-10_morning_operational_v00.jpg,-0.19445589184761047,0.008877980522811413,unknown
neg_bald_eagle_flying_bird_model,data\uav_dataset_color_mild_clean\train\neg_bald_eagle_flying_bird_model\az090_el-10_noon_clear_operational_v00.jpg,-0.3140190541744232,0.008877980522811413,unknown
neg_bald_eagle_flying_bird_model,data\uav_dataset_color_mild_clean\train\neg_bald_eagle_flying_bird_model\az090_el-25_dusk_operational_v00.jpg,-0.3459477722644806,0.008877980522811413,unknown
neg_bald_eagle_flying_bird_model,data\uav_dataset_color_mild_clean\train\neg_bald_eagle_flying_bird_model\az090_el-25_morning_operational_v00.jpg,-0.10044018179178238,0.008877980522811413,unknown
neg_bald_eagle_flying_bird_model,data\uav_dataset_color_mild_clean\train\neg_bald_eagle_flying_bird_model\az090_el-25_noon_clear_operational_v00.jpg,-0.40732401609420776,0.008877980522811413,unknown
neg_bald_eagle_flying_bird_model,data\uav_dataset_color_mild_clean\train\neg_bald_eagle_flying_bird_model\az090_el-45_dusk_operational_v00.jpg,-0.09616503119468689,0.008877980522811413,unknown
neg_bald_eagle_flying_bird_model,data\uav_dataset_color_mild_clean\train\neg_bald_eagle_flying_bird_model\az090_el-45_morning_operational_v00.jpg,-0.27459338307380676,0.008877980522811413,unknown
neg_bald_eagle_flying_bird_model,data\uav_dataset_color_mild_clean\train\neg_bald_eagle_flying_bird_model\az090_el-45_noon_clear_operational_v00.jpg,-0.2803494334220886,0.008877980522811413,unknown
neg_bald_eagle_flying_bird_model,data\uav_dataset_color_mild_clean\train\neg_bald_eagle_flying_bird_model\az090_el-65_dusk_operational_v00.jpg,-0.21584582328796387,0.008877980522811413,unknown
neg_bald_eagle_flying_bird_model,data\uav_dataset_color_mild_clean\train\neg_bald_eagle_flying_bird_model\az090_el-65_morning_operational_v00.jpg,-0.20424260199069977,0.008877980522811413,unknown
neg_bald_eagle_flying_bird_model,data\uav_dataset_color_mild_clean\train\neg_bald_eagle_flying_bird_model\az090_el-65_noon_clear_operational_v00.jpg,-0.25603318214416504,0.008877980522811413,unknown
neg_bald_eagle_flying_bird_model,data\uav_dataset_color_mild_clean\train\neg_bald_eagle_flying_bird_model\az135_el-10_dusk_operational_v00.jpg,-0.15002873539924622,0.008877980522811413,unknown
neg_bald_eagle_flying_bird_model,data\uav_dataset_color_mild_clean\train\neg_bald_eagle_flying_bird_model\az135_el-10_morning_operational_v00.jpg,-0.16001951694488525,0.008877980522811413,unknown
neg_bald_eagle_flying_bird_model,data\uav_dataset_color_mild_clean\train\neg_bald_eagle_flying_bird_model\az135_el-10_noon_clear_operational_v00.jpg,-0.021768715232610703,0.008877980522811413,unknown
neg_bald_eagle_flying_bird_model,data\uav_dataset_color_mild_clean\train\neg_bald_eagle_flying_bird_model\az135_el-25_dusk_operational_v00.jpg,-0.23532408475875854,0.008877980522811413,unknown
neg_bald_eagle_flying_bird_model,data\uav_dataset_color_mild_clean\train\neg_bald_eagle_flying_bird_model\az135_el-25_morning_operational_v00.jpg,-0.1696401685476303,0.008877980522811413,unknown
neg_bald_eagle_flying_bird_model,data\uav_dataset_color_mild_clean\train\neg_bald_eagle_flying_bird_model\az135_el-25_noon_clear_operational_v00.jpg,-0.010020159184932709,0.008877980522811413,unknown
neg_bald_eagle_flying_bird_model,data\uav_dataset_color_mild_clean\train\neg_bald_eagle_flying_bird_model\az135_el-45_dusk_operational_v00.jpg,-0.22502338886260986,0.008877980522811413,unknown
neg_bald_eagle_flying_bird_model,data\uav_dataset_color_mild_clean\train\neg_bald_eagle_flying_bird_model\az135_el-45_morning_operational_v00.jpg,-0.13182991743087769,0.008877980522811413,unknown
neg_bald_eagle_flying_bird_model,data\uav_dataset_color_mild_clean\train\neg_bald_eagle_flying_bird_model\az135_el-45_noon_clear_operational_v00.jpg,-0.304033100605011,0.008877980522811413,unknown
neg_bald_eagle_flying_bird_model,data\uav_dataset_color_mild_clean\train\neg_bald_eagle_flying_bird_model\az135_el-65_dusk_operational_v00.jpg,-0.12596395611763,0.008877980522811413,unknown
neg_bald_eagle_flying_bird_model,data\uav_dataset_color_mild_clean\train\neg_bald_eagle_flying_bird_model\az135_el-65_morning_operational_v00.jpg,-0.17603611946105957,0.008877980522811413,unknown
neg_bald_eagle_flying_bird_model,data\uav_dataset_color_mild_clean\train\neg_bald_eagle_flying_bird_model\az135_el-65_noon_clear_operational_v00.jpg,-0.291429340839386,0.008877980522811413,unknown
neg_bald_eagle_flying_bird_model,data\uav_dataset_color_mild_clean\train\neg_bald_eagle_flying_bird_model\az180_el-10_dusk_operational_v00.jpg,-0.35705894231796265,0.008877980522811413,unknown
neg_bald_eagle_flying_bird_model,data\uav_dataset_color_mild_clean\train\neg_bald_eagle_flying_bird_model\az180_el-10_morning_operational_v00.jpg,-0.10065491497516632,0.008877980522811413,unknown
neg_bald_eagle_flying_bird_model,data\uav_dataset_color_mild_clean\train\neg_bald_eagle_flying_bird_model\az180_el-10_noon_clear_operational_v00.jpg,-0.08485457301139832,0.008877980522811413,unknown
neg_bald_eagle_flying_bird_model,data\uav_dataset_color_mild_clean\train\neg_bald_eagle_flying_bird_model\az180_el-25_dusk_operational_v00.jpg,-0.015238307416439056,0.008877980522811413,unknown
neg_bald_eagle_flying_bird_model,data\uav_dataset_color_mild_clean\train\neg_bald_eagle_flying_bird_model\az180_el-25_morning_operational_v00.jpg,0.003972608596086502,0.008877980522811413,unknown
neg_bald_eagle_flying_bird_model,data\uav_dataset_color_mild_clean\train\neg_bald_eagle_flying_bird_model\az180_el-25_noon_clear_operational_v00.jpg,-0.03928493335843086,0.008877980522811413,unknown
neg_bald_eagle_flying_bird_model,data\uav_dataset_color_mild_clean\train\neg_bald_eagle_flying_bird_model\az180_el-45_dusk_operational_v00.jpg,-0.3167710304260254,0.008877980522811413,unknown
neg_bald_eagle_flying_bird_model,data\uav_dataset_color_mild_clean\train\neg_bald_eagle_flying_bird_model\az180_el-45_morning_operational_v00.jpg,-0.17591136693954468,0.008877980522811413,unknown
neg_bald_eagle_flying_bird_model,data\uav_dataset_color_mild_clean\train\neg_bald_eagle_flying_bird_model\az180_el-45_noon_clear_operational_v00.jpg,-0.16232025623321533,0.008877980522811413,unknown
neg_bald_eagle_flying_bird_model,data\uav_dataset_color_mild_clean\train\neg_bald_eagle_flying_bird_model\az180_el-65_dusk_operational_v00.jpg,-0.362714946269989,0.008877980522811413,unknown
neg_bald_eagle_flying_bird_model,data\uav_dataset_color_mild_clean\train\neg_bald_eagle_flying_bird_model\az180_el-65_morning_operational_v00.jpg,-0.3264654576778412,0.008877980522811413,unknown
neg_bald_eagle_flying_bird_model,data\uav_dataset_color_mild_clean\train\neg_bald_eagle_flying_bird_model\az180_el-65_noon_clear_operational_v00.jpg,-0.2733888030052185,0.008877980522811413,unknown
neg_bald_eagle_flying_bird_model,data\uav_dataset_color_mild_clean\train\neg_bald_eagle_flying_bird_model\az225_el-10_dusk_operational_v00.jpg,-0.14661478996276855,0.008877980522811413,unknown
neg_bald_eagle_flying_bird_model,data\uav_dataset_color_mild_clean\train\neg_bald_eagle_flying_bird_model\az225_el-10_morning_operational_v00.jpg,-0.17568710446357727,0.008877980522811413,unknown
neg_bald_eagle_flying_bird_model,data\uav_dataset_color_mild_clean\train\neg_bald_eagle_flying_bird_model\az225_el-10_noon_clear_operational_v00.jpg,-0.04506060853600502,0.008877980522811413,unknown
neg_bald_eagle_flying_bird_model,data\uav_dataset_color_mild_clean\train\neg_bald_eagle_flying_bird_model\az225_el-25_dusk_operational_v00.jpg,-0.05859051272273064,0.008877980522811413,unknown
neg_bald_eagle_flying_bird_model,data\uav_dataset_color_mild_clean\train\neg_bald_eagle_flying_bird_model\az225_el-25_morning_operational_v00.jpg,-0.03301139548420906,0.008877980522811413,unknown
neg_bald_eagle_flying_bird_model,data\uav_dataset_color_mild_clean\train\neg_bald_eagle_flying_bird_model\az225_el-25_noon_clear_operational_v00.jpg,-0.10256723314523697,0.008877980522811413,unknown
neg_bald_eagle_flying_bird_model,data\uav_dataset_color_mild_clean\train\neg_bald_eagle_flying_bird_model\az225_el-45_dusk_operational_v00.jpg,-0.07978647202253342,0.008877980522811413,unknown
neg_bald_eagle_flying_bird_model,data\uav_dataset_color_mild_clean\train\neg_bald_eagle_flying_bird_model\az225_el-45_morning_operational_v00.jpg,-0.2990466058254242,0.008877980522811413,unknown
neg_bald_eagle_flying_bird_model,data\uav_dataset_color_mild_clean\train\neg_bald_eagle_flying_bird_model\az225_el-45_noon_clear_operational_v00.jpg,-0.08721033483743668,0.008877980522811413,unknown
neg_bald_eagle_flying_bird_model,data\uav_dataset_color_mild_clean\train\neg_bald_eagle_flying_bird_model\az225_el-65_dusk_operational_v00.jpg,-0.14179496467113495,0.008877980522811413,unknown
neg_bald_eagle_flying_bird_model,data\uav_dataset_color_mild_clean\train\neg_bald_eagle_flying_bird_model\az225_el-65_morning_operational_v00.jpg,-0.32846763730049133,0.008877980522811413,unknown
neg_bald_eagle_flying_bird_model,data\uav_dataset_color_mild_clean\train\neg_bald_eagle_flying_bird_model\az225_el-65_noon_clear_operational_v00.jpg,-0.2537773847579956,0.008877980522811413,unknown
neg_bald_eagle_flying_bird_model,data\uav_dataset_color_mild_clean\train\neg_bald_eagle_flying_bird_model\az270_el-10_dusk_operational_v00.jpg,-0.06922207772731781,0.008877980522811413,unknown
neg_bald_eagle_flying_bird_model,data\uav_dataset_color_mild_clean\train\neg_bald_eagle_flying_bird_model\az270_el-10_morning_operational_v00.jpg,-0.27706125378608704,0.008877980522811413,unknown
neg_bald_eagle_flying_bird_model,data\uav_dataset_color_mild_clean\train\neg_bald_eagle_flying_bird_model\az270_el-10_noon_clear_operational_v00.jpg,-0.27957212924957275,0.008877980522811413,unknown
neg_bald_eagle_flying_bird_model,data\uav_dataset_color_mild_clean\train\neg_bald_eagle_flying_bird_model\az270_el-25_dusk_operational_v00.jpg,-0.09816578030586243,0.008877980522811413,unknown
neg_bald_eagle_flying_bird_model,data\uav_dataset_color_mild_clean\train\neg_bald_eagle_flying_bird_model\az270_el-25_morning_operational_v00.jpg,-0.16195446252822876,0.008877980522811413,unknown
neg_bald_eagle_flying_bird_model,data\uav_dataset_color_mild_clean\train\neg_bald_eagle_flying_bird_model\az270_el-25_noon_clear_operational_v00.jpg,-0.018692366778850555,0.008877980522811413,unknown
neg_bald_eagle_flying_bird_model,data\uav_dataset_color_mild_clean\train\neg_bald_eagle_flying_bird_model\az270_el-45_dusk_operational_v00.jpg,-0.10292845964431763,0.008877980522811413,unknown
neg_bald_eagle_flying_bird_model,data\uav_dataset_color_mild_clean\train\neg_bald_eagle_flying_bird_model\az270_el-45_morning_operational_v00.jpg,-0.1857735514640808,0.008877980522811413,unknown
neg_bald_eagle_flying_bird_model,data\uav_dataset_color_mild_clean\train\neg_bald_eagle_flying_bird_model\az270_el-45_noon_clear_operational_v00.jpg,-0.1523933708667755,0.008877980522811413,unknown
neg_bald_eagle_flying_bird_model,data\uav_dataset_color_mild_clean\train\neg_bald_eagle_flying_bird_model\az270_el-65_dusk_operational_v00.jpg,-0.2793630361557007,0.008877980522811413,unknown
neg_bald_eagle_flying_bird_model,data\uav_dataset_color_mild_clean\train\neg_bald_eagle_flying_bird_model\az270_el-65_morning_operational_v00.jpg,-0.236194908618927,0.008877980522811413,unknown
neg_bald_eagle_flying_bird_model,data\uav_dataset_color_mild_clean\train\neg_bald_eagle_flying_bird_model\az270_el-65_noon_clear_operational_v00.jpg,-0.2052975744009018,0.008877980522811413,unknown
neg_bald_eagle_flying_bird_model,data\uav_dataset_color_mild_clean\train\neg_bald_eagle_flying_bird_model\az315_el-10_dusk_operational_v00.jpg,-0.17382876574993134,0.008877980522811413,unknown
neg_bald_eagle_flying_bird_model,data\uav_dataset_color_mild_clean\train\neg_bald_eagle_flying_bird_model\az315_el-10_morning_operational_v00.jpg,-0.09611140936613083,0.008877980522811413,unknown
neg_bald_eagle_flying_bird_model,data\uav_dataset_color_mild_clean\train\neg_bald_eagle_flying_bird_model\az315_el-10_noon_clear_operational_v00.jpg,-0.06745894253253937,0.008877980522811413,unknown
neg_bald_eagle_flying_bird_model,data\uav_dataset_color_mild_clean\train\neg_bald_eagle_flying_bird_model\az315_el-25_dusk_operational_v00.jpg,-0.10628029704093933,0.008877980522811413,unknown
neg_bald_eagle_flying_bird_model,data\uav_dataset_color_mild_clean\train\neg_bald_eagle_flying_bird_model\az315_el-25_morning_operational_v00.jpg,-0.20386427640914917,0.008877980522811413,unknown
neg_bald_eagle_flying_bird_model,data\uav_dataset_color_mild_clean\train\neg_bald_eagle_flying_bird_model\az315_el-25_noon_clear_operational_v00.jpg,-0.35258328914642334,0.008877980522811413,unknown
neg_bald_eagle_flying_bird_model,data\uav_dataset_color_mild_clean\train\neg_bald_eagle_flying_bird_model\az315_el-45_dusk_operational_v00.jpg,-0.07617410272359848,0.008877980522811413,unknown
neg_bald_eagle_flying_bird_model,data\uav_dataset_color_mild_clean\train\neg_bald_eagle_flying_bird_model\az315_el-45_morning_operational_v00.jpg,-0.2537788152694702,0.008877980522811413,unknown
neg_bald_eagle_flying_bird_model,data\uav_dataset_color_mild_clean\train\neg_bald_eagle_flying_bird_model\az315_el-45_noon_clear_operational_v00.jpg,-0.2925477623939514,0.008877980522811413,unknown
neg_bald_eagle_flying_bird_model,data\uav_dataset_color_mild_clean\train\neg_bald_eagle_flying_bird_model\az315_el-65_dusk_operational_v00.jpg,0.03363513946533203,0.008877980522811413,unknown
neg_bald_eagle_flying_bird_model,data\uav_dataset_color_mild_clean\train\neg_bald_eagle_flying_bird_model\az315_el-65_morning_operational_v00.jpg,-0.29067182540893555,0.008877980522811413,unknown
neg_bald_eagle_flying_bird_model,data\uav_dataset_color_mild_clean\train\neg_bald_eagle_flying_bird_model\az315_el-65_noon_clear_operational_v00.jpg,-0.3216816484928131,0.008877980522811413,unknown
neg_bionic_dragonfly_four-axis_uav_aircraft,data\uav_dataset_color_mild_clean\train\neg_bionic_dragonfly_four-axis_uav_aircraft\az000_el-10_dusk_operational_v00.jpg,-0.1034226343035698,0.1283608078956604,unknown
neg_bionic_dragonfly_four-axis_uav_aircraft,data\uav_dataset_color_mild_clean\train\neg_bionic_dragonfly_four-axis_uav_aircraft\az000_el-10_morning_operational_v00.jpg,-0.14223822951316833,0.1283608078956604,unknown
neg_bionic_dragonfly_four-axis_uav_aircraft,data\uav_dataset_color_mild_clean\train\neg_bionic_dragonfly_four-axis_uav_aircraft\az000_el-10_noon_clear_operational_v00.jpg,-0.15026739239692688,0.1283608078956604,unknown
neg_bionic_dragonfly_four-axis_uav_aircraft,data\uav_dataset_color_mild_clean\train\neg_bionic_dragonfly_four-axis_uav_aircraft\az000_el-25_dusk_operational_v00.jpg,-0.21149079501628876,0.1283608078956604,unknown
neg_bionic_dragonfly_four-axis_uav_aircraft,data\uav_dataset_color_mild_clean\train\neg_bionic_dragonfly_four-axis_uav_aircraft\az000_el-25_morning_operational_v00.jpg,0.002992786467075348,0.1283608078956604,unknown
neg_bionic_dragonfly_four-axis_uav_aircraft,data\uav_dataset_color_mild_clean\train\neg_bionic_dragonfly_four-axis_uav_aircraft\az000_el-25_noon_clear_operational_v00.jpg,-0.11898230016231537,0.1283608078956604,unknown
neg_bionic_dragonfly_four-axis_uav_aircraft,data\uav_dataset_color_mild_clean\train\neg_bionic_dragonfly_four-axis_uav_aircraft\az000_el-45_dusk_operational_v00.jpg,0.025806324556469917,0.1283608078956604,unknown
neg_bionic_dragonfly_four-axis_uav_aircraft,data\uav_dataset_color_mild_clean\train\neg_bionic_dragonfly_four-axis_uav_aircraft\az000_el-45_morning_operational_v00.jpg,0.08774702250957489,0.1283608078956604,unknown
neg_bionic_dragonfly_four-axis_uav_aircraft,data\uav_dataset_color_mild_clean\train\neg_bionic_dragonfly_four-axis_uav_aircraft\az000_el-45_noon_clear_operational_v00.jpg,0.06808120757341385,0.1283608078956604,unknown
neg_bionic_dragonfly_four-axis_uav_aircraft,data\uav_dataset_color_mild_clean\train\neg_bionic_dragonfly_four-axis_uav_aircraft\az000_el-65_dusk_operational_v00.jpg,0.07641660422086716,0.1283608078956604,unknown
neg_bionic_dragonfly_four-axis_uav_aircraft,data\uav_dataset_color_mild_clean\train\neg_bionic_dragonfly_four-axis_uav_aircraft\az000_el-65_morning_operational_v00.jpg,0.0518781915307045,0.1283608078956604,unknown
neg_bionic_dragonfly_four-axis_uav_aircraft,data\uav_dataset_color_mild_clean\train\neg_bionic_dragonfly_four-axis_uav_aircraft\az000_el-65_noon_clear_operational_v00.jpg,0.13396915793418884,0.1283608078956604,unknown
neg_bionic_dragonfly_four-axis_uav_aircraft,data\uav_dataset_color_mild_clean\train\neg_bionic_dragonfly_four-axis_uav_aircraft\az045_el-10_dusk_operational_v00.jpg,-0.17240184545516968,0.1283608078956604,unknown
neg_bionic_dragonfly_four-axis_uav_aircraft,data\uav_dataset_color_mild_clean\train\neg_bionic_dragonfly_four-axis_uav_aircraft\az045_el-10_morning_operational_v00.jpg,-0.16564340889453888,0.1283608078956604,unknown
neg_bionic_dragonfly_four-axis_uav_aircraft,data\uav_dataset_color_mild_clean\train\neg_bionic_dragonfly_four-axis_uav_aircraft\az045_el-10_noon_clear_operational_v00.jpg,-0.10217007994651794,0.1283608078956604,unknown
neg_bionic_dragonfly_four-axis_uav_aircraft,data\uav_dataset_color_mild_clean\train\neg_bionic_dragonfly_four-axis_uav_aircraft\az045_el-25_dusk_operational_v00.jpg,-0.08960746973752975,0.1283608078956604,unknown
neg_bionic_dragonfly_four-axis_uav_aircraft,data\uav_dataset_color_mild_clean\train\neg_bionic_dragonfly_four-axis_uav_aircraft\az045_el-25_morning_operational_v00.jpg,-0.07457195222377777,0.1283608078956604,unknown
neg_bionic_dragonfly_four-axis_uav_aircraft,data\uav_dataset_color_mild_clean\train\neg_bionic_dragonfly_four-axis_uav_aircraft\az045_el-25_noon_clear_operational_v00.jpg,0.04926958680152893,0.1283608078956604,unknown
neg_bionic_dragonfly_four-axis_uav_aircraft,data\uav_dataset_color_mild_clean\train\neg_bionic_dragonfly_four-axis_uav_aircraft\az045_el-45_dusk_operational_v00.jpg,0.026981446892023087,0.1283608078956604,unknown
neg_bionic_dragonfly_four-axis_uav_aircraft,data\uav_dataset_color_mild_clean\train\neg_bionic_dragonfly_four-axis_uav_aircraft\az045_el-45_morning_operational_v00.jpg,0.05937758833169937,0.1283608078956604,unknown
neg_bionic_dragonfly_four-axis_uav_aircraft,data\uav_dataset_color_mild_clean\train\neg_bionic_dragonfly_four-axis_uav_aircraft\az045_el-45_noon_clear_operational_v00.jpg,0.08492448180913925,0.1283608078956604,unknown
neg_bionic_dragonfly_four-axis_uav_aircraft,data\uav_dataset_color_mild_clean\train\neg_bionic_dragonfly_four-axis_uav_aircraft\az045_el-65_dusk_operational_v00.jpg,0.1064126193523407,0.1283608078956604,unknown
neg_bionic_dragonfly_four-axis_uav_aircraft,data\uav_dataset_color_mild_clean\train\neg_bionic_dragonfly_four-axis_uav_aircraft\az045_el-65_morning_operational_v00.jpg,0.08832712471485138,0.1283608078956604,unknown
neg_bionic_dragonfly_four-axis_uav_aircraft,data\uav_dataset_color_mild_clean\train\neg_bionic_dragonfly_four-axis_uav_aircraft\az045_el-65_noon_clear_operational_v00.jpg,0.13492053747177124,0.1283608078956604,unknown
neg_bionic_dragonfly_four-axis_uav_aircraft,data\uav_dataset_color_mild_clean\train\neg_bionic_dragonfly_four-axis_uav_aircraft\az090_el-10_dusk_operational_v00.jpg,0.025513894855976105,0.1283608078956604,unknown
neg_bionic_dragonfly_four-axis_uav_aircraft,data\uav_dataset_color_mild_clean\train\neg_bionic_dragonfly_four-axis_uav_aircraft\az090_el-10_morning_operational_v00.jpg,-0.05826013907790184,0.1283608078956604,unknown
neg_bionic_dragonfly_four-axis_uav_aircraft,data\uav_dataset_color_mild_clean\train\neg_bionic_dragonfly_four-axis_uav_aircraft\az090_el-10_noon_clear_operational_v00.jpg,-0.2414494901895523,0.1283608078956604,unknown
neg_bionic_dragonfly_four-axis_uav_aircraft,data\uav_dataset_color_mild_clean\train\neg_bionic_dragonfly_four-axis_uav_aircraft\az090_el-25_dusk_operational_v00.jpg,-0.10712701827287674,0.1283608078956604,unknown
neg_bionic_dragonfly_four-axis_uav_aircraft,data\uav_dataset_color_mild_clean\train\neg_bionic_dragonfly_four-axis_uav_aircraft\az090_el-25_morning_operational_v00.jpg,0.03337443619966507,0.1283608078956604,unknown
neg_bionic_dragonfly_four-axis_uav_aircraft,data\uav_dataset_color_mild_clean\train\neg_bionic_dragonfly_four-axis_uav_aircraft\az090_el-25_noon_clear_operational_v00.jpg,0.011630358174443245,0.1283608078956604,unknown
neg_bionic_dragonfly_four-axis_uav_aircraft,data\uav_dataset_color_mild_clean\train\neg_bionic_dragonfly_four-axis_uav_aircraft\az090_el-45_dusk_operational_v00.jpg,0.029848884791135788,0.1283608078956604,unknown
neg_bionic_dragonfly_four-axis_uav_aircraft,data\uav_dataset_color_mild_clean\train\neg_bionic_dragonfly_four-axis_uav_aircraft\az090_el-45_morning_operational_v00.jpg,0.03421530872583389,0.1283608078956604,unknown
neg_bionic_dragonfly_four-axis_uav_aircraft,data\uav_dataset_color_mild_clean\train\neg_bionic_dragonfly_four-axis_uav_aircraft\az090_el-45_noon_clear_operational_v00.jpg,0.08980090916156769,0.1283608078956604,unknown
neg_bionic_dragonfly_four-axis_uav_aircraft,data\uav_dataset_color_mild_clean\train\neg_bionic_dragonfly_four-axis_uav_aircraft\az090_el-65_dusk_operational_v00.jpg,0.07172118127346039,0.1283608078956604,unknown
neg_bionic_dragonfly_four-axis_uav_aircraft,data\uav_dataset_color_mild_clean\train\neg_bionic_dragonfly_four-axis_uav_aircraft\az090_el-65_morning_operational_v00.jpg,0.12048139423131943,0.1283608078956604,unknown
neg_bionic_dragonfly_four-axis_uav_aircraft,data\uav_dataset_color_mild_clean\train\neg_bionic_dragonfly_four-axis_uav_aircraft\az090_el-65_noon_clear_operational_v00.jpg,0.09425447881221771,0.1283608078956604,unknown
neg_bionic_dragonfly_four-axis_uav_aircraft,data\uav_dataset_color_mild_clean\train\neg_bionic_dragonfly_four-axis_uav_aircraft\az135_el-10_dusk_operational_v00.jpg,-0.20406897366046906,0.1283608078956604,unknown
neg_bionic_dragonfly_four-axis_uav_aircraft,data\uav_dataset_color_mild_clean\train\neg_bionic_dragonfly_four-axis_uav_aircraft\az135_el-10_morning_operational_v00.jpg,-0.2305159568786621,0.1283608078956604,unknown
neg_bionic_dragonfly_four-axis_uav_aircraft,data\uav_dataset_color_mild_clean\train\neg_bionic_dragonfly_four-axis_uav_aircraft\az135_el-10_noon_clear_operational_v00.jpg,-0.1014937087893486,0.1283608078956604,unknown
neg_bionic_dragonfly_four-axis_uav_aircraft,data\uav_dataset_color_mild_clean\train\neg_bionic_dragonfly_four-axis_uav_aircraft\az135_el-25_dusk_operational_v00.jpg,0.021661005914211273,0.1283608078956604,unknown
neg_bionic_dragonfly_four-axis_uav_aircraft,data\uav_dataset_color_mild_clean\train\neg_bionic_dragonfly_four-axis_uav_aircraft\az135_el-25_morning_operational_v00.jpg,-0.2401287853717804,0.1283608078956604,unknown
neg_bionic_dragonfly_four-axis_uav_aircraft,data\uav_dataset_color_mild_clean\train\neg_bionic_dragonfly_four-axis_uav_aircraft\az135_el-25_noon_clear_operational_v00.jpg,-0.06184878200292587,0.1283608078956604,unknown
neg_bionic_dragonfly_four-axis_uav_aircraft,data\uav_dataset_color_mild_clean\train\neg_bionic_dragonfly_four-axis_uav_aircraft\az135_el-45_dusk_operational_v00.jpg,0.036853209137916565,0.1283608078956604,unknown
neg_bionic_dragonfly_four-axis_uav_aircraft,data\uav_dataset_color_mild_clean\train\neg_bionic_dragonfly_four-axis_uav_aircraft\az135_el-45_morning_operational_v00.jpg,0.07620060443878174,0.1283608078956604,unknown
neg_bionic_dragonfly_four-axis_uav_aircraft,data\uav_dataset_color_mild_clean\train\neg_bionic_dragonfly_four-axis_uav_aircraft\az135_el-45_noon_clear_operational_v00.jpg,0.07733634114265442,0.1283608078956604,unknown
neg_bionic_dragonfly_four-axis_uav_aircraft,data\uav_dataset_color_mild_clean\train\neg_bionic_dragonfly_four-axis_uav_aircraft\az135_el-65_dusk_operational_v00.jpg,0.12347395718097687,0.1283608078956604,unknown
neg_bionic_dragonfly_four-axis_uav_aircraft,data\uav_dataset_color_mild_clean\train\neg_bionic_dragonfly_four-axis_uav_aircraft\az135_el-65_morning_operational_v00.jpg,0.10082229971885681,0.1283608078956604,unknown
neg_bionic_dragonfly_four-axis_uav_aircraft,data\uav_dataset_color_mild_clean\train\neg_bionic_dragonfly_four-axis_uav_aircraft\az135_el-65_noon_clear_operational_v00.jpg,0.07476229220628738,0.1283608078956604,unknown
neg_bionic_dragonfly_four-axis_uav_aircraft,data\uav_dataset_color_mild_clean\train\neg_bionic_dragonfly_four-axis_uav_aircraft\az180_el-10_dusk_operational_v00.jpg,-0.2211708128452301,0.1283608078956604,unknown
neg_bionic_dragonfly_four-axis_uav_aircraft,data\uav_dataset_color_mild_clean\train\neg_bionic_dragonfly_four-axis_uav_aircraft\az180_el-10_morning_operational_v00.jpg,-0.18428704142570496,0.1283608078956604,unknown
neg_bionic_dragonfly_four-axis_uav_aircraft,data\uav_dataset_color_mild_clean\train\neg_bionic_dragonfly_four-axis_uav_aircraft\az180_el-10_noon_clear_operational_v00.jpg,-0.13559438288211823,0.1283608078956604,unknown
neg_bionic_dragonfly_four-axis_uav_aircraft,data\uav_dataset_color_mild_clean\train\neg_bionic_dragonfly_four-axis_uav_aircraft\az180_el-25_dusk_operational_v00.jpg,-0.08499306440353394,0.1283608078956604,unknown
neg_bionic_dragonfly_four-axis_uav_aircraft,data\uav_dataset_color_mild_clean\train\neg_bionic_dragonfly_four-axis_uav_aircraft\az180_el-25_morning_operational_v00.jpg,-0.06494344025850296,0.1283608078956604,unknown
neg_bionic_dragonfly_four-axis_uav_aircraft,data\uav_dataset_color_mild_clean\train\neg_bionic_dragonfly_four-axis_uav_aircraft\az180_el-25_noon_clear_operational_v00.jpg,0.0022810623049736023,0.1283608078956604,unknown
neg_bionic_dragonfly_four-axis_uav_aircraft,data\uav_dataset_color_mild_clean\train\neg_bionic_dragonfly_four-axis_uav_aircraft\az180_el-45_dusk_operational_v00.jpg,0.06805320084095001,0.1283608078956604,unknown
neg_bionic_dragonfly_four-axis_uav_aircraft,data\uav_dataset_color_mild_clean\train\neg_bionic_dragonfly_four-axis_uav_aircraft\az180_el-45_morning_operational_v00.jpg,0.06415439397096634,0.1283608078956604,unknown
neg_bionic_dragonfly_four-axis_uav_aircraft,data\uav_dataset_color_mild_clean\train\neg_bionic_dragonfly_four-axis_uav_aircraft\az180_el-45_noon_clear_operational_v00.jpg,0.052533384412527084,0.1283608078956604,unknown
neg_bionic_dragonfly_four-axis_uav_aircraft,data\uav_dataset_color_mild_clean\train\neg_bionic_dragonfly_four-axis_uav_aircraft\az180_el-65_dusk_operational_v00.jpg,0.08797014504671097,0.1283608078956604,unknown
neg_bionic_dragonfly_four-axis_uav_aircraft,data\uav_dataset_color_mild_clean\train\neg_bionic_dragonfly_four-axis_uav_aircraft\az180_el-65_morning_operational_v00.jpg,0.11767273396253586,0.1283608078956604,unknown
neg_bionic_dragonfly_four-axis_uav_aircraft,data\uav_dataset_color_mild_clean\train\neg_bionic_dragonfly_four-axis_uav_aircraft\az180_el-65_noon_clear_operational_v00.jpg,0.07558047771453857,0.1283608078956604,unknown
neg_bionic_dragonfly_four-axis_uav_aircraft,data\uav_dataset_color_mild_clean\train\neg_bionic_dragonfly_four-axis_uav_aircraft\az225_el-10_dusk_operational_v00.jpg,-0.0646529346704483,0.1283608078956604,unknown
neg_bionic_dragonfly_four-axis_uav_aircraft,data\uav_dataset_color_mild_clean\train\neg_bionic_dragonfly_four-axis_uav_aircraft\az225_el-10_morning_operational_v00.jpg,-0.21435756981372833,0.1283608078956604,unknown
neg_bionic_dragonfly_four-axis_uav_aircraft,data\uav_dataset_color_mild_clean\train\neg_bionic_dragonfly_four-axis_uav_aircraft\az225_el-10_noon_clear_operational_v00.jpg,-0.2475997507572174,0.1283608078956604,unknown
neg_bionic_dragonfly_four-axis_uav_aircraft,data\uav_dataset_color_mild_clean\train\neg_bionic_dragonfly_four-axis_uav_aircraft\az225_el-25_dusk_operational_v00.jpg,-0.1922159343957901,0.1283608078956604,unknown
neg_bionic_dragonfly_four-axis_uav_aircraft,data\uav_dataset_color_mild_clean\train\neg_bionic_dragonfly_four-axis_uav_aircraft\az225_el-25_morning_operational_v00.jpg,-0.0790943130850792,0.1283608078956604,unknown
neg_bionic_dragonfly_four-axis_uav_aircraft,data\uav_dataset_color_mild_clean\train\neg_bionic_dragonfly_four-axis_uav_aircraft\az225_el-25_noon_clear_operational_v00.jpg,0.024657802656292915,0.1283608078956604,unknown
neg_bionic_dragonfly_four-axis_uav_aircraft,data\uav_dataset_color_mild_clean\train\neg_bionic_dragonfly_four-axis_uav_aircraft\az225_el-45_dusk_operational_v00.jpg,0.05034279823303223,0.1283608078956604,unknown
neg_bionic_dragonfly_four-axis_uav_aircraft,data\uav_dataset_color_mild_clean\train\neg_bionic_dragonfly_four-axis_uav_aircraft\az225_el-45_morning_operational_v00.jpg,0.07909224927425385,0.1283608078956604,unknown
neg_bionic_dragonfly_four-axis_uav_aircraft,data\uav_dataset_color_mild_clean\train\neg_bionic_dragonfly_four-axis_uav_aircraft\az225_el-45_noon_clear_operational_v00.jpg,0.073541559278965,0.1283608078956604,unknown
neg_bionic_dragonfly_four-axis_uav_aircraft,data\uav_dataset_color_mild_clean\train\neg_bionic_dragonfly_four-axis_uav_aircraft\az225_el-65_dusk_operational_v00.jpg,0.08464142680168152,0.1283608078956604,unknown
neg_bionic_dragonfly_four-axis_uav_aircraft,data\uav_dataset_color_mild_clean\train\neg_bionic_dragonfly_four-axis_uav_aircraft\az225_el-65_morning_operational_v00.jpg,0.07771226763725281,0.1283608078956604,unknown
neg_bionic_dragonfly_four-axis_uav_aircraft,data\uav_dataset_color_mild_clean\train\neg_bionic_dragonfly_four-axis_uav_aircraft\az225_el-65_noon_clear_operational_v00.jpg,0.04930029436945915,0.1283608078956604,unknown
neg_bionic_dragonfly_four-axis_uav_aircraft,data\uav_dataset_color_mild_clean\train\neg_bionic_dragonfly_four-axis_uav_aircraft\az270_el-10_dusk_operational_v00.jpg,-0.14941740036010742,0.1283608078956604,unknown
neg_bionic_dragonfly_four-axis_uav_aircraft,data\uav_dataset_color_mild_clean\train\neg_bionic_dragonfly_four-axis_uav_aircraft\az270_el-10_morning_operational_v00.jpg,-0.2238582819700241,0.1283608078956604,unknown
neg_bionic_dragonfly_four-axis_uav_aircraft,data\uav_dataset_color_mild_clean\train\neg_bionic_dragonfly_four-axis_uav_aircraft\az270_el-10_noon_clear_operational_v00.jpg,-0.280276894569397,0.1283608078956604,unknown
neg_bionic_dragonfly_four-axis_uav_aircraft,data\uav_dataset_color_mild_clean\train\neg_bionic_dragonfly_four-axis_uav_aircraft\az270_el-25_dusk_operational_v00.jpg,0.004870694130659103,0.1283608078956604,unknown
neg_bionic_dragonfly_four-axis_uav_aircraft,data\uav_dataset_color_mild_clean\train\neg_bionic_dragonfly_four-axis_uav_aircraft\az270_el-25_morning_operational_v00.jpg,0.04719173163175583,0.1283608078956604,unknown
neg_bionic_dragonfly_four-axis_uav_aircraft,data\uav_dataset_color_mild_clean\train\neg_bionic_dragonfly_four-axis_uav_aircraft\az270_el-25_noon_clear_operational_v00.jpg,0.02923467755317688,0.1283608078956604,unknown
neg_bionic_dragonfly_four-axis_uav_aircraft,data\uav_dataset_color_mild_clean\train\neg_bionic_dragonfly_four-axis_uav_aircraft\az270_el-45_dusk_operational_v00.jpg,0.053985126316547394,0.1283608078956604,unknown
neg_bionic_dragonfly_four-axis_uav_aircraft,data\uav_dataset_color_mild_clean\train\neg_bionic_dragonfly_four-axis_uav_aircraft\az270_el-45_morning_operational_v00.jpg,0.0867396891117096,0.1283608078956604,unknown
neg_bionic_dragonfly_four-axis_uav_aircraft,data\uav_dataset_color_mild_clean\train\neg_bionic_dragonfly_four-axis_uav_aircraft\az270_el-45_noon_clear_operational_v00.jpg,0.12895897030830383,0.1283608078956604,unknown
neg_bionic_dragonfly_four-axis_uav_aircraft,data\uav_dataset_color_mild_clean\train\neg_bionic_dragonfly_four-axis_uav_aircraft\az270_el-65_dusk_operational_v00.jpg,0.08103908598423004,0.1283608078956604,unknown
neg_bionic_dragonfly_four-axis_uav_aircraft,data\uav_dataset_color_mild_clean\train\neg_bionic_dragonfly_four-axis_uav_aircraft\az270_el-65_morning_operational_v00.jpg,0.11696451902389526,0.1283608078956604,unknown
neg_bionic_dragonfly_four-axis_uav_aircraft,data\uav_dataset_color_mild_clean\train\neg_bionic_dragonfly_four-axis_uav_aircraft\az270_el-65_noon_clear_operational_v00.jpg,0.0695902556180954,0.1283608078956604,unknown
neg_bionic_dragonfly_four-axis_uav_aircraft,data\uav_dataset_color_mild_clean\train\neg_bionic_dragonfly_four-axis_uav_aircraft\az315_el-10_dusk_operational_v00.jpg,-0.11074119806289673,0.1283608078956604,unknown
neg_bionic_dragonfly_four-axis_uav_aircraft,data\uav_dataset_color_mild_clean\train\neg_bionic_dragonfly_four-axis_uav_aircraft\az315_el-10_morning_operational_v00.jpg,-0.10335889458656311,0.1283608078956604,unknown
neg_bionic_dragonfly_four-axis_uav_aircraft,data\uav_dataset_color_mild_clean\train\neg_bionic_dragonfly_four-axis_uav_aircraft\az315_el-10_noon_clear_operational_v00.jpg,-0.27272945642471313,0.1283608078956604,unknown
neg_bionic_dragonfly_four-axis_uav_aircraft,data\uav_dataset_color_mild_clean\train\neg_bionic_dragonfly_four-axis_uav_aircraft\az315_el-25_dusk_operational_v00.jpg,-0.07085636258125305,0.1283608078956604,unknown
neg_bionic_dragonfly_four-axis_uav_aircraft,data\uav_dataset_color_mild_clean\train\neg_bionic_dragonfly_four-axis_uav_aircraft\az315_el-25_morning_operational_v00.jpg,0.02392490953207016,0.1283608078956604,unknown
neg_bionic_dragonfly_four-axis_uav_aircraft,data\uav_dataset_color_mild_clean\train\neg_bionic_dragonfly_four-axis_uav_aircraft\az315_el-25_noon_clear_operational_v00.jpg,0.05093005672097206,0.1283608078956604,unknown
neg_bionic_dragonfly_four-axis_uav_aircraft,data\uav_dataset_color_mild_clean\train\neg_bionic_dragonfly_four-axis_uav_aircraft\az315_el-45_dusk_operational_v00.jpg,-0.015085823833942413,0.1283608078956604,unknown
neg_bionic_dragonfly_four-axis_uav_aircraft,data\uav_dataset_color_mild_clean\train\neg_bionic_dragonfly_four-axis_uav_aircraft\az315_el-45_morning_operational_v00.jpg,0.04186470806598663,0.1283608078956604,unknown
neg_bionic_dragonfly_four-axis_uav_aircraft,data\uav_dataset_color_mild_clean\train\neg_bionic_dragonfly_four-axis_uav_aircraft\az315_el-45_noon_clear_operational_v00.jpg,0.09282995760440826,0.1283608078956604,unknown
neg_bionic_dragonfly_four-axis_uav_aircraft,data\uav_dataset_color_mild_clean\train\neg_bionic_dragonfly_four-axis_uav_aircraft\az315_el-65_dusk_operational_v00.jpg,0.08716049790382385,0.1283608078956604,unknown
neg_bionic_dragonfly_four-axis_uav_aircraft,data\uav_dataset_color_mild_clean\train\neg_bionic_dragonfly_four-axis_uav_aircraft\az315_el-65_morning_operational_v00.jpg,0.10055504739284515,0.1283608078956604,unknown
neg_bionic_dragonfly_four-axis_uav_aircraft,data\uav_dataset_color_mild_clean\train\neg_bionic_dragonfly_four-axis_uav_aircraft\az315_el-65_noon_clear_operational_v00.jpg,0.08487890660762787,0.1283608078956604,unknown
neg_cesna_airplane,data\uav_dataset_color_mild_clean\train\neg_cesna_airplane\az000_el-10_dusk_operational_v00.jpg,-0.09141041338443756,0.011543448083102703,unknown
neg_cesna_airplane,data\uav_dataset_color_mild_clean\train\neg_cesna_airplane\az000_el-10_morning_operational_v00.jpg,-0.21962368488311768,0.011543448083102703,unknown
neg_cesna_airplane,data\uav_dataset_color_mild_clean\train\neg_cesna_airplane\az000_el-10_noon_clear_operational_v00.jpg,-0.12311484664678574,0.011543448083102703,unknown
neg_cesna_airplane,data\uav_dataset_color_mild_clean\train\neg_cesna_airplane\az000_el-25_dusk_operational_v00.jpg,-0.2677764892578125,0.011543448083102703,unknown
neg_cesna_airplane,data\uav_dataset_color_mild_clean\train\neg_cesna_airplane\az000_el-25_morning_operational_v00.jpg,-0.29900121688842773,0.011543448083102703,unknown
neg_cesna_airplane,data\uav_dataset_color_mild_clean\train\neg_cesna_airplane\az000_el-25_noon_clear_operational_v00.jpg,-0.30494916439056396,0.011543448083102703,unknown
neg_cesna_airplane,data\uav_dataset_color_mild_clean\train\neg_cesna_airplane\az000_el-45_dusk_operational_v00.jpg,-0.23447145521640778,0.011543448083102703,unknown
neg_cesna_airplane,data\uav_dataset_color_mild_clean\train\neg_cesna_airplane\az000_el-45_morning_operational_v00.jpg,-0.030118202790617943,0.011543448083102703,unknown
neg_cesna_airplane,data\uav_dataset_color_mild_clean\train\neg_cesna_airplane\az000_el-45_noon_clear_operational_v00.jpg,-0.1779206097126007,0.011543448083102703,unknown
neg_cesna_airplane,data\uav_dataset_color_mild_clean\train\neg_cesna_airplane\az000_el-65_dusk_operational_v00.jpg,-0.22377292811870575,0.011543448083102703,unknown
neg_cesna_airplane,data\uav_dataset_color_mild_clean\train\neg_cesna_airplane\az000_el-65_morning_operational_v00.jpg,-0.16363754868507385,0.011543448083102703,unknown
neg_cesna_airplane,data\uav_dataset_color_mild_clean\train\neg_cesna_airplane\az000_el-65_noon_clear_operational_v00.jpg,-0.17056354880332947,0.011543448083102703,unknown
neg_cesna_airplane,data\uav_dataset_color_mild_clean\train\neg_cesna_airplane\az045_el-10_dusk_operational_v00.jpg,-0.16374820470809937,0.011543448083102703,unknown
neg_cesna_airplane,data\uav_dataset_color_mild_clean\train\neg_cesna_airplane\az045_el-10_morning_operational_v00.jpg,-0.09310860186815262,0.011543448083102703,unknown
neg_cesna_airplane,data\uav_dataset_color_mild_clean\train\neg_cesna_airplane\az045_el-10_noon_clear_operational_v00.jpg,-0.014762569218873978,0.011543448083102703,unknown
neg_cesna_airplane,data\uav_dataset_color_mild_clean\train\neg_cesna_airplane\az045_el-25_dusk_operational_v00.jpg,-0.17143376171588898,0.011543448083102703,unknown
neg_cesna_airplane,data\uav_dataset_color_mild_clean\train\neg_cesna_airplane\az045_el-25_morning_operational_v00.jpg,-0.2606827914714813,0.011543448083102703,unknown
neg_cesna_airplane,data\uav_dataset_color_mild_clean\train\neg_cesna_airplane\az045_el-25_noon_clear_operational_v00.jpg,-0.14096969366073608,0.011543448083102703,unknown
neg_cesna_airplane,data\uav_dataset_color_mild_clean\train\neg_cesna_airplane\az045_el-45_dusk_operational_v00.jpg,-0.26862338185310364,0.011543448083102703,unknown
neg_cesna_airplane,data\uav_dataset_color_mild_clean\train\neg_cesna_airplane\az045_el-45_morning_operational_v00.jpg,-0.2526932954788208,0.011543448083102703,unknown
neg_cesna_airplane,data\uav_dataset_color_mild_clean\train\neg_cesna_airplane\az045_el-45_noon_clear_operational_v00.jpg,-0.1316392421722412,0.011543448083102703,unknown
neg_cesna_airplane,data\uav_dataset_color_mild_clean\train\neg_cesna_airplane\az045_el-65_dusk_operational_v00.jpg,-0.0009698020294308662,0.011543448083102703,unknown
neg_cesna_airplane,data\uav_dataset_color_mild_clean\train\neg_cesna_airplane\az045_el-65_morning_operational_v00.jpg,-0.26892170310020447,0.011543448083102703,unknown
neg_cesna_airplane,data\uav_dataset_color_mild_clean\train\neg_cesna_airplane\az045_el-65_noon_clear_operational_v00.jpg,-0.19482773542404175,0.011543448083102703,unknown
neg_cesna_airplane,data\uav_dataset_color_mild_clean\train\neg_cesna_airplane\az090_el-10_dusk_operational_v00.jpg,-0.21238793432712555,0.011543448083102703,unknown
neg_cesna_airplane,data\uav_dataset_color_mild_clean\train\neg_cesna_airplane\az090_el-10_morning_operational_v00.jpg,-0.20361894369125366,0.011543448083102703,unknown
neg_cesna_airplane,data\uav_dataset_color_mild_clean\train\neg_cesna_airplane\az090_el-10_noon_clear_operational_v00.jpg,-0.025859203189611435,0.011543448083102703,unknown
neg_cesna_airplane,data\uav_dataset_color_mild_clean\train\neg_cesna_airplane\az090_el-25_dusk_operational_v00.jpg,-0.186026468873024,0.011543448083102703,unknown
neg_cesna_airplane,data\uav_dataset_color_mild_clean\train\neg_cesna_airplane\az090_el-25_morning_operational_v00.jpg,-0.1797102689743042,0.011543448083102703,unknown
neg_cesna_airplane,data\uav_dataset_color_mild_clean\train\neg_cesna_airplane\az090_el-25_noon_clear_operational_v00.jpg,-0.172988161444664,0.011543448083102703,unknown
neg_cesna_airplane,data\uav_dataset_color_mild_clean\train\neg_cesna_airplane\az090_el-45_dusk_operational_v00.jpg,-0.39941927790641785,0.011543448083102703,unknown
neg_cesna_airplane,data\uav_dataset_color_mild_clean\train\neg_cesna_airplane\az090_el-45_morning_operational_v00.jpg,-0.03629032149910927,0.011543448083102703,unknown
neg_cesna_airplane,data\uav_dataset_color_mild_clean\train\neg_cesna_airplane\az090_el-45_noon_clear_operational_v00.jpg,-0.16680946946144104,0.011543448083102703,unknown
neg_cesna_airplane,data\uav_dataset_color_mild_clean\train\neg_cesna_airplane\az090_el-65_dusk_operational_v00.jpg,-0.30908143520355225,0.011543448083102703,unknown
neg_cesna_airplane,data\uav_dataset_color_mild_clean\train\neg_cesna_airplane\az090_el-65_morning_operational_v00.jpg,-0.15564247965812683,0.011543448083102703,unknown
neg_cesna_airplane,data\uav_dataset_color_mild_clean\train\neg_cesna_airplane\az090_el-65_noon_clear_operational_v00.jpg,-0.20398564636707306,0.011543448083102703,unknown
neg_cesna_airplane,data\uav_dataset_color_mild_clean\train\neg_cesna_airplane\az135_el-10_dusk_operational_v00.jpg,-0.07123620808124542,0.011543448083102703,unknown
neg_cesna_airplane,data\uav_dataset_color_mild_clean\train\neg_cesna_airplane\az135_el-10_morning_operational_v00.jpg,-0.2487700879573822,0.011543448083102703,unknown
neg_cesna_airplane,data\uav_dataset_color_mild_clean\train\neg_cesna_airplane\az135_el-10_noon_clear_operational_v00.jpg,-0.17328612506389618,0.011543448083102703,unknown
neg_cesna_airplane,data\uav_dataset_color_mild_clean\train\neg_cesna_airplane\az135_el-25_dusk_operational_v00.jpg,-0.16271811723709106,0.011543448083102703,unknown
neg_cesna_airplane,data\uav_dataset_color_mild_clean\train\neg_cesna_airplane\az135_el-25_morning_operational_v00.jpg,-0.08418288826942444,0.011543448083102703,unknown
neg_cesna_airplane,data\uav_dataset_color_mild_clean\train\neg_cesna_airplane\az135_el-25_noon_clear_operational_v00.jpg,-0.18448162078857422,0.011543448083102703,unknown
neg_cesna_airplane,data\uav_dataset_color_mild_clean\train\neg_cesna_airplane\az135_el-45_dusk_operational_v00.jpg,-0.3255771994590759,0.011543448083102703,unknown
neg_cesna_airplane,data\uav_dataset_color_mild_clean\train\neg_cesna_airplane\az135_el-45_morning_operational_v00.jpg,-0.21217194199562073,0.011543448083102703,unknown
neg_cesna_airplane,data\uav_dataset_color_mild_clean\train\neg_cesna_airplane\az135_el-45_noon_clear_operational_v00.jpg,-0.1248612254858017,0.011543448083102703,unknown
neg_cesna_airplane,data\uav_dataset_color_mild_clean\train\neg_cesna_airplane\az135_el-65_dusk_operational_v00.jpg,-0.16046608984470367,0.011543448083102703,unknown
neg_cesna_airplane,data\uav_dataset_color_mild_clean\train\neg_cesna_airplane\az135_el-65_morning_operational_v00.jpg,-0.19741985201835632,0.011543448083102703,unknown
neg_cesna_airplane,data\uav_dataset_color_mild_clean\train\neg_cesna_airplane\az135_el-65_noon_clear_operational_v00.jpg,-0.036539047956466675,0.011543448083102703,unknown
neg_cesna_airplane,data\uav_dataset_color_mild_clean\train\neg_cesna_airplane\az180_el-10_dusk_operational_v00.jpg,-0.17601105570793152,0.011543448083102703,unknown
neg_cesna_airplane,data\uav_dataset_color_mild_clean\train\neg_cesna_airplane\az180_el-10_morning_operational_v00.jpg,-0.2685428261756897,0.011543448083102703,unknown
neg_cesna_airplane,data\uav_dataset_color_mild_clean\train\neg_cesna_airplane\az180_el-10_noon_clear_operational_v00.jpg,-0.2921569347381592,0.011543448083102703,unknown
neg_cesna_airplane,data\uav_dataset_color_mild_clean\train\neg_cesna_airplane\az180_el-25_dusk_operational_v00.jpg,-0.2549273371696472,0.011543448083102703,unknown
neg_cesna_airplane,data\uav_dataset_color_mild_clean\train\neg_cesna_airplane\az180_el-25_morning_operational_v00.jpg,-0.20983710885047913,0.011543448083102703,unknown
neg_cesna_airplane,data\uav_dataset_color_mild_clean\train\neg_cesna_airplane\az180_el-25_noon_clear_operational_v00.jpg,-0.26575618982315063,0.011543448083102703,unknown
neg_cesna_airplane,data\uav_dataset_color_mild_clean\train\neg_cesna_airplane\az180_el-45_dusk_operational_v00.jpg,-0.18349768221378326,0.011543448083102703,unknown
neg_cesna_airplane,data\uav_dataset_color_mild_clean\train\neg_cesna_airplane\az180_el-45_morning_operational_v00.jpg,-0.2898175120353699,0.011543448083102703,unknown
neg_cesna_airplane,data\uav_dataset_color_mild_clean\train\neg_cesna_airplane\az180_el-45_noon_clear_operational_v00.jpg,-0.19170615077018738,0.011543448083102703,unknown
neg_cesna_airplane,data\uav_dataset_color_mild_clean\train\neg_cesna_airplane\az180_el-65_dusk_operational_v00.jpg,-0.18200448155403137,0.011543448083102703,unknown
neg_cesna_airplane,data\uav_dataset_color_mild_clean\train\neg_cesna_airplane\az180_el-65_morning_operational_v00.jpg,-0.1469307541847229,0.011543448083102703,unknown
neg_cesna_airplane,data\uav_dataset_color_mild_clean\train\neg_cesna_airplane\az180_el-65_noon_clear_operational_v00.jpg,-0.20541003346443176,0.011543448083102703,unknown
neg_cesna_airplane,data\uav_dataset_color_mild_clean\train\neg_cesna_airplane\az225_el-10_dusk_operational_v00.jpg,-0.14392024278640747,0.011543448083102703,unknown
neg_cesna_airplane,data\uav_dataset_color_mild_clean\train\neg_cesna_airplane\az225_el-10_morning_operational_v00.jpg,-0.13020235300064087,0.011543448083102703,unknown
neg_cesna_airplane,data\uav_dataset_color_mild_clean\train\neg_cesna_airplane\az225_el-10_noon_clear_operational_v00.jpg,-0.2037472128868103,0.011543448083102703,unknown
neg_cesna_airplane,data\uav_dataset_color_mild_clean\train\neg_cesna_airplane\az225_el-25_dusk_operational_v00.jpg,-0.20252229273319244,0.011543448083102703,unknown
neg_cesna_airplane,data\uav_dataset_color_mild_clean\train\neg_cesna_airplane\az225_el-25_morning_operational_v00.jpg,-0.11673692613840103,0.011543448083102703,unknown
neg_cesna_airplane,data\uav_dataset_color_mild_clean\train\neg_cesna_airplane\az225_el-25_noon_clear_operational_v00.jpg,-0.24218659102916718,0.011543448083102703,unknown
neg_cesna_airplane,data\uav_dataset_color_mild_clean\train\neg_cesna_airplane\az225_el-45_dusk_operational_v00.jpg,-0.12674841284751892,0.011543448083102703,unknown
neg_cesna_airplane,data\uav_dataset_color_mild_clean\train\neg_cesna_airplane\az225_el-45_morning_operational_v00.jpg,-0.2660081386566162,0.011543448083102703,unknown
neg_cesna_airplane,data\uav_dataset_color_mild_clean\train\neg_cesna_airplane\az225_el-45_noon_clear_operational_v00.jpg,-0.354303240776062,0.011543448083102703,unknown
neg_cesna_airplane,data\uav_dataset_color_mild_clean\train\neg_cesna_airplane\az225_el-65_dusk_operational_v00.jpg,0.030237380415201187,0.011543448083102703,unknown
neg_cesna_airplane,data\uav_dataset_color_mild_clean\train\neg_cesna_airplane\az225_el-65_morning_operational_v00.jpg,-0.26268619298934937,0.011543448083102703,unknown
neg_cesna_airplane,data\uav_dataset_color_mild_clean\train\neg_cesna_airplane\az225_el-65_noon_clear_operational_v00.jpg,-0.22659535706043243,0.011543448083102703,unknown
neg_cesna_airplane,data\uav_dataset_color_mild_clean\train\neg_cesna_airplane\az270_el-10_dusk_operational_v00.jpg,-0.06965913623571396,0.011543448083102703,unknown
neg_cesna_airplane,data\uav_dataset_color_mild_clean\train\neg_cesna_airplane\az270_el-10_morning_operational_v00.jpg,-0.24791628122329712,0.011543448083102703,unknown
neg_cesna_airplane,data\uav_dataset_color_mild_clean\train\neg_cesna_airplane\az270_el-10_noon_clear_operational_v00.jpg,-0.26669278740882874,0.011543448083102703,unknown
neg_cesna_airplane,data\uav_dataset_color_mild_clean\train\neg_cesna_airplane\az270_el-25_dusk_operational_v00.jpg,-0.13217124342918396,0.011543448083102703,unknown
neg_cesna_airplane,data\uav_dataset_color_mild_clean\train\neg_cesna_airplane\az270_el-25_morning_operational_v00.jpg,-0.22464649379253387,0.011543448083102703,unknown
neg_cesna_airplane,data\uav_dataset_color_mild_clean\train\neg_cesna_airplane\az270_el-25_noon_clear_operational_v00.jpg,-0.21719041466712952,0.011543448083102703,unknown
neg_cesna_airplane,data\uav_dataset_color_mild_clean\train\neg_cesna_airplane\az270_el-45_dusk_operational_v00.jpg,-0.09151404350996017,0.011543448083102703,unknown
neg_cesna_airplane,data\uav_dataset_color_mild_clean\train\neg_cesna_airplane\az270_el-45_morning_operational_v00.jpg,-0.16620996594429016,0.011543448083102703,unknown
neg_cesna_airplane,data\uav_dataset_color_mild_clean\train\neg_cesna_airplane\az270_el-45_noon_clear_operational_v00.jpg,-0.18894335627555847,0.011543448083102703,unknown
neg_cesna_airplane,data\uav_dataset_color_mild_clean\train\neg_cesna_airplane\az270_el-65_dusk_operational_v00.jpg,0.047990117222070694,0.011543448083102703,unknown
neg_cesna_airplane,data\uav_dataset_color_mild_clean\train\neg_cesna_airplane\az270_el-65_morning_operational_v00.jpg,-0.15388084948062897,0.011543448083102703,unknown
neg_cesna_airplane,data\uav_dataset_color_mild_clean\train\neg_cesna_airplane\az270_el-65_noon_clear_operational_v00.jpg,-0.004777885973453522,0.011543448083102703,unknown
neg_cesna_airplane,data\uav_dataset_color_mild_clean\train\neg_cesna_airplane\az315_el-10_dusk_operational_v00.jpg,-0.1553524136543274,0.011543448083102703,unknown
neg_cesna_airplane,data\uav_dataset_color_mild_clean\train\neg_cesna_airplane\az315_el-10_morning_operational_v00.jpg,-0.16482028365135193,0.011543448083102703,unknown
neg_cesna_airplane,data\uav_dataset_color_mild_clean\train\neg_cesna_airplane\az315_el-10_noon_clear_operational_v00.jpg,-0.2511972486972809,0.011543448083102703,unknown
neg_cesna_airplane,data\uav_dataset_color_mild_clean\train\neg_cesna_airplane\az315_el-25_dusk_operational_v00.jpg,-0.16515174508094788,0.011543448083102703,unknown
neg_cesna_airplane,data\uav_dataset_color_mild_clean\train\neg_cesna_airplane\az315_el-25_morning_operational_v00.jpg,-0.10406175255775452,0.011543448083102703,unknown
neg_cesna_airplane,data\uav_dataset_color_mild_clean\train\neg_cesna_airplane\az315_el-25_noon_clear_operational_v00.jpg,-0.3137040138244629,0.011543448083102703,unknown
neg_cesna_airplane,data\uav_dataset_color_mild_clean\train\neg_cesna_airplane\az315_el-45_dusk_operational_v00.jpg,-0.11364936828613281,0.011543448083102703,unknown
neg_cesna_airplane,data\uav_dataset_color_mild_clean\train\neg_cesna_airplane\az315_el-45_morning_operational_v00.jpg,-0.27723804116249084,0.011543448083102703,unknown
neg_cesna_airplane,data\uav_dataset_color_mild_clean\train\neg_cesna_airplane\az315_el-45_noon_clear_operational_v00.jpg,-0.25740647315979004,0.011543448083102703,unknown
neg_cesna_airplane,data\uav_dataset_color_mild_clean\train\neg_cesna_airplane\az315_el-65_dusk_operational_v00.jpg,-0.10011877119541168,0.011543448083102703,unknown
neg_cesna_airplane,data\uav_dataset_color_mild_clean\train\neg_cesna_airplane\az315_el-65_morning_operational_v00.jpg,-0.46162402629852295,0.011543448083102703,unknown
neg_cesna_airplane,data\uav_dataset_color_mild_clean\train\neg_cesna_airplane\az315_el-65_noon_clear_operational_v00.jpg,-0.40097665786743164,0.011543448083102703,unknown
neg_kf-280_uav,data\uav_dataset_color_mild_clean\train\neg_kf-280_uav\az000_el-10_dusk_operational_v00.jpg,-0.05202813819050789,-0.04998042434453964,unknown
neg_kf-280_uav,data\uav_dataset_color_mild_clean\train\neg_kf-280_uav\az000_el-10_morning_operational_v00.jpg,-0.08845758438110352,-0.04998042434453964,unknown
neg_kf-280_uav,data\uav_dataset_color_mild_clean\train\neg_kf-280_uav\az000_el-10_noon_clear_operational_v00.jpg,-0.13896583020687103,-0.04998042434453964,unknown
neg_kf-280_uav,data\uav_dataset_color_mild_clean\train\neg_kf-280_uav\az000_el-25_dusk_operational_v00.jpg,-0.05457066744565964,-0.04998042434453964,unknown
neg_kf-280_uav,data\uav_dataset_color_mild_clean\train\neg_kf-280_uav\az000_el-25_morning_operational_v00.jpg,-0.07327079027891159,-0.04998042434453964,unknown
neg_kf-280_uav,data\uav_dataset_color_mild_clean\train\neg_kf-280_uav\az000_el-25_noon_clear_operational_v00.jpg,-0.13887983560562134,-0.04998042434453964,unknown
neg_kf-280_uav,data\uav_dataset_color_mild_clean\train\neg_kf-280_uav\az000_el-45_dusk_operational_v00.jpg,-0.11030709743499756,-0.04998042434453964,unknown
neg_kf-280_uav,data\uav_dataset_color_mild_clean\train\neg_kf-280_uav\az000_el-45_morning_operational_v00.jpg,-0.19410879909992218,-0.04998042434453964,unknown
neg_kf-280_uav,data\uav_dataset_color_mild_clean\train\neg_kf-280_uav\az000_el-45_noon_clear_operational_v00.jpg,-0.11600813269615173,-0.04998042434453964,unknown
neg_kf-280_uav,data\uav_dataset_color_mild_clean\train\neg_kf-280_uav\az000_el-65_dusk_operational_v00.jpg,-0.22828292846679688,-0.04998042434453964,unknown
neg_kf-280_uav,data\uav_dataset_color_mild_clean\train\neg_kf-280_uav\az000_el-65_morning_operational_v00.jpg,-0.27171817421913147,-0.04998042434453964,unknown
neg_kf-280_uav,data\uav_dataset_color_mild_clean\train\neg_kf-280_uav\az000_el-65_noon_clear_operational_v00.jpg,-0.09760816395282745,-0.04998042434453964,unknown
neg_kf-280_uav,data\uav_dataset_color_mild_clean\train\neg_kf-280_uav\az045_el-10_dusk_operational_v00.jpg,-0.08328098058700562,-0.04998042434453964,unknown
neg_kf-280_uav,data\uav_dataset_color_mild_clean\train\neg_kf-280_uav\az045_el-10_morning_operational_v00.jpg,-0.05791400372982025,-0.04998042434453964,unknown
neg_kf-280_uav,data\uav_dataset_color_mild_clean\train\neg_kf-280_uav\az045_el-10_noon_clear_operational_v00.jpg,-0.3441452980041504,-0.04998042434453964,unknown
neg_kf-280_uav,data\uav_dataset_color_mild_clean\train\neg_kf-280_uav\az045_el-25_dusk_operational_v00.jpg,-0.279022216796875,-0.04998042434453964,unknown
neg_kf-280_uav,data\uav_dataset_color_mild_clean\train\neg_kf-280_uav\az045_el-25_morning_operational_v00.jpg,-0.08302117884159088,-0.04998042434453964,unknown
neg_kf-280_uav,data\uav_dataset_color_mild_clean\train\neg_kf-280_uav\az045_el-25_noon_clear_operational_v00.jpg,-0.13604985177516937,-0.04998042434453964,unknown
neg_kf-280_uav,data\uav_dataset_color_mild_clean\train\neg_kf-280_uav\az045_el-45_dusk_operational_v00.jpg,-0.21756306290626526,-0.04998042434453964,unknown
neg_kf-280_uav,data\uav_dataset_color_mild_clean\train\neg_kf-280_uav\az045_el-45_morning_operational_v00.jpg,-0.080422542989254,-0.04998042434453964,unknown
neg_kf-280_uav,data\uav_dataset_color_mild_clean\train\neg_kf-280_uav\az045_el-45_noon_clear_operational_v00.jpg,-0.2185753881931305,-0.04998042434453964,unknown
neg_kf-280_uav,data\uav_dataset_color_mild_clean\train\neg_kf-280_uav\az045_el-65_dusk_operational_v00.jpg,-0.18825626373291016,-0.04998042434453964,unknown
neg_kf-280_uav,data\uav_dataset_color_mild_clean\train\neg_kf-280_uav\az045_el-65_morning_operational_v00.jpg,-0.07993349432945251,-0.04998042434453964,unknown
neg_kf-280_uav,data\uav_dataset_color_mild_clean\train\neg_kf-280_uav\az045_el-65_noon_clear_operational_v00.jpg,-0.09525942802429199,-0.04998042434453964,unknown
neg_kf-280_uav,data\uav_dataset_color_mild_clean\train\neg_kf-280_uav\az090_el-10_dusk_operational_v00.jpg,-0.14261797070503235,-0.04998042434453964,unknown
neg_kf-280_uav,data\uav_dataset_color_mild_clean\train\neg_kf-280_uav\az090_el-10_morning_operational_v00.jpg,-0.20519718527793884,-0.04998042434453964,unknown
neg_kf-280_uav,data\uav_dataset_color_mild_clean\train\neg_kf-280_uav\az090_el-10_noon_clear_operational_v00.jpg,-0.20566731691360474,-0.04998042434453964,unknown
neg_kf-280_uav,data\uav_dataset_color_mild_clean\train\neg_kf-280_uav\az090_el-25_dusk_operational_v00.jpg,-0.18462681770324707,-0.04998042434453964,unknown
neg_kf-280_uav,data\uav_dataset_color_mild_clean\train\neg_kf-280_uav\az090_el-25_morning_operational_v00.jpg,-0.1679331362247467,-0.04998042434453964,unknown
neg_kf-280_uav,data\uav_dataset_color_mild_clean\train\neg_kf-280_uav\az090_el-25_noon_clear_operational_v00.jpg,-0.1866246610879898,-0.04998042434453964,unknown
neg_kf-280_uav,data\uav_dataset_color_mild_clean\train\neg_kf-280_uav\az090_el-45_dusk_operational_v00.jpg,-0.13494977355003357,-0.04998042434453964,unknown
neg_kf-280_uav,data\uav_dataset_color_mild_clean\train\neg_kf-280_uav\az090_el-45_morning_operational_v00.jpg,-0.09184002876281738,-0.04998042434453964,unknown
neg_kf-280_uav,data\uav_dataset_color_mild_clean\train\neg_kf-280_uav\az090_el-45_noon_clear_operational_v00.jpg,-0.14857396483421326,-0.04998042434453964,unknown
neg_kf-280_uav,data\uav_dataset_color_mild_clean\train\neg_kf-280_uav\az090_el-65_dusk_operational_v00.jpg,-0.16788829863071442,-0.04998042434453964,unknown
neg_kf-280_uav,data\uav_dataset_color_mild_clean\train\neg_kf-280_uav\az090_el-65_morning_operational_v00.jpg,-0.2547270357608795,-0.04998042434453964,unknown
neg_kf-280_uav,data\uav_dataset_color_mild_clean\train\neg_kf-280_uav\az090_el-65_noon_clear_operational_v00.jpg,-0.16761520504951477,-0.04998042434453964,unknown
neg_kf-280_uav,data\uav_dataset_color_mild_clean\train\neg_kf-280_uav\az135_el-10_dusk_operational_v00.jpg,-0.09849150478839874,-0.04998042434453964,unknown
neg_kf-280_uav,data\uav_dataset_color_mild_clean\train\neg_kf-280_uav\az135_el-10_morning_operational_v00.jpg,-0.08216991275548935,-0.04998042434453964,unknown
neg_kf-280_uav,data\uav_dataset_color_mild_clean\train\neg_kf-280_uav\az135_el-10_noon_clear_operational_v00.jpg,-0.10248389095067978,-0.04998042434453964,unknown
neg_kf-280_uav,data\uav_dataset_color_mild_clean\train\neg_kf-280_uav\az135_el-25_dusk_operational_v00.jpg,-0.11028765141963959,-0.04998042434453964,unknown
neg_kf-280_uav,data\uav_dataset_color_mild_clean\train\neg_kf-280_uav\az135_el-25_morning_operational_v00.jpg,-0.06358715146780014,-0.04998042434453964,unknown
neg_kf-280_uav,data\uav_dataset_color_mild_clean\train\neg_kf-280_uav\az135_el-25_noon_clear_operational_v00.jpg,-0.12751735746860504,-0.04998042434453964,unknown
neg_kf-280_uav,data\uav_dataset_color_mild_clean\train\neg_kf-280_uav\az135_el-45_dusk_operational_v00.jpg,-0.058192044496536255,-0.04998042434453964,unknown
neg_kf-280_uav,data\uav_dataset_color_mild_clean\train\neg_kf-280_uav\az135_el-45_morning_operational_v00.jpg,-0.22554419934749603,-0.04998042434453964,unknown
neg_kf-280_uav,data\uav_dataset_color_mild_clean\train\neg_kf-280_uav\az135_el-45_noon_clear_operational_v00.jpg,-0.036197416484355927,-0.04998042434453964,unknown
neg_kf-280_uav,data\uav_dataset_color_mild_clean\train\neg_kf-280_uav\az135_el-65_dusk_operational_v00.jpg,-0.049191899597644806,-0.04998042434453964,unknown
neg_kf-280_uav,data\uav_dataset_color_mild_clean\train\neg_kf-280_uav\az135_el-65_morning_operational_v00.jpg,-0.12104833126068115,-0.04998042434453964,unknown
neg_kf-280_uav,data\uav_dataset_color_mild_clean\train\neg_kf-280_uav\az135_el-65_noon_clear_operational_v00.jpg,-0.11722253262996674,-0.04998042434453964,unknown
neg_kf-280_uav,data\uav_dataset_color_mild_clean\train\neg_kf-280_uav\az180_el-10_dusk_operational_v00.jpg,-0.1265411674976349,-0.04998042434453964,unknown
neg_kf-280_uav,data\uav_dataset_color_mild_clean\train\neg_kf-280_uav\az180_el-10_morning_operational_v00.jpg,-0.09138064086437225,-0.04998042434453964,unknown
neg_kf-280_uav,data\uav_dataset_color_mild_clean\train\neg_kf-280_uav\az180_el-10_noon_clear_operational_v00.jpg,-0.06108717620372772,-0.04998042434453964,unknown
neg_kf-280_uav,data\uav_dataset_color_mild_clean\train\neg_kf-280_uav\az180_el-25_dusk_operational_v00.jpg,-0.10450145602226257,-0.04998042434453964,unknown
neg_kf-280_uav,data\uav_dataset_color_mild_clean\train\neg_kf-280_uav\az180_el-25_morning_operational_v00.jpg,-0.08903708308935165,-0.04998042434453964,unknown
neg_kf-280_uav,data\uav_dataset_color_mild_clean\train\neg_kf-280_uav\az180_el-25_noon_clear_operational_v00.jpg,-0.10728546977043152,-0.04998042434453964,unknown
neg_kf-280_uav,data\uav_dataset_color_mild_clean\train\neg_kf-280_uav\az180_el-45_dusk_operational_v00.jpg,-0.22226619720458984,-0.04998042434453964,unknown
neg_kf-280_uav,data\uav_dataset_color_mild_clean\train\neg_kf-280_uav\az180_el-45_morning_operational_v00.jpg,-0.264680951833725,-0.04998042434453964,unknown
neg_kf-280_uav,data\uav_dataset_color_mild_clean\train\neg_kf-280_uav\az180_el-45_noon_clear_operational_v00.jpg,-0.09390212595462799,-0.04998042434453964,unknown
neg_kf-280_uav,data\uav_dataset_color_mild_clean\train\neg_kf-280_uav\az180_el-65_dusk_operational_v00.jpg,-0.08151926845312119,-0.04998042434453964,unknown
neg_kf-280_uav,data\uav_dataset_color_mild_clean\train\neg_kf-280_uav\az180_el-65_morning_operational_v00.jpg,-0.10306288301944733,-0.04998042434453964,unknown
neg_kf-280_uav,data\uav_dataset_color_mild_clean\train\neg_kf-280_uav\az180_el-65_noon_clear_operational_v00.jpg,-0.09861502051353455,-0.04998042434453964,unknown
neg_kf-280_uav,data\uav_dataset_color_mild_clean\train\neg_kf-280_uav\az225_el-10_dusk_operational_v00.jpg,-0.06716769188642502,-0.04998042434453964,unknown
neg_kf-280_uav,data\uav_dataset_color_mild_clean\train\neg_kf-280_uav\az225_el-10_morning_operational_v00.jpg,-0.26872944831848145,-0.04998042434453964,unknown
neg_kf-280_uav,data\uav_dataset_color_mild_clean\train\neg_kf-280_uav\az225_el-10_noon_clear_operational_v00.jpg,-0.08930829167366028,-0.04998042434453964,unknown
neg_kf-280_uav,data\uav_dataset_color_mild_clean\train\neg_kf-280_uav\az225_el-25_dusk_operational_v00.jpg,-0.1332208812236786,-0.04998042434453964,unknown
neg_kf-280_uav,data\uav_dataset_color_mild_clean\train\neg_kf-280_uav\az225_el-25_morning_operational_v00.jpg,-0.13055087625980377,-0.04998042434453964,unknown
neg_kf-280_uav,data\uav_dataset_color_mild_clean\train\neg_kf-280_uav\az225_el-25_noon_clear_operational_v00.jpg,-0.0851900726556778,-0.04998042434453964,unknown
neg_kf-280_uav,data\uav_dataset_color_mild_clean\train\neg_kf-280_uav\az225_el-45_dusk_operational_v00.jpg,-0.1659662276506424,-0.04998042434453964,unknown
neg_kf-280_uav,data\uav_dataset_color_mild_clean\train\neg_kf-280_uav\az225_el-45_morning_operational_v00.jpg,-0.2925294041633606,-0.04998042434453964,unknown
neg_kf-280_uav,data\uav_dataset_color_mild_clean\train\neg_kf-280_uav\az225_el-45_noon_clear_operational_v00.jpg,-0.19358037412166595,-0.04998042434453964,unknown
neg_kf-280_uav,data\uav_dataset_color_mild_clean\train\neg_kf-280_uav\az225_el-65_dusk_operational_v00.jpg,-0.12311449646949768,-0.04998042434453964,unknown
neg_kf-280_uav,data\uav_dataset_color_mild_clean\train\neg_kf-280_uav\az225_el-65_morning_operational_v00.jpg,-0.16815975308418274,-0.04998042434453964,unknown
neg_kf-280_uav,data\uav_dataset_color_mild_clean\train\neg_kf-280_uav\az225_el-65_noon_clear_operational_v00.jpg,-0.07304680347442627,-0.04998042434453964,unknown
neg_kf-280_uav,data\uav_dataset_color_mild_clean\train\neg_kf-280_uav\az270_el-10_dusk_operational_v00.jpg,-0.17163409292697906,-0.04998042434453964,unknown
neg_kf-280_uav,data\uav_dataset_color_mild_clean\train\neg_kf-280_uav\az270_el-10_morning_operational_v00.jpg,-0.07513643801212311,-0.04998042434453964,unknown
neg_kf-280_uav,data\uav_dataset_color_mild_clean\train\neg_kf-280_uav\az270_el-10_noon_clear_operational_v00.jpg,-0.17974209785461426,-0.04998042434453964,unknown
neg_kf-280_uav,data\uav_dataset_color_mild_clean\train\neg_kf-280_uav\az270_el-25_dusk_operational_v00.jpg,-0.0851186141371727,-0.04998042434453964,unknown
neg_kf-280_uav,data\uav_dataset_color_mild_clean\train\neg_kf-280_uav\az270_el-25_morning_operational_v00.jpg,-0.0927935391664505,-0.04998042434453964,unknown
neg_kf-280_uav,data\uav_dataset_color_mild_clean\train\neg_kf-280_uav\az270_el-25_noon_clear_operational_v00.jpg,-0.06773870438337326,-0.04998042434453964,unknown
neg_kf-280_uav,data\uav_dataset_color_mild_clean\train\neg_kf-280_uav\az270_el-45_dusk_operational_v00.jpg,-0.07030259817838669,-0.04998042434453964,unknown
neg_kf-280_uav,data\uav_dataset_color_mild_clean\train\neg_kf-280_uav\az270_el-45_morning_operational_v00.jpg,-0.11349364370107651,-0.04998042434453964,unknown
neg_kf-280_uav,data\uav_dataset_color_mild_clean\train\neg_kf-280_uav\az270_el-45_noon_clear_operational_v00.jpg,-0.08518651872873306,-0.04998042434453964,unknown
neg_kf-280_uav,data\uav_dataset_color_mild_clean\train\neg_kf-280_uav\az270_el-65_dusk_operational_v00.jpg,-0.12215735763311386,-0.04998042434453964,unknown
neg_kf-280_uav,data\uav_dataset_color_mild_clean\train\neg_kf-280_uav\az270_el-65_morning_operational_v00.jpg,-0.14508771896362305,-0.04998042434453964,unknown
neg_kf-280_uav,data\uav_dataset_color_mild_clean\train\neg_kf-280_uav\az270_el-65_noon_clear_operational_v00.jpg,-0.22050778567790985,-0.04998042434453964,unknown
neg_kf-280_uav,data\uav_dataset_color_mild_clean\train\neg_kf-280_uav\az315_el-10_dusk_operational_v00.jpg,-0.16022613644599915,-0.04998042434453964,unknown
neg_kf-280_uav,data\uav_dataset_color_mild_clean\train\neg_kf-280_uav\az315_el-10_morning_operational_v00.jpg,-0.08866117894649506,-0.04998042434453964,unknown
neg_kf-280_uav,data\uav_dataset_color_mild_clean\train\neg_kf-280_uav\az315_el-10_noon_clear_operational_v00.jpg,-0.16626602411270142,-0.04998042434453964,unknown
neg_kf-280_uav,data\uav_dataset_color_mild_clean\train\neg_kf-280_uav\az315_el-25_dusk_operational_v00.jpg,-0.11495476216077805,-0.04998042434453964,unknown
neg_kf-280_uav,data\uav_dataset_color_mild_clean\train\neg_kf-280_uav\az315_el-25_morning_operational_v00.jpg,-0.22212845087051392,-0.04998042434453964,unknown
neg_kf-280_uav,data\uav_dataset_color_mild_clean\train\neg_kf-280_uav\az315_el-25_noon_clear_operational_v00.jpg,-0.09453924000263214,-0.04998042434453964,unknown
neg_kf-280_uav,data\uav_dataset_color_mild_clean\train\neg_kf-280_uav\az315_el-45_dusk_operational_v00.jpg,-0.06559132784605026,-0.04998042434453964,unknown
neg_kf-280_uav,data\uav_dataset_color_mild_clean\train\neg_kf-280_uav\az315_el-45_morning_operational_v00.jpg,-0.27600109577178955,-0.04998042434453964,unknown
neg_kf-280_uav,data\uav_dataset_color_mild_clean\train\neg_kf-280_uav\az315_el-45_noon_clear_operational_v00.jpg,-0.3063822388648987,-0.04998042434453964,unknown
neg_kf-280_uav,data\uav_dataset_color_mild_clean\train\neg_kf-280_uav\az315_el-65_dusk_operational_v00.jpg,-0.2430049628019333,-0.04998042434453964,unknown
neg_kf-280_uav,data\uav_dataset_color_mild_clean\train\neg_kf-280_uav\az315_el-65_morning_operational_v00.jpg,-0.203022301197052,-0.04998042434453964,unknown
neg_kf-280_uav,data\uav_dataset_color_mild_clean\train\neg_kf-280_uav\az315_el-65_noon_clear_operational_v00.jpg,-0.3540532886981964,-0.04998042434453964,unknown
neg_md-500_defender_helicopter,data\uav_dataset_color_mild_clean\train\neg_md-500_defender_helicopter\az000_el-10_dusk_operational_v00.jpg,0.06081203743815422,0.11728496849536896,unknown
neg_md-500_defender_helicopter,data\uav_dataset_color_mild_clean\train\neg_md-500_defender_helicopter\az000_el-10_morning_operational_v00.jpg,-0.21263208985328674,0.11728496849536896,unknown
neg_md-500_defender_helicopter,data\uav_dataset_color_mild_clean\train\neg_md-500_defender_helicopter\az000_el-10_noon_clear_operational_v00.jpg,-0.31136536598205566,0.11728496849536896,unknown
neg_md-500_defender_helicopter,data\uav_dataset_color_mild_clean\train\neg_md-500_defender_helicopter\az000_el-25_dusk_operational_v00.jpg,-0.11717778444290161,0.11728496849536896,unknown
neg_md-500_defender_helicopter,data\uav_dataset_color_mild_clean\train\neg_md-500_defender_helicopter\az000_el-25_morning_operational_v00.jpg,-0.10029032826423645,0.11728496849536896,unknown
neg_md-500_defender_helicopter,data\uav_dataset_color_mild_clean\train\neg_md-500_defender_helicopter\az000_el-25_noon_clear_operational_v00.jpg,0.013803889974951744,0.11728496849536896,unknown
neg_md-500_defender_helicopter,data\uav_dataset_color_mild_clean\train\neg_md-500_defender_helicopter\az000_el-45_dusk_operational_v00.jpg,0.07398992031812668,0.11728496849536896,unknown
neg_md-500_defender_helicopter,data\uav_dataset_color_mild_clean\train\neg_md-500_defender_helicopter\az000_el-45_morning_operational_v00.jpg,0.03824262320995331,0.11728496849536896,unknown
neg_md-500_defender_helicopter,data\uav_dataset_color_mild_clean\train\neg_md-500_defender_helicopter\az000_el-45_noon_clear_operational_v00.jpg,-0.031361840665340424,0.11728496849536896,unknown
neg_md-500_defender_helicopter,data\uav_dataset_color_mild_clean\train\neg_md-500_defender_helicopter\az000_el-65_dusk_operational_v00.jpg,-0.020269665867090225,0.11728496849536896,unknown
neg_md-500_defender_helicopter,data\uav_dataset_color_mild_clean\train\neg_md-500_defender_helicopter\az000_el-65_morning_operational_v00.jpg,-0.07063963264226913,0.11728496849536896,unknown
neg_md-500_defender_helicopter,data\uav_dataset_color_mild_clean\train\neg_md-500_defender_helicopter\az000_el-65_noon_clear_operational_v00.jpg,0.11989954113960266,0.11728496849536896,unknown
neg_md-500_defender_helicopter,data\uav_dataset_color_mild_clean\train\neg_md-500_defender_helicopter\az045_el-10_dusk_operational_v00.jpg,0.017365191131830215,0.11728496849536896,unknown
neg_md-500_defender_helicopter,data\uav_dataset_color_mild_clean\train\neg_md-500_defender_helicopter\az045_el-10_morning_operational_v00.jpg,-0.10492516309022903,0.11728496849536896,unknown
neg_md-500_defender_helicopter,data\uav_dataset_color_mild_clean\train\neg_md-500_defender_helicopter\az045_el-10_noon_clear_operational_v00.jpg,-0.031853772699832916,0.11728496849536896,unknown
neg_md-500_defender_helicopter,data\uav_dataset_color_mild_clean\train\neg_md-500_defender_helicopter\az045_el-25_dusk_operational_v00.jpg,0.024739708751440048,0.11728496849536896,unknown
neg_md-500_defender_helicopter,data\uav_dataset_color_mild_clean\train\neg_md-500_defender_helicopter\az045_el-25_morning_operational_v00.jpg,0.016687041148543358,0.11728496849536896,unknown
neg_md-500_defender_helicopter,data\uav_dataset_color_mild_clean\train\neg_md-500_defender_helicopter\az045_el-25_noon_clear_operational_v00.jpg,0.024584181606769562,0.11728496849536896,unknown
neg_md-500_defender_helicopter,data\uav_dataset_color_mild_clean\train\neg_md-500_defender_helicopter\az045_el-45_dusk_operational_v00.jpg,-0.04922381788492203,0.11728496849536896,unknown
neg_md-500_defender_helicopter,data\uav_dataset_color_mild_clean\train\neg_md-500_defender_helicopter\az045_el-45_morning_operational_v00.jpg,-0.07041681557893753,0.11728496849536896,unknown
neg_md-500_defender_helicopter,data\uav_dataset_color_mild_clean\train\neg_md-500_defender_helicopter\az045_el-45_noon_clear_operational_v00.jpg,-0.0099004115909338,0.11728496849536896,unknown
neg_md-500_defender_helicopter,data\uav_dataset_color_mild_clean\train\neg_md-500_defender_helicopter\az045_el-65_dusk_operational_v00.jpg,0.10182209312915802,0.11728496849536896,unknown
neg_md-500_defender_helicopter,data\uav_dataset_color_mild_clean\train\neg_md-500_defender_helicopter\az045_el-65_morning_operational_v00.jpg,0.12412672489881516,0.11728496849536896,unknown
neg_md-500_defender_helicopter,data\uav_dataset_color_mild_clean\train\neg_md-500_defender_helicopter\az045_el-65_noon_clear_operational_v00.jpg,0.08446726202964783,0.11728496849536896,unknown
neg_md-500_defender_helicopter,data\uav_dataset_color_mild_clean\train\neg_md-500_defender_helicopter\az090_el-10_dusk_operational_v00.jpg,-0.17422591149806976,0.11728496849536896,unknown
neg_md-500_defender_helicopter,data\uav_dataset_color_mild_clean\train\neg_md-500_defender_helicopter\az090_el-10_morning_operational_v00.jpg,-0.19661718606948853,0.11728496849536896,unknown
neg_md-500_defender_helicopter,data\uav_dataset_color_mild_clean\train\neg_md-500_defender_helicopter\az090_el-10_noon_clear_operational_v00.jpg,0.04254990443587303,0.11728496849536896,unknown
neg_md-500_defender_helicopter,data\uav_dataset_color_mild_clean\train\neg_md-500_defender_helicopter\az090_el-25_dusk_operational_v00.jpg,0.015827739611268044,0.11728496849536896,unknown
neg_md-500_defender_helicopter,data\uav_dataset_color_mild_clean\train\neg_md-500_defender_helicopter\az090_el-25_morning_operational_v00.jpg,-0.1412304788827896,0.11728496849536896,unknown
neg_md-500_defender_helicopter,data\uav_dataset_color_mild_clean\train\neg_md-500_defender_helicopter\az090_el-25_noon_clear_operational_v00.jpg,-0.1535346955060959,0.11728496849536896,unknown
neg_md-500_defender_helicopter,data\uav_dataset_color_mild_clean\train\neg_md-500_defender_helicopter\az090_el-45_dusk_operational_v00.jpg,-0.05243346467614174,0.11728496849536896,unknown
neg_md-500_defender_helicopter,data\uav_dataset_color_mild_clean\train\neg_md-500_defender_helicopter\az090_el-45_morning_operational_v00.jpg,0.03650335222482681,0.11728496849536896,unknown
neg_md-500_defender_helicopter,data\uav_dataset_color_mild_clean\train\neg_md-500_defender_helicopter\az090_el-45_noon_clear_operational_v00.jpg,0.0745188295841217,0.11728496849536896,unknown
neg_md-500_defender_helicopter,data\uav_dataset_color_mild_clean\train\neg_md-500_defender_helicopter\az090_el-65_dusk_operational_v00.jpg,-0.030867185443639755,0.11728496849536896,unknown
neg_md-500_defender_helicopter,data\uav_dataset_color_mild_clean\train\neg_md-500_defender_helicopter\az090_el-65_morning_operational_v00.jpg,0.12135710567235947,0.11728496849536896,unknown
neg_md-500_defender_helicopter,data\uav_dataset_color_mild_clean\train\neg_md-500_defender_helicopter\az090_el-65_noon_clear_operational_v00.jpg,0.022471491247415543,0.11728496849536896,unknown
neg_md-500_defender_helicopter,data\uav_dataset_color_mild_clean\train\neg_md-500_defender_helicopter\az135_el-10_dusk_operational_v00.jpg,-0.20431670546531677,0.11728496849536896,unknown
neg_md-500_defender_helicopter,data\uav_dataset_color_mild_clean\train\neg_md-500_defender_helicopter\az135_el-10_morning_operational_v00.jpg,-0.09066720306873322,0.11728496849536896,unknown
neg_md-500_defender_helicopter,data\uav_dataset_color_mild_clean\train\neg_md-500_defender_helicopter\az135_el-10_noon_clear_operational_v00.jpg,-0.060308244079351425,0.11728496849536896,unknown
neg_md-500_defender_helicopter,data\uav_dataset_color_mild_clean\train\neg_md-500_defender_helicopter\az135_el-25_dusk_operational_v00.jpg,-0.043559521436691284,0.11728496849536896,unknown
neg_md-500_defender_helicopter,data\uav_dataset_color_mild_clean\train\neg_md-500_defender_helicopter\az135_el-25_morning_operational_v00.jpg,-0.08333518356084824,0.11728496849536896,unknown
neg_md-500_defender_helicopter,data\uav_dataset_color_mild_clean\train\neg_md-500_defender_helicopter\az135_el-25_noon_clear_operational_v00.jpg,-0.05042120814323425,0.11728496849536896,unknown
neg_md-500_defender_helicopter,data\uav_dataset_color_mild_clean\train\neg_md-500_defender_helicopter\az135_el-45_dusk_operational_v00.jpg,-0.07455778121948242,0.11728496849536896,unknown
neg_md-500_defender_helicopter,data\uav_dataset_color_mild_clean\train\neg_md-500_defender_helicopter\az135_el-45_morning_operational_v00.jpg,0.1192193552851677,0.11728496849536896,unknown
neg_md-500_defender_helicopter,data\uav_dataset_color_mild_clean\train\neg_md-500_defender_helicopter\az135_el-45_noon_clear_operational_v00.jpg,-0.011732099577784538,0.11728496849536896,unknown
neg_md-500_defender_helicopter,data\uav_dataset_color_mild_clean\train\neg_md-500_defender_helicopter\az135_el-65_dusk_operational_v00.jpg,-0.17331598699092865,0.11728496849536896,unknown
neg_md-500_defender_helicopter,data\uav_dataset_color_mild_clean\train\neg_md-500_defender_helicopter\az135_el-65_morning_operational_v00.jpg,0.012139199301600456,0.11728496849536896,unknown
neg_md-500_defender_helicopter,data\uav_dataset_color_mild_clean\train\neg_md-500_defender_helicopter\az135_el-65_noon_clear_operational_v00.jpg,-0.07154354453086853,0.11728496849536896,unknown
neg_md-500_defender_helicopter,data\uav_dataset_color_mild_clean\train\neg_md-500_defender_helicopter\az180_el-10_dusk_operational_v00.jpg,-0.12250553071498871,0.11728496849536896,unknown
neg_md-500_defender_helicopter,data\uav_dataset_color_mild_clean\train\neg_md-500_defender_helicopter\az180_el-10_morning_operational_v00.jpg,-0.14366012811660767,0.11728496849536896,unknown
neg_md-500_defender_helicopter,data\uav_dataset_color_mild_clean\train\neg_md-500_defender_helicopter\az180_el-10_noon_clear_operational_v00.jpg,-0.07802213728427887,0.11728496849536896,unknown
neg_md-500_defender_helicopter,data\uav_dataset_color_mild_clean\train\neg_md-500_defender_helicopter\az180_el-25_dusk_operational_v00.jpg,-0.04333632439374924,0.11728496849536896,unknown
neg_md-500_defender_helicopter,data\uav_dataset_color_mild_clean\train\neg_md-500_defender_helicopter\az180_el-25_morning_operational_v00.jpg,-0.14247503876686096,0.11728496849536896,unknown
neg_md-500_defender_helicopter,data\uav_dataset_color_mild_clean\train\neg_md-500_defender_helicopter\az180_el-25_noon_clear_operational_v00.jpg,-0.18017762899398804,0.11728496849536896,unknown
neg_md-500_defender_helicopter,data\uav_dataset_color_mild_clean\train\neg_md-500_defender_helicopter\az180_el-45_dusk_operational_v00.jpg,-0.10090133547782898,0.11728496849536896,unknown
neg_md-500_defender_helicopter,data\uav_dataset_color_mild_clean\train\neg_md-500_defender_helicopter\az180_el-45_morning_operational_v00.jpg,-0.26582348346710205,0.11728496849536896,unknown
neg_md-500_defender_helicopter,data\uav_dataset_color_mild_clean\train\neg_md-500_defender_helicopter\az180_el-45_noon_clear_operational_v00.jpg,0.03650447726249695,0.11728496849536896,unknown
neg_md-500_defender_helicopter,data\uav_dataset_color_mild_clean\train\neg_md-500_defender_helicopter\az180_el-65_dusk_operational_v00.jpg,-0.10346131771802902,0.11728496849536896,unknown
neg_md-500_defender_helicopter,data\uav_dataset_color_mild_clean\train\neg_md-500_defender_helicopter\az180_el-65_morning_operational_v00.jpg,-0.0036871889606118202,0.11728496849536896,unknown
neg_md-500_defender_helicopter,data\uav_dataset_color_mild_clean\train\neg_md-500_defender_helicopter\az180_el-65_noon_clear_operational_v00.jpg,-0.15405821800231934,0.11728496849536896,unknown
neg_md-500_defender_helicopter,data\uav_dataset_color_mild_clean\train\neg_md-500_defender_helicopter\az225_el-10_dusk_operational_v00.jpg,-0.26568669080734253,0.11728496849536896,unknown
neg_md-500_defender_helicopter,data\uav_dataset_color_mild_clean\train\neg_md-500_defender_helicopter\az225_el-10_morning_operational_v00.jpg,-0.2676231861114502,0.11728496849536896,unknown
neg_md-500_defender_helicopter,data\uav_dataset_color_mild_clean\train\neg_md-500_defender_helicopter\az225_el-10_noon_clear_operational_v00.jpg,-0.03624546527862549,0.11728496849536896,unknown
neg_md-500_defender_helicopter,data\uav_dataset_color_mild_clean\train\neg_md-500_defender_helicopter\az225_el-25_dusk_operational_v00.jpg,-0.23195159435272217,0.11728496849536896,unknown
neg_md-500_defender_helicopter,data\uav_dataset_color_mild_clean\train\neg_md-500_defender_helicopter\az225_el-25_morning_operational_v00.jpg,-0.11723874509334564,0.11728496849536896,unknown
neg_md-500_defender_helicopter,data\uav_dataset_color_mild_clean\train\neg_md-500_defender_helicopter\az225_el-25_noon_clear_operational_v00.jpg,0.01092533953487873,0.11728496849536896,unknown
neg_md-500_defender_helicopter,data\uav_dataset_color_mild_clean\train\neg_md-500_defender_helicopter\az225_el-45_dusk_operational_v00.jpg,0.018607206642627716,0.11728496849536896,unknown
neg_md-500_defender_helicopter,data\uav_dataset_color_mild_clean\train\neg_md-500_defender_helicopter\az225_el-45_morning_operational_v00.jpg,0.006711859256029129,0.11728496849536896,unknown
neg_md-500_defender_helicopter,data\uav_dataset_color_mild_clean\train\neg_md-500_defender_helicopter\az225_el-45_noon_clear_operational_v00.jpg,-0.027262430638074875,0.11728496849536896,unknown
neg_md-500_defender_helicopter,data\uav_dataset_color_mild_clean\train\neg_md-500_defender_helicopter\az225_el-65_dusk_operational_v00.jpg,0.05746600031852722,0.11728496849536896,unknown
neg_md-500_defender_helicopter,data\uav_dataset_color_mild_clean\train\neg_md-500_defender_helicopter\az225_el-65_morning_operational_v00.jpg,-0.13428989052772522,0.11728496849536896,unknown
neg_md-500_defender_helicopter,data\uav_dataset_color_mild_clean\train\neg_md-500_defender_helicopter\az225_el-65_noon_clear_operational_v00.jpg,-0.013309234753251076,0.11728496849536896,unknown
neg_md-500_defender_helicopter,data\uav_dataset_color_mild_clean\train\neg_md-500_defender_helicopter\az270_el-10_dusk_operational_v00.jpg,-0.06318757683038712,0.11728496849536896,unknown
neg_md-500_defender_helicopter,data\uav_dataset_color_mild_clean\train\neg_md-500_defender_helicopter\az270_el-10_morning_operational_v00.jpg,0.01919401064515114,0.11728496849536896,unknown
neg_md-500_defender_helicopter,data\uav_dataset_color_mild_clean\train\neg_md-500_defender_helicopter\az270_el-10_noon_clear_operational_v00.jpg,0.06767427176237106,0.11728496849536896,unknown
neg_md-500_defender_helicopter,data\uav_dataset_color_mild_clean\train\neg_md-500_defender_helicopter\az270_el-25_dusk_operational_v00.jpg,-0.09987405687570572,0.11728496849536896,unknown
neg_md-500_defender_helicopter,data\uav_dataset_color_mild_clean\train\neg_md-500_defender_helicopter\az270_el-25_morning_operational_v00.jpg,-0.09596382081508636,0.11728496849536896,unknown
neg_md-500_defender_helicopter,data\uav_dataset_color_mild_clean\train\neg_md-500_defender_helicopter\az270_el-25_noon_clear_operational_v00.jpg,-0.12431314587593079,0.11728496849536896,unknown
neg_md-500_defender_helicopter,data\uav_dataset_color_mild_clean\train\neg_md-500_defender_helicopter\az270_el-45_dusk_operational_v00.jpg,-0.0025007277727127075,0.11728496849536896,unknown
neg_md-500_defender_helicopter,data\uav_dataset_color_mild_clean\train\neg_md-500_defender_helicopter\az270_el-45_morning_operational_v00.jpg,0.048358287662267685,0.11728496849536896,unknown
neg_md-500_defender_helicopter,data\uav_dataset_color_mild_clean\train\neg_md-500_defender_helicopter\az270_el-45_noon_clear_operational_v00.jpg,0.03385322168469429,0.11728496849536896,unknown
neg_md-500_defender_helicopter,data\uav_dataset_color_mild_clean\train\neg_md-500_defender_helicopter\az270_el-65_dusk_operational_v00.jpg,0.014285708777606487,0.11728496849536896,unknown
neg_md-500_defender_helicopter,data\uav_dataset_color_mild_clean\train\neg_md-500_defender_helicopter\az270_el-65_morning_operational_v00.jpg,0.0784928947687149,0.11728496849536896,unknown
neg_md-500_defender_helicopter,data\uav_dataset_color_mild_clean\train\neg_md-500_defender_helicopter\az270_el-65_noon_clear_operational_v00.jpg,0.10069414973258972,0.11728496849536896,unknown
neg_md-500_defender_helicopter,data\uav_dataset_color_mild_clean\train\neg_md-500_defender_helicopter\az315_el-10_dusk_operational_v00.jpg,0.040422894060611725,0.11728496849536896,unknown
neg_md-500_defender_helicopter,data\uav_dataset_color_mild_clean\train\neg_md-500_defender_helicopter\az315_el-10_morning_operational_v00.jpg,-0.11174588650465012,0.11728496849536896,unknown
neg_md-500_defender_helicopter,data\uav_dataset_color_mild_clean\train\neg_md-500_defender_helicopter\az315_el-10_noon_clear_operational_v00.jpg,-0.16885510087013245,0.11728496849536896,unknown
neg_md-500_defender_helicopter,data\uav_dataset_color_mild_clean\train\neg_md-500_defender_helicopter\az315_el-25_dusk_operational_v00.jpg,-0.09539669007062912,0.11728496849536896,unknown
neg_md-500_defender_helicopter,data\uav_dataset_color_mild_clean\train\neg_md-500_defender_helicopter\az315_el-25_morning_operational_v00.jpg,-0.18788692355155945,0.11728496849536896,unknown
neg_md-500_defender_helicopter,data\uav_dataset_color_mild_clean\train\neg_md-500_defender_helicopter\az315_el-25_noon_clear_operational_v00.jpg,-0.11508507281541824,0.11728496849536896,unknown
neg_md-500_defender_helicopter,data\uav_dataset_color_mild_clean\train\neg_md-500_defender_helicopter\az315_el-45_dusk_operational_v00.jpg,0.05157382786273956,0.11728496849536896,unknown
neg_md-500_defender_helicopter,data\uav_dataset_color_mild_clean\train\neg_md-500_defender_helicopter\az315_el-45_morning_operational_v00.jpg,-0.21007362008094788,0.11728496849536896,unknown
neg_md-500_defender_helicopter,data\uav_dataset_color_mild_clean\train\neg_md-500_defender_helicopter\az315_el-45_noon_clear_operational_v00.jpg,-0.023391254246234894,0.11728496849536896,unknown
neg_md-500_defender_helicopter,data\uav_dataset_color_mild_clean\train\neg_md-500_defender_helicopter\az315_el-65_dusk_operational_v00.jpg,-0.011208411306142807,0.11728496849536896,unknown
neg_md-500_defender_helicopter,data\uav_dataset_color_mild_clean\train\neg_md-500_defender_helicopter\az315_el-65_morning_operational_v00.jpg,-0.029089560732245445,0.11728496849536896,unknown
neg_md-500_defender_helicopter,data\uav_dataset_color_mild_clean\train\neg_md-500_defender_helicopter\az315_el-65_noon_clear_operational_v00.jpg,0.07091651856899261,0.11728496849536896,unknown
neg_pigeon_in_flight,data\uav_dataset_color_mild_clean\train\neg_pigeon_in_flight\az000_el-10_dusk_operational_v00.jpg,-0.08649995177984238,0.023053351789712906,unknown
neg_pigeon_in_flight,data\uav_dataset_color_mild_clean\train\neg_pigeon_in_flight\az000_el-10_morning_operational_v00.jpg,-0.3258512020111084,0.023053351789712906,unknown
neg_pigeon_in_flight,data\uav_dataset_color_mild_clean\train\neg_pigeon_in_flight\az000_el-10_noon_clear_operational_v00.jpg,-0.20951057970523834,0.023053351789712906,unknown
neg_pigeon_in_flight,data\uav_dataset_color_mild_clean\train\neg_pigeon_in_flight\az000_el-25_dusk_operational_v00.jpg,-0.09565052390098572,0.023053351789712906,unknown
neg_pigeon_in_flight,data\uav_dataset_color_mild_clean\train\neg_pigeon_in_flight\az000_el-25_morning_operational_v00.jpg,-0.3339748680591583,0.023053351789712906,unknown
neg_pigeon_in_flight,data\uav_dataset_color_mild_clean\train\neg_pigeon_in_flight\az000_el-25_noon_clear_operational_v00.jpg,-0.2584637403488159,0.023053351789712906,unknown
neg_pigeon_in_flight,data\uav_dataset_color_mild_clean\train\neg_pigeon_in_flight\az000_el-45_dusk_operational_v00.jpg,-0.1711922138929367,0.023053351789712906,unknown
neg_pigeon_in_flight,data\uav_dataset_color_mild_clean\train\neg_pigeon_in_flight\az000_el-45_morning_operational_v00.jpg,-0.21521009504795074,0.023053351789712906,unknown
neg_pigeon_in_flight,data\uav_dataset_color_mild_clean\train\neg_pigeon_in_flight\az000_el-45_noon_clear_operational_v00.jpg,-0.2161625623703003,0.023053351789712906,unknown
neg_pigeon_in_flight,data\uav_dataset_color_mild_clean\train\neg_pigeon_in_flight\az000_el-65_dusk_operational_v00.jpg,-0.16074517369270325,0.023053351789712906,unknown
neg_pigeon_in_flight,data\uav_dataset_color_mild_clean\train\neg_pigeon_in_flight\az000_el-65_morning_operational_v00.jpg,-0.2866974472999573,0.023053351789712906,unknown
neg_pigeon_in_flight,data\uav_dataset_color_mild_clean\train\neg_pigeon_in_flight\az000_el-65_noon_clear_operational_v00.jpg,-0.2548882067203522,0.023053351789712906,unknown
neg_pigeon_in_flight,data\uav_dataset_color_mild_clean\train\neg_pigeon_in_flight\az045_el-10_dusk_operational_v00.jpg,-0.17221367359161377,0.023053351789712906,unknown
neg_pigeon_in_flight,data\uav_dataset_color_mild_clean\train\neg_pigeon_in_flight\az045_el-10_morning_operational_v00.jpg,-0.03543153777718544,0.023053351789712906,unknown
neg_pigeon_in_flight,data\uav_dataset_color_mild_clean\train\neg_pigeon_in_flight\az045_el-10_noon_clear_operational_v00.jpg,-0.11208061873912811,0.023053351789712906,unknown
neg_pigeon_in_flight,data\uav_dataset_color_mild_clean\train\neg_pigeon_in_flight\az045_el-25_dusk_operational_v00.jpg,-0.007774578407406807,0.023053351789712906,unknown
neg_pigeon_in_flight,data\uav_dataset_color_mild_clean\train\neg_pigeon_in_flight\az045_el-25_morning_operational_v00.jpg,-0.17981165647506714,0.023053351789712906,unknown
neg_pigeon_in_flight,data\uav_dataset_color_mild_clean\train\neg_pigeon_in_flight\az045_el-25_noon_clear_operational_v00.jpg,-0.21592381596565247,0.023053351789712906,unknown
neg_pigeon_in_flight,data\uav_dataset_color_mild_clean\train\neg_pigeon_in_flight\az045_el-45_dusk_operational_v00.jpg,-0.10524250566959381,0.023053351789712906,unknown
neg_pigeon_in_flight,data\uav_dataset_color_mild_clean\train\neg_pigeon_in_flight\az045_el-45_morning_operational_v00.jpg,-0.260396271944046,0.023053351789712906,unknown
neg_pigeon_in_flight,data\uav_dataset_color_mild_clean\train\neg_pigeon_in_flight\az045_el-45_noon_clear_operational_v00.jpg,-0.21107086539268494,0.023053351789712906,unknown
neg_pigeon_in_flight,data\uav_dataset_color_mild_clean\train\neg_pigeon_in_flight\az045_el-65_dusk_operational_v00.jpg,0.0034398026764392853,0.023053351789712906,unknown
neg_pigeon_in_flight,data\uav_dataset_color_mild_clean\train\neg_pigeon_in_flight\az045_el-65_morning_operational_v00.jpg,-0.16787174344062805,0.023053351789712906,unknown
neg_pigeon_in_flight,data\uav_dataset_color_mild_clean\train\neg_pigeon_in_flight\az045_el-65_noon_clear_operational_v00.jpg,-0.3395981788635254,0.023053351789712906,unknown
neg_pigeon_in_flight,data\uav_dataset_color_mild_clean\train\neg_pigeon_in_flight\az090_el-10_dusk_operational_v00.jpg,-0.1241651177406311,0.023053351789712906,unknown
neg_pigeon_in_flight,data\uav_dataset_color_mild_clean\train\neg_pigeon_in_flight\az090_el-10_morning_operational_v00.jpg,-0.12427809834480286,0.023053351789712906,unknown
neg_pigeon_in_flight,data\uav_dataset_color_mild_clean\train\neg_pigeon_in_flight\az090_el-10_noon_clear_operational_v00.jpg,-0.1534099578857422,0.023053351789712906,unknown
neg_pigeon_in_flight,data\uav_dataset_color_mild_clean\train\neg_pigeon_in_flight\az090_el-25_dusk_operational_v00.jpg,-0.1631709337234497,0.023053351789712906,unknown
neg_pigeon_in_flight,data\uav_dataset_color_mild_clean\train\neg_pigeon_in_flight\az090_el-25_morning_operational_v00.jpg,-0.06915594637393951,0.023053351789712906,unknown
neg_pigeon_in_flight,data\uav_dataset_color_mild_clean\train\neg_pigeon_in_flight\az090_el-25_noon_clear_operational_v00.jpg,-0.07648620754480362,0.023053351789712906,unknown
neg_pigeon_in_flight,data\uav_dataset_color_mild_clean\train\neg_pigeon_in_flight\az090_el-45_dusk_operational_v00.jpg,-0.0032345373183488846,0.023053351789712906,unknown
neg_pigeon_in_flight,data\uav_dataset_color_mild_clean\train\neg_pigeon_in_flight\az090_el-45_morning_operational_v00.jpg,-0.13957400619983673,0.023053351789712906,unknown
neg_pigeon_in_flight,data\uav_dataset_color_mild_clean\train\neg_pigeon_in_flight\az090_el-45_noon_clear_operational_v00.jpg,-0.11661721765995026,0.023053351789712906,unknown
neg_pigeon_in_flight,data\uav_dataset_color_mild_clean\train\neg_pigeon_in_flight\az090_el-65_dusk_operational_v00.jpg,0.03126039355993271,0.023053351789712906,unknown
neg_pigeon_in_flight,data\uav_dataset_color_mild_clean\train\neg_pigeon_in_flight\az090_el-65_morning_operational_v00.jpg,-0.20438449084758759,0.023053351789712906,unknown
neg_pigeon_in_flight,data\uav_dataset_color_mild_clean\train\neg_pigeon_in_flight\az090_el-65_noon_clear_operational_v00.jpg,-0.184078648686409,0.023053351789712906,unknown
neg_pigeon_in_flight,data\uav_dataset_color_mild_clean\train\neg_pigeon_in_flight\az135_el-10_dusk_operational_v00.jpg,-0.34981268644332886,0.023053351789712906,unknown
neg_pigeon_in_flight,data\uav_dataset_color_mild_clean\train\neg_pigeon_in_flight\az135_el-10_morning_operational_v00.jpg,-0.01731453649699688,0.023053351789712906,unknown
neg_pigeon_in_flight,data\uav_dataset_color_mild_clean\train\neg_pigeon_in_flight\az135_el-10_noon_clear_operational_v00.jpg,-0.1147022545337677,0.023053351789712906,unknown
neg_pigeon_in_flight,data\uav_dataset_color_mild_clean\train\neg_pigeon_in_flight\az135_el-25_dusk_operational_v00.jpg,-0.44162988662719727,0.023053351789712906,unknown
neg_pigeon_in_flight,data\uav_dataset_color_mild_clean\train\neg_pigeon_in_flight\az135_el-25_morning_operational_v00.jpg,-0.2748858332633972,0.023053351789712906,unknown
neg_pigeon_in_flight,data\uav_dataset_color_mild_clean\train\neg_pigeon_in_flight\az135_el-25_noon_clear_operational_v00.jpg,-0.17110665142536163,0.023053351789712906,unknown
neg_pigeon_in_flight,data\uav_dataset_color_mild_clean\train\neg_pigeon_in_flight\az135_el-45_dusk_operational_v00.jpg,-0.22283412516117096,0.023053351789712906,unknown
neg_pigeon_in_flight,data\uav_dataset_color_mild_clean\train\neg_pigeon_in_flight\az135_el-45_morning_operational_v00.jpg,-0.1824159473180771,0.023053351789712906,unknown
neg_pigeon_in_flight,data\uav_dataset_color_mild_clean\train\neg_pigeon_in_flight\az135_el-45_noon_clear_operational_v00.jpg,-0.22614769637584686,0.023053351789712906,unknown
neg_pigeon_in_flight,data\uav_dataset_color_mild_clean\train\neg_pigeon_in_flight\az135_el-65_dusk_operational_v00.jpg,-0.17613956332206726,0.023053351789712906,unknown
neg_pigeon_in_flight,data\uav_dataset_color_mild_clean\train\neg_pigeon_in_flight\az135_el-65_morning_operational_v00.jpg,-0.30601003766059875,0.023053351789712906,unknown
neg_pigeon_in_flight,data\uav_dataset_color_mild_clean\train\neg_pigeon_in_flight\az135_el-65_noon_clear_operational_v00.jpg,-0.19699835777282715,0.023053351789712906,unknown
neg_pigeon_in_flight,data\uav_dataset_color_mild_clean\train\neg_pigeon_in_flight\az180_el-10_dusk_operational_v00.jpg,-0.23800048232078552,0.023053351789712906,unknown
neg_pigeon_in_flight,data\uav_dataset_color_mild_clean\train\neg_pigeon_in_flight\az180_el-10_morning_operational_v00.jpg,-0.2163863480091095,0.023053351789712906,unknown
neg_pigeon_in_flight,data\uav_dataset_color_mild_clean\train\neg_pigeon_in_flight\az180_el-10_noon_clear_operational_v00.jpg,-0.2914690673351288,0.023053351789712906,unknown
neg_pigeon_in_flight,data\uav_dataset_color_mild_clean\train\neg_pigeon_in_flight\az180_el-25_dusk_operational_v00.jpg,-0.1514604538679123,0.023053351789712906,unknown
neg_pigeon_in_flight,data\uav_dataset_color_mild_clean\train\neg_pigeon_in_flight\az180_el-25_morning_operational_v00.jpg,-0.2044859528541565,0.023053351789712906,unknown
neg_pigeon_in_flight,data\uav_dataset_color_mild_clean\train\neg_pigeon_in_flight\az180_el-25_noon_clear_operational_v00.jpg,-0.29075872898101807,0.023053351789712906,unknown
neg_pigeon_in_flight,data\uav_dataset_color_mild_clean\train\neg_pigeon_in_flight\az180_el-45_dusk_operational_v00.jpg,-0.13923552632331848,0.023053351789712906,unknown
neg_pigeon_in_flight,data\uav_dataset_color_mild_clean\train\neg_pigeon_in_flight\az180_el-45_morning_operational_v00.jpg,-0.2494337260723114,0.023053351789712906,unknown
neg_pigeon_in_flight,data\uav_dataset_color_mild_clean\train\neg_pigeon_in_flight\az180_el-45_noon_clear_operational_v00.jpg,-0.3299838900566101,0.023053351789712906,unknown
neg_pigeon_in_flight,data\uav_dataset_color_mild_clean\train\neg_pigeon_in_flight\az180_el-65_dusk_operational_v00.jpg,-0.09079023450613022,0.023053351789712906,unknown
neg_pigeon_in_flight,data\uav_dataset_color_mild_clean\train\neg_pigeon_in_flight\az180_el-65_morning_operational_v00.jpg,-0.22463178634643555,0.023053351789712906,unknown
neg_pigeon_in_flight,data\uav_dataset_color_mild_clean\train\neg_pigeon_in_flight\az180_el-65_noon_clear_operational_v00.jpg,-0.23551559448242188,0.023053351789712906,unknown
neg_pigeon_in_flight,data\uav_dataset_color_mild_clean\train\neg_pigeon_in_flight\az225_el-10_dusk_operational_v00.jpg,-0.04033070430159569,0.023053351789712906,unknown
neg_pigeon_in_flight,data\uav_dataset_color_mild_clean\train\neg_pigeon_in_flight\az225_el-10_morning_operational_v00.jpg,-0.15810135006904602,0.023053351789712906,unknown
neg_pigeon_in_flight,data\uav_dataset_color_mild_clean\train\neg_pigeon_in_flight\az225_el-10_noon_clear_operational_v00.jpg,-0.14408595860004425,0.023053351789712906,unknown
neg_pigeon_in_flight,data\uav_dataset_color_mild_clean\train\neg_pigeon_in_flight\az225_el-25_dusk_operational_v00.jpg,-0.14424875378608704,0.023053351789712906,unknown
neg_pigeon_in_flight,data\uav_dataset_color_mild_clean\train\neg_pigeon_in_flight\az225_el-25_morning_operational_v00.jpg,-0.17422515153884888,0.023053351789712906,unknown
neg_pigeon_in_flight,data\uav_dataset_color_mild_clean\train\neg_pigeon_in_flight\az225_el-25_noon_clear_operational_v00.jpg,-0.04347716271877289,0.023053351789712906,unknown
neg_pigeon_in_flight,data\uav_dataset_color_mild_clean\train\neg_pigeon_in_flight\az225_el-45_dusk_operational_v00.jpg,-0.10773776471614838,0.023053351789712906,unknown
neg_pigeon_in_flight,data\uav_dataset_color_mild_clean\train\neg_pigeon_in_flight\az225_el-45_morning_operational_v00.jpg,-0.10355141758918762,0.023053351789712906,unknown
neg_pigeon_in_flight,data\uav_dataset_color_mild_clean\train\neg_pigeon_in_flight\az225_el-45_noon_clear_operational_v00.jpg,-0.18896335363388062,0.023053351789712906,unknown
neg_pigeon_in_flight,data\uav_dataset_color_mild_clean\train\neg_pigeon_in_flight\az225_el-65_dusk_operational_v00.jpg,-0.09537892043590546,0.023053351789712906,unknown
neg_pigeon_in_flight,data\uav_dataset_color_mild_clean\train\neg_pigeon_in_flight\az225_el-65_morning_operational_v00.jpg,-0.2693890929222107,0.023053351789712906,unknown
neg_pigeon_in_flight,data\uav_dataset_color_mild_clean\train\neg_pigeon_in_flight\az225_el-65_noon_clear_operational_v00.jpg,-0.20086875557899475,0.023053351789712906,unknown
neg_pigeon_in_flight,data\uav_dataset_color_mild_clean\train\neg_pigeon_in_flight\az270_el-10_dusk_operational_v00.jpg,-0.013193413615226746,0.023053351789712906,unknown
neg_pigeon_in_flight,data\uav_dataset_color_mild_clean\train\neg_pigeon_in_flight\az270_el-10_morning_operational_v00.jpg,-0.2066202461719513,0.023053351789712906,unknown
neg_pigeon_in_flight,data\uav_dataset_color_mild_clean\train\neg_pigeon_in_flight\az270_el-10_noon_clear_operational_v00.jpg,-0.08100976049900055,0.023053351789712906,unknown
neg_pigeon_in_flight,data\uav_dataset_color_mild_clean\train\neg_pigeon_in_flight\az270_el-25_dusk_operational_v00.jpg,-0.06123112887144089,0.023053351789712906,unknown
neg_pigeon_in_flight,data\uav_dataset_color_mild_clean\train\neg_pigeon_in_flight\az270_el-25_morning_operational_v00.jpg,-0.2070513665676117,0.023053351789712906,unknown
neg_pigeon_in_flight,data\uav_dataset_color_mild_clean\train\neg_pigeon_in_flight\az270_el-25_noon_clear_operational_v00.jpg,-0.2283274233341217,0.023053351789712906,unknown
neg_pigeon_in_flight,data\uav_dataset_color_mild_clean\train\neg_pigeon_in_flight\az270_el-45_dusk_operational_v00.jpg,-0.12042148411273956,0.023053351789712906,unknown
neg_pigeon_in_flight,data\uav_dataset_color_mild_clean\train\neg_pigeon_in_flight\az270_el-45_morning_operational_v00.jpg,-0.13734674453735352,0.023053351789712906,unknown
neg_pigeon_in_flight,data\uav_dataset_color_mild_clean\train\neg_pigeon_in_flight\az270_el-45_noon_clear_operational_v00.jpg,-0.19237671792507172,0.023053351789712906,unknown
neg_pigeon_in_flight,data\uav_dataset_color_mild_clean\train\neg_pigeon_in_flight\az270_el-65_dusk_operational_v00.jpg,-0.05699551850557327,0.023053351789712906,unknown
neg_pigeon_in_flight,data\uav_dataset_color_mild_clean\train\neg_pigeon_in_flight\az270_el-65_morning_operational_v00.jpg,-0.263045996427536,0.023053351789712906,unknown
neg_pigeon_in_flight,data\uav_dataset_color_mild_clean\train\neg_pigeon_in_flight\az270_el-65_noon_clear_operational_v00.jpg,-0.08600859344005585,0.023053351789712906,unknown
neg_pigeon_in_flight,data\uav_dataset_color_mild_clean\train\neg_pigeon_in_flight\az315_el-10_dusk_operational_v00.jpg,0.03261171281337738,0.023053351789712906,unknown
neg_pigeon_in_flight,data\uav_dataset_color_mild_clean\train\neg_pigeon_in_flight\az315_el-10_morning_operational_v00.jpg,-0.12596452236175537,0.023053351789712906,unknown
neg_pigeon_in_flight,data\uav_dataset_color_mild_clean\train\neg_pigeon_in_flight\az315_el-10_noon_clear_operational_v00.jpg,-0.16302776336669922,0.023053351789712906,unknown
neg_pigeon_in_flight,data\uav_dataset_color_mild_clean\train\neg_pigeon_in_flight\az315_el-25_dusk_operational_v00.jpg,0.029042059555649757,0.023053351789712906,unknown
neg_pigeon_in_flight,data\uav_dataset_color_mild_clean\train\neg_pigeon_in_flight\az315_el-25_morning_operational_v00.jpg,-0.2647680640220642,0.023053351789712906,unknown
neg_pigeon_in_flight,data\uav_dataset_color_mild_clean\train\neg_pigeon_in_flight\az315_el-25_noon_clear_operational_v00.jpg,-0.15861180424690247,0.023053351789712906,unknown
neg_pigeon_in_flight,data\uav_dataset_color_mild_clean\train\neg_pigeon_in_flight\az315_el-45_dusk_operational_v00.jpg,0.014944794587790966,0.023053351789712906,unknown
neg_pigeon_in_flight,data\uav_dataset_color_mild_clean\train\neg_pigeon_in_flight\az315_el-45_morning_operational_v00.jpg,0.0074077993631362915,0.023053351789712906,unknown
neg_pigeon_in_flight,data\uav_dataset_color_mild_clean\train\neg_pigeon_in_flight\az315_el-45_noon_clear_operational_v00.jpg,-0.24871599674224854,0.023053351789712906,unknown
neg_pigeon_in_flight,data\uav_dataset_color_mild_clean\train\neg_pigeon_in_flight\az315_el-65_dusk_operational_v00.jpg,-0.021212365478277206,0.023053351789712906,unknown
neg_pigeon_in_flight,data\uav_dataset_color_mild_clean\train\neg_pigeon_in_flight\az315_el-65_morning_operational_v00.jpg,-0.04629883915185928,0.023053351789712906,unknown
neg_pigeon_in_flight,data\uav_dataset_color_mild_clean\train\neg_pigeon_in_flight\az315_el-65_noon_clear_operational_v00.jpg,-0.3261953592300415,0.023053351789712906,unknown
neg_real4,data\uav_dataset_color_mild_clean\train\neg_real4\1295.jpg,0.44659024477005005,0.6758648157119751,MATCH
neg_real4,data\uav_dataset_color_mild_clean\train\neg_real4\1298.jpg,0.0855771154165268,0.6758648157119751,MATCH
neg_real4,data\uav_dataset_color_mild_clean\train\neg_real4\1301.jpg,0.07320011407136917,0.6758648157119751,MATCH
neg_real4,data\uav_dataset_color_mild_clean\train\neg_real4\1303.jpg,0.22966130077838898,0.6758648157119751,MATCH
neg_real4,data\uav_dataset_color_mild_clean\train\neg_real4\1306.jpg,0.7727946639060974,0.6758648157119751,MATCH
neg_real4,data\uav_dataset_color_mild_clean\train\neg_real4\1311.jpg,0.7142050266265869,0.6758648157119751,MATCH
neg_real4,data\uav_dataset_color_mild_clean\train\neg_real4\1312.jpg,0.8922223448753357,0.6758648157119751,MATCH
neg_real4,data\uav_dataset_color_mild_clean\train\neg_real4\1313.jpg,0.15223759412765503,0.6758648157119751,MATCH
neg_real4,data\uav_dataset_color_mild_clean\train\neg_real4\1314.jpg,0.39759552478790283,0.6758648157119751,MATCH
neg_real4,data\uav_dataset_color_mild_clean\train\neg_real4\1315.jpg,0.21578185260295868,0.6758648157119751,MATCH
neg_real4,data\uav_dataset_color_mild_clean\train\neg_real4\1316.jpg,0.31138691306114197,0.6758648157119751,MATCH
neg_real4,data\uav_dataset_color_mild_clean\train\neg_real4\1326.jpg,0.3306419253349304,0.6758648157119751,MATCH
neg_real4,data\uav_dataset_color_mild_clean\train\neg_real4\1327.jpg,0.0528981015086174,0.6758648157119751,MATCH
neg_real4,data\uav_dataset_color_mild_clean\train\neg_real4\1334.jpg,0.4701644778251648,0.6758648157119751,MATCH
neg_real4,data\uav_dataset_color_mild_clean\train\neg_real4\1335.jpg,0.5299373865127563,0.6758648157119751,MATCH
neg_real4,data\uav_dataset_color_mild_clean\train\neg_real4\1336.jpg,0.39666855335235596,0.6758648157119751,MATCH
neg_real4,data\uav_dataset_color_mild_clean\train\neg_real4\1337.jpg,0.4331035614013672,0.6758648157119751,MATCH
neg_real4,data\uav_dataset_color_mild_clean\train\neg_real4\1352.jpg,0.18378685414791107,0.6758648157119751,MATCH
neg_real4,data\uav_dataset_color_mild_clean\train\neg_real4\1356.jpg,0.23428109288215637,0.6758648157119751,MATCH
neg_real4,data\uav_dataset_color_mild_clean\train\neg_real4\1358.jpg,0.03727663680911064,0.6758648157119751,MATCH
neg_real4,data\uav_dataset_color_mild_clean\train\neg_real4\1359.jpg,-0.019039180129766464,0.6758648157119751,MATCH
neg_real4,data\uav_dataset_color_mild_clean\train\neg_real4\1360.jpg,0.3365851640701294,0.6758648157119751,MATCH
neg_real4,data\uav_dataset_color_mild_clean\train\neg_real4\1361.jpg,0.16672083735466003,0.6758648157119751,MATCH
neg_real4,data\uav_dataset_color_mild_clean\train\neg_real4\1362.jpg,0.05168788135051727,0.6758648157119751,MATCH
neg_real4,data\uav_dataset_color_mild_clean\train\neg_real4\1363.jpg,0.0017673522233963013,0.6758648157119751,MATCH
neg_real4,data\uav_dataset_color_mild_clean\train\neg_real4\1364.jpg,-0.016933057457208633,0.6758648157119751,MATCH
neg_real4,data\uav_dataset_color_mild_clean\train\neg_real4\1378.jpg,0.017033418640494347,0.6758648157119751,MATCH
neg_real4,data\uav_dataset_color_mild_clean\train\neg_real4\1406.jpg,-0.018091745674610138,0.6758648157119751,MATCH
neg_real4,data\uav_dataset_color_mild_clean\train\neg_real4\1407.jpg,0.02150619775056839,0.6758648157119751,MATCH
neg_real4,data\uav_dataset_color_mild_clean\train\neg_real4\1408.jpg,-0.07001562416553497,0.6758648157119751,MATCH
neg_real4,data\uav_dataset_color_mild_clean\train\neg_real4\1409.jpg,-0.09270530939102173,0.6758648157119751,MATCH
neg_real4,data\uav_dataset_color_mild_clean\train\neg_real4\1410.jpg,-0.0010294169187545776,0.6758648157119751,MATCH
neg_real4,data\uav_dataset_color_mild_clean\train\neg_real4\1411.jpg,-0.0064455121755599976,0.6758648157119751,MATCH
neg_real4,data\uav_dataset_color_mild_clean\train\neg_real4\1412.jpg,-0.10695414990186691,0.6758648157119751,MATCH
neg_real4,data\uav_dataset_color_mild_clean\train\neg_real4\1413.jpg,-0.09626235067844391,0.6758648157119751,MATCH
neg_real4,data\uav_dataset_color_mild_clean\train\neg_real4\1414.jpg,0.0036359168589115143,0.6758648157119751,MATCH
neg_real4,data\uav_dataset_color_mild_clean\train\neg_real4\1415.jpg,0.05117698013782501,0.6758648157119751,MATCH
neg_real4,data\uav_dataset_color_mild_clean\train\neg_real4\1416.jpg,0.21143421530723572,0.6758648157119751,MATCH
neg_real4,data\uav_dataset_color_mild_clean\train\neg_real4\1417.jpg,0.3287200927734375,0.6758648157119751,MATCH
neg_real4,data\uav_dataset_color_mild_clean\train\neg_real4\1418.jpg,0.42190054059028625,0.6758648157119751,MATCH
neg_real4,data\uav_dataset_color_mild_clean\train\neg_real4\1419.jpg,-0.000980667769908905,0.6758648157119751,MATCH
neg_real4,data\uav_dataset_color_mild_clean\train\neg_real4\1420.jpg,0.07338232547044754,0.6758648157119751,MATCH
neg_real4,data\uav_dataset_color_mild_clean\train\neg_real4\1421.jpg,0.06042400002479553,0.6758648157119751,MATCH
neg_real4,data\uav_dataset_color_mild_clean\train\neg_real4\1422.jpg,0.2361498773097992,0.6758648157119751,MATCH
neg_real4,data\uav_dataset_color_mild_clean\train\neg_real4\1423.jpg,0.19718921184539795,0.6758648157119751,MATCH
neg_real4,data\uav_dataset_color_mild_clean\train\neg_real4\1424.jpg,0.18599745631217957,0.6758648157119751,MATCH
neg_real4,data\uav_dataset_color_mild_clean\train\neg_real4\1425.jpg,0.34689342975616455,0.6758648157119751,MATCH
neg_real4,data\uav_dataset_color_mild_clean\train\neg_real4\1426.jpg,0.16457390785217285,0.6758648157119751,MATCH
neg_seagul_v2,data\uav_dataset_color_mild_clean\train\neg_seagul_v2\az000_el-10_dusk_operational_v00.jpg,-0.11733756214380264,-0.010396333411335945,unknown
neg_seagul_v2,data\uav_dataset_color_mild_clean\train\neg_seagul_v2\az000_el-10_morning_operational_v00.jpg,-0.26702365279197693,-0.010396333411335945,unknown
neg_seagul_v2,data\uav_dataset_color_mild_clean\train\neg_seagul_v2\az000_el-10_noon_clear_operational_v00.jpg,-0.42909568548202515,-0.010396333411335945,unknown
neg_seagul_v2,data\uav_dataset_color_mild_clean\train\neg_seagul_v2\az000_el-25_dusk_operational_v00.jpg,-0.09415780007839203,-0.010396333411335945,unknown
neg_seagul_v2,data\uav_dataset_color_mild_clean\train\neg_seagul_v2\az000_el-25_morning_operational_v00.jpg,-0.07813339680433273,-0.010396333411335945,unknown
neg_seagul_v2,data\uav_dataset_color_mild_clean\train\neg_seagul_v2\az000_el-25_noon_clear_operational_v00.jpg,-0.1211521103978157,-0.010396333411335945,unknown
neg_seagul_v2,data\uav_dataset_color_mild_clean\train\neg_seagul_v2\az000_el-45_dusk_operational_v00.jpg,-0.07654145359992981,-0.010396333411335945,unknown
neg_seagul_v2,data\uav_dataset_color_mild_clean\train\neg_seagul_v2\az000_el-45_morning_operational_v00.jpg,-0.1732865273952484,-0.010396333411335945,unknown
neg_seagul_v2,data\uav_dataset_color_mild_clean\train\neg_seagul_v2\az000_el-45_noon_clear_operational_v00.jpg,-0.12093384563922882,-0.010396333411335945,unknown
neg_seagul_v2,data\uav_dataset_color_mild_clean\train\neg_seagul_v2\az000_el-65_dusk_operational_v00.jpg,-0.14937788248062134,-0.010396333411335945,unknown
neg_seagul_v2,data\uav_dataset_color_mild_clean\train\neg_seagul_v2\az000_el-65_morning_operational_v00.jpg,-0.15153120458126068,-0.010396333411335945,unknown
neg_seagul_v2,data\uav_dataset_color_mild_clean\train\neg_seagul_v2\az000_el-65_noon_clear_operational_v00.jpg,-0.2267705500125885,-0.010396333411335945,unknown
neg_seagul_v2,data\uav_dataset_color_mild_clean\train\neg_seagul_v2\az045_el-10_dusk_operational_v00.jpg,-0.09266765415668488,-0.010396333411335945,unknown
neg_seagul_v2,data\uav_dataset_color_mild_clean\train\neg_seagul_v2\az045_el-10_morning_operational_v00.jpg,-0.020202912390232086,-0.010396333411335945,unknown
neg_seagul_v2,data\uav_dataset_color_mild_clean\train\neg_seagul_v2\az045_el-10_noon_clear_operational_v00.jpg,-0.25350290536880493,-0.010396333411335945,unknown
neg_seagul_v2,data\uav_dataset_color_mild_clean\train\neg_seagul_v2\az045_el-25_dusk_operational_v00.jpg,-0.07337050884962082,-0.010396333411335945,unknown
neg_seagul_v2,data\uav_dataset_color_mild_clean\train\neg_seagul_v2\az045_el-25_morning_operational_v00.jpg,-0.2250954955816269,-0.010396333411335945,unknown
neg_seagul_v2,data\uav_dataset_color_mild_clean\train\neg_seagul_v2\az045_el-25_noon_clear_operational_v00.jpg,-0.21819108724594116,-0.010396333411335945,unknown
neg_seagul_v2,data\uav_dataset_color_mild_clean\train\neg_seagul_v2\az045_el-45_dusk_operational_v00.jpg,-0.07473697513341904,-0.010396333411335945,unknown
neg_seagul_v2,data\uav_dataset_color_mild_clean\train\neg_seagul_v2\az045_el-45_morning_operational_v00.jpg,-0.10008721053600311,-0.010396333411335945,unknown
neg_seagul_v2,data\uav_dataset_color_mild_clean\train\neg_seagul_v2\az045_el-45_noon_clear_operational_v00.jpg,-0.09564700722694397,-0.010396333411335945,unknown
neg_seagul_v2,data\uav_dataset_color_mild_clean\train\neg_seagul_v2\az045_el-65_dusk_operational_v00.jpg,-0.16162487864494324,-0.010396333411335945,unknown
neg_seagul_v2,data\uav_dataset_color_mild_clean\train\neg_seagul_v2\az045_el-65_morning_operational_v00.jpg,-0.13360267877578735,-0.010396333411335945,unknown
neg_seagul_v2,data\uav_dataset_color_mild_clean\train\neg_seagul_v2\az045_el-65_noon_clear_operational_v00.jpg,-0.2764602303504944,-0.010396333411335945,unknown
neg_seagul_v2,data\uav_dataset_color_mild_clean\train\neg_seagul_v2\az090_el-10_dusk_operational_v00.jpg,-0.1691160798072815,-0.010396333411335945,unknown
neg_seagul_v2,data\uav_dataset_color_mild_clean\train\neg_seagul_v2\az090_el-10_morning_operational_v00.jpg,-0.08563797920942307,-0.010396333411335945,unknown
neg_seagul_v2,data\uav_dataset_color_mild_clean\train\neg_seagul_v2\az090_el-10_noon_clear_operational_v00.jpg,-0.146417498588562,-0.010396333411335945,unknown
neg_seagul_v2,data\uav_dataset_color_mild_clean\train\neg_seagul_v2\az090_el-25_dusk_operational_v00.jpg,-0.004900138825178146,-0.010396333411335945,unknown
neg_seagul_v2,data\uav_dataset_color_mild_clean\train\neg_seagul_v2\az090_el-25_morning_operational_v00.jpg,-0.0011516623198986053,-0.010396333411335945,unknown
neg_seagul_v2,data\uav_dataset_color_mild_clean\train\neg_seagul_v2\az090_el-25_noon_clear_operational_v00.jpg,-0.0012277550995349884,-0.010396333411335945,unknown
neg_seagul_v2,data\uav_dataset_color_mild_clean\train\neg_seagul_v2\az090_el-45_dusk_operational_v00.jpg,-0.2996335029602051,-0.010396333411335945,unknown
neg_seagul_v2,data\uav_dataset_color_mild_clean\train\neg_seagul_v2\az090_el-45_morning_operational_v00.jpg,-0.09929755330085754,-0.010396333411335945,unknown
neg_seagul_v2,data\uav_dataset_color_mild_clean\train\neg_seagul_v2\az090_el-45_noon_clear_operational_v00.jpg,-0.3434617519378662,-0.010396333411335945,unknown
neg_seagul_v2,data\uav_dataset_color_mild_clean\train\neg_seagul_v2\az090_el-65_dusk_operational_v00.jpg,-0.24669897556304932,-0.010396333411335945,unknown
neg_seagul_v2,data\uav_dataset_color_mild_clean\train\neg_seagul_v2\az090_el-65_morning_operational_v00.jpg,-0.36810439825057983,-0.010396333411335945,unknown
neg_seagul_v2,data\uav_dataset_color_mild_clean\train\neg_seagul_v2\az090_el-65_noon_clear_operational_v00.jpg,-0.2655356526374817,-0.010396333411335945,unknown
neg_seagul_v2,data\uav_dataset_color_mild_clean\train\neg_seagul_v2\az135_el-10_dusk_operational_v00.jpg,-0.2892729341983795,-0.010396333411335945,unknown
neg_seagul_v2,data\uav_dataset_color_mild_clean\train\neg_seagul_v2\az135_el-10_morning_operational_v00.jpg,-0.13243210315704346,-0.010396333411335945,unknown
neg_seagul_v2,data\uav_dataset_color_mild_clean\train\neg_seagul_v2\az135_el-10_noon_clear_operational_v00.jpg,-0.35923296213150024,-0.010396333411335945,unknown
neg_seagul_v2,data\uav_dataset_color_mild_clean\train\neg_seagul_v2\az135_el-25_dusk_operational_v00.jpg,-0.2826460599899292,-0.010396333411335945,unknown
neg_seagul_v2,data\uav_dataset_color_mild_clean\train\neg_seagul_v2\az135_el-25_morning_operational_v00.jpg,-0.11629307270050049,-0.010396333411335945,unknown
neg_seagul_v2,data\uav_dataset_color_mild_clean\train\neg_seagul_v2\az135_el-25_noon_clear_operational_v00.jpg,-0.24004992842674255,-0.010396333411335945,unknown
neg_seagul_v2,data\uav_dataset_color_mild_clean\train\neg_seagul_v2\az135_el-45_dusk_operational_v00.jpg,-0.2689550817012787,-0.010396333411335945,unknown
neg_seagul_v2,data\uav_dataset_color_mild_clean\train\neg_seagul_v2\az135_el-45_morning_operational_v00.jpg,-0.12965744733810425,-0.010396333411335945,unknown
neg_seagul_v2,data\uav_dataset_color_mild_clean\train\neg_seagul_v2\az135_el-45_noon_clear_operational_v00.jpg,-0.1603817492723465,-0.010396333411335945,unknown
neg_seagul_v2,data\uav_dataset_color_mild_clean\train\neg_seagul_v2\az135_el-65_dusk_operational_v00.jpg,-0.2845340371131897,-0.010396333411335945,unknown
neg_seagul_v2,data\uav_dataset_color_mild_clean\train\neg_seagul_v2\az135_el-65_morning_operational_v00.jpg,-0.3204379677772522,-0.010396333411335945,unknown
neg_seagul_v2,data\uav_dataset_color_mild_clean\train\neg_seagul_v2\az135_el-65_noon_clear_operational_v00.jpg,-0.21273043751716614,-0.010396333411335945,unknown
neg_seagul_v2,data\uav_dataset_color_mild_clean\train\neg_seagul_v2\az180_el-10_dusk_operational_v00.jpg,-0.209547758102417,-0.010396333411335945,unknown
neg_seagul_v2,data\uav_dataset_color_mild_clean\train\neg_seagul_v2\az180_el-10_morning_operational_v00.jpg,-0.1363336145877838,-0.010396333411335945,unknown
neg_seagul_v2,data\uav_dataset_color_mild_clean\train\neg_seagul_v2\az180_el-10_noon_clear_operational_v00.jpg,-0.20750349760055542,-0.010396333411335945,unknown
neg_seagul_v2,data\uav_dataset_color_mild_clean\train\neg_seagul_v2\az180_el-25_dusk_operational_v00.jpg,-0.1442243754863739,-0.010396333411335945,unknown
neg_seagul_v2,data\uav_dataset_color_mild_clean\train\neg_seagul_v2\az180_el-25_morning_operational_v00.jpg,-0.07618433237075806,-0.010396333411335945,unknown
neg_seagul_v2,data\uav_dataset_color_mild_clean\train\neg_seagul_v2\az180_el-25_noon_clear_operational_v00.jpg,-0.29833781719207764,-0.010396333411335945,unknown
neg_seagul_v2,data\uav_dataset_color_mild_clean\train\neg_seagul_v2\az180_el-45_dusk_operational_v00.jpg,-0.11572880297899246,-0.010396333411335945,unknown
neg_seagul_v2,data\uav_dataset_color_mild_clean\train\neg_seagul_v2\az180_el-45_morning_operational_v00.jpg,-0.13822294771671295,-0.010396333411335945,unknown
neg_seagul_v2,data\uav_dataset_color_mild_clean\train\neg_seagul_v2\az180_el-45_noon_clear_operational_v00.jpg,-0.17792966961860657,-0.010396333411335945,unknown
neg_seagul_v2,data\uav_dataset_color_mild_clean\train\neg_seagul_v2\az180_el-65_dusk_operational_v00.jpg,-0.16928941011428833,-0.010396333411335945,unknown
neg_seagul_v2,data\uav_dataset_color_mild_clean\train\neg_seagul_v2\az180_el-65_morning_operational_v00.jpg,-0.17473182082176208,-0.010396333411335945,unknown
neg_seagul_v2,data\uav_dataset_color_mild_clean\train\neg_seagul_v2\az180_el-65_noon_clear_operational_v00.jpg,-0.17319750785827637,-0.010396333411335945,unknown
neg_seagul_v2,data\uav_dataset_color_mild_clean\train\neg_seagul_v2\az225_el-10_dusk_operational_v00.jpg,-0.1719859540462494,-0.010396333411335945,unknown
neg_seagul_v2,data\uav_dataset_color_mild_clean\train\neg_seagul_v2\az225_el-10_morning_operational_v00.jpg,-0.10350760817527771,-0.010396333411335945,unknown
neg_seagul_v2,data\uav_dataset_color_mild_clean\train\neg_seagul_v2\az225_el-10_noon_clear_operational_v00.jpg,-0.21859127283096313,-0.010396333411335945,unknown
neg_seagul_v2,data\uav_dataset_color_mild_clean\train\neg_seagul_v2\az225_el-25_dusk_operational_v00.jpg,-0.33783912658691406,-0.010396333411335945,unknown
neg_seagul_v2,data\uav_dataset_color_mild_clean\train\neg_seagul_v2\az225_el-25_morning_operational_v00.jpg,-0.13224411010742188,-0.010396333411335945,unknown
neg_seagul_v2,data\uav_dataset_color_mild_clean\train\neg_seagul_v2\az225_el-25_noon_clear_operational_v00.jpg,-0.2403644323348999,-0.010396333411335945,unknown
neg_seagul_v2,data\uav_dataset_color_mild_clean\train\neg_seagul_v2\az225_el-45_dusk_operational_v00.jpg,-0.1878296136856079,-0.010396333411335945,unknown
neg_seagul_v2,data\uav_dataset_color_mild_clean\train\neg_seagul_v2\az225_el-45_morning_operational_v00.jpg,-0.27259957790374756,-0.010396333411335945,unknown
neg_seagul_v2,data\uav_dataset_color_mild_clean\train\neg_seagul_v2\az225_el-45_noon_clear_operational_v00.jpg,-0.15360420942306519,-0.010396333411335945,unknown
neg_seagul_v2,data\uav_dataset_color_mild_clean\train\neg_seagul_v2\az225_el-65_dusk_operational_v00.jpg,-0.10963194072246552,-0.010396333411335945,unknown
neg_seagul_v2,data\uav_dataset_color_mild_clean\train\neg_seagul_v2\az225_el-65_morning_operational_v00.jpg,-0.29833072423934937,-0.010396333411335945,unknown
neg_seagul_v2,data\uav_dataset_color_mild_clean\train\neg_seagul_v2\az225_el-65_noon_clear_operational_v00.jpg,-0.12376713752746582,-0.010396333411335945,unknown
neg_seagul_v2,data\uav_dataset_color_mild_clean\train\neg_seagul_v2\az270_el-10_dusk_operational_v00.jpg,-0.1166725754737854,-0.010396333411335945,unknown
neg_seagul_v2,data\uav_dataset_color_mild_clean\train\neg_seagul_v2\az270_el-10_morning_operational_v00.jpg,-0.19339285790920258,-0.010396333411335945,unknown
neg_seagul_v2,data\uav_dataset_color_mild_clean\train\neg_seagul_v2\az270_el-10_noon_clear_operational_v00.jpg,-0.21521218121051788,-0.010396333411335945,unknown
neg_seagul_v2,data\uav_dataset_color_mild_clean\train\neg_seagul_v2\az270_el-25_dusk_operational_v00.jpg,-0.10079488903284073,-0.010396333411335945,unknown
neg_seagul_v2,data\uav_dataset_color_mild_clean\train\neg_seagul_v2\az270_el-25_morning_operational_v00.jpg,-0.06333491206169128,-0.010396333411335945,unknown
neg_seagul_v2,data\uav_dataset_color_mild_clean\train\neg_seagul_v2\az270_el-25_noon_clear_operational_v00.jpg,-0.11611814796924591,-0.010396333411335945,unknown
neg_seagul_v2,data\uav_dataset_color_mild_clean\train\neg_seagul_v2\az270_el-45_dusk_operational_v00.jpg,-0.046384476125240326,-0.010396333411335945,unknown
neg_seagul_v2,data\uav_dataset_color_mild_clean\train\neg_seagul_v2\az270_el-45_morning_operational_v00.jpg,-0.19759014248847961,-0.010396333411335945,unknown
neg_seagul_v2,data\uav_dataset_color_mild_clean\train\neg_seagul_v2\az270_el-45_noon_clear_operational_v00.jpg,-0.15155532956123352,-0.010396333411335945,unknown
neg_seagul_v2,data\uav_dataset_color_mild_clean\train\neg_seagul_v2\az270_el-65_dusk_operational_v00.jpg,-0.19876521825790405,-0.010396333411335945,unknown
neg_seagul_v2,data\uav_dataset_color_mild_clean\train\neg_seagul_v2\az270_el-65_morning_operational_v00.jpg,-0.0728926882147789,-0.010396333411335945,unknown
neg_seagul_v2,data\uav_dataset_color_mild_clean\train\neg_seagul_v2\az270_el-65_noon_clear_operational_v00.jpg,-0.3299942910671234,-0.010396333411335945,unknown
neg_seagul_v2,data\uav_dataset_color_mild_clean\train\neg_seagul_v2\az315_el-10_dusk_operational_v00.jpg,-0.10190577059984207,-0.010396333411335945,unknown
neg_seagul_v2,data\uav_dataset_color_mild_clean\train\neg_seagul_v2\az315_el-10_morning_operational_v00.jpg,-0.12349194288253784,-0.010396333411335945,unknown
neg_seagul_v2,data\uav_dataset_color_mild_clean\train\neg_seagul_v2\az315_el-10_noon_clear_operational_v00.jpg,-0.1710054874420166,-0.010396333411335945,unknown
neg_seagul_v2,data\uav_dataset_color_mild_clean\train\neg_seagul_v2\az315_el-25_dusk_operational_v00.jpg,-0.12653771042823792,-0.010396333411335945,unknown
neg_seagul_v2,data\uav_dataset_color_mild_clean\train\neg_seagul_v2\az315_el-25_morning_operational_v00.jpg,-0.3283866047859192,-0.010396333411335945,unknown
neg_seagul_v2,data\uav_dataset_color_mild_clean\train\neg_seagul_v2\az315_el-25_noon_clear_operational_v00.jpg,-0.15066088736057281,-0.010396333411335945,unknown
neg_seagul_v2,data\uav_dataset_color_mild_clean\train\neg_seagul_v2\az315_el-45_dusk_operational_v00.jpg,-0.10866755247116089,-0.010396333411335945,unknown
neg_seagul_v2,data\uav_dataset_color_mild_clean\train\neg_seagul_v2\az315_el-45_morning_operational_v00.jpg,-0.15210062265396118,-0.010396333411335945,unknown
neg_seagul_v2,data\uav_dataset_color_mild_clean\train\neg_seagul_v2\az315_el-45_noon_clear_operational_v00.jpg,-0.1798207014799118,-0.010396333411335945,unknown
neg_seagul_v2,data\uav_dataset_color_mild_clean\train\neg_seagul_v2\az315_el-65_dusk_operational_v00.jpg,-0.02449920028448105,-0.010396333411335945,unknown
neg_seagul_v2,data\uav_dataset_color_mild_clean\train\neg_seagul_v2\az315_el-65_morning_operational_v00.jpg,-0.1370234489440918,-0.010396333411335945,unknown
neg_seagul_v2,data\uav_dataset_color_mild_clean\train\neg_seagul_v2\az315_el-65_noon_clear_operational_v00.jpg,-0.24026495218276978,-0.010396333411335945,unknown
neg_uav_drone_shop_war_thunder_props,data\uav_dataset_color_mild_clean\train\neg_uav_drone_shop_war_thunder_props\az000_el-10_dusk_operational_v00.jpg,-0.1011781096458435,0.11840963363647461,unknown
neg_uav_drone_shop_war_thunder_props,data\uav_dataset_color_mild_clean\train\neg_uav_drone_shop_war_thunder_props\az000_el-10_morning_operational_v00.jpg,-0.1228812038898468,0.11840963363647461,unknown
neg_uav_drone_shop_war_thunder_props,data\uav_dataset_color_mild_clean\train\neg_uav_drone_shop_war_thunder_props\az000_el-10_noon_clear_operational_v00.jpg,-0.17414388060569763,0.11840963363647461,unknown
neg_uav_drone_shop_war_thunder_props,data\uav_dataset_color_mild_clean\train\neg_uav_drone_shop_war_thunder_props\az000_el-25_dusk_operational_v00.jpg,-0.1129775196313858,0.11840963363647461,unknown
neg_uav_drone_shop_war_thunder_props,data\uav_dataset_color_mild_clean\train\neg_uav_drone_shop_war_thunder_props\az000_el-25_morning_operational_v00.jpg,0.07637627422809601,0.11840963363647461,unknown
neg_uav_drone_shop_war_thunder_props,data\uav_dataset_color_mild_clean\train\neg_uav_drone_shop_war_thunder_props\az000_el-25_noon_clear_operational_v00.jpg,-0.33416855335235596,0.11840963363647461,unknown
neg_uav_drone_shop_war_thunder_props,data\uav_dataset_color_mild_clean\train\neg_uav_drone_shop_war_thunder_props\az000_el-45_dusk_operational_v00.jpg,0.1048620417714119,0.11840963363647461,unknown
neg_uav_drone_shop_war_thunder_props,data\uav_dataset_color_mild_clean\train\neg_uav_drone_shop_war_thunder_props\az000_el-45_morning_operational_v00.jpg,0.08822372555732727,0.11840963363647461,unknown
neg_uav_drone_shop_war_thunder_props,data\uav_dataset_color_mild_clean\train\neg_uav_drone_shop_war_thunder_props\az000_el-45_noon_clear_operational_v00.jpg,-0.037282027304172516,0.11840963363647461,unknown
neg_uav_drone_shop_war_thunder_props,data\uav_dataset_color_mild_clean\train\neg_uav_drone_shop_war_thunder_props\az000_el-65_dusk_operational_v00.jpg,0.09063412249088287,0.11840963363647461,unknown
neg_uav_drone_shop_war_thunder_props,data\uav_dataset_color_mild_clean\train\neg_uav_drone_shop_war_thunder_props\az000_el-65_morning_operational_v00.jpg,-0.08871839940547943,0.11840963363647461,unknown
neg_uav_drone_shop_war_thunder_props,data\uav_dataset_color_mild_clean\train\neg_uav_drone_shop_war_thunder_props\az000_el-65_noon_clear_operational_v00.jpg,-0.3154626488685608,0.11840963363647461,unknown
neg_uav_drone_shop_war_thunder_props,data\uav_dataset_color_mild_clean\train\neg_uav_drone_shop_war_thunder_props\az045_el-10_dusk_operational_v00.jpg,-0.10004498064517975,0.11840963363647461,unknown
neg_uav_drone_shop_war_thunder_props,data\uav_dataset_color_mild_clean\train\neg_uav_drone_shop_war_thunder_props\az045_el-10_morning_operational_v00.jpg,0.059868406504392624,0.11840963363647461,unknown
neg_uav_drone_shop_war_thunder_props,data\uav_dataset_color_mild_clean\train\neg_uav_drone_shop_war_thunder_props\az045_el-10_noon_clear_operational_v00.jpg,-0.02668573707342148,0.11840963363647461,unknown
neg_uav_drone_shop_war_thunder_props,data\uav_dataset_color_mild_clean\train\neg_uav_drone_shop_war_thunder_props\az045_el-25_dusk_operational_v00.jpg,-0.03976435214281082,0.11840963363647461,unknown
neg_uav_drone_shop_war_thunder_props,data\uav_dataset_color_mild_clean\train\neg_uav_drone_shop_war_thunder_props\az045_el-25_morning_operational_v00.jpg,-0.10633665323257446,0.11840963363647461,unknown
neg_uav_drone_shop_war_thunder_props,data\uav_dataset_color_mild_clean\train\neg_uav_drone_shop_war_thunder_props\az045_el-25_noon_clear_operational_v00.jpg,0.04166000336408615,0.11840963363647461,unknown
neg_uav_drone_shop_war_thunder_props,data\uav_dataset_color_mild_clean\train\neg_uav_drone_shop_war_thunder_props\az045_el-45_dusk_operational_v00.jpg,0.04895339533686638,0.11840963363647461,unknown
neg_uav_drone_shop_war_thunder_props,data\uav_dataset_color_mild_clean\train\neg_uav_drone_shop_war_thunder_props\az045_el-45_morning_operational_v00.jpg,-0.028260113671422005,0.11840963363647461,unknown
neg_uav_drone_shop_war_thunder_props,data\uav_dataset_color_mild_clean\train\neg_uav_drone_shop_war_thunder_props\az045_el-45_noon_clear_operational_v00.jpg,0.11527283489704132,0.11840963363647461,unknown
neg_uav_drone_shop_war_thunder_props,data\uav_dataset_color_mild_clean\train\neg_uav_drone_shop_war_thunder_props\az045_el-65_dusk_operational_v00.jpg,0.11862269043922424,0.11840963363647461,unknown
neg_uav_drone_shop_war_thunder_props,data\uav_dataset_color_mild_clean\train\neg_uav_drone_shop_war_thunder_props\az045_el-65_morning_operational_v00.jpg,0.09644975513219833,0.11840963363647461,unknown
neg_uav_drone_shop_war_thunder_props,data\uav_dataset_color_mild_clean\train\neg_uav_drone_shop_war_thunder_props\az045_el-65_noon_clear_operational_v00.jpg,-0.10068440437316895,0.11840963363647461,unknown
neg_uav_drone_shop_war_thunder_props,data\uav_dataset_color_mild_clean\train\neg_uav_drone_shop_war_thunder_props\az090_el-10_dusk_operational_v00.jpg,-0.11268970370292664,0.11840963363647461,unknown
neg_uav_drone_shop_war_thunder_props,data\uav_dataset_color_mild_clean\train\neg_uav_drone_shop_war_thunder_props\az090_el-10_morning_operational_v00.jpg,-0.009663302451372147,0.11840963363647461,unknown
neg_uav_drone_shop_war_thunder_props,data\uav_dataset_color_mild_clean\train\neg_uav_drone_shop_war_thunder_props\az090_el-10_noon_clear_operational_v00.jpg,-0.0928327664732933,0.11840963363647461,unknown
neg_uav_drone_shop_war_thunder_props,data\uav_dataset_color_mild_clean\train\neg_uav_drone_shop_war_thunder_props\az090_el-25_dusk_operational_v00.jpg,-0.08996645361185074,0.11840963363647461,unknown
neg_uav_drone_shop_war_thunder_props,data\uav_dataset_color_mild_clean\train\neg_uav_drone_shop_war_thunder_props\az090_el-25_morning_operational_v00.jpg,-0.008954477496445179,0.11840963363647461,unknown
neg_uav_drone_shop_war_thunder_props,data\uav_dataset_color_mild_clean\train\neg_uav_drone_shop_war_thunder_props\az090_el-25_noon_clear_operational_v00.jpg,0.05794645473361015,0.11840963363647461,unknown
neg_uav_drone_shop_war_thunder_props,data\uav_dataset_color_mild_clean\train\neg_uav_drone_shop_war_thunder_props\az090_el-45_dusk_operational_v00.jpg,0.044220373034477234,0.11840963363647461,unknown
neg_uav_drone_shop_war_thunder_props,data\uav_dataset_color_mild_clean\train\neg_uav_drone_shop_war_thunder_props\az090_el-45_morning_operational_v00.jpg,0.0004816371947526932,0.11840963363647461,unknown
neg_uav_drone_shop_war_thunder_props,data\uav_dataset_color_mild_clean\train\neg_uav_drone_shop_war_thunder_props\az090_el-45_noon_clear_operational_v00.jpg,0.11566975712776184,0.11840963363647461,unknown
neg_uav_drone_shop_war_thunder_props,data\uav_dataset_color_mild_clean\train\neg_uav_drone_shop_war_thunder_props\az090_el-65_dusk_operational_v00.jpg,0.049744363874197006,0.11840963363647461,unknown
neg_uav_drone_shop_war_thunder_props,data\uav_dataset_color_mild_clean\train\neg_uav_drone_shop_war_thunder_props\az090_el-65_morning_operational_v00.jpg,0.10311602056026459,0.11840963363647461,unknown
neg_uav_drone_shop_war_thunder_props,data\uav_dataset_color_mild_clean\train\neg_uav_drone_shop_war_thunder_props\az090_el-65_noon_clear_operational_v00.jpg,-0.00847582146525383,0.11840963363647461,unknown
neg_uav_drone_shop_war_thunder_props,data\uav_dataset_color_mild_clean\train\neg_uav_drone_shop_war_thunder_props\az135_el-10_dusk_operational_v00.jpg,-0.013911189511418343,0.11840963363647461,unknown
neg_uav_drone_shop_war_thunder_props,data\uav_dataset_color_mild_clean\train\neg_uav_drone_shop_war_thunder_props\az135_el-10_morning_operational_v00.jpg,-0.03208445757627487,0.11840963363647461,unknown
neg_uav_drone_shop_war_thunder_props,data\uav_dataset_color_mild_clean\train\neg_uav_drone_shop_war_thunder_props\az135_el-10_noon_clear_operational_v00.jpg,-0.07401257008314133,0.11840963363647461,unknown
neg_uav_drone_shop_war_thunder_props,data\uav_dataset_color_mild_clean\train\neg_uav_drone_shop_war_thunder_props\az135_el-25_dusk_operational_v00.jpg,-0.26471686363220215,0.11840963363647461,unknown
neg_uav_drone_shop_war_thunder_props,data\uav_dataset_color_mild_clean\train\neg_uav_drone_shop_war_thunder_props\az135_el-25_morning_operational_v00.jpg,-0.27174612879753113,0.11840963363647461,unknown
neg_uav_drone_shop_war_thunder_props,data\uav_dataset_color_mild_clean\train\neg_uav_drone_shop_war_thunder_props\az135_el-25_noon_clear_operational_v00.jpg,-0.14833393692970276,0.11840963363647461,unknown
neg_uav_drone_shop_war_thunder_props,data\uav_dataset_color_mild_clean\train\neg_uav_drone_shop_war_thunder_props\az135_el-45_dusk_operational_v00.jpg,-0.12077540904283524,0.11840963363647461,unknown
neg_uav_drone_shop_war_thunder_props,data\uav_dataset_color_mild_clean\train\neg_uav_drone_shop_war_thunder_props\az135_el-45_morning_operational_v00.jpg,-0.02110486850142479,0.11840963363647461,unknown
neg_uav_drone_shop_war_thunder_props,data\uav_dataset_color_mild_clean\train\neg_uav_drone_shop_war_thunder_props\az135_el-45_noon_clear_operational_v00.jpg,-0.03558080643415451,0.11840963363647461,unknown
neg_uav_drone_shop_war_thunder_props,data\uav_dataset_color_mild_clean\train\neg_uav_drone_shop_war_thunder_props\az135_el-65_dusk_operational_v00.jpg,-0.10729723423719406,0.11840963363647461,unknown
neg_uav_drone_shop_war_thunder_props,data\uav_dataset_color_mild_clean\train\neg_uav_drone_shop_war_thunder_props\az135_el-65_morning_operational_v00.jpg,-0.08704985678195953,0.11840963363647461,unknown
neg_uav_drone_shop_war_thunder_props,data\uav_dataset_color_mild_clean\train\neg_uav_drone_shop_war_thunder_props\az135_el-65_noon_clear_operational_v00.jpg,-0.09968528896570206,0.11840963363647461,unknown
neg_uav_drone_shop_war_thunder_props,data\uav_dataset_color_mild_clean\train\neg_uav_drone_shop_war_thunder_props\az180_el-10_dusk_operational_v00.jpg,-0.10627520829439163,0.11840963363647461,unknown
neg_uav_drone_shop_war_thunder_props,data\uav_dataset_color_mild_clean\train\neg_uav_drone_shop_war_thunder_props\az180_el-10_morning_operational_v00.jpg,0.03794795274734497,0.11840963363647461,unknown
neg_uav_drone_shop_war_thunder_props,data\uav_dataset_color_mild_clean\train\neg_uav_drone_shop_war_thunder_props\az180_el-10_noon_clear_operational_v00.jpg,-0.2663972079753876,0.11840963363647461,unknown
neg_uav_drone_shop_war_thunder_props,data\uav_dataset_color_mild_clean\train\neg_uav_drone_shop_war_thunder_props\az180_el-25_dusk_operational_v00.jpg,-0.0983804315328598,0.11840963363647461,unknown
neg_uav_drone_shop_war_thunder_props,data\uav_dataset_color_mild_clean\train\neg_uav_drone_shop_war_thunder_props\az180_el-25_morning_operational_v00.jpg,-0.1672670841217041,0.11840963363647461,unknown
neg_uav_drone_shop_war_thunder_props,data\uav_dataset_color_mild_clean\train\neg_uav_drone_shop_war_thunder_props\az180_el-25_noon_clear_operational_v00.jpg,-0.09551196545362473,0.11840963363647461,unknown
neg_uav_drone_shop_war_thunder_props,data\uav_dataset_color_mild_clean\train\neg_uav_drone_shop_war_thunder_props\az180_el-45_dusk_operational_v00.jpg,-0.1546487808227539,0.11840963363647461,unknown
neg_uav_drone_shop_war_thunder_props,data\uav_dataset_color_mild_clean\train\neg_uav_drone_shop_war_thunder_props\az180_el-45_morning_operational_v00.jpg,-0.06873059272766113,0.11840963363647461,unknown
neg_uav_drone_shop_war_thunder_props,data\uav_dataset_color_mild_clean\train\neg_uav_drone_shop_war_thunder_props\az180_el-45_noon_clear_operational_v00.jpg,-0.1273787021636963,0.11840963363647461,unknown
neg_uav_drone_shop_war_thunder_props,data\uav_dataset_color_mild_clean\train\neg_uav_drone_shop_war_thunder_props\az180_el-65_dusk_operational_v00.jpg,-0.0746416375041008,0.11840963363647461,unknown
neg_uav_drone_shop_war_thunder_props,data\uav_dataset_color_mild_clean\train\neg_uav_drone_shop_war_thunder_props\az180_el-65_morning_operational_v00.jpg,0.05946017801761627,0.11840963363647461,unknown
neg_uav_drone_shop_war_thunder_props,data\uav_dataset_color_mild_clean\train\neg_uav_drone_shop_war_thunder_props\az180_el-65_noon_clear_operational_v00.jpg,-0.042189765721559525,0.11840963363647461,unknown
neg_uav_drone_shop_war_thunder_props,data\uav_dataset_color_mild_clean\train\neg_uav_drone_shop_war_thunder_props\az225_el-10_dusk_operational_v00.jpg,-0.27283966541290283,0.11840963363647461,unknown
neg_uav_drone_shop_war_thunder_props,data\uav_dataset_color_mild_clean\train\neg_uav_drone_shop_war_thunder_props\az225_el-10_morning_operational_v00.jpg,-0.15918594598770142,0.11840963363647461,unknown
neg_uav_drone_shop_war_thunder_props,data\uav_dataset_color_mild_clean\train\neg_uav_drone_shop_war_thunder_props\az225_el-10_noon_clear_operational_v00.jpg,-0.035129401832818985,0.11840963363647461,unknown
neg_uav_drone_shop_war_thunder_props,data\uav_dataset_color_mild_clean\train\neg_uav_drone_shop_war_thunder_props\az225_el-25_dusk_operational_v00.jpg,-0.11109735816717148,0.11840963363647461,unknown
neg_uav_drone_shop_war_thunder_props,data\uav_dataset_color_mild_clean\train\neg_uav_drone_shop_war_thunder_props\az225_el-25_morning_operational_v00.jpg,0.05505090951919556,0.11840963363647461,unknown
neg_uav_drone_shop_war_thunder_props,data\uav_dataset_color_mild_clean\train\neg_uav_drone_shop_war_thunder_props\az225_el-25_noon_clear_operational_v00.jpg,0.0056378766894340515,0.11840963363647461,unknown
neg_uav_drone_shop_war_thunder_props,data\uav_dataset_color_mild_clean\train\neg_uav_drone_shop_war_thunder_props\az225_el-45_dusk_operational_v00.jpg,0.09440729767084122,0.11840963363647461,unknown
neg_uav_drone_shop_war_thunder_props,data\uav_dataset_color_mild_clean\train\neg_uav_drone_shop_war_thunder_props\az225_el-45_morning_operational_v00.jpg,0.010729005560278893,0.11840963363647461,unknown
neg_uav_drone_shop_war_thunder_props,data\uav_dataset_color_mild_clean\train\neg_uav_drone_shop_war_thunder_props\az225_el-45_noon_clear_operational_v00.jpg,-0.008342184126377106,0.11840963363647461,unknown
neg_uav_drone_shop_war_thunder_props,data\uav_dataset_color_mild_clean\train\neg_uav_drone_shop_war_thunder_props\az225_el-65_dusk_operational_v00.jpg,0.06093307584524155,0.11840963363647461,unknown
neg_uav_drone_shop_war_thunder_props,data\uav_dataset_color_mild_clean\train\neg_uav_drone_shop_war_thunder_props\az225_el-65_morning_operational_v00.jpg,0.063397116959095,0.11840963363647461,unknown
neg_uav_drone_shop_war_thunder_props,data\uav_dataset_color_mild_clean\train\neg_uav_drone_shop_war_thunder_props\az225_el-65_noon_clear_operational_v00.jpg,-0.1291390359401703,0.11840963363647461,unknown
neg_uav_drone_shop_war_thunder_props,data\uav_dataset_color_mild_clean\train\neg_uav_drone_shop_war_thunder_props\az270_el-10_dusk_operational_v00.jpg,-0.14157307147979736,0.11840963363647461,unknown
neg_uav_drone_shop_war_thunder_props,data\uav_dataset_color_mild_clean\train\neg_uav_drone_shop_war_thunder_props\az270_el-10_morning_operational_v00.jpg,0.0333399772644043,0.11840963363647461,unknown
neg_uav_drone_shop_war_thunder_props,data\uav_dataset_color_mild_clean\train\neg_uav_drone_shop_war_thunder_props\az270_el-10_noon_clear_operational_v00.jpg,0.027659542858600616,0.11840963363647461,unknown
neg_uav_drone_shop_war_thunder_props,data\uav_dataset_color_mild_clean\train\neg_uav_drone_shop_war_thunder_props\az270_el-25_dusk_operational_v00.jpg,-0.013886667788028717,0.11840963363647461,unknown
neg_uav_drone_shop_war_thunder_props,data\uav_dataset_color_mild_clean\train\neg_uav_drone_shop_war_thunder_props\az270_el-25_morning_operational_v00.jpg,0.013858508318662643,0.11840963363647461,unknown
neg_uav_drone_shop_war_thunder_props,data\uav_dataset_color_mild_clean\train\neg_uav_drone_shop_war_thunder_props\az270_el-25_noon_clear_operational_v00.jpg,-0.027660392224788666,0.11840963363647461,unknown
neg_uav_drone_shop_war_thunder_props,data\uav_dataset_color_mild_clean\train\neg_uav_drone_shop_war_thunder_props\az270_el-45_dusk_operational_v00.jpg,-0.10399094969034195,0.11840963363647461,unknown
neg_uav_drone_shop_war_thunder_props,data\uav_dataset_color_mild_clean\train\neg_uav_drone_shop_war_thunder_props\az270_el-45_morning_operational_v00.jpg,0.08948363363742828,0.11840963363647461,unknown
neg_uav_drone_shop_war_thunder_props,data\uav_dataset_color_mild_clean\train\neg_uav_drone_shop_war_thunder_props\az270_el-45_noon_clear_operational_v00.jpg,0.029553227126598358,0.11840963363647461,unknown
neg_uav_drone_shop_war_thunder_props,data\uav_dataset_color_mild_clean\train\neg_uav_drone_shop_war_thunder_props\az270_el-65_dusk_operational_v00.jpg,0.09634768962860107,0.11840963363647461,unknown
neg_uav_drone_shop_war_thunder_props,data\uav_dataset_color_mild_clean\train\neg_uav_drone_shop_war_thunder_props\az270_el-65_morning_operational_v00.jpg,0.030840300023555756,0.11840963363647461,unknown
neg_uav_drone_shop_war_thunder_props,data\uav_dataset_color_mild_clean\train\neg_uav_drone_shop_war_thunder_props\az270_el-65_noon_clear_operational_v00.jpg,-0.18234747648239136,0.11840963363647461,unknown
neg_uav_drone_shop_war_thunder_props,data\uav_dataset_color_mild_clean\train\neg_uav_drone_shop_war_thunder_props\az315_el-10_dusk_operational_v00.jpg,0.005400684662163258,0.11840963363647461,unknown
neg_uav_drone_shop_war_thunder_props,data\uav_dataset_color_mild_clean\train\neg_uav_drone_shop_war_thunder_props\az315_el-10_morning_operational_v00.jpg,-0.3194584846496582,0.11840963363647461,unknown
neg_uav_drone_shop_war_thunder_props,data\uav_dataset_color_mild_clean\train\neg_uav_drone_shop_war_thunder_props\az315_el-10_noon_clear_operational_v00.jpg,-0.03557007014751434,0.11840963363647461,unknown
neg_uav_drone_shop_war_thunder_props,data\uav_dataset_color_mild_clean\train\neg_uav_drone_shop_war_thunder_props\az315_el-25_dusk_operational_v00.jpg,0.04864957183599472,0.11840963363647461,unknown
neg_uav_drone_shop_war_thunder_props,data\uav_dataset_color_mild_clean\train\neg_uav_drone_shop_war_thunder_props\az315_el-25_morning_operational_v00.jpg,0.06997321546077728,0.11840963363647461,unknown
neg_uav_drone_shop_war_thunder_props,data\uav_dataset_color_mild_clean\train\neg_uav_drone_shop_war_thunder_props\az315_el-25_noon_clear_operational_v00.jpg,-0.3047635555267334,0.11840963363647461,unknown
neg_uav_drone_shop_war_thunder_props,data\uav_dataset_color_mild_clean\train\neg_uav_drone_shop_war_thunder_props\az315_el-45_dusk_operational_v00.jpg,-0.07318079471588135,0.11840963363647461,unknown
neg_uav_drone_shop_war_thunder_props,data\uav_dataset_color_mild_clean\train\neg_uav_drone_shop_war_thunder_props\az315_el-45_morning_operational_v00.jpg,-0.07961691915988922,0.11840963363647461,unknown
neg_uav_drone_shop_war_thunder_props,data\uav_dataset_color_mild_clean\train\neg_uav_drone_shop_war_thunder_props\az315_el-45_noon_clear_operational_v00.jpg,0.020943855866789818,0.11840963363647461,unknown
neg_uav_drone_shop_war_thunder_props,data\uav_dataset_color_mild_clean\train\neg_uav_drone_shop_war_thunder_props\az315_el-65_dusk_operational_v00.jpg,0.034205034375190735,0.11840963363647461,unknown
neg_uav_drone_shop_war_thunder_props,data\uav_dataset_color_mild_clean\train\neg_uav_drone_shop_war_thunder_props\az315_el-65_morning_operational_v00.jpg,0.13762082159519196,0.11840963363647461,unknown
neg_uav_drone_shop_war_thunder_props,data\uav_dataset_color_mild_clean\train\neg_uav_drone_shop_war_thunder_props\az315_el-65_noon_clear_operational_v00.jpg,-0.07030536979436874,0.11840963363647461,unknown
neg_vampire_uav_babayaga,data\uav_dataset_color_mild_clean\train\neg_vampire_uav_babayaga\az000_el-10_dusk_operational_v00.jpg,-0.03329715505242348,0.13226768374443054,unknown
neg_vampire_uav_babayaga,data\uav_dataset_color_mild_clean\train\neg_vampire_uav_babayaga\az000_el-10_morning_operational_v00.jpg,0.048924997448921204,0.13226768374443054,unknown
neg_vampire_uav_babayaga,data\uav_dataset_color_mild_clean\train\neg_vampire_uav_babayaga\az000_el-10_noon_clear_operational_v00.jpg,-0.03607999533414841,0.13226768374443054,unknown
neg_vampire_uav_babayaga,data\uav_dataset_color_mild_clean\train\neg_vampire_uav_babayaga\az000_el-25_dusk_operational_v00.jpg,0.04443344473838806,0.13226768374443054,unknown
neg_vampire_uav_babayaga,data\uav_dataset_color_mild_clean\train\neg_vampire_uav_babayaga\az000_el-25_morning_operational_v00.jpg,0.055023226886987686,0.13226768374443054,unknown
neg_vampire_uav_babayaga,data\uav_dataset_color_mild_clean\train\neg_vampire_uav_babayaga\az000_el-25_noon_clear_operational_v00.jpg,0.08553535491228104,0.13226768374443054,unknown
neg_vampire_uav_babayaga,data\uav_dataset_color_mild_clean\train\neg_vampire_uav_babayaga\az000_el-45_dusk_operational_v00.jpg,0.0757303237915039,0.13226768374443054,unknown
neg_vampire_uav_babayaga,data\uav_dataset_color_mild_clean\train\neg_vampire_uav_babayaga\az000_el-45_morning_operational_v00.jpg,0.08051522076129913,0.13226768374443054,unknown
neg_vampire_uav_babayaga,data\uav_dataset_color_mild_clean\train\neg_vampire_uav_babayaga\az000_el-45_noon_clear_operational_v00.jpg,0.06044873595237732,0.13226768374443054,unknown
neg_vampire_uav_babayaga,data\uav_dataset_color_mild_clean\train\neg_vampire_uav_babayaga\az000_el-65_dusk_operational_v00.jpg,0.05977160856127739,0.13226768374443054,unknown
neg_vampire_uav_babayaga,data\uav_dataset_color_mild_clean\train\neg_vampire_uav_babayaga\az000_el-65_morning_operational_v00.jpg,0.08183109760284424,0.13226768374443054,unknown
neg_vampire_uav_babayaga,data\uav_dataset_color_mild_clean\train\neg_vampire_uav_babayaga\az000_el-65_noon_clear_operational_v00.jpg,0.12800194323062897,0.13226768374443054,unknown
neg_vampire_uav_babayaga,data\uav_dataset_color_mild_clean\train\neg_vampire_uav_babayaga\az045_el-10_dusk_operational_v00.jpg,-0.029669366776943207,0.13226768374443054,unknown
neg_vampire_uav_babayaga,data\uav_dataset_color_mild_clean\train\neg_vampire_uav_babayaga\az045_el-10_morning_operational_v00.jpg,0.0393248125910759,0.13226768374443054,unknown
neg_vampire_uav_babayaga,data\uav_dataset_color_mild_clean\train\neg_vampire_uav_babayaga\az045_el-10_noon_clear_operational_v00.jpg,0.09174017608165741,0.13226768374443054,unknown
neg_vampire_uav_babayaga,data\uav_dataset_color_mild_clean\train\neg_vampire_uav_babayaga\az045_el-25_dusk_operational_v00.jpg,0.04127940535545349,0.13226768374443054,unknown
neg_vampire_uav_babayaga,data\uav_dataset_color_mild_clean\train\neg_vampire_uav_babayaga\az045_el-25_morning_operational_v00.jpg,0.063039630651474,0.13226768374443054,unknown
neg_vampire_uav_babayaga,data\uav_dataset_color_mild_clean\train\neg_vampire_uav_babayaga\az045_el-25_noon_clear_operational_v00.jpg,0.035339877009391785,0.13226768374443054,unknown
neg_vampire_uav_babayaga,data\uav_dataset_color_mild_clean\train\neg_vampire_uav_babayaga\az045_el-45_dusk_operational_v00.jpg,0.09868836402893066,0.13226768374443054,unknown
neg_vampire_uav_babayaga,data\uav_dataset_color_mild_clean\train\neg_vampire_uav_babayaga\az045_el-45_morning_operational_v00.jpg,0.09465273469686508,0.13226768374443054,unknown
neg_vampire_uav_babayaga,data\uav_dataset_color_mild_clean\train\neg_vampire_uav_babayaga\az045_el-45_noon_clear_operational_v00.jpg,0.08942171931266785,0.13226768374443054,unknown
neg_vampire_uav_babayaga,data\uav_dataset_color_mild_clean\train\neg_vampire_uav_babayaga\az045_el-65_dusk_operational_v00.jpg,0.05258353054523468,0.13226768374443054,unknown
neg_vampire_uav_babayaga,data\uav_dataset_color_mild_clean\train\neg_vampire_uav_babayaga\az045_el-65_morning_operational_v00.jpg,0.01892324537038803,0.13226768374443054,unknown
neg_vampire_uav_babayaga,data\uav_dataset_color_mild_clean\train\neg_vampire_uav_babayaga\az045_el-65_noon_clear_operational_v00.jpg,0.01596018299460411,0.13226768374443054,unknown
neg_vampire_uav_babayaga,data\uav_dataset_color_mild_clean\train\neg_vampire_uav_babayaga\az090_el-10_dusk_operational_v00.jpg,-0.10176572948694229,0.13226768374443054,unknown
neg_vampire_uav_babayaga,data\uav_dataset_color_mild_clean\train\neg_vampire_uav_babayaga\az090_el-10_morning_operational_v00.jpg,-0.01368655450642109,0.13226768374443054,unknown
neg_vampire_uav_babayaga,data\uav_dataset_color_mild_clean\train\neg_vampire_uav_babayaga\az090_el-10_noon_clear_operational_v00.jpg,-0.07989569008350372,0.13226768374443054,unknown
neg_vampire_uav_babayaga,data\uav_dataset_color_mild_clean\train\neg_vampire_uav_babayaga\az090_el-25_dusk_operational_v00.jpg,0.05900778993964195,0.13226768374443054,unknown
neg_vampire_uav_babayaga,data\uav_dataset_color_mild_clean\train\neg_vampire_uav_babayaga\az090_el-25_morning_operational_v00.jpg,0.061126358807086945,0.13226768374443054,unknown
neg_vampire_uav_babayaga,data\uav_dataset_color_mild_clean\train\neg_vampire_uav_babayaga\az090_el-25_noon_clear_operational_v00.jpg,0.10328878462314606,0.13226768374443054,unknown
neg_vampire_uav_babayaga,data\uav_dataset_color_mild_clean\train\neg_vampire_uav_babayaga\az090_el-45_dusk_operational_v00.jpg,0.05382080376148224,0.13226768374443054,unknown
neg_vampire_uav_babayaga,data\uav_dataset_color_mild_clean\train\neg_vampire_uav_babayaga\az090_el-45_morning_operational_v00.jpg,0.02351800538599491,0.13226768374443054,unknown
neg_vampire_uav_babayaga,data\uav_dataset_color_mild_clean\train\neg_vampire_uav_babayaga\az090_el-45_noon_clear_operational_v00.jpg,0.02514876425266266,0.13226768374443054,unknown
neg_vampire_uav_babayaga,data\uav_dataset_color_mild_clean\train\neg_vampire_uav_babayaga\az090_el-65_dusk_operational_v00.jpg,0.1313258856534958,0.13226768374443054,unknown
neg_vampire_uav_babayaga,data\uav_dataset_color_mild_clean\train\neg_vampire_uav_babayaga\az090_el-65_morning_operational_v00.jpg,0.05980382487177849,0.13226768374443054,unknown
neg_vampire_uav_babayaga,data\uav_dataset_color_mild_clean\train\neg_vampire_uav_babayaga\az090_el-65_noon_clear_operational_v00.jpg,0.05319834128022194,0.13226768374443054,unknown
neg_vampire_uav_babayaga,data\uav_dataset_color_mild_clean\train\neg_vampire_uav_babayaga\az135_el-10_dusk_operational_v00.jpg,0.03990956023335457,0.13226768374443054,unknown
neg_vampire_uav_babayaga,data\uav_dataset_color_mild_clean\train\neg_vampire_uav_babayaga\az135_el-10_morning_operational_v00.jpg,0.047053657472133636,0.13226768374443054,unknown
neg_vampire_uav_babayaga,data\uav_dataset_color_mild_clean\train\neg_vampire_uav_babayaga\az135_el-10_noon_clear_operational_v00.jpg,0.10912784934043884,0.13226768374443054,unknown
neg_vampire_uav_babayaga,data\uav_dataset_color_mild_clean\train\neg_vampire_uav_babayaga\az135_el-25_dusk_operational_v00.jpg,0.04752903804183006,0.13226768374443054,unknown
neg_vampire_uav_babayaga,data\uav_dataset_color_mild_clean\train\neg_vampire_uav_babayaga\az135_el-25_morning_operational_v00.jpg,0.06829811632633209,0.13226768374443054,unknown
neg_vampire_uav_babayaga,data\uav_dataset_color_mild_clean\train\neg_vampire_uav_babayaga\az135_el-25_noon_clear_operational_v00.jpg,0.050836145877838135,0.13226768374443054,unknown
neg_vampire_uav_babayaga,data\uav_dataset_color_mild_clean\train\neg_vampire_uav_babayaga\az135_el-45_dusk_operational_v00.jpg,0.07559201121330261,0.13226768374443054,unknown
neg_vampire_uav_babayaga,data\uav_dataset_color_mild_clean\train\neg_vampire_uav_babayaga\az135_el-45_morning_operational_v00.jpg,0.06661280244588852,0.13226768374443054,unknown
neg_vampire_uav_babayaga,data\uav_dataset_color_mild_clean\train\neg_vampire_uav_babayaga\az135_el-45_noon_clear_operational_v00.jpg,0.1033819392323494,0.13226768374443054,unknown
neg_vampire_uav_babayaga,data\uav_dataset_color_mild_clean\train\neg_vampire_uav_babayaga\az135_el-65_dusk_operational_v00.jpg,0.15842215716838837,0.13226768374443054,unknown
neg_vampire_uav_babayaga,data\uav_dataset_color_mild_clean\train\neg_vampire_uav_babayaga\az135_el-65_morning_operational_v00.jpg,0.09365000575780869,0.13226768374443054,unknown
neg_vampire_uav_babayaga,data\uav_dataset_color_mild_clean\train\neg_vampire_uav_babayaga\az135_el-65_noon_clear_operational_v00.jpg,0.12048305571079254,0.13226768374443054,unknown
neg_vampire_uav_babayaga,data\uav_dataset_color_mild_clean\train\neg_vampire_uav_babayaga\az180_el-10_dusk_operational_v00.jpg,-0.010063661262392998,0.13226768374443054,unknown
neg_vampire_uav_babayaga,data\uav_dataset_color_mild_clean\train\neg_vampire_uav_babayaga\az180_el-10_morning_operational_v00.jpg,-0.0016580745577812195,0.13226768374443054,unknown
neg_vampire_uav_babayaga,data\uav_dataset_color_mild_clean\train\neg_vampire_uav_babayaga\az180_el-10_noon_clear_operational_v00.jpg,0.07295689731836319,0.13226768374443054,unknown
neg_vampire_uav_babayaga,data\uav_dataset_color_mild_clean\train\neg_vampire_uav_babayaga\az180_el-25_dusk_operational_v00.jpg,0.037604473531246185,0.13226768374443054,unknown
neg_vampire_uav_babayaga,data\uav_dataset_color_mild_clean\train\neg_vampire_uav_babayaga\az180_el-25_morning_operational_v00.jpg,0.10920397192239761,0.13226768374443054,unknown
neg_vampire_uav_babayaga,data\uav_dataset_color_mild_clean\train\neg_vampire_uav_babayaga\az180_el-25_noon_clear_operational_v00.jpg,0.06034092977643013,0.13226768374443054,unknown
neg_vampire_uav_babayaga,data\uav_dataset_color_mild_clean\train\neg_vampire_uav_babayaga\az180_el-45_dusk_operational_v00.jpg,0.05572865158319473,0.13226768374443054,unknown
neg_vampire_uav_babayaga,data\uav_dataset_color_mild_clean\train\neg_vampire_uav_babayaga\az180_el-45_morning_operational_v00.jpg,0.05855034291744232,0.13226768374443054,unknown
neg_vampire_uav_babayaga,data\uav_dataset_color_mild_clean\train\neg_vampire_uav_babayaga\az180_el-45_noon_clear_operational_v00.jpg,0.05923501402139664,0.13226768374443054,unknown
neg_vampire_uav_babayaga,data\uav_dataset_color_mild_clean\train\neg_vampire_uav_babayaga\az180_el-65_dusk_operational_v00.jpg,0.03956545144319534,0.13226768374443054,unknown
neg_vampire_uav_babayaga,data\uav_dataset_color_mild_clean\train\neg_vampire_uav_babayaga\az180_el-65_morning_operational_v00.jpg,0.07000570744276047,0.13226768374443054,unknown
neg_vampire_uav_babayaga,data\uav_dataset_color_mild_clean\train\neg_vampire_uav_babayaga\az180_el-65_noon_clear_operational_v00.jpg,0.08282601833343506,0.13226768374443054,unknown
neg_vampire_uav_babayaga,data\uav_dataset_color_mild_clean\train\neg_vampire_uav_babayaga\az225_el-10_dusk_operational_v00.jpg,0.04357180744409561,0.13226768374443054,unknown
neg_vampire_uav_babayaga,data\uav_dataset_color_mild_clean\train\neg_vampire_uav_babayaga\az225_el-10_morning_operational_v00.jpg,0.03999931737780571,0.13226768374443054,unknown
neg_vampire_uav_babayaga,data\uav_dataset_color_mild_clean\train\neg_vampire_uav_babayaga\az225_el-10_noon_clear_operational_v00.jpg,0.041723355650901794,0.13226768374443054,unknown
neg_vampire_uav_babayaga,data\uav_dataset_color_mild_clean\train\neg_vampire_uav_babayaga\az225_el-25_dusk_operational_v00.jpg,0.05260784924030304,0.13226768374443054,unknown
neg_vampire_uav_babayaga,data\uav_dataset_color_mild_clean\train\neg_vampire_uav_babayaga\az225_el-25_morning_operational_v00.jpg,0.058406930416822433,0.13226768374443054,unknown
neg_vampire_uav_babayaga,data\uav_dataset_color_mild_clean\train\neg_vampire_uav_babayaga\az225_el-25_noon_clear_operational_v00.jpg,0.058389000594615936,0.13226768374443054,unknown
neg_vampire_uav_babayaga,data\uav_dataset_color_mild_clean\train\neg_vampire_uav_babayaga\az225_el-45_dusk_operational_v00.jpg,0.06483666598796844,0.13226768374443054,unknown
neg_vampire_uav_babayaga,data\uav_dataset_color_mild_clean\train\neg_vampire_uav_babayaga\az225_el-45_morning_operational_v00.jpg,0.08186475932598114,0.13226768374443054,unknown
neg_vampire_uav_babayaga,data\uav_dataset_color_mild_clean\train\neg_vampire_uav_babayaga\az225_el-45_noon_clear_operational_v00.jpg,0.11286456882953644,0.13226768374443054,unknown
neg_vampire_uav_babayaga,data\uav_dataset_color_mild_clean\train\neg_vampire_uav_babayaga\az225_el-65_dusk_operational_v00.jpg,0.09561192244291306,0.13226768374443054,unknown
neg_vampire_uav_babayaga,data\uav_dataset_color_mild_clean\train\neg_vampire_uav_babayaga\az225_el-65_morning_operational_v00.jpg,0.11423123627901077,0.13226768374443054,unknown
neg_vampire_uav_babayaga,data\uav_dataset_color_mild_clean\train\neg_vampire_uav_babayaga\az225_el-65_noon_clear_operational_v00.jpg,0.12310533225536346,0.13226768374443054,unknown
neg_vampire_uav_babayaga,data\uav_dataset_color_mild_clean\train\neg_vampire_uav_babayaga\az270_el-10_dusk_operational_v00.jpg,0.08932411670684814,0.13226768374443054,unknown
neg_vampire_uav_babayaga,data\uav_dataset_color_mild_clean\train\neg_vampire_uav_babayaga\az270_el-10_morning_operational_v00.jpg,-0.026357155293226242,0.13226768374443054,unknown
neg_vampire_uav_babayaga,data\uav_dataset_color_mild_clean\train\neg_vampire_uav_babayaga\az270_el-10_noon_clear_operational_v00.jpg,0.0540819987654686,0.13226768374443054,unknown
neg_vampire_uav_babayaga,data\uav_dataset_color_mild_clean\train\neg_vampire_uav_babayaga\az270_el-25_dusk_operational_v00.jpg,0.04005478322505951,0.13226768374443054,unknown
neg_vampire_uav_babayaga,data\uav_dataset_color_mild_clean\train\neg_vampire_uav_babayaga\az270_el-25_morning_operational_v00.jpg,-0.014309946447610855,0.13226768374443054,unknown
neg_vampire_uav_babayaga,data\uav_dataset_color_mild_clean\train\neg_vampire_uav_babayaga\az270_el-25_noon_clear_operational_v00.jpg,0.08867372572422028,0.13226768374443054,unknown
neg_vampire_uav_babayaga,data\uav_dataset_color_mild_clean\train\neg_vampire_uav_babayaga\az270_el-45_dusk_operational_v00.jpg,0.08052637428045273,0.13226768374443054,unknown
neg_vampire_uav_babayaga,data\uav_dataset_color_mild_clean\train\neg_vampire_uav_babayaga\az270_el-45_morning_operational_v00.jpg,0.04170139506459236,0.13226768374443054,unknown
neg_vampire_uav_babayaga,data\uav_dataset_color_mild_clean\train\neg_vampire_uav_babayaga\az270_el-45_noon_clear_operational_v00.jpg,0.017420122399926186,0.13226768374443054,unknown
neg_vampire_uav_babayaga,data\uav_dataset_color_mild_clean\train\neg_vampire_uav_babayaga\az270_el-65_dusk_operational_v00.jpg,0.10829321295022964,0.13226768374443054,unknown
neg_vampire_uav_babayaga,data\uav_dataset_color_mild_clean\train\neg_vampire_uav_babayaga\az270_el-65_morning_operational_v00.jpg,0.05014989525079727,0.13226768374443054,unknown
neg_vampire_uav_babayaga,data\uav_dataset_color_mild_clean\train\neg_vampire_uav_babayaga\az270_el-65_noon_clear_operational_v00.jpg,0.07873432338237762,0.13226768374443054,unknown
neg_vampire_uav_babayaga,data\uav_dataset_color_mild_clean\train\neg_vampire_uav_babayaga\az315_el-10_dusk_operational_v00.jpg,0.021903257817029953,0.13226768374443054,unknown
neg_vampire_uav_babayaga,data\uav_dataset_color_mild_clean\train\neg_vampire_uav_babayaga\az315_el-10_morning_operational_v00.jpg,0.10131947696208954,0.13226768374443054,unknown
neg_vampire_uav_babayaga,data\uav_dataset_color_mild_clean\train\neg_vampire_uav_babayaga\az315_el-10_noon_clear_operational_v00.jpg,0.026785241439938545,0.13226768374443054,unknown
neg_vampire_uav_babayaga,data\uav_dataset_color_mild_clean\train\neg_vampire_uav_babayaga\az315_el-25_dusk_operational_v00.jpg,-0.0646224170923233,0.13226768374443054,unknown
neg_vampire_uav_babayaga,data\uav_dataset_color_mild_clean\train\neg_vampire_uav_babayaga\az315_el-25_morning_operational_v00.jpg,0.06446628272533417,0.13226768374443054,unknown
neg_vampire_uav_babayaga,data\uav_dataset_color_mild_clean\train\neg_vampire_uav_babayaga\az315_el-25_noon_clear_operational_v00.jpg,0.06562859565019608,0.13226768374443054,unknown
neg_vampire_uav_babayaga,data\uav_dataset_color_mild_clean\train\neg_vampire_uav_babayaga\az315_el-45_dusk_operational_v00.jpg,0.07966627180576324,0.13226768374443054,unknown
neg_vampire_uav_babayaga,data\uav_dataset_color_mild_clean\train\neg_vampire_uav_babayaga\az315_el-45_morning_operational_v00.jpg,0.06820955872535706,0.13226768374443054,unknown
neg_vampire_uav_babayaga,data\uav_dataset_color_mild_clean\train\neg_vampire_uav_babayaga\az315_el-45_noon_clear_operational_v00.jpg,0.08476560562849045,0.13226768374443054,unknown
neg_vampire_uav_babayaga,data\uav_dataset_color_mild_clean\train\neg_vampire_uav_babayaga\az315_el-65_dusk_operational_v00.jpg,0.10001823306083679,0.13226768374443054,unknown
neg_vampire_uav_babayaga,data\uav_dataset_color_mild_clean\train\neg_vampire_uav_babayaga\az315_el-65_morning_operational_v00.jpg,0.048803962767124176,0.13226768374443054,unknown
neg_vampire_uav_babayaga,data\uav_dataset_color_mild_clean\train\neg_vampire_uav_babayaga\az315_el-65_noon_clear_operational_v00.jpg,0.09858822077512741,0.13226768374443054,unknown
neg_vintage_toy_airplane,data\uav_dataset_color_mild_clean\train\neg_vintage_toy_airplane\az000_el-10_dusk_operational_v00.jpg,-0.1492607295513153,0.0768844410777092,unknown
neg_vintage_toy_airplane,data\uav_dataset_color_mild_clean\train\neg_vintage_toy_airplane\az000_el-10_morning_operational_v00.jpg,-0.1498539298772812,0.0768844410777092,unknown
neg_vintage_toy_airplane,data\uav_dataset_color_mild_clean\train\neg_vintage_toy_airplane\az000_el-10_noon_clear_operational_v00.jpg,-0.2146030217409134,0.0768844410777092,unknown
neg_vintage_toy_airplane,data\uav_dataset_color_mild_clean\train\neg_vintage_toy_airplane\az000_el-25_dusk_operational_v00.jpg,-0.1176764965057373,0.0768844410777092,unknown
neg_vintage_toy_airplane,data\uav_dataset_color_mild_clean\train\neg_vintage_toy_airplane\az000_el-25_morning_operational_v00.jpg,-0.18707895278930664,0.0768844410777092,unknown
neg_vintage_toy_airplane,data\uav_dataset_color_mild_clean\train\neg_vintage_toy_airplane\az000_el-25_noon_clear_operational_v00.jpg,-0.1779192090034485,0.0768844410777092,unknown
neg_vintage_toy_airplane,data\uav_dataset_color_mild_clean\train\neg_vintage_toy_airplane\az000_el-45_dusk_operational_v00.jpg,-0.1784815490245819,0.0768844410777092,unknown
neg_vintage_toy_airplane,data\uav_dataset_color_mild_clean\train\neg_vintage_toy_airplane\az000_el-45_morning_operational_v00.jpg,-0.19661587476730347,0.0768844410777092,unknown
neg_vintage_toy_airplane,data\uav_dataset_color_mild_clean\train\neg_vintage_toy_airplane\az000_el-45_noon_clear_operational_v00.jpg,-0.19245576858520508,0.0768844410777092,unknown
neg_vintage_toy_airplane,data\uav_dataset_color_mild_clean\train\neg_vintage_toy_airplane\az000_el-65_dusk_operational_v00.jpg,-0.045560963451862335,0.0768844410777092,unknown
neg_vintage_toy_airplane,data\uav_dataset_color_mild_clean\train\neg_vintage_toy_airplane\az000_el-65_morning_operational_v00.jpg,-0.19251734018325806,0.0768844410777092,unknown
neg_vintage_toy_airplane,data\uav_dataset_color_mild_clean\train\neg_vintage_toy_airplane\az000_el-65_noon_clear_operational_v00.jpg,-0.2522068917751312,0.0768844410777092,unknown
neg_vintage_toy_airplane,data\uav_dataset_color_mild_clean\train\neg_vintage_toy_airplane\az045_el-10_dusk_operational_v00.jpg,-0.20274223387241364,0.0768844410777092,unknown
neg_vintage_toy_airplane,data\uav_dataset_color_mild_clean\train\neg_vintage_toy_airplane\az045_el-10_morning_operational_v00.jpg,-0.021597974002361298,0.0768844410777092,unknown
neg_vintage_toy_airplane,data\uav_dataset_color_mild_clean\train\neg_vintage_toy_airplane\az045_el-10_noon_clear_operational_v00.jpg,-0.11158715188503265,0.0768844410777092,unknown
neg_vintage_toy_airplane,data\uav_dataset_color_mild_clean\train\neg_vintage_toy_airplane\az045_el-25_dusk_operational_v00.jpg,-0.06002577021718025,0.0768844410777092,unknown
neg_vintage_toy_airplane,data\uav_dataset_color_mild_clean\train\neg_vintage_toy_airplane\az045_el-25_morning_operational_v00.jpg,0.05852030962705612,0.0768844410777092,unknown
neg_vintage_toy_airplane,data\uav_dataset_color_mild_clean\train\neg_vintage_toy_airplane\az045_el-25_noon_clear_operational_v00.jpg,-0.1951335370540619,0.0768844410777092,unknown
neg_vintage_toy_airplane,data\uav_dataset_color_mild_clean\train\neg_vintage_toy_airplane\az045_el-45_dusk_operational_v00.jpg,0.06368489563465118,0.0768844410777092,unknown
neg_vintage_toy_airplane,data\uav_dataset_color_mild_clean\train\neg_vintage_toy_airplane\az045_el-45_morning_operational_v00.jpg,-0.0045412760227918625,0.0768844410777092,unknown
neg_vintage_toy_airplane,data\uav_dataset_color_mild_clean\train\neg_vintage_toy_airplane\az045_el-45_noon_clear_operational_v00.jpg,-0.28650426864624023,0.0768844410777092,unknown
neg_vintage_toy_airplane,data\uav_dataset_color_mild_clean\train\neg_vintage_toy_airplane\az045_el-65_dusk_operational_v00.jpg,0.10132601857185364,0.0768844410777092,unknown
neg_vintage_toy_airplane,data\uav_dataset_color_mild_clean\train\neg_vintage_toy_airplane\az045_el-65_morning_operational_v00.jpg,-0.028985947370529175,0.0768844410777092,unknown
neg_vintage_toy_airplane,data\uav_dataset_color_mild_clean\train\neg_vintage_toy_airplane\az045_el-65_noon_clear_operational_v00.jpg,-0.1327425241470337,0.0768844410777092,unknown
neg_vintage_toy_airplane,data\uav_dataset_color_mild_clean\train\neg_vintage_toy_airplane\az090_el-10_dusk_operational_v00.jpg,-0.19501256942749023,0.0768844410777092,unknown
neg_vintage_toy_airplane,data\uav_dataset_color_mild_clean\train\neg_vintage_toy_airplane\az090_el-10_morning_operational_v00.jpg,-0.05340003967285156,0.0768844410777092,unknown
neg_vintage_toy_airplane,data\uav_dataset_color_mild_clean\train\neg_vintage_toy_airplane\az090_el-10_noon_clear_operational_v00.jpg,0.03751355782151222,0.0768844410777092,unknown
neg_vintage_toy_airplane,data\uav_dataset_color_mild_clean\train\neg_vintage_toy_airplane\az090_el-25_dusk_operational_v00.jpg,-0.11644203960895538,0.0768844410777092,unknown
neg_vintage_toy_airplane,data\uav_dataset_color_mild_clean\train\neg_vintage_toy_airplane\az090_el-25_morning_operational_v00.jpg,-0.15203773975372314,0.0768844410777092,unknown
neg_vintage_toy_airplane,data\uav_dataset_color_mild_clean\train\neg_vintage_toy_airplane\az090_el-25_noon_clear_operational_v00.jpg,-0.19720199704170227,0.0768844410777092,unknown
neg_vintage_toy_airplane,data\uav_dataset_color_mild_clean\train\neg_vintage_toy_airplane\az090_el-45_dusk_operational_v00.jpg,0.0031839795410633087,0.0768844410777092,unknown
neg_vintage_toy_airplane,data\uav_dataset_color_mild_clean\train\neg_vintage_toy_airplane\az090_el-45_morning_operational_v00.jpg,-0.077303446829319,0.0768844410777092,unknown
neg_vintage_toy_airplane,data\uav_dataset_color_mild_clean\train\neg_vintage_toy_airplane\az090_el-45_noon_clear_operational_v00.jpg,-0.0629478394985199,0.0768844410777092,unknown
neg_vintage_toy_airplane,data\uav_dataset_color_mild_clean\train\neg_vintage_toy_airplane\az090_el-65_dusk_operational_v00.jpg,0.024670107290148735,0.0768844410777092,unknown
neg_vintage_toy_airplane,data\uav_dataset_color_mild_clean\train\neg_vintage_toy_airplane\az090_el-65_morning_operational_v00.jpg,0.05536741018295288,0.0768844410777092,unknown
neg_vintage_toy_airplane,data\uav_dataset_color_mild_clean\train\neg_vintage_toy_airplane\az090_el-65_noon_clear_operational_v00.jpg,-0.04216310381889343,0.0768844410777092,unknown
neg_vintage_toy_airplane,data\uav_dataset_color_mild_clean\train\neg_vintage_toy_airplane\az135_el-10_dusk_operational_v00.jpg,-0.16493389010429382,0.0768844410777092,unknown
neg_vintage_toy_airplane,data\uav_dataset_color_mild_clean\train\neg_vintage_toy_airplane\az135_el-10_morning_operational_v00.jpg,-0.23152220249176025,0.0768844410777092,unknown
neg_vintage_toy_airplane,data\uav_dataset_color_mild_clean\train\neg_vintage_toy_airplane\az135_el-10_noon_clear_operational_v00.jpg,-0.2007598578929901,0.0768844410777092,unknown
neg_vintage_toy_airplane,data\uav_dataset_color_mild_clean\train\neg_vintage_toy_airplane\az135_el-25_dusk_operational_v00.jpg,-0.2630758285522461,0.0768844410777092,unknown
neg_vintage_toy_airplane,data\uav_dataset_color_mild_clean\train\neg_vintage_toy_airplane\az135_el-25_morning_operational_v00.jpg,-0.18123382329940796,0.0768844410777092,unknown
neg_vintage_toy_airplane,data\uav_dataset_color_mild_clean\train\neg_vintage_toy_airplane\az135_el-25_noon_clear_operational_v00.jpg,-0.13616055250167847,0.0768844410777092,unknown
neg_vintage_toy_airplane,data\uav_dataset_color_mild_clean\train\neg_vintage_toy_airplane\az135_el-45_dusk_operational_v00.jpg,0.02755092643201351,0.0768844410777092,unknown
neg_vintage_toy_airplane,data\uav_dataset_color_mild_clean\train\neg_vintage_toy_airplane\az135_el-45_morning_operational_v00.jpg,0.04782363772392273,0.0768844410777092,unknown
neg_vintage_toy_airplane,data\uav_dataset_color_mild_clean\train\neg_vintage_toy_airplane\az135_el-45_noon_clear_operational_v00.jpg,0.019315119832754135,0.0768844410777092,unknown
neg_vintage_toy_airplane,data\uav_dataset_color_mild_clean\train\neg_vintage_toy_airplane\az135_el-65_dusk_operational_v00.jpg,0.026242632418870926,0.0768844410777092,unknown
neg_vintage_toy_airplane,data\uav_dataset_color_mild_clean\train\neg_vintage_toy_airplane\az135_el-65_morning_operational_v00.jpg,-0.06129031255841255,0.0768844410777092,unknown
neg_vintage_toy_airplane,data\uav_dataset_color_mild_clean\train\neg_vintage_toy_airplane\az135_el-65_noon_clear_operational_v00.jpg,0.04025137051939964,0.0768844410777092,unknown
neg_vintage_toy_airplane,data\uav_dataset_color_mild_clean\train\neg_vintage_toy_airplane\az180_el-10_dusk_operational_v00.jpg,-0.2546501159667969,0.0768844410777092,unknown
neg_vintage_toy_airplane,data\uav_dataset_color_mild_clean\train\neg_vintage_toy_airplane\az180_el-10_morning_operational_v00.jpg,-0.2197653204202652,0.0768844410777092,unknown
neg_vintage_toy_airplane,data\uav_dataset_color_mild_clean\train\neg_vintage_toy_airplane\az180_el-10_noon_clear_operational_v00.jpg,-0.12191882729530334,0.0768844410777092,unknown
neg_vintage_toy_airplane,data\uav_dataset_color_mild_clean\train\neg_vintage_toy_airplane\az180_el-25_dusk_operational_v00.jpg,-0.19588850438594818,0.0768844410777092,unknown
neg_vintage_toy_airplane,data\uav_dataset_color_mild_clean\train\neg_vintage_toy_airplane\az180_el-25_morning_operational_v00.jpg,-0.05204598233103752,0.0768844410777092,unknown
neg_vintage_toy_airplane,data\uav_dataset_color_mild_clean\train\neg_vintage_toy_airplane\az180_el-25_noon_clear_operational_v00.jpg,-0.04367127642035484,0.0768844410777092,unknown
neg_vintage_toy_airplane,data\uav_dataset_color_mild_clean\train\neg_vintage_toy_airplane\az180_el-45_dusk_operational_v00.jpg,-0.15741437673568726,0.0768844410777092,unknown
neg_vintage_toy_airplane,data\uav_dataset_color_mild_clean\train\neg_vintage_toy_airplane\az180_el-45_morning_operational_v00.jpg,-0.16008096933364868,0.0768844410777092,unknown
neg_vintage_toy_airplane,data\uav_dataset_color_mild_clean\train\neg_vintage_toy_airplane\az180_el-45_noon_clear_operational_v00.jpg,-0.00770283117890358,0.0768844410777092,unknown
neg_vintage_toy_airplane,data\uav_dataset_color_mild_clean\train\neg_vintage_toy_airplane\az180_el-65_dusk_operational_v00.jpg,0.06060575693845749,0.0768844410777092,unknown
neg_vintage_toy_airplane,data\uav_dataset_color_mild_clean\train\neg_vintage_toy_airplane\az180_el-65_morning_operational_v00.jpg,-0.3499000072479248,0.0768844410777092,unknown
neg_vintage_toy_airplane,data\uav_dataset_color_mild_clean\train\neg_vintage_toy_airplane\az180_el-65_noon_clear_operational_v00.jpg,-0.16074879467487335,0.0768844410777092,unknown
neg_vintage_toy_airplane,data\uav_dataset_color_mild_clean\train\neg_vintage_toy_airplane\az225_el-10_dusk_operational_v00.jpg,-0.04452420026063919,0.0768844410777092,unknown
neg_vintage_toy_airplane,data\uav_dataset_color_mild_clean\train\neg_vintage_toy_airplane\az225_el-10_morning_operational_v00.jpg,-0.1975420117378235,0.0768844410777092,unknown
neg_vintage_toy_airplane,data\uav_dataset_color_mild_clean\train\neg_vintage_toy_airplane\az225_el-10_noon_clear_operational_v00.jpg,-0.0761016309261322,0.0768844410777092,unknown
neg_vintage_toy_airplane,data\uav_dataset_color_mild_clean\train\neg_vintage_toy_airplane\az225_el-25_dusk_operational_v00.jpg,-0.06379852443933487,0.0768844410777092,unknown
neg_vintage_toy_airplane,data\uav_dataset_color_mild_clean\train\neg_vintage_toy_airplane\az225_el-25_morning_operational_v00.jpg,-0.1351703256368637,0.0768844410777092,unknown
neg_vintage_toy_airplane,data\uav_dataset_color_mild_clean\train\neg_vintage_toy_airplane\az225_el-25_noon_clear_operational_v00.jpg,-0.10963234305381775,0.0768844410777092,unknown
neg_vintage_toy_airplane,data\uav_dataset_color_mild_clean\train\neg_vintage_toy_airplane\az225_el-45_dusk_operational_v00.jpg,-0.030032936483621597,0.0768844410777092,unknown
neg_vintage_toy_airplane,data\uav_dataset_color_mild_clean\train\neg_vintage_toy_airplane\az225_el-45_morning_operational_v00.jpg,-0.02765936404466629,0.0768844410777092,unknown
neg_vintage_toy_airplane,data\uav_dataset_color_mild_clean\train\neg_vintage_toy_airplane\az225_el-45_noon_clear_operational_v00.jpg,0.008947405964136124,0.0768844410777092,unknown
neg_vintage_toy_airplane,data\uav_dataset_color_mild_clean\train\neg_vintage_toy_airplane\az225_el-65_dusk_operational_v00.jpg,0.026316212490200996,0.0768844410777092,unknown
neg_vintage_toy_airplane,data\uav_dataset_color_mild_clean\train\neg_vintage_toy_airplane\az225_el-65_morning_operational_v00.jpg,-0.12408125400543213,0.0768844410777092,unknown
neg_vintage_toy_airplane,data\uav_dataset_color_mild_clean\train\neg_vintage_toy_airplane\az225_el-65_noon_clear_operational_v00.jpg,-0.0059945303946733475,0.0768844410777092,unknown
neg_vintage_toy_airplane,data\uav_dataset_color_mild_clean\train\neg_vintage_toy_airplane\az270_el-10_dusk_operational_v00.jpg,-0.10805480182170868,0.0768844410777092,unknown
neg_vintage_toy_airplane,data\uav_dataset_color_mild_clean\train\neg_vintage_toy_airplane\az270_el-10_morning_operational_v00.jpg,-0.21975290775299072,0.0768844410777092,unknown
neg_vintage_toy_airplane,data\uav_dataset_color_mild_clean\train\neg_vintage_toy_airplane\az270_el-10_noon_clear_operational_v00.jpg,-0.23345918953418732,0.0768844410777092,unknown
neg_vintage_toy_airplane,data\uav_dataset_color_mild_clean\train\neg_vintage_toy_airplane\az270_el-25_dusk_operational_v00.jpg,-0.10232630372047424,0.0768844410777092,unknown
neg_vintage_toy_airplane,data\uav_dataset_color_mild_clean\train\neg_vintage_toy_airplane\az270_el-25_morning_operational_v00.jpg,-0.12935152649879456,0.0768844410777092,unknown
neg_vintage_toy_airplane,data\uav_dataset_color_mild_clean\train\neg_vintage_toy_airplane\az270_el-25_noon_clear_operational_v00.jpg,-0.1915951371192932,0.0768844410777092,unknown
neg_vintage_toy_airplane,data\uav_dataset_color_mild_clean\train\neg_vintage_toy_airplane\az270_el-45_dusk_operational_v00.jpg,-0.00824793055653572,0.0768844410777092,unknown
neg_vintage_toy_airplane,data\uav_dataset_color_mild_clean\train\neg_vintage_toy_airplane\az270_el-45_morning_operational_v00.jpg,-0.10232582688331604,0.0768844410777092,unknown
neg_vintage_toy_airplane,data\uav_dataset_color_mild_clean\train\neg_vintage_toy_airplane\az270_el-45_noon_clear_operational_v00.jpg,0.025588171556591988,0.0768844410777092,unknown
neg_vintage_toy_airplane,data\uav_dataset_color_mild_clean\train\neg_vintage_toy_airplane\az270_el-65_dusk_operational_v00.jpg,0.10028524696826935,0.0768844410777092,unknown
neg_vintage_toy_airplane,data\uav_dataset_color_mild_clean\train\neg_vintage_toy_airplane\az270_el-65_morning_operational_v00.jpg,-0.007324874401092529,0.0768844410777092,unknown
neg_vintage_toy_airplane,data\uav_dataset_color_mild_clean\train\neg_vintage_toy_airplane\az270_el-65_noon_clear_operational_v00.jpg,-0.0022714007645845413,0.0768844410777092,unknown
neg_vintage_toy_airplane,data\uav_dataset_color_mild_clean\train\neg_vintage_toy_airplane\az315_el-10_dusk_operational_v00.jpg,-0.059289053082466125,0.0768844410777092,unknown
neg_vintage_toy_airplane,data\uav_dataset_color_mild_clean\train\neg_vintage_toy_airplane\az315_el-10_morning_operational_v00.jpg,-0.13999156653881073,0.0768844410777092,unknown
neg_vintage_toy_airplane,data\uav_dataset_color_mild_clean\train\neg_vintage_toy_airplane\az315_el-10_noon_clear_operational_v00.jpg,-0.19001376628875732,0.0768844410777092,unknown
neg_vintage_toy_airplane,data\uav_dataset_color_mild_clean\train\neg_vintage_toy_airplane\az315_el-25_dusk_operational_v00.jpg,0.025030171498656273,0.0768844410777092,unknown
neg_vintage_toy_airplane,data\uav_dataset_color_mild_clean\train\neg_vintage_toy_airplane\az315_el-25_morning_operational_v00.jpg,-0.010301623493432999,0.0768844410777092,unknown
neg_vintage_toy_airplane,data\uav_dataset_color_mild_clean\train\neg_vintage_toy_airplane\az315_el-25_noon_clear_operational_v00.jpg,-0.0803067535161972,0.0768844410777092,unknown
neg_vintage_toy_airplane,data\uav_dataset_color_mild_clean\train\neg_vintage_toy_airplane\az315_el-45_dusk_operational_v00.jpg,0.0019566304981708527,0.0768844410777092,unknown
neg_vintage_toy_airplane,data\uav_dataset_color_mild_clean\train\neg_vintage_toy_airplane\az315_el-45_morning_operational_v00.jpg,-0.06694819778203964,0.0768844410777092,unknown
neg_vintage_toy_airplane,data\uav_dataset_color_mild_clean\train\neg_vintage_toy_airplane\az315_el-45_noon_clear_operational_v00.jpg,-0.07413746416568756,0.0768844410777092,unknown
neg_vintage_toy_airplane,data\uav_dataset_color_mild_clean\train\neg_vintage_toy_airplane\az315_el-65_dusk_operational_v00.jpg,0.010312777012586594,0.0768844410777092,unknown
neg_vintage_toy_airplane,data\uav_dataset_color_mild_clean\train\neg_vintage_toy_airplane\az315_el-65_morning_operational_v00.jpg,-0.23717181384563446,0.0768844410777092,unknown
neg_vintage_toy_airplane,data\uav_dataset_color_mild_clean\train\neg_vintage_toy_airplane\az315_el-65_noon_clear_operational_v00.jpg,-0.10939346253871918,0.0768844410777092,unknown
real1,data\uav_dataset_color_mild_clean\train\real1\1.png,-0.06757098436355591,-0.03333374112844467,unknown
real1,data\uav_dataset_color_mild_clean\train\real1\12.png,-0.02862020581960678,-0.03333374112844467,unknown
real1,data\uav_dataset_color_mild_clean\train\real1\17.png,-0.05810968577861786,-0.03333374112844467,unknown
real1,data\uav_dataset_color_mild_clean\train\real1\18.png,-0.0664706751704216,-0.03333374112844467,unknown
real1,data\uav_dataset_color_mild_clean\train\real1\19.png,-0.052670761942863464,-0.03333374112844467,unknown
real1,data\uav_dataset_color_mild_clean\train\real1\2.png,-0.05254189670085907,-0.03333374112844467,unknown
real1,data\uav_dataset_color_mild_clean\train\real1\20.png,-0.05780699849128723,-0.03333374112844467,unknown
real1,data\uav_dataset_color_mild_clean\train\real1\25.png,-0.0596819743514061,-0.03333374112844467,unknown
real1,data\uav_dataset_color_mild_clean\train\real1\3.png,-0.04371459037065506,-0.03333374112844467,unknown
real1,data\uav_dataset_color_mild_clean\train\real1\30.png,-0.054266177117824554,-0.03333374112844467,unknown
real1,data\uav_dataset_color_mild_clean\train\real1\34.png,-0.05788928642868996,-0.03333374112844467,unknown
real1,data\uav_dataset_color_mild_clean\train\real1\35.png,-0.03959580138325691,-0.03333374112844467,unknown
real1,data\uav_dataset_color_mild_clean\train\real1\36.png,-0.056669995188713074,-0.03333374112844467,unknown
real1,data\uav_dataset_color_mild_clean\train\real1\37.png,-0.055006492882966995,-0.03333374112844467,unknown
real1,data\uav_dataset_color_mild_clean\train\real1\38.png,-0.04094843566417694,-0.03333374112844467,unknown
real1,data\uav_dataset_color_mild_clean\train\real1\4.png,-0.06328257918357849,-0.03333374112844467,unknown
real1,data\uav_dataset_color_mild_clean\train\real1\40.png,-0.07562769949436188,-0.03333374112844467,unknown
real1,data\uav_dataset_color_mild_clean\train\real1\41.png,-0.053284164518117905,-0.03333374112844467,unknown
real1,data\uav_dataset_color_mild_clean\train\real1\42.png,-0.04784827306866646,-0.03333374112844467,unknown
real1,data\uav_dataset_color_mild_clean\train\real1\43.png,-0.014201544225215912,-0.03333374112844467,unknown
real1,data\uav_dataset_color_mild_clean\train\real1\44.png,-0.05707290396094322,-0.03333374112844467,unknown
real1,data\uav_dataset_color_mild_clean\train\real1\45.png,-0.053284164518117905,-0.03333374112844467,unknown
real1,data\uav_dataset_color_mild_clean\train\real1\8.png,-0.07253693044185638,-0.03333374112844467,unknown
real1,data\uav_dataset_color_mild_clean\train\real1\9.png,-0.04330272600054741,-0.03333374112844467,unknown
real3,data\uav_dataset_color_mild_clean\train\real3\1465.jpg,-0.1080307811498642,-0.05072855204343796,unknown
real3,data\uav_dataset_color_mild_clean\train\real3\1470.jpg,-0.06001267582178116,-0.05072855204343796,unknown
real3,data\uav_dataset_color_mild_clean\train\real3\1528.jpg,-0.08278799057006836,-0.05072855204343796,unknown
real3,data\uav_dataset_color_mild_clean\train\real3\1546.jpg,-0.06935717910528183,-0.05072855204343796,unknown
real3,data\uav_dataset_color_mild_clean\train\real3\1552.jpg,-0.06636609137058258,-0.05072855204343796,unknown
real3,data\uav_dataset_color_mild_clean\train\real3\1553.jpg,-0.0614129975438118,-0.05072855204343796,unknown
real3,data\uav_dataset_color_mild_clean\train\real3\1554.jpg,-0.0662718415260315,-0.05072855204343796,unknown
real3,data\uav_dataset_color_mild_clean\train\real3\1555.jpg,-0.06563331931829453,-0.05072855204343796,unknown
real3,data\uav_dataset_color_mild_clean\train\real3\1556.jpg,-0.05489206314086914,-0.05072855204343796,unknown
real3,data\uav_dataset_color_mild_clean\train\real3\1557.jpg,-0.06350074708461761,-0.05072855204343796,unknown
real3,data\uav_dataset_color_mild_clean\train\real3\1558.jpg,-0.05569945275783539,-0.05072855204343796,unknown
real3,data\uav_dataset_color_mild_clean\train\real3\1559.jpg,-0.05101815611124039,-0.05072855204343796,unknown
real3,data\uav_dataset_color_mild_clean\train\real3\1560.jpg,-0.05736522376537323,-0.05072855204343796,unknown
real3,data\uav_dataset_color_mild_clean\train\real3\1561.jpg,-0.06529566645622253,-0.05072855204343796,unknown
real3,data\uav_dataset_color_mild_clean\train\real3\1563.jpg,-0.07325570285320282,-0.05072855204343796,unknown
real3,data\uav_dataset_color_mild_clean\train\real3\1564.jpg,-0.0744117796421051,-0.05072855204343796,unknown
real3,data\uav_dataset_color_mild_clean\train\real3\1565.jpg,-0.0719466507434845,-0.05072855204343796,unknown
real3,data\uav_dataset_color_mild_clean\train\real3\1566.jpg,-0.06603246927261353,-0.05072855204343796,unknown
real3,data\uav_dataset_color_mild_clean\train\real3\1567.jpg,-0.062483929097652435,-0.05072855204343796,unknown
real3,data\uav_dataset_color_mild_clean\train\real3\1568.jpg,-0.053059905767440796,-0.05072855204343796,unknown
real3,data\uav_dataset_color_mild_clean\train\real3\1569.jpg,-0.05613964796066284,-0.05072855204343796,unknown
real3,data\uav_dataset_color_mild_clean\train\real3\1570.jpg,-0.057320110499858856,-0.05072855204343796,unknown
real3,data\uav_dataset_color_mild_clean\train\real3\1571.jpg,-0.06944842636585236,-0.05072855204343796,unknown
real3,data\uav_dataset_color_mild_clean\train\real3\1577.jpg,-0.06811705231666565,-0.05072855204343796,unknown
real3,data\uav_dataset_color_mild_clean\train\real3\1578.jpg,-0.05764573812484741,-0.05072855204343796,unknown
real3,data\uav_dataset_color_mild_clean\train\real3\1580.jpg,-0.06921521574258804,-0.05072855204343796,unknown
real3,data\uav_dataset_color_mild_clean\train\real3\1581.jpg,-0.06579477339982986,-0.05072855204343796,unknown
real3,data\uav_dataset_color_mild_clean\train\real3\1582.jpg,-0.06473347544670105,-0.05072855204343796,unknown
real3,data\uav_dataset_color_mild_clean\train\real3\1583.jpg,-0.0644228458404541,-0.05072855204343796,unknown
real3,data\uav_dataset_color_mild_clean\train\real3\1584.jpg,-0.05059274286031723,-0.05072855204343796,unknown
real3,data\uav_dataset_color_mild_clean\train\real3\1586.jpg,-0.054588012397289276,-0.05072855204343796,unknown
real3,data\uav_dataset_color_mild_clean\train\real3\1587.jpg,-0.061007142066955566,-0.05072855204343796,unknown
real3,data\uav_dataset_color_mild_clean\train\real3\1588.jpg,-0.0443839505314827,-0.05072855204343796,unknown
real5,data\uav_dataset_color_mild_clean\train\real5\1232.jpg,0.010105099529027939,0.04304412379860878,unknown
real5,data\uav_dataset_color_mild_clean\train\real5\1233.jpg,0.00991060957312584,0.04304412379860878,unknown
real5,data\uav_dataset_color_mild_clean\train\real5\1234.jpg,0.003551650792360306,0.04304412379860878,unknown
real5,data\uav_dataset_color_mild_clean\train\real5\1235.jpg,0.014341887086629868,0.04304412379860878,unknown
real5,data\uav_dataset_color_mild_clean\train\real5\1237.jpg,0.03665430098772049,0.04304412379860878,unknown
real5,data\uav_dataset_color_mild_clean\train\real5\1238.jpg,0.012046635150909424,0.04304412379860878,unknown
real5,data\uav_dataset_color_mild_clean\train\real5\1240.jpg,0.0221918523311615,0.04304412379860878,unknown
real5,data\uav_dataset_color_mild_clean\train\real5\1241.jpg,-0.0014005526900291443,0.04304412379860878,unknown
real5,data\uav_dataset_color_mild_clean\train\real5\1242.jpg,0.004298903048038483,0.04304412379860878,unknown
real5,data\uav_dataset_color_mild_clean\train\real5\1243.jpg,0.01121208444237709,0.04304412379860878,unknown
real5,data\uav_dataset_color_mild_clean\train\real5\1244.jpg,0.006023243069648743,0.04304412379860878,unknown
real5,data\uav_dataset_color_mild_clean\train\real5\1251.jpg,0.02899707481265068,0.04304412379860878,unknown
real5,data\uav_dataset_color_mild_clean\train\real5\1253.jpg,0.02787405624985695,0.04304412379860878,unknown
real5,data\uav_dataset_color_mild_clean\train\real5\1254.jpg,0.03030349314212799,0.04304412379860878,unknown
real5,data\uav_dataset_color_mild_clean\train\real5\1255.jpg,0.03252429515123367,0.04304412379860878,unknown
real5,data\uav_dataset_color_mild_clean\train\real5\1256.jpg,0.033267855644226074,0.04304412379860878,unknown
real5,data\uav_dataset_color_mild_clean\train\real5\1257.jpg,0.049297258257865906,0.04304412379860878,unknown
real5,data\uav_dataset_color_mild_clean\train\real5\1258.jpg,0.03627300634980202,0.04304412379860878,unknown
real5,data\uav_dataset_color_mild_clean\train\real5\1262.jpg,0.0259644016623497,0.04304412379860878,unknown
real5,data\uav_dataset_color_mild_clean\train\real5\1263.jpg,0.030755430459976196,0.04304412379860878,unknown
real5,data\uav_dataset_color_mild_clean\train\real5\1264.jpg,0.023108266294002533,0.04304412379860878,unknown
real5,data\uav_dataset_color_mild_clean\train\real5\1265.jpg,0.013206496834754944,0.04304412379860878,unknown
real5,data\uav_dataset_color_mild_clean\train\real5\1266.jpg,0.021326947957277298,0.04304412379860878,unknown
real5,data\uav_dataset_color_mild_clean\train\real5\1269.jpg,0.02301887422800064,0.04304412379860878,unknown
real5,data\uav_dataset_color_mild_clean\train\real5\1270.jpg,0.03255372494459152,0.04304412379860878,unknown
real5,data\uav_dataset_color_mild_clean\train\real5\1271.jpg,0.038199637085199356,0.04304412379860878,unknown
real5,data\uav_dataset_color_mild_clean\train\real5\1273.jpg,0.0492062047123909,0.04304412379860878,unknown
real5,data\uav_dataset_color_mild_clean\train\real5\1274.jpg,0.040025170892477036,0.04304412379860878,unknown
real5,data\uav_dataset_color_mild_clean\train\real5\1275.jpg,0.038492344319820404,0.04304412379860878,unknown
real5,data\uav_dataset_color_mild_clean\train\real5\1276.jpg,0.025303952395915985,0.04304412379860878,unknown
real5,data\uav_dataset_color_mild_clean\train\real5\1277.jpg,0.008147131651639938,0.04304412379860878,unknown
real5,data\uav_dataset_color_mild_clean\train\real5\1278.jpg,0.009368740022182465,0.04304412379860878,unknown
real5,data\uav_dataset_color_mild_clean\train\real5\1279.jpg,0.028483513742685318,0.04304412379860878,unknown
real5,data\uav_dataset_color_mild_clean\train\real5\1280.jpg,0.02947632595896721,0.04304412379860878,unknown
real5,data\uav_dataset_color_mild_clean\train\real5\1282.jpg,0.036848075687885284,0.04304412379860878,unknown
real5,data\uav_dataset_color_mild_clean\train\real5\1284.jpg,0.023161113262176514,0.04304412379860878,unknown
real5,data\uav_dataset_color_mild_clean\train\real5\1285.jpg,0.022558901458978653,0.04304412379860878,unknown
real5,data\uav_dataset_color_mild_clean\train\real5\1292.jpg,0.009275384247303009,0.04304412379860878,unknown
real5,data\uav_dataset_color_mild_clean\train\real5\1293.jpg,0.021151777356863022,0.04304412379860878,unknown
rough_sketch_of_a_male_uav,data\uav_dataset_color_mild_clean\train\rough_sketch_of_a_male_uav\az000_el-10_dusk_operational_v00.jpg,-0.10404810309410095,0.018707673996686935,unknown
rough_sketch_of_a_male_uav,data\uav_dataset_color_mild_clean\train\rough_sketch_of_a_male_uav\az000_el-10_morning_operational_v00.jpg,-0.06416632235050201,0.018707673996686935,unknown
rough_sketch_of_a_male_uav,data\uav_dataset_color_mild_clean\train\rough_sketch_of_a_male_uav\az000_el-10_noon_clear_operational_v00.jpg,-0.05968888849020004,0.018707673996686935,unknown
rough_sketch_of_a_male_uav,data\uav_dataset_color_mild_clean\train\rough_sketch_of_a_male_uav\az000_el-25_dusk_operational_v00.jpg,-0.06429821252822876,0.018707673996686935,unknown
rough_sketch_of_a_male_uav,data\uav_dataset_color_mild_clean\train\rough_sketch_of_a_male_uav\az000_el-25_morning_operational_v00.jpg,-0.06024948135018349,0.018707673996686935,unknown
rough_sketch_of_a_male_uav,data\uav_dataset_color_mild_clean\train\rough_sketch_of_a_male_uav\az000_el-25_noon_clear_operational_v00.jpg,-0.1276923567056656,0.018707673996686935,unknown
rough_sketch_of_a_male_uav,data\uav_dataset_color_mild_clean\train\rough_sketch_of_a_male_uav\az000_el-45_dusk_operational_v00.jpg,-0.05016133934259415,0.018707673996686935,unknown
rough_sketch_of_a_male_uav,data\uav_dataset_color_mild_clean\train\rough_sketch_of_a_male_uav\az000_el-45_morning_operational_v00.jpg,-0.05136081576347351,0.018707673996686935,unknown
rough_sketch_of_a_male_uav,data\uav_dataset_color_mild_clean\train\rough_sketch_of_a_male_uav\az000_el-45_noon_clear_operational_v00.jpg,-0.057855118066072464,0.018707673996686935,unknown
rough_sketch_of_a_male_uav,data\uav_dataset_color_mild_clean\train\rough_sketch_of_a_male_uav\az000_el-65_dusk_operational_v00.jpg,-0.0662803053855896,0.018707673996686935,unknown
rough_sketch_of_a_male_uav,data\uav_dataset_color_mild_clean\train\rough_sketch_of_a_male_uav\az000_el-65_morning_operational_v00.jpg,-0.06775731593370438,0.018707673996686935,unknown
rough_sketch_of_a_male_uav,data\uav_dataset_color_mild_clean\train\rough_sketch_of_a_male_uav\az000_el-65_noon_clear_operational_v00.jpg,-0.037023045122623444,0.018707673996686935,unknown
rough_sketch_of_a_male_uav,data\uav_dataset_color_mild_clean\train\rough_sketch_of_a_male_uav\az045_el-10_dusk_operational_v00.jpg,-0.05341985449194908,0.018707673996686935,unknown
rough_sketch_of_a_male_uav,data\uav_dataset_color_mild_clean\train\rough_sketch_of_a_male_uav\az045_el-10_morning_operational_v00.jpg,-0.08444316685199738,0.018707673996686935,unknown
rough_sketch_of_a_male_uav,data\uav_dataset_color_mild_clean\train\rough_sketch_of_a_male_uav\az045_el-10_noon_clear_operational_v00.jpg,-0.05127878487110138,0.018707673996686935,unknown
rough_sketch_of_a_male_uav,data\uav_dataset_color_mild_clean\train\rough_sketch_of_a_male_uav\az045_el-25_dusk_operational_v00.jpg,-0.06554227322340012,0.018707673996686935,unknown
rough_sketch_of_a_male_uav,data\uav_dataset_color_mild_clean\train\rough_sketch_of_a_male_uav\az045_el-25_morning_operational_v00.jpg,-0.05346526950597763,0.018707673996686935,unknown
rough_sketch_of_a_male_uav,data\uav_dataset_color_mild_clean\train\rough_sketch_of_a_male_uav\az045_el-25_noon_clear_operational_v00.jpg,-0.06446646898984909,0.018707673996686935,unknown
rough_sketch_of_a_male_uav,data\uav_dataset_color_mild_clean\train\rough_sketch_of_a_male_uav\az045_el-45_dusk_operational_v00.jpg,-0.039033032953739166,0.018707673996686935,unknown
rough_sketch_of_a_male_uav,data\uav_dataset_color_mild_clean\train\rough_sketch_of_a_male_uav\az045_el-45_morning_operational_v00.jpg,-0.03668959438800812,0.018707673996686935,unknown
rough_sketch_of_a_male_uav,data\uav_dataset_color_mild_clean\train\rough_sketch_of_a_male_uav\az045_el-45_noon_clear_operational_v00.jpg,-0.024125367403030396,0.018707673996686935,unknown
rough_sketch_of_a_male_uav,data\uav_dataset_color_mild_clean\train\rough_sketch_of_a_male_uav\az045_el-65_dusk_operational_v00.jpg,-0.06464140862226486,0.018707673996686935,unknown
rough_sketch_of_a_male_uav,data\uav_dataset_color_mild_clean\train\rough_sketch_of_a_male_uav\az045_el-65_morning_operational_v00.jpg,-0.05445067584514618,0.018707673996686935,unknown
rough_sketch_of_a_male_uav,data\uav_dataset_color_mild_clean\train\rough_sketch_of_a_male_uav\az045_el-65_noon_clear_operational_v00.jpg,-0.05987590178847313,0.018707673996686935,unknown
rough_sketch_of_a_male_uav,data\uav_dataset_color_mild_clean\train\rough_sketch_of_a_male_uav\az090_el-10_dusk_operational_v00.jpg,-0.06196726858615875,0.018707673996686935,unknown
rough_sketch_of_a_male_uav,data\uav_dataset_color_mild_clean\train\rough_sketch_of_a_male_uav\az090_el-10_morning_operational_v00.jpg,-0.01057036966085434,0.018707673996686935,unknown
rough_sketch_of_a_male_uav,data\uav_dataset_color_mild_clean\train\rough_sketch_of_a_male_uav\az090_el-10_noon_clear_operational_v00.jpg,-0.0413975864648819,0.018707673996686935,unknown
rough_sketch_of_a_male_uav,data\uav_dataset_color_mild_clean\train\rough_sketch_of_a_male_uav\az090_el-25_dusk_operational_v00.jpg,-0.06015211343765259,0.018707673996686935,unknown
rough_sketch_of_a_male_uav,data\uav_dataset_color_mild_clean\train\rough_sketch_of_a_male_uav\az090_el-25_morning_operational_v00.jpg,-0.05675392970442772,0.018707673996686935,unknown
rough_sketch_of_a_male_uav,data\uav_dataset_color_mild_clean\train\rough_sketch_of_a_male_uav\az090_el-25_noon_clear_operational_v00.jpg,-0.039549123495817184,0.018707673996686935,unknown
rough_sketch_of_a_male_uav,data\uav_dataset_color_mild_clean\train\rough_sketch_of_a_male_uav\az090_el-45_dusk_operational_v00.jpg,-0.005229387432336807,0.018707673996686935,unknown
rough_sketch_of_a_male_uav,data\uav_dataset_color_mild_clean\train\rough_sketch_of_a_male_uav\az090_el-45_morning_operational_v00.jpg,-0.059986621141433716,0.018707673996686935,unknown
rough_sketch_of_a_male_uav,data\uav_dataset_color_mild_clean\train\rough_sketch_of_a_male_uav\az090_el-45_noon_clear_operational_v00.jpg,-0.08747515082359314,0.018707673996686935,unknown
rough_sketch_of_a_male_uav,data\uav_dataset_color_mild_clean\train\rough_sketch_of_a_male_uav\az090_el-65_dusk_operational_v00.jpg,-0.021861156448721886,0.018707673996686935,unknown
rough_sketch_of_a_male_uav,data\uav_dataset_color_mild_clean\train\rough_sketch_of_a_male_uav\az090_el-65_morning_operational_v00.jpg,-0.03769642114639282,0.018707673996686935,unknown
rough_sketch_of_a_male_uav,data\uav_dataset_color_mild_clean\train\rough_sketch_of_a_male_uav\az090_el-65_noon_clear_operational_v00.jpg,-0.04312407970428467,0.018707673996686935,unknown
rough_sketch_of_a_male_uav,data\uav_dataset_color_mild_clean\train\rough_sketch_of_a_male_uav\az135_el-10_dusk_operational_v00.jpg,-0.019075926393270493,0.018707673996686935,unknown
rough_sketch_of_a_male_uav,data\uav_dataset_color_mild_clean\train\rough_sketch_of_a_male_uav\az135_el-10_morning_operational_v00.jpg,0.00019881129264831543,0.018707673996686935,unknown
rough_sketch_of_a_male_uav,data\uav_dataset_color_mild_clean\train\rough_sketch_of_a_male_uav\az135_el-10_noon_clear_operational_v00.jpg,-0.04286535084247589,0.018707673996686935,unknown
rough_sketch_of_a_male_uav,data\uav_dataset_color_mild_clean\train\rough_sketch_of_a_male_uav\az135_el-25_dusk_operational_v00.jpg,-0.018952839076519012,0.018707673996686935,unknown
rough_sketch_of_a_male_uav,data\uav_dataset_color_mild_clean\train\rough_sketch_of_a_male_uav\az135_el-25_morning_operational_v00.jpg,-0.07027743756771088,0.018707673996686935,unknown
rough_sketch_of_a_male_uav,data\uav_dataset_color_mild_clean\train\rough_sketch_of_a_male_uav\az135_el-25_noon_clear_operational_v00.jpg,-0.06278553605079651,0.018707673996686935,unknown
rough_sketch_of_a_male_uav,data\uav_dataset_color_mild_clean\train\rough_sketch_of_a_male_uav\az135_el-45_dusk_operational_v00.jpg,-0.04909786209464073,0.018707673996686935,unknown
rough_sketch_of_a_male_uav,data\uav_dataset_color_mild_clean\train\rough_sketch_of_a_male_uav\az135_el-45_morning_operational_v00.jpg,-0.052915532141923904,0.018707673996686935,unknown
rough_sketch_of_a_male_uav,data\uav_dataset_color_mild_clean\train\rough_sketch_of_a_male_uav\az135_el-45_noon_clear_operational_v00.jpg,-0.07682578265666962,0.018707673996686935,unknown
rough_sketch_of_a_male_uav,data\uav_dataset_color_mild_clean\train\rough_sketch_of_a_male_uav\az135_el-65_dusk_operational_v00.jpg,0.013617869466543198,0.018707673996686935,unknown
rough_sketch_of_a_male_uav,data\uav_dataset_color_mild_clean\train\rough_sketch_of_a_male_uav\az135_el-65_morning_operational_v00.jpg,-0.035331908613443375,0.018707673996686935,unknown
rough_sketch_of_a_male_uav,data\uav_dataset_color_mild_clean\train\rough_sketch_of_a_male_uav\az135_el-65_noon_clear_operational_v00.jpg,-0.08453597128391266,0.018707673996686935,unknown
rough_sketch_of_a_male_uav,data\uav_dataset_color_mild_clean\train\rough_sketch_of_a_male_uav\az180_el-10_dusk_operational_v00.jpg,-0.04013910889625549,0.018707673996686935,unknown
rough_sketch_of_a_male_uav,data\uav_dataset_color_mild_clean\train\rough_sketch_of_a_male_uav\az180_el-10_morning_operational_v00.jpg,-0.06593403965234756,0.018707673996686935,unknown
rough_sketch_of_a_male_uav,data\uav_dataset_color_mild_clean\train\rough_sketch_of_a_male_uav\az180_el-10_noon_clear_operational_v00.jpg,-0.09194628894329071,0.018707673996686935,unknown
rough_sketch_of_a_male_uav,data\uav_dataset_color_mild_clean\train\rough_sketch_of_a_male_uav\az180_el-25_dusk_operational_v00.jpg,-0.08893266320228577,0.018707673996686935,unknown
rough_sketch_of_a_male_uav,data\uav_dataset_color_mild_clean\train\rough_sketch_of_a_male_uav\az180_el-25_morning_operational_v00.jpg,-0.08591693639755249,0.018707673996686935,unknown
rough_sketch_of_a_male_uav,data\uav_dataset_color_mild_clean\train\rough_sketch_of_a_male_uav\az180_el-25_noon_clear_operational_v00.jpg,-0.05369341000914574,0.018707673996686935,unknown
rough_sketch_of_a_male_uav,data\uav_dataset_color_mild_clean\train\rough_sketch_of_a_male_uav\az180_el-45_dusk_operational_v00.jpg,-0.05218449980020523,0.018707673996686935,unknown
rough_sketch_of_a_male_uav,data\uav_dataset_color_mild_clean\train\rough_sketch_of_a_male_uav\az180_el-45_morning_operational_v00.jpg,-0.049550533294677734,0.018707673996686935,unknown
rough_sketch_of_a_male_uav,data\uav_dataset_color_mild_clean\train\rough_sketch_of_a_male_uav\az180_el-45_noon_clear_operational_v00.jpg,-0.05888214707374573,0.018707673996686935,unknown
rough_sketch_of_a_male_uav,data\uav_dataset_color_mild_clean\train\rough_sketch_of_a_male_uav\az180_el-65_dusk_operational_v00.jpg,-0.06353521347045898,0.018707673996686935,unknown
rough_sketch_of_a_male_uav,data\uav_dataset_color_mild_clean\train\rough_sketch_of_a_male_uav\az180_el-65_morning_operational_v00.jpg,-0.04964524507522583,0.018707673996686935,unknown
rough_sketch_of_a_male_uav,data\uav_dataset_color_mild_clean\train\rough_sketch_of_a_male_uav\az180_el-65_noon_clear_operational_v00.jpg,-0.02267562597990036,0.018707673996686935,unknown
rough_sketch_of_a_male_uav,data\uav_dataset_color_mild_clean\train\rough_sketch_of_a_male_uav\az225_el-10_dusk_operational_v00.jpg,0.03366337716579437,0.018707673996686935,unknown
rough_sketch_of_a_male_uav,data\uav_dataset_color_mild_clean\train\rough_sketch_of_a_male_uav\az225_el-10_morning_operational_v00.jpg,-0.04873408377170563,0.018707673996686935,unknown
rough_sketch_of_a_male_uav,data\uav_dataset_color_mild_clean\train\rough_sketch_of_a_male_uav\az225_el-10_noon_clear_operational_v00.jpg,-0.021196546033024788,0.018707673996686935,unknown
rough_sketch_of_a_male_uav,data\uav_dataset_color_mild_clean\train\rough_sketch_of_a_male_uav\az225_el-25_dusk_operational_v00.jpg,-0.030144529417157173,0.018707673996686935,unknown
rough_sketch_of_a_male_uav,data\uav_dataset_color_mild_clean\train\rough_sketch_of_a_male_uav\az225_el-25_morning_operational_v00.jpg,0.004932764917612076,0.018707673996686935,unknown
rough_sketch_of_a_male_uav,data\uav_dataset_color_mild_clean\train\rough_sketch_of_a_male_uav\az225_el-25_noon_clear_operational_v00.jpg,-0.014096269384026527,0.018707673996686935,unknown
rough_sketch_of_a_male_uav,data\uav_dataset_color_mild_clean\train\rough_sketch_of_a_male_uav\az225_el-45_dusk_operational_v00.jpg,-0.08591291308403015,0.018707673996686935,unknown
rough_sketch_of_a_male_uav,data\uav_dataset_color_mild_clean\train\rough_sketch_of_a_male_uav\az225_el-45_morning_operational_v00.jpg,-0.045985765755176544,0.018707673996686935,unknown
rough_sketch_of_a_male_uav,data\uav_dataset_color_mild_clean\train\rough_sketch_of_a_male_uav\az225_el-45_noon_clear_operational_v00.jpg,-0.054918013513088226,0.018707673996686935,unknown
rough_sketch_of_a_male_uav,data\uav_dataset_color_mild_clean\train\rough_sketch_of_a_male_uav\az225_el-65_dusk_operational_v00.jpg,-0.061453498899936676,0.018707673996686935,unknown
rough_sketch_of_a_male_uav,data\uav_dataset_color_mild_clean\train\rough_sketch_of_a_male_uav\az225_el-65_morning_operational_v00.jpg,-0.040974851697683334,0.018707673996686935,unknown
rough_sketch_of_a_male_uav,data\uav_dataset_color_mild_clean\train\rough_sketch_of_a_male_uav\az225_el-65_noon_clear_operational_v00.jpg,-0.0877239853143692,0.018707673996686935,unknown
rough_sketch_of_a_male_uav,data\uav_dataset_color_mild_clean\train\rough_sketch_of_a_male_uav\az270_el-10_dusk_operational_v00.jpg,-0.05702590197324753,0.018707673996686935,unknown
rough_sketch_of_a_male_uav,data\uav_dataset_color_mild_clean\train\rough_sketch_of_a_male_uav\az270_el-10_morning_operational_v00.jpg,-0.017758065834641457,0.018707673996686935,unknown
rough_sketch_of_a_male_uav,data\uav_dataset_color_mild_clean\train\rough_sketch_of_a_male_uav\az270_el-10_noon_clear_operational_v00.jpg,0.01684959977865219,0.018707673996686935,unknown
rough_sketch_of_a_male_uav,data\uav_dataset_color_mild_clean\train\rough_sketch_of_a_male_uav\az270_el-25_dusk_operational_v00.jpg,-0.04902992025017738,0.018707673996686935,unknown
rough_sketch_of_a_male_uav,data\uav_dataset_color_mild_clean\train\rough_sketch_of_a_male_uav\az270_el-25_morning_operational_v00.jpg,-0.04284181445837021,0.018707673996686935,unknown
rough_sketch_of_a_male_uav,data\uav_dataset_color_mild_clean\train\rough_sketch_of_a_male_uav\az270_el-25_noon_clear_operational_v00.jpg,-0.042793840169906616,0.018707673996686935,unknown
rough_sketch_of_a_male_uav,data\uav_dataset_color_mild_clean\train\rough_sketch_of_a_male_uav\az270_el-45_dusk_operational_v00.jpg,-0.05837029963731766,0.018707673996686935,unknown
rough_sketch_of_a_male_uav,data\uav_dataset_color_mild_clean\train\rough_sketch_of_a_male_uav\az270_el-45_morning_operational_v00.jpg,-0.04651591554284096,0.018707673996686935,unknown
rough_sketch_of_a_male_uav,data\uav_dataset_color_mild_clean\train\rough_sketch_of_a_male_uav\az270_el-45_noon_clear_operational_v00.jpg,-0.033619292080402374,0.018707673996686935,unknown
rough_sketch_of_a_male_uav,data\uav_dataset_color_mild_clean\train\rough_sketch_of_a_male_uav\az270_el-65_dusk_operational_v00.jpg,-0.06455467641353607,0.018707673996686935,unknown
rough_sketch_of_a_male_uav,data\uav_dataset_color_mild_clean\train\rough_sketch_of_a_male_uav\az270_el-65_morning_operational_v00.jpg,-0.05082513764500618,0.018707673996686935,unknown
rough_sketch_of_a_male_uav,data\uav_dataset_color_mild_clean\train\rough_sketch_of_a_male_uav\az270_el-65_noon_clear_operational_v00.jpg,-0.05338900536298752,0.018707673996686935,unknown
rough_sketch_of_a_male_uav,data\uav_dataset_color_mild_clean\train\rough_sketch_of_a_male_uav\az315_el-10_dusk_operational_v00.jpg,-0.06511025875806808,0.018707673996686935,unknown
rough_sketch_of_a_male_uav,data\uav_dataset_color_mild_clean\train\rough_sketch_of_a_male_uav\az315_el-10_morning_operational_v00.jpg,-0.057044729590415955,0.018707673996686935,unknown
rough_sketch_of_a_male_uav,data\uav_dataset_color_mild_clean\train\rough_sketch_of_a_male_uav\az315_el-10_noon_clear_operational_v00.jpg,-0.033970385789871216,0.018707673996686935,unknown
rough_sketch_of_a_male_uav,data\uav_dataset_color_mild_clean\train\rough_sketch_of_a_male_uav\az315_el-25_dusk_operational_v00.jpg,-0.05734802782535553,0.018707673996686935,unknown
rough_sketch_of_a_male_uav,data\uav_dataset_color_mild_clean\train\rough_sketch_of_a_male_uav\az315_el-25_morning_operational_v00.jpg,-0.04548283666372299,0.018707673996686935,unknown
rough_sketch_of_a_male_uav,data\uav_dataset_color_mild_clean\train\rough_sketch_of_a_male_uav\az315_el-25_noon_clear_operational_v00.jpg,-0.02955331653356552,0.018707673996686935,unknown
rough_sketch_of_a_male_uav,data\uav_dataset_color_mild_clean\train\rough_sketch_of_a_male_uav\az315_el-45_dusk_operational_v00.jpg,-0.045577023178339005,0.018707673996686935,unknown
rough_sketch_of_a_male_uav,data\uav_dataset_color_mild_clean\train\rough_sketch_of_a_male_uav\az315_el-45_morning_operational_v00.jpg,-0.07918359339237213,0.018707673996686935,unknown
rough_sketch_of_a_male_uav,data\uav_dataset_color_mild_clean\train\rough_sketch_of_a_male_uav\az315_el-45_noon_clear_operational_v00.jpg,-0.05370725691318512,0.018707673996686935,unknown
rough_sketch_of_a_male_uav,data\uav_dataset_color_mild_clean\train\rough_sketch_of_a_male_uav\az315_el-65_dusk_operational_v00.jpg,-0.08672863245010376,0.018707673996686935,unknown
rough_sketch_of_a_male_uav,data\uav_dataset_color_mild_clean\train\rough_sketch_of_a_male_uav\az315_el-65_morning_operational_v00.jpg,0.024474766105413437,0.018707673996686935,unknown
rough_sketch_of_a_male_uav,data\uav_dataset_color_mild_clean\train\rough_sketch_of_a_male_uav\az315_el-65_noon_clear_operational_v00.jpg,-0.03525130823254585,0.018707673996686935,unknown
rq-11_raven_uav__high-poly_model,data\uav_dataset_color_mild_clean\train\rq-11_raven_uav__high-poly_model\az000_el-10_dusk_operational_v00.jpg,-0.22663134336471558,-0.12812471389770508,unknown
rq-11_raven_uav__high-poly_model,data\uav_dataset_color_mild_clean\train\rq-11_raven_uav__high-poly_model\az000_el-10_morning_operational_v00.jpg,-0.1640409231185913,-0.12812471389770508,unknown
rq-11_raven_uav__high-poly_model,data\uav_dataset_color_mild_clean\train\rq-11_raven_uav__high-poly_model\az000_el-10_noon_clear_operational_v00.jpg,-0.18835560977458954,-0.12812471389770508,unknown
rq-11_raven_uav__high-poly_model,data\uav_dataset_color_mild_clean\train\rq-11_raven_uav__high-poly_model\az000_el-25_dusk_operational_v00.jpg,-0.1325024664402008,-0.12812471389770508,unknown
rq-11_raven_uav__high-poly_model,data\uav_dataset_color_mild_clean\train\rq-11_raven_uav__high-poly_model\az000_el-25_morning_operational_v00.jpg,-0.19344180822372437,-0.12812471389770508,unknown
rq-11_raven_uav__high-poly_model,data\uav_dataset_color_mild_clean\train\rq-11_raven_uav__high-poly_model\az000_el-25_noon_clear_operational_v00.jpg,-0.22454355657100677,-0.12812471389770508,unknown
rq-11_raven_uav__high-poly_model,data\uav_dataset_color_mild_clean\train\rq-11_raven_uav__high-poly_model\az000_el-45_dusk_operational_v00.jpg,-0.1911241114139557,-0.12812471389770508,unknown
rq-11_raven_uav__high-poly_model,data\uav_dataset_color_mild_clean\train\rq-11_raven_uav__high-poly_model\az000_el-45_morning_operational_v00.jpg,-0.19688183069229126,-0.12812471389770508,unknown
rq-11_raven_uav__high-poly_model,data\uav_dataset_color_mild_clean\train\rq-11_raven_uav__high-poly_model\az000_el-45_noon_clear_operational_v00.jpg,-0.21687619388103485,-0.12812471389770508,unknown
rq-11_raven_uav__high-poly_model,data\uav_dataset_color_mild_clean\train\rq-11_raven_uav__high-poly_model\az000_el-65_dusk_operational_v00.jpg,-0.21630261838436127,-0.12812471389770508,unknown
rq-11_raven_uav__high-poly_model,data\uav_dataset_color_mild_clean\train\rq-11_raven_uav__high-poly_model\az000_el-65_morning_operational_v00.jpg,-0.2433479130268097,-0.12812471389770508,unknown
rq-11_raven_uav__high-poly_model,data\uav_dataset_color_mild_clean\train\rq-11_raven_uav__high-poly_model\az000_el-65_noon_clear_operational_v00.jpg,-0.25302448868751526,-0.12812471389770508,unknown
rq-11_raven_uav__high-poly_model,data\uav_dataset_color_mild_clean\train\rq-11_raven_uav__high-poly_model\az045_el-10_dusk_operational_v00.jpg,-0.1617301106452942,-0.12812471389770508,unknown
rq-11_raven_uav__high-poly_model,data\uav_dataset_color_mild_clean\train\rq-11_raven_uav__high-poly_model\az045_el-10_morning_operational_v00.jpg,-0.13634124398231506,-0.12812471389770508,unknown
rq-11_raven_uav__high-poly_model,data\uav_dataset_color_mild_clean\train\rq-11_raven_uav__high-poly_model\az045_el-10_noon_clear_operational_v00.jpg,-0.17081259191036224,-0.12812471389770508,unknown
rq-11_raven_uav__high-poly_model,data\uav_dataset_color_mild_clean\train\rq-11_raven_uav__high-poly_model\az045_el-25_dusk_operational_v00.jpg,-0.18397505581378937,-0.12812471389770508,unknown
rq-11_raven_uav__high-poly_model,data\uav_dataset_color_mild_clean\train\rq-11_raven_uav__high-poly_model\az045_el-25_morning_operational_v00.jpg,-0.179955393075943,-0.12812471389770508,unknown
rq-11_raven_uav__high-poly_model,data\uav_dataset_color_mild_clean\train\rq-11_raven_uav__high-poly_model\az045_el-25_noon_clear_operational_v00.jpg,-0.21901632845401764,-0.12812471389770508,unknown
rq-11_raven_uav__high-poly_model,data\uav_dataset_color_mild_clean\train\rq-11_raven_uav__high-poly_model\az045_el-45_dusk_operational_v00.jpg,-0.17639216780662537,-0.12812471389770508,unknown
rq-11_raven_uav__high-poly_model,data\uav_dataset_color_mild_clean\train\rq-11_raven_uav__high-poly_model\az045_el-45_morning_operational_v00.jpg,-0.21143421530723572,-0.12812471389770508,unknown
rq-11_raven_uav__high-poly_model,data\uav_dataset_color_mild_clean\train\rq-11_raven_uav__high-poly_model\az045_el-45_noon_clear_operational_v00.jpg,-0.20378908514976501,-0.12812471389770508,unknown
rq-11_raven_uav__high-poly_model,data\uav_dataset_color_mild_clean\train\rq-11_raven_uav__high-poly_model\az045_el-65_dusk_operational_v00.jpg,-0.18257589638233185,-0.12812471389770508,unknown
rq-11_raven_uav__high-poly_model,data\uav_dataset_color_mild_clean\train\rq-11_raven_uav__high-poly_model\az045_el-65_morning_operational_v00.jpg,-0.24806225299835205,-0.12812471389770508,unknown
rq-11_raven_uav__high-poly_model,data\uav_dataset_color_mild_clean\train\rq-11_raven_uav__high-poly_model\az045_el-65_noon_clear_operational_v00.jpg,-0.2225726842880249,-0.12812471389770508,unknown
rq-11_raven_uav__high-poly_model,data\uav_dataset_color_mild_clean\train\rq-11_raven_uav__high-poly_model\az090_el-10_dusk_operational_v00.jpg,-0.17298556864261627,-0.12812471389770508,unknown
rq-11_raven_uav__high-poly_model,data\uav_dataset_color_mild_clean\train\rq-11_raven_uav__high-poly_model\az090_el-10_morning_operational_v00.jpg,-0.15797901153564453,-0.12812471389770508,unknown
rq-11_raven_uav__high-poly_model,data\uav_dataset_color_mild_clean\train\rq-11_raven_uav__high-poly_model\az090_el-10_noon_clear_operational_v00.jpg,-0.16735702753067017,-0.12812471389770508,unknown
rq-11_raven_uav__high-poly_model,data\uav_dataset_color_mild_clean\train\rq-11_raven_uav__high-poly_model\az090_el-25_dusk_operational_v00.jpg,-0.22037100791931152,-0.12812471389770508,unknown
rq-11_raven_uav__high-poly_model,data\uav_dataset_color_mild_clean\train\rq-11_raven_uav__high-poly_model\az090_el-25_morning_operational_v00.jpg,-0.20349369943141937,-0.12812471389770508,unknown
rq-11_raven_uav__high-poly_model,data\uav_dataset_color_mild_clean\train\rq-11_raven_uav__high-poly_model\az090_el-25_noon_clear_operational_v00.jpg,-0.1938689649105072,-0.12812471389770508,unknown
rq-11_raven_uav__high-poly_model,data\uav_dataset_color_mild_clean\train\rq-11_raven_uav__high-poly_model\az090_el-45_dusk_operational_v00.jpg,-0.2222667932510376,-0.12812471389770508,unknown
rq-11_raven_uav__high-poly_model,data\uav_dataset_color_mild_clean\train\rq-11_raven_uav__high-poly_model\az090_el-45_morning_operational_v00.jpg,-0.19090048968791962,-0.12812471389770508,unknown
rq-11_raven_uav__high-poly_model,data\uav_dataset_color_mild_clean\train\rq-11_raven_uav__high-poly_model\az090_el-45_noon_clear_operational_v00.jpg,-0.24052639305591583,-0.12812471389770508,unknown
rq-11_raven_uav__high-poly_model,data\uav_dataset_color_mild_clean\train\rq-11_raven_uav__high-poly_model\az090_el-65_dusk_operational_v00.jpg,-0.19754816591739655,-0.12812471389770508,unknown
rq-11_raven_uav__high-poly_model,data\uav_dataset_color_mild_clean\train\rq-11_raven_uav__high-poly_model\az090_el-65_morning_operational_v00.jpg,-0.24004250764846802,-0.12812471389770508,unknown
rq-11_raven_uav__high-poly_model,data\uav_dataset_color_mild_clean\train\rq-11_raven_uav__high-poly_model\az090_el-65_noon_clear_operational_v00.jpg,-0.25418153405189514,-0.12812471389770508,unknown
rq-11_raven_uav__high-poly_model,data\uav_dataset_color_mild_clean\train\rq-11_raven_uav__high-poly_model\az135_el-10_dusk_operational_v00.jpg,-0.22837436199188232,-0.12812471389770508,unknown
rq-11_raven_uav__high-poly_model,data\uav_dataset_color_mild_clean\train\rq-11_raven_uav__high-poly_model\az135_el-10_morning_operational_v00.jpg,-0.14754022657871246,-0.12812471389770508,unknown
rq-11_raven_uav__high-poly_model,data\uav_dataset_color_mild_clean\train\rq-11_raven_uav__high-poly_model\az135_el-10_noon_clear_operational_v00.jpg,-0.1878172755241394,-0.12812471389770508,unknown
rq-11_raven_uav__high-poly_model,data\uav_dataset_color_mild_clean\train\rq-11_raven_uav__high-poly_model\az135_el-25_dusk_operational_v00.jpg,-0.22093135118484497,-0.12812471389770508,unknown
rq-11_raven_uav__high-poly_model,data\uav_dataset_color_mild_clean\train\rq-11_raven_uav__high-poly_model\az135_el-25_morning_operational_v00.jpg,-0.24831634759902954,-0.12812471389770508,unknown
rq-11_raven_uav__high-poly_model,data\uav_dataset_color_mild_clean\train\rq-11_raven_uav__high-poly_model\az135_el-25_noon_clear_operational_v00.jpg,-0.3438856601715088,-0.12812471389770508,unknown
rq-11_raven_uav__high-poly_model,data\uav_dataset_color_mild_clean\train\rq-11_raven_uav__high-poly_model\az135_el-45_dusk_operational_v00.jpg,-0.2059289962053299,-0.12812471389770508,unknown
rq-11_raven_uav__high-poly_model,data\uav_dataset_color_mild_clean\train\rq-11_raven_uav__high-poly_model\az135_el-45_morning_operational_v00.jpg,-0.2325522005558014,-0.12812471389770508,unknown
rq-11_raven_uav__high-poly_model,data\uav_dataset_color_mild_clean\train\rq-11_raven_uav__high-poly_model\az135_el-45_noon_clear_operational_v00.jpg,-0.22334696352481842,-0.12812471389770508,unknown
rq-11_raven_uav__high-poly_model,data\uav_dataset_color_mild_clean\train\rq-11_raven_uav__high-poly_model\az135_el-65_dusk_operational_v00.jpg,-0.19822090864181519,-0.12812471389770508,unknown
rq-11_raven_uav__high-poly_model,data\uav_dataset_color_mild_clean\train\rq-11_raven_uav__high-poly_model\az135_el-65_morning_operational_v00.jpg,-0.22941815853118896,-0.12812471389770508,unknown
rq-11_raven_uav__high-poly_model,data\uav_dataset_color_mild_clean\train\rq-11_raven_uav__high-poly_model\az135_el-65_noon_clear_operational_v00.jpg,-0.2025776505470276,-0.12812471389770508,unknown
rq-11_raven_uav__high-poly_model,data\uav_dataset_color_mild_clean\train\rq-11_raven_uav__high-poly_model\az180_el-10_dusk_operational_v00.jpg,-0.21503785252571106,-0.12812471389770508,unknown
rq-11_raven_uav__high-poly_model,data\uav_dataset_color_mild_clean\train\rq-11_raven_uav__high-poly_model\az180_el-10_morning_operational_v00.jpg,-0.1963944286108017,-0.12812471389770508,unknown
rq-11_raven_uav__high-poly_model,data\uav_dataset_color_mild_clean\train\rq-11_raven_uav__high-poly_model\az180_el-10_noon_clear_operational_v00.jpg,-0.19597020745277405,-0.12812471389770508,unknown
rq-11_raven_uav__high-poly_model,data\uav_dataset_color_mild_clean\train\rq-11_raven_uav__high-poly_model\az180_el-25_dusk_operational_v00.jpg,-0.24791060388088226,-0.12812471389770508,unknown
rq-11_raven_uav__high-poly_model,data\uav_dataset_color_mild_clean\train\rq-11_raven_uav__high-poly_model\az180_el-25_morning_operational_v00.jpg,-0.24204392731189728,-0.12812471389770508,unknown
rq-11_raven_uav__high-poly_model,data\uav_dataset_color_mild_clean\train\rq-11_raven_uav__high-poly_model\az180_el-25_noon_clear_operational_v00.jpg,-0.2005215585231781,-0.12812471389770508,unknown
rq-11_raven_uav__high-poly_model,data\uav_dataset_color_mild_clean\train\rq-11_raven_uav__high-poly_model\az180_el-45_dusk_operational_v00.jpg,-0.18044060468673706,-0.12812471389770508,unknown
rq-11_raven_uav__high-poly_model,data\uav_dataset_color_mild_clean\train\rq-11_raven_uav__high-poly_model\az180_el-45_morning_operational_v00.jpg,-0.22707054018974304,-0.12812471389770508,unknown
rq-11_raven_uav__high-poly_model,data\uav_dataset_color_mild_clean\train\rq-11_raven_uav__high-poly_model\az180_el-45_noon_clear_operational_v00.jpg,-0.20563438534736633,-0.12812471389770508,unknown
rq-11_raven_uav__high-poly_model,data\uav_dataset_color_mild_clean\train\rq-11_raven_uav__high-poly_model\az180_el-65_dusk_operational_v00.jpg,-0.1852569729089737,-0.12812471389770508,unknown
rq-11_raven_uav__high-poly_model,data\uav_dataset_color_mild_clean\train\rq-11_raven_uav__high-poly_model\az180_el-65_morning_operational_v00.jpg,-0.2135896384716034,-0.12812471389770508,unknown
rq-11_raven_uav__high-poly_model,data\uav_dataset_color_mild_clean\train\rq-11_raven_uav__high-poly_model\az180_el-65_noon_clear_operational_v00.jpg,-0.2133547067642212,-0.12812471389770508,unknown
rq-11_raven_uav__high-poly_model,data\uav_dataset_color_mild_clean\train\rq-11_raven_uav__high-poly_model\az225_el-10_dusk_operational_v00.jpg,-0.18918251991271973,-0.12812471389770508,unknown
rq-11_raven_uav__high-poly_model,data\uav_dataset_color_mild_clean\train\rq-11_raven_uav__high-poly_model\az225_el-10_morning_operational_v00.jpg,-0.16950443387031555,-0.12812471389770508,unknown
rq-11_raven_uav__high-poly_model,data\uav_dataset_color_mild_clean\train\rq-11_raven_uav__high-poly_model\az225_el-10_noon_clear_operational_v00.jpg,-0.23634061217308044,-0.12812471389770508,unknown
rq-11_raven_uav__high-poly_model,data\uav_dataset_color_mild_clean\train\rq-11_raven_uav__high-poly_model\az225_el-25_dusk_operational_v00.jpg,-0.15030604600906372,-0.12812471389770508,unknown
rq-11_raven_uav__high-poly_model,data\uav_dataset_color_mild_clean\train\rq-11_raven_uav__high-poly_model\az225_el-25_morning_operational_v00.jpg,-0.23092308640480042,-0.12812471389770508,unknown
rq-11_raven_uav__high-poly_model,data\uav_dataset_color_mild_clean\train\rq-11_raven_uav__high-poly_model\az225_el-25_noon_clear_operational_v00.jpg,-0.20588326454162598,-0.12812471389770508,unknown
rq-11_raven_uav__high-poly_model,data\uav_dataset_color_mild_clean\train\rq-11_raven_uav__high-poly_model\az225_el-45_dusk_operational_v00.jpg,-0.16438277065753937,-0.12812471389770508,unknown
rq-11_raven_uav__high-poly_model,data\uav_dataset_color_mild_clean\train\rq-11_raven_uav__high-poly_model\az225_el-45_morning_operational_v00.jpg,-0.23361030220985413,-0.12812471389770508,unknown
rq-11_raven_uav__high-poly_model,data\uav_dataset_color_mild_clean\train\rq-11_raven_uav__high-poly_model\az225_el-45_noon_clear_operational_v00.jpg,-0.24725112318992615,-0.12812471389770508,unknown
rq-11_raven_uav__high-poly_model,data\uav_dataset_color_mild_clean\train\rq-11_raven_uav__high-poly_model\az225_el-65_dusk_operational_v00.jpg,-0.18522661924362183,-0.12812471389770508,unknown
rq-11_raven_uav__high-poly_model,data\uav_dataset_color_mild_clean\train\rq-11_raven_uav__high-poly_model\az225_el-65_morning_operational_v00.jpg,-0.19004759192466736,-0.12812471389770508,unknown
rq-11_raven_uav__high-poly_model,data\uav_dataset_color_mild_clean\train\rq-11_raven_uav__high-poly_model\az225_el-65_noon_clear_operational_v00.jpg,-0.2294967621564865,-0.12812471389770508,unknown
rq-11_raven_uav__high-poly_model,data\uav_dataset_color_mild_clean\train\rq-11_raven_uav__high-poly_model\az270_el-10_dusk_operational_v00.jpg,-0.18934451043605804,-0.12812471389770508,unknown
rq-11_raven_uav__high-poly_model,data\uav_dataset_color_mild_clean\train\rq-11_raven_uav__high-poly_model\az270_el-10_morning_operational_v00.jpg,-0.2063378393650055,-0.12812471389770508,unknown
rq-11_raven_uav__high-poly_model,data\uav_dataset_color_mild_clean\train\rq-11_raven_uav__high-poly_model\az270_el-10_noon_clear_operational_v00.jpg,-0.1772245615720749,-0.12812471389770508,unknown
rq-11_raven_uav__high-poly_model,data\uav_dataset_color_mild_clean\train\rq-11_raven_uav__high-poly_model\az270_el-25_dusk_operational_v00.jpg,-0.17566436529159546,-0.12812471389770508,unknown
rq-11_raven_uav__high-poly_model,data\uav_dataset_color_mild_clean\train\rq-11_raven_uav__high-poly_model\az270_el-25_morning_operational_v00.jpg,-0.19193890690803528,-0.12812471389770508,unknown
rq-11_raven_uav__high-poly_model,data\uav_dataset_color_mild_clean\train\rq-11_raven_uav__high-poly_model\az270_el-25_noon_clear_operational_v00.jpg,-0.21906700730323792,-0.12812471389770508,unknown
rq-11_raven_uav__high-poly_model,data\uav_dataset_color_mild_clean\train\rq-11_raven_uav__high-poly_model\az270_el-45_dusk_operational_v00.jpg,-0.19055920839309692,-0.12812471389770508,unknown
rq-11_raven_uav__high-poly_model,data\uav_dataset_color_mild_clean\train\rq-11_raven_uav__high-poly_model\az270_el-45_morning_operational_v00.jpg,-0.20921316742897034,-0.12812471389770508,unknown
rq-11_raven_uav__high-poly_model,data\uav_dataset_color_mild_clean\train\rq-11_raven_uav__high-poly_model\az270_el-45_noon_clear_operational_v00.jpg,-0.15549184381961823,-0.12812471389770508,unknown
rq-11_raven_uav__high-poly_model,data\uav_dataset_color_mild_clean\train\rq-11_raven_uav__high-poly_model\az270_el-65_dusk_operational_v00.jpg,-0.22987934947013855,-0.12812471389770508,unknown
rq-11_raven_uav__high-poly_model,data\uav_dataset_color_mild_clean\train\rq-11_raven_uav__high-poly_model\az270_el-65_morning_operational_v00.jpg,-0.21415375173091888,-0.12812471389770508,unknown
rq-11_raven_uav__high-poly_model,data\uav_dataset_color_mild_clean\train\rq-11_raven_uav__high-poly_model\az270_el-65_noon_clear_operational_v00.jpg,-0.2614220380783081,-0.12812471389770508,unknown
rq-11_raven_uav__high-poly_model,data\uav_dataset_color_mild_clean\train\rq-11_raven_uav__high-poly_model\az315_el-10_dusk_operational_v00.jpg,-0.07393363118171692,-0.12812471389770508,unknown
rq-11_raven_uav__high-poly_model,data\uav_dataset_color_mild_clean\train\rq-11_raven_uav__high-poly_model\az315_el-10_morning_operational_v00.jpg,-0.18867012858390808,-0.12812471389770508,unknown
rq-11_raven_uav__high-poly_model,data\uav_dataset_color_mild_clean\train\rq-11_raven_uav__high-poly_model\az315_el-10_noon_clear_operational_v00.jpg,-0.20370495319366455,-0.12812471389770508,unknown
rq-11_raven_uav__high-poly_model,data\uav_dataset_color_mild_clean\train\rq-11_raven_uav__high-poly_model\az315_el-25_dusk_operational_v00.jpg,-0.18553093075752258,-0.12812471389770508,unknown
rq-11_raven_uav__high-poly_model,data\uav_dataset_color_mild_clean\train\rq-11_raven_uav__high-poly_model\az315_el-25_morning_operational_v00.jpg,-0.18173140287399292,-0.12812471389770508,unknown
rq-11_raven_uav__high-poly_model,data\uav_dataset_color_mild_clean\train\rq-11_raven_uav__high-poly_model\az315_el-25_noon_clear_operational_v00.jpg,-0.2657518684864044,-0.12812471389770508,unknown
rq-11_raven_uav__high-poly_model,data\uav_dataset_color_mild_clean\train\rq-11_raven_uav__high-poly_model\az315_el-45_dusk_operational_v00.jpg,-0.20231540501117706,-0.12812471389770508,unknown
rq-11_raven_uav__high-poly_model,data\uav_dataset_color_mild_clean\train\rq-11_raven_uav__high-poly_model\az315_el-45_morning_operational_v00.jpg,-0.21263481676578522,-0.12812471389770508,unknown
rq-11_raven_uav__high-poly_model,data\uav_dataset_color_mild_clean\train\rq-11_raven_uav__high-poly_model\az315_el-45_noon_clear_operational_v00.jpg,-0.24257943034172058,-0.12812471389770508,unknown
rq-11_raven_uav__high-poly_model,data\uav_dataset_color_mild_clean\train\rq-11_raven_uav__high-poly_model\az315_el-65_dusk_operational_v00.jpg,-0.221257746219635,-0.12812471389770508,unknown
rq-11_raven_uav__high-poly_model,data\uav_dataset_color_mild_clean\train\rq-11_raven_uav__high-poly_model\az315_el-65_morning_operational_v00.jpg,-0.21846286952495575,-0.12812471389770508,unknown
rq-11_raven_uav__high-poly_model,data\uav_dataset_color_mild_clean\train\rq-11_raven_uav__high-poly_model\az315_el-65_noon_clear_operational_v00.jpg,-0.2259017527103424,-0.12812471389770508,unknown
uav_2,data\uav_dataset_color_mild_clean\train\uav_2\az000_el-10_dusk_operational_v00.jpg,-0.10644670575857162,-0.024856070056557655,unknown
uav_2,data\uav_dataset_color_mild_clean\train\uav_2\az000_el-10_morning_operational_v00.jpg,-0.10054904967546463,-0.024856070056557655,unknown
uav_2,data\uav_dataset_color_mild_clean\train\uav_2\az000_el-10_noon_clear_operational_v00.jpg,-0.1405259072780609,-0.024856070056557655,unknown
uav_2,data\uav_dataset_color_mild_clean\train\uav_2\az000_el-25_dusk_operational_v00.jpg,-0.09250207990407944,-0.024856070056557655,unknown
uav_2,data\uav_dataset_color_mild_clean\train\uav_2\az000_el-25_morning_operational_v00.jpg,-0.08582191169261932,-0.024856070056557655,unknown
uav_2,data\uav_dataset_color_mild_clean\train\uav_2\az000_el-25_noon_clear_operational_v00.jpg,-0.08022516965866089,-0.024856070056557655,unknown
uav_2,data\uav_dataset_color_mild_clean\train\uav_2\az000_el-45_dusk_operational_v00.jpg,-0.071160688996315,-0.024856070056557655,unknown
uav_2,data\uav_dataset_color_mild_clean\train\uav_2\az000_el-45_morning_operational_v00.jpg,-0.07884529232978821,-0.024856070056557655,unknown
uav_2,data\uav_dataset_color_mild_clean\train\uav_2\az000_el-45_noon_clear_operational_v00.jpg,-0.12227406352758408,-0.024856070056557655,unknown
uav_2,data\uav_dataset_color_mild_clean\train\uav_2\az000_el-65_dusk_operational_v00.jpg,-0.07951924949884415,-0.024856070056557655,unknown
uav_2,data\uav_dataset_color_mild_clean\train\uav_2\az000_el-65_morning_operational_v00.jpg,-0.07904702425003052,-0.024856070056557655,unknown
uav_2,data\uav_dataset_color_mild_clean\train\uav_2\az000_el-65_noon_clear_operational_v00.jpg,-0.10294418036937714,-0.024856070056557655,unknown
uav_2,data\uav_dataset_color_mild_clean\train\uav_2\az045_el-10_dusk_operational_v00.jpg,-0.07674519717693329,-0.024856070056557655,unknown
uav_2,data\uav_dataset_color_mild_clean\train\uav_2\az045_el-10_morning_operational_v00.jpg,-0.08743739128112793,-0.024856070056557655,unknown
uav_2,data\uav_dataset_color_mild_clean\train\uav_2\az045_el-10_noon_clear_operational_v00.jpg,-0.08423801511526108,-0.024856070056557655,unknown
uav_2,data\uav_dataset_color_mild_clean\train\uav_2\az045_el-25_dusk_operational_v00.jpg,-0.08826828747987747,-0.024856070056557655,unknown
uav_2,data\uav_dataset_color_mild_clean\train\uav_2\az045_el-25_morning_operational_v00.jpg,-0.08161725103855133,-0.024856070056557655,unknown
uav_2,data\uav_dataset_color_mild_clean\train\uav_2\az045_el-25_noon_clear_operational_v00.jpg,-0.09824280440807343,-0.024856070056557655,unknown
uav_2,data\uav_dataset_color_mild_clean\train\uav_2\az045_el-45_dusk_operational_v00.jpg,-0.09740430861711502,-0.024856070056557655,unknown
uav_2,data\uav_dataset_color_mild_clean\train\uav_2\az045_el-45_morning_operational_v00.jpg,-0.07812083512544632,-0.024856070056557655,unknown
uav_2,data\uav_dataset_color_mild_clean\train\uav_2\az045_el-45_noon_clear_operational_v00.jpg,-0.05309165269136429,-0.024856070056557655,unknown
uav_2,data\uav_dataset_color_mild_clean\train\uav_2\az045_el-65_dusk_operational_v00.jpg,-0.08423719555139542,-0.024856070056557655,unknown
uav_2,data\uav_dataset_color_mild_clean\train\uav_2\az045_el-65_morning_operational_v00.jpg,-0.09797656536102295,-0.024856070056557655,unknown
uav_2,data\uav_dataset_color_mild_clean\train\uav_2\az045_el-65_noon_clear_operational_v00.jpg,-0.09238534420728683,-0.024856070056557655,unknown
uav_2,data\uav_dataset_color_mild_clean\train\uav_2\az090_el-10_dusk_operational_v00.jpg,-0.0009148605167865753,-0.024856070056557655,unknown
uav_2,data\uav_dataset_color_mild_clean\train\uav_2\az090_el-10_morning_operational_v00.jpg,-0.10340455174446106,-0.024856070056557655,unknown
uav_2,data\uav_dataset_color_mild_clean\train\uav_2\az090_el-10_noon_clear_operational_v00.jpg,-0.07529081404209137,-0.024856070056557655,unknown
uav_2,data\uav_dataset_color_mild_clean\train\uav_2\az090_el-25_dusk_operational_v00.jpg,-0.10032583028078079,-0.024856070056557655,unknown
uav_2,data\uav_dataset_color_mild_clean\train\uav_2\az090_el-25_morning_operational_v00.jpg,-0.05503891035914421,-0.024856070056557655,unknown
uav_2,data\uav_dataset_color_mild_clean\train\uav_2\az090_el-25_noon_clear_operational_v00.jpg,-0.076915442943573,-0.024856070056557655,unknown
uav_2,data\uav_dataset_color_mild_clean\train\uav_2\az090_el-45_dusk_operational_v00.jpg,-0.09539798647165298,-0.024856070056557655,unknown
uav_2,data\uav_dataset_color_mild_clean\train\uav_2\az090_el-45_morning_operational_v00.jpg,-0.08639156818389893,-0.024856070056557655,unknown
uav_2,data\uav_dataset_color_mild_clean\train\uav_2\az090_el-45_noon_clear_operational_v00.jpg,-0.061972662806510925,-0.024856070056557655,unknown
uav_2,data\uav_dataset_color_mild_clean\train\uav_2\az090_el-65_dusk_operational_v00.jpg,-0.09253473579883575,-0.024856070056557655,unknown
uav_2,data\uav_dataset_color_mild_clean\train\uav_2\az090_el-65_morning_operational_v00.jpg,-0.07089684903621674,-0.024856070056557655,unknown
uav_2,data\uav_dataset_color_mild_clean\train\uav_2\az090_el-65_noon_clear_operational_v00.jpg,-0.11932690441608429,-0.024856070056557655,unknown
uav_2,data\uav_dataset_color_mild_clean\train\uav_2\az135_el-10_dusk_operational_v00.jpg,-0.08109883964061737,-0.024856070056557655,unknown
uav_2,data\uav_dataset_color_mild_clean\train\uav_2\az135_el-10_morning_operational_v00.jpg,-0.10214494913816452,-0.024856070056557655,unknown
uav_2,data\uav_dataset_color_mild_clean\train\uav_2\az135_el-10_noon_clear_operational_v00.jpg,-0.08418214321136475,-0.024856070056557655,unknown
uav_2,data\uav_dataset_color_mild_clean\train\uav_2\az135_el-25_dusk_operational_v00.jpg,-0.07507581263780594,-0.024856070056557655,unknown
uav_2,data\uav_dataset_color_mild_clean\train\uav_2\az135_el-25_morning_operational_v00.jpg,-0.09258689731359482,-0.024856070056557655,unknown
uav_2,data\uav_dataset_color_mild_clean\train\uav_2\az135_el-25_noon_clear_operational_v00.jpg,-0.07883217930793762,-0.024856070056557655,unknown
uav_2,data\uav_dataset_color_mild_clean\train\uav_2\az135_el-45_dusk_operational_v00.jpg,-0.07264405488967896,-0.024856070056557655,unknown
uav_2,data\uav_dataset_color_mild_clean\train\uav_2\az135_el-45_morning_operational_v00.jpg,-0.08775864541530609,-0.024856070056557655,unknown
uav_2,data\uav_dataset_color_mild_clean\train\uav_2\az135_el-45_noon_clear_operational_v00.jpg,-0.12041391432285309,-0.024856070056557655,unknown
uav_2,data\uav_dataset_color_mild_clean\train\uav_2\az135_el-65_dusk_operational_v00.jpg,-0.10563921183347702,-0.024856070056557655,unknown
uav_2,data\uav_dataset_color_mild_clean\train\uav_2\az135_el-65_morning_operational_v00.jpg,-0.08831967413425446,-0.024856070056557655,unknown
uav_2,data\uav_dataset_color_mild_clean\train\uav_2\az135_el-65_noon_clear_operational_v00.jpg,-0.12882846593856812,-0.024856070056557655,unknown
uav_2,data\uav_dataset_color_mild_clean\train\uav_2\az180_el-10_dusk_operational_v00.jpg,-0.03978157043457031,-0.024856070056557655,unknown
uav_2,data\uav_dataset_color_mild_clean\train\uav_2\az180_el-10_morning_operational_v00.jpg,-0.10187263786792755,-0.024856070056557655,unknown
uav_2,data\uav_dataset_color_mild_clean\train\uav_2\az180_el-10_noon_clear_operational_v00.jpg,-0.13290902972221375,-0.024856070056557655,unknown
uav_2,data\uav_dataset_color_mild_clean\train\uav_2\az180_el-25_dusk_operational_v00.jpg,-0.08979006856679916,-0.024856070056557655,unknown
uav_2,data\uav_dataset_color_mild_clean\train\uav_2\az180_el-25_morning_operational_v00.jpg,-0.1417354941368103,-0.024856070056557655,unknown
uav_2,data\uav_dataset_color_mild_clean\train\uav_2\az180_el-25_noon_clear_operational_v00.jpg,-0.11876070499420166,-0.024856070056557655,unknown
uav_2,data\uav_dataset_color_mild_clean\train\uav_2\az180_el-45_dusk_operational_v00.jpg,-0.07398313283920288,-0.024856070056557655,unknown
uav_2,data\uav_dataset_color_mild_clean\train\uav_2\az180_el-45_morning_operational_v00.jpg,-0.08061426877975464,-0.024856070056557655,unknown
uav_2,data\uav_dataset_color_mild_clean\train\uav_2\az180_el-45_noon_clear_operational_v00.jpg,-0.03554810211062431,-0.024856070056557655,unknown
uav_2,data\uav_dataset_color_mild_clean\train\uav_2\az180_el-65_dusk_operational_v00.jpg,-0.10234852880239487,-0.024856070056557655,unknown
uav_2,data\uav_dataset_color_mild_clean\train\uav_2\az180_el-65_morning_operational_v00.jpg,-0.12552501261234283,-0.024856070056557655,unknown
uav_2,data\uav_dataset_color_mild_clean\train\uav_2\az180_el-65_noon_clear_operational_v00.jpg,-0.08007287979125977,-0.024856070056557655,unknown
uav_2,data\uav_dataset_color_mild_clean\train\uav_2\az225_el-10_dusk_operational_v00.jpg,-0.0604340136051178,-0.024856070056557655,unknown
uav_2,data\uav_dataset_color_mild_clean\train\uav_2\az225_el-10_morning_operational_v00.jpg,-0.1290624886751175,-0.024856070056557655,unknown
uav_2,data\uav_dataset_color_mild_clean\train\uav_2\az225_el-10_noon_clear_operational_v00.jpg,-0.05549159273505211,-0.024856070056557655,unknown
uav_2,data\uav_dataset_color_mild_clean\train\uav_2\az225_el-25_dusk_operational_v00.jpg,-0.08414941281080246,-0.024856070056557655,unknown
uav_2,data\uav_dataset_color_mild_clean\train\uav_2\az225_el-25_morning_operational_v00.jpg,-0.1349523365497589,-0.024856070056557655,unknown
uav_2,data\uav_dataset_color_mild_clean\train\uav_2\az225_el-25_noon_clear_operational_v00.jpg,-0.09471254050731659,-0.024856070056557655,unknown
uav_2,data\uav_dataset_color_mild_clean\train\uav_2\az225_el-45_dusk_operational_v00.jpg,-0.11949428170919418,-0.024856070056557655,unknown
uav_2,data\uav_dataset_color_mild_clean\train\uav_2\az225_el-45_morning_operational_v00.jpg,-0.11350279301404953,-0.024856070056557655,unknown
uav_2,data\uav_dataset_color_mild_clean\train\uav_2\az225_el-45_noon_clear_operational_v00.jpg,-0.06203489750623703,-0.024856070056557655,unknown
uav_2,data\uav_dataset_color_mild_clean\train\uav_2\az225_el-65_dusk_operational_v00.jpg,-0.10514786839485168,-0.024856070056557655,unknown
uav_2,data\uav_dataset_color_mild_clean\train\uav_2\az225_el-65_morning_operational_v00.jpg,-0.11434520781040192,-0.024856070056557655,unknown
uav_2,data\uav_dataset_color_mild_clean\train\uav_2\az225_el-65_noon_clear_operational_v00.jpg,-0.12101361155509949,-0.024856070056557655,unknown
uav_2,data\uav_dataset_color_mild_clean\train\uav_2\az270_el-10_dusk_operational_v00.jpg,-0.09883227944374084,-0.024856070056557655,unknown
uav_2,data\uav_dataset_color_mild_clean\train\uav_2\az270_el-10_morning_operational_v00.jpg,-0.064716637134552,-0.024856070056557655,unknown
uav_2,data\uav_dataset_color_mild_clean\train\uav_2\az270_el-10_noon_clear_operational_v00.jpg,-0.11311347782611847,-0.024856070056557655,unknown
uav_2,data\uav_dataset_color_mild_clean\train\uav_2\az270_el-25_dusk_operational_v00.jpg,-0.1026269719004631,-0.024856070056557655,unknown
uav_2,data\uav_dataset_color_mild_clean\train\uav_2\az270_el-25_morning_operational_v00.jpg,-0.10440884530544281,-0.024856070056557655,unknown
uav_2,data\uav_dataset_color_mild_clean\train\uav_2\az270_el-25_noon_clear_operational_v00.jpg,-0.09843901544809341,-0.024856070056557655,unknown
uav_2,data\uav_dataset_color_mild_clean\train\uav_2\az270_el-45_dusk_operational_v00.jpg,-0.11722647398710251,-0.024856070056557655,unknown
uav_2,data\uav_dataset_color_mild_clean\train\uav_2\az270_el-45_morning_operational_v00.jpg,-0.11224420368671417,-0.024856070056557655,unknown
uav_2,data\uav_dataset_color_mild_clean\train\uav_2\az270_el-45_noon_clear_operational_v00.jpg,-0.015481795184314251,-0.024856070056557655,unknown
uav_2,data\uav_dataset_color_mild_clean\train\uav_2\az270_el-65_dusk_operational_v00.jpg,-0.1078093871474266,-0.024856070056557655,unknown
uav_2,data\uav_dataset_color_mild_clean\train\uav_2\az270_el-65_morning_operational_v00.jpg,-0.0325540229678154,-0.024856070056557655,unknown
uav_2,data\uav_dataset_color_mild_clean\train\uav_2\az270_el-65_noon_clear_operational_v00.jpg,-0.07921982556581497,-0.024856070056557655,unknown
uav_2,data\uav_dataset_color_mild_clean\train\uav_2\az315_el-10_dusk_operational_v00.jpg,-0.08530972898006439,-0.024856070056557655,unknown
uav_2,data\uav_dataset_color_mild_clean\train\uav_2\az315_el-10_morning_operational_v00.jpg,-0.09826946258544922,-0.024856070056557655,unknown
uav_2,data\uav_dataset_color_mild_clean\train\uav_2\az315_el-10_noon_clear_operational_v00.jpg,-0.09209051728248596,-0.024856070056557655,unknown
uav_2,data\uav_dataset_color_mild_clean\train\uav_2\az315_el-25_dusk_operational_v00.jpg,-0.10770143568515778,-0.024856070056557655,unknown
uav_2,data\uav_dataset_color_mild_clean\train\uav_2\az315_el-25_morning_operational_v00.jpg,-0.07830069214105606,-0.024856070056557655,unknown
uav_2,data\uav_dataset_color_mild_clean\train\uav_2\az315_el-25_noon_clear_operational_v00.jpg,-0.07231651991605759,-0.024856070056557655,unknown
uav_2,data\uav_dataset_color_mild_clean\train\uav_2\az315_el-45_dusk_operational_v00.jpg,-0.10946747660636902,-0.024856070056557655,unknown
uav_2,data\uav_dataset_color_mild_clean\train\uav_2\az315_el-45_morning_operational_v00.jpg,-0.07598134875297546,-0.024856070056557655,unknown
uav_2,data\uav_dataset_color_mild_clean\train\uav_2\az315_el-45_noon_clear_operational_v00.jpg,-0.0588231086730957,-0.024856070056557655,unknown
uav_2,data\uav_dataset_color_mild_clean\train\uav_2\az315_el-65_dusk_operational_v00.jpg,-0.1361583173274994,-0.024856070056557655,unknown
uav_2,data\uav_dataset_color_mild_clean\train\uav_2\az315_el-65_morning_operational_v00.jpg,-0.08365290611982346,-0.024856070056557655,unknown
uav_2,data\uav_dataset_color_mild_clean\train\uav_2\az315_el-65_noon_clear_operational_v00.jpg,-0.05667216330766678,-0.024856070056557655,unknown
uav_bl,data\uav_dataset_color_mild_clean\train\uav_bl\az000_el-10_dusk_operational_v00.jpg,-0.22027626633644104,-0.0027444548904895782,unknown
uav_bl,data\uav_dataset_color_mild_clean\train\uav_bl\az000_el-10_morning_operational_v00.jpg,-0.185440331697464,-0.0027444548904895782,unknown
uav_bl,data\uav_dataset_color_mild_clean\train\uav_bl\az000_el-10_noon_clear_operational_v00.jpg,-0.11628900468349457,-0.0027444548904895782,unknown
uav_bl,data\uav_dataset_color_mild_clean\train\uav_bl\az000_el-25_dusk_operational_v00.jpg,-0.12095891684293747,-0.0027444548904895782,unknown
uav_bl,data\uav_dataset_color_mild_clean\train\uav_bl\az000_el-25_morning_operational_v00.jpg,-0.07843989878892899,-0.0027444548904895782,unknown
uav_bl,data\uav_dataset_color_mild_clean\train\uav_bl\az000_el-25_noon_clear_operational_v00.jpg,-0.05806289613246918,-0.0027444548904895782,unknown
uav_bl,data\uav_dataset_color_mild_clean\train\uav_bl\az000_el-45_dusk_operational_v00.jpg,-0.07307544350624084,-0.0027444548904895782,unknown
uav_bl,data\uav_dataset_color_mild_clean\train\uav_bl\az000_el-45_morning_operational_v00.jpg,-0.14517123997211456,-0.0027444548904895782,unknown
uav_bl,data\uav_dataset_color_mild_clean\train\uav_bl\az000_el-45_noon_clear_operational_v00.jpg,-0.030585315078496933,-0.0027444548904895782,unknown
uav_bl,data\uav_dataset_color_mild_clean\train\uav_bl\az000_el-65_dusk_operational_v00.jpg,0.0069690607488155365,-0.0027444548904895782,unknown
uav_bl,data\uav_dataset_color_mild_clean\train\uav_bl\az000_el-65_morning_operational_v00.jpg,-0.06643091142177582,-0.0027444548904895782,unknown
uav_bl,data\uav_dataset_color_mild_clean\train\uav_bl\az000_el-65_noon_clear_operational_v00.jpg,-0.09748636931180954,-0.0027444548904895782,unknown
uav_bl,data\uav_dataset_color_mild_clean\train\uav_bl\az045_el-10_dusk_operational_v00.jpg,-0.13121116161346436,-0.0027444548904895782,unknown
uav_bl,data\uav_dataset_color_mild_clean\train\uav_bl\az045_el-10_morning_operational_v00.jpg,-0.01902078092098236,-0.0027444548904895782,unknown
uav_bl,data\uav_dataset_color_mild_clean\train\uav_bl\az045_el-10_noon_clear_operational_v00.jpg,-0.02848132699728012,-0.0027444548904895782,unknown
uav_bl,data\uav_dataset_color_mild_clean\train\uav_bl\az045_el-25_dusk_operational_v00.jpg,-0.09479115903377533,-0.0027444548904895782,unknown
uav_bl,data\uav_dataset_color_mild_clean\train\uav_bl\az045_el-25_morning_operational_v00.jpg,-0.04536592960357666,-0.0027444548904895782,unknown
uav_bl,data\uav_dataset_color_mild_clean\train\uav_bl\az045_el-25_noon_clear_operational_v00.jpg,-0.021690841764211655,-0.0027444548904895782,unknown
uav_bl,data\uav_dataset_color_mild_clean\train\uav_bl\az045_el-45_dusk_operational_v00.jpg,-0.07222621142864227,-0.0027444548904895782,unknown
uav_bl,data\uav_dataset_color_mild_clean\train\uav_bl\az045_el-45_morning_operational_v00.jpg,-0.050306838005781174,-0.0027444548904895782,unknown
uav_bl,data\uav_dataset_color_mild_clean\train\uav_bl\az045_el-45_noon_clear_operational_v00.jpg,-0.022024478763341904,-0.0027444548904895782,unknown
uav_bl,data\uav_dataset_color_mild_clean\train\uav_bl\az045_el-65_dusk_operational_v00.jpg,-0.07614476978778839,-0.0027444548904895782,unknown
uav_bl,data\uav_dataset_color_mild_clean\train\uav_bl\az045_el-65_morning_operational_v00.jpg,-0.06809619069099426,-0.0027444548904895782,unknown
uav_bl,data\uav_dataset_color_mild_clean\train\uav_bl\az045_el-65_noon_clear_operational_v00.jpg,-0.07018489390611649,-0.0027444548904895782,unknown
uav_bl,data\uav_dataset_color_mild_clean\train\uav_bl\az090_el-10_dusk_operational_v00.jpg,-0.11828755587339401,-0.0027444548904895782,unknown
uav_bl,data\uav_dataset_color_mild_clean\train\uav_bl\az090_el-10_morning_operational_v00.jpg,-0.07603056728839874,-0.0027444548904895782,unknown
uav_bl,data\uav_dataset_color_mild_clean\train\uav_bl\az090_el-10_noon_clear_operational_v00.jpg,-0.1563815176486969,-0.0027444548904895782,unknown
uav_bl,data\uav_dataset_color_mild_clean\train\uav_bl\az090_el-25_dusk_operational_v00.jpg,-0.0903734415769577,-0.0027444548904895782,unknown
uav_bl,data\uav_dataset_color_mild_clean\train\uav_bl\az090_el-25_morning_operational_v00.jpg,-0.1853409856557846,-0.0027444548904895782,unknown
uav_bl,data\uav_dataset_color_mild_clean\train\uav_bl\az090_el-25_noon_clear_operational_v00.jpg,-0.004327591508626938,-0.0027444548904895782,unknown
uav_bl,data\uav_dataset_color_mild_clean\train\uav_bl\az090_el-45_dusk_operational_v00.jpg,-0.0475732684135437,-0.0027444548904895782,unknown
uav_bl,data\uav_dataset_color_mild_clean\train\uav_bl\az090_el-45_morning_operational_v00.jpg,-0.06042790040373802,-0.0027444548904895782,unknown
uav_bl,data\uav_dataset_color_mild_clean\train\uav_bl\az090_el-45_noon_clear_operational_v00.jpg,-0.06104935705661774,-0.0027444548904895782,unknown
uav_bl,data\uav_dataset_color_mild_clean\train\uav_bl\az090_el-65_dusk_operational_v00.jpg,-0.0526290163397789,-0.0027444548904895782,unknown
uav_bl,data\uav_dataset_color_mild_clean\train\uav_bl\az090_el-65_morning_operational_v00.jpg,-0.06508474797010422,-0.0027444548904895782,unknown
uav_bl,data\uav_dataset_color_mild_clean\train\uav_bl\az090_el-65_noon_clear_operational_v00.jpg,-0.047471579164266586,-0.0027444548904895782,unknown
uav_bl,data\uav_dataset_color_mild_clean\train\uav_bl\az135_el-10_dusk_operational_v00.jpg,-0.06928431987762451,-0.0027444548904895782,unknown
uav_bl,data\uav_dataset_color_mild_clean\train\uav_bl\az135_el-10_morning_operational_v00.jpg,-0.09587962925434113,-0.0027444548904895782,unknown
uav_bl,data\uav_dataset_color_mild_clean\train\uav_bl\az135_el-10_noon_clear_operational_v00.jpg,-0.08003585040569305,-0.0027444548904895782,unknown
uav_bl,data\uav_dataset_color_mild_clean\train\uav_bl\az135_el-25_dusk_operational_v00.jpg,-0.09731380641460419,-0.0027444548904895782,unknown
uav_bl,data\uav_dataset_color_mild_clean\train\uav_bl\az135_el-25_morning_operational_v00.jpg,-0.08579306304454803,-0.0027444548904895782,unknown
uav_bl,data\uav_dataset_color_mild_clean\train\uav_bl\az135_el-25_noon_clear_operational_v00.jpg,-0.020925406366586685,-0.0027444548904895782,unknown
uav_bl,data\uav_dataset_color_mild_clean\train\uav_bl\az135_el-45_dusk_operational_v00.jpg,-0.0990852564573288,-0.0027444548904895782,unknown
uav_bl,data\uav_dataset_color_mild_clean\train\uav_bl\az135_el-45_morning_operational_v00.jpg,-0.05048742890357971,-0.0027444548904895782,unknown
uav_bl,data\uav_dataset_color_mild_clean\train\uav_bl\az135_el-45_noon_clear_operational_v00.jpg,-0.07560914009809494,-0.0027444548904895782,unknown
uav_bl,data\uav_dataset_color_mild_clean\train\uav_bl\az135_el-65_dusk_operational_v00.jpg,-0.06276240944862366,-0.0027444548904895782,unknown
uav_bl,data\uav_dataset_color_mild_clean\train\uav_bl\az135_el-65_morning_operational_v00.jpg,-0.08560403436422348,-0.0027444548904895782,unknown
uav_bl,data\uav_dataset_color_mild_clean\train\uav_bl\az135_el-65_noon_clear_operational_v00.jpg,-0.1026090756058693,-0.0027444548904895782,unknown
uav_bl,data\uav_dataset_color_mild_clean\train\uav_bl\az180_el-10_dusk_operational_v00.jpg,-0.12006933242082596,-0.0027444548904895782,unknown
uav_bl,data\uav_dataset_color_mild_clean\train\uav_bl\az180_el-10_morning_operational_v00.jpg,-0.11676786094903946,-0.0027444548904895782,unknown
uav_bl,data\uav_dataset_color_mild_clean\train\uav_bl\az180_el-10_noon_clear_operational_v00.jpg,-0.2290562093257904,-0.0027444548904895782,unknown
uav_bl,data\uav_dataset_color_mild_clean\train\uav_bl\az180_el-25_dusk_operational_v00.jpg,-0.2305457592010498,-0.0027444548904895782,unknown
uav_bl,data\uav_dataset_color_mild_clean\train\uav_bl\az180_el-25_morning_operational_v00.jpg,-0.009625319391489029,-0.0027444548904895782,unknown
uav_bl,data\uav_dataset_color_mild_clean\train\uav_bl\az180_el-25_noon_clear_operational_v00.jpg,0.002978503704071045,-0.0027444548904895782,unknown
uav_bl,data\uav_dataset_color_mild_clean\train\uav_bl\az180_el-45_dusk_operational_v00.jpg,-0.14644241333007812,-0.0027444548904895782,unknown
uav_bl,data\uav_dataset_color_mild_clean\train\uav_bl\az180_el-45_morning_operational_v00.jpg,-0.11959975212812424,-0.0027444548904895782,unknown
uav_bl,data\uav_dataset_color_mild_clean\train\uav_bl\az180_el-45_noon_clear_operational_v00.jpg,-0.009716928005218506,-0.0027444548904895782,unknown
uav_bl,data\uav_dataset_color_mild_clean\train\uav_bl\az180_el-65_dusk_operational_v00.jpg,-0.029461033642292023,-0.0027444548904895782,unknown
uav_bl,data\uav_dataset_color_mild_clean\train\uav_bl\az180_el-65_morning_operational_v00.jpg,-0.1320118010044098,-0.0027444548904895782,unknown
uav_bl,data\uav_dataset_color_mild_clean\train\uav_bl\az180_el-65_noon_clear_operational_v00.jpg,-0.09267368912696838,-0.0027444548904895782,unknown
uav_bl,data\uav_dataset_color_mild_clean\train\uav_bl\az225_el-10_dusk_operational_v00.jpg,-0.04466450959444046,-0.0027444548904895782,unknown
uav_bl,data\uav_dataset_color_mild_clean\train\uav_bl\az225_el-10_morning_operational_v00.jpg,-0.19459033012390137,-0.0027444548904895782,unknown
uav_bl,data\uav_dataset_color_mild_clean\train\uav_bl\az225_el-10_noon_clear_operational_v00.jpg,-0.11966311931610107,-0.0027444548904895782,unknown
uav_bl,data\uav_dataset_color_mild_clean\train\uav_bl\az225_el-25_dusk_operational_v00.jpg,-0.06027131527662277,-0.0027444548904895782,unknown
uav_bl,data\uav_dataset_color_mild_clean\train\uav_bl\az225_el-25_morning_operational_v00.jpg,-0.11654184013605118,-0.0027444548904895782,unknown
uav_bl,data\uav_dataset_color_mild_clean\train\uav_bl\az225_el-25_noon_clear_operational_v00.jpg,-0.06969889253377914,-0.0027444548904895782,unknown
uav_bl,data\uav_dataset_color_mild_clean\train\uav_bl\az225_el-45_dusk_operational_v00.jpg,-0.10517173260450363,-0.0027444548904895782,unknown
uav_bl,data\uav_dataset_color_mild_clean\train\uav_bl\az225_el-45_morning_operational_v00.jpg,-0.0976366251707077,-0.0027444548904895782,unknown
uav_bl,data\uav_dataset_color_mild_clean\train\uav_bl\az225_el-45_noon_clear_operational_v00.jpg,-0.04874482750892639,-0.0027444548904895782,unknown
uav_bl,data\uav_dataset_color_mild_clean\train\uav_bl\az225_el-65_dusk_operational_v00.jpg,-0.093831866979599,-0.0027444548904895782,unknown
uav_bl,data\uav_dataset_color_mild_clean\train\uav_bl\az225_el-65_morning_operational_v00.jpg,-0.09465744346380234,-0.0027444548904895782,unknown
uav_bl,data\uav_dataset_color_mild_clean\train\uav_bl\az225_el-65_noon_clear_operational_v00.jpg,-0.12933534383773804,-0.0027444548904895782,unknown
uav_bl,data\uav_dataset_color_mild_clean\train\uav_bl\az270_el-10_dusk_operational_v00.jpg,-0.19503095746040344,-0.0027444548904895782,unknown
uav_bl,data\uav_dataset_color_mild_clean\train\uav_bl\az270_el-10_morning_operational_v00.jpg,-0.15796324610710144,-0.0027444548904895782,unknown
uav_bl,data\uav_dataset_color_mild_clean\train\uav_bl\az270_el-10_noon_clear_operational_v00.jpg,-0.12224362790584564,-0.0027444548904895782,unknown
uav_bl,data\uav_dataset_color_mild_clean\train\uav_bl\az270_el-25_dusk_operational_v00.jpg,-0.021834086626768112,-0.0027444548904895782,unknown
uav_bl,data\uav_dataset_color_mild_clean\train\uav_bl\az270_el-25_morning_operational_v00.jpg,-0.07098923623561859,-0.0027444548904895782,unknown
uav_bl,data\uav_dataset_color_mild_clean\train\uav_bl\az270_el-25_noon_clear_operational_v00.jpg,-0.1550818383693695,-0.0027444548904895782,unknown
uav_bl,data\uav_dataset_color_mild_clean\train\uav_bl\az270_el-45_dusk_operational_v00.jpg,-0.20696218311786652,-0.0027444548904895782,unknown
uav_bl,data\uav_dataset_color_mild_clean\train\uav_bl\az270_el-45_morning_operational_v00.jpg,-0.06109883263707161,-0.0027444548904895782,unknown
uav_bl,data\uav_dataset_color_mild_clean\train\uav_bl\az270_el-45_noon_clear_operational_v00.jpg,-0.05729679390788078,-0.0027444548904895782,unknown
uav_bl,data\uav_dataset_color_mild_clean\train\uav_bl\az270_el-65_dusk_operational_v00.jpg,-0.0963955968618393,-0.0027444548904895782,unknown
uav_bl,data\uav_dataset_color_mild_clean\train\uav_bl\az270_el-65_morning_operational_v00.jpg,-0.07087747752666473,-0.0027444548904895782,unknown
uav_bl,data\uav_dataset_color_mild_clean\train\uav_bl\az270_el-65_noon_clear_operational_v00.jpg,-0.04354659467935562,-0.0027444548904895782,unknown
uav_bl,data\uav_dataset_color_mild_clean\train\uav_bl\az315_el-10_dusk_operational_v00.jpg,-0.04659876972436905,-0.0027444548904895782,unknown
uav_bl,data\uav_dataset_color_mild_clean\train\uav_bl\az315_el-10_morning_operational_v00.jpg,-0.11507642269134521,-0.0027444548904895782,unknown
uav_bl,data\uav_dataset_color_mild_clean\train\uav_bl\az315_el-10_noon_clear_operational_v00.jpg,-0.03256548196077347,-0.0027444548904895782,unknown
uav_bl,data\uav_dataset_color_mild_clean\train\uav_bl\az315_el-25_dusk_operational_v00.jpg,-0.21271386742591858,-0.0027444548904895782,unknown
uav_bl,data\uav_dataset_color_mild_clean\train\uav_bl\az315_el-25_morning_operational_v00.jpg,-0.010546393692493439,-0.0027444548904895782,unknown
uav_bl,data\uav_dataset_color_mild_clean\train\uav_bl\az315_el-25_noon_clear_operational_v00.jpg,-0.019364848732948303,-0.0027444548904895782,unknown
uav_bl,data\uav_dataset_color_mild_clean\train\uav_bl\az315_el-45_dusk_operational_v00.jpg,-0.08068116009235382,-0.0027444548904895782,unknown
uav_bl,data\uav_dataset_color_mild_clean\train\uav_bl\az315_el-45_morning_operational_v00.jpg,-0.05184533819556236,-0.0027444548904895782,unknown
uav_bl,data\uav_dataset_color_mild_clean\train\uav_bl\az315_el-45_noon_clear_operational_v00.jpg,-0.07784891128540039,-0.0027444548904895782,unknown
uav_bl,data\uav_dataset_color_mild_clean\train\uav_bl\az315_el-65_dusk_operational_v00.jpg,-0.08656904846429825,-0.0027444548904895782,unknown
uav_bl,data\uav_dataset_color_mild_clean\train\uav_bl\az315_el-65_morning_operational_v00.jpg,-0.11930126696825027,-0.0027444548904895782,unknown
uav_bl,data\uav_dataset_color_mild_clean\train\uav_bl\az315_el-65_noon_clear_operational_v00.jpg,-0.07345015555620193,-0.0027444548904895782,unknown
uav_low_poly,data\uav_dataset_color_mild_clean\train\uav_low_poly\az000_el-10_dusk_operational_v00.jpg,-0.14021076261997223,-0.05712892487645149,unknown
uav_low_poly,data\uav_dataset_color_mild_clean\train\uav_low_poly\az000_el-10_morning_operational_v00.jpg,-0.061075665056705475,-0.05712892487645149,unknown
uav_low_poly,data\uav_dataset_color_mild_clean\train\uav_low_poly\az000_el-10_noon_clear_operational_v00.jpg,-0.03802406042814255,-0.05712892487645149,unknown
uav_low_poly,data\uav_dataset_color_mild_clean\train\uav_low_poly\az000_el-25_dusk_operational_v00.jpg,-0.21834781765937805,-0.05712892487645149,unknown
uav_low_poly,data\uav_dataset_color_mild_clean\train\uav_low_poly\az000_el-25_morning_operational_v00.jpg,-0.2263629138469696,-0.05712892487645149,unknown
uav_low_poly,data\uav_dataset_color_mild_clean\train\uav_low_poly\az000_el-25_noon_clear_operational_v00.jpg,-0.16126346588134766,-0.05712892487645149,unknown
uav_low_poly,data\uav_dataset_color_mild_clean\train\uav_low_poly\az000_el-45_dusk_operational_v00.jpg,-0.10463230311870575,-0.05712892487645149,unknown
uav_low_poly,data\uav_dataset_color_mild_clean\train\uav_low_poly\az000_el-45_morning_operational_v00.jpg,-0.19525215029716492,-0.05712892487645149,unknown
uav_low_poly,data\uav_dataset_color_mild_clean\train\uav_low_poly\az000_el-45_noon_clear_operational_v00.jpg,-0.10592688620090485,-0.05712892487645149,unknown
uav_low_poly,data\uav_dataset_color_mild_clean\train\uav_low_poly\az000_el-65_dusk_operational_v00.jpg,-0.14281901717185974,-0.05712892487645149,unknown
uav_low_poly,data\uav_dataset_color_mild_clean\train\uav_low_poly\az000_el-65_morning_operational_v00.jpg,-0.1864277720451355,-0.05712892487645149,unknown
uav_low_poly,data\uav_dataset_color_mild_clean\train\uav_low_poly\az000_el-65_noon_clear_operational_v00.jpg,-0.2291819155216217,-0.05712892487645149,unknown
uav_low_poly,data\uav_dataset_color_mild_clean\train\uav_low_poly\az045_el-10_dusk_operational_v00.jpg,-0.2224302589893341,-0.05712892487645149,unknown
uav_low_poly,data\uav_dataset_color_mild_clean\train\uav_low_poly\az045_el-10_morning_operational_v00.jpg,-0.16499607264995575,-0.05712892487645149,unknown
uav_low_poly,data\uav_dataset_color_mild_clean\train\uav_low_poly\az045_el-10_noon_clear_operational_v00.jpg,-0.1167033240199089,-0.05712892487645149,unknown
uav_low_poly,data\uav_dataset_color_mild_clean\train\uav_low_poly\az045_el-25_dusk_operational_v00.jpg,-0.2284458577632904,-0.05712892487645149,unknown
uav_low_poly,data\uav_dataset_color_mild_clean\train\uav_low_poly\az045_el-25_morning_operational_v00.jpg,-0.24411627650260925,-0.05712892487645149,unknown
uav_low_poly,data\uav_dataset_color_mild_clean\train\uav_low_poly\az045_el-25_noon_clear_operational_v00.jpg,-0.13784687221050262,-0.05712892487645149,unknown
uav_low_poly,data\uav_dataset_color_mild_clean\train\uav_low_poly\az045_el-45_dusk_operational_v00.jpg,-0.1411554515361786,-0.05712892487645149,unknown
uav_low_poly,data\uav_dataset_color_mild_clean\train\uav_low_poly\az045_el-45_morning_operational_v00.jpg,-0.18198665976524353,-0.05712892487645149,unknown
uav_low_poly,data\uav_dataset_color_mild_clean\train\uav_low_poly\az045_el-45_noon_clear_operational_v00.jpg,-0.1593456119298935,-0.05712892487645149,unknown
uav_low_poly,data\uav_dataset_color_mild_clean\train\uav_low_poly\az045_el-65_dusk_operational_v00.jpg,-0.23932123184204102,-0.05712892487645149,unknown
uav_low_poly,data\uav_dataset_color_mild_clean\train\uav_low_poly\az045_el-65_morning_operational_v00.jpg,-0.16078084707260132,-0.05712892487645149,unknown
uav_low_poly,data\uav_dataset_color_mild_clean\train\uav_low_poly\az045_el-65_noon_clear_operational_v00.jpg,-0.17588850855827332,-0.05712892487645149,unknown
uav_low_poly,data\uav_dataset_color_mild_clean\train\uav_low_poly\az090_el-10_dusk_operational_v00.jpg,-0.24604752659797668,-0.05712892487645149,unknown
uav_low_poly,data\uav_dataset_color_mild_clean\train\uav_low_poly\az090_el-10_morning_operational_v00.jpg,-0.15158146619796753,-0.05712892487645149,unknown
uav_low_poly,data\uav_dataset_color_mild_clean\train\uav_low_poly\az090_el-10_noon_clear_operational_v00.jpg,-0.21833762526512146,-0.05712892487645149,unknown
uav_low_poly,data\uav_dataset_color_mild_clean\train\uav_low_poly\az090_el-25_dusk_operational_v00.jpg,-0.17789846658706665,-0.05712892487645149,unknown
uav_low_poly,data\uav_dataset_color_mild_clean\train\uav_low_poly\az090_el-25_morning_operational_v00.jpg,-0.10423991084098816,-0.05712892487645149,unknown
uav_low_poly,data\uav_dataset_color_mild_clean\train\uav_low_poly\az090_el-25_noon_clear_operational_v00.jpg,-0.19656236469745636,-0.05712892487645149,unknown
uav_low_poly,data\uav_dataset_color_mild_clean\train\uav_low_poly\az090_el-45_dusk_operational_v00.jpg,-0.1907714605331421,-0.05712892487645149,unknown
uav_low_poly,data\uav_dataset_color_mild_clean\train\uav_low_poly\az090_el-45_morning_operational_v00.jpg,-0.14693015813827515,-0.05712892487645149,unknown
uav_low_poly,data\uav_dataset_color_mild_clean\train\uav_low_poly\az090_el-45_noon_clear_operational_v00.jpg,-0.1541503667831421,-0.05712892487645149,unknown
uav_low_poly,data\uav_dataset_color_mild_clean\train\uav_low_poly\az090_el-65_dusk_operational_v00.jpg,-0.20976340770721436,-0.05712892487645149,unknown
uav_low_poly,data\uav_dataset_color_mild_clean\train\uav_low_poly\az090_el-65_morning_operational_v00.jpg,-0.1892155408859253,-0.05712892487645149,unknown
uav_low_poly,data\uav_dataset_color_mild_clean\train\uav_low_poly\az090_el-65_noon_clear_operational_v00.jpg,-0.09283947199583054,-0.05712892487645149,unknown
uav_low_poly,data\uav_dataset_color_mild_clean\train\uav_low_poly\az135_el-10_dusk_operational_v00.jpg,-0.24327179789543152,-0.05712892487645149,unknown
uav_low_poly,data\uav_dataset_color_mild_clean\train\uav_low_poly\az135_el-10_morning_operational_v00.jpg,-0.18703627586364746,-0.05712892487645149,unknown
uav_low_poly,data\uav_dataset_color_mild_clean\train\uav_low_poly\az135_el-10_noon_clear_operational_v00.jpg,-0.15168771147727966,-0.05712892487645149,unknown
uav_low_poly,data\uav_dataset_color_mild_clean\train\uav_low_poly\az135_el-25_dusk_operational_v00.jpg,-0.21029821038246155,-0.05712892487645149,unknown
uav_low_poly,data\uav_dataset_color_mild_clean\train\uav_low_poly\az135_el-25_morning_operational_v00.jpg,-0.1648634970188141,-0.05712892487645149,unknown
uav_low_poly,data\uav_dataset_color_mild_clean\train\uav_low_poly\az135_el-25_noon_clear_operational_v00.jpg,-0.2193470150232315,-0.05712892487645149,unknown
uav_low_poly,data\uav_dataset_color_mild_clean\train\uav_low_poly\az135_el-45_dusk_operational_v00.jpg,-0.11296610534191132,-0.05712892487645149,unknown
uav_low_poly,data\uav_dataset_color_mild_clean\train\uav_low_poly\az135_el-45_morning_operational_v00.jpg,-0.14824628829956055,-0.05712892487645149,unknown
uav_low_poly,data\uav_dataset_color_mild_clean\train\uav_low_poly\az135_el-45_noon_clear_operational_v00.jpg,-0.1622987687587738,-0.05712892487645149,unknown
uav_low_poly,data\uav_dataset_color_mild_clean\train\uav_low_poly\az135_el-65_dusk_operational_v00.jpg,-0.1384212076663971,-0.05712892487645149,unknown
uav_low_poly,data\uav_dataset_color_mild_clean\train\uav_low_poly\az135_el-65_morning_operational_v00.jpg,-0.15638978779315948,-0.05712892487645149,unknown
uav_low_poly,data\uav_dataset_color_mild_clean\train\uav_low_poly\az135_el-65_noon_clear_operational_v00.jpg,-0.069361113011837,-0.05712892487645149,unknown
uav_low_poly,data\uav_dataset_color_mild_clean\train\uav_low_poly\az180_el-10_dusk_operational_v00.jpg,-0.22600793838500977,-0.05712892487645149,unknown
uav_low_poly,data\uav_dataset_color_mild_clean\train\uav_low_poly\az180_el-10_morning_operational_v00.jpg,-0.1520078331232071,-0.05712892487645149,unknown
uav_low_poly,data\uav_dataset_color_mild_clean\train\uav_low_poly\az180_el-10_noon_clear_operational_v00.jpg,-0.18067939579486847,-0.05712892487645149,unknown
uav_low_poly,data\uav_dataset_color_mild_clean\train\uav_low_poly\az180_el-25_dusk_operational_v00.jpg,-0.13128432631492615,-0.05712892487645149,unknown
uav_low_poly,data\uav_dataset_color_mild_clean\train\uav_low_poly\az180_el-25_morning_operational_v00.jpg,-0.19160249829292297,-0.05712892487645149,unknown
uav_low_poly,data\uav_dataset_color_mild_clean\train\uav_low_poly\az180_el-25_noon_clear_operational_v00.jpg,-0.18473699688911438,-0.05712892487645149,unknown
uav_low_poly,data\uav_dataset_color_mild_clean\train\uav_low_poly\az180_el-45_dusk_operational_v00.jpg,-0.17012129724025726,-0.05712892487645149,unknown
uav_low_poly,data\uav_dataset_color_mild_clean\train\uav_low_poly\az180_el-45_morning_operational_v00.jpg,-0.14449413120746613,-0.05712892487645149,unknown
uav_low_poly,data\uav_dataset_color_mild_clean\train\uav_low_poly\az180_el-45_noon_clear_operational_v00.jpg,-0.15106526017189026,-0.05712892487645149,unknown
uav_low_poly,data\uav_dataset_color_mild_clean\train\uav_low_poly\az180_el-65_dusk_operational_v00.jpg,-0.1495165228843689,-0.05712892487645149,unknown
uav_low_poly,data\uav_dataset_color_mild_clean\train\uav_low_poly\az180_el-65_morning_operational_v00.jpg,-0.14100490510463715,-0.05712892487645149,unknown
uav_low_poly,data\uav_dataset_color_mild_clean\train\uav_low_poly\az180_el-65_noon_clear_operational_v00.jpg,-0.1610570251941681,-0.05712892487645149,unknown
uav_low_poly,data\uav_dataset_color_mild_clean\train\uav_low_poly\az225_el-10_dusk_operational_v00.jpg,-0.1798056662082672,-0.05712892487645149,unknown
uav_low_poly,data\uav_dataset_color_mild_clean\train\uav_low_poly\az225_el-10_morning_operational_v00.jpg,-0.21589750051498413,-0.05712892487645149,unknown
uav_low_poly,data\uav_dataset_color_mild_clean\train\uav_low_poly\az225_el-10_noon_clear_operational_v00.jpg,-0.22303330898284912,-0.05712892487645149,unknown
uav_low_poly,data\uav_dataset_color_mild_clean\train\uav_low_poly\az225_el-25_dusk_operational_v00.jpg,-0.2088680863380432,-0.05712892487645149,unknown
uav_low_poly,data\uav_dataset_color_mild_clean\train\uav_low_poly\az225_el-25_morning_operational_v00.jpg,-0.13816331326961517,-0.05712892487645149,unknown
uav_low_poly,data\uav_dataset_color_mild_clean\train\uav_low_poly\az225_el-25_noon_clear_operational_v00.jpg,-0.12369128316640854,-0.05712892487645149,unknown
uav_low_poly,data\uav_dataset_color_mild_clean\train\uav_low_poly\az225_el-45_dusk_operational_v00.jpg,-0.1273346096277237,-0.05712892487645149,unknown
uav_low_poly,data\uav_dataset_color_mild_clean\train\uav_low_poly\az225_el-45_morning_operational_v00.jpg,-0.160165935754776,-0.05712892487645149,unknown
uav_low_poly,data\uav_dataset_color_mild_clean\train\uav_low_poly\az225_el-45_noon_clear_operational_v00.jpg,-0.09131243824958801,-0.05712892487645149,unknown
uav_low_poly,data\uav_dataset_color_mild_clean\train\uav_low_poly\az225_el-65_dusk_operational_v00.jpg,-0.08005420863628387,-0.05712892487645149,unknown
uav_low_poly,data\uav_dataset_color_mild_clean\train\uav_low_poly\az225_el-65_morning_operational_v00.jpg,-0.11808177828788757,-0.05712892487645149,unknown
uav_low_poly,data\uav_dataset_color_mild_clean\train\uav_low_poly\az225_el-65_noon_clear_operational_v00.jpg,-0.1966998279094696,-0.05712892487645149,unknown
uav_low_poly,data\uav_dataset_color_mild_clean\train\uav_low_poly\az270_el-10_dusk_operational_v00.jpg,-0.20915189385414124,-0.05712892487645149,unknown
uav_low_poly,data\uav_dataset_color_mild_clean\train\uav_low_poly\az270_el-10_morning_operational_v00.jpg,-0.1825302541255951,-0.05712892487645149,unknown
uav_low_poly,data\uav_dataset_color_mild_clean\train\uav_low_poly\az270_el-10_noon_clear_operational_v00.jpg,-0.20483726263046265,-0.05712892487645149,unknown
uav_low_poly,data\uav_dataset_color_mild_clean\train\uav_low_poly\az270_el-25_dusk_operational_v00.jpg,-0.2212013602256775,-0.05712892487645149,unknown
uav_low_poly,data\uav_dataset_color_mild_clean\train\uav_low_poly\az270_el-25_morning_operational_v00.jpg,-0.2519152760505676,-0.05712892487645149,unknown
uav_low_poly,data\uav_dataset_color_mild_clean\train\uav_low_poly\az270_el-25_noon_clear_operational_v00.jpg,-0.22331291437149048,-0.05712892487645149,unknown
uav_low_poly,data\uav_dataset_color_mild_clean\train\uav_low_poly\az270_el-45_dusk_operational_v00.jpg,-0.21770912408828735,-0.05712892487645149,unknown
uav_low_poly,data\uav_dataset_color_mild_clean\train\uav_low_poly\az270_el-45_morning_operational_v00.jpg,-0.19486397504806519,-0.05712892487645149,unknown
uav_low_poly,data\uav_dataset_color_mild_clean\train\uav_low_poly\az270_el-45_noon_clear_operational_v00.jpg,-0.15834522247314453,-0.05712892487645149,unknown
uav_low_poly,data\uav_dataset_color_mild_clean\train\uav_low_poly\az270_el-65_dusk_operational_v00.jpg,-0.17579273879528046,-0.05712892487645149,unknown
uav_low_poly,data\uav_dataset_color_mild_clean\train\uav_low_poly\az270_el-65_morning_operational_v00.jpg,-0.25728359818458557,-0.05712892487645149,unknown
uav_low_poly,data\uav_dataset_color_mild_clean\train\uav_low_poly\az270_el-65_noon_clear_operational_v00.jpg,-0.03712957724928856,-0.05712892487645149,unknown
uav_low_poly,data\uav_dataset_color_mild_clean\train\uav_low_poly\az315_el-10_dusk_operational_v00.jpg,-0.32864144444465637,-0.05712892487645149,unknown
uav_low_poly,data\uav_dataset_color_mild_clean\train\uav_low_poly\az315_el-10_morning_operational_v00.jpg,-0.18948230147361755,-0.05712892487645149,unknown
uav_low_poly,data\uav_dataset_color_mild_clean\train\uav_low_poly\az315_el-10_noon_clear_operational_v00.jpg,-0.2508043050765991,-0.05712892487645149,unknown
uav_low_poly,data\uav_dataset_color_mild_clean\train\uav_low_poly\az315_el-25_dusk_operational_v00.jpg,-0.1820027381181717,-0.05712892487645149,unknown
uav_low_poly,data\uav_dataset_color_mild_clean\train\uav_low_poly\az315_el-25_morning_operational_v00.jpg,-0.22219595313072205,-0.05712892487645149,unknown
uav_low_poly,data\uav_dataset_color_mild_clean\train\uav_low_poly\az315_el-25_noon_clear_operational_v00.jpg,-0.21848739683628082,-0.05712892487645149,unknown
uav_low_poly,data\uav_dataset_color_mild_clean\train\uav_low_poly\az315_el-45_dusk_operational_v00.jpg,-0.18470510840415955,-0.05712892487645149,unknown
uav_low_poly,data\uav_dataset_color_mild_clean\train\uav_low_poly\az315_el-45_morning_operational_v00.jpg,-0.20785102248191833,-0.05712892487645149,unknown
uav_low_poly,data\uav_dataset_color_mild_clean\train\uav_low_poly\az315_el-45_noon_clear_operational_v00.jpg,-0.17456619441509247,-0.05712892487645149,unknown
uav_low_poly,data\uav_dataset_color_mild_clean\train\uav_low_poly\az315_el-65_dusk_operational_v00.jpg,-0.1379709094762802,-0.05712892487645149,unknown
uav_low_poly,data\uav_dataset_color_mild_clean\train\uav_low_poly\az315_el-65_morning_operational_v00.jpg,-0.2757910490036011,-0.05712892487645149,unknown
uav_low_poly,data\uav_dataset_color_mild_clean\train\uav_low_poly\az315_el-65_noon_clear_operational_v00.jpg,-0.17437107861042023,-0.05712892487645149,unknown
uav_strike_drone_2_war_thunder_line_of_contact,data\uav_dataset_color_mild_clean\train\uav_strike_drone_2_war_thunder_line_of_contact\az000_el-10_dusk_operational_v00.jpg,-0.1280011683702469,-0.07303371280431747,unknown
uav_strike_drone_2_war_thunder_line_of_contact,data\uav_dataset_color_mild_clean\train\uav_strike_drone_2_war_thunder_line_of_contact\az000_el-10_morning_operational_v00.jpg,-0.12597109377384186,-0.07303371280431747,unknown
uav_strike_drone_2_war_thunder_line_of_contact,data\uav_dataset_color_mild_clean\train\uav_strike_drone_2_war_thunder_line_of_contact\az000_el-10_noon_clear_operational_v00.jpg,-0.1390121579170227,-0.07303371280431747,unknown
uav_strike_drone_2_war_thunder_line_of_contact,data\uav_dataset_color_mild_clean\train\uav_strike_drone_2_war_thunder_line_of_contact\az000_el-25_dusk_operational_v00.jpg,-0.15480782091617584,-0.07303371280431747,unknown
uav_strike_drone_2_war_thunder_line_of_contact,data\uav_dataset_color_mild_clean\train\uav_strike_drone_2_war_thunder_line_of_contact\az000_el-25_morning_operational_v00.jpg,-0.17990422248840332,-0.07303371280431747,unknown
uav_strike_drone_2_war_thunder_line_of_contact,data\uav_dataset_color_mild_clean\train\uav_strike_drone_2_war_thunder_line_of_contact\az000_el-25_noon_clear_operational_v00.jpg,-0.11730347573757172,-0.07303371280431747,unknown
uav_strike_drone_2_war_thunder_line_of_contact,data\uav_dataset_color_mild_clean\train\uav_strike_drone_2_war_thunder_line_of_contact\az000_el-45_dusk_operational_v00.jpg,-0.11321665346622467,-0.07303371280431747,unknown
uav_strike_drone_2_war_thunder_line_of_contact,data\uav_dataset_color_mild_clean\train\uav_strike_drone_2_war_thunder_line_of_contact\az000_el-45_morning_operational_v00.jpg,-0.11827471852302551,-0.07303371280431747,unknown
uav_strike_drone_2_war_thunder_line_of_contact,data\uav_dataset_color_mild_clean\train\uav_strike_drone_2_war_thunder_line_of_contact\az000_el-45_noon_clear_operational_v00.jpg,-0.1193491518497467,-0.07303371280431747,unknown
uav_strike_drone_2_war_thunder_line_of_contact,data\uav_dataset_color_mild_clean\train\uav_strike_drone_2_war_thunder_line_of_contact\az000_el-65_dusk_operational_v00.jpg,-0.1282041072845459,-0.07303371280431747,unknown
uav_strike_drone_2_war_thunder_line_of_contact,data\uav_dataset_color_mild_clean\train\uav_strike_drone_2_war_thunder_line_of_contact\az000_el-65_morning_operational_v00.jpg,-0.1087632030248642,-0.07303371280431747,unknown
uav_strike_drone_2_war_thunder_line_of_contact,data\uav_dataset_color_mild_clean\train\uav_strike_drone_2_war_thunder_line_of_contact\az000_el-65_noon_clear_operational_v00.jpg,-0.14002779126167297,-0.07303371280431747,unknown
uav_strike_drone_2_war_thunder_line_of_contact,data\uav_dataset_color_mild_clean\train\uav_strike_drone_2_war_thunder_line_of_contact\az045_el-10_dusk_operational_v00.jpg,-0.09337007999420166,-0.07303371280431747,unknown
uav_strike_drone_2_war_thunder_line_of_contact,data\uav_dataset_color_mild_clean\train\uav_strike_drone_2_war_thunder_line_of_contact\az045_el-10_morning_operational_v00.jpg,-0.1157190278172493,-0.07303371280431747,unknown
uav_strike_drone_2_war_thunder_line_of_contact,data\uav_dataset_color_mild_clean\train\uav_strike_drone_2_war_thunder_line_of_contact\az045_el-10_noon_clear_operational_v00.jpg,-0.12760525941848755,-0.07303371280431747,unknown
uav_strike_drone_2_war_thunder_line_of_contact,data\uav_dataset_color_mild_clean\train\uav_strike_drone_2_war_thunder_line_of_contact\az045_el-25_dusk_operational_v00.jpg,-0.1170053631067276,-0.07303371280431747,unknown
uav_strike_drone_2_war_thunder_line_of_contact,data\uav_dataset_color_mild_clean\train\uav_strike_drone_2_war_thunder_line_of_contact\az045_el-25_morning_operational_v00.jpg,-0.08200985193252563,-0.07303371280431747,unknown
uav_strike_drone_2_war_thunder_line_of_contact,data\uav_dataset_color_mild_clean\train\uav_strike_drone_2_war_thunder_line_of_contact\az045_el-25_noon_clear_operational_v00.jpg,-0.11999619007110596,-0.07303371280431747,unknown
uav_strike_drone_2_war_thunder_line_of_contact,data\uav_dataset_color_mild_clean\train\uav_strike_drone_2_war_thunder_line_of_contact\az045_el-45_dusk_operational_v00.jpg,-0.11061185598373413,-0.07303371280431747,unknown
uav_strike_drone_2_war_thunder_line_of_contact,data\uav_dataset_color_mild_clean\train\uav_strike_drone_2_war_thunder_line_of_contact\az045_el-45_morning_operational_v00.jpg,-0.12178358435630798,-0.07303371280431747,unknown
uav_strike_drone_2_war_thunder_line_of_contact,data\uav_dataset_color_mild_clean\train\uav_strike_drone_2_war_thunder_line_of_contact\az045_el-45_noon_clear_operational_v00.jpg,-0.0883646085858345,-0.07303371280431747,unknown
uav_strike_drone_2_war_thunder_line_of_contact,data\uav_dataset_color_mild_clean\train\uav_strike_drone_2_war_thunder_line_of_contact\az045_el-65_dusk_operational_v00.jpg,-0.09954918920993805,-0.07303371280431747,unknown
uav_strike_drone_2_war_thunder_line_of_contact,data\uav_dataset_color_mild_clean\train\uav_strike_drone_2_war_thunder_line_of_contact\az045_el-65_morning_operational_v00.jpg,-0.09755142033100128,-0.07303371280431747,unknown
uav_strike_drone_2_war_thunder_line_of_contact,data\uav_dataset_color_mild_clean\train\uav_strike_drone_2_war_thunder_line_of_contact\az045_el-65_noon_clear_operational_v00.jpg,-0.09327761083841324,-0.07303371280431747,unknown
uav_strike_drone_2_war_thunder_line_of_contact,data\uav_dataset_color_mild_clean\train\uav_strike_drone_2_war_thunder_line_of_contact\az090_el-10_dusk_operational_v00.jpg,-0.20843946933746338,-0.07303371280431747,unknown
uav_strike_drone_2_war_thunder_line_of_contact,data\uav_dataset_color_mild_clean\train\uav_strike_drone_2_war_thunder_line_of_contact\az090_el-10_morning_operational_v00.jpg,-0.03970502316951752,-0.07303371280431747,unknown
uav_strike_drone_2_war_thunder_line_of_contact,data\uav_dataset_color_mild_clean\train\uav_strike_drone_2_war_thunder_line_of_contact\az090_el-10_noon_clear_operational_v00.jpg,-0.25831368565559387,-0.07303371280431747,unknown
uav_strike_drone_2_war_thunder_line_of_contact,data\uav_dataset_color_mild_clean\train\uav_strike_drone_2_war_thunder_line_of_contact\az090_el-25_dusk_operational_v00.jpg,-0.1270952820777893,-0.07303371280431747,unknown
uav_strike_drone_2_war_thunder_line_of_contact,data\uav_dataset_color_mild_clean\train\uav_strike_drone_2_war_thunder_line_of_contact\az090_el-25_morning_operational_v00.jpg,-0.1130589097738266,-0.07303371280431747,unknown
uav_strike_drone_2_war_thunder_line_of_contact,data\uav_dataset_color_mild_clean\train\uav_strike_drone_2_war_thunder_line_of_contact\az090_el-25_noon_clear_operational_v00.jpg,-0.11461713165044785,-0.07303371280431747,unknown
uav_strike_drone_2_war_thunder_line_of_contact,data\uav_dataset_color_mild_clean\train\uav_strike_drone_2_war_thunder_line_of_contact\az090_el-45_dusk_operational_v00.jpg,-0.08689373731613159,-0.07303371280431747,unknown
uav_strike_drone_2_war_thunder_line_of_contact,data\uav_dataset_color_mild_clean\train\uav_strike_drone_2_war_thunder_line_of_contact\az090_el-45_morning_operational_v00.jpg,-0.08778145909309387,-0.07303371280431747,unknown
uav_strike_drone_2_war_thunder_line_of_contact,data\uav_dataset_color_mild_clean\train\uav_strike_drone_2_war_thunder_line_of_contact\az090_el-45_noon_clear_operational_v00.jpg,-0.09719473123550415,-0.07303371280431747,unknown
uav_strike_drone_2_war_thunder_line_of_contact,data\uav_dataset_color_mild_clean\train\uav_strike_drone_2_war_thunder_line_of_contact\az090_el-65_dusk_operational_v00.jpg,-0.1009790301322937,-0.07303371280431747,unknown
uav_strike_drone_2_war_thunder_line_of_contact,data\uav_dataset_color_mild_clean\train\uav_strike_drone_2_war_thunder_line_of_contact\az090_el-65_morning_operational_v00.jpg,-0.09780382364988327,-0.07303371280431747,unknown
uav_strike_drone_2_war_thunder_line_of_contact,data\uav_dataset_color_mild_clean\train\uav_strike_drone_2_war_thunder_line_of_contact\az090_el-65_noon_clear_operational_v00.jpg,-0.10900590568780899,-0.07303371280431747,unknown
uav_strike_drone_2_war_thunder_line_of_contact,data\uav_dataset_color_mild_clean\train\uav_strike_drone_2_war_thunder_line_of_contact\az135_el-10_dusk_operational_v00.jpg,-0.13175243139266968,-0.07303371280431747,unknown
uav_strike_drone_2_war_thunder_line_of_contact,data\uav_dataset_color_mild_clean\train\uav_strike_drone_2_war_thunder_line_of_contact\az135_el-10_morning_operational_v00.jpg,-0.15366095304489136,-0.07303371280431747,unknown
uav_strike_drone_2_war_thunder_line_of_contact,data\uav_dataset_color_mild_clean\train\uav_strike_drone_2_war_thunder_line_of_contact\az135_el-10_noon_clear_operational_v00.jpg,-0.1018771380186081,-0.07303371280431747,unknown
uav_strike_drone_2_war_thunder_line_of_contact,data\uav_dataset_color_mild_clean\train\uav_strike_drone_2_war_thunder_line_of_contact\az135_el-25_dusk_operational_v00.jpg,-0.14952470362186432,-0.07303371280431747,unknown
uav_strike_drone_2_war_thunder_line_of_contact,data\uav_dataset_color_mild_clean\train\uav_strike_drone_2_war_thunder_line_of_contact\az135_el-25_morning_operational_v00.jpg,-0.11385268718004227,-0.07303371280431747,unknown
uav_strike_drone_2_war_thunder_line_of_contact,data\uav_dataset_color_mild_clean\train\uav_strike_drone_2_war_thunder_line_of_contact\az135_el-25_noon_clear_operational_v00.jpg,-0.10681979358196259,-0.07303371280431747,unknown
uav_strike_drone_2_war_thunder_line_of_contact,data\uav_dataset_color_mild_clean\train\uav_strike_drone_2_war_thunder_line_of_contact\az135_el-45_dusk_operational_v00.jpg,-0.15502923727035522,-0.07303371280431747,unknown
uav_strike_drone_2_war_thunder_line_of_contact,data\uav_dataset_color_mild_clean\train\uav_strike_drone_2_war_thunder_line_of_contact\az135_el-45_morning_operational_v00.jpg,-0.10647223144769669,-0.07303371280431747,unknown
uav_strike_drone_2_war_thunder_line_of_contact,data\uav_dataset_color_mild_clean\train\uav_strike_drone_2_war_thunder_line_of_contact\az135_el-45_noon_clear_operational_v00.jpg,-0.12235603481531143,-0.07303371280431747,unknown
uav_strike_drone_2_war_thunder_line_of_contact,data\uav_dataset_color_mild_clean\train\uav_strike_drone_2_war_thunder_line_of_contact\az135_el-65_dusk_operational_v00.jpg,-0.12206394970417023,-0.07303371280431747,unknown
uav_strike_drone_2_war_thunder_line_of_contact,data\uav_dataset_color_mild_clean\train\uav_strike_drone_2_war_thunder_line_of_contact\az135_el-65_morning_operational_v00.jpg,-0.12367415428161621,-0.07303371280431747,unknown
uav_strike_drone_2_war_thunder_line_of_contact,data\uav_dataset_color_mild_clean\train\uav_strike_drone_2_war_thunder_line_of_contact\az135_el-65_noon_clear_operational_v00.jpg,-0.09848609566688538,-0.07303371280431747,unknown
uav_strike_drone_2_war_thunder_line_of_contact,data\uav_dataset_color_mild_clean\train\uav_strike_drone_2_war_thunder_line_of_contact\az180_el-10_dusk_operational_v00.jpg,-0.13411058485507965,-0.07303371280431747,unknown
uav_strike_drone_2_war_thunder_line_of_contact,data\uav_dataset_color_mild_clean\train\uav_strike_drone_2_war_thunder_line_of_contact\az180_el-10_morning_operational_v00.jpg,-0.17010171711444855,-0.07303371280431747,unknown
uav_strike_drone_2_war_thunder_line_of_contact,data\uav_dataset_color_mild_clean\train\uav_strike_drone_2_war_thunder_line_of_contact\az180_el-10_noon_clear_operational_v00.jpg,-0.16714346408843994,-0.07303371280431747,unknown
uav_strike_drone_2_war_thunder_line_of_contact,data\uav_dataset_color_mild_clean\train\uav_strike_drone_2_war_thunder_line_of_contact\az180_el-25_dusk_operational_v00.jpg,-0.12416616082191467,-0.07303371280431747,unknown
uav_strike_drone_2_war_thunder_line_of_contact,data\uav_dataset_color_mild_clean\train\uav_strike_drone_2_war_thunder_line_of_contact\az180_el-25_morning_operational_v00.jpg,-0.14992105960845947,-0.07303371280431747,unknown
uav_strike_drone_2_war_thunder_line_of_contact,data\uav_dataset_color_mild_clean\train\uav_strike_drone_2_war_thunder_line_of_contact\az180_el-25_noon_clear_operational_v00.jpg,-0.20760369300842285,-0.07303371280431747,unknown
uav_strike_drone_2_war_thunder_line_of_contact,data\uav_dataset_color_mild_clean\train\uav_strike_drone_2_war_thunder_line_of_contact\az180_el-45_dusk_operational_v00.jpg,-0.11606882512569427,-0.07303371280431747,unknown
uav_strike_drone_2_war_thunder_line_of_contact,data\uav_dataset_color_mild_clean\train\uav_strike_drone_2_war_thunder_line_of_contact\az180_el-45_morning_operational_v00.jpg,-0.12313110381364822,-0.07303371280431747,unknown
uav_strike_drone_2_war_thunder_line_of_contact,data\uav_dataset_color_mild_clean\train\uav_strike_drone_2_war_thunder_line_of_contact\az180_el-45_noon_clear_operational_v00.jpg,-0.15205585956573486,-0.07303371280431747,unknown
uav_strike_drone_2_war_thunder_line_of_contact,data\uav_dataset_color_mild_clean\train\uav_strike_drone_2_war_thunder_line_of_contact\az180_el-65_dusk_operational_v00.jpg,-0.1349973976612091,-0.07303371280431747,unknown
uav_strike_drone_2_war_thunder_line_of_contact,data\uav_dataset_color_mild_clean\train\uav_strike_drone_2_war_thunder_line_of_contact\az180_el-65_morning_operational_v00.jpg,-0.11744272708892822,-0.07303371280431747,unknown
uav_strike_drone_2_war_thunder_line_of_contact,data\uav_dataset_color_mild_clean\train\uav_strike_drone_2_war_thunder_line_of_contact\az180_el-65_noon_clear_operational_v00.jpg,-0.18166674673557281,-0.07303371280431747,unknown
uav_strike_drone_2_war_thunder_line_of_contact,data\uav_dataset_color_mild_clean\train\uav_strike_drone_2_war_thunder_line_of_contact\az225_el-10_dusk_operational_v00.jpg,-0.13593809306621552,-0.07303371280431747,unknown
uav_strike_drone_2_war_thunder_line_of_contact,data\uav_dataset_color_mild_clean\train\uav_strike_drone_2_war_thunder_line_of_contact\az225_el-10_morning_operational_v00.jpg,-0.1314505636692047,-0.07303371280431747,unknown
uav_strike_drone_2_war_thunder_line_of_contact,data\uav_dataset_color_mild_clean\train\uav_strike_drone_2_war_thunder_line_of_contact\az225_el-10_noon_clear_operational_v00.jpg,-0.12601591646671295,-0.07303371280431747,unknown
uav_strike_drone_2_war_thunder_line_of_contact,data\uav_dataset_color_mild_clean\train\uav_strike_drone_2_war_thunder_line_of_contact\az225_el-25_dusk_operational_v00.jpg,-0.11316119134426117,-0.07303371280431747,unknown
uav_strike_drone_2_war_thunder_line_of_contact,data\uav_dataset_color_mild_clean\train\uav_strike_drone_2_war_thunder_line_of_contact\az225_el-25_morning_operational_v00.jpg,-0.10956047475337982,-0.07303371280431747,unknown
uav_strike_drone_2_war_thunder_line_of_contact,data\uav_dataset_color_mild_clean\train\uav_strike_drone_2_war_thunder_line_of_contact\az225_el-25_noon_clear_operational_v00.jpg,-0.09561895579099655,-0.07303371280431747,unknown
uav_strike_drone_2_war_thunder_line_of_contact,data\uav_dataset_color_mild_clean\train\uav_strike_drone_2_war_thunder_line_of_contact\az225_el-45_dusk_operational_v00.jpg,-0.1085633784532547,-0.07303371280431747,unknown
uav_strike_drone_2_war_thunder_line_of_contact,data\uav_dataset_color_mild_clean\train\uav_strike_drone_2_war_thunder_line_of_contact\az225_el-45_morning_operational_v00.jpg,-0.15554311871528625,-0.07303371280431747,unknown
uav_strike_drone_2_war_thunder_line_of_contact,data\uav_dataset_color_mild_clean\train\uav_strike_drone_2_war_thunder_line_of_contact\az225_el-45_noon_clear_operational_v00.jpg,-0.10225078463554382,-0.07303371280431747,unknown
uav_strike_drone_2_war_thunder_line_of_contact,data\uav_dataset_color_mild_clean\train\uav_strike_drone_2_war_thunder_line_of_contact\az225_el-65_dusk_operational_v00.jpg,-0.10040375590324402,-0.07303371280431747,unknown
uav_strike_drone_2_war_thunder_line_of_contact,data\uav_dataset_color_mild_clean\train\uav_strike_drone_2_war_thunder_line_of_contact\az225_el-65_morning_operational_v00.jpg,-0.13277402520179749,-0.07303371280431747,unknown
uav_strike_drone_2_war_thunder_line_of_contact,data\uav_dataset_color_mild_clean\train\uav_strike_drone_2_war_thunder_line_of_contact\az225_el-65_noon_clear_operational_v00.jpg,-0.12533347308635712,-0.07303371280431747,unknown
uav_strike_drone_2_war_thunder_line_of_contact,data\uav_dataset_color_mild_clean\train\uav_strike_drone_2_war_thunder_line_of_contact\az270_el-10_dusk_operational_v00.jpg,-0.08675096929073334,-0.07303371280431747,unknown
uav_strike_drone_2_war_thunder_line_of_contact,data\uav_dataset_color_mild_clean\train\uav_strike_drone_2_war_thunder_line_of_contact\az270_el-10_morning_operational_v00.jpg,-0.07996563613414764,-0.07303371280431747,unknown
uav_strike_drone_2_war_thunder_line_of_contact,data\uav_dataset_color_mild_clean\train\uav_strike_drone_2_war_thunder_line_of_contact\az270_el-10_noon_clear_operational_v00.jpg,-0.07673708349466324,-0.07303371280431747,unknown
uav_strike_drone_2_war_thunder_line_of_contact,data\uav_dataset_color_mild_clean\train\uav_strike_drone_2_war_thunder_line_of_contact\az270_el-25_dusk_operational_v00.jpg,-0.0925181657075882,-0.07303371280431747,unknown
uav_strike_drone_2_war_thunder_line_of_contact,data\uav_dataset_color_mild_clean\train\uav_strike_drone_2_war_thunder_line_of_contact\az270_el-25_morning_operational_v00.jpg,-0.10890406370162964,-0.07303371280431747,unknown
uav_strike_drone_2_war_thunder_line_of_contact,data\uav_dataset_color_mild_clean\train\uav_strike_drone_2_war_thunder_line_of_contact\az270_el-25_noon_clear_operational_v00.jpg,-0.09948474913835526,-0.07303371280431747,unknown
uav_strike_drone_2_war_thunder_line_of_contact,data\uav_dataset_color_mild_clean\train\uav_strike_drone_2_war_thunder_line_of_contact\az270_el-45_dusk_operational_v00.jpg,-0.10164303332567215,-0.07303371280431747,unknown
uav_strike_drone_2_war_thunder_line_of_contact,data\uav_dataset_color_mild_clean\train\uav_strike_drone_2_war_thunder_line_of_contact\az270_el-45_morning_operational_v00.jpg,-0.11299363523721695,-0.07303371280431747,unknown
uav_strike_drone_2_war_thunder_line_of_contact,data\uav_dataset_color_mild_clean\train\uav_strike_drone_2_war_thunder_line_of_contact\az270_el-45_noon_clear_operational_v00.jpg,-0.1229645162820816,-0.07303371280431747,unknown
uav_strike_drone_2_war_thunder_line_of_contact,data\uav_dataset_color_mild_clean\train\uav_strike_drone_2_war_thunder_line_of_contact\az270_el-65_dusk_operational_v00.jpg,-0.15650850534439087,-0.07303371280431747,unknown
uav_strike_drone_2_war_thunder_line_of_contact,data\uav_dataset_color_mild_clean\train\uav_strike_drone_2_war_thunder_line_of_contact\az270_el-65_morning_operational_v00.jpg,-0.11675766110420227,-0.07303371280431747,unknown
uav_strike_drone_2_war_thunder_line_of_contact,data\uav_dataset_color_mild_clean\train\uav_strike_drone_2_war_thunder_line_of_contact\az270_el-65_noon_clear_operational_v00.jpg,-0.13591904938220978,-0.07303371280431747,unknown
uav_strike_drone_2_war_thunder_line_of_contact,data\uav_dataset_color_mild_clean\train\uav_strike_drone_2_war_thunder_line_of_contact\az315_el-10_dusk_operational_v00.jpg,-0.10845962166786194,-0.07303371280431747,unknown
uav_strike_drone_2_war_thunder_line_of_contact,data\uav_dataset_color_mild_clean\train\uav_strike_drone_2_war_thunder_line_of_contact\az315_el-10_morning_operational_v00.jpg,-0.11366309970617294,-0.07303371280431747,unknown
uav_strike_drone_2_war_thunder_line_of_contact,data\uav_dataset_color_mild_clean\train\uav_strike_drone_2_war_thunder_line_of_contact\az315_el-10_noon_clear_operational_v00.jpg,-0.10099094361066818,-0.07303371280431747,unknown
uav_strike_drone_2_war_thunder_line_of_contact,data\uav_dataset_color_mild_clean\train\uav_strike_drone_2_war_thunder_line_of_contact\az315_el-25_dusk_operational_v00.jpg,-0.12698762118816376,-0.07303371280431747,unknown
uav_strike_drone_2_war_thunder_line_of_contact,data\uav_dataset_color_mild_clean\train\uav_strike_drone_2_war_thunder_line_of_contact\az315_el-25_morning_operational_v00.jpg,-0.10828417539596558,-0.07303371280431747,unknown
uav_strike_drone_2_war_thunder_line_of_contact,data\uav_dataset_color_mild_clean\train\uav_strike_drone_2_war_thunder_line_of_contact\az315_el-25_noon_clear_operational_v00.jpg,-0.09240647405385971,-0.07303371280431747,unknown
uav_strike_drone_2_war_thunder_line_of_contact,data\uav_dataset_color_mild_clean\train\uav_strike_drone_2_war_thunder_line_of_contact\az315_el-45_dusk_operational_v00.jpg,-0.11807025223970413,-0.07303371280431747,unknown
uav_strike_drone_2_war_thunder_line_of_contact,data\uav_dataset_color_mild_clean\train\uav_strike_drone_2_war_thunder_line_of_contact\az315_el-45_morning_operational_v00.jpg,-0.10517173260450363,-0.07303371280431747,unknown
uav_strike_drone_2_war_thunder_line_of_contact,data\uav_dataset_color_mild_clean\train\uav_strike_drone_2_war_thunder_line_of_contact\az315_el-45_noon_clear_operational_v00.jpg,-0.15713268518447876,-0.07303371280431747,unknown
uav_strike_drone_2_war_thunder_line_of_contact,data\uav_dataset_color_mild_clean\train\uav_strike_drone_2_war_thunder_line_of_contact\az315_el-65_dusk_operational_v00.jpg,-0.10208385437726974,-0.07303371280431747,unknown
uav_strike_drone_2_war_thunder_line_of_contact,data\uav_dataset_color_mild_clean\train\uav_strike_drone_2_war_thunder_line_of_contact\az315_el-65_morning_operational_v00.jpg,-0.18314209580421448,-0.07303371280431747,unknown
uav_strike_drone_2_war_thunder_line_of_contact,data\uav_dataset_color_mild_clean\train\uav_strike_drone_2_war_thunder_line_of_contact\az315_el-65_noon_clear_operational_v00.jpg,-0.15252180397510529,-0.07303371280431747,unknown
uj-32_lastvika_uav,data\uav_dataset_color_mild_clean\train\uj-32_lastvika_uav\az000_el-10_dusk_operational_v00.jpg,-0.30356645584106445,-0.2005370408296585,unknown
uj-32_lastvika_uav,data\uav_dataset_color_mild_clean\train\uj-32_lastvika_uav\az000_el-10_morning_operational_v00.jpg,-0.27057427167892456,-0.2005370408296585,unknown
uj-32_lastvika_uav,data\uav_dataset_color_mild_clean\train\uj-32_lastvika_uav\az000_el-10_noon_clear_operational_v00.jpg,-0.3102577030658722,-0.2005370408296585,unknown
uj-32_lastvika_uav,data\uav_dataset_color_mild_clean\train\uj-32_lastvika_uav\az000_el-25_dusk_operational_v00.jpg,-0.20255115628242493,-0.2005370408296585,unknown
uj-32_lastvika_uav,data\uav_dataset_color_mild_clean\train\uj-32_lastvika_uav\az000_el-25_morning_operational_v00.jpg,-0.2466670125722885,-0.2005370408296585,unknown
uj-32_lastvika_uav,data\uav_dataset_color_mild_clean\train\uj-32_lastvika_uav\az000_el-25_noon_clear_operational_v00.jpg,-0.2033502161502838,-0.2005370408296585,unknown
uj-32_lastvika_uav,data\uav_dataset_color_mild_clean\train\uj-32_lastvika_uav\az000_el-45_dusk_operational_v00.jpg,-0.2502039670944214,-0.2005370408296585,unknown
uj-32_lastvika_uav,data\uav_dataset_color_mild_clean\train\uj-32_lastvika_uav\az000_el-45_morning_operational_v00.jpg,-0.2719607949256897,-0.2005370408296585,unknown
uj-32_lastvika_uav,data\uav_dataset_color_mild_clean\train\uj-32_lastvika_uav\az000_el-45_noon_clear_operational_v00.jpg,-0.2782248258590698,-0.2005370408296585,unknown
uj-32_lastvika_uav,data\uav_dataset_color_mild_clean\train\uj-32_lastvika_uav\az000_el-65_dusk_operational_v00.jpg,-0.2516012191772461,-0.2005370408296585,unknown
uj-32_lastvika_uav,data\uav_dataset_color_mild_clean\train\uj-32_lastvika_uav\az000_el-65_morning_operational_v00.jpg,-0.26669061183929443,-0.2005370408296585,unknown
uj-32_lastvika_uav,data\uav_dataset_color_mild_clean\train\uj-32_lastvika_uav\az000_el-65_noon_clear_operational_v00.jpg,-0.23525014519691467,-0.2005370408296585,unknown
uj-32_lastvika_uav,data\uav_dataset_color_mild_clean\train\uj-32_lastvika_uav\az045_el-10_dusk_operational_v00.jpg,-0.19337791204452515,-0.2005370408296585,unknown
uj-32_lastvika_uav,data\uav_dataset_color_mild_clean\train\uj-32_lastvika_uav\az045_el-10_morning_operational_v00.jpg,-0.3452213704586029,-0.2005370408296585,unknown
uj-32_lastvika_uav,data\uav_dataset_color_mild_clean\train\uj-32_lastvika_uav\az045_el-10_noon_clear_operational_v00.jpg,-0.21079352498054504,-0.2005370408296585,unknown
uj-32_lastvika_uav,data\uav_dataset_color_mild_clean\train\uj-32_lastvika_uav\az045_el-25_dusk_operational_v00.jpg,-0.3172270357608795,-0.2005370408296585,unknown
uj-32_lastvika_uav,data\uav_dataset_color_mild_clean\train\uj-32_lastvika_uav\az045_el-25_morning_operational_v00.jpg,-0.259246289730072,-0.2005370408296585,unknown
uj-32_lastvika_uav,data\uav_dataset_color_mild_clean\train\uj-32_lastvika_uav\az045_el-25_noon_clear_operational_v00.jpg,-0.24746373295783997,-0.2005370408296585,unknown
uj-32_lastvika_uav,data\uav_dataset_color_mild_clean\train\uj-32_lastvika_uav\az045_el-45_dusk_operational_v00.jpg,-0.24971970915794373,-0.2005370408296585,unknown
uj-32_lastvika_uav,data\uav_dataset_color_mild_clean\train\uj-32_lastvika_uav\az045_el-45_morning_operational_v00.jpg,-0.25383099913597107,-0.2005370408296585,unknown
uj-32_lastvika_uav,data\uav_dataset_color_mild_clean\train\uj-32_lastvika_uav\az045_el-45_noon_clear_operational_v00.jpg,-0.22798573970794678,-0.2005370408296585,unknown
uj-32_lastvika_uav,data\uav_dataset_color_mild_clean\train\uj-32_lastvika_uav\az045_el-65_dusk_operational_v00.jpg,-0.2404080480337143,-0.2005370408296585,unknown
uj-32_lastvika_uav,data\uav_dataset_color_mild_clean\train\uj-32_lastvika_uav\az045_el-65_morning_operational_v00.jpg,-0.24981509149074554,-0.2005370408296585,unknown
uj-32_lastvika_uav,data\uav_dataset_color_mild_clean\train\uj-32_lastvika_uav\az045_el-65_noon_clear_operational_v00.jpg,-0.26744377613067627,-0.2005370408296585,unknown
uj-32_lastvika_uav,data\uav_dataset_color_mild_clean\train\uj-32_lastvika_uav\az090_el-10_dusk_operational_v00.jpg,-0.2587502598762512,-0.2005370408296585,unknown
uj-32_lastvika_uav,data\uav_dataset_color_mild_clean\train\uj-32_lastvika_uav\az090_el-10_morning_operational_v00.jpg,-0.28957176208496094,-0.2005370408296585,unknown
uj-32_lastvika_uav,data\uav_dataset_color_mild_clean\train\uj-32_lastvika_uav\az090_el-10_noon_clear_operational_v00.jpg,-0.23473727703094482,-0.2005370408296585,unknown
uj-32_lastvika_uav,data\uav_dataset_color_mild_clean\train\uj-32_lastvika_uav\az090_el-25_dusk_operational_v00.jpg,-0.3124990463256836,-0.2005370408296585,unknown
uj-32_lastvika_uav,data\uav_dataset_color_mild_clean\train\uj-32_lastvika_uav\az090_el-25_morning_operational_v00.jpg,-0.2794296145439148,-0.2005370408296585,unknown
uj-32_lastvika_uav,data\uav_dataset_color_mild_clean\train\uj-32_lastvika_uav\az090_el-25_noon_clear_operational_v00.jpg,-0.269050270318985,-0.2005370408296585,unknown
uj-32_lastvika_uav,data\uav_dataset_color_mild_clean\train\uj-32_lastvika_uav\az090_el-45_dusk_operational_v00.jpg,-0.3106660842895508,-0.2005370408296585,unknown
uj-32_lastvika_uav,data\uav_dataset_color_mild_clean\train\uj-32_lastvika_uav\az090_el-45_morning_operational_v00.jpg,-0.28864848613739014,-0.2005370408296585,unknown
uj-32_lastvika_uav,data\uav_dataset_color_mild_clean\train\uj-32_lastvika_uav\az090_el-45_noon_clear_operational_v00.jpg,-0.26403719186782837,-0.2005370408296585,unknown
uj-32_lastvika_uav,data\uav_dataset_color_mild_clean\train\uj-32_lastvika_uav\az090_el-65_dusk_operational_v00.jpg,-0.24245285987854004,-0.2005370408296585,unknown
uj-32_lastvika_uav,data\uav_dataset_color_mild_clean\train\uj-32_lastvika_uav\az090_el-65_morning_operational_v00.jpg,-0.2506379187107086,-0.2005370408296585,unknown
uj-32_lastvika_uav,data\uav_dataset_color_mild_clean\train\uj-32_lastvika_uav\az090_el-65_noon_clear_operational_v00.jpg,-0.2712193727493286,-0.2005370408296585,unknown
uj-32_lastvika_uav,data\uav_dataset_color_mild_clean\train\uj-32_lastvika_uav\az135_el-10_dusk_operational_v00.jpg,-0.22997799515724182,-0.2005370408296585,unknown
uj-32_lastvika_uav,data\uav_dataset_color_mild_clean\train\uj-32_lastvika_uav\az135_el-10_morning_operational_v00.jpg,-0.21357867121696472,-0.2005370408296585,unknown
uj-32_lastvika_uav,data\uav_dataset_color_mild_clean\train\uj-32_lastvika_uav\az135_el-10_noon_clear_operational_v00.jpg,-0.24754229187965393,-0.2005370408296585,unknown
uj-32_lastvika_uav,data\uav_dataset_color_mild_clean\train\uj-32_lastvika_uav\az135_el-25_dusk_operational_v00.jpg,-0.2677347958087921,-0.2005370408296585,unknown
uj-32_lastvika_uav,data\uav_dataset_color_mild_clean\train\uj-32_lastvika_uav\az135_el-25_morning_operational_v00.jpg,-0.261520653963089,-0.2005370408296585,unknown
uj-32_lastvika_uav,data\uav_dataset_color_mild_clean\train\uj-32_lastvika_uav\az135_el-25_noon_clear_operational_v00.jpg,-0.26893776655197144,-0.2005370408296585,unknown
uj-32_lastvika_uav,data\uav_dataset_color_mild_clean\train\uj-32_lastvika_uav\az135_el-45_dusk_operational_v00.jpg,-0.26928991079330444,-0.2005370408296585,unknown
uj-32_lastvika_uav,data\uav_dataset_color_mild_clean\train\uj-32_lastvika_uav\az135_el-45_morning_operational_v00.jpg,-0.25675997138023376,-0.2005370408296585,unknown
uj-32_lastvika_uav,data\uav_dataset_color_mild_clean\train\uj-32_lastvika_uav\az135_el-45_noon_clear_operational_v00.jpg,-0.246588796377182,-0.2005370408296585,unknown
uj-32_lastvika_uav,data\uav_dataset_color_mild_clean\train\uj-32_lastvika_uav\az135_el-65_dusk_operational_v00.jpg,-0.2778530418872833,-0.2005370408296585,unknown
uj-32_lastvika_uav,data\uav_dataset_color_mild_clean\train\uj-32_lastvika_uav\az135_el-65_morning_operational_v00.jpg,-0.24538126587867737,-0.2005370408296585,unknown
uj-32_lastvika_uav,data\uav_dataset_color_mild_clean\train\uj-32_lastvika_uav\az135_el-65_noon_clear_operational_v00.jpg,-0.2562033534049988,-0.2005370408296585,unknown
uj-32_lastvika_uav,data\uav_dataset_color_mild_clean\train\uj-32_lastvika_uav\az180_el-10_dusk_operational_v00.jpg,-0.2963968515396118,-0.2005370408296585,unknown
uj-32_lastvika_uav,data\uav_dataset_color_mild_clean\train\uj-32_lastvika_uav\az180_el-10_morning_operational_v00.jpg,-0.2569121718406677,-0.2005370408296585,unknown
uj-32_lastvika_uav,data\uav_dataset_color_mild_clean\train\uj-32_lastvika_uav\az180_el-10_noon_clear_operational_v00.jpg,-0.39018744230270386,-0.2005370408296585,unknown
uj-32_lastvika_uav,data\uav_dataset_color_mild_clean\train\uj-32_lastvika_uav\az180_el-25_dusk_operational_v00.jpg,-0.23878437280654907,-0.2005370408296585,unknown
uj-32_lastvika_uav,data\uav_dataset_color_mild_clean\train\uj-32_lastvika_uav\az180_el-25_morning_operational_v00.jpg,-0.2823590636253357,-0.2005370408296585,unknown
uj-32_lastvika_uav,data\uav_dataset_color_mild_clean\train\uj-32_lastvika_uav\az180_el-25_noon_clear_operational_v00.jpg,-0.2522180378437042,-0.2005370408296585,unknown
uj-32_lastvika_uav,data\uav_dataset_color_mild_clean\train\uj-32_lastvika_uav\az180_el-45_dusk_operational_v00.jpg,-0.2421024739742279,-0.2005370408296585,unknown
uj-32_lastvika_uav,data\uav_dataset_color_mild_clean\train\uj-32_lastvika_uav\az180_el-45_morning_operational_v00.jpg,-0.2564598619937897,-0.2005370408296585,unknown
uj-32_lastvika_uav,data\uav_dataset_color_mild_clean\train\uj-32_lastvika_uav\az180_el-45_noon_clear_operational_v00.jpg,-0.28061753511428833,-0.2005370408296585,unknown
uj-32_lastvika_uav,data\uav_dataset_color_mild_clean\train\uj-32_lastvika_uav\az180_el-65_dusk_operational_v00.jpg,-0.25677210092544556,-0.2005370408296585,unknown
uj-32_lastvika_uav,data\uav_dataset_color_mild_clean\train\uj-32_lastvika_uav\az180_el-65_morning_operational_v00.jpg,-0.31426718831062317,-0.2005370408296585,unknown
uj-32_lastvika_uav,data\uav_dataset_color_mild_clean\train\uj-32_lastvika_uav\az180_el-65_noon_clear_operational_v00.jpg,-0.2868810296058655,-0.2005370408296585,unknown
uj-32_lastvika_uav,data\uav_dataset_color_mild_clean\train\uj-32_lastvika_uav\az225_el-10_dusk_operational_v00.jpg,-0.2914729416370392,-0.2005370408296585,unknown
uj-32_lastvika_uav,data\uav_dataset_color_mild_clean\train\uj-32_lastvika_uav\az225_el-10_morning_operational_v00.jpg,-0.3023725152015686,-0.2005370408296585,unknown
uj-32_lastvika_uav,data\uav_dataset_color_mild_clean\train\uj-32_lastvika_uav\az225_el-10_noon_clear_operational_v00.jpg,-0.2409306764602661,-0.2005370408296585,unknown
uj-32_lastvika_uav,data\uav_dataset_color_mild_clean\train\uj-32_lastvika_uav\az225_el-25_dusk_operational_v00.jpg,-0.29972583055496216,-0.2005370408296585,unknown
uj-32_lastvika_uav,data\uav_dataset_color_mild_clean\train\uj-32_lastvika_uav\az225_el-25_morning_operational_v00.jpg,-0.30404365062713623,-0.2005370408296585,unknown
uj-32_lastvika_uav,data\uav_dataset_color_mild_clean\train\uj-32_lastvika_uav\az225_el-25_noon_clear_operational_v00.jpg,-0.25697559118270874,-0.2005370408296585,unknown
uj-32_lastvika_uav,data\uav_dataset_color_mild_clean\train\uj-32_lastvika_uav\az225_el-45_dusk_operational_v00.jpg,-0.2445170283317566,-0.2005370408296585,unknown
uj-32_lastvika_uav,data\uav_dataset_color_mild_clean\train\uj-32_lastvika_uav\az225_el-45_morning_operational_v00.jpg,-0.311337411403656,-0.2005370408296585,unknown
uj-32_lastvika_uav,data\uav_dataset_color_mild_clean\train\uj-32_lastvika_uav\az225_el-45_noon_clear_operational_v00.jpg,-0.28863662481307983,-0.2005370408296585,unknown
uj-32_lastvika_uav,data\uav_dataset_color_mild_clean\train\uj-32_lastvika_uav\az225_el-65_dusk_operational_v00.jpg,-0.27734148502349854,-0.2005370408296585,unknown
uj-32_lastvika_uav,data\uav_dataset_color_mild_clean\train\uj-32_lastvika_uav\az225_el-65_morning_operational_v00.jpg,-0.2483208179473877,-0.2005370408296585,unknown
uj-32_lastvika_uav,data\uav_dataset_color_mild_clean\train\uj-32_lastvika_uav\az225_el-65_noon_clear_operational_v00.jpg,-0.3204677402973175,-0.2005370408296585,unknown
uj-32_lastvika_uav,data\uav_dataset_color_mild_clean\train\uj-32_lastvika_uav\az270_el-10_dusk_operational_v00.jpg,-0.30603423714637756,-0.2005370408296585,unknown
uj-32_lastvika_uav,data\uav_dataset_color_mild_clean\train\uj-32_lastvika_uav\az270_el-10_morning_operational_v00.jpg,-0.2821043133735657,-0.2005370408296585,unknown
uj-32_lastvika_uav,data\uav_dataset_color_mild_clean\train\uj-32_lastvika_uav\az270_el-10_noon_clear_operational_v00.jpg,-0.2870032787322998,-0.2005370408296585,unknown
uj-32_lastvika_uav,data\uav_dataset_color_mild_clean\train\uj-32_lastvika_uav\az270_el-25_dusk_operational_v00.jpg,-0.2417306900024414,-0.2005370408296585,unknown
uj-32_lastvika_uav,data\uav_dataset_color_mild_clean\train\uj-32_lastvika_uav\az270_el-25_morning_operational_v00.jpg,-0.2504575848579407,-0.2005370408296585,unknown
uj-32_lastvika_uav,data\uav_dataset_color_mild_clean\train\uj-32_lastvika_uav\az270_el-25_noon_clear_operational_v00.jpg,-0.2139279544353485,-0.2005370408296585,unknown
uj-32_lastvika_uav,data\uav_dataset_color_mild_clean\train\uj-32_lastvika_uav\az270_el-45_dusk_operational_v00.jpg,-0.2546578049659729,-0.2005370408296585,unknown
uj-32_lastvika_uav,data\uav_dataset_color_mild_clean\train\uj-32_lastvika_uav\az270_el-45_morning_operational_v00.jpg,-0.2909579575061798,-0.2005370408296585,unknown
uj-32_lastvika_uav,data\uav_dataset_color_mild_clean\train\uj-32_lastvika_uav\az270_el-45_noon_clear_operational_v00.jpg,-0.25801295042037964,-0.2005370408296585,unknown
uj-32_lastvika_uav,data\uav_dataset_color_mild_clean\train\uj-32_lastvika_uav\az270_el-65_dusk_operational_v00.jpg,-0.28284740447998047,-0.2005370408296585,unknown
uj-32_lastvika_uav,data\uav_dataset_color_mild_clean\train\uj-32_lastvika_uav\az270_el-65_morning_operational_v00.jpg,-0.3156343698501587,-0.2005370408296585,unknown
uj-32_lastvika_uav,data\uav_dataset_color_mild_clean\train\uj-32_lastvika_uav\az270_el-65_noon_clear_operational_v00.jpg,-0.2904285490512848,-0.2005370408296585,unknown
uj-32_lastvika_uav,data\uav_dataset_color_mild_clean\train\uj-32_lastvika_uav\az315_el-10_dusk_operational_v00.jpg,-0.21736392378807068,-0.2005370408296585,unknown
uj-32_lastvika_uav,data\uav_dataset_color_mild_clean\train\uj-32_lastvika_uav\az315_el-10_morning_operational_v00.jpg,-0.2655879855155945,-0.2005370408296585,unknown
uj-32_lastvika_uav,data\uav_dataset_color_mild_clean\train\uj-32_lastvika_uav\az315_el-10_noon_clear_operational_v00.jpg,-0.19261233508586884,-0.2005370408296585,unknown
uj-32_lastvika_uav,data\uav_dataset_color_mild_clean\train\uj-32_lastvika_uav\az315_el-25_dusk_operational_v00.jpg,-0.2877468764781952,-0.2005370408296585,unknown
uj-32_lastvika_uav,data\uav_dataset_color_mild_clean\train\uj-32_lastvika_uav\az315_el-25_morning_operational_v00.jpg,-0.2703329920768738,-0.2005370408296585,unknown
uj-32_lastvika_uav,data\uav_dataset_color_mild_clean\train\uj-32_lastvika_uav\az315_el-25_noon_clear_operational_v00.jpg,-0.3174332082271576,-0.2005370408296585,unknown
uj-32_lastvika_uav,data\uav_dataset_color_mild_clean\train\uj-32_lastvika_uav\az315_el-45_dusk_operational_v00.jpg,-0.24838946759700775,-0.2005370408296585,unknown
uj-32_lastvika_uav,data\uav_dataset_color_mild_clean\train\uj-32_lastvika_uav\az315_el-45_morning_operational_v00.jpg,-0.2872043251991272,-0.2005370408296585,unknown
uj-32_lastvika_uav,data\uav_dataset_color_mild_clean\train\uj-32_lastvika_uav\az315_el-45_noon_clear_operational_v00.jpg,-0.26827067136764526,-0.2005370408296585,unknown
uj-32_lastvika_uav,data\uav_dataset_color_mild_clean\train\uj-32_lastvika_uav\az315_el-65_dusk_operational_v00.jpg,-0.2319115698337555,-0.2005370408296585,unknown
uj-32_lastvika_uav,data\uav_dataset_color_mild_clean\train\uj-32_lastvika_uav\az315_el-65_morning_operational_v00.jpg,-0.24034550786018372,-0.2005370408296585,unknown
uj-32_lastvika_uav,data\uav_dataset_color_mild_clean\train\uj-32_lastvika_uav\az315_el-65_noon_clear_operational_v00.jpg,-0.2943730056285858,-0.2005370408296585,unknown
Ukraine_pavilion_2,data\uav_dataset_color_mild_clean\train\Ukraine_pavilion_2\az000_el-25_noon_clear_operational.jpg,0.9734487533569336,0.983688235282898,MATCH
Ukraine_pavilion_2,data\uav_dataset_color_mild_clean\train\Ukraine_pavilion_2\az000_el-45_noon_clear_operational.jpg,0.9754219055175781,0.983688235282898,MATCH
Ukraine_pavilion_2,data\uav_dataset_color_mild_clean\train\Ukraine_pavilion_2\az000_el-65_noon_clear_operational.jpg,0.9820281863212585,0.983688235282898,MATCH
Ukraine_pavilion_2,data\uav_dataset_color_mild_clean\train\Ukraine_pavilion_2\az036_el-25_noon_clear_operational.jpg,0.9770840406417847,0.983688235282898,MATCH
Ukraine_pavilion_2,data\uav_dataset_color_mild_clean\train\Ukraine_pavilion_2\az036_el-45_noon_clear_operational.jpg,0.972152590751648,0.983688235282898,MATCH
Ukraine_pavilion_2,data\uav_dataset_color_mild_clean\train\Ukraine_pavilion_2\az036_el-65_noon_clear_operational.jpg,0.9797827005386353,0.983688235282898,MATCH
Ukraine_pavilion_2,data\uav_dataset_color_mild_clean\train\Ukraine_pavilion_2\az072_el-25_noon_clear_operational.jpg,0.9745162725448608,0.983688235282898,MATCH
Ukraine_pavilion_2,data\uav_dataset_color_mild_clean\train\Ukraine_pavilion_2\az072_el-45_noon_clear_operational.jpg,0.9796690940856934,0.983688235282898,MATCH
Ukraine_pavilion_2,data\uav_dataset_color_mild_clean\train\Ukraine_pavilion_2\az072_el-65_noon_clear_operational.jpg,0.9732092022895813,0.983688235282898,MATCH
Ukraine_pavilion_2,data\uav_dataset_color_mild_clean\train\Ukraine_pavilion_2\az108_el-25_noon_clear_operational.jpg,0.9788985252380371,0.983688235282898,MATCH
Ukraine_pavilion_2,data\uav_dataset_color_mild_clean\train\Ukraine_pavilion_2\az108_el-45_noon_clear_operational.jpg,0.976179301738739,0.983688235282898,MATCH
Ukraine_pavilion_2,data\uav_dataset_color_mild_clean\train\Ukraine_pavilion_2\az108_el-65_noon_clear_operational.jpg,0.9834951758384705,0.983688235282898,MATCH
Ukraine_pavilion_2,data\uav_dataset_color_mild_clean\train\Ukraine_pavilion_2\az144_el-25_noon_clear_operational.jpg,0.9764594435691833,0.983688235282898,MATCH
Ukraine_pavilion_2,data\uav_dataset_color_mild_clean\train\Ukraine_pavilion_2\az144_el-45_noon_clear_operational.jpg,0.9784061312675476,0.983688235282898,MATCH
Ukraine_pavilion_2,data\uav_dataset_color_mild_clean\train\Ukraine_pavilion_2\az144_el-65_noon_clear_operational.jpg,0.9726293087005615,0.983688235282898,MATCH
Ukraine_pavilion_2,data\uav_dataset_color_mild_clean\train\Ukraine_pavilion_2\az180_el-25_noon_clear_operational.jpg,0.9836499094963074,0.983688235282898,MATCH
Ukraine_pavilion_2,data\uav_dataset_color_mild_clean\train\Ukraine_pavilion_2\az180_el-45_noon_clear_operational.jpg,0.9849269390106201,0.983688235282898,MATCH
Ukraine_pavilion_2,data\uav_dataset_color_mild_clean\train\Ukraine_pavilion_2\az180_el-65_noon_clear_operational.jpg,0.9753748178482056,0.983688235282898,MATCH
Ukraine_pavilion_2,data\uav_dataset_color_mild_clean\train\Ukraine_pavilion_2\az216_el-25_noon_clear_operational.jpg,0.9843410849571228,0.983688235282898,MATCH
Ukraine_pavilion_2,data\uav_dataset_color_mild_clean\train\Ukraine_pavilion_2\az216_el-45_noon_clear_operational.jpg,0.977874755859375,0.983688235282898,MATCH
Ukraine_pavilion_2,data\uav_dataset_color_mild_clean\train\Ukraine_pavilion_2\az216_el-65_noon_clear_operational.jpg,0.976449191570282,0.983688235282898,MATCH
Ukraine_pavilion_2,data\uav_dataset_color_mild_clean\train\Ukraine_pavilion_2\az252_el-25_noon_clear_operational.jpg,0.968380331993103,0.983688235282898,MATCH
Ukraine_pavilion_2,data\uav_dataset_color_mild_clean\train\Ukraine_pavilion_2\az252_el-45_noon_clear_operational.jpg,0.9811199903488159,0.983688235282898,MATCH
Ukraine_pavilion_2,data\uav_dataset_color_mild_clean\train\Ukraine_pavilion_2\az252_el-65_noon_clear_operational.jpg,0.9781156778335571,0.983688235282898,MATCH
Ukraine_pavilion_2,data\uav_dataset_color_mild_clean\train\Ukraine_pavilion_2\az288_el-25_noon_clear_operational.jpg,0.9779740571975708,0.983688235282898,MATCH
Ukraine_pavilion_2,data\uav_dataset_color_mild_clean\train\Ukraine_pavilion_2\az288_el-45_noon_clear_operational.jpg,0.97929447889328,0.983688235282898,MATCH
Ukraine_pavilion_2,data\uav_dataset_color_mild_clean\train\Ukraine_pavilion_2\az288_el-65_noon_clear_operational.jpg,0.9783774018287659,0.983688235282898,MATCH
Ukraine_pavilion_2,data\uav_dataset_color_mild_clean\train\Ukraine_pavilion_2\az324_el-25_noon_clear_operational.jpg,0.9819496273994446,0.983688235282898,MATCH
Ukraine_pavilion_2,data\uav_dataset_color_mild_clean\train\Ukraine_pavilion_2\az324_el-45_noon_clear_operational.jpg,0.9787163734436035,0.983688235282898,MATCH
Ukraine_pavilion_2,data\uav_dataset_color_mild_clean\train\Ukraine_pavilion_2\az324_el-65_noon_clear_operational.jpg,0.9758726358413696,0.983688235282898,MATCH
Ukraine_poseidon,data\uav_dataset_color_mild_clean\train\Ukraine_poseidon\az000_el-25_noon_clear_operational.jpg,0.9737852215766907,0.9833752512931824,MATCH
Ukraine_poseidon,data\uav_dataset_color_mild_clean\train\Ukraine_poseidon\az000_el-45_noon_clear_operational.jpg,0.9760139584541321,0.9833752512931824,MATCH
Ukraine_poseidon,data\uav_dataset_color_mild_clean\train\Ukraine_poseidon\az000_el-65_noon_clear_operational.jpg,0.9822466373443604,0.9833752512931824,MATCH
Ukraine_poseidon,data\uav_dataset_color_mild_clean\train\Ukraine_poseidon\az036_el-25_noon_clear_operational.jpg,0.9771019220352173,0.9833752512931824,MATCH
Ukraine_poseidon,data\uav_dataset_color_mild_clean\train\Ukraine_poseidon\az036_el-45_noon_clear_operational.jpg,0.9736267328262329,0.9833752512931824,MATCH
Ukraine_poseidon,data\uav_dataset_color_mild_clean\train\Ukraine_poseidon\az036_el-65_noon_clear_operational.jpg,0.9798275232315063,0.9833752512931824,MATCH
Ukraine_poseidon,data\uav_dataset_color_mild_clean\train\Ukraine_poseidon\az072_el-25_noon_clear_operational.jpg,0.9754977822303772,0.9833752512931824,MATCH
Ukraine_poseidon,data\uav_dataset_color_mild_clean\train\Ukraine_poseidon\az072_el-45_noon_clear_operational.jpg,0.9796975255012512,0.9833752512931824,MATCH
Ukraine_poseidon,data\uav_dataset_color_mild_clean\train\Ukraine_poseidon\az072_el-65_noon_clear_operational.jpg,0.9734435081481934,0.9833752512931824,MATCH
Ukraine_poseidon,data\uav_dataset_color_mild_clean\train\Ukraine_poseidon\az108_el-25_noon_clear_operational.jpg,0.978851854801178,0.9833752512931824,MATCH
Ukraine_poseidon,data\uav_dataset_color_mild_clean\train\Ukraine_poseidon\az108_el-45_noon_clear_operational.jpg,0.978196382522583,0.9833752512931824,MATCH
Ukraine_poseidon,data\uav_dataset_color_mild_clean\train\Ukraine_poseidon\az108_el-65_noon_clear_operational.jpg,0.9837949275970459,0.9833752512931824,MATCH
Ukraine_poseidon,data\uav_dataset_color_mild_clean\train\Ukraine_poseidon\az144_el-25_noon_clear_operational.jpg,0.97660231590271,0.9833752512931824,MATCH
Ukraine_poseidon,data\uav_dataset_color_mild_clean\train\Ukraine_poseidon\az144_el-45_noon_clear_operational.jpg,0.9780300855636597,0.9833752512931824,MATCH
Ukraine_poseidon,data\uav_dataset_color_mild_clean\train\Ukraine_poseidon\az144_el-65_noon_clear_operational.jpg,0.9741783142089844,0.9833752512931824,MATCH
Ukraine_poseidon,data\uav_dataset_color_mild_clean\train\Ukraine_poseidon\az180_el-25_noon_clear_operational.jpg,0.9837919473648071,0.9833752512931824,MATCH
Ukraine_poseidon,data\uav_dataset_color_mild_clean\train\Ukraine_poseidon\az180_el-45_noon_clear_operational.jpg,0.9823098182678223,0.9833752512931824,MATCH
Ukraine_poseidon,data\uav_dataset_color_mild_clean\train\Ukraine_poseidon\az180_el-65_noon_clear_operational.jpg,0.9766936898231506,0.9833752512931824,MATCH
Ukraine_poseidon,data\uav_dataset_color_mild_clean\train\Ukraine_poseidon\az216_el-25_noon_clear_operational.jpg,0.9847327470779419,0.9833752512931824,MATCH
Ukraine_poseidon,data\uav_dataset_color_mild_clean\train\Ukraine_poseidon\az216_el-45_noon_clear_operational.jpg,0.9784333109855652,0.9833752512931824,MATCH
Ukraine_poseidon,data\uav_dataset_color_mild_clean\train\Ukraine_poseidon\az216_el-65_noon_clear_operational.jpg,0.9749201536178589,0.9833752512931824,MATCH
Ukraine_poseidon,data\uav_dataset_color_mild_clean\train\Ukraine_poseidon\az252_el-25_noon_clear_operational.jpg,0.9692820906639099,0.9833752512931824,MATCH
Ukraine_poseidon,data\uav_dataset_color_mild_clean\train\Ukraine_poseidon\az252_el-45_noon_clear_operational.jpg,0.9810648560523987,0.9833752512931824,MATCH
Ukraine_poseidon,data\uav_dataset_color_mild_clean\train\Ukraine_poseidon\az252_el-65_noon_clear_operational.jpg,0.9795323014259338,0.9833752512931824,MATCH
Ukraine_poseidon,data\uav_dataset_color_mild_clean\train\Ukraine_poseidon\az288_el-25_noon_clear_operational.jpg,0.9778130650520325,0.9833752512931824,MATCH
Ukraine_poseidon,data\uav_dataset_color_mild_clean\train\Ukraine_poseidon\az288_el-45_noon_clear_operational.jpg,0.98186194896698,0.9833752512931824,MATCH
Ukraine_poseidon,data\uav_dataset_color_mild_clean\train\Ukraine_poseidon\az288_el-65_noon_clear_operational.jpg,0.9783056974411011,0.9833752512931824,MATCH
Ukraine_poseidon,data\uav_dataset_color_mild_clean\train\Ukraine_poseidon\az324_el-25_noon_clear_operational.jpg,0.9821254014968872,0.9833752512931824,MATCH
Ukraine_poseidon,data\uav_dataset_color_mild_clean\train\Ukraine_poseidon\az324_el-45_noon_clear_operational.jpg,0.9782630205154419,0.9833752512931824,MATCH
Ukraine_poseidon,data\uav_dataset_color_mild_clean\train\Ukraine_poseidon\az324_el-65_noon_clear_operational.jpg,0.975953996181488,0.9833752512931824,MATCH
zala_421_16e2,data\uav_dataset_color_mild_clean\train\zala_421_16e2\az000_el-10_dusk_operational_v00.jpg,-0.12421777099370956,-0.07072126865386963,unknown
zala_421_16e2,data\uav_dataset_color_mild_clean\train\zala_421_16e2\az000_el-10_morning_operational_v00.jpg,-0.21976150572299957,-0.07072126865386963,unknown
zala_421_16e2,data\uav_dataset_color_mild_clean\train\zala_421_16e2\az000_el-10_noon_clear_operational_v00.jpg,-0.04878269135951996,-0.07072126865386963,unknown
zala_421_16e2,data\uav_dataset_color_mild_clean\train\zala_421_16e2\az000_el-25_dusk_operational_v00.jpg,-0.14609429240226746,-0.07072126865386963,unknown
zala_421_16e2,data\uav_dataset_color_mild_clean\train\zala_421_16e2\az000_el-25_morning_operational_v00.jpg,-0.1280331313610077,-0.07072126865386963,unknown
zala_421_16e2,data\uav_dataset_color_mild_clean\train\zala_421_16e2\az000_el-25_noon_clear_operational_v00.jpg,-0.1089869812130928,-0.07072126865386963,unknown
zala_421_16e2,data\uav_dataset_color_mild_clean\train\zala_421_16e2\az000_el-45_dusk_operational_v00.jpg,-0.10764872282743454,-0.07072126865386963,unknown
zala_421_16e2,data\uav_dataset_color_mild_clean\train\zala_421_16e2\az000_el-45_morning_operational_v00.jpg,-0.1128106340765953,-0.07072126865386963,unknown
zala_421_16e2,data\uav_dataset_color_mild_clean\train\zala_421_16e2\az000_el-45_noon_clear_operational_v00.jpg,-0.1296355426311493,-0.07072126865386963,unknown
zala_421_16e2,data\uav_dataset_color_mild_clean\train\zala_421_16e2\az000_el-65_dusk_operational_v00.jpg,-0.14511112868785858,-0.07072126865386963,unknown
zala_421_16e2,data\uav_dataset_color_mild_clean\train\zala_421_16e2\az000_el-65_morning_operational_v00.jpg,-0.12936940789222717,-0.07072126865386963,unknown
zala_421_16e2,data\uav_dataset_color_mild_clean\train\zala_421_16e2\az000_el-65_noon_clear_operational_v00.jpg,-0.08560097962617874,-0.07072126865386963,unknown
zala_421_16e2,data\uav_dataset_color_mild_clean\train\zala_421_16e2\az045_el-10_dusk_operational_v00.jpg,-0.0866323858499527,-0.07072126865386963,unknown
zala_421_16e2,data\uav_dataset_color_mild_clean\train\zala_421_16e2\az045_el-10_morning_operational_v00.jpg,-0.10055835545063019,-0.07072126865386963,unknown
zala_421_16e2,data\uav_dataset_color_mild_clean\train\zala_421_16e2\az045_el-10_noon_clear_operational_v00.jpg,-0.29408448934555054,-0.07072126865386963,unknown
zala_421_16e2,data\uav_dataset_color_mild_clean\train\zala_421_16e2\az045_el-25_dusk_operational_v00.jpg,-0.13750767707824707,-0.07072126865386963,unknown
zala_421_16e2,data\uav_dataset_color_mild_clean\train\zala_421_16e2\az045_el-25_morning_operational_v00.jpg,-0.1162995994091034,-0.07072126865386963,unknown
zala_421_16e2,data\uav_dataset_color_mild_clean\train\zala_421_16e2\az045_el-25_noon_clear_operational_v00.jpg,-0.11245141178369522,-0.07072126865386963,unknown
zala_421_16e2,data\uav_dataset_color_mild_clean\train\zala_421_16e2\az045_el-45_dusk_operational_v00.jpg,-0.14038287103176117,-0.07072126865386963,unknown
zala_421_16e2,data\uav_dataset_color_mild_clean\train\zala_421_16e2\az045_el-45_morning_operational_v00.jpg,-0.11743277311325073,-0.07072126865386963,unknown
zala_421_16e2,data\uav_dataset_color_mild_clean\train\zala_421_16e2\az045_el-45_noon_clear_operational_v00.jpg,-0.11716265976428986,-0.07072126865386963,unknown
zala_421_16e2,data\uav_dataset_color_mild_clean\train\zala_421_16e2\az045_el-65_dusk_operational_v00.jpg,-0.13463041186332703,-0.07072126865386963,unknown
zala_421_16e2,data\uav_dataset_color_mild_clean\train\zala_421_16e2\az045_el-65_morning_operational_v00.jpg,-0.11306182295084,-0.07072126865386963,unknown
zala_421_16e2,data\uav_dataset_color_mild_clean\train\zala_421_16e2\az045_el-65_noon_clear_operational_v00.jpg,-0.14271125197410583,-0.07072126865386963,unknown
zala_421_16e2,data\uav_dataset_color_mild_clean\train\zala_421_16e2\az090_el-10_dusk_operational_v00.jpg,-0.12118051201105118,-0.07072126865386963,unknown
zala_421_16e2,data\uav_dataset_color_mild_clean\train\zala_421_16e2\az090_el-10_morning_operational_v00.jpg,-0.09603698551654816,-0.07072126865386963,unknown
zala_421_16e2,data\uav_dataset_color_mild_clean\train\zala_421_16e2\az090_el-10_noon_clear_operational_v00.jpg,-0.06884054094552994,-0.07072126865386963,unknown
zala_421_16e2,data\uav_dataset_color_mild_clean\train\zala_421_16e2\az090_el-25_dusk_operational_v00.jpg,-0.14463931322097778,-0.07072126865386963,unknown
zala_421_16e2,data\uav_dataset_color_mild_clean\train\zala_421_16e2\az090_el-25_morning_operational_v00.jpg,-0.13125598430633545,-0.07072126865386963,unknown
zala_421_16e2,data\uav_dataset_color_mild_clean\train\zala_421_16e2\az090_el-25_noon_clear_operational_v00.jpg,-0.1470862627029419,-0.07072126865386963,unknown
zala_421_16e2,data\uav_dataset_color_mild_clean\train\zala_421_16e2\az090_el-45_dusk_operational_v00.jpg,-0.11616206169128418,-0.07072126865386963,unknown
zala_421_16e2,data\uav_dataset_color_mild_clean\train\zala_421_16e2\az090_el-45_morning_operational_v00.jpg,-0.1355123370885849,-0.07072126865386963,unknown
zala_421_16e2,data\uav_dataset_color_mild_clean\train\zala_421_16e2\az090_el-45_noon_clear_operational_v00.jpg,-0.1009259894490242,-0.07072126865386963,unknown
zala_421_16e2,data\uav_dataset_color_mild_clean\train\zala_421_16e2\az090_el-65_dusk_operational_v00.jpg,-0.16139739751815796,-0.07072126865386963,unknown
zala_421_16e2,data\uav_dataset_color_mild_clean\train\zala_421_16e2\az090_el-65_morning_operational_v00.jpg,-0.17568442225456238,-0.07072126865386963,unknown
zala_421_16e2,data\uav_dataset_color_mild_clean\train\zala_421_16e2\az090_el-65_noon_clear_operational_v00.jpg,-0.12733760476112366,-0.07072126865386963,unknown
zala_421_16e2,data\uav_dataset_color_mild_clean\train\zala_421_16e2\az135_el-10_dusk_operational_v00.jpg,-0.15339882671833038,-0.07072126865386963,unknown
zala_421_16e2,data\uav_dataset_color_mild_clean\train\zala_421_16e2\az135_el-10_morning_operational_v00.jpg,-0.13654382526874542,-0.07072126865386963,unknown
zala_421_16e2,data\uav_dataset_color_mild_clean\train\zala_421_16e2\az135_el-10_noon_clear_operational_v00.jpg,-0.10286669433116913,-0.07072126865386963,unknown
zala_421_16e2,data\uav_dataset_color_mild_clean\train\zala_421_16e2\az135_el-25_dusk_operational_v00.jpg,-0.10793448984622955,-0.07072126865386963,unknown
zala_421_16e2,data\uav_dataset_color_mild_clean\train\zala_421_16e2\az135_el-25_morning_operational_v00.jpg,-0.14847958087921143,-0.07072126865386963,unknown
zala_421_16e2,data\uav_dataset_color_mild_clean\train\zala_421_16e2\az135_el-25_noon_clear_operational_v00.jpg,-0.10502631217241287,-0.07072126865386963,unknown
zala_421_16e2,data\uav_dataset_color_mild_clean\train\zala_421_16e2\az135_el-45_dusk_operational_v00.jpg,-0.1607866883277893,-0.07072126865386963,unknown
zala_421_16e2,data\uav_dataset_color_mild_clean\train\zala_421_16e2\az135_el-45_morning_operational_v00.jpg,-0.1750459372997284,-0.07072126865386963,unknown
zala_421_16e2,data\uav_dataset_color_mild_clean\train\zala_421_16e2\az135_el-45_noon_clear_operational_v00.jpg,-0.12107371538877487,-0.07072126865386963,unknown
zala_421_16e2,data\uav_dataset_color_mild_clean\train\zala_421_16e2\az135_el-65_dusk_operational_v00.jpg,-0.1510932445526123,-0.07072126865386963,unknown
zala_421_16e2,data\uav_dataset_color_mild_clean\train\zala_421_16e2\az135_el-65_morning_operational_v00.jpg,-0.17787638306617737,-0.07072126865386963,unknown
zala_421_16e2,data\uav_dataset_color_mild_clean\train\zala_421_16e2\az135_el-65_noon_clear_operational_v00.jpg,-0.14677488803863525,-0.07072126865386963,unknown
zala_421_16e2,data\uav_dataset_color_mild_clean\train\zala_421_16e2\az180_el-10_dusk_operational_v00.jpg,-0.09662000834941864,-0.07072126865386963,unknown
zala_421_16e2,data\uav_dataset_color_mild_clean\train\zala_421_16e2\az180_el-10_morning_operational_v00.jpg,-0.11105577647686005,-0.07072126865386963,unknown
zala_421_16e2,data\uav_dataset_color_mild_clean\train\zala_421_16e2\az180_el-10_noon_clear_operational_v00.jpg,-0.1606823205947876,-0.07072126865386963,unknown
zala_421_16e2,data\uav_dataset_color_mild_clean\train\zala_421_16e2\az180_el-25_dusk_operational_v00.jpg,-0.14368602633476257,-0.07072126865386963,unknown
zala_421_16e2,data\uav_dataset_color_mild_clean\train\zala_421_16e2\az180_el-25_morning_operational_v00.jpg,-0.10277064144611359,-0.07072126865386963,unknown
zala_421_16e2,data\uav_dataset_color_mild_clean\train\zala_421_16e2\az180_el-25_noon_clear_operational_v00.jpg,-0.14615434408187866,-0.07072126865386963,unknown
zala_421_16e2,data\uav_dataset_color_mild_clean\train\zala_421_16e2\az180_el-45_dusk_operational_v00.jpg,-0.116641104221344,-0.07072126865386963,unknown
zala_421_16e2,data\uav_dataset_color_mild_clean\train\zala_421_16e2\az180_el-45_morning_operational_v00.jpg,-0.1056530624628067,-0.07072126865386963,unknown
zala_421_16e2,data\uav_dataset_color_mild_clean\train\zala_421_16e2\az180_el-45_noon_clear_operational_v00.jpg,-0.10703087598085403,-0.07072126865386963,unknown
zala_421_16e2,data\uav_dataset_color_mild_clean\train\zala_421_16e2\az180_el-65_dusk_operational_v00.jpg,-0.15646952390670776,-0.07072126865386963,unknown
zala_421_16e2,data\uav_dataset_color_mild_clean\train\zala_421_16e2\az180_el-65_morning_operational_v00.jpg,-0.13401740789413452,-0.07072126865386963,unknown
zala_421_16e2,data\uav_dataset_color_mild_clean\train\zala_421_16e2\az180_el-65_noon_clear_operational_v00.jpg,-0.15990018844604492,-0.07072126865386963,unknown
zala_421_16e2,data\uav_dataset_color_mild_clean\train\zala_421_16e2\az225_el-10_dusk_operational_v00.jpg,-0.063749760389328,-0.07072126865386963,unknown
zala_421_16e2,data\uav_dataset_color_mild_clean\train\zala_421_16e2\az225_el-10_morning_operational_v00.jpg,-0.12067519128322601,-0.07072126865386963,unknown
zala_421_16e2,data\uav_dataset_color_mild_clean\train\zala_421_16e2\az225_el-10_noon_clear_operational_v00.jpg,-0.17286494374275208,-0.07072126865386963,unknown
zala_421_16e2,data\uav_dataset_color_mild_clean\train\zala_421_16e2\az225_el-25_dusk_operational_v00.jpg,-0.13805262744426727,-0.07072126865386963,unknown
zala_421_16e2,data\uav_dataset_color_mild_clean\train\zala_421_16e2\az225_el-25_morning_operational_v00.jpg,-0.16892331838607788,-0.07072126865386963,unknown
zala_421_16e2,data\uav_dataset_color_mild_clean\train\zala_421_16e2\az225_el-25_noon_clear_operational_v00.jpg,-0.1462397575378418,-0.07072126865386963,unknown
zala_421_16e2,data\uav_dataset_color_mild_clean\train\zala_421_16e2\az225_el-45_dusk_operational_v00.jpg,-0.1488417387008667,-0.07072126865386963,unknown
zala_421_16e2,data\uav_dataset_color_mild_clean\train\zala_421_16e2\az225_el-45_morning_operational_v00.jpg,-0.1000608503818512,-0.07072126865386963,unknown
zala_421_16e2,data\uav_dataset_color_mild_clean\train\zala_421_16e2\az225_el-45_noon_clear_operational_v00.jpg,-0.14651522040367126,-0.07072126865386963,unknown
zala_421_16e2,data\uav_dataset_color_mild_clean\train\zala_421_16e2\az225_el-65_dusk_operational_v00.jpg,-0.12924201786518097,-0.07072126865386963,unknown
zala_421_16e2,data\uav_dataset_color_mild_clean\train\zala_421_16e2\az225_el-65_morning_operational_v00.jpg,-0.14873559772968292,-0.07072126865386963,unknown
zala_421_16e2,data\uav_dataset_color_mild_clean\train\zala_421_16e2\az225_el-65_noon_clear_operational_v00.jpg,-0.13807913661003113,-0.07072126865386963,unknown
zala_421_16e2,data\uav_dataset_color_mild_clean\train\zala_421_16e2\az270_el-10_dusk_operational_v00.jpg,-0.13730818033218384,-0.07072126865386963,unknown
zala_421_16e2,data\uav_dataset_color_mild_clean\train\zala_421_16e2\az270_el-10_morning_operational_v00.jpg,-0.10558725893497467,-0.07072126865386963,unknown
zala_421_16e2,data\uav_dataset_color_mild_clean\train\zala_421_16e2\az270_el-10_noon_clear_operational_v00.jpg,-0.12815624475479126,-0.07072126865386963,unknown
zala_421_16e2,data\uav_dataset_color_mild_clean\train\zala_421_16e2\az270_el-25_dusk_operational_v00.jpg,-0.12279973179101944,-0.07072126865386963,unknown
zala_421_16e2,data\uav_dataset_color_mild_clean\train\zala_421_16e2\az270_el-25_morning_operational_v00.jpg,-0.18235242366790771,-0.07072126865386963,unknown
zala_421_16e2,data\uav_dataset_color_mild_clean\train\zala_421_16e2\az270_el-25_noon_clear_operational_v00.jpg,-0.1105586588382721,-0.07072126865386963,unknown
zala_421_16e2,data\uav_dataset_color_mild_clean\train\zala_421_16e2\az270_el-45_dusk_operational_v00.jpg,-0.11344296485185623,-0.07072126865386963,unknown
zala_421_16e2,data\uav_dataset_color_mild_clean\train\zala_421_16e2\az270_el-45_morning_operational_v00.jpg,-0.12931150197982788,-0.07072126865386963,unknown
zala_421_16e2,data\uav_dataset_color_mild_clean\train\zala_421_16e2\az270_el-45_noon_clear_operational_v00.jpg,-0.15540334582328796,-0.07072126865386963,unknown
zala_421_16e2,data\uav_dataset_color_mild_clean\train\zala_421_16e2\az270_el-65_dusk_operational_v00.jpg,-0.16708368062973022,-0.07072126865386963,unknown
zala_421_16e2,data\uav_dataset_color_mild_clean\train\zala_421_16e2\az270_el-65_morning_operational_v00.jpg,-0.1667075753211975,-0.07072126865386963,unknown
zala_421_16e2,data\uav_dataset_color_mild_clean\train\zala_421_16e2\az270_el-65_noon_clear_operational_v00.jpg,-0.1301458477973938,-0.07072126865386963,unknown
zala_421_16e2,data\uav_dataset_color_mild_clean\train\zala_421_16e2\az315_el-10_dusk_operational_v00.jpg,-0.1419941633939743,-0.07072126865386963,unknown
zala_421_16e2,data\uav_dataset_color_mild_clean\train\zala_421_16e2\az315_el-10_morning_operational_v00.jpg,-0.11757390201091766,-0.07072126865386963,unknown
zala_421_16e2,data\uav_dataset_color_mild_clean\train\zala_421_16e2\az315_el-10_noon_clear_operational_v00.jpg,-0.1816796064376831,-0.07072126865386963,unknown
zala_421_16e2,data\uav_dataset_color_mild_clean\train\zala_421_16e2\az315_el-25_dusk_operational_v00.jpg,-0.09829500317573547,-0.07072126865386963,unknown
zala_421_16e2,data\uav_dataset_color_mild_clean\train\zala_421_16e2\az315_el-25_morning_operational_v00.jpg,-0.13024328649044037,-0.07072126865386963,unknown
zala_421_16e2,data\uav_dataset_color_mild_clean\train\zala_421_16e2\az315_el-25_noon_clear_operational_v00.jpg,-0.1630440056324005,-0.07072126865386963,unknown
zala_421_16e2,data\uav_dataset_color_mild_clean\train\zala_421_16e2\az315_el-45_dusk_operational_v00.jpg,-0.1529282033443451,-0.07072126865386963,unknown
zala_421_16e2,data\uav_dataset_color_mild_clean\train\zala_421_16e2\az315_el-45_morning_operational_v00.jpg,-0.13604646921157837,-0.07072126865386963,unknown
zala_421_16e2,data\uav_dataset_color_mild_clean\train\zala_421_16e2\az315_el-45_noon_clear_operational_v00.jpg,-0.18794244527816772,-0.07072126865386963,unknown
zala_421_16e2,data\uav_dataset_color_mild_clean\train\zala_421_16e2\az315_el-65_dusk_operational_v00.jpg,-0.1528593897819519,-0.07072126865386963,unknown
zala_421_16e2,data\uav_dataset_color_mild_clean\train\zala_421_16e2\az315_el-65_morning_operational_v00.jpg,-0.12166424095630646,-0.07072126865386963,unknown
zala_421_16e2,data\uav_dataset_color_mild_clean\train\zala_421_16e2\az315_el-65_noon_clear_operational_v00.jpg,-0.12794166803359985,-0.07072126865386963,unknown
