  0
SECTION
  2
HEADER
  9
$ACADVER
  1
AC1009
  9
$FILLMODE
 70
0
  9
$EXTMIN
 10
-1.0160
 20
-1.0160
 30
0.0000
  9
$EXTMAX
 10
173.6005
 20
196.4585
 30
0.0000
  0
ENDSEC
  0
SECTION
  2
TABLES
  0
TABLE
  2
LTYPE
 70
1
  0
LTYPE
  2
CONTINUOUS
 70
64
  3
Solid line
 72
65
 73
0
 40
0
  0
ENDTAB
  0
TABLE
  2
LAYER
 70
255
  0
LAYER
  2
17
 70
64
 62
82
  6
CONTINUOUS
  0
LAYER
  2
20
 70
64
 62
7
  6
CONTINUOUS
  0
LAYER
  2
22
 70
64
 62
253
  6
CONTINUOUS
  0
LAYER
  2
24
 70
64
 62
7
  6
CONTINUOUS
  0
ENDTAB
  0
ENDSEC
  0
SECTION
  2
BLOCKS
  0
BLOCK
  8
0
  2
RECT
 70
64
 10
0.0000
 20
0.0000
 30
0.0000
  3
RECT
  0
SOLID
  8
0
 10
-0.5000
 20
-0.5000
 30
0.0000
 11
0.5000
 21
-0.5000
 31
0.0000
 12
-0.5000
 22
0.5000
 32
0.0000
 13
0.5000
 23
0.5000
 33
0.0000
  0
ENDBLK
  8
0
  0
BLOCK
  8
0
  2
PIE
 70
64
 10
0.0000
 20
0.0000
 30
0.0000
  3
PIE
  0
CIRCLE
  8
0
 10
0.0000
 20
0.0000
 30
0.0000
 40
0.5000
  0
ENDBLK
  8
0
  0
BLOCK
  8
0
  2
OCTAGONP
 70
64
 10
0.0000
 20
0.0000
 30
0.0000
  3
OCTAGONP
  0
POLYLINE
  8
0
 66
1
 10
0.0000
 20
0.0000
 30
0.0000
 40
0.0000
 41
0.0000
 70
1
  0
VERTEX
  8
0
 10
-0.5000
 20
-0.2071
 30
0.0000
  0
VERTEX
  8
0
 10
-0.5000
 20
0.2071
 30
0.0000
  0
VERTEX
  8
0
 10
-0.2071
 20
0.5000
 30
0.0000
  0
VERTEX
  8
0
 10
0.2071
 20
0.5000
 30
0.0000
  0
VERTEX
  8
0
 10
0.5000
 20
0.2071
 30
0.0000
  0
VERTEX
  8
0
 10
0.5000
 20
-0.2071
 30
0.0000
  0
VERTEX
  8
0
 10
0.2071
 20
-0.5000
 30
0.0000
  0
VERTEX
  8
0
 10
-0.2071
 20
-0.5000
 30
0.0000
  0
SEQEND
  8
0
  0
ENDBLK
  8
0
  0
BLOCK
  8
0
  2
SQUAREP
 70
64
 10
0.0000
 20
0.0000
 30
0.0000
  3
SQUAREP
  0
SOLID
  8
0
 10
-0.5000
 20
-0.5000
 30
0.0000
 11
0.5000
 21
-0.5000
 31
0.0000
 12
-0.5000
 22
0.5000
 32
0.0000
 13
0.5000
 23
0.5000
 33
0.0000
  0
ENDBLK
  8
0
  0
BLOCK
  8
0
  2
ROUNDP
 70
64
 10
0.0000
 20
0.0000
 30
0.0000
  3
ROUNDP
  0
CIRCLE
  8
0
 10
0.0000
 20
0.0000
 30
0.0000
 40
0.5000
  0
ENDBLK
  8
0
  0
BLOCK
  8
0
  2
ANNULUSP
 70
64
 10
0.0000
 20
0.0000
 30
0.0000
  3
ANNULUSP
  0
CIRCLE
  8
0
 10
0.0000
 20
0.0000
 30
0.0000
 40
0.5000
  0
ENDBLK
  8
0
  0
BLOCK
  8
0
  2
THERMALP
 70
64
 10
0.0000
 20
0.0000
 30
0.0000
  3
THERMALP
  0
LINE
  8
0
 10
-0.2379
 20
0.4500
 30
0.0000
 11
0.2379
 21
0.4500
 31
0.0000
  0
LINE
  8
0
 10
0.4500
 20
0.2379
 30
0.0000
 11
0.4500
 21
-0.2379
 31
0.0000
  0
LINE
  8
0
 10
0.2379
 20
-0.4500
 30
0.0000
 11
-0.2379
 21
-0.4500
 31
0.0000
  0
LINE
  8
0
 10
-0.4500
 20
-0.2379
 30
0.0000
 11
-0.4500
 21
0.2379
 31
0.0000
  0
ENDBLK
  8
0
  0
BLOCK
  8
0
  2
OCTAGONV
 70
64
 10
0.0000
 20
0.0000
 30
0.0000
  3
OCTAGONV
  0
POLYLINE
  8
0
 66
1
 10
0.0000
 20
0.0000
 30
0.0000
 40
0.0000
 41
0.0000
 70
1
  0
VERTEX
  8
0
 10
-0.5000
 20
-0.2071
 30
0.0000
  0
VERTEX
  8
0
 10
-0.5000
 20
0.2071
 30
0.0000
  0
VERTEX
  8
0
 10
-0.2071
 20
0.5000
 30
0.0000
  0
VERTEX
  8
0
 10
0.2071
 20
0.5000
 30
0.0000
  0
VERTEX
  8
0
 10
0.5000
 20
0.2071
 30
0.0000
  0
VERTEX
  8
0
 10
0.5000
 20
-0.2071
 30
0.0000
  0
VERTEX
  8
0
 10
0.2071
 20
-0.5000
 30
0.0000
  0
VERTEX
  8
0
 10
-0.2071
 20
-0.5000
 30
0.0000
  0
SEQEND
  8
0
  0
ENDBLK
  8
0
  0
BLOCK
  8
0
  2
SQUAREV
 70
64
 10
0.0000
 20
0.0000
 30
0.0000
  3
SQUAREV
  0
SOLID
  8
0
 10
-0.5000
 20
-0.5000
 30
0.0000
 11
0.5000
 21
-0.5000
 31
0.0000
 12
-0.5000
 22
0.5000
 32
0.0000
 13
0.5000
 23
0.5000
 33
0.0000
  0
ENDBLK
  8
0
  0
BLOCK
  8
0
  2
ROUNDV
 70
64
 10
0.0000
 20
0.0000
 30
0.0000
  3
ROUNDV
  0
CIRCLE
  8
0
 10
0.0000
 20
0.0000
 30
0.0000
 40
0.5000
  0
ENDBLK
  8
0
  0
BLOCK
  8
0
  2
ANNULUSV
 70
64
 10
0.0000
 20
0.0000
 30
0.0000
  3
ANNULUSV
  0
CIRCLE
  8
0
 10
0.0000
 20
0.0000
 30
0.0000
 40
0.5000
  0
ENDBLK
  8
0
  0
BLOCK
  8
0
  2
THERMALV
 70
64
 10
0.0000
 20
0.0000
 30
0.0000
  3
THERMALV
  0
LINE
  8
0
 10
-0.2379
 20
0.4500
 30
0.0000
 11
0.2379
 21
0.4500
 31
0.0000
  0
LINE
  8
0
 10
0.4500
 20
0.2379
 30
0.0000
 11
0.4500
 21
-0.2379
 31
0.0000
  0
LINE
  8
0
 10
0.2379
 20
-0.4500
 30
0.0000
 11
-0.2379
 21
-0.4500
 31
0.0000
  0
LINE
  8
0
 10
-0.4500
 20
-0.2379
 30
0.0000
 11
-0.4500
 21
0.2379
 31
0.0000
  0
ENDBLK
  8
0
  0
ENDSEC
  0
SECTION
  2
ENTITIES
  0
LINE
  8
20
 10
62.5000
 20
95.6580
 30
0.0000
 11
62.5000
 21
91.1000
 31
0.0000
  0
ARC
  8
20
 10
62.0000
 20
91.1000
 30
0.0000
 40
0.5000
 50
270.0000
 51
0.0000
  0
LINE
  8
20
 10
62.0000
 20
90.6000
 30
0.0000
 11
55.5000
 21
90.6000
 31
0.0000
  0
ARC
  8
20
 10
55.5000
 20
91.1000
 30
0.0000
 40
0.5000
 50
180.0000
 51
270.0000
  0
LINE
  8
20
 10
55.0000
 20
91.1000
 30
0.0000
 11
55.0000
 21
97.4000
 31
0.0000
  0
ARC
  8
20
 10
54.5000
 20
97.4000
 30
0.0000
 40
0.5000
 50
0.0000
 51
90.0000
  0
LINE
  8
20
 10
54.5000
 20
97.9000
 30
0.0000
 11
8.5000
 21
97.9000
 31
0.0000
  0
ARC
  8
20
 10
8.5000
 20
97.4000
 30
0.0000
 40
0.5000
 50
90.0000
 51
180.0000
  0
LINE
  8
20
 10
8.0000
 20
97.4000
 30
0.0000
 11
8.0000
 21
79.4000
 31
0.0000
  0
ARC
  8
20
 10
10.0000
 20
79.4000
 30
0.0000
 40
2.0000
 50
180.0000
 51
270.0000
  0
LINE
  8
20
 10
10.0000
 20
77.4000
 30
0.0000
 11
14.2520
 21
77.4000
 31
0.0000
  0
ARC
  8
20
 10
14.2520
 20
71.4000
 30
0.0000
 40
6.0000
 50
0.0000
 51
90.0000
  0
LINE
  8
20
 10
20.2520
 20
71.4000
 30
0.0000
 11
20.2520
 21
65.9000
 31
0.0000
  0
ARC
  8
20
 10
22.2520
 20
65.9000
 30
0.0000
 40
2.0000
 50
180.0000
 51
270.0000
  0
LINE
  8
20
 10
22.2520
 20
63.9000
 30
0.0000
 11
54.5000
 21
63.9000
 31
0.0000
  0
ARC
  8
20
 10
54.5000
 20
64.4000
 30
0.0000
 40
0.5000
 50
270.0000
 51
0.0000
  0
LINE
  8
20
 10
55.0000
 20
64.4000
 30
0.0000
 11
55.0000
 21
68.8000
 31
0.0000
  0
ARC
  8
20
 10
55.5000
 20
68.8000
 30
0.0000
 40
0.5000
 50
90.0000
 51
180.0000
  0
LINE
  8
20
 10
55.5000
 20
69.3000
 30
0.0000
 11
62.0000
 21
69.3000
 31
0.0000
  0
ARC
  8
20
 10
62.0000
 20
68.8000
 30
0.0000
 40
0.5000
 50
0.0000
 51
90.0000
  0
LINE
  8
20
 10
62.5000
 20
68.8000
 30
0.0000
 11
62.5000
 21
66.1420
 31
0.0000
  0
ARC
  8
20
 10
63.0000
 20
66.1420
 30
0.0000
 40
0.5000
 50
180.0000
 51
270.0000
  0
LINE
  8
20
 10
63.0000
 20
65.6420
 30
0.0000
 11
69.3000
 21
65.6420
 31
0.0000
  0
ARC
  8
20
 10
69.3000
 20
66.1420
 30
0.0000
 40
0.5000
 50
270.0000
 51
0.0000
  0
LINE
  8
20
 10
69.8000
 20
66.1420
 30
0.0000
 11
69.8000
 21
68.2000
 31
0.0000
  0
ARC
  8
20
 10
110.8000
 20
8.5000
 30
0.0000
 40
0.5000
 50
270.0000
 51
0.0000
  0
LINE
  8
20
 10
110.8000
 20
8.0000
 30
0.0000
 11
59.8000
 21
8.0000
 31
0.0000
  0
ARC
  8
20
 10
59.8000
 20
8.5000
 30
0.0000
 40
0.5000
 50
180.0000
 51
270.0000
  0
LINE
  8
20
 10
59.3000
 20
8.5000
 30
0.0000
 11
59.3000
 21
62.0000
 31
0.0000
  0
ARC
  8
20
 10
59.8000
 20
62.0000
 30
0.0000
 40
0.5000
 50
90.0000
 51
180.0000
  0
LINE
  8
20
 10
59.8000
 20
62.5000
 30
0.0000
 11
69.3000
 21
62.5000
 31
0.0000
  0
ARC
  8
20
 10
69.3000
 20
62.0000
 30
0.0000
 40
0.5000
 50
0.0000
 51
90.0000
  0
LINE
  8
20
 10
69.8000
 20
62.0000
 30
0.0000
 11
69.8000
 21
55.7000
 31
0.0000
  0
ARC
  8
20
 10
70.3000
 20
55.7000
 30
0.0000
 40
0.5000
 50
180.0000
 51
270.0000
  0
LINE
  8
20
 10
70.3000
 20
68.7000
 30
0.0000
 11
71.8000
 21
68.7000
 31
0.0000
  0
ARC
  8
20
 10
71.8000
 20
68.2000
 30
0.0000
 40
0.5000
 50
0.0000
 51
90.0000
  0
LINE
  8
20
 10
72.3000
 20
68.2000
 30
0.0000
 11
72.3000
 21
55.7000
 31
0.0000
  0
ARC
  8
20
 10
71.8000
 20
55.7000
 30
0.0000
 40
0.5000
 50
270.0000
 51
0.0000
  0
LINE
  8
20
 10
71.8000
 20
55.2000
 30
0.0000
 11
70.3000
 21
55.2000
 31
0.0000
  0
ARC
  8
20
 10
110.8000
 20
54.7000
 30
0.0000
 40
0.5000
 50
0.0000
 51
90.0000
  0
LINE
  8
20
 10
111.3000
 20
54.7000
 30
0.0000
 11
111.3000
 21
8.5000
 31
0.0000
  0
LINE
  8
20
 10
92.7000
 20
152.1000
 30
0.0000
 11
92.7000
 21
160.5000
 31
0.0000
  0
ARC
  8
20
 10
93.2000
 20
160.5000
 30
0.0000
 40
0.5000
 50
90.0000
 51
180.0000
  0
LINE
  8
20
 10
93.2000
 20
161.0000
 30
0.0000
 11
97.8500
 21
161.0000
 31
0.0000
  0
ARC
  8
20
 10
93.2000
 20
152.1000
 30
0.0000
 40
0.5000
 50
180.0000
 51
270.0000
  0
LINE
  8
20
 10
93.2000
 20
151.6000
 30
0.0000
 11
110.3000
 21
151.6000
 31
0.0000
  0
ARC
  8
20
 10
97.8500
 20
161.5000
 30
0.0000
 40
0.5000
 50
270.0000
 51
0.0000
  0
LINE
  8
20
 10
98.3500
 20
161.5000
 30
0.0000
 11
98.3500
 21
168.7000
 31
0.0000
  0
ARC
  8
20
 10
98.8500
 20
168.7000
 30
0.0000
 40
0.5000
 50
90.0000
 51
180.0000
  0
LINE
  8
20
 10
98.8500
 20
169.2000
 30
0.0000
 11
122.1000
 21
169.2000
 31
0.0000
  0
ARC
  8
20
 10
122.1000
 20
168.7000
 30
0.0000
 40
0.5000
 50
0.0000
 51
90.0000
  0
LINE
  8
20
 10
122.6000
 20
168.7000
 30
0.0000
 11
122.6000
 21
164.6000
 31
0.0000
  0
ARC
  8
20
 10
122.1000
 20
164.6000
 30
0.0000
 40
0.5000
 50
270.0000
 51
0.0000
  0
LINE
  8
20
 10
122.1000
 20
164.1000
 30
0.0000
 11
119.7000
 21
164.1000
 31
0.0000
  0
ARC
  8
20
 10
119.7000
 20
163.6000
 30
0.0000
 40
0.5000
 50
90.0000
 51
180.0000
  0
LINE
  8
20
 10
119.2000
 20
163.6000
 30
0.0000
 11
119.2000
 21
159.5000
 31
0.0000
  0
ARC
  8
20
 10
119.7000
 20
159.5000
 30
0.0000
 40
0.5000
 50
180.0000
 51
270.0000
  0
LINE
  8
20
 10
124.2000
 20
160.4000
 30
0.0000
 11
124.2000
 21
159.5000
 31
0.0000
  0
ARC
  8
20
 10
123.7000
 20
159.5000
 30
0.0000
 40
0.5000
 50
270.0000
 51
0.0000
  0
LINE
  8
20
 10
123.7000
 20
159.0000
 30
0.0000
 11
119.7000
 21
159.0000
 31
0.0000
  0
LINE
  8
20
 10
162.6000
 20
161.4000
 30
0.0000
 11
162.6000
 21
178.8000
 31
0.0000
  0
ARC
  8
20
 10
163.1000
 20
178.8000
 30
0.0000
 40
0.5000
 50
90.0000
 51
180.0000
  0
LINE
  8
20
 10
163.1000
 20
179.3000
 30
0.0000
 11
165.1000
 21
179.3000
 31
0.0000
  0
ARC
  8
20
 10
165.1000
 20
179.8000
 30
0.0000
 40
0.5000
 50
270.0000
 51
0.0000
  0
LINE
  8
20
 10
165.6000
 20
179.8000
 30
0.0000
 11
165.6000
 21
185.0000
 31
0.0000
  0
ARC
  8
20
 10
165.1000
 20
185.0000
 30
0.0000
 40
0.5000
 50
0.0000
 51
90.0000
  0
LINE
  8
20
 10
165.1000
 20
185.5000
 30
0.0000
 11
144.2000
 21
185.5000
 31
0.0000
  0
LINE
  8
20
 10
139.7000
 20
159.9000
 30
0.0000
 11
143.2000
 21
159.9000
 31
0.0000
  0
ARC
  8
20
 10
143.2000
 20
160.4000
 30
0.0000
 40
0.5000
 50
270.0000
 51
0.0000
  0
ARC
  8
20
 10
144.2000
 20
160.4000
 30
0.0000
 40
0.5000
 50
90.0000
 51
180.0000
  0
LINE
  8
20
 10
144.2000
 20
160.9000
 30
0.0000
 11
162.1000
 21
160.9000
 31
0.0000
  0
ARC
  8
20
 10
162.1000
 20
161.4000
 30
0.0000
 40
0.5000
 50
270.0000
 51
0.0000
  0
ARC
  8
20
 10
139.7000
 20
160.4000
 30
0.0000
 40
0.5000
 50
180.0000
 51
270.0000
  0
ARC
  8
20
 10
138.7000
 20
160.4000
 30
0.0000
 40
0.5000
 50
0.0000
 51
90.0000
  0
LINE
  8
20
 10
138.7000
 20
160.9000
 30
0.0000
 11
124.7000
 21
160.9000
 31
0.0000
  0
ARC
  8
20
 10
124.7000
 20
160.4000
 30
0.0000
 40
0.5000
 50
90.0000
 51
180.0000
  0
LINE
  8
20
 10
122.1000
 20
180.6000
 30
0.0000
 11
98.8500
 21
180.6000
 31
0.0000
  0
ARC
  8
20
 10
98.8500
 20
181.1000
 30
0.0000
 40
0.5000
 50
180.0000
 51
270.0000
  0
LINE
  8
20
 10
98.3500
 20
181.1000
 30
0.0000
 11
98.3500
 21
187.9580
 31
0.0000
  0
ARC
  8
20
 10
97.8500
 20
187.9580
 30
0.0000
 40
0.5000
 50
0.0000
 51
90.0000
  0
LINE
  8
20
 10
97.8500
 20
188.4580
 30
0.0000
 11
58.0580
 21
188.4580
 31
0.0000
  0
ARC
  8
20
 10
122.1000
 20
181.1000
 30
0.0000
 40
0.5000
 50
270.0000
 51
0.0000
  0
LINE
  8
20
 10
122.6000
 20
181.1000
 30
0.0000
 11
122.6000
 21
181.8000
 31
0.0000
  0
ARC
  8
20
 10
58.0580
 20
187.9580
 30
0.0000
 40
0.5000
 50
90.0000
 51
180.0000
  0
LINE
  8
20
 10
57.5580
 20
187.9580
 30
0.0000
 11
57.5580
 21
158.4420
 31
0.0000
  0
ARC
  8
20
 10
122.1000
 20
181.8000
 30
0.0000
 40
0.5000
 50
0.0000
 51
90.0000
  0
LINE
  8
20
 10
122.1000
 20
182.3000
 30
0.0000
 11
119.7000
 21
182.3000
 31
0.0000
  0
ARC
  8
20
 10
119.7000
 20
182.8000
 30
0.0000
 40
0.5000
 50
180.0000
 51
270.0000
  0
LINE
  8
20
 10
119.2000
 20
182.8000
 30
0.0000
 11
119.2000
 21
186.9000
 31
0.0000
  0
LINE
  8
20
 10
70.3000
 20
102.6000
 30
0.0000
 11
71.8000
 21
102.6000
 31
0.0000
  0
ARC
  8
20
 10
71.8000
 20
102.1000
 30
0.0000
 40
0.5000
 50
0.0000
 51
90.0000
  0
LINE
  8
20
 10
72.3000
 20
102.1000
 30
0.0000
 11
72.3000
 21
93.6000
 31
0.0000
  0
ARC
  8
20
 10
71.8000
 20
93.6000
 30
0.0000
 40
0.5000
 50
270.0000
 51
0.0000
  0
LINE
  8
20
 10
71.8000
 20
93.1000
 30
0.0000
 11
70.3000
 21
93.1000
 31
0.0000
  0
ARC
  8
20
 10
70.3000
 20
102.1000
 30
0.0000
 40
0.5000
 50
90.0000
 51
180.0000
  0
LINE
  8
20
 10
69.8000
 20
102.1000
 30
0.0000
 11
69.8000
 21
100.6000
 31
0.0000
  0
ARC
  8
20
 10
69.3000
 20
100.6000
 30
0.0000
 40
0.5000
 50
270.0000
 51
0.0000
  0
LINE
  8
20
 10
69.3000
 20
100.1000
 30
0.0000
 11
59.8000
 21
100.1000
 31
0.0000
  0
ARC
  8
20
 10
59.8000
 20
100.6000
 30
0.0000
 40
0.5000
 50
180.0000
 51
270.0000
  0
LINE
  8
20
 10
59.3000
 20
100.6000
 30
0.0000
 11
59.3000
 21
154.1000
 31
0.0000
  0
ARC
  8
20
 10
59.8000
 20
154.1000
 30
0.0000
 40
0.5000
 50
90.0000
 51
180.0000
  0
LINE
  8
20
 10
59.8000
 20
154.6000
 30
0.0000
 11
64.7000
 21
154.6000
 31
0.0000
  0
ARC
  8
20
 10
64.7000
 20
154.1000
 30
0.0000
 40
0.5000
 50
0.0000
 51
90.0000
  0
LINE
  8
20
 10
65.2000
 20
154.1000
 30
0.0000
 11
65.2000
 21
152.1000
 31
0.0000
  0
ARC
  8
20
 10
65.7000
 20
152.1000
 30
0.0000
 40
0.5000
 50
180.0000
 51
270.0000
  0
LINE
  8
20
 10
65.7000
 20
161.0000
 30
0.0000
 11
67.0000
 21
161.0000
 31
0.0000
  0
ARC
  8
20
 10
67.0000
 20
160.5000
 30
0.0000
 40
0.5000
 50
0.0000
 51
90.0000
  0
LINE
  8
20
 10
67.5000
 20
160.5000
 30
0.0000
 11
67.5000
 21
152.1000
 31
0.0000
  0
ARC
  8
20
 10
67.0000
 20
152.1000
 30
0.0000
 40
0.5000
 50
270.0000
 51
0.0000
  0
LINE
  8
20
 10
67.0000
 20
151.6000
 30
0.0000
 11
65.7000
 21
151.6000
 31
0.0000
  0
ARC
  8
20
 10
110.3000
 20
150.6000
 30
0.0000
 40
1.0000
 50
0.0000
 51
90.0000
  0
LINE
  8
20
 10
111.3000
 20
150.6000
 30
0.0000
 11
111.3000
 21
103.1000
 31
0.0000
  0
ARC
  8
20
 10
110.8000
 20
103.1000
 30
0.0000
 40
0.5000
 50
270.0000
 51
0.0000
  0
LINE
  8
20
 10
69.8000
 20
93.6000
 30
0.0000
 11
69.8000
 21
95.6580
 31
0.0000
  0
ARC
  8
20
 10
69.3000
 20
95.6580
 30
0.0000
 40
0.5000
 50
0.0000
 51
90.0000
  0
LINE
  8
20
 10
69.3000
 20
96.1580
 30
0.0000
 11
63.0000
 21
96.1580
 31
0.0000
  0
ARC
  8
20
 10
63.0000
 20
95.6580
 30
0.0000
 40
0.5000
 50
90.0000
 51
180.0000
  0
ARC
  8
20
 10
70.3000
 20
68.2000
 30
0.0000
 40
0.5000
 50
90.0000
 51
180.0000
  0
ARC
  8
20
 10
110.8000
 20
69.2000
 30
0.0000
 40
0.5000
 50
270.0000
 51
0.0000
  0
LINE
  8
20
 10
111.3000
 20
69.2000
 30
0.0000
 11
111.3000
 21
92.6000
 31
0.0000
  0
ARC
  8
20
 10
110.8000
 20
92.6000
 30
0.0000
 40
0.5000
 50
0.0000
 51
90.0000
  0
ARC
  8
20
 10
70.3000
 20
93.6000
 30
0.0000
 40
0.5000
 50
180.0000
 51
270.0000
  0
LINE
  8
20
 10
110.8000
 20
55.2000
 30
0.0000
 11
110.3000
 21
55.2000
 31
0.0000
  0
ARC
  8
20
 10
110.3000
 20
55.7000
 30
0.0000
 40
0.5000
 50
180.0000
 51
270.0000
  0
LINE
  8
20
 10
109.8000
 20
55.7000
 30
0.0000
 11
109.8000
 21
68.2000
 31
0.0000
  0
ARC
  8
20
 10
110.3000
 20
68.2000
 30
0.0000
 40
0.5000
 50
90.0000
 51
180.0000
  0
LINE
  8
20
 10
110.3000
 20
68.7000
 30
0.0000
 11
110.8000
 21
68.7000
 31
0.0000
  0
LINE
  8
20
 10
109.8000
 20
93.6000
 30
0.0000
 11
109.8000
 21
102.1000
 31
0.0000
  0
ARC
  8
20
 10
110.3000
 20
102.1000
 30
0.0000
 40
0.5000
 50
90.0000
 51
180.0000
  0
LINE
  8
20
 10
110.3000
 20
102.6000
 30
0.0000
 11
110.8000
 21
102.6000
 31
0.0000
  0
ARC
  8
20
 10
110.3000
 20
93.6000
 30
0.0000
 40
0.5000
 50
180.0000
 51
270.0000
  0
LINE
  8
20
 10
110.3000
 20
93.1000
 30
0.0000
 11
110.8000
 21
93.1000
 31
0.0000
  0
ARC
  8
20
 10
58.0580
 20
158.4420
 30
0.0000
 40
0.5000
 50
180.0000
 51
270.0000
  0
LINE
  8
20
 10
58.0580
 20
157.9420
 30
0.0000
 11
64.7000
 21
157.9420
 31
0.0000
  0
ARC
  8
20
 10
64.7000
 20
158.4420
 30
0.0000
 40
0.5000
 50
270.0000
 51
0.0000
  0
LINE
  8
20
 10
65.2000
 20
158.4420
 30
0.0000
 11
65.2000
 21
160.5000
 31
0.0000
  0
ARC
  8
20
 10
65.7000
 20
160.5000
 30
0.0000
 40
0.5000
 50
90.0000
 51
180.0000
  0
ARC
  8
20
 10
119.7000
 20
186.9000
 30
0.0000
 40
0.5000
 50
90.0000
 51
180.0000
  0
ARC
  8
20
 10
144.2000
 20
186.0000
 30
0.0000
 40
0.5000
 50
180.0000
 51
270.0000
  0
ARC
  8
20
 10
143.2000
 20
186.0000
 30
0.0000
 40
0.5000
 50
0.0000
 51
90.0000
  0
LINE
  8
20
 10
143.2000
 20
186.5000
 30
0.0000
 11
139.7000
 21
186.5000
 31
0.0000
  0
ARC
  8
20
 10
139.7000
 20
186.0000
 30
0.0000
 40
0.5000
 50
90.0000
 51
180.0000
  0
ARC
  8
20
 10
138.7000
 20
186.0000
 30
0.0000
 40
0.5000
 50
270.0000
 51
0.0000
  0
LINE
  8
20
 10
138.7000
 20
185.5000
 30
0.0000
 11
124.7000
 21
185.5000
 31
0.0000
  0
ARC
  8
20
 10
124.7000
 20
186.0000
 30
0.0000
 40
0.5000
 50
180.0000
 51
270.0000
  0
LINE
  8
20
 10
124.2000
 20
186.0000
 30
0.0000
 11
124.2000
 21
186.9000
 31
0.0000
  0
ARC
  8
20
 10
123.7000
 20
186.9000
 30
0.0000
 40
0.5000
 50
0.0000
 51
90.0000
  0
LINE
  8
20
 10
123.7000
 20
187.4000
 30
0.0000
 11
119.7000
 21
187.4000
 31
0.0000
  0
CIRCLE
  8
20
 10
48.7000
 20
67.2220
 30
0.0000
 40
2.0000
  0
CIRCLE
  8
20
 10
48.7000
 20
94.5780
 30
0.0000
 40
2.0000
  0
CIRCLE
  8
20
 10
66.2000
 20
92.5380
 30
0.0000
 40
2.0000
  0
CIRCLE
  8
20
 10
62.2080
 20
161.5620
 30
0.0000
 40
2.0000
  0
CIRCLE
  8
20
 10
76.1080
 20
184.8380
 30
0.0000
 40
2.0000
  0
CIRCLE
  8
20
 10
121.7000
 20
184.8560
 30
0.0000
 40
2.0000
  0
CIRCLE
  8
20
 10
163.3210
 20
181.7780
 30
0.0000
 40
2.0000
  0
CIRCLE
  8
20
 10
121.7000
 20
161.5800
 30
0.0000
 40
2.0000
  0
CIRCLE
  8
20
 10
141.4500
 20
184.2000
 30
0.0000
 40
2.0000
  0
CIRCLE
  8
20
 10
141.4500
 20
162.2000
 30
0.0000
 40
2.0000
  0
CIRCLE
  8
20
 10
66.2000
 20
69.2620
 30
0.0000
 40
2.0000
  0
CIRCLE
  8
20
 10
18.1000
 20
94.5780
 30
0.0000
 40
2.0000
  0
POINT
  8
24
 10
64.4000
 20
50.2000
 30
0.0000
  0
LINE
  8
22
 10
68.2100
 20
53.2956
 30
0.0000
 11
60.2725
 21
53.2956
 31
0.0000
  0
LINE
  8
22
 10
60.2725
 20
53.2956
 30
0.0000
 11
60.2725
 21
47.1044
 31
0.0000
  0
LINE
  8
22
 10
60.2725
 20
47.1044
 30
0.0000
 11
68.2100
 21
47.1044
 31
0.0000
  0
LINE
  8
22
 10
68.2100
 20
47.1044
 30
0.0000
 11
68.2100
 21
53.2956
 31
0.0000
  0
POINT
  8
24
 10
64.4000
 20
43.7000
 30
0.0000
  0
LINE
  8
22
 10
68.2100
 20
46.7956
 30
0.0000
 11
60.2725
 21
46.7956
 31
0.0000
  0
LINE
  8
22
 10
60.2725
 20
46.7956
 30
0.0000
 11
60.2725
 21
40.6044
 31
0.0000
  0
LINE
  8
22
 10
60.2725
 20
40.6044
 30
0.0000
 11
68.2100
 21
40.6044
 31
0.0000
  0
LINE
  8
22
 10
68.2100
 20
40.6044
 30
0.0000
 11
68.2100
 21
46.7956
 31
0.0000
  0
POINT
  8
24
 10
64.4000
 20
37.5000
 30
0.0000
  0
LINE
  8
22
 10
68.2100
 20
40.5956
 30
0.0000
 11
60.2725
 21
40.5956
 31
0.0000
  0
LINE
  8
22
 10
60.2725
 20
40.5956
 30
0.0000
 11
60.2725
 21
34.4044
 31
0.0000
  0
LINE
  8
22
 10
60.2725
 20
34.4044
 30
0.0000
 11
68.2100
 21
34.4044
 31
0.0000
  0
LINE
  8
22
 10
68.2100
 20
34.4044
 30
0.0000
 11
68.2100
 21
40.5956
 31
0.0000
  0
POINT
  8
24
 10
66.7000
 20
31.3000
 30
0.0000
  0
LINE
  8
22
 10
67.8430
 20
28.8108
 30
0.0000
 11
67.8430
 21
33.7892
 31
0.0000
  0
LINE
  8
22
 10
67.8430
 20
33.7892
 30
0.0000
 11
65.5570
 21
33.7892
 31
0.0000
  0
LINE
  8
22
 10
65.5570
 20
33.7892
 30
0.0000
 11
65.5570
 21
28.8108
 31
0.0000
  0
LINE
  8
22
 10
65.5570
 20
28.8108
 30
0.0000
 11
67.8430
 21
28.8108
 31
0.0000
  0
POINT
  8
24
 10
74.3000
 20
31.3000
 30
0.0000
  0
LINE
  8
22
 10
73.1570
 20
33.7892
 30
0.0000
 11
73.1570
 21
28.8108
 31
0.0000
  0
LINE
  8
22
 10
73.1570
 20
28.8108
 30
0.0000
 11
75.4430
 21
28.8108
 31
0.0000
  0
LINE
  8
22
 10
75.4430
 20
28.8108
 30
0.0000
 11
75.4430
 21
33.7892
 31
0.0000
  0
LINE
  8
22
 10
75.4430
 20
33.7892
 30
0.0000
 11
73.1570
 21
33.7892
 31
0.0000
  0
POINT
  8
24
 10
84.3000
 20
21.0000
 30
0.0000
  0
LINE
  8
22
 10
86.7130
 20
22.5240
 30
0.0000
 11
81.8870
 21
22.5240
 31
0.0000
  0
LINE
  8
22
 10
81.8870
 20
22.5240
 30
0.0000
 11
81.8870
 21
19.4760
 31
0.0000
  0
LINE
  8
22
 10
81.8870
 20
19.4760
 30
0.0000
 11
86.7130
 21
19.4760
 31
0.0000
  0
LINE
  8
22
 10
86.7130
 20
19.4760
 30
0.0000
 11
86.7130
 21
22.5240
 31
0.0000
  0
POINT
  8
24
 10
84.3000
 20
24.1000
 30
0.0000
  0
LINE
  8
22
 10
86.7130
 20
25.6240
 30
0.0000
 11
81.8870
 21
25.6240
 31
0.0000
  0
LINE
  8
22
 10
81.8870
 20
25.6240
 30
0.0000
 11
81.8870
 21
22.5760
 31
0.0000
  0
LINE
  8
22
 10
81.8870
 20
22.5760
 30
0.0000
 11
86.7130
 21
22.5760
 31
0.0000
  0
LINE
  8
22
 10
86.7130
 20
22.5760
 30
0.0000
 11
86.7130
 21
25.6240
 31
0.0000
  0
POINT
  8
24
 10
68.1000
 20
23.4000
 30
0.0000
  0
LINE
  8
22
 10
65.6870
 20
21.8760
 30
0.0000
 11
70.5130
 21
21.8760
 31
0.0000
  0
LINE
  8
22
 10
70.5130
 20
21.8760
 30
0.0000
 11
70.5130
 21
24.9240
 31
0.0000
  0
LINE
  8
22
 10
70.5130
 20
24.9240
 30
0.0000
 11
65.6870
 21
24.9240
 31
0.0000
  0
LINE
  8
22
 10
65.6870
 20
24.9240
 30
0.0000
 11
65.6870
 21
21.8760
 31
0.0000
  0
POINT
  8
24
 10
68.1000
 20
26.6000
 30
0.0000
  0
LINE
  8
22
 10
65.6870
 20
25.0760
 30
0.0000
 11
70.5130
 21
25.0760
 31
0.0000
  0
LINE
  8
22
 10
70.5130
 20
25.0760
 30
0.0000
 11
70.5130
 21
28.1240
 31
0.0000
  0
LINE
  8
22
 10
70.5130
 20
28.1240
 30
0.0000
 11
65.6870
 21
28.1240
 31
0.0000
  0
LINE
  8
22
 10
65.6870
 20
28.1240
 30
0.0000
 11
65.6870
 21
25.0760
 31
0.0000
  0
POINT
  8
24
 10
72.2000
 20
19.8000
 30
0.0000
  0
LINE
  8
22
 10
72.8350
 20
18.4030
 30
0.0000
 11
72.8350
 21
21.1970
 31
0.0000
  0
LINE
  8
22
 10
72.8350
 20
21.1970
 30
0.0000
 11
71.5650
 21
21.1970
 31
0.0000
  0
LINE
  8
22
 10
71.5650
 20
21.1970
 30
0.0000
 11
71.5650
 21
18.4030
 31
0.0000
  0
LINE
  8
22
 10
71.5650
 20
18.4030
 30
0.0000
 11
72.8350
 21
18.4030
 31
0.0000
  0
POINT
  8
24
 10
70.5000
 20
20.7000
 30
0.0000
  0
LINE
  8
22
 10
69.4840
 20
20.1920
 30
0.0000
 11
71.5160
 21
20.1920
 31
0.0000
  0
LINE
  8
22
 10
71.5160
 20
20.1920
 30
0.0000
 11
71.5160
 21
21.2080
 31
0.0000
  0
LINE
  8
22
 10
71.5160
 20
21.2080
 30
0.0000
 11
69.4840
 21
21.2080
 31
0.0000
  0
LINE
  8
22
 10
69.4840
 20
21.2080
 30
0.0000
 11
69.4840
 21
20.1920
 31
0.0000
  0
POINT
  8
24
 10
65.5000
 20
17.3000
 30
0.0000
  0
LINE
  8
22
 10
66.5160
 20
17.8080
 30
0.0000
 11
64.4840
 21
17.8080
 31
0.0000
  0
LINE
  8
22
 10
64.4840
 20
17.8080
 30
0.0000
 11
64.4840
 21
16.7920
 31
0.0000
  0
LINE
  8
22
 10
64.4840
 20
16.7920
 30
0.0000
 11
66.5160
 21
16.7920
 31
0.0000
  0
LINE
  8
22
 10
66.5160
 20
16.7920
 30
0.0000
 11
66.5160
 21
17.8080
 31
0.0000
  0
POINT
  8
24
 10
69.6000
 20
13.9000
 30
0.0000
  0
LINE
  8
22
 10
71.1240
 20
11.4870
 30
0.0000
 11
71.1240
 21
16.3130
 31
0.0000
  0
LINE
  8
22
 10
71.1240
 20
16.3130
 30
0.0000
 11
68.0760
 21
16.3130
 31
0.0000
  0
LINE
  8
22
 10
68.0760
 20
16.3130
 30
0.0000
 11
68.0760
 21
11.4870
 31
0.0000
  0
LINE
  8
22
 10
68.0760
 20
11.4870
 30
0.0000
 11
71.1240
 21
11.4870
 31
0.0000
  0
POINT
  8
24
 10
103.9000
 20
44.9000
 30
0.0000
  0
LINE
  8
22
 10
102.0458
 20
44.0110
 30
0.0000
 11
105.7542
 21
44.0110
 31
0.0000
  0
LINE
  8
22
 10
105.7542
 20
44.0110
 30
0.0000
 11
105.7542
 21
45.7890
 31
0.0000
  0
LINE
  8
22
 10
105.7542
 20
45.7890
 30
0.0000
 11
102.0458
 21
45.7890
 31
0.0000
  0
LINE
  8
22
 10
102.0458
 20
45.7890
 30
0.0000
 11
102.0458
 21
44.0110
 31
0.0000
  0
POINT
  8
24
 10
96.6000
 20
39.4000
 30
0.0000
  0
LINE
  8
22
 10
95.7110
 20
41.2542
 30
0.0000
 11
95.7110
 21
37.5458
 31
0.0000
  0
LINE
  8
22
 10
95.7110
 20
37.5458
 30
0.0000
 11
97.4890
 21
37.5458
 31
0.0000
  0
LINE
  8
22
 10
97.4890
 20
37.5458
 30
0.0000
 11
97.4890
 21
41.2542
 31
0.0000
  0
LINE
  8
22
 10
97.4890
 20
41.2542
 30
0.0000
 11
95.7110
 21
41.2542
 31
0.0000
  0
POINT
  8
24
 10
103.9000
 20
46.9000
 30
0.0000
  0
LINE
  8
22
 10
102.0458
 20
46.0110
 30
0.0000
 11
105.7542
 21
46.0110
 31
0.0000
  0
LINE
  8
22
 10
105.7542
 20
46.0110
 30
0.0000
 11
105.7542
 21
47.7890
 31
0.0000
  0
LINE
  8
22
 10
105.7542
 20
47.7890
 30
0.0000
 11
102.0458
 21
47.7890
 31
0.0000
  0
LINE
  8
22
 10
102.0458
 20
47.7890
 30
0.0000
 11
102.0458
 21
46.0110
 31
0.0000
  0
POINT
  8
24
 10
99.7000
 20
52.0000
 30
0.0000
  0
LINE
  8
22
 10
100.3350
 20
50.6030
 30
0.0000
 11
100.3350
 21
53.3970
 31
0.0000
  0
LINE
  8
22
 10
100.3350
 20
53.3970
 30
0.0000
 11
99.0650
 21
53.3970
 31
0.0000
  0
LINE
  8
22
 10
99.0650
 20
53.3970
 30
0.0000
 11
99.0650
 21
50.6030
 31
0.0000
  0
LINE
  8
22
 10
99.0650
 20
50.6030
 30
0.0000
 11
100.3350
 21
50.6030
 31
0.0000
  0
POINT
  8
24
 10
90.5000
 20
44.9000
 30
0.0000
  0
LINE
  8
22
 10
92.3542
 20
45.7890
 30
0.0000
 11
88.6458
 21
45.7890
 31
0.0000
  0
LINE
  8
22
 10
88.6458
 20
45.7890
 30
0.0000
 11
88.6458
 21
44.0110
 31
0.0000
  0
LINE
  8
22
 10
88.6458
 20
44.0110
 30
0.0000
 11
92.3542
 21
44.0110
 31
0.0000
  0
LINE
  8
22
 10
92.3542
 20
44.0110
 30
0.0000
 11
92.3542
 21
45.7890
 31
0.0000
  0
POINT
  8
24
 10
101.1000
 20
52.0000
 30
0.0000
  0
LINE
  8
22
 10
101.7350
 20
50.6030
 30
0.0000
 11
101.7350
 21
53.3970
 31
0.0000
  0
LINE
  8
22
 10
101.7350
 20
53.3970
 30
0.0000
 11
100.4650
 21
53.3970
 31
0.0000
  0
LINE
  8
22
 10
100.4650
 20
53.3970
 30
0.0000
 11
100.4650
 21
50.6030
 31
0.0000
  0
LINE
  8
22
 10
100.4650
 20
50.6030
 30
0.0000
 11
101.7350
 21
50.6030
 31
0.0000
  0
POINT
  8
24
 10
94.1000
 20
52.0000
 30
0.0000
  0
LINE
  8
22
 10
94.7350
 20
50.6030
 30
0.0000
 11
94.7350
 21
53.3970
 31
0.0000
  0
LINE
  8
22
 10
94.7350
 20
53.3970
 30
0.0000
 11
93.4650
 21
53.3970
 31
0.0000
  0
LINE
  8
22
 10
93.4650
 20
53.3970
 30
0.0000
 11
93.4650
 21
50.6030
 31
0.0000
  0
LINE
  8
22
 10
93.4650
 20
50.6030
 30
0.0000
 11
94.7350
 21
50.6030
 31
0.0000
  0
POINT
  8
24
 10
90.5000
 20
46.9000
 30
0.0000
  0
LINE
  8
22
 10
92.3542
 20
47.7890
 30
0.0000
 11
88.6458
 21
47.7890
 31
0.0000
  0
LINE
  8
22
 10
88.6458
 20
47.7890
 30
0.0000
 11
88.6458
 21
46.0110
 31
0.0000
  0
LINE
  8
22
 10
88.6458
 20
46.0110
 30
0.0000
 11
92.3542
 21
46.0110
 31
0.0000
  0
LINE
  8
22
 10
92.3542
 20
46.0110
 30
0.0000
 11
92.3542
 21
47.7890
 31
0.0000
  0
POINT
  8
24
 10
98.3000
 20
52.0000
 30
0.0000
  0
LINE
  8
22
 10
98.9350
 20
50.6030
 30
0.0000
 11
98.9350
 21
53.3970
 31
0.0000
  0
LINE
  8
22
 10
98.9350
 20
53.3970
 30
0.0000
 11
97.6650
 21
53.3970
 31
0.0000
  0
LINE
  8
22
 10
97.6650
 20
53.3970
 30
0.0000
 11
97.6650
 21
50.6030
 31
0.0000
  0
LINE
  8
22
 10
97.6650
 20
50.6030
 30
0.0000
 11
98.9350
 21
50.6030
 31
0.0000
  0
POINT
  8
24
 10
96.9000
 20
52.0000
 30
0.0000
  0
LINE
  8
22
 10
97.5350
 20
50.6030
 30
0.0000
 11
97.5350
 21
53.3970
 31
0.0000
  0
LINE
  8
22
 10
97.5350
 20
53.3970
 30
0.0000
 11
96.2650
 21
53.3970
 31
0.0000
  0
LINE
  8
22
 10
96.2650
 20
53.3970
 30
0.0000
 11
96.2650
 21
50.6030
 31
0.0000
  0
LINE
  8
22
 10
96.2650
 20
50.6030
 30
0.0000
 11
97.5350
 21
50.6030
 31
0.0000
  0
POINT
  8
24
 10
94.4000
 20
39.4000
 30
0.0000
  0
LINE
  8
22
 10
95.4160
 20
39.9080
 30
0.0000
 11
93.3840
 21
39.9080
 31
0.0000
  0
LINE
  8
22
 10
93.3840
 20
39.9080
 30
0.0000
 11
93.3840
 21
38.8920
 31
0.0000
  0
LINE
  8
22
 10
93.3840
 20
38.8920
 30
0.0000
 11
95.4160
 21
38.8920
 31
0.0000
  0
LINE
  8
22
 10
95.4160
 20
38.8920
 30
0.0000
 11
95.4160
 21
39.9080
 31
0.0000
  0
POINT
  8
24
 10
92.4000
 20
39.4000
 30
0.0000
  0
LINE
  8
22
 10
91.3840
 20
38.8920
 30
0.0000
 11
93.4160
 21
38.8920
 31
0.0000
  0
LINE
  8
22
 10
93.4160
 20
38.8920
 30
0.0000
 11
93.4160
 21
39.9080
 31
0.0000
  0
LINE
  8
22
 10
93.4160
 20
39.9080
 30
0.0000
 11
91.3840
 21
39.9080
 31
0.0000
  0
LINE
  8
22
 10
91.3840
 20
39.9080
 30
0.0000
 11
91.3840
 21
38.8920
 31
0.0000
  0
POINT
  8
24
 10
90.6000
 20
38.9000
 30
0.0000
  0
LINE
  8
22
 10
90.0920
 20
39.9160
 30
0.0000
 11
90.0920
 21
37.8840
 31
0.0000
  0
LINE
  8
22
 10
90.0920
 20
37.8840
 30
0.0000
 11
91.1080
 21
37.8840
 31
0.0000
  0
LINE
  8
22
 10
91.1080
 20
37.8840
 30
0.0000
 11
91.1080
 21
39.9160
 31
0.0000
  0
LINE
  8
22
 10
91.1080
 20
39.9160
 30
0.0000
 11
90.0920
 21
39.9160
 31
0.0000
  0
POINT
  8
24
 10
95.5000
 20
52.0000
 30
0.0000
  0
LINE
  8
22
 10
96.1350
 20
50.6030
 30
0.0000
 11
96.1350
 21
53.3970
 31
0.0000
  0
LINE
  8
22
 10
96.1350
 20
53.3970
 30
0.0000
 11
94.8650
 21
53.3970
 31
0.0000
  0
LINE
  8
22
 10
94.8650
 20
53.3970
 30
0.0000
 11
94.8650
 21
50.6030
 31
0.0000
  0
LINE
  8
22
 10
94.8650
 20
50.6030
 30
0.0000
 11
96.1350
 21
50.6030
 31
0.0000
  0
POINT
  8
24
 10
103.9000
 20
38.1000
 30
0.0000
  0
LINE
  8
22
 10
105.4240
 20
35.6870
 30
0.0000
 11
105.4240
 21
40.5130
 31
0.0000
  0
LINE
  8
22
 10
105.4240
 20
40.5130
 30
0.0000
 11
102.3760
 21
40.5130
 31
0.0000
  0
LINE
  8
22
 10
102.3760
 20
40.5130
 30
0.0000
 11
102.3760
 21
35.6870
 31
0.0000
  0
LINE
  8
22
 10
102.3760
 20
35.6870
 30
0.0000
 11
105.4240
 21
35.6870
 31
0.0000
  0
POINT
  8
24
 10
83.7000
 20
43.3000
 30
0.0000
  0
LINE
  8
22
 10
85.2240
 20
40.8870
 30
0.0000
 11
85.2240
 21
45.7130
 31
0.0000
  0
LINE
  8
22
 10
85.2240
 20
45.7130
 30
0.0000
 11
82.1760
 21
45.7130
 31
0.0000
  0
LINE
  8
22
 10
82.1760
 20
45.7130
 30
0.0000
 11
82.1760
 21
40.8870
 31
0.0000
  0
LINE
  8
22
 10
82.1760
 20
40.8870
 30
0.0000
 11
85.2240
 21
40.8870
 31
0.0000
  0
POINT
  8
24
 10
100.0000
 20
37.0000
 30
0.0000
  0
LINE
  8
22
 10
102.4130
 20
38.5240
 30
0.0000
 11
97.5870
 21
38.5240
 31
0.0000
  0
LINE
  8
22
 10
97.5870
 20
38.5240
 30
0.0000
 11
97.5870
 21
35.4760
 31
0.0000
  0
LINE
  8
22
 10
97.5870
 20
35.4760
 30
0.0000
 11
102.4130
 21
35.4760
 31
0.0000
  0
LINE
  8
22
 10
102.4130
 20
35.4760
 30
0.0000
 11
102.4130
 21
38.5240
 31
0.0000
  0
POINT
  8
24
 10
86.8000
 20
43.3000
 30
0.0000
  0
LINE
  8
22
 10
88.3240
 20
40.8870
 30
0.0000
 11
88.3240
 21
45.7130
 31
0.0000
  0
LINE
  8
22
 10
88.3240
 20
45.7130
 30
0.0000
 11
85.2760
 21
45.7130
 31
0.0000
  0
LINE
  8
22
 10
85.2760
 20
45.7130
 30
0.0000
 11
85.2760
 21
40.8870
 31
0.0000
  0
LINE
  8
22
 10
85.2760
 20
40.8870
 30
0.0000
 11
88.3240
 21
40.8870
 31
0.0000
  0
POINT
  8
24
 10
104.0000
 20
32.6000
 30
0.0000
  0
LINE
  8
22
 10
102.4760
 20
35.0130
 30
0.0000
 11
102.4760
 21
30.1870
 31
0.0000
  0
LINE
  8
22
 10
102.4760
 20
30.1870
 30
0.0000
 11
105.5240
 21
30.1870
 31
0.0000
  0
LINE
  8
22
 10
105.5240
 20
30.1870
 30
0.0000
 11
105.5240
 21
35.0130
 31
0.0000
  0
LINE
  8
22
 10
105.5240
 20
35.0130
 30
0.0000
 11
102.4760
 21
35.0130
 31
0.0000
  0
POINT
  8
24
 10
100.0000
 20
34.0000
 30
0.0000
  0
LINE
  8
22
 10
102.4130
 20
35.5240
 30
0.0000
 11
97.5870
 21
35.5240
 31
0.0000
  0
LINE
  8
22
 10
97.5870
 20
35.5240
 30
0.0000
 11
97.5870
 21
32.4760
 31
0.0000
  0
LINE
  8
22
 10
97.5870
 20
32.4760
 30
0.0000
 11
102.4130
 21
32.4760
 31
0.0000
  0
LINE
  8
22
 10
102.4130
 20
32.4760
 30
0.0000
 11
102.4130
 21
35.5240
 31
0.0000
  0
POINT
  8
24
 10
84.1000
 20
75.4000
 30
0.0000
  0
LINE
  8
22
 10
83.3000
 20
75.0000
 30
0.0000
 11
84.9000
 21
75.0000
 31
0.0000
  0
LINE
  8
22
 10
84.9000
 20
75.0000
 30
0.0000
 11
84.9000
 21
75.8000
 31
0.0000
  0
LINE
  8
22
 10
83.3000
 20
75.8000
 30
0.0000
 11
83.3000
 21
75.0000
 31
0.0000
  0
LINE
  8
22
 10
84.9000
 20
75.8000
 30
0.0000
 11
83.3000
 21
75.8000
 31
0.0000
  0
POINT
  8
24
 10
103.7000
 20
85.6000
 30
0.0000
  0
LINE
  8
22
 10
104.1000
 20
84.8000
 30
0.0000
 11
104.1000
 21
86.4000
 31
0.0000
  0
LINE
  8
22
 10
104.1000
 20
86.4000
 30
0.0000
 11
103.3000
 21
86.4000
 31
0.0000
  0
LINE
  8
22
 10
103.3000
 20
84.8000
 30
0.0000
 11
104.1000
 21
84.8000
 31
0.0000
  0
LINE
  8
22
 10
103.3000
 20
86.4000
 30
0.0000
 11
103.3000
 21
84.8000
 31
0.0000
  0
POINT
  8
24
 10
86.7000
 20
75.4000
 30
0.0000
  0
LINE
  8
22
 10
87.5000
 20
75.8000
 30
0.0000
 11
85.9000
 21
75.8000
 31
0.0000
  0
LINE
  8
22
 10
85.9000
 20
75.8000
 30
0.0000
 11
85.9000
 21
75.0000
 31
0.0000
  0
LINE
  8
22
 10
87.5000
 20
75.0000
 30
0.0000
 11
87.5000
 21
75.8000
 31
0.0000
  0
LINE
  8
22
 10
85.9000
 20
75.0000
 30
0.0000
 11
87.5000
 21
75.0000
 31
0.0000
  0
POINT
  8
24
 10
108.4000
 20
49.7000
 30
0.0000
  0
LINE
  8
22
 10
105.9870
 20
48.1760
 30
0.0000
 11
110.8130
 21
48.1760
 31
0.0000
  0
LINE
  8
22
 10
110.8130
 20
48.1760
 30
0.0000
 11
110.8130
 21
51.2240
 31
0.0000
  0
LINE
  8
22
 10
110.8130
 20
51.2240
 30
0.0000
 11
105.9870
 21
51.2240
 31
0.0000
  0
LINE
  8
22
 10
105.9870
 20
51.2240
 30
0.0000
 11
105.9870
 21
48.1760
 31
0.0000
  0
POINT
  8
24
 10
108.4000
 20
52.8000
 30
0.0000
  0
LINE
  8
22
 10
105.9870
 20
51.2760
 30
0.0000
 11
110.8130
 21
51.2760
 31
0.0000
  0
LINE
  8
22
 10
110.8130
 20
51.2760
 30
0.0000
 11
110.8130
 21
54.3240
 31
0.0000
  0
LINE
  8
22
 10
110.8130
 20
54.3240
 30
0.0000
 11
105.9870
 21
54.3240
 31
0.0000
  0
LINE
  8
22
 10
105.9870
 20
54.3240
 30
0.0000
 11
105.9870
 21
51.2760
 31
0.0000
  0
POINT
  8
24
 10
80.3000
 20
51.1000
 30
0.0000
  0
LINE
  8
22
 10
81.8240
 20
48.6870
 30
0.0000
 11
81.8240
 21
53.5130
 31
0.0000
  0
LINE
  8
22
 10
81.8240
 20
53.5130
 30
0.0000
 11
78.7760
 21
53.5130
 31
0.0000
  0
LINE
  8
22
 10
78.7760
 20
53.5130
 30
0.0000
 11
78.7760
 21
48.6870
 31
0.0000
  0
LINE
  8
22
 10
78.7760
 20
48.6870
 30
0.0000
 11
81.8240
 21
48.6870
 31
0.0000
  0
POINT
  8
24
 10
80.3000
 20
46.4000
 30
0.0000
  0
LINE
  8
22
 10
78.7760
 20
48.8130
 30
0.0000
 11
78.7760
 21
43.9870
 31
0.0000
  0
LINE
  8
22
 10
78.7760
 20
43.9870
 30
0.0000
 11
81.8240
 21
43.9870
 31
0.0000
  0
LINE
  8
22
 10
81.8240
 20
43.9870
 30
0.0000
 11
81.8240
 21
48.8130
 31
0.0000
  0
LINE
  8
22
 10
81.8240
 20
48.8130
 30
0.0000
 11
78.7760
 21
48.8130
 31
0.0000
  0
POINT
  8
24
 10
86.5000
 20
51.1000
 30
0.0000
  0
LINE
  8
22
 10
88.0240
 20
48.6870
 30
0.0000
 11
88.0240
 21
53.5130
 31
0.0000
  0
LINE
  8
22
 10
88.0240
 20
53.5130
 30
0.0000
 11
84.9760
 21
53.5130
 31
0.0000
  0
LINE
  8
22
 10
84.9760
 20
53.5130
 30
0.0000
 11
84.9760
 21
48.6870
 31
0.0000
  0
LINE
  8
22
 10
84.9760
 20
48.6870
 30
0.0000
 11
88.0240
 21
48.6870
 31
0.0000
  0
POINT
  8
24
 10
60.7000
 20
108.3000
 30
0.0000
  0
LINE
  8
22
 10
61.5000
 20
108.7000
 30
0.0000
 11
59.9000
 21
108.7000
 31
0.0000
  0
LINE
  8
22
 10
59.9000
 20
108.7000
 30
0.0000
 11
59.9000
 21
107.9000
 31
0.0000
  0
LINE
  8
22
 10
61.5000
 20
107.9000
 30
0.0000
 11
61.5000
 21
108.7000
 31
0.0000
  0
LINE
  8
22
 10
59.9000
 20
107.9000
 30
0.0000
 11
61.5000
 21
107.9000
 31
0.0000
  0
POINT
  8
24
 10
83.4000
 20
51.1000
 30
0.0000
  0
LINE
  8
22
 10
84.9240
 20
48.6870
 30
0.0000
 11
84.9240
 21
53.5130
 31
0.0000
  0
LINE
  8
22
 10
84.9240
 20
53.5130
 30
0.0000
 11
81.8760
 21
53.5130
 31
0.0000
  0
LINE
  8
22
 10
81.8760
 20
53.5130
 30
0.0000
 11
81.8760
 21
48.6870
 31
0.0000
  0
LINE
  8
22
 10
81.8760
 20
48.6870
 30
0.0000
 11
84.9240
 21
48.6870
 31
0.0000
  0
POINT
  8
24
 10
108.4000
 20
42.1000
 30
0.0000
  0
LINE
  8
22
 10
105.9870
 20
40.5760
 30
0.0000
 11
110.8130
 21
40.5760
 31
0.0000
  0
LINE
  8
22
 10
110.8130
 20
40.5760
 30
0.0000
 11
110.8130
 21
43.6240
 31
0.0000
  0
LINE
  8
22
 10
110.8130
 20
43.6240
 30
0.0000
 11
105.9870
 21
43.6240
 31
0.0000
  0
LINE
  8
22
 10
105.9870
 20
43.6240
 30
0.0000
 11
105.9870
 21
40.5760
 31
0.0000
  0
POINT
  8
24
 10
108.4000
 20
39.0000
 30
0.0000
  0
LINE
  8
22
 10
105.9870
 20
37.4760
 30
0.0000
 11
110.8130
 21
37.4760
 31
0.0000
  0
LINE
  8
22
 10
110.8130
 20
37.4760
 30
0.0000
 11
110.8130
 21
40.5240
 31
0.0000
  0
LINE
  8
22
 10
110.8130
 20
40.5240
 30
0.0000
 11
105.9870
 21
40.5240
 31
0.0000
  0
LINE
  8
22
 10
105.9870
 20
40.5240
 30
0.0000
 11
105.9870
 21
37.4760
 31
0.0000
  0
POINT
  8
24
 10
108.4000
 20
36.0000
 30
0.0000
  0
LINE
  8
22
 10
105.9870
 20
34.4760
 30
0.0000
 11
110.8130
 21
34.4760
 31
0.0000
  0
LINE
  8
22
 10
110.8130
 20
34.4760
 30
0.0000
 11
110.8130
 21
37.5240
 31
0.0000
  0
LINE
  8
22
 10
110.8130
 20
37.5240
 30
0.0000
 11
105.9870
 21
37.5240
 31
0.0000
  0
LINE
  8
22
 10
105.9870
 20
37.5240
 30
0.0000
 11
105.9870
 21
34.4760
 31
0.0000
  0
POINT
  8
24
 10
108.4000
 20
33.0000
 30
0.0000
  0
LINE
  8
22
 10
105.9870
 20
31.4760
 30
0.0000
 11
110.8130
 21
31.4760
 31
0.0000
  0
LINE
  8
22
 10
110.8130
 20
31.4760
 30
0.0000
 11
110.8130
 21
34.5240
 31
0.0000
  0
LINE
  8
22
 10
110.8130
 20
34.5240
 30
0.0000
 11
105.9870
 21
34.5240
 31
0.0000
  0
LINE
  8
22
 10
105.9870
 20
34.5240
 30
0.0000
 11
105.9870
 21
31.4760
 31
0.0000
  0
POINT
  8
24
 10
101.1000
 20
13.3000
 30
0.0000
  0
LINE
  8
22
 10
101.6080
 20
12.2840
 30
0.0000
 11
101.6080
 21
14.3160
 31
0.0000
  0
LINE
  8
22
 10
101.6080
 20
14.3160
 30
0.0000
 11
100.5920
 21
14.3160
 31
0.0000
  0
LINE
  8
22
 10
100.5920
 20
14.3160
 30
0.0000
 11
100.5920
 21
12.2840
 31
0.0000
  0
LINE
  8
22
 10
100.5920
 20
12.2840
 30
0.0000
 11
101.6080
 21
12.2840
 31
0.0000
  0
POINT
  8
24
 10
96.5000
 20
19.6000
 30
0.0000
  0
LINE
  8
22
 10
95.3570
 20
22.0892
 30
0.0000
 11
95.3570
 21
17.1108
 31
0.0000
  0
LINE
  8
22
 10
95.3570
 20
17.1108
 30
0.0000
 11
97.6430
 21
17.1108
 31
0.0000
  0
LINE
  8
22
 10
97.6430
 20
17.1108
 30
0.0000
 11
97.6430
 21
22.0892
 31
0.0000
  0
LINE
  8
22
 10
97.6430
 20
22.0892
 30
0.0000
 11
95.3570
 21
22.0892
 31
0.0000
  0
POINT
  8
24
 10
87.9000
 20
18.7000
 30
0.0000
  0
LINE
  8
22
 10
86.7570
 20
21.1892
 30
0.0000
 11
86.7570
 21
16.2108
 31
0.0000
  0
LINE
  8
22
 10
86.7570
 20
16.2108
 30
0.0000
 11
89.0430
 21
16.2108
 31
0.0000
  0
LINE
  8
22
 10
89.0430
 20
16.2108
 30
0.0000
 11
89.0430
 21
21.1892
 31
0.0000
  0
LINE
  8
22
 10
89.0430
 20
21.1892
 30
0.0000
 11
86.7570
 21
21.1892
 31
0.0000
  0
POINT
  8
24
 10
89.7000
 20
18.7000
 30
0.0000
  0
LINE
  8
22
 10
89.0650
 20
20.0970
 30
0.0000
 11
89.0650
 21
17.3030
 31
0.0000
  0
LINE
  8
22
 10
89.0650
 20
17.3030
 30
0.0000
 11
90.3350
 21
17.3030
 31
0.0000
  0
LINE
  8
22
 10
90.3350
 20
17.3030
 30
0.0000
 11
90.3350
 21
20.0970
 31
0.0000
  0
LINE
  8
22
 10
90.3350
 20
20.0970
 30
0.0000
 11
89.0650
 21
20.0970
 31
0.0000
  0
POINT
  8
24
 10
94.7000
 20
18.7000
 30
0.0000
  0
LINE
  8
22
 10
94.0650
 20
20.0970
 30
0.0000
 11
94.0650
 21
17.3030
 31
0.0000
  0
LINE
  8
22
 10
94.0650
 20
17.3030
 30
0.0000
 11
95.3350
 21
17.3030
 31
0.0000
  0
LINE
  8
22
 10
95.3350
 20
17.3030
 30
0.0000
 11
95.3350
 21
20.0970
 31
0.0000
  0
LINE
  8
22
 10
95.3350
 20
20.0970
 30
0.0000
 11
94.0650
 21
20.0970
 31
0.0000
  0
POINT
  8
24
 10
95.6000
 20
14.7000
 30
0.0000
  0
LINE
  8
22
 10
97.1240
 20
12.2870
 30
0.0000
 11
97.1240
 21
17.1130
 31
0.0000
  0
LINE
  8
22
 10
97.1240
 20
17.1130
 30
0.0000
 11
94.0760
 21
17.1130
 31
0.0000
  0
LINE
  8
22
 10
94.0760
 20
17.1130
 30
0.0000
 11
94.0760
 21
12.2870
 31
0.0000
  0
LINE
  8
22
 10
94.0760
 20
12.2870
 30
0.0000
 11
97.1240
 21
12.2870
 31
0.0000
  0
POINT
  8
24
 10
90.6000
 20
25.3000
 30
0.0000
  0
LINE
  8
22
 10
89.0760
 20
27.7130
 30
0.0000
 11
89.0760
 21
22.8870
 31
0.0000
  0
LINE
  8
22
 10
89.0760
 20
22.8870
 30
0.0000
 11
92.1240
 21
22.8870
 31
0.0000
  0
LINE
  8
22
 10
92.1240
 20
22.8870
 30
0.0000
 11
92.1240
 21
27.7130
 31
0.0000
  0
LINE
  8
22
 10
92.1240
 20
27.7130
 30
0.0000
 11
89.0760
 21
27.7130
 31
0.0000
  0
POINT
  8
24
 10
103.1000
 20
29.6000
 30
0.0000
  0
LINE
  8
22
 10
101.7030
 20
28.9650
 30
0.0000
 11
104.4970
 21
28.9650
 31
0.0000
  0
LINE
  8
22
 10
104.4970
 20
28.9650
 30
0.0000
 11
104.4970
 21
30.2350
 31
0.0000
  0
LINE
  8
22
 10
104.4970
 20
30.2350
 30
0.0000
 11
101.7030
 21
30.2350
 31
0.0000
  0
LINE
  8
22
 10
101.7030
 20
30.2350
 30
0.0000
 11
101.7030
 21
28.9650
 31
0.0000
  0
POINT
  8
24
 10
94.7000
 20
26.3000
 30
0.0000
  0
LINE
  8
22
 10
94.0650
 20
27.6970
 30
0.0000
 11
94.0650
 21
24.9030
 31
0.0000
  0
LINE
  8
22
 10
94.0650
 20
24.9030
 30
0.0000
 11
95.3350
 21
24.9030
 31
0.0000
  0
LINE
  8
22
 10
95.3350
 20
24.9030
 30
0.0000
 11
95.3350
 21
27.6970
 31
0.0000
  0
LINE
  8
22
 10
95.3350
 20
27.6970
 30
0.0000
 11
94.0650
 21
27.6970
 31
0.0000
  0
POINT
  8
24
 10
93.1000
 20
26.3000
 30
0.0000
  0
LINE
  8
22
 10
92.4650
 20
27.6970
 30
0.0000
 11
92.4650
 21
24.9030
 31
0.0000
  0
LINE
  8
22
 10
92.4650
 20
24.9030
 30
0.0000
 11
93.7350
 21
24.9030
 31
0.0000
  0
LINE
  8
22
 10
93.7350
 20
24.9030
 30
0.0000
 11
93.7350
 21
27.6970
 31
0.0000
  0
LINE
  8
22
 10
93.7350
 20
27.6970
 30
0.0000
 11
92.4650
 21
27.6970
 31
0.0000
  0
POINT
  8
24
 10
75.5000
 20
22.5000
 30
0.0000
  0
LINE
  8
22
 10
77.9130
 20
24.0240
 30
0.0000
 11
73.0870
 21
24.0240
 31
0.0000
  0
LINE
  8
22
 10
73.0870
 20
24.0240
 30
0.0000
 11
73.0870
 21
20.9760
 31
0.0000
  0
LINE
  8
22
 10
73.0870
 20
20.9760
 30
0.0000
 11
77.9130
 21
20.9760
 31
0.0000
  0
LINE
  8
22
 10
77.9130
 20
20.9760
 30
0.0000
 11
77.9130
 21
24.0240
 31
0.0000
  0
POINT
  8
24
 10
74.5000
 20
20.0000
 30
0.0000
  0
LINE
  8
22
 10
75.8970
 20
20.6350
 30
0.0000
 11
73.1030
 21
20.6350
 31
0.0000
  0
LINE
  8
22
 10
73.1030
 20
20.6350
 30
0.0000
 11
73.1030
 21
19.3650
 31
0.0000
  0
LINE
  8
22
 10
73.1030
 20
19.3650
 30
0.0000
 11
75.8970
 21
19.3650
 31
0.0000
  0
LINE
  8
22
 10
75.8970
 20
19.3650
 30
0.0000
 11
75.8970
 21
20.6350
 31
0.0000
  0
POINT
  8
24
 10
81.4000
 20
15.8000
 30
0.0000
  0
LINE
  8
22
 10
80.3840
 20
15.2920
 30
0.0000
 11
82.4160
 21
15.2920
 31
0.0000
  0
LINE
  8
22
 10
82.4160
 20
15.2920
 30
0.0000
 11
82.4160
 21
16.3080
 31
0.0000
  0
LINE
  8
22
 10
82.4160
 20
16.3080
 30
0.0000
 11
80.3840
 21
16.3080
 31
0.0000
  0
LINE
  8
22
 10
80.3840
 20
16.3080
 30
0.0000
 11
80.3840
 21
15.2920
 31
0.0000
  0
POINT
  8
24
 10
97.5000
 20
31.0000
 30
0.0000
  0
LINE
  8
22
 10
96.4840
 20
30.4920
 30
0.0000
 11
98.5160
 21
30.4920
 31
0.0000
  0
LINE
  8
22
 10
98.5160
 20
30.4920
 30
0.0000
 11
98.5160
 21
31.5080
 31
0.0000
  0
LINE
  8
22
 10
98.5160
 20
31.5080
 30
0.0000
 11
96.4840
 21
31.5080
 31
0.0000
  0
LINE
  8
22
 10
96.4840
 20
31.5080
 30
0.0000
 11
96.4840
 21
30.4920
 31
0.0000
  0
POINT
  8
24
 10
76.5000
 20
16.4000
 30
0.0000
  0
LINE
  8
22
 10
77.5160
 20
16.9080
 30
0.0000
 11
75.4840
 21
16.9080
 31
0.0000
  0
LINE
  8
22
 10
75.4840
 20
16.9080
 30
0.0000
 11
75.4840
 21
15.8920
 31
0.0000
  0
LINE
  8
22
 10
75.4840
 20
15.8920
 30
0.0000
 11
77.5160
 21
15.8920
 31
0.0000
  0
LINE
  8
22
 10
77.5160
 20
15.8920
 30
0.0000
 11
77.5160
 21
16.9080
 31
0.0000
  0
POINT
  8
24
 10
103.7000
 20
27.4000
 30
0.0000
  0
LINE
  8
22
 10
103.0650
 20
28.7970
 30
0.0000
 11
103.0650
 21
26.0030
 31
0.0000
  0
LINE
  8
22
 10
103.0650
 20
26.0030
 30
0.0000
 11
104.3350
 21
26.0030
 31
0.0000
  0
LINE
  8
22
 10
104.3350
 20
26.0030
 30
0.0000
 11
104.3350
 21
28.7970
 31
0.0000
  0
LINE
  8
22
 10
104.3350
 20
28.7970
 30
0.0000
 11
103.0650
 21
28.7970
 31
0.0000
  0
POINT
  8
24
 10
102.4000
 20
27.4000
 30
0.0000
  0
LINE
  8
22
 10
101.7650
 20
28.7970
 30
0.0000
 11
101.7650
 21
26.0030
 31
0.0000
  0
LINE
  8
22
 10
101.7650
 20
26.0030
 30
0.0000
 11
103.0350
 21
26.0030
 31
0.0000
  0
LINE
  8
22
 10
103.0350
 20
26.0030
 30
0.0000
 11
103.0350
 21
28.7970
 31
0.0000
  0
LINE
  8
22
 10
103.0350
 20
28.7970
 30
0.0000
 11
101.7650
 21
28.7970
 31
0.0000
  0
POINT
  8
24
 10
81.9000
 20
18.3000
 30
0.0000
  0
LINE
  8
22
 10
82.4080
 20
17.2840
 30
0.0000
 11
82.4080
 21
19.3160
 31
0.0000
  0
LINE
  8
22
 10
82.4080
 20
19.3160
 30
0.0000
 11
81.3920
 21
19.3160
 31
0.0000
  0
LINE
  8
22
 10
81.3920
 20
19.3160
 30
0.0000
 11
81.3920
 21
17.2840
 31
0.0000
  0
LINE
  8
22
 10
81.3920
 20
17.2840
 30
0.0000
 11
82.4080
 21
17.2840
 31
0.0000
  0
POINT
  8
24
 10
74.1000
 20
13.1000
 30
0.0000
  0
LINE
  8
22
 10
75.6240
 20
10.6870
 30
0.0000
 11
75.6240
 21
15.5130
 31
0.0000
  0
LINE
  8
22
 10
75.6240
 20
15.5130
 30
0.0000
 11
72.5760
 21
15.5130
 31
0.0000
  0
LINE
  8
22
 10
72.5760
 20
15.5130
 30
0.0000
 11
72.5760
 21
10.6870
 31
0.0000
  0
LINE
  8
22
 10
72.5760
 20
10.6870
 30
0.0000
 11
75.6240
 21
10.6870
 31
0.0000
  0
POINT
  8
24
 10
90.6000
 20
31.5000
 30
0.0000
  0
LINE
  8
22
 10
89.0760
 20
33.9130
 30
0.0000
 11
89.0760
 21
29.0870
 31
0.0000
  0
LINE
  8
22
 10
89.0760
 20
29.0870
 30
0.0000
 11
92.1240
 21
29.0870
 31
0.0000
  0
LINE
  8
22
 10
92.1240
 20
29.0870
 30
0.0000
 11
92.1240
 21
33.9130
 31
0.0000
  0
LINE
  8
22
 10
92.1240
 20
33.9130
 30
0.0000
 11
89.0760
 21
33.9130
 31
0.0000
  0
POINT
  8
24
 10
79.2000
 20
175.0000
 30
0.0000
  0
LINE
  8
22
 10
76.7108
 20
173.8570
 30
0.0000
 11
81.6892
 21
173.8570
 31
0.0000
  0
LINE
  8
22
 10
81.6892
 20
173.8570
 30
0.0000
 11
81.6892
 21
176.1430
 31
0.0000
  0
LINE
  8
22
 10
81.6892
 20
176.1430
 30
0.0000
 11
76.7108
 21
176.1430
 31
0.0000
  0
LINE
  8
22
 10
76.7108
 20
176.1430
 30
0.0000
 11
76.7108
 21
173.8570
 31
0.0000
  0
POINT
  8
24
 10
78.5000
 20
166.5000
 30
0.0000
  0
LINE
  8
22
 10
76.0108
 20
165.3570
 30
0.0000
 11
80.9892
 21
165.3570
 31
0.0000
  0
LINE
  8
22
 10
80.9892
 20
165.3570
 30
0.0000
 11
80.9892
 21
167.6430
 31
0.0000
  0
LINE
  8
22
 10
80.9892
 20
167.6430
 30
0.0000
 11
76.0108
 21
167.6430
 31
0.0000
  0
LINE
  8
22
 10
76.0108
 20
167.6430
 30
0.0000
 11
76.0108
 21
165.3570
 31
0.0000
  0
POINT
  8
24
 10
82.1000
 20
169.8000
 30
0.0000
  0
LINE
  8
22
 10
80.9570
 20
172.2892
 30
0.0000
 11
80.9570
 21
167.3108
 31
0.0000
  0
LINE
  8
22
 10
80.9570
 20
167.3108
 30
0.0000
 11
83.2430
 21
167.3108
 31
0.0000
  0
LINE
  8
22
 10
83.2430
 20
167.3108
 30
0.0000
 11
83.2430
 21
172.2892
 31
0.0000
  0
LINE
  8
22
 10
83.2430
 20
172.2892
 30
0.0000
 11
80.9570
 21
172.2892
 31
0.0000
  0
POINT
  8
24
 10
79.7000
 20
173.4000
 30
0.0000
  0
LINE
  8
22
 10
78.6840
 20
172.8920
 30
0.0000
 11
80.7160
 21
172.8920
 31
0.0000
  0
LINE
  8
22
 10
80.7160
 20
172.8920
 30
0.0000
 11
80.7160
 21
173.9080
 31
0.0000
  0
LINE
  8
22
 10
80.7160
 20
173.9080
 30
0.0000
 11
78.6840
 21
173.9080
 31
0.0000
  0
LINE
  8
22
 10
78.6840
 20
173.9080
 30
0.0000
 11
78.6840
 21
172.8920
 31
0.0000
  0
POINT
  8
24
 10
83.6000
 20
173.2000
 30
0.0000
  0
LINE
  8
22
 10
85.4542
 20
174.0890
 30
0.0000
 11
81.7458
 21
174.0890
 31
0.0000
  0
LINE
  8
22
 10
81.7458
 20
174.0890
 30
0.0000
 11
81.7458
 21
172.3110
 31
0.0000
  0
LINE
  8
22
 10
81.7458
 20
172.3110
 30
0.0000
 11
85.4542
 21
172.3110
 31
0.0000
  0
LINE
  8
22
 10
85.4542
 20
172.3110
 30
0.0000
 11
85.4542
 21
174.0890
 31
0.0000
  0
POINT
  8
24
 10
82.1000
 20
165.4000
 30
0.0000
  0
LINE
  8
22
 10
82.9890
 20
163.5458
 30
0.0000
 11
82.9890
 21
167.2542
 31
0.0000
  0
LINE
  8
22
 10
82.9890
 20
167.2542
 30
0.0000
 11
81.2110
 21
167.2542
 31
0.0000
  0
LINE
  8
22
 10
81.2110
 20
167.2542
 30
0.0000
 11
81.2110
 21
163.5458
 31
0.0000
  0
LINE
  8
22
 10
81.2110
 20
163.5458
 30
0.0000
 11
82.9890
 21
163.5458
 31
0.0000
  0
POINT
  8
24
 10
82.6000
 20
176.0000
 30
0.0000
  0
LINE
  8
22
 10
81.7110
 20
177.8542
 30
0.0000
 11
81.7110
 21
174.1458
 31
0.0000
  0
LINE
  8
22
 10
81.7110
 20
174.1458
 30
0.0000
 11
83.4890
 21
174.1458
 31
0.0000
  0
LINE
  8
22
 10
83.4890
 20
174.1458
 30
0.0000
 11
83.4890
 21
177.8542
 31
0.0000
  0
LINE
  8
22
 10
83.4890
 20
177.8542
 30
0.0000
 11
81.7110
 21
177.8542
 31
0.0000
  0
POINT
  8
24
 10
87.2000
 20
34.6000
 30
0.0000
  0
LINE
  8
22
 10
88.2160
 20
35.1080
 30
0.0000
 11
86.1840
 21
35.1080
 31
0.0000
  0
LINE
  8
22
 10
86.1840
 20
35.1080
 30
0.0000
 11
86.1840
 21
34.0920
 31
0.0000
  0
LINE
  8
22
 10
86.1840
 20
34.0920
 30
0.0000
 11
88.2160
 21
34.0920
 31
0.0000
  0
LINE
  8
22
 10
88.2160
 20
34.0920
 30
0.0000
 11
88.2160
 21
35.1080
 31
0.0000
  0
POINT
  8
24
 10
60.7000
 20
109.4000
 30
0.0000
  0
LINE
  8
22
 10
61.7160
 20
109.9080
 30
0.0000
 11
59.6840
 21
109.9080
 31
0.0000
  0
LINE
  8
22
 10
59.6840
 20
109.9080
 30
0.0000
 11
59.6840
 21
108.8920
 31
0.0000
  0
LINE
  8
22
 10
59.6840
 20
108.8920
 30
0.0000
 11
61.7160
 21
108.8920
 31
0.0000
  0
LINE
  8
22
 10
61.7160
 20
108.8920
 30
0.0000
 11
61.7160
 21
109.9080
 31
0.0000
  0
POINT
  8
24
 10
60.7000
 20
112.4000
 30
0.0000
  0
LINE
  8
22
 10
61.7160
 20
112.9080
 30
0.0000
 11
59.6840
 21
112.9080
 31
0.0000
  0
LINE
  8
22
 10
59.6840
 20
112.9080
 30
0.0000
 11
59.6840
 21
111.8920
 31
0.0000
  0
LINE
  8
22
 10
59.6840
 20
111.8920
 30
0.0000
 11
61.7160
 21
111.8920
 31
0.0000
  0
LINE
  8
22
 10
61.7160
 20
111.8920
 30
0.0000
 11
61.7160
 21
112.9080
 31
0.0000
  0
POINT
  8
24
 10
60.2000
 20
110.9000
 30
0.0000
  0
LINE
  8
22
 10
59.6920
 20
111.9160
 30
0.0000
 11
59.6920
 21
109.8840
 31
0.0000
  0
LINE
  8
22
 10
59.6920
 20
109.8840
 30
0.0000
 11
60.7080
 21
109.8840
 31
0.0000
  0
LINE
  8
22
 10
60.7080
 20
109.8840
 30
0.0000
 11
60.7080
 21
111.9160
 31
0.0000
  0
LINE
  8
22
 10
60.7080
 20
111.9160
 30
0.0000
 11
59.6920
 21
111.9160
 31
0.0000
  0
POINT
  8
24
 10
64.5000
 20
102.9000
 30
0.0000
  0
LINE
  8
22
 10
65.5160
 20
103.4080
 30
0.0000
 11
63.4840
 21
103.4080
 31
0.0000
  0
LINE
  8
22
 10
63.4840
 20
103.4080
 30
0.0000
 11
63.4840
 21
102.3920
 31
0.0000
  0
LINE
  8
22
 10
63.4840
 20
102.3920
 30
0.0000
 11
65.5160
 21
102.3920
 31
0.0000
  0
LINE
  8
22
 10
65.5160
 20
102.3920
 30
0.0000
 11
65.5160
 21
103.4080
 31
0.0000
  0
POINT
  8
24
 10
62.1000
 20
105.7000
 30
0.0000
  0
LINE
  8
22
 10
63.1160
 20
106.2080
 30
0.0000
 11
61.0840
 21
106.2080
 31
0.0000
  0
LINE
  8
22
 10
61.0840
 20
106.2080
 30
0.0000
 11
61.0840
 21
105.1920
 31
0.0000
  0
LINE
  8
22
 10
61.0840
 20
105.1920
 30
0.0000
 11
63.1160
 21
105.1920
 31
0.0000
  0
LINE
  8
22
 10
63.1160
 20
105.1920
 30
0.0000
 11
63.1160
 21
106.2080
 31
0.0000
  0
POINT
  8
24
 10
64.0000
 20
107.6000
 30
0.0000
  0
LINE
  8
22
 10
63.4920
 20
108.6160
 30
0.0000
 11
63.4920
 21
106.5840
 31
0.0000
  0
LINE
  8
22
 10
63.4920
 20
106.5840
 30
0.0000
 11
64.5080
 21
106.5840
 31
0.0000
  0
LINE
  8
22
 10
64.5080
 20
106.5840
 30
0.0000
 11
64.5080
 21
108.6160
 31
0.0000
  0
LINE
  8
22
 10
64.5080
 20
108.6160
 30
0.0000
 11
63.4920
 21
108.6160
 31
0.0000
  0
POINT
  8
24
 10
82.5000
 20
112.0000
 30
0.0000
  0
LINE
  8
22
 10
83.5160
 20
112.5080
 30
0.0000
 11
81.4840
 21
112.5080
 31
0.0000
  0
LINE
  8
22
 10
81.4840
 20
112.5080
 30
0.0000
 11
81.4840
 21
111.4920
 31
0.0000
  0
LINE
  8
22
 10
81.4840
 20
111.4920
 30
0.0000
 11
83.5160
 21
111.4920
 31
0.0000
  0
LINE
  8
22
 10
83.5160
 20
111.4920
 30
0.0000
 11
83.5160
 21
112.5080
 31
0.0000
  0
POINT
  8
24
 10
79.1000
 20
107.0000
 30
0.0000
  0
LINE
  8
22
 10
78.0840
 20
106.4920
 30
0.0000
 11
80.1160
 21
106.4920
 31
0.0000
  0
LINE
  8
22
 10
80.1160
 20
106.4920
 30
0.0000
 11
80.1160
 21
107.5080
 31
0.0000
  0
LINE
  8
22
 10
80.1160
 20
107.5080
 30
0.0000
 11
78.0840
 21
107.5080
 31
0.0000
  0
LINE
  8
22
 10
78.0840
 20
107.5080
 30
0.0000
 11
78.0840
 21
106.4920
 31
0.0000
  0
POINT
  8
24
 10
82.5000
 20
113.0000
 30
0.0000
  0
LINE
  8
22
 10
83.5160
 20
113.5080
 30
0.0000
 11
81.4840
 21
113.5080
 31
0.0000
  0
LINE
  8
22
 10
81.4840
 20
113.5080
 30
0.0000
 11
81.4840
 21
112.4920
 31
0.0000
  0
LINE
  8
22
 10
81.4840
 20
112.4920
 30
0.0000
 11
83.5160
 21
112.4920
 31
0.0000
  0
LINE
  8
22
 10
83.5160
 20
112.4920
 30
0.0000
 11
83.5160
 21
113.5080
 31
0.0000
  0
POINT
  8
24
 10
79.1000
 20
109.0000
 30
0.0000
  0
LINE
  8
22
 10
78.0840
 20
108.4920
 30
0.0000
 11
80.1160
 21
108.4920
 31
0.0000
  0
LINE
  8
22
 10
80.1160
 20
108.4920
 30
0.0000
 11
80.1160
 21
109.5080
 31
0.0000
  0
LINE
  8
22
 10
80.1160
 20
109.5080
 30
0.0000
 11
78.0840
 21
109.5080
 31
0.0000
  0
LINE
  8
22
 10
78.0840
 20
109.5080
 30
0.0000
 11
78.0840
 21
108.4920
 31
0.0000
  0
POINT
  8
24
 10
79.1000
 20
110.0000
 30
0.0000
  0
LINE
  8
22
 10
78.0840
 20
109.4920
 30
0.0000
 11
80.1160
 21
109.4920
 31
0.0000
  0
LINE
  8
22
 10
80.1160
 20
109.4920
 30
0.0000
 11
80.1160
 21
110.5080
 31
0.0000
  0
LINE
  8
22
 10
80.1160
 20
110.5080
 30
0.0000
 11
78.0840
 21
110.5080
 31
0.0000
  0
LINE
  8
22
 10
78.0840
 20
110.5080
 30
0.0000
 11
78.0840
 21
109.4920
 31
0.0000
  0
POINT
  8
24
 10
79.1000
 20
112.0000
 30
0.0000
  0
LINE
  8
22
 10
78.0840
 20
111.4920
 30
0.0000
 11
80.1160
 21
111.4920
 31
0.0000
  0
LINE
  8
22
 10
80.1160
 20
111.4920
 30
0.0000
 11
80.1160
 21
112.5080
 31
0.0000
  0
LINE
  8
22
 10
80.1160
 20
112.5080
 30
0.0000
 11
78.0840
 21
112.5080
 31
0.0000
  0
LINE
  8
22
 10
78.0840
 20
112.5080
 30
0.0000
 11
78.0840
 21
111.4920
 31
0.0000
  0
POINT
  8
24
 10
82.5000
 20
110.0000
 30
0.0000
  0
LINE
  8
22
 10
83.5160
 20
110.5080
 30
0.0000
 11
81.4840
 21
110.5080
 31
0.0000
  0
LINE
  8
22
 10
81.4840
 20
110.5080
 30
0.0000
 11
81.4840
 21
109.4920
 31
0.0000
  0
LINE
  8
22
 10
81.4840
 20
109.4920
 30
0.0000
 11
83.5160
 21
109.4920
 31
0.0000
  0
LINE
  8
22
 10
83.5160
 20
109.4920
 30
0.0000
 11
83.5160
 21
110.5080
 31
0.0000
  0
POINT
  8
24
 10
79.1000
 20
113.0000
 30
0.0000
  0
LINE
  8
22
 10
78.0840
 20
112.4920
 30
0.0000
 11
80.1160
 21
112.4920
 31
0.0000
  0
LINE
  8
22
 10
80.1160
 20
112.4920
 30
0.0000
 11
80.1160
 21
113.5080
 31
0.0000
  0
LINE
  8
22
 10
80.1160
 20
113.5080
 30
0.0000
 11
78.0840
 21
113.5080
 31
0.0000
  0
LINE
  8
22
 10
78.0840
 20
113.5080
 30
0.0000
 11
78.0840
 21
112.4920
 31
0.0000
  0
POINT
  8
24
 10
79.1000
 20
106.0000
 30
0.0000
  0
LINE
  8
22
 10
78.0840
 20
105.4920
 30
0.0000
 11
80.1160
 21
105.4920
 31
0.0000
  0
LINE
  8
22
 10
80.1160
 20
105.4920
 30
0.0000
 11
80.1160
 21
106.5080
 31
0.0000
  0
LINE
  8
22
 10
80.1160
 20
106.5080
 30
0.0000
 11
78.0840
 21
106.5080
 31
0.0000
  0
LINE
  8
22
 10
78.0840
 20
106.5080
 30
0.0000
 11
78.0840
 21
105.4920
 31
0.0000
  0
POINT
  8
24
 10
82.5000
 20
107.0000
 30
0.0000
  0
LINE
  8
22
 10
83.5160
 20
107.5080
 30
0.0000
 11
81.4840
 21
107.5080
 31
0.0000
  0
LINE
  8
22
 10
81.4840
 20
107.5080
 30
0.0000
 11
81.4840
 21
106.4920
 31
0.0000
  0
LINE
  8
22
 10
81.4840
 20
106.4920
 30
0.0000
 11
83.5160
 21
106.4920
 31
0.0000
  0
LINE
  8
22
 10
83.5160
 20
106.4920
 30
0.0000
 11
83.5160
 21
107.5080
 31
0.0000
  0
POINT
  8
24
 10
82.5000
 20
106.0000
 30
0.0000
  0
LINE
  8
22
 10
83.5160
 20
106.5080
 30
0.0000
 11
81.4840
 21
106.5080
 31
0.0000
  0
LINE
  8
22
 10
81.4840
 20
106.5080
 30
0.0000
 11
81.4840
 21
105.4920
 31
0.0000
  0
LINE
  8
22
 10
81.4840
 20
105.4920
 30
0.0000
 11
83.5160
 21
105.4920
 31
0.0000
  0
LINE
  8
22
 10
83.5160
 20
105.4920
 30
0.0000
 11
83.5160
 21
106.5080
 31
0.0000
  0
POINT
  8
24
 10
82.5000
 20
109.0000
 30
0.0000
  0
LINE
  8
22
 10
83.5160
 20
109.5080
 30
0.0000
 11
81.4840
 21
109.5080
 31
0.0000
  0
LINE
  8
22
 10
81.4840
 20
109.5080
 30
0.0000
 11
81.4840
 21
108.4920
 31
0.0000
  0
LINE
  8
22
 10
81.4840
 20
108.4920
 30
0.0000
 11
83.5160
 21
108.4920
 31
0.0000
  0
LINE
  8
22
 10
83.5160
 20
108.4920
 30
0.0000
 11
83.5160
 21
109.5080
 31
0.0000
  0
POINT
  8
24
 10
79.1000
 20
105.0000
 30
0.0000
  0
LINE
  8
22
 10
78.0840
 20
104.4920
 30
0.0000
 11
80.1160
 21
104.4920
 31
0.0000
  0
LINE
  8
22
 10
80.1160
 20
104.4920
 30
0.0000
 11
80.1160
 21
105.5080
 31
0.0000
  0
LINE
  8
22
 10
80.1160
 20
105.5080
 30
0.0000
 11
78.0840
 21
105.5080
 31
0.0000
  0
LINE
  8
22
 10
78.0840
 20
105.5080
 30
0.0000
 11
78.0840
 21
104.4920
 31
0.0000
  0
POINT
  8
24
 10
87.1000
 20
88.8000
 30
0.0000
  0
LINE
  8
22
 10
87.6080
 20
87.7840
 30
0.0000
 11
87.6080
 21
89.8160
 31
0.0000
  0
LINE
  8
22
 10
87.6080
 20
89.8160
 30
0.0000
 11
86.5920
 21
89.8160
 31
0.0000
  0
LINE
  8
22
 10
86.5920
 20
89.8160
 30
0.0000
 11
86.5920
 21
87.7840
 31
0.0000
  0
LINE
  8
22
 10
86.5920
 20
87.7840
 30
0.0000
 11
87.6080
 21
87.7840
 31
0.0000
  0
POINT
  8
24
 10
88.6000
 20
90.3000
 30
0.0000
  0
LINE
  8
22
 10
87.5840
 20
89.7920
 30
0.0000
 11
89.6160
 21
89.7920
 31
0.0000
  0
LINE
  8
22
 10
89.6160
 20
89.7920
 30
0.0000
 11
89.6160
 21
90.8080
 31
0.0000
  0
LINE
  8
22
 10
89.6160
 20
90.8080
 30
0.0000
 11
87.5840
 21
90.8080
 31
0.0000
  0
LINE
  8
22
 10
87.5840
 20
90.8080
 30
0.0000
 11
87.5840
 21
89.7920
 31
0.0000
  0
POINT
  8
24
 10
72.0000
 20
87.5000
 30
0.0000
  0
LINE
  8
22
 10
70.9840
 20
86.9920
 30
0.0000
 11
73.0160
 21
86.9920
 31
0.0000
  0
LINE
  8
22
 10
73.0160
 20
86.9920
 30
0.0000
 11
73.0160
 21
88.0080
 31
0.0000
  0
LINE
  8
22
 10
73.0160
 20
88.0080
 30
0.0000
 11
70.9840
 21
88.0080
 31
0.0000
  0
LINE
  8
22
 10
70.9840
 20
88.0080
 30
0.0000
 11
70.9840
 21
86.9920
 31
0.0000
  0
POINT
  8
24
 10
91.0000
 20
88.8000
 30
0.0000
  0
LINE
  8
22
 10
91.5080
 20
87.7840
 30
0.0000
 11
91.5080
 21
89.8160
 31
0.0000
  0
LINE
  8
22
 10
91.5080
 20
89.8160
 30
0.0000
 11
90.4920
 21
89.8160
 31
0.0000
  0
LINE
  8
22
 10
90.4920
 20
89.8160
 30
0.0000
 11
90.4920
 21
87.7840
 31
0.0000
  0
LINE
  8
22
 10
90.4920
 20
87.7840
 30
0.0000
 11
91.5080
 21
87.7840
 31
0.0000
  0
POINT
  8
24
 10
92.5000
 20
90.3000
 30
0.0000
  0
LINE
  8
22
 10
91.4840
 20
89.7920
 30
0.0000
 11
93.5160
 21
89.7920
 31
0.0000
  0
LINE
  8
22
 10
93.5160
 20
89.7920
 30
0.0000
 11
93.5160
 21
90.8080
 31
0.0000
  0
LINE
  8
22
 10
93.5160
 20
90.8080
 30
0.0000
 11
91.4840
 21
90.8080
 31
0.0000
  0
LINE
  8
22
 10
91.4840
 20
90.8080
 30
0.0000
 11
91.4840
 21
89.7920
 31
0.0000
  0
POINT
  8
24
 10
79.7000
 20
87.1000
 30
0.0000
  0
LINE
  8
22
 10
80.2080
 20
86.0840
 30
0.0000
 11
80.2080
 21
88.1160
 31
0.0000
  0
LINE
  8
22
 10
80.2080
 20
88.1160
 30
0.0000
 11
79.1920
 21
88.1160
 31
0.0000
  0
LINE
  8
22
 10
79.1920
 20
88.1160
 30
0.0000
 11
79.1920
 21
86.0840
 31
0.0000
  0
LINE
  8
22
 10
79.1920
 20
86.0840
 30
0.0000
 11
80.2080
 21
86.0840
 31
0.0000
  0
POINT
  8
24
 10
106.7000
 20
86.1000
 30
0.0000
  0
LINE
  8
22
 10
107.2080
 20
85.0840
 30
0.0000
 11
107.2080
 21
87.1160
 31
0.0000
  0
LINE
  8
22
 10
107.2080
 20
87.1160
 30
0.0000
 11
106.1920
 21
87.1160
 31
0.0000
  0
LINE
  8
22
 10
106.1920
 20
87.1160
 30
0.0000
 11
106.1920
 21
85.0840
 31
0.0000
  0
LINE
  8
22
 10
106.1920
 20
85.0840
 30
0.0000
 11
107.2080
 21
85.0840
 31
0.0000
  0
POINT
  8
24
 10
99.5000
 20
82.9000
 30
0.0000
  0
LINE
  8
22
 10
98.4840
 20
82.3920
 30
0.0000
 11
100.5160
 21
82.3920
 31
0.0000
  0
LINE
  8
22
 10
100.5160
 20
82.3920
 30
0.0000
 11
100.5160
 21
83.4080
 31
0.0000
  0
LINE
  8
22
 10
100.5160
 20
83.4080
 30
0.0000
 11
98.4840
 21
83.4080
 31
0.0000
  0
LINE
  8
22
 10
98.4840
 20
83.4080
 30
0.0000
 11
98.4840
 21
82.3920
 31
0.0000
  0
POINT
  8
24
 10
99.9000
 20
79.3000
 30
0.0000
  0
LINE
  8
22
 10
99.3920
 20
80.3160
 30
0.0000
 11
99.3920
 21
78.2840
 31
0.0000
  0
LINE
  8
22
 10
99.3920
 20
78.2840
 30
0.0000
 11
100.4080
 21
78.2840
 31
0.0000
  0
LINE
  8
22
 10
100.4080
 20
78.2840
 30
0.0000
 11
100.4080
 21
80.3160
 31
0.0000
  0
LINE
  8
22
 10
100.4080
 20
80.3160
 30
0.0000
 11
99.3920
 21
80.3160
 31
0.0000
  0
POINT
  8
24
 10
102.6000
 20
79.3000
 30
0.0000
  0
LINE
  8
22
 10
103.1080
 20
78.2840
 30
0.0000
 11
103.1080
 21
80.3160
 31
0.0000
  0
LINE
  8
22
 10
103.1080
 20
80.3160
 30
0.0000
 11
102.0920
 21
80.3160
 31
0.0000
  0
LINE
  8
22
 10
102.0920
 20
80.3160
 30
0.0000
 11
102.0920
 21
78.2840
 31
0.0000
  0
LINE
  8
22
 10
102.0920
 20
78.2840
 30
0.0000
 11
103.1080
 21
78.2840
 31
0.0000
  0
POINT
  8
24
 10
99.5000
 20
81.9000
 30
0.0000
  0
LINE
  8
22
 10
98.4840
 20
81.3920
 30
0.0000
 11
100.5160
 21
81.3920
 31
0.0000
  0
LINE
  8
22
 10
100.5160
 20
81.3920
 30
0.0000
 11
100.5160
 21
82.4080
 31
0.0000
  0
LINE
  8
22
 10
100.5160
 20
82.4080
 30
0.0000
 11
98.4840
 21
82.4080
 31
0.0000
  0
LINE
  8
22
 10
98.4840
 20
82.4080
 30
0.0000
 11
98.4840
 21
81.3920
 31
0.0000
  0
POINT
  8
24
 10
101.5000
 20
81.9000
 30
0.0000
  0
LINE
  8
22
 10
102.5160
 20
82.4080
 30
0.0000
 11
100.4840
 21
82.4080
 31
0.0000
  0
LINE
  8
22
 10
100.4840
 20
82.4080
 30
0.0000
 11
100.4840
 21
81.3920
 31
0.0000
  0
LINE
  8
22
 10
100.4840
 20
81.3920
 30
0.0000
 11
102.5160
 21
81.3920
 31
0.0000
  0
LINE
  8
22
 10
102.5160
 20
81.3920
 30
0.0000
 11
102.5160
 21
82.4080
 31
0.0000
  0
POINT
  8
24
 10
90.8000
 20
72.8000
 30
0.0000
  0
LINE
  8
22
 10
90.2920
 20
73.8160
 30
0.0000
 11
90.2920
 21
71.7840
 31
0.0000
  0
LINE
  8
22
 10
90.2920
 20
71.7840
 30
0.0000
 11
91.3080
 21
71.7840
 31
0.0000
  0
LINE
  8
22
 10
91.3080
 20
71.7840
 30
0.0000
 11
91.3080
 21
73.8160
 31
0.0000
  0
LINE
  8
22
 10
91.3080
 20
73.8160
 30
0.0000
 11
90.2920
 21
73.8160
 31
0.0000
  0
POINT
  8
24
 10
81.2000
 20
76.4000
 30
0.0000
  0
LINE
  8
22
 10
82.2160
 20
76.9080
 30
0.0000
 11
80.1840
 21
76.9080
 31
0.0000
  0
LINE
  8
22
 10
80.1840
 20
76.9080
 30
0.0000
 11
80.1840
 21
75.8920
 31
0.0000
  0
LINE
  8
22
 10
80.1840
 20
75.8920
 30
0.0000
 11
82.2160
 21
75.8920
 31
0.0000
  0
LINE
  8
22
 10
82.2160
 20
75.8920
 30
0.0000
 11
82.2160
 21
76.9080
 31
0.0000
  0
POINT
  8
24
 10
81.2000
 20
79.4000
 30
0.0000
  0
LINE
  8
22
 10
82.2160
 20
79.9080
 30
0.0000
 11
80.1840
 21
79.9080
 31
0.0000
  0
LINE
  8
22
 10
80.1840
 20
79.9080
 30
0.0000
 11
80.1840
 21
78.8920
 31
0.0000
  0
LINE
  8
22
 10
80.1840
 20
78.8920
 30
0.0000
 11
82.2160
 21
78.8920
 31
0.0000
  0
LINE
  8
22
 10
82.2160
 20
78.8920
 30
0.0000
 11
82.2160
 21
79.9080
 31
0.0000
  0
POINT
  8
24
 10
81.2000
 20
82.4000
 30
0.0000
  0
LINE
  8
22
 10
82.2160
 20
82.9080
 30
0.0000
 11
80.1840
 21
82.9080
 31
0.0000
  0
LINE
  8
22
 10
80.1840
 20
82.9080
 30
0.0000
 11
80.1840
 21
81.8920
 31
0.0000
  0
LINE
  8
22
 10
80.1840
 20
81.8920
 30
0.0000
 11
82.2160
 21
81.8920
 31
0.0000
  0
LINE
  8
22
 10
82.2160
 20
81.8920
 30
0.0000
 11
82.2160
 21
82.9080
 31
0.0000
  0
POINT
  8
24
 10
81.2000
 20
85.4000
 30
0.0000
  0
LINE
  8
22
 10
82.2160
 20
85.9080
 30
0.0000
 11
80.1840
 21
85.9080
 31
0.0000
  0
LINE
  8
22
 10
80.1840
 20
85.9080
 30
0.0000
 11
80.1840
 21
84.8920
 31
0.0000
  0
LINE
  8
22
 10
80.1840
 20
84.8920
 30
0.0000
 11
82.2160
 21
84.8920
 31
0.0000
  0
LINE
  8
22
 10
82.2160
 20
84.8920
 30
0.0000
 11
82.2160
 21
85.9080
 31
0.0000
  0
POINT
  8
24
 10
91.7000
 20
181.6000
 30
0.0000
  0
LINE
  8
22
 10
90.6840
 20
181.0920
 30
0.0000
 11
92.7160
 21
181.0920
 31
0.0000
  0
LINE
  8
22
 10
92.7160
 20
181.0920
 30
0.0000
 11
92.7160
 21
182.1080
 31
0.0000
  0
LINE
  8
22
 10
92.7160
 20
182.1080
 30
0.0000
 11
90.6840
 21
182.1080
 31
0.0000
  0
LINE
  8
22
 10
90.6840
 20
182.1080
 30
0.0000
 11
90.6840
 21
181.0920
 31
0.0000
  0
POINT
  8
24
 10
91.7000
 20
182.6000
 30
0.0000
  0
LINE
  8
22
 10
90.6840
 20
182.0920
 30
0.0000
 11
92.7160
 21
182.0920
 31
0.0000
  0
LINE
  8
22
 10
92.7160
 20
182.0920
 30
0.0000
 11
92.7160
 21
183.1080
 31
0.0000
  0
LINE
  8
22
 10
92.7160
 20
183.1080
 30
0.0000
 11
90.6840
 21
183.1080
 31
0.0000
  0
LINE
  8
22
 10
90.6840
 20
183.1080
 30
0.0000
 11
90.6840
 21
182.0920
 31
0.0000
  0
POINT
  8
24
 10
83.6000
 20
187.8000
 30
0.0000
  0
LINE
  8
22
 10
84.6160
 20
188.3080
 30
0.0000
 11
82.5840
 21
188.3080
 31
0.0000
  0
LINE
  8
22
 10
82.5840
 20
188.3080
 30
0.0000
 11
82.5840
 21
187.2920
 31
0.0000
  0
LINE
  8
22
 10
82.5840
 20
187.2920
 30
0.0000
 11
84.6160
 21
187.2920
 31
0.0000
  0
LINE
  8
22
 10
84.6160
 20
187.2920
 30
0.0000
 11
84.6160
 21
188.3080
 31
0.0000
  0
POINT
  8
24
 10
91.3000
 20
183.8000
 30
0.0000
  0
LINE
  8
22
 10
89.9030
 20
183.1650
 30
0.0000
 11
92.6970
 21
183.1650
 31
0.0000
  0
LINE
  8
22
 10
92.6970
 20
183.1650
 30
0.0000
 11
92.6970
 21
184.4350
 31
0.0000
  0
LINE
  8
22
 10
92.6970
 20
184.4350
 30
0.0000
 11
89.9030
 21
184.4350
 31
0.0000
  0
LINE
  8
22
 10
89.9030
 20
184.4350
 30
0.0000
 11
89.9030
 21
183.1650
 31
0.0000
  0
POINT
  8
24
 10
86.0000
 20
186.9000
 30
0.0000
  0
LINE
  8
22
 10
84.6030
 20
186.2650
 30
0.0000
 11
87.3970
 21
186.2650
 31
0.0000
  0
LINE
  8
22
 10
87.3970
 20
186.2650
 30
0.0000
 11
87.3970
 21
187.5350
 31
0.0000
  0
LINE
  8
22
 10
87.3970
 20
187.5350
 30
0.0000
 11
84.6030
 21
187.5350
 31
0.0000
  0
LINE
  8
22
 10
84.6030
 20
187.5350
 30
0.0000
 11
84.6030
 21
186.2650
 31
0.0000
  0
POINT
  8
24
 10
85.9000
 20
182.4000
 30
0.0000
  0
LINE
  8
22
 10
86.9160
 20
182.9080
 30
0.0000
 11
84.8840
 21
182.9080
 31
0.0000
  0
LINE
  8
22
 10
84.8840
 20
182.9080
 30
0.0000
 11
84.8840
 21
181.8920
 31
0.0000
  0
LINE
  8
22
 10
84.8840
 20
181.8920
 30
0.0000
 11
86.9160
 21
181.8920
 31
0.0000
  0
LINE
  8
22
 10
86.9160
 20
181.8920
 30
0.0000
 11
86.9160
 21
182.9080
 31
0.0000
  0
POINT
  8
24
 10
85.9000
 20
181.4000
 30
0.0000
  0
LINE
  8
22
 10
86.9160
 20
181.9080
 30
0.0000
 11
84.8840
 21
181.9080
 31
0.0000
  0
LINE
  8
22
 10
84.8840
 20
181.9080
 30
0.0000
 11
84.8840
 21
180.8920
 31
0.0000
  0
LINE
  8
22
 10
84.8840
 20
180.8920
 30
0.0000
 11
86.9160
 21
180.8920
 31
0.0000
  0
LINE
  8
22
 10
86.9160
 20
180.8920
 30
0.0000
 11
86.9160
 21
181.9080
 31
0.0000
  0
POINT
  8
24
 10
86.3000
 20
180.2000
 30
0.0000
  0
LINE
  8
22
 10
87.6970
 20
180.8350
 30
0.0000
 11
84.9030
 21
180.8350
 31
0.0000
  0
LINE
  8
22
 10
84.9030
 20
180.8350
 30
0.0000
 11
84.9030
 21
179.5650
 31
0.0000
  0
LINE
  8
22
 10
84.9030
 20
179.5650
 30
0.0000
 11
87.6970
 21
179.5650
 31
0.0000
  0
LINE
  8
22
 10
87.6970
 20
179.5650
 30
0.0000
 11
87.6970
 21
180.8350
 31
0.0000
  0
POINT
  8
24
 10
85.9000
 20
185.8000
 30
0.0000
  0
LINE
  8
22
 10
86.9160
 20
186.3080
 30
0.0000
 11
84.8840
 21
186.3080
 31
0.0000
  0
LINE
  8
22
 10
84.8840
 20
186.3080
 30
0.0000
 11
84.8840
 21
185.2920
 31
0.0000
  0
LINE
  8
22
 10
84.8840
 20
185.2920
 30
0.0000
 11
86.9160
 21
185.2920
 31
0.0000
  0
LINE
  8
22
 10
86.9160
 20
185.2920
 30
0.0000
 11
86.9160
 21
186.3080
 31
0.0000
  0
POINT
  8
24
 10
85.9000
 20
184.8000
 30
0.0000
  0
LINE
  8
22
 10
86.9160
 20
185.3080
 30
0.0000
 11
84.8840
 21
185.3080
 31
0.0000
  0
LINE
  8
22
 10
84.8840
 20
185.3080
 30
0.0000
 11
84.8840
 21
184.2920
 31
0.0000
  0
LINE
  8
22
 10
84.8840
 20
184.2920
 30
0.0000
 11
86.9160
 21
184.2920
 31
0.0000
  0
LINE
  8
22
 10
86.9160
 20
184.2920
 30
0.0000
 11
86.9160
 21
185.3080
 31
0.0000
  0
POINT
  8
24
 10
86.3000
 20
183.6000
 30
0.0000
  0
LINE
  8
22
 10
87.6970
 20
184.2350
 30
0.0000
 11
84.9030
 21
184.2350
 31
0.0000
  0
LINE
  8
22
 10
84.9030
 20
184.2350
 30
0.0000
 11
84.9030
 21
182.9650
 31
0.0000
  0
LINE
  8
22
 10
84.9030
 20
182.9650
 30
0.0000
 11
87.6970
 21
182.9650
 31
0.0000
  0
LINE
  8
22
 10
87.6970
 20
182.9650
 30
0.0000
 11
87.6970
 21
184.2350
 31
0.0000
  0
POINT
  8
24
 10
91.7000
 20
179.6000
 30
0.0000
  0
LINE
  8
22
 10
92.7160
 20
180.1080
 30
0.0000
 11
90.6840
 21
180.1080
 31
0.0000
  0
LINE
  8
22
 10
90.6840
 20
180.1080
 30
0.0000
 11
90.6840
 21
179.0920
 31
0.0000
  0
LINE
  8
22
 10
90.6840
 20
179.0920
 30
0.0000
 11
92.7160
 21
179.0920
 31
0.0000
  0
LINE
  8
22
 10
92.7160
 20
179.0920
 30
0.0000
 11
92.7160
 21
180.1080
 31
0.0000
  0
POINT
  8
24
 10
83.7000
 20
182.8000
 30
0.0000
  0
LINE
  8
22
 10
84.7160
 20
183.3080
 30
0.0000
 11
82.6840
 21
183.3080
 31
0.0000
  0
LINE
  8
22
 10
82.6840
 20
183.3080
 30
0.0000
 11
82.6840
 21
182.2920
 31
0.0000
  0
LINE
  8
22
 10
82.6840
 20
182.2920
 30
0.0000
 11
84.7160
 21
182.2920
 31
0.0000
  0
LINE
  8
22
 10
84.7160
 20
182.2920
 30
0.0000
 11
84.7160
 21
183.3080
 31
0.0000
  0
POINT
  8
24
 10
83.7000
 20
184.8000
 30
0.0000
  0
LINE
  8
22
 10
84.7160
 20
185.3080
 30
0.0000
 11
82.6840
 21
185.3080
 31
0.0000
  0
LINE
  8
22
 10
82.6840
 20
185.3080
 30
0.0000
 11
82.6840
 21
184.2920
 31
0.0000
  0
LINE
  8
22
 10
82.6840
 20
184.2920
 30
0.0000
 11
84.7160
 21
184.2920
 31
0.0000
  0
LINE
  8
22
 10
84.7160
 20
184.2920
 30
0.0000
 11
84.7160
 21
185.3080
 31
0.0000
  0
POINT
  8
24
 10
91.7000
 20
180.6000
 30
0.0000
  0
LINE
  8
22
 10
92.7160
 20
181.1080
 30
0.0000
 11
90.6840
 21
181.1080
 31
0.0000
  0
LINE
  8
22
 10
90.6840
 20
181.1080
 30
0.0000
 11
90.6840
 21
180.0920
 31
0.0000
  0
LINE
  8
22
 10
90.6840
 20
180.0920
 30
0.0000
 11
92.7160
 21
180.0920
 31
0.0000
  0
LINE
  8
22
 10
92.7160
 20
180.0920
 30
0.0000
 11
92.7160
 21
181.1080
 31
0.0000
  0
POINT
  8
24
 10
83.7000
 20
181.8000
 30
0.0000
  0
LINE
  8
22
 10
84.7160
 20
182.3080
 30
0.0000
 11
82.6840
 21
182.3080
 31
0.0000
  0
LINE
  8
22
 10
82.6840
 20
182.3080
 30
0.0000
 11
82.6840
 21
181.2920
 31
0.0000
  0
LINE
  8
22
 10
82.6840
 20
181.2920
 30
0.0000
 11
84.7160
 21
181.2920
 31
0.0000
  0
LINE
  8
22
 10
84.7160
 20
181.2920
 30
0.0000
 11
84.7160
 21
182.3080
 31
0.0000
  0
POINT
  8
24
 10
83.7000
 20
183.8000
 30
0.0000
  0
LINE
  8
22
 10
84.7160
 20
184.3080
 30
0.0000
 11
82.6840
 21
184.3080
 31
0.0000
  0
LINE
  8
22
 10
82.6840
 20
184.3080
 30
0.0000
 11
82.6840
 21
183.2920
 31
0.0000
  0
LINE
  8
22
 10
82.6840
 20
183.2920
 30
0.0000
 11
84.7160
 21
183.2920
 31
0.0000
  0
LINE
  8
22
 10
84.7160
 20
183.2920
 30
0.0000
 11
84.7160
 21
184.3080
 31
0.0000
  0
POINT
  8
24
 10
90.9000
 20
163.7000
 30
0.0000
  0
LINE
  8
22
 10
89.8840
 20
163.1920
 30
0.0000
 11
91.9160
 21
163.1920
 31
0.0000
  0
LINE
  8
22
 10
91.9160
 20
163.1920
 30
0.0000
 11
91.9160
 21
164.2080
 31
0.0000
  0
LINE
  8
22
 10
91.9160
 20
164.2080
 30
0.0000
 11
89.8840
 21
164.2080
 31
0.0000
  0
LINE
  8
22
 10
89.8840
 20
164.2080
 30
0.0000
 11
89.8840
 21
163.1920
 31
0.0000
  0
POINT
  8
24
 10
94.9000
 20
172.1000
 30
0.0000
  0
LINE
  8
22
 10
93.8840
 20
171.5920
 30
0.0000
 11
95.9160
 21
171.5920
 31
0.0000
  0
LINE
  8
22
 10
95.9160
 20
171.5920
 30
0.0000
 11
95.9160
 21
172.6080
 31
0.0000
  0
LINE
  8
22
 10
95.9160
 20
172.6080
 30
0.0000
 11
93.8840
 21
172.6080
 31
0.0000
  0
LINE
  8
22
 10
93.8840
 20
172.6080
 30
0.0000
 11
93.8840
 21
171.5920
 31
0.0000
  0
POINT
  8
24
 10
94.9000
 20
171.1000
 30
0.0000
  0
LINE
  8
22
 10
93.8840
 20
170.5920
 30
0.0000
 11
95.9160
 21
170.5920
 31
0.0000
  0
LINE
  8
22
 10
95.9160
 20
170.5920
 30
0.0000
 11
95.9160
 21
171.6080
 31
0.0000
  0
LINE
  8
22
 10
95.9160
 20
171.6080
 30
0.0000
 11
93.8840
 21
171.6080
 31
0.0000
  0
LINE
  8
22
 10
93.8840
 20
171.6080
 30
0.0000
 11
93.8840
 21
170.5920
 31
0.0000
  0
POINT
  8
24
 10
87.1000
 20
171.4000
 30
0.0000
  0
LINE
  8
22
 10
86.5920
 20
172.4160
 30
0.0000
 11
86.5920
 21
170.3840
 31
0.0000
  0
LINE
  8
22
 10
86.5920
 20
170.3840
 30
0.0000
 11
87.6080
 21
170.3840
 31
0.0000
  0
LINE
  8
22
 10
87.6080
 20
170.3840
 30
0.0000
 11
87.6080
 21
172.4160
 31
0.0000
  0
LINE
  8
22
 10
87.6080
 20
172.4160
 30
0.0000
 11
86.5920
 21
172.4160
 31
0.0000
  0
POINT
  8
24
 10
87.1000
 20
169.4000
 30
0.0000
  0
LINE
  8
22
 10
87.6080
 20
168.3840
 30
0.0000
 11
87.6080
 21
170.4160
 31
0.0000
  0
LINE
  8
22
 10
87.6080
 20
170.4160
 30
0.0000
 11
86.5920
 21
170.4160
 31
0.0000
  0
LINE
  8
22
 10
86.5920
 20
170.4160
 30
0.0000
 11
86.5920
 21
168.3840
 31
0.0000
  0
LINE
  8
22
 10
86.5920
 20
168.3840
 30
0.0000
 11
87.6080
 21
168.3840
 31
0.0000
  0
POINT
  8
24
 10
92.4000
 20
175.6000
 30
0.0000
  0
LINE
  8
22
 10
92.9080
 20
174.5840
 30
0.0000
 11
92.9080
 21
176.6160
 31
0.0000
  0
LINE
  8
22
 10
92.9080
 20
176.6160
 30
0.0000
 11
91.8920
 21
176.6160
 31
0.0000
  0
LINE
  8
22
 10
91.8920
 20
176.6160
 30
0.0000
 11
91.8920
 21
174.5840
 31
0.0000
  0
LINE
  8
22
 10
91.8920
 20
174.5840
 30
0.0000
 11
92.9080
 21
174.5840
 31
0.0000
  0
POINT
  8
24
 10
91.2500
 20
176.0000
 30
0.0000
  0
LINE
  8
22
 10
91.8850
 20
174.6030
 30
0.0000
 11
91.8850
 21
177.3970
 31
0.0000
  0
LINE
  8
22
 10
91.8850
 20
177.3970
 30
0.0000
 11
90.6150
 21
177.3970
 31
0.0000
  0
LINE
  8
22
 10
90.6150
 20
177.3970
 30
0.0000
 11
90.6150
 21
174.6030
 31
0.0000
  0
LINE
  8
22
 10
90.6150
 20
174.6030
 30
0.0000
 11
91.8850
 21
174.6030
 31
0.0000
  0
POINT
  8
24
 10
90.1000
 20
175.6000
 30
0.0000
  0
LINE
  8
22
 10
89.5920
 20
176.6160
 30
0.0000
 11
89.5920
 21
174.5840
 31
0.0000
  0
LINE
  8
22
 10
89.5920
 20
174.5840
 30
0.0000
 11
90.6080
 21
174.5840
 31
0.0000
  0
LINE
  8
22
 10
90.6080
 20
174.5840
 30
0.0000
 11
90.6080
 21
176.6160
 31
0.0000
  0
LINE
  8
22
 10
90.6080
 20
176.6160
 30
0.0000
 11
89.5920
 21
176.6160
 31
0.0000
  0
POINT
  8
24
 10
89.1000
 20
175.6000
 30
0.0000
  0
LINE
  8
22
 10
88.5920
 20
176.6160
 30
0.0000
 11
88.5920
 21
174.5840
 31
0.0000
  0
LINE
  8
22
 10
88.5920
 20
174.5840
 30
0.0000
 11
89.6080
 21
174.5840
 31
0.0000
  0
LINE
  8
22
 10
89.6080
 20
174.5840
 30
0.0000
 11
89.6080
 21
176.6160
 31
0.0000
  0
LINE
  8
22
 10
89.6080
 20
176.6160
 30
0.0000
 11
88.5920
 21
176.6160
 31
0.0000
  0
POINT
  8
24
 10
91.4000
 20
165.2000
 30
0.0000
  0
LINE
  8
22
 10
91.9080
 20
164.1840
 30
0.0000
 11
91.9080
 21
166.2160
 31
0.0000
  0
LINE
  8
22
 10
91.9080
 20
166.2160
 30
0.0000
 11
90.8920
 21
166.2160
 31
0.0000
  0
LINE
  8
22
 10
90.8920
 20
166.2160
 30
0.0000
 11
90.8920
 21
164.1840
 31
0.0000
  0
LINE
  8
22
 10
90.8920
 20
164.1840
 30
0.0000
 11
91.9080
 21
164.1840
 31
0.0000
  0
POINT
  8
24
 10
90.4000
 20
165.2000
 30
0.0000
  0
LINE
  8
22
 10
90.9080
 20
164.1840
 30
0.0000
 11
90.9080
 21
166.2160
 31
0.0000
  0
LINE
  8
22
 10
90.9080
 20
166.2160
 30
0.0000
 11
89.8920
 21
166.2160
 31
0.0000
  0
LINE
  8
22
 10
89.8920
 20
166.2160
 30
0.0000
 11
89.8920
 21
164.1840
 31
0.0000
  0
LINE
  8
22
 10
89.8920
 20
164.1840
 30
0.0000
 11
90.9080
 21
164.1840
 31
0.0000
  0
POINT
  8
24
 10
90.4000
 20
167.2000
 30
0.0000
  0
LINE
  8
22
 10
90.9080
 20
166.1840
 30
0.0000
 11
90.9080
 21
168.2160
 31
0.0000
  0
LINE
  8
22
 10
90.9080
 20
168.2160
 30
0.0000
 11
89.8920
 21
168.2160
 31
0.0000
  0
LINE
  8
22
 10
89.8920
 20
168.2160
 30
0.0000
 11
89.8920
 21
166.1840
 31
0.0000
  0
LINE
  8
22
 10
89.8920
 20
166.1840
 30
0.0000
 11
90.9080
 21
166.1840
 31
0.0000
  0
POINT
  8
24
 10
88.6000
 20
171.9000
 30
0.0000
  0
LINE
  8
22
 10
87.5840
 20
171.3920
 30
0.0000
 11
89.6160
 21
171.3920
 31
0.0000
  0
LINE
  8
22
 10
89.6160
 20
171.3920
 30
0.0000
 11
89.6160
 21
172.4080
 31
0.0000
  0
LINE
  8
22
 10
89.6160
 20
172.4080
 30
0.0000
 11
87.5840
 21
172.4080
 31
0.0000
  0
LINE
  8
22
 10
87.5840
 20
172.4080
 30
0.0000
 11
87.5840
 21
171.3920
 31
0.0000
  0
POINT
  8
24
 10
90.4000
 20
173.6000
 30
0.0000
  0
LINE
  8
22
 10
89.8920
 20
174.6160
 30
0.0000
 11
89.8920
 21
172.5840
 31
0.0000
  0
LINE
  8
22
 10
89.8920
 20
172.5840
 30
0.0000
 11
90.9080
 21
172.5840
 31
0.0000
  0
LINE
  8
22
 10
90.9080
 20
172.5840
 30
0.0000
 11
90.9080
 21
174.6160
 31
0.0000
  0
LINE
  8
22
 10
90.9080
 20
174.6160
 30
0.0000
 11
89.8920
 21
174.6160
 31
0.0000
  0
POINT
  8
24
 10
91.4000
 20
167.2000
 30
0.0000
  0
LINE
  8
22
 10
91.9080
 20
166.1840
 30
0.0000
 11
91.9080
 21
168.2160
 31
0.0000
  0
LINE
  8
22
 10
91.9080
 20
168.2160
 30
0.0000
 11
90.8920
 21
168.2160
 31
0.0000
  0
LINE
  8
22
 10
90.8920
 20
168.2160
 30
0.0000
 11
90.8920
 21
166.1840
 31
0.0000
  0
LINE
  8
22
 10
90.8920
 20
166.1840
 30
0.0000
 11
91.9080
 21
166.1840
 31
0.0000
  0
POINT
  8
24
 10
88.6000
 20
170.9000
 30
0.0000
  0
LINE
  8
22
 10
87.5840
 20
170.3920
 30
0.0000
 11
89.6160
 21
170.3920
 31
0.0000
  0
LINE
  8
22
 10
89.6160
 20
170.3920
 30
0.0000
 11
89.6160
 21
171.4080
 31
0.0000
  0
LINE
  8
22
 10
89.6160
 20
171.4080
 30
0.0000
 11
87.5840
 21
171.4080
 31
0.0000
  0
LINE
  8
22
 10
87.5840
 20
171.4080
 30
0.0000
 11
87.5840
 21
170.3920
 31
0.0000
  0
POINT
  8
24
 10
91.4000
 20
173.6000
 30
0.0000
  0
LINE
  8
22
 10
90.8920
 20
174.6160
 30
0.0000
 11
90.8920
 21
172.5840
 31
0.0000
  0
LINE
  8
22
 10
90.8920
 20
172.5840
 30
0.0000
 11
91.9080
 21
172.5840
 31
0.0000
  0
LINE
  8
22
 10
91.9080
 20
172.5840
 30
0.0000
 11
91.9080
 21
174.6160
 31
0.0000
  0
LINE
  8
22
 10
91.9080
 20
174.6160
 30
0.0000
 11
90.8920
 21
174.6160
 31
0.0000
  0
POINT
  8
24
 10
92.4000
 20
167.2000
 30
0.0000
  0
LINE
  8
22
 10
92.9080
 20
166.1840
 30
0.0000
 11
92.9080
 21
168.2160
 31
0.0000
  0
LINE
  8
22
 10
92.9080
 20
168.2160
 30
0.0000
 11
91.8920
 21
168.2160
 31
0.0000
  0
LINE
  8
22
 10
91.8920
 20
168.2160
 30
0.0000
 11
91.8920
 21
166.1840
 31
0.0000
  0
LINE
  8
22
 10
91.8920
 20
166.1840
 30
0.0000
 11
92.9080
 21
166.1840
 31
0.0000
  0
POINT
  8
24
 10
94.9000
 20
169.7000
 30
0.0000
  0
LINE
  8
22
 10
95.9160
 20
170.2080
 30
0.0000
 11
93.8840
 21
170.2080
 31
0.0000
  0
LINE
  8
22
 10
93.8840
 20
170.2080
 30
0.0000
 11
93.8840
 21
169.1920
 31
0.0000
  0
LINE
  8
22
 10
93.8840
 20
169.1920
 30
0.0000
 11
95.9160
 21
169.1920
 31
0.0000
  0
LINE
  8
22
 10
95.9160
 20
169.1920
 30
0.0000
 11
95.9160
 21
170.2080
 31
0.0000
  0
POINT
  8
24
 10
88.6000
 20
169.9000
 30
0.0000
  0
LINE
  8
22
 10
87.5840
 20
169.3920
 30
0.0000
 11
89.6160
 21
169.3920
 31
0.0000
  0
LINE
  8
22
 10
89.6160
 20
169.3920
 30
0.0000
 11
89.6160
 21
170.4080
 31
0.0000
  0
LINE
  8
22
 10
89.6160
 20
170.4080
 30
0.0000
 11
87.5840
 21
170.4080
 31
0.0000
  0
LINE
  8
22
 10
87.5840
 20
170.4080
 30
0.0000
 11
87.5840
 21
169.3920
 31
0.0000
  0
POINT
  8
24
 10
92.4000
 20
173.6000
 30
0.0000
  0
LINE
  8
22
 10
91.8920
 20
174.6160
 30
0.0000
 11
91.8920
 21
172.5840
 31
0.0000
  0
LINE
  8
22
 10
91.8920
 20
172.5840
 30
0.0000
 11
92.9080
 21
172.5840
 31
0.0000
  0
LINE
  8
22
 10
92.9080
 20
172.5840
 30
0.0000
 11
92.9080
 21
174.6160
 31
0.0000
  0
LINE
  8
22
 10
92.9080
 20
174.6160
 30
0.0000
 11
91.8920
 21
174.6160
 31
0.0000
  0
POINT
  8
24
 10
93.4000
 20
167.2000
 30
0.0000
  0
LINE
  8
22
 10
93.9080
 20
166.1840
 30
0.0000
 11
93.9080
 21
168.2160
 31
0.0000
  0
LINE
  8
22
 10
93.9080
 20
168.2160
 30
0.0000
 11
92.8920
 21
168.2160
 31
0.0000
  0
LINE
  8
22
 10
92.8920
 20
168.2160
 30
0.0000
 11
92.8920
 21
166.1840
 31
0.0000
  0
LINE
  8
22
 10
92.8920
 20
166.1840
 30
0.0000
 11
93.9080
 21
166.1840
 31
0.0000
  0
POINT
  8
24
 10
94.9000
 20
168.7000
 30
0.0000
  0
LINE
  8
22
 10
95.9160
 20
169.2080
 30
0.0000
 11
93.8840
 21
169.2080
 31
0.0000
  0
LINE
  8
22
 10
93.8840
 20
169.2080
 30
0.0000
 11
93.8840
 21
168.1920
 31
0.0000
  0
LINE
  8
22
 10
93.8840
 20
168.1920
 30
0.0000
 11
95.9160
 21
168.1920
 31
0.0000
  0
LINE
  8
22
 10
95.9160
 20
168.1920
 30
0.0000
 11
95.9160
 21
169.2080
 31
0.0000
  0
POINT
  8
24
 10
88.6000
 20
168.9000
 30
0.0000
  0
LINE
  8
22
 10
87.5840
 20
168.3920
 30
0.0000
 11
89.6160
 21
168.3920
 31
0.0000
  0
LINE
  8
22
 10
89.6160
 20
168.3920
 30
0.0000
 11
89.6160
 21
169.4080
 31
0.0000
  0
LINE
  8
22
 10
89.6160
 20
169.4080
 30
0.0000
 11
87.5840
 21
169.4080
 31
0.0000
  0
LINE
  8
22
 10
87.5840
 20
169.4080
 30
0.0000
 11
87.5840
 21
168.3920
 31
0.0000
  0
POINT
  8
24
 10
93.4000
 20
173.6000
 30
0.0000
  0
LINE
  8
22
 10
92.8920
 20
174.6160
 30
0.0000
 11
92.8920
 21
172.5840
 31
0.0000
  0
LINE
  8
22
 10
92.8920
 20
172.5840
 30
0.0000
 11
93.9080
 21
172.5840
 31
0.0000
  0
LINE
  8
22
 10
93.9080
 20
172.5840
 30
0.0000
 11
93.9080
 21
174.6160
 31
0.0000
  0
LINE
  8
22
 10
93.9080
 20
174.6160
 30
0.0000
 11
92.8920
 21
174.6160
 31
0.0000
  0
POINT
  8
24
 10
103.4000
 20
75.1000
 30
0.0000
  0
LINE
  8
22
 10
103.9080
 20
74.0840
 30
0.0000
 11
103.9080
 21
76.1160
 31
0.0000
  0
LINE
  8
22
 10
103.9080
 20
76.1160
 30
0.0000
 11
102.8920
 21
76.1160
 31
0.0000
  0
LINE
  8
22
 10
102.8920
 20
76.1160
 30
0.0000
 11
102.8920
 21
74.0840
 31
0.0000
  0
LINE
  8
22
 10
102.8920
 20
74.0840
 30
0.0000
 11
103.9080
 21
74.0840
 31
0.0000
  0
POINT
  8
24
 10
109.6000
 20
74.2000
 30
0.0000
  0
LINE
  8
22
 10
108.5840
 20
73.6920
 30
0.0000
 11
110.6160
 21
73.6920
 31
0.0000
  0
LINE
  8
22
 10
110.6160
 20
73.6920
 30
0.0000
 11
110.6160
 21
74.7080
 31
0.0000
  0
LINE
  8
22
 10
110.6160
 20
74.7080
 30
0.0000
 11
108.5840
 21
74.7080
 31
0.0000
  0
LINE
  8
22
 10
108.5840
 20
74.7080
 30
0.0000
 11
108.5840
 21
73.6920
 31
0.0000
  0
POINT
  8
24
 10
82.5000
 20
108.0000
 30
0.0000
  0
LINE
  8
22
 10
83.5160
 20
108.5080
 30
0.0000
 11
81.4840
 21
108.5080
 31
0.0000
  0
LINE
  8
22
 10
81.4840
 20
108.5080
 30
0.0000
 11
81.4840
 21
107.4920
 31
0.0000
  0
LINE
  8
22
 10
81.4840
 20
107.4920
 30
0.0000
 11
83.5160
 21
107.4920
 31
0.0000
  0
LINE
  8
22
 10
83.5160
 20
107.4920
 30
0.0000
 11
83.5160
 21
108.5080
 31
0.0000
  0
POINT
  8
24
 10
79.1000
 20
111.0000
 30
0.0000
  0
LINE
  8
22
 10
78.0840
 20
110.4920
 30
0.0000
 11
80.1160
 21
110.4920
 31
0.0000
  0
LINE
  8
22
 10
80.1160
 20
110.4920
 30
0.0000
 11
80.1160
 21
111.5080
 31
0.0000
  0
LINE
  8
22
 10
80.1160
 20
111.5080
 30
0.0000
 11
78.0840
 21
111.5080
 31
0.0000
  0
LINE
  8
22
 10
78.0840
 20
111.5080
 30
0.0000
 11
78.0840
 21
110.4920
 31
0.0000
  0
POINT
  8
24
 10
79.1000
 20
108.0000
 30
0.0000
  0
LINE
  8
22
 10
78.0840
 20
107.4920
 30
0.0000
 11
80.1160
 21
107.4920
 31
0.0000
  0
LINE
  8
22
 10
80.1160
 20
107.4920
 30
0.0000
 11
80.1160
 21
108.5080
 31
0.0000
  0
LINE
  8
22
 10
80.1160
 20
108.5080
 30
0.0000
 11
78.0840
 21
108.5080
 31
0.0000
  0
LINE
  8
22
 10
78.0840
 20
108.5080
 30
0.0000
 11
78.0840
 21
107.4920
 31
0.0000
  0
POINT
  8
24
 10
82.5000
 20
111.0000
 30
0.0000
  0
LINE
  8
22
 10
83.5160
 20
111.5080
 30
0.0000
 11
81.4840
 21
111.5080
 31
0.0000
  0
LINE
  8
22
 10
81.4840
 20
111.5080
 30
0.0000
 11
81.4840
 21
110.4920
 31
0.0000
  0
LINE
  8
22
 10
81.4840
 20
110.4920
 30
0.0000
 11
83.5160
 21
110.4920
 31
0.0000
  0
LINE
  8
22
 10
83.5160
 20
110.4920
 30
0.0000
 11
83.5160
 21
111.5080
 31
0.0000
  0
POINT
  8
24
 10
63.7000
 20
18.6000
 30
0.0000
  0
LINE
  8
22
 10
64.7160
 20
19.1080
 30
0.0000
 11
62.6840
 21
19.1080
 31
0.0000
  0
LINE
  8
22
 10
62.6840
 20
19.1080
 30
0.0000
 11
62.6840
 21
18.0920
 31
0.0000
  0
LINE
  8
22
 10
62.6840
 20
18.0920
 30
0.0000
 11
64.7160
 21
18.0920
 31
0.0000
  0
LINE
  8
22
 10
64.7160
 20
18.0920
 30
0.0000
 11
64.7160
 21
19.1080
 31
0.0000
  0
POINT
  8
24
 10
98.7000
 20
14.7000
 30
0.0000
  0
LINE
  8
22
 10
100.2240
 20
12.2870
 30
0.0000
 11
100.2240
 21
17.1130
 31
0.0000
  0
LINE
  8
22
 10
100.2240
 20
17.1130
 30
0.0000
 11
97.1760
 21
17.1130
 31
0.0000
  0
LINE
  8
22
 10
97.1760
 20
17.1130
 30
0.0000
 11
97.1760
 21
12.2870
 31
0.0000
  0
LINE
  8
22
 10
97.1760
 20
12.2870
 30
0.0000
 11
100.2240
 21
12.2870
 31
0.0000
  0
POINT
  8
24
 10
37.2000
 20
80.9000
 30
0.0000
  0
LINE
  8
22
 10
38.0000
 20
97.2150
 30
0.0000
 11
36.4000
 21
97.2150
 31
0.0000
  0
TEXT
  7
ISOCP
  8
22
 10
39.2200
 20
89.1180
 30
0.0000
 40
0.8000
  1
1
 71
2
  0
TEXT
  7
ISOCP
  8
22
 10
40.9710
 20
88.7030
 30
0.0000
 40
0.8000
  1
2
 71
2
  0
TEXT
  7
ISOCP
  8
22
 10
42.5790
 20
87.8950
 30
0.0000
 40
0.8000
  1
3
 71
2
  0
TEXT
  7
ISOCP
  8
22
 10
43.9570
 20
86.7380
 30
0.0000
 40
0.8000
  1
4
 71
2
  0
TEXT
  7
ISOCP
  8
22
 10
45.0320
 20
85.2950
 30
0.0000
 40
0.8000
  1
5
 71
2
  0
TEXT
  7
ISOCP
  8
22
 10
45.7440
 20
83.6430
 30
0.0000
 40
0.8000
  1
6
 71
2
  0
TEXT
  7
ISOCP
  8
22
 10
46.0570
 20
81.8710
 30
0.0000
 40
0.8000
  1
7
 71
2
  0
TEXT
  7
ISOCP
  8
22
 10
45.9520
 20
78.2340
 30
0.0000
 40
0.8000
  1
8
 71
2
  0
TEXT
  7
ISOCP
  8
22
 10
45.4360
 20
76.5100
 30
0.0000
 40
0.8000
  1
9
 71
2
  0
TEXT
  7
ISOCP
  8
22
 10
45.1860
 20
74.9520
 30
0.0000
 40
0.8000
  1
10
 71
2
  0
TEXT
  7
ISOCP
  8
22
 10
43.9520
 20
73.6430
 30
0.0000
 40
0.8000
  1
11
 71
2
  0
TEXT
  7
ISOCP
  8
22
 10
42.4480
 20
72.6540
 30
0.0000
 40
0.8000
  1
12
 71
2
  0
TEXT
  7
ISOCP
  8
22
 10
40.7570
 20
72.0390
 30
0.0000
 40
0.8000
  1
13
 71
2
  0
TEXT
  7
ISOCP
  8
22
 10
36.6800
 20
71.8300
 30
0.0000
 40
0.8000
  1
14
 71
2
  0
TEXT
  7
ISOCP
  8
22
 10
34.8930
 20
72.0390
 30
0.0000
 40
0.8000
  1
15
 71
2
  0
TEXT
  7
ISOCP
  8
22
 10
33.2020
 20
72.6540
 30
0.0000
 40
0.8000
  1
16
 71
2
  0
TEXT
  7
ISOCP
  8
22
 10
31.6980
 20
73.6430
 30
0.0000
 40
0.8000
  1
17
 71
2
  0
TEXT
  7
ISOCP
  8
22
 10
30.4640
 20
74.9520
 30
0.0000
 40
0.8000
  1
18
 71
2
  0
TEXT
  7
ISOCP
  8
22
 10
29.5640
 20
76.5100
 30
0.0000
 40
0.8000
  1
19
 71
2
  0
TEXT
  7
ISOCP
  8
22
 10
29.0480
 20
78.2340
 30
0.0000
 40
0.8000
  1
20
 71
2
  0
TEXT
  7
ISOCP
  8
22
 10
28.9430
 20
81.8710
 30
0.0000
 40
0.8000
  1
21
 71
2
  0
TEXT
  7
ISOCP
  8
22
 10
29.2560
 20
83.6430
 30
0.0000
 40
0.8000
  1
22
 71
2
  0
TEXT
  7
ISOCP
  8
22
 10
29.9680
 20
85.2950
 30
0.0000
 40
0.8000
  1
23
 71
2
  0
TEXT
  7
ISOCP
  8
22
 10
31.0430
 20
86.7380
 30
0.0000
 40
0.8000
  1
24
 71
2
  0
TEXT
  7
ISOCP
  8
22
 10
32.4210
 20
87.8950
 30
0.0000
 40
0.8000
  1
25
 71
2
  0
TEXT
  7
ISOCP
  8
22
 10
34.0290
 20
88.7030
 30
0.0000
 40
0.8000
  1
26
 71
2
  0
TEXT
  7
ISOCP
  8
22
 10
35.7800
 20
89.1180
 30
0.0000
 40
0.8000
  1
27
 71
2
  0
CIRCLE
  8
22
 10
37.2000
 20
80.9000
 30
0.0000
 40
15.9000
  0
INSERT
  8
17
  2
ROUNDP
 10
38.1000
 20
88.5980
 30
0.0000
 41
1.3000
 42
1.3000
 43
1.0000
 50
60.0000
  0
INSERT
  8
17
  2
ROUNDP
 10
38.1000
 20
88.5980
 30
0.0000
 41
1.3000
 42
1.3000
 43
1.0000
 50
60.0000
  0
INSERT
  8
17
  2
ROUNDP
 10
39.8510
 20
88.1830
 30
0.0000
 41
1.3000
 42
1.3000
 43
1.0000
 50
60.0000
  0
INSERT
  8
17
  2
ROUNDP
 10
39.8510
 20
88.1830
 30
0.0000
 41
1.3000
 42
1.3000
 43
1.0000
 50
60.0000
  0
INSERT
  8
17
  2
ROUNDP
 10
41.4590
 20
87.3750
 30
0.0000
 41
1.3000
 42
1.3000
 43
1.0000
 50
60.0000
  0
INSERT
  8
17
  2
ROUNDP
 10
41.4590
 20
87.3750
 30
0.0000
 41
1.3000
 42
1.3000
 43
1.0000
 50
60.0000
  0
INSERT
  8
17
  2
ROUNDP
 10
42.8370
 20
86.2180
 30
0.0000
 41
1.3000
 42
1.3000
 43
1.0000
 50
60.0000
  0
INSERT
  8
17
  2
ROUNDP
 10
42.8370
 20
86.2180
 30
0.0000
 41
1.3000
 42
1.3000
 43
1.0000
 50
60.0000
  0
INSERT
  8
17
  2
ROUNDP
 10
43.9120
 20
84.7750
 30
0.0000
 41
1.3000
 42
1.3000
 43
1.0000
 50
60.0000
  0
INSERT
  8
17
  2
ROUNDP
 10
43.9120
 20
84.7750
 30
0.0000
 41
1.3000
 42
1.3000
 43
1.0000
 50
60.0000
  0
INSERT
  8
17
  2
ROUNDP
 10
44.6240
 20
83.1230
 30
0.0000
 41
1.3000
 42
1.3000
 43
1.0000
 50
60.0000
  0
INSERT
  8
17
  2
ROUNDP
 10
44.6240
 20
83.1230
 30
0.0000
 41
1.3000
 42
1.3000
 43
1.0000
 50
60.0000
  0
INSERT
  8
17
  2
ROUNDP
 10
44.9370
 20
81.3510
 30
0.0000
 41
1.3000
 42
1.3000
 43
1.0000
 50
60.0000
  0
INSERT
  8
17
  2
ROUNDP
 10
44.9370
 20
81.3510
 30
0.0000
 41
1.3000
 42
1.3000
 43
1.0000
 50
60.0000
  0
INSERT
  8
17
  2
ROUNDP
 10
44.8320
 20
79.5540
 30
0.0000
 41
1.3000
 42
1.3000
 43
1.0000
 50
60.0000
  0
INSERT
  8
17
  2
ROUNDP
 10
44.8320
 20
79.5540
 30
0.0000
 41
1.3000
 42
1.3000
 43
1.0000
 50
60.0000
  0
INSERT
  8
17
  2
ROUNDP
 10
44.3160
 20
77.8300
 30
0.0000
 41
1.3000
 42
1.3000
 43
1.0000
 50
60.0000
  0
INSERT
  8
17
  2
ROUNDP
 10
44.3160
 20
77.8300
 30
0.0000
 41
1.3000
 42
1.3000
 43
1.0000
 50
60.0000
  0
INSERT
  8
17
  2
ROUNDP
 10
43.4160
 20
76.2720
 30
0.0000
 41
1.3000
 42
1.3000
 43
1.0000
 50
60.0000
  0
INSERT
  8
17
  2
ROUNDP
 10
43.4160
 20
76.2720
 30
0.0000
 41
1.3000
 42
1.3000
 43
1.0000
 50
60.0000
  0
INSERT
  8
17
  2
ROUNDP
 10
42.1820
 20
74.9630
 30
0.0000
 41
1.3000
 42
1.3000
 43
1.0000
 50
60.0000
  0
INSERT
  8
17
  2
ROUNDP
 10
42.1820
 20
74.9630
 30
0.0000
 41
1.3000
 42
1.3000
 43
1.0000
 50
60.0000
  0
INSERT
  8
17
  2
ROUNDP
 10
40.6780
 20
73.9740
 30
0.0000
 41
1.3000
 42
1.3000
 43
1.0000
 50
60.0000
  0
INSERT
  8
17
  2
ROUNDP
 10
40.6780
 20
73.9740
 30
0.0000
 41
1.3000
 42
1.3000
 43
1.0000
 50
60.0000
  0
INSERT
  8
17
  2
ROUNDP
 10
38.9870
 20
73.3590
 30
0.0000
 41
1.3000
 42
1.3000
 43
1.0000
 50
60.0000
  0
INSERT
  8
17
  2
ROUNDP
 10
38.9870
 20
73.3590
 30
0.0000
 41
1.3000
 42
1.3000
 43
1.0000
 50
60.0000
  0
INSERT
  8
17
  2
ROUNDP
 10
37.2000
 20
73.1500
 30
0.0000
 41
1.3000
 42
1.3000
 43
1.0000
 50
60.0000
  0
INSERT
  8
17
  2
ROUNDP
 10
37.2000
 20
73.1500
 30
0.0000
 41
1.3000
 42
1.3000
 43
1.0000
 50
60.0000
  0
INSERT
  8
17
  2
ROUNDP
 10
35.4130
 20
73.3590
 30
0.0000
 41
1.3000
 42
1.3000
 43
1.0000
 50
60.0000
  0
INSERT
  8
17
  2
ROUNDP
 10
35.4130
 20
73.3590
 30
0.0000
 41
1.3000
 42
1.3000
 43
1.0000
 50
60.0000
  0
INSERT
  8
17
  2
ROUNDP
 10
33.7220
 20
73.9740
 30
0.0000
 41
1.3000
 42
1.3000
 43
1.0000
 50
60.0000
  0
INSERT
  8
17
  2
ROUNDP
 10
33.7220
 20
73.9740
 30
0.0000
 41
1.3000
 42
1.3000
 43
1.0000
 50
60.0000
  0
INSERT
  8
17
  2
ROUNDP
 10
32.2180
 20
74.9630
 30
0.0000
 41
1.3000
 42
1.3000
 43
1.0000
 50
60.0000
  0
INSERT
  8
17
  2
ROUNDP
 10
32.2180
 20
74.9630
 30
0.0000
 41
1.3000
 42
1.3000
 43
1.0000
 50
60.0000
  0
INSERT
  8
17
  2
ROUNDP
 10
30.9840
 20
76.2720
 30
0.0000
 41
1.3000
 42
1.3000
 43
1.0000
 50
60.0000
  0
INSERT
  8
17
  2
ROUNDP
 10
30.9840
 20
76.2720
 30
0.0000
 41
1.3000
 42
1.3000
 43
1.0000
 50
60.0000
  0
INSERT
  8
17
  2
ROUNDP
 10
30.0840
 20
77.8300
 30
0.0000
 41
1.3000
 42
1.3000
 43
1.0000
 50
60.0000
  0
INSERT
  8
17
  2
ROUNDP
 10
30.0840
 20
77.8300
 30
0.0000
 41
1.3000
 42
1.3000
 43
1.0000
 50
60.0000
  0
INSERT
  8
17
  2
ROUNDP
 10
29.5680
 20
79.5540
 30
0.0000
 41
1.3000
 42
1.3000
 43
1.0000
 50
60.0000
  0
INSERT
  8
17
  2
ROUNDP
 10
29.5680
 20
79.5540
 30
0.0000
 41
1.3000
 42
1.3000
 43
1.0000
 50
60.0000
  0
INSERT
  8
17
  2
ROUNDP
 10
29.4630
 20
81.3510
 30
0.0000
 41
1.3000
 42
1.3000
 43
1.0000
 50
60.0000
  0
INSERT
  8
17
  2
ROUNDP
 10
29.4630
 20
81.3510
 30
0.0000
 41
1.3000
 42
1.3000
 43
1.0000
 50
60.0000
  0
INSERT
  8
17
  2
ROUNDP
 10
29.7760
 20
83.1230
 30
0.0000
 41
1.3000
 42
1.3000
 43
1.0000
 50
60.0000
  0
INSERT
  8
17
  2
ROUNDP
 10
29.7760
 20
83.1230
 30
0.0000
 41
1.3000
 42
1.3000
 43
1.0000
 50
60.0000
  0
INSERT
  8
17
  2
ROUNDP
 10
30.4880
 20
84.7750
 30
0.0000
 41
1.3000
 42
1.3000
 43
1.0000
 50
60.0000
  0
INSERT
  8
17
  2
ROUNDP
 10
30.4880
 20
84.7750
 30
0.0000
 41
1.3000
 42
1.3000
 43
1.0000
 50
60.0000
  0
INSERT
  8
17
  2
ROUNDP
 10
31.5630
 20
86.2180
 30
0.0000
 41
1.3000
 42
1.3000
 43
1.0000
 50
60.0000
  0
INSERT
  8
17
  2
ROUNDP
 10
31.5630
 20
86.2180
 30
0.0000
 41
1.3000
 42
1.3000
 43
1.0000
 50
60.0000
  0
INSERT
  8
17
  2
ROUNDP
 10
32.9410
 20
87.3750
 30
0.0000
 41
1.3000
 42
1.3000
 43
1.0000
 50
60.0000
  0
INSERT
  8
17
  2
ROUNDP
 10
32.9410
 20
87.3750
 30
0.0000
 41
1.3000
 42
1.3000
 43
1.0000
 50
60.0000
  0
INSERT
  8
17
  2
ROUNDP
 10
34.5490
 20
88.1830
 30
0.0000
 41
1.3000
 42
1.3000
 43
1.0000
 50
60.0000
  0
INSERT
  8
17
  2
ROUNDP
 10
34.5490
 20
88.1830
 30
0.0000
 41
1.3000
 42
1.3000
 43
1.0000
 50
60.0000
  0
INSERT
  8
17
  2
ROUNDP
 10
36.3000
 20
88.5980
 30
0.0000
 41
1.3000
 42
1.3000
 43
1.0000
 50
60.0000
  0
INSERT
  8
17
  2
ROUNDP
 10
36.3000
 20
88.5980
 30
0.0000
 41
1.3000
 42
1.3000
 43
1.0000
 50
60.0000
  0
INSERT
  8
17
  2
ROUNDP
 10
38.1190
 20
86.7030
 30
0.0000
 41
1.3000
 42
1.3000
 43
1.0000
 50
60.0000
  0
INSERT
  8
17
  2
ROUNDP
 10
38.1190
 20
86.7030
 30
0.0000
 41
1.3000
 42
1.3000
 43
1.0000
 50
60.0000
  0
INSERT
  8
17
  2
ROUNDP
 10
39.8670
 20
86.1350
 30
0.0000
 41
1.3000
 42
1.3000
 43
1.0000
 50
60.0000
  0
INSERT
  8
17
  2
ROUNDP
 10
39.8670
 20
86.1350
 30
0.0000
 41
1.3000
 42
1.3000
 43
1.0000
 50
60.0000
  0
INSERT
  8
17
  2
ROUNDP
 10
41.3540
 20
85.0540
 30
0.0000
 41
1.3000
 42
1.3000
 43
1.0000
 50
60.0000
  0
INSERT
  8
17
  2
ROUNDP
 10
41.3540
 20
85.0540
 30
0.0000
 41
1.3000
 42
1.3000
 43
1.0000
 50
60.0000
  0
INSERT
  8
17
  2
ROUNDP
 10
42.4350
 20
83.5670
 30
0.0000
 41
1.3000
 42
1.3000
 43
1.0000
 50
60.0000
  0
INSERT
  8
17
  2
ROUNDP
 10
42.4350
 20
83.5670
 30
0.0000
 41
1.3000
 42
1.3000
 43
1.0000
 50
60.0000
  0
INSERT
  8
17
  2
ROUNDP
 10
43.0030
 20
81.8190
 30
0.0000
 41
1.3000
 42
1.3000
 43
1.0000
 50
60.0000
  0
INSERT
  8
17
  2
ROUNDP
 10
43.0030
 20
81.8190
 30
0.0000
 41
1.3000
 42
1.3000
 43
1.0000
 50
60.0000
  0
INSERT
  8
17
  2
ROUNDP
 10
43.0030
 20
79.9810
 30
0.0000
 41
1.3000
 42
1.3000
 43
1.0000
 50
60.0000
  0
INSERT
  8
17
  2
ROUNDP
 10
43.0030
 20
79.9810
 30
0.0000
 41
1.3000
 42
1.3000
 43
1.0000
 50
60.0000
  0
INSERT
  8
17
  2
ROUNDP
 10
42.4350
 20
78.2330
 30
0.0000
 41
1.3000
 42
1.3000
 43
1.0000
 50
60.0000
  0
INSERT
  8
17
  2
ROUNDP
 10
42.4350
 20
78.2330
 30
0.0000
 41
1.3000
 42
1.3000
 43
1.0000
 50
60.0000
  0
INSERT
  8
17
  2
ROUNDP
 10
41.3540
 20
76.7460
 30
0.0000
 41
1.3000
 42
1.3000
 43
1.0000
 50
60.0000
  0
INSERT
  8
17
  2
ROUNDP
 10
41.3540
 20
76.7460
 30
0.0000
 41
1.3000
 42
1.3000
 43
1.0000
 50
60.0000
  0
INSERT
  8
17
  2
ROUNDP
 10
39.8670
 20
75.6650
 30
0.0000
 41
1.3000
 42
1.3000
 43
1.0000
 50
60.0000
  0
INSERT
  8
17
  2
ROUNDP
 10
39.8670
 20
75.6650
 30
0.0000
 41
1.3000
 42
1.3000
 43
1.0000
 50
60.0000
  0
INSERT
  8
17
  2
ROUNDP
 10
38.1190
 20
75.0970
 30
0.0000
 41
1.3000
 42
1.3000
 43
1.0000
 50
60.0000
  0
INSERT
  8
17
  2
ROUNDP
 10
38.1190
 20
75.0970
 30
0.0000
 41
1.3000
 42
1.3000
 43
1.0000
 50
60.0000
  0
INSERT
  8
17
  2
ROUNDP
 10
36.2810
 20
75.0970
 30
0.0000
 41
1.3000
 42
1.3000
 43
1.0000
 50
60.0000
  0
INSERT
  8
17
  2
ROUNDP
 10
36.2810
 20
75.0970
 30
0.0000
 41
1.3000
 42
1.3000
 43
1.0000
 50
60.0000
  0
INSERT
  8
17
  2
ROUNDP
 10
34.5330
 20
75.6650
 30
0.0000
 41
1.3000
 42
1.3000
 43
1.0000
 50
60.0000
  0
INSERT
  8
17
  2
ROUNDP
 10
34.5330
 20
75.6650
 30
0.0000
 41
1.3000
 42
1.3000
 43
1.0000
 50
60.0000
  0
INSERT
  8
17
  2
ROUNDP
 10
33.0460
 20
76.7460
 30
0.0000
 41
1.3000
 42
1.3000
 43
1.0000
 50
60.0000
  0
INSERT
  8
17
  2
ROUNDP
 10
33.0460
 20
76.7460
 30
0.0000
 41
1.3000
 42
1.3000
 43
1.0000
 50
60.0000
  0
INSERT
  8
17
  2
ROUNDP
 10
31.9650
 20
78.2330
 30
0.0000
 41
1.3000
 42
1.3000
 43
1.0000
 50
60.0000
  0
INSERT
  8
17
  2
ROUNDP
 10
31.9650
 20
78.2330
 30
0.0000
 41
1.3000
 42
1.3000
 43
1.0000
 50
60.0000
  0
INSERT
  8
17
  2
ROUNDP
 10
31.3970
 20
79.9810
 30
0.0000
 41
1.3000
 42
1.3000
 43
1.0000
 50
60.0000
  0
INSERT
  8
17
  2
ROUNDP
 10
31.3970
 20
79.9810
 30
0.0000
 41
1.3000
 42
1.3000
 43
1.0000
 50
60.0000
  0
INSERT
  8
17
  2
ROUNDP
 10
31.3970
 20
81.8190
 30
0.0000
 41
1.3000
 42
1.3000
 43
1.0000
 50
60.0000
  0
INSERT
  8
17
  2
ROUNDP
 10
31.3970
 20
81.8190
 30
0.0000
 41
1.3000
 42
1.3000
 43
1.0000
 50
60.0000
  0
INSERT
  8
17
  2
ROUNDP
 10
31.9650
 20
83.5670
 30
0.0000
 41
1.3000
 42
1.3000
 43
1.0000
 50
60.0000
  0
INSERT
  8
17
  2
ROUNDP
 10
31.9650
 20
83.5670
 30
0.0000
 41
1.3000
 42
1.3000
 43
1.0000
 50
60.0000
  0
INSERT
  8
17
  2
ROUNDP
 10
33.0460
 20
85.0540
 30
0.0000
 41
1.3000
 42
1.3000
 43
1.0000
 50
60.0000
  0
INSERT
  8
17
  2
ROUNDP
 10
33.0460
 20
85.0540
 30
0.0000
 41
1.3000
 42
1.3000
 43
1.0000
 50
60.0000
  0
INSERT
  8
17
  2
ROUNDP
 10
34.5330
 20
86.1350
 30
0.0000
 41
1.3000
 42
1.3000
 43
1.0000
 50
60.0000
  0
INSERT
  8
17
  2
ROUNDP
 10
34.5330
 20
86.1350
 30
0.0000
 41
1.3000
 42
1.3000
 43
1.0000
 50
60.0000
  0
INSERT
  8
17
  2
ROUNDP
 10
36.2810
 20
86.7030
 30
0.0000
 41
1.3000
 42
1.3000
 43
1.0000
 50
60.0000
  0
INSERT
  8
17
  2
ROUNDP
 10
36.2810
 20
86.7030
 30
0.0000
 41
1.3000
 42
1.3000
 43
1.0000
 50
60.0000
  0
INSERT
  8
17
  2
ROUNDP
 10
38.1570
 20
84.7840
 30
0.0000
 41
1.3000
 42
1.3000
 43
1.0000
 50
60.0000
  0
INSERT
  8
17
  2
ROUNDP
 10
38.1570
 20
84.7840
 30
0.0000
 41
1.3000
 42
1.3000
 43
1.0000
 50
60.0000
  0
INSERT
  8
17
  2
ROUNDP
 10
39.8520
 20
83.8940
 30
0.0000
 41
1.3000
 42
1.3000
 43
1.0000
 50
60.0000
  0
INSERT
  8
17
  2
ROUNDP
 10
39.8520
 20
83.8940
 30
0.0000
 41
1.3000
 42
1.3000
 43
1.0000
 50
60.0000
  0
INSERT
  8
17
  2
ROUNDP
 10
40.9400
 20
82.3180
 30
0.0000
 41
1.3000
 42
1.3000
 43
1.0000
 50
60.0000
  0
INSERT
  8
17
  2
ROUNDP
 10
40.9400
 20
82.3180
 30
0.0000
 41
1.3000
 42
1.3000
 43
1.0000
 50
60.0000
  0
INSERT
  8
17
  2
ROUNDP
 10
41.1710
 20
80.4180
 30
0.0000
 41
1.3000
 42
1.3000
 43
1.0000
 50
60.0000
  0
INSERT
  8
17
  2
ROUNDP
 10
41.1710
 20
80.4180
 30
0.0000
 41
1.3000
 42
1.3000
 43
1.0000
 50
60.0000
  0
INSERT
  8
17
  2
ROUNDP
 10
40.4920
 20
78.6280
 30
0.0000
 41
1.3000
 42
1.3000
 43
1.0000
 50
60.0000
  0
INSERT
  8
17
  2
ROUNDP
 10
40.4920
 20
78.6280
 30
0.0000
 41
1.3000
 42
1.3000
 43
1.0000
 50
60.0000
  0
INSERT
  8
17
  2
ROUNDP
 10
39.0590
 20
77.3580
 30
0.0000
 41
1.3000
 42
1.3000
 43
1.0000
 50
60.0000
  0
INSERT
  8
17
  2
ROUNDP
 10
39.0590
 20
77.3580
 30
0.0000
 41
1.3000
 42
1.3000
 43
1.0000
 50
60.0000
  0
INSERT
  8
17
  2
ROUNDP
 10
37.2000
 20
76.9000
 30
0.0000
 41
1.3000
 42
1.3000
 43
1.0000
 50
60.0000
  0
INSERT
  8
17
  2
ROUNDP
 10
37.2000
 20
76.9000
 30
0.0000
 41
1.3000
 42
1.3000
 43
1.0000
 50
60.0000
  0
INSERT
  8
17
  2
ROUNDP
 10
35.3410
 20
77.3580
 30
0.0000
 41
1.3000
 42
1.3000
 43
1.0000
 50
60.0000
  0
INSERT
  8
17
  2
ROUNDP
 10
35.3410
 20
77.3580
 30
0.0000
 41
1.3000
 42
1.3000
 43
1.0000
 50
60.0000
  0
INSERT
  8
17
  2
ROUNDP
 10
33.9080
 20
78.6280
 30
0.0000
 41
1.3000
 42
1.3000
 43
1.0000
 50
60.0000
  0
INSERT
  8
17
  2
ROUNDP
 10
33.9080
 20
78.6280
 30
0.0000
 41
1.3000
 42
1.3000
 43
1.0000
 50
60.0000
  0
INSERT
  8
17
  2
ROUNDP
 10
33.2290
 20
80.4180
 30
0.0000
 41
1.3000
 42
1.3000
 43
1.0000
 50
60.0000
  0
INSERT
  8
17
  2
ROUNDP
 10
33.2290
 20
80.4180
 30
0.0000
 41
1.3000
 42
1.3000
 43
1.0000
 50
60.0000
  0
INSERT
  8
17
  2
ROUNDP
 10
33.4600
 20
82.3180
 30
0.0000
 41
1.3000
 42
1.3000
 43
1.0000
 50
60.0000
  0
INSERT
  8
17
  2
ROUNDP
 10
33.4600
 20
82.3180
 30
0.0000
 41
1.3000
 42
1.3000
 43
1.0000
 50
60.0000
  0
INSERT
  8
17
  2
ROUNDP
 10
34.5480
 20
83.8940
 30
0.0000
 41
1.3000
 42
1.3000
 43
1.0000
 50
60.0000
  0
INSERT
  8
17
  2
ROUNDP
 10
34.5480
 20
83.8940
 30
0.0000
 41
1.3000
 42
1.3000
 43
1.0000
 50
60.0000
  0
INSERT
  8
17
  2
ROUNDP
 10
36.2430
 20
84.7840
 30
0.0000
 41
1.3000
 42
1.3000
 43
1.0000
 50
60.0000
  0
INSERT
  8
17
  2
ROUNDP
 10
36.2430
 20
84.7840
 30
0.0000
 41
1.3000
 42
1.3000
 43
1.0000
 50
60.0000
  0
INSERT
  8
17
  2
ROUNDP
 10
37.2000
 20
83.0250
 30
0.0000
 41
1.3000
 42
1.3000
 43
1.0000
 50
60.0000
  0
INSERT
  8
17
  2
ROUNDP
 10
37.2000
 20
83.0250
 30
0.0000
 41
1.3000
 42
1.3000
 43
1.0000
 50
60.0000
  0
INSERT
  8
17
  2
ROUNDP
 10
38.8610
 20
82.2250
 30
0.0000
 41
1.3000
 42
1.3000
 43
1.0000
 50
60.0000
  0
INSERT
  8
17
  2
ROUNDP
 10
38.8610
 20
82.2250
 30
0.0000
 41
1.3000
 42
1.3000
 43
1.0000
 50
60.0000
  0
INSERT
  8
17
  2
ROUNDP
 10
39.2720
 20
80.4270
 30
0.0000
 41
1.3000
 42
1.3000
 43
1.0000
 50
60.0000
  0
INSERT
  8
17
  2
ROUNDP
 10
39.2720
 20
80.4270
 30
0.0000
 41
1.3000
 42
1.3000
 43
1.0000
 50
60.0000
  0
INSERT
  8
17
  2
ROUNDP
 10
38.1220
 20
78.9850
 30
0.0000
 41
1.3000
 42
1.3000
 43
1.0000
 50
60.0000
  0
INSERT
  8
17
  2
ROUNDP
 10
38.1220
 20
78.9850
 30
0.0000
 41
1.3000
 42
1.3000
 43
1.0000
 50
60.0000
  0
INSERT
  8
17
  2
ROUNDP
 10
36.2780
 20
78.9850
 30
0.0000
 41
1.3000
 42
1.3000
 43
1.0000
 50
60.0000
  0
INSERT
  8
17
  2
ROUNDP
 10
36.2780
 20
78.9850
 30
0.0000
 41
1.3000
 42
1.3000
 43
1.0000
 50
60.0000
  0
INSERT
  8
17
  2
ROUNDP
 10
35.1280
 20
80.4270
 30
0.0000
 41
1.3000
 42
1.3000
 43
1.0000
 50
60.0000
  0
INSERT
  8
17
  2
ROUNDP
 10
35.1280
 20
80.4270
 30
0.0000
 41
1.3000
 42
1.3000
 43
1.0000
 50
60.0000
  0
INSERT
  8
17
  2
ROUNDP
 10
35.5390
 20
82.2250
 30
0.0000
 41
1.3000
 42
1.3000
 43
1.0000
 50
60.0000
  0
INSERT
  8
17
  2
ROUNDP
 10
35.5390
 20
82.2250
 30
0.0000
 41
1.3000
 42
1.3000
 43
1.0000
 50
60.0000
  0
INSERT
  8
17
  2
ROUNDP
 10
37.2000
 20
80.9000
 30
0.0000
 41
1.3000
 42
1.3000
 43
1.0000
 50
60.0000
  0
INSERT
  8
17
  2
ROUNDP
 10
37.2000
 20
80.9000
 30
0.0000
 41
1.3000
 42
1.3000
 43
1.0000
 50
60.0000
  0
INSERT
  8
17
  2
ROUNDP
 10
45.4550
 20
72.6450
 30
0.0000
 41
1.5000
 42
1.5000
 43
1.0000
 50
60.0000
  0
INSERT
  8
17
  2
ROUNDP
 10
45.4550
 20
72.6450
 30
0.0000
 41
1.5000
 42
1.5000
 43
1.0000
 50
60.0000
  0
INSERT
  8
17
  2
ROUNDP
 10
28.9450
 20
72.6450
 30
0.0000
 41
1.5000
 42
1.5000
 43
1.0000
 50
60.0000
  0
INSERT
  8
17
  2
ROUNDP
 10
28.9450
 20
72.6450
 30
0.0000
 41
1.5000
 42
1.5000
 43
1.0000
 50
60.0000
  0
INSERT
  8
17
  2
ROUNDP
 10
28.9450
 20
89.1550
 30
0.0000
 41
1.5000
 42
1.5000
 43
1.0000
 50
60.0000
  0
INSERT
  8
17
  2
ROUNDP
 10
28.9450
 20
89.1550
 30
0.0000
 41
1.5000
 42
1.5000
 43
1.0000
 50
60.0000
  0
INSERT
  8
17
  2
ROUNDP
 10
45.4550
 20
89.1550
 30
0.0000
 41
1.5000
 42
1.5000
 43
1.0000
 50
60.0000
  0
INSERT
  8
17
  2
ROUNDP
 10
45.4550
 20
89.1550
 30
0.0000
 41
1.5000
 42
1.5000
 43
1.0000
 50
60.0000
  0
INSERT
  8
17
  2
ROUNDP
 10
59.3180
 20
186.7400
 30
0.0000
 41
2.1064
 42
2.1064
 43
1.0000
 50
90.0000
  0
INSERT
  8
17
  2
ROUNDP
 10
59.3180
 20
186.7400
 30
0.0000
 41
2.1064
 42
2.1064
 43
1.0000
 50
90.0000
  0
INSERT
  8
17
  2
ROUNDP
 10
64.3980
 20
186.7400
 30
0.0000
 41
2.1064
 42
2.1064
 43
1.0000
 50
90.0000
  0
INSERT
  8
17
  2
ROUNDP
 10
64.3980
 20
186.7400
 30
0.0000
 41
2.1064
 42
2.1064
 43
1.0000
 50
90.0000
  0
INSERT
  8
17
  2
ROUNDP
 10
64.3980
 20
181.6600
 30
0.0000
 41
2.1064
 42
2.1064
 43
1.0000
 50
90.0000
  0
INSERT
  8
17
  2
ROUNDP
 10
64.3980
 20
181.6600
 30
0.0000
 41
2.1064
 42
2.1064
 43
1.0000
 50
90.0000
  0
INSERT
  8
17
  2
ROUNDP
 10
59.3180
 20
181.6600
 30
0.0000
 41
2.1064
 42
2.1064
 43
1.0000
 50
90.0000
  0
INSERT
  8
17
  2
ROUNDP
 10
59.3180
 20
181.6600
 30
0.0000
 41
2.1064
 42
2.1064
 43
1.0000
 50
90.0000
  0
INSERT
  8
17
  2
ROUNDP
 10
61.8580
 20
184.2000
 30
0.0000
 41
1.9064
 42
1.9064
 43
1.0000
 50
90.0000
  0
INSERT
  8
17
  2
ROUNDP
 10
61.8580
 20
184.2000
 30
0.0000
 41
1.9064
 42
1.9064
 43
1.0000
 50
90.0000
  0
CIRCLE
  8
20
 10
108.3350
 20
23.4700
 30
0.0000
 40
0.3700
  0
CIRCLE
  8
20
 10
108.3350
 20
22.2000
 30
0.0000
 40
0.3700
  0
CIRCLE
  8
20
 10
108.3350
 20
20.9300
 30
0.0000
 40
0.3700
  0
CIRCLE
  8
20
 10
107.0650
 20
23.4700
 30
0.0000
 40
0.3700
  0
CIRCLE
  8
20
 10
107.0650
 20
22.2000
 30
0.0000
 40
0.3700
  0
CIRCLE
  8
20
 10
107.0650
 20
20.9300
 30
0.0000
 40
0.3700
  0
CIRCLE
  8
20
 10
108.3350
 20
24.7400
 30
0.0000
 40
0.3700
  0
CIRCLE
  8
20
 10
107.0650
 20
24.7400
 30
0.0000
 40
0.3700
  0
CIRCLE
  8
20
 10
108.3350
 20
19.6600
 30
0.0000
 40
0.3700
  0
CIRCLE
  8
20
 10
107.0650
 20
19.6600
 30
0.0000
 40
0.3700
  0
CIRCLE
  8
20
 10
74.2050
 20
111.5650
 30
0.0000
 40
0.3700
  0
CIRCLE
  8
20
 10
72.9350
 20
111.5650
 30
0.0000
 40
0.3700
  0
CIRCLE
  8
20
 10
74.2050
 20
112.8350
 30
0.0000
 40
0.3700
  0
CIRCLE
  8
20
 10
72.9350
 20
112.8350
 30
0.0000
 40
0.3700
  0
CIRCLE
  8
20
 10
75.4750
 20
111.5650
 30
0.0000
 40
0.3700
  0
CIRCLE
  8
20
 10
75.4750
 20
112.8350
 30
0.0000
 40
0.3700
  0
CIRCLE
  8
20
 10
70.3950
 20
111.5650
 30
0.0000
 40
0.3700
  0
CIRCLE
  8
20
 10
69.1250
 20
111.5650
 30
0.0000
 40
0.3700
  0
CIRCLE
  8
20
 10
70.3950
 20
112.8350
 30
0.0000
 40
0.3700
  0
CIRCLE
  8
20
 10
69.1250
 20
112.8350
 30
0.0000
 40
0.3700
  0
CIRCLE
  8
20
 10
71.6650
 20
111.5650
 30
0.0000
 40
0.3700
  0
CIRCLE
  8
20
 10
71.6650
 20
112.8350
 30
0.0000
 40
0.3700
  0
CIRCLE
  8
20
 10
106.7650
 20
77.6300
 30
0.0000
 40
0.3700
  0
CIRCLE
  8
20
 10
106.7650
 20
78.9000
 30
0.0000
 40
0.3700
  0
CIRCLE
  8
20
 10
106.7650
 20
80.1700
 30
0.0000
 40
0.3700
  0
CIRCLE
  8
20
 10
108.0350
 20
77.6300
 30
0.0000
 40
0.3700
  0
CIRCLE
  8
20
 10
108.0350
 20
78.9000
 30
0.0000
 40
0.3700
  0
CIRCLE
  8
20
 10
108.0350
 20
80.1700
 30
0.0000
 40
0.3700
  0
CIRCLE
  8
20
 10
106.7650
 20
76.3600
 30
0.0000
 40
0.3700
  0
CIRCLE
  8
20
 10
108.0350
 20
76.3600
 30
0.0000
 40
0.3700
  0
CIRCLE
  8
20
 10
106.7650
 20
81.4400
 30
0.0000
 40
0.3700
  0
CIRCLE
  8
20
 10
108.0350
 20
81.4400
 30
0.0000
 40
0.3700
  0
POINT
  8
24
 10
69.1000
 20
171.6000
 30
0.0000
  0
LINE
  8
22
 10
68.7486
 20
176.1550
 30
0.0000
 11
68.7486
 21
175.8550
 31
0.0000
  0
LINE
  8
22
 10
68.7486
 20
175.0550
 30
0.0000
 11
68.7486
 21
174.7550
 31
0.0000
  0
LINE
  8
22
 10
68.7486
 20
173.9550
 30
0.0000
 11
68.7486
 21
173.6550
 31
0.0000
  0
LINE
  8
22
 10
68.7486
 20
172.8550
 30
0.0000
 11
68.7486
 21
172.5550
 31
0.0000
  0
LINE
  8
22
 10
68.7486
 20
171.7550
 30
0.0000
 11
68.7486
 21
171.4550
 31
0.0000
  0
LINE
  8
22
 10
68.7486
 20
170.6550
 30
0.0000
 11
68.7486
 21
170.3550
 31
0.0000
  0
LINE
  8
22
 10
68.7486
 20
169.5550
 30
0.0000
 11
68.7486
 21
169.2550
 31
0.0000
  0
LINE
  8
22
 10
68.7486
 20
168.4550
 30
0.0000
 11
68.7486
 21
168.1550
 31
0.0000
  0
LINE
  8
22
 10
62.9000
 20
166.7050
 30
0.0000
 11
62.9000
 21
165.9850
 31
0.0000
  0
LINE
  8
22
 10
70.2500
 20
176.2550
 30
0.0000
 11
70.2500
 21
167.7050
 31
0.0000
  0
ARC
  8
22
 10
70.0000
 20
167.7050
 30
0.0000
 40
0.2500
 50
270.0000
 51
0.0000
  0
LINE
  8
22
 10
70.0000
 20
167.4550
 30
0.0000
 11
69.0000
 21
167.4550
 31
0.0000
  0
ARC
  8
22
 10
69.0000
 20
167.7050
 30
0.0000
 40
0.2500
 50
180.0000
 51
270.0000
  0
LINE
  8
22
 10
68.7500
 20
167.7050
 30
0.0000
 11
68.7500
 21
176.2550
 31
0.0000
  0
ARC
  8
22
 10
69.0000
 20
176.2550
 30
0.0000
 40
0.2500
 50
90.0000
 51
180.0000
  0
LINE
  8
22
 10
69.0000
 20
176.5050
 30
0.0000
 11
70.0000
 21
176.5050
 31
0.0000
  0
ARC
  8
22
 10
70.0000
 20
176.2550
 30
0.0000
 40
0.2500
 50
0.0000
 51
90.0000
  0
LINE
  8
22
 10
60.8500
 20
164.8850
 30
0.0000
 11
60.8500
 21
164.7050
 31
0.0000
  0
LINE
  8
22
 10
60.8500
 20
164.7050
 30
0.0000
 11
62.9000
 21
164.7050
 31
0.0000
  0
LINE
  8
22
 10
62.9000
 20
164.7050
 30
0.0000
 11
64.1050
 21
164.7050
 31
0.0000
  0
LINE
  8
22
 10
64.1050
 20
164.7050
 30
0.0000
 11
70.9950
 21
164.7050
 31
0.0000
  0
LINE
  8
22
 10
70.9950
 20
164.7050
 30
0.0000
 11
72.4050
 21
164.7050
 31
0.0000
  0
LINE
  8
22
 10
72.4050
 20
164.7050
 30
0.0000
 11
74.2500
 21
164.7050
 31
0.0000
  0
LINE
  8
22
 10
74.2500
 20
164.7050
 30
0.0000
 11
74.2500
 21
165.7550
 31
0.0000
  0
LINE
  8
22
 10
74.2500
 20
165.7550
 30
0.0000
 11
73.5052
 21
166.0261
 31
0.0000
  0
ARC
  8
22
 10
73.6762
 20
166.4960
 30
0.0000
 40
0.5000
 50
189.7285
 51
249.9985
  0
ARC
  8
22
 10
102.9036
 20
171.5050
 30
0.0000
 40
30.1536
 50
170.2750
 51
189.7250
  0
LINE
  8
22
 10
62.6200
 20
164.8950
 30
0.0000
 11
59.8000
 21
164.8950
 31
0.0000
  0
ARC
  8
22
 10
59.8000
 20
164.9450
 30
0.0000
 40
0.0500
 50
180.0000
 51
270.0000
  0
LINE
  8
22
 10
59.7500
 20
164.9450
 30
0.0000
 11
59.7500
 21
165.4050
 31
0.0000
  0
ARC
  8
22
 10
59.8000
 20
165.4050
 30
0.0000
 40
0.0500
 50
90.0000
 51
180.0000
  0
ARC
  8
22
 10
59.8000
 20
177.6050
 30
0.0000
 40
0.0500
 50
180.0000
 51
270.0000
  0
LINE
  8
22
 10
59.7500
 20
177.6050
 30
0.0000
 11
59.7500
 21
178.0650
 31
0.0000
  0
ARC
  8
22
 10
59.8000
 20
178.0650
 30
0.0000
 40
0.0500
 50
90.0000
 51
180.0000
  0
LINE
  8
22
 10
59.8000
 20
178.1150
 30
0.0000
 11
62.6200
 21
178.1150
 31
0.0000
  0
LINE
  8
22
 10
74.2500
 20
177.2550
 30
0.0000
 11
74.2500
 21
178.3050
 31
0.0000
  0
LINE
  8
22
 10
74.2500
 20
178.3050
 30
0.0000
 11
72.4050
 21
178.3050
 31
0.0000
  0
LINE
  8
22
 10
72.4050
 20
178.3050
 30
0.0000
 11
70.9950
 21
178.3050
 31
0.0000
  0
LINE
  8
22
 10
70.9950
 20
178.3050
 30
0.0000
 11
64.1050
 21
178.3050
 31
0.0000
  0
LINE
  8
22
 10
64.1050
 20
178.3050
 30
0.0000
 11
62.9000
 21
178.3050
 31
0.0000
  0
LINE
  8
22
 10
62.9000
 20
178.3050
 30
0.0000
 11
60.8500
 21
178.3050
 31
0.0000
  0
LINE
  8
22
 10
60.8500
 20
178.3050
 30
0.0000
 11
60.8500
 21
178.1250
 31
0.0000
  0
LINE
  8
22
 10
62.9000
 20
164.7050
 30
0.0000
 11
62.9000
 21
167.0841
 31
0.0000
  0
LINE
  8
22
 10
62.9000
 20
167.0841
 30
0.0000
 11
62.9000
 21
167.3550
 31
0.0000
  0
ARC
  8
22
 10
62.9000
 20
167.4550
 30
0.0000
 40
0.1000
 50
270.0000
 51
90.0000
  0
LINE
  8
22
 10
62.9000
 20
167.5550
 30
0.0000
 11
62.9000
 21
167.9050
 31
0.0000
  0
ARC
  8
22
 10
62.9000
 20
168.0050
 30
0.0000
 40
0.1000
 50
270.0000
 51
90.0000
  0
LINE
  8
22
 10
62.9000
 20
168.1050
 30
0.0000
 11
62.9000
 21
174.9050
 31
0.0000
  0
ARC
  8
22
 10
62.9000
 20
175.0050
 30
0.0000
 40
0.1000
 50
270.0000
 51
90.0000
  0
LINE
  8
22
 10
62.9000
 20
175.1050
 30
0.0000
 11
62.9000
 21
175.4550
 31
0.0000
  0
ARC
  8
22
 10
62.9000
 20
175.5550
 30
0.0000
 40
0.1000
 50
270.0000
 51
90.0000
  0
LINE
  8
22
 10
62.9000
 20
175.6550
 30
0.0000
 11
62.9000
 21
178.3050
 31
0.0000
  0
LINE
  8
22
 10
59.7500
 20
167.0841
 30
0.0000
 11
62.9000
 21
167.0841
 31
0.0000
  0
LINE
  8
22
 10
72.4050
 20
178.3050
 30
0.0000
 11
72.4050
 21
178.7250
 31
0.0000
  0
ARC
  8
22
 10
72.3250
 20
178.7250
 30
0.0000
 40
0.0800
 50
0.0000
 51
90.0000
  0
LINE
  8
22
 10
72.3250
 20
178.8050
 30
0.0000
 11
72.0750
 21
178.8050
 31
0.0000
  0
LINE
  8
22
 10
72.0750
 20
178.8050
 30
0.0000
 11
71.9500
 21
178.6850
 31
0.0000
  0
LINE
  8
22
 10
71.9500
 20
178.6850
 30
0.0000
 11
71.4500
 21
178.6850
 31
0.0000
  0
LINE
  8
22
 10
71.4500
 20
178.6850
 30
0.0000
 11
71.3250
 21
178.8050
 31
0.0000
  0
LINE
  8
22
 10
71.3250
 20
178.8050
 30
0.0000
 11
71.0750
 21
178.8050
 31
0.0000
  0
ARC
  8
22
 10
71.0750
 20
178.7250
 30
0.0000
 40
0.0800
 50
90.0000
 51
180.0000
  0
LINE
  8
22
 10
70.9950
 20
178.7250
 30
0.0000
 11
70.9950
 21
178.3050
 31
0.0000
  0
LINE
  8
22
 10
64.1050
 20
178.3050
 30
0.0000
 11
64.1050
 21
178.7250
 31
0.0000
  0
ARC
  8
22
 10
64.0250
 20
178.7250
 30
0.0000
 40
0.0800
 50
0.0000
 51
90.0000
  0
LINE
  8
22
 10
64.0250
 20
178.8050
 30
0.0000
 11
63.7750
 21
178.8050
 31
0.0000
  0
LINE
  8
22
 10
63.7750
 20
178.8050
 30
0.0000
 11
63.6500
 21
178.6850
 31
0.0000
  0
LINE
  8
22
 10
63.6500
 20
178.6850
 30
0.0000
 11
63.1500
 21
178.6850
 31
0.0000
  0
LINE
  8
22
 10
63.1500
 20
178.6850
 30
0.0000
 11
63.0250
 21
178.8050
 31
0.0000
  0
LINE
  8
22
 10
63.0250
 20
178.8050
 30
0.0000
 11
62.7750
 21
178.8050
 31
0.0000
  0
ARC
  8
22
 10
62.7750
 20
178.7250
 30
0.0000
 40
0.0800
 50
90.0000
 51
180.0000
  0
LINE
  8
22
 10
62.6950
 20
178.7250
 30
0.0000
 11
62.6950
 21
178.0550
 31
0.0000
  0
LINE
  8
22
 10
62.6950
 20
178.0550
 30
0.0000
 11
62.7000
 21
178.0550
 31
0.0000
  0
LINE
  8
22
 10
62.7000
 20
178.0550
 30
0.0000
 11
62.7000
 21
177.5550
 31
0.0000
  0
LINE
  8
22
 10
62.7000
 20
177.5550
 30
0.0000
 11
62.2000
 21
177.5550
 31
0.0000
  0
LINE
  8
22
 10
62.2000
 20
177.5550
 30
0.0000
 11
62.2000
 21
177.7050
 31
0.0000
  0
LINE
  8
22
 10
62.2000
 20
177.7050
 30
0.0000
 11
62.4500
 21
177.7050
 31
0.0000
  0
LINE
  8
22
 10
62.4500
 20
177.7050
 30
0.0000
 11
62.5000
 21
177.7550
 31
0.0000
  0
LINE
  8
22
 10
62.5000
 20
177.7550
 30
0.0000
 11
62.5000
 21
177.9050
 31
0.0000
  0
LINE
  8
22
 10
62.5000
 20
177.9050
 30
0.0000
 11
62.4500
 21
177.9550
 31
0.0000
  0
LINE
  8
22
 10
62.4500
 20
177.9550
 30
0.0000
 11
60.0000
 21
177.9550
 31
0.0000
  0
LINE
  8
22
 10
60.0000
 20
177.9550
 30
0.0000
 11
59.9500
 21
177.9050
 31
0.0000
  0
LINE
  8
22
 10
59.9500
 20
177.9050
 30
0.0000
 11
59.9500
 21
177.7550
 31
0.0000
  0
LINE
  8
22
 10
59.9500
 20
177.7550
 30
0.0000
 11
60.0000
 21
177.7050
 31
0.0000
  0
LINE
  8
22
 10
60.0000
 20
177.7050
 30
0.0000
 11
60.2500
 21
177.7050
 31
0.0000
  0
LINE
  8
22
 10
60.2500
 20
177.7050
 30
0.0000
 11
60.2500
 21
177.5550
 31
0.0000
  0
LINE
  8
22
 10
60.2500
 20
177.5550
 30
0.0000
 11
59.7500
 21
177.5550
 31
0.0000
  0
LINE
  8
22
 10
59.7500
 20
177.5550
 30
0.0000
 11
59.7500
 21
167.0841
 31
0.0000
  0
LINE
  8
22
 10
59.7500
 20
167.0841
 30
0.0000
 11
59.7500
 21
165.4550
 31
0.0000
  0
LINE
  8
22
 10
59.7500
 20
165.4550
 30
0.0000
 11
60.2500
 21
165.4550
 31
0.0000
  0
LINE
  8
22
 10
60.2500
 20
165.4550
 30
0.0000
 11
60.2500
 21
165.3050
 31
0.0000
  0
LINE
  8
22
 10
60.2500
 20
165.3050
 30
0.0000
 11
60.0000
 21
165.3050
 31
0.0000
  0
LINE
  8
22
 10
60.0000
 20
165.3050
 30
0.0000
 11
59.9500
 21
165.2550
 31
0.0000
  0
LINE
  8
22
 10
59.9500
 20
165.2550
 30
0.0000
 11
59.9500
 21
165.1050
 31
0.0000
  0
LINE
  8
22
 10
59.9500
 20
165.1050
 30
0.0000
 11
60.0000
 21
165.0550
 31
0.0000
  0
LINE
  8
22
 10
60.0000
 20
165.0550
 30
0.0000
 11
62.4500
 21
165.0550
 31
0.0000
  0
LINE
  8
22
 10
62.4500
 20
165.0550
 30
0.0000
 11
62.5000
 21
165.1050
 31
0.0000
  0
LINE
  8
22
 10
62.5000
 20
165.1050
 30
0.0000
 11
62.5000
 21
165.2550
 31
0.0000
  0
LINE
  8
22
 10
62.5000
 20
165.2550
 30
0.0000
 11
62.4500
 21
165.3050
 31
0.0000
  0
LINE
  8
22
 10
62.4500
 20
165.3050
 30
0.0000
 11
62.2000
 21
165.3050
 31
0.0000
  0
LINE
  8
22
 10
62.2000
 20
165.3050
 30
0.0000
 11
62.2000
 21
165.4550
 31
0.0000
  0
LINE
  8
22
 10
62.2000
 20
165.4550
 30
0.0000
 11
62.7000
 21
165.4550
 31
0.0000
  0
LINE
  8
22
 10
62.7000
 20
165.4550
 30
0.0000
 11
62.7000
 21
164.9550
 31
0.0000
  0
LINE
  8
22
 10
62.7000
 20
164.9550
 30
0.0000
 11
62.6950
 21
164.9550
 31
0.0000
  0
LINE
  8
22
 10
62.6950
 20
164.9550
 30
0.0000
 11
62.6950
 21
164.2850
 31
0.0000
  0
ARC
  8
22
 10
62.7750
 20
164.2850
 30
0.0000
 40
0.0800
 50
180.0000
 51
270.0000
  0
LINE
  8
22
 10
62.7750
 20
164.2050
 30
0.0000
 11
63.0250
 21
164.2050
 31
0.0000
  0
LINE
  8
22
 10
63.0250
 20
164.2050
 30
0.0000
 11
63.1500
 21
164.3250
 31
0.0000
  0
LINE
  8
22
 10
63.1500
 20
164.3250
 30
0.0000
 11
63.6500
 21
164.3250
 31
0.0000
  0
LINE
  8
22
 10
63.6500
 20
164.3250
 30
0.0000
 11
63.7750
 21
164.2050
 31
0.0000
  0
LINE
  8
22
 10
63.7750
 20
164.2050
 30
0.0000
 11
64.0250
 21
164.2050
 31
0.0000
  0
ARC
  8
22
 10
64.0250
 20
164.2850
 30
0.0000
 40
0.0800
 50
270.0000
 51
0.0000
  0
LINE
  8
22
 10
64.1050
 20
164.2850
 30
0.0000
 11
64.1050
 21
164.7050
 31
0.0000
  0
LINE
  8
22
 10
70.9950
 20
164.7050
 30
0.0000
 11
70.9950
 21
164.2850
 31
0.0000
  0
ARC
  8
22
 10
71.0750
 20
164.2850
 30
0.0000
 40
0.0800
 50
180.0000
 51
270.0000
  0
LINE
  8
22
 10
71.0750
 20
164.2050
 30
0.0000
 11
71.3250
 21
164.2050
 31
0.0000
  0
LINE
  8
22
 10
71.3250
 20
164.2050
 30
0.0000
 11
71.4500
 21
164.3250
 31
0.0000
  0
LINE
  8
22
 10
71.4500
 20
164.3250
 30
0.0000
 11
71.9500
 21
164.3250
 31
0.0000
  0
LINE
  8
22
 10
71.9500
 20
164.3250
 30
0.0000
 11
72.0750
 21
164.2050
 31
0.0000
  0
LINE
  8
22
 10
72.0750
 20
164.2050
 30
0.0000
 11
72.3250
 21
164.2050
 31
0.0000
  0
ARC
  8
22
 10
72.3250
 20
164.2850
 30
0.0000
 40
0.0800
 50
270.0000
 51
0.0000
  0
LINE
  8
22
 10
72.4050
 20
164.2850
 30
0.0000
 11
72.4050
 21
164.7050
 31
0.0000
  0
ARC
  8
22
 10
73.6762
 20
176.5140
 30
0.0000
 40
0.5000
 50
109.9994
 51
170.2740
  0
ARC
  8
22
 10
73.6762
 20
176.5140
 30
0.0000
 40
0.5000
 50
109.9994
 51
170.2740
  0
LINE
  8
22
 10
73.5052
 20
176.9839
 30
0.0000
 11
74.2500
 21
177.2550
 31
0.0000
  0
POINT
  8
24
 10
153.1000
 20
173.2000
 30
0.0000
  0
LINE
  8
22
 10
150.8500
 20
162.5000
 30
0.0000
 11
155.3500
 21
162.5000
 31
0.0000
  0
LINE
  8
22
 10
155.3500
 20
162.5000
 30
0.0000
 11
155.3500
 21
183.9000
 31
0.0000
  0
LINE
  8
22
 10
155.3500
 20
183.9000
 30
0.0000
 11
150.8500
 21
183.9000
 31
0.0000
  0
LINE
  8
22
 10
150.8500
 20
183.9000
 30
0.0000
 11
150.8500
 21
162.5000
 31
0.0000
  0
LINE
  8
22
 10
151.6000
 20
182.2000
 30
0.0000
 11
152.6000
 21
182.7000
 31
0.0000
  0
LINE
  8
22
 10
151.6000
 20
183.2000
 30
0.0000
 11
151.6000
 21
182.2000
 31
0.0000
  0
LINE
  8
22
 10
152.6000
 20
182.7000
 30
0.0000
 11
151.6000
 21
183.2000
 31
0.0000
  0
POINT
  8
24
 10
109.1000
 20
27.0000
 30
0.0000
  0
LINE
  8
22
 10
107.8500
 20
26.5000
 30
0.0000
 11
110.3500
 21
26.5000
 31
0.0000
  0
LINE
  8
22
 10
110.3500
 20
27.5000
 30
0.0000
 11
107.8500
 21
27.5000
 31
0.0000
  0
LINE
  8
22
 10
110.3500
 20
26.5000
 30
0.0000
 11
110.3500
 21
27.5000
 31
0.0000
  0
LINE
  8
22
 10
107.8500
 20
27.5000
 30
0.0000
 11
107.8500
 21
26.5000
 31
0.0000
  0
CIRCLE
  8
22
 10
110.0000
 20
26.8000
 30
0.0000
 40
0.0500
  0
POINT
  8
24
 10
106.2000
 20
27.0000
 30
0.0000
  0
LINE
  8
22
 10
107.4500
 20
27.5000
 30
0.0000
 11
104.9500
 21
27.5000
 31
0.0000
  0
LINE
  8
22
 10
104.9500
 20
26.5000
 30
0.0000
 11
107.4500
 21
26.5000
 31
0.0000
  0
LINE
  8
22
 10
104.9500
 20
27.5000
 30
0.0000
 11
104.9500
 21
26.5000
 31
0.0000
  0
LINE
  8
22
 10
107.4500
 20
26.5000
 30
0.0000
 11
107.4500
 21
27.5000
 31
0.0000
  0
CIRCLE
  8
22
 10
105.3000
 20
27.2000
 30
0.0000
 40
0.0500
  0
POINT
  8
24
 10
67.0000
 20
110.4000
 30
0.0000
  0
LINE
  8
22
 10
66.5000
 20
111.6500
 30
0.0000
 11
66.5000
 21
109.1500
 31
0.0000
  0
LINE
  8
22
 10
67.5000
 20
109.1500
 30
0.0000
 11
67.5000
 21
111.6500
 31
0.0000
  0
LINE
  8
22
 10
66.5000
 20
109.1500
 30
0.0000
 11
67.5000
 21
109.1500
 31
0.0000
  0
LINE
  8
22
 10
67.5000
 20
111.6500
 30
0.0000
 11
66.5000
 21
111.6500
 31
0.0000
  0
CIRCLE
  8
22
 10
66.8000
 20
109.5000
 30
0.0000
 40
0.0500
  0
POINT
  8
24
 10
67.0000
 20
113.2000
 30
0.0000
  0
LINE
  8
22
 10
67.5000
 20
111.9500
 30
0.0000
 11
67.5000
 21
114.4500
 31
0.0000
  0
LINE
  8
22
 10
66.5000
 20
114.4500
 30
0.0000
 11
66.5000
 21
111.9500
 31
0.0000
  0
LINE
  8
22
 10
67.5000
 20
114.4500
 30
0.0000
 11
66.5000
 21
114.4500
 31
0.0000
  0
LINE
  8
22
 10
66.5000
 20
111.9500
 30
0.0000
 11
67.5000
 21
111.9500
 31
0.0000
  0
CIRCLE
  8
22
 10
67.2000
 20
114.1000
 30
0.0000
 40
0.0500
  0
POINT
  8
24
 10
106.1000
 20
83.6000
 30
0.0000
  0
LINE
  8
22
 10
107.3500
 20
84.1000
 30
0.0000
 11
104.8500
 21
84.1000
 31
0.0000
  0
LINE
  8
22
 10
104.8500
 20
83.1000
 30
0.0000
 11
107.3500
 21
83.1000
 31
0.0000
  0
LINE
  8
22
 10
104.8500
 20
84.1000
 30
0.0000
 11
104.8500
 21
83.1000
 31
0.0000
  0
LINE
  8
22
 10
107.3500
 20
83.1000
 30
0.0000
 11
107.3500
 21
84.1000
 31
0.0000
  0
CIRCLE
  8
22
 10
105.2000
 20
83.8000
 30
0.0000
 40
0.0500
  0
POINT
  8
24
 10
108.9000
 20
83.6000
 30
0.0000
  0
LINE
  8
22
 10
107.6500
 20
83.1000
 30
0.0000
 11
110.1500
 21
83.1000
 31
0.0000
  0
LINE
  8
22
 10
110.1500
 20
84.1000
 30
0.0000
 11
107.6500
 21
84.1000
 31
0.0000
  0
LINE
  8
22
 10
110.1500
 20
83.1000
 30
0.0000
 11
110.1500
 21
84.1000
 31
0.0000
  0
LINE
  8
22
 10
107.6500
 20
84.1000
 30
0.0000
 11
107.6500
 21
83.1000
 31
0.0000
  0
CIRCLE
  8
22
 10
109.8000
 20
83.4000
 30
0.0000
 40
0.0500
  0
POINT
  8
24
 10
85.8000
 20
77.3000
 30
0.0000
  0
LINE
  8
22
 10
85.3000
 20
78.5500
 30
0.0000
 11
85.3000
 21
76.0500
 31
0.0000
  0
LINE
  8
22
 10
86.3000
 20
76.0500
 30
0.0000
 11
86.3000
 21
78.5500
 31
0.0000
  0
LINE
  8
22
 10
85.3000
 20
76.0500
 30
0.0000
 11
86.3000
 21
76.0500
 31
0.0000
  0
LINE
  8
22
 10
86.3000
 20
78.5500
 30
0.0000
 11
85.3000
 21
78.5500
 31
0.0000
  0
CIRCLE
  8
22
 10
85.6000
 20
76.4000
 30
0.0000
 40
0.0500
  0
POINT
  8
24
 10
85.8000
 20
80.3000
 30
0.0000
  0
LINE
  8
22
 10
85.3000
 20
81.5500
 30
0.0000
 11
85.3000
 21
79.0500
 31
0.0000
  0
LINE
  8
22
 10
86.3000
 20
79.0500
 30
0.0000
 11
86.3000
 21
81.5500
 31
0.0000
  0
LINE
  8
22
 10
85.3000
 20
79.0500
 30
0.0000
 11
86.3000
 21
79.0500
 31
0.0000
  0
LINE
  8
22
 10
86.3000
 20
81.5500
 30
0.0000
 11
85.3000
 21
81.5500
 31
0.0000
  0
CIRCLE
  8
22
 10
85.6000
 20
79.4000
 30
0.0000
 40
0.0500
  0
POINT
  8
24
 10
91.5000
 20
178.6000
 30
0.0000
  0
LINE
  8
22
 10
92.6542
 20
179.0890
 30
0.0000
 11
90.3458
 21
179.0890
 31
0.0000
  0
LINE
  8
22
 10
90.3458
 20
179.0890
 30
0.0000
 11
90.3458
 21
178.1110
 31
0.0000
  0
LINE
  8
22
 10
90.3458
 20
178.1110
 30
0.0000
 11
92.6542
 21
178.1110
 31
0.0000
  0
LINE
  8
22
 10
92.6542
 20
178.1110
 30
0.0000
 11
92.6542
 21
179.0890
 31
0.0000
  0
POINT
  8
24
 10
83.7000
 20
180.1000
 30
0.0000
  0
LINE
  8
22
 10
84.8542
 20
180.5890
 30
0.0000
 11
82.5458
 21
180.5890
 31
0.0000
  0
LINE
  8
22
 10
82.5458
 20
180.5890
 30
0.0000
 11
82.5458
 21
179.6110
 31
0.0000
  0
LINE
  8
22
 10
82.5458
 20
179.6110
 30
0.0000
 11
84.8542
 21
179.6110
 31
0.0000
  0
LINE
  8
22
 10
84.8542
 20
179.6110
 30
0.0000
 11
84.8542
 21
180.5890
 31
0.0000
  0
POINT
  8
24
 10
83.6000
 20
185.8000
 30
0.0000
  0
LINE
  8
22
 10
84.7542
 20
186.2890
 30
0.0000
 11
82.4458
 21
186.2890
 31
0.0000
  0
LINE
  8
22
 10
82.4458
 20
186.2890
 30
0.0000
 11
82.4458
 21
185.3110
 31
0.0000
  0
LINE
  8
22
 10
82.4458
 20
185.3110
 30
0.0000
 11
84.7542
 21
185.3110
 31
0.0000
  0
LINE
  8
22
 10
84.7542
 20
185.3110
 30
0.0000
 11
84.7542
 21
186.2890
 31
0.0000
  0
POINT
  8
24
 10
89.3000
 20
166.0000
 30
0.0000
  0
LINE
  8
22
 10
88.8110
 20
167.1542
 30
0.0000
 11
88.8110
 21
164.8458
 31
0.0000
  0
LINE
  8
22
 10
88.8110
 20
164.8458
 30
0.0000
 11
89.7890
 21
164.8458
 31
0.0000
  0
LINE
  8
22
 10
89.7890
 20
164.8458
 30
0.0000
 11
89.7890
 21
167.1542
 31
0.0000
  0
LINE
  8
22
 10
89.7890
 20
167.1542
 30
0.0000
 11
88.8110
 21
167.1542
 31
0.0000
  0
POINT
  8
24
 10
95.0000
 20
167.0000
 30
0.0000
  0
LINE
  8
22
 10
94.5110
 20
168.1542
 30
0.0000
 11
94.5110
 21
165.8458
 31
0.0000
  0
LINE
  8
22
 10
94.5110
 20
165.8458
 30
0.0000
 11
95.4890
 21
165.8458
 31
0.0000
  0
LINE
  8
22
 10
95.4890
 20
165.8458
 30
0.0000
 11
95.4890
 21
168.1542
 31
0.0000
  0
LINE
  8
22
 10
95.4890
 20
168.1542
 30
0.0000
 11
94.5110
 21
168.1542
 31
0.0000
  0
POINT
  8
24
 10
88.1000
 20
166.0000
 30
0.0000
  0
LINE
  8
22
 10
87.6110
 20
167.1542
 30
0.0000
 11
87.6110
 21
164.8458
 31
0.0000
  0
LINE
  8
22
 10
87.6110
 20
164.8458
 30
0.0000
 11
88.5890
 21
164.8458
 31
0.0000
  0
LINE
  8
22
 10
88.5890
 20
164.8458
 30
0.0000
 11
88.5890
 21
167.1542
 31
0.0000
  0
LINE
  8
22
 10
88.5890
 20
167.1542
 30
0.0000
 11
87.6110
 21
167.1542
 31
0.0000
  0
POINT
  8
24
 10
88.7000
 20
174.0000
 30
0.0000
  0
LINE
  8
22
 10
89.8542
 20
174.4890
 30
0.0000
 11
87.5458
 21
174.4890
 31
0.0000
  0
LINE
  8
22
 10
87.5458
 20
174.4890
 30
0.0000
 11
87.5458
 21
173.5110
 31
0.0000
  0
LINE
  8
22
 10
87.5458
 20
173.5110
 30
0.0000
 11
89.8542
 21
173.5110
 31
0.0000
  0
LINE
  8
22
 10
89.8542
 20
173.5110
 30
0.0000
 11
89.8542
 21
174.4890
 31
0.0000
  0
POINT
  8
24
 10
5.0000
 20
15.0000
 30
0.0000
  0
POINT
  8
24
 10
15.0000
 20
5.0000
 30
0.0000
  0
POINT
  8
24
 10
5.0000
 20
181.4580
 30
0.0000
  0
POINT
  8
24
 10
15.0000
 20
191.4580
 30
0.0000
  0
POINT
  8
24
 10
158.6000
 20
191.4580
 30
0.0000
  0
POINT
  8
24
 10
168.6000
 20
181.4580
 30
0.0000
  0
POINT
  8
24
 10
168.6000
 20
15.0000
 30
0.0000
  0
POINT
  8
24
 10
158.6000
 20
5.0000
 30
0.0000
  0
POINT
  8
24
 10
9.8000
 20
79.1000
 30
0.0000
  0
POINT
  8
24
 10
110.1000
 20
9.2000
 30
0.0000
  0
POINT
  8
24
 10
161.6000
 20
161.9000
 30
0.0000
  0
POINT
  8
24
 10
79.6000
 20
184.9000
 30
0.0000
  0
POINT
  8
24
 10
67.3000
 20
19.7000
 30
0.0000
  0
LINE
  8
22
 10
65.8000
 20
21.2000
 30
0.0000
 11
65.8000
 21
18.2000
 31
0.0000
  0
LINE
  8
22
 10
68.8000
 20
18.2000
 30
0.0000
 11
68.8000
 21
21.2000
 31
0.0000
  0
LINE
  8
22
 10
68.8000
 20
21.2000
 30
0.0000
 11
65.8000
 21
21.2000
 31
0.0000
  0
LINE
  8
22
 10
65.8000
 20
18.2000
 30
0.0000
 11
68.8000
 21
18.2000
 31
0.0000
  0
CIRCLE
  8
22
 10
66.1200
 20
20.8800
 30
0.0000
 40
0.0500
  0
POINT
  8
24
 10
97.2000
 20
45.9000
 30
0.0000
  0
LINE
  8
22
 10
93.2000
 20
49.9000
 30
0.0000
 11
93.2000
 21
41.9000
 31
0.0000
  0
LINE
  8
22
 10
101.2000
 20
41.9000
 30
0.0000
 11
101.2000
 21
49.9000
 31
0.0000
  0
LINE
  8
22
 10
101.2000
 20
49.9000
 30
0.0000
 11
93.2000
 21
49.9000
 31
0.0000
  0
LINE
  8
22
 10
93.2000
 20
41.9000
 30
0.0000
 11
101.2000
 21
41.9000
 31
0.0000
  0
CIRCLE
  8
22
 10
93.8000
 20
49.2000
 30
0.0000
 40
0.2828
  0
POINT
  8
24
 10
103.4000
 20
15.1000
 30
0.0000
  0
LINE
  8
22
 10
101.9000
 20
13.6000
 30
0.0000
 11
104.9000
 21
13.6000
 31
0.0000
  0
LINE
  8
22
 10
104.9000
 20
16.6000
 30
0.0000
 11
101.9000
 21
16.6000
 31
0.0000
  0
LINE
  8
22
 10
101.9000
 20
16.6000
 30
0.0000
 11
101.9000
 21
13.6000
 31
0.0000
  0
LINE
  8
22
 10
104.9000
 20
13.6000
 30
0.0000
 11
104.9000
 21
16.6000
 31
0.0000
  0
CIRCLE
  8
22
 10
102.4000
 20
16.2000
 30
0.0000
 40
0.1414
  0
POINT
  8
24
 10
92.1000
 20
19.6000
 30
0.0000
  0
LINE
  8
22
 10
93.3750
 20
21.3750
 30
0.0000
 11
90.8250
 21
21.3750
 31
0.0000
  0
LINE
  8
22
 10
90.8250
 20
21.3750
 30
0.0000
 11
90.8250
 21
17.8250
 31
0.0000
  0
LINE
  8
22
 10
90.8250
 20
17.8250
 30
0.0000
 11
93.3750
 21
17.8250
 31
0.0000
  0
LINE
  8
22
 10
93.3750
 20
17.8250
 30
0.0000
 11
93.3750
 21
21.3750
 31
0.0000
  0
CIRCLE
  8
22
 10
93.0000
 20
21.0000
 30
0.0000
 40
0.1414
  0
POINT
  8
24
 10
98.7000
 20
28.1000
 30
0.0000
  0
LINE
  8
22
 10
96.7000
 20
30.1000
 30
0.0000
 11
96.7000
 21
26.1000
 31
0.0000
  0
LINE
  8
22
 10
100.7000
 20
26.1000
 30
0.0000
 11
100.7000
 21
30.1000
 31
0.0000
  0
LINE
  8
22
 10
100.7000
 20
30.1000
 30
0.0000
 11
96.7000
 21
30.1000
 31
0.0000
  0
LINE
  8
22
 10
96.7000
 20
26.1000
 30
0.0000
 11
100.7000
 21
26.1000
 31
0.0000
  0
CIRCLE
  8
22
 10
97.0200
 20
29.7800
 30
0.0000
 40
0.0500
  0
POINT
  8
24
 10
77.8000
 20
18.9000
 30
0.0000
  0
LINE
  8
22
 10
76.3000
 20
20.4000
 30
0.0000
 11
76.3000
 21
17.4000
 31
0.0000
  0
LINE
  8
22
 10
79.3000
 20
17.4000
 30
0.0000
 11
79.3000
 21
20.4000
 31
0.0000
  0
LINE
  8
22
 10
79.3000
 20
20.4000
 30
0.0000
 11
76.3000
 21
20.4000
 31
0.0000
  0
LINE
  8
22
 10
76.3000
 20
17.4000
 30
0.0000
 11
79.3000
 21
17.4000
 31
0.0000
  0
CIRCLE
  8
22
 10
76.6200
 20
20.0800
 30
0.0000
 40
0.0500
  0
POINT
  8
24
 10
78.4000
 20
170.4000
 30
0.0000
  0
LINE
  8
22
 10
76.4000
 20
172.4000
 30
0.0000
 11
76.4000
 21
168.4000
 31
0.0000
  0
LINE
  8
22
 10
76.4000
 20
168.4000
 30
0.0000
 11
80.4000
 21
168.4000
 31
0.0000
  0
LINE
  8
22
 10
80.4000
 20
168.4000
 30
0.0000
 11
80.4000
 21
172.4000
 31
0.0000
  0
LINE
  8
22
 10
80.4000
 20
172.4000
 30
0.0000
 11
76.4000
 21
172.4000
 31
0.0000
  0
CIRCLE
  8
22
 10
76.8000
 20
168.8000
 30
0.0000
 40
0.2236
  0
POINT
  8
24
 10
86.7000
 20
38.1000
 30
0.0000
  0
LINE
  8
22
 10
88.2000
 20
39.6000
 30
0.0000
 11
85.2000
 21
39.6000
 31
0.0000
  0
LINE
  8
22
 10
85.2000
 20
36.6000
 30
0.0000
 11
88.2000
 21
36.6000
 31
0.0000
  0
LINE
  8
22
 10
88.2000
 20
36.6000
 30
0.0000
 11
88.2000
 21
39.6000
 31
0.0000
  0
LINE
  8
22
 10
85.2000
 20
39.6000
 30
0.0000
 11
85.2000
 21
36.6000
 31
0.0000
  0
CIRCLE
  8
22
 10
87.8000
 20
37.0000
 30
0.0000
 40
0.1414
  0
POINT
  8
24
 10
79.3000
 20
132.8000
 30
0.0000
  0
LINE
  8
22
 10
96.8000
 20
115.3000
 30
0.0000
 11
96.8000
 21
127.0500
 31
0.0000
  0
LINE
  8
22
 10
96.8000
 20
115.3000
 30
0.0000
 11
85.0500
 21
115.3000
 31
0.0000
  0
LINE
  8
22
 10
96.8000
 20
150.3000
 30
0.0000
 11
96.8000
 21
142.5500
 31
0.0000
  0
LINE
  8
22
 10
96.8000
 20
150.3000
 30
0.0000
 11
85.0500
 21
150.3000
 31
0.0000
  0
LINE
  8
22
 10
61.8000
 20
150.3000
 30
0.0000
 11
61.8000
 21
142.5500
 31
0.0000
  0
LINE
  8
22
 10
61.8000
 20
150.3000
 30
0.0000
 11
69.5500
 21
150.3000
 31
0.0000
  0
LINE
  8
22
 10
61.8000
 20
115.3000
 30
0.0000
 11
61.8000
 21
127.0500
 31
0.0000
  0
LINE
  8
22
 10
61.8000
 20
115.3000
 30
0.0000
 11
69.5500
 21
115.3000
 31
0.0000
  0
TEXT
  7
ISOCP
  8
22
 10
63.3000
 20
152.8000
 30
0.0000
 40
1.2700
  1
A
 50
270.0000
 71
2
 72
2
 73
3
 11
63.3000
 21
152.8000
 31
0.0000
  0
TEXT
  7
ISOCP
  8
22
 10
96.3000
 20
152.8000
 30
0.0000
 40
1.2700
  1
AP
 50
270.0000
 71
2
 72
2
 73
3
 11
96.3000
 21
152.8000
 31
0.0000
  0
TEXT
  7
ISOCP
  8
22
 10
61.3000
 20
149.8000
 30
0.0000
 40
1.2700
  1
1
 50
270.0000
 71
2
 72
2
 73
3
 11
61.3000
 21
149.8000
 31
0.0000
  0
TEXT
  7
ISOCP
  8
22
 10
61.3000
 20
116.8000
 30
0.0000
 40
1.2700
  1
34
 50
270.0000
 71
2
 72
2
 73
3
 11
61.3000
 21
116.8000
 31
0.0000
  0
CIRCLE
  8
22
 10
62.8000
 20
150.8000
 30
0.0000
 40
0.1000
  0
POINT
  8
24
 10
66.8000
 20
103.7000
 30
0.0000
  0
LINE
  8
22
 10
67.8668
 20
102.9888
 30
0.0000
 11
65.7332
 21
102.9888
 31
0.0000
  0
LINE
  8
22
 10
65.7332
 20
102.9888
 30
0.0000
 11
65.7332
 21
103.3952
 31
0.0000
  0
LINE
  8
22
 10
65.7332
 20
103.3952
 30
0.0000
 11
65.7332
 21
103.4714
 31
0.0000
  0
LINE
  8
22
 10
65.7332
 20
103.4714
 30
0.0000
 11
65.7332
 21
103.9286
 31
0.0000
  0
LINE
  8
22
 10
65.7332
 20
103.9286
 30
0.0000
 11
65.7332
 21
104.0048
 31
0.0000
  0
LINE
  8
22
 10
65.7332
 20
104.0048
 30
0.0000
 11
65.7332
 21
104.4112
 31
0.0000
  0
ARC
  8
22
 10
65.7332
 20
103.7000
 30
0.0000
 40
0.3048
 50
270.0000
 51
90.0000
  0
LINE
  8
22
 10
67.8668
 20
103.9286
 30
0.0000
 11
67.8668
 21
103.4714
 31
0.0000
  0
LINE
  8
22
 10
66.9270
 20
102.9888
 30
0.0000
 11
66.6730
 21
102.9888
 31
0.0000
  0
LINE
  8
22
 10
65.7332
 20
103.4714
 30
0.0000
 11
65.7332
 21
103.9286
 31
0.0000
  0
LINE
  8
22
 10
67.8668
 20
104.4112
 30
0.0000
 11
67.8668
 21
102.9888
 31
0.0000
  0
LINE
  8
22
 10
65.7332
 20
104.4112
 30
0.0000
 11
67.8668
 21
104.4112
 31
0.0000
  0
POINT
  8
24
 10
104.1000
 20
145.3000
 30
0.0000
  0
LINE
  8
22
 10
110.6000
 20
150.3000
 30
0.0000
 11
110.6000
 21
140.3000
 31
0.0000
  0
LINE
  8
22
 10
110.6000
 20
140.3000
 30
0.0000
 11
97.6000
 21
140.3000
 31
0.0000
  0
LINE
  8
22
 10
97.6000
 20
140.3000
 30
0.0000
 11
97.6000
 21
150.3000
 31
0.0000
  0
LINE
  8
22
 10
97.6000
 20
150.3000
 30
0.0000
 11
110.6000
 21
150.3000
 31
0.0000
  0
LINE
  8
22
 10
97.8000
 20
149.6000
 30
0.0000
 11
98.3000
 21
150.1000
 31
0.0000
  0
LINE
  8
22
 10
97.8000
 20
150.1000
 30
0.0000
 11
97.8000
 21
149.6000
 31
0.0000
  0
LINE
  8
22
 10
98.3000
 20
150.1000
 30
0.0000
 11
97.8000
 21
150.1000
 31
0.0000
  0
TEXT
  7
ISOCP
  8
22
 10
98.9000
 20
151.6000
 30
0.0000
 40
1.2700
  1
A
 50
90.0000
 71
2
  0
TEXT
  7
ISOCP
  8
22
 10
110.6000
 20
151.7000
 30
0.0000
 40
1.2700
  1
T
 50
90.0000
 71
2
  0
TEXT
  7
ISOCP
  8
22
 10
97.3000
 20
149.1000
 30
0.0000
 40
1.2700
  1
1
 50
90.0000
 71
2
  0
TEXT
  7
ISOCP
  8
22
 10
97.3000
 20
142.5000
 30
0.0000
 40
1.2700
  1
9
 50
90.0000
 71
2
  0
POINT
  8
24
 10
104.1000
 20
134.9000
 30
0.0000
  0
LINE
  8
22
 10
110.6000
 20
139.9000
 30
0.0000
 11
110.6000
 21
129.9000
 31
0.0000
  0
LINE
  8
22
 10
110.6000
 20
129.9000
 30
0.0000
 11
97.6000
 21
129.9000
 31
0.0000
  0
LINE
  8
22
 10
97.6000
 20
129.9000
 30
0.0000
 11
97.6000
 21
139.9000
 31
0.0000
  0
LINE
  8
22
 10
97.6000
 20
139.9000
 30
0.0000
 11
110.6000
 21
139.9000
 31
0.0000
  0
LINE
  8
22
 10
97.8000
 20
139.2000
 30
0.0000
 11
98.3000
 21
139.7000
 31
0.0000
  0
LINE
  8
22
 10
97.8000
 20
139.7000
 30
0.0000
 11
97.8000
 21
139.2000
 31
0.0000
  0
LINE
  8
22
 10
98.3000
 20
139.7000
 30
0.0000
 11
97.8000
 21
139.7000
 31
0.0000
  0
TEXT
  7
ISOCP
  8
22
 10
98.9000
 20
141.2000
 30
0.0000
 40
1.2700
  1
A
 50
90.0000
 71
2
  0
TEXT
  7
ISOCP
  8
22
 10
110.6000
 20
141.3000
 30
0.0000
 40
1.2700
  1
T
 50
90.0000
 71
2
  0
TEXT
  7
ISOCP
  8
22
 10
97.3000
 20
138.7000
 30
0.0000
 40
1.2700
  1
1
 50
90.0000
 71
2
  0
TEXT
  7
ISOCP
  8
22
 10
97.3000
 20
132.1000
 30
0.0000
 40
1.2700
  1
9
 50
90.0000
 71
2
  0
POINT
  8
24
 10
104.1000
 20
124.5000
 30
0.0000
  0
LINE
  8
22
 10
110.6000
 20
129.5000
 30
0.0000
 11
110.6000
 21
119.5000
 31
0.0000
  0
LINE
  8
22
 10
110.6000
 20
119.5000
 30
0.0000
 11
97.6000
 21
119.5000
 31
0.0000
  0
LINE
  8
22
 10
97.6000
 20
119.5000
 30
0.0000
 11
97.6000
 21
129.5000
 31
0.0000
  0
LINE
  8
22
 10
97.6000
 20
129.5000
 30
0.0000
 11
110.6000
 21
129.5000
 31
0.0000
  0
LINE
  8
22
 10
97.8000
 20
128.8000
 30
0.0000
 11
98.3000
 21
129.3000
 31
0.0000
  0
LINE
  8
22
 10
97.8000
 20
129.3000
 30
0.0000
 11
97.8000
 21
128.8000
 31
0.0000
  0
LINE
  8
22
 10
98.3000
 20
129.3000
 30
0.0000
 11
97.8000
 21
129.3000
 31
0.0000
  0
TEXT
  7
ISOCP
  8
22
 10
98.9000
 20
130.8000
 30
0.0000
 40
1.2700
  1
A
 50
90.0000
 71
2
  0
TEXT
  7
ISOCP
  8
22
 10
110.6000
 20
130.9000
 30
0.0000
 40
1.2700
  1
T
 50
90.0000
 71
2
  0
TEXT
  7
ISOCP
  8
22
 10
97.3000
 20
128.3000
 30
0.0000
 40
1.2700
  1
1
 50
90.0000
 71
2
  0
TEXT
  7
ISOCP
  8
22
 10
97.3000
 20
121.7000
 30
0.0000
 40
1.2700
  1
9
 50
90.0000
 71
2
  0
POINT
  8
24
 10
104.1000
 20
114.1000
 30
0.0000
  0
LINE
  8
22
 10
110.6000
 20
119.1000
 30
0.0000
 11
110.6000
 21
109.1000
 31
0.0000
  0
LINE
  8
22
 10
110.6000
 20
109.1000
 30
0.0000
 11
97.6000
 21
109.1000
 31
0.0000
  0
LINE
  8
22
 10
97.6000
 20
109.1000
 30
0.0000
 11
97.6000
 21
119.1000
 31
0.0000
  0
LINE
  8
22
 10
97.6000
 20
119.1000
 30
0.0000
 11
110.6000
 21
119.1000
 31
0.0000
  0
LINE
  8
22
 10
97.8000
 20
118.4000
 30
0.0000
 11
98.3000
 21
118.9000
 31
0.0000
  0
LINE
  8
22
 10
97.8000
 20
118.9000
 30
0.0000
 11
97.8000
 21
118.4000
 31
0.0000
  0
LINE
  8
22
 10
98.3000
 20
118.9000
 30
0.0000
 11
97.8000
 21
118.9000
 31
0.0000
  0
TEXT
  7
ISOCP
  8
22
 10
98.9000
 20
120.4000
 30
0.0000
 40
1.2700
  1
A
 50
90.0000
 71
2
  0
TEXT
  7
ISOCP
  8
22
 10
110.6000
 20
120.5000
 30
0.0000
 40
1.2700
  1
T
 50
90.0000
 71
2
  0
TEXT
  7
ISOCP
  8
22
 10
97.3000
 20
117.9000
 30
0.0000
 40
1.2700
  1
1
 50
90.0000
 71
2
  0
TEXT
  7
ISOCP
  8
22
 10
97.3000
 20
111.3000
 30
0.0000
 40
1.2700
  1
9
 50
90.0000
 71
2
  0
POINT
  8
24
 10
90.3000
 20
109.3000
 30
0.0000
  0
LINE
  8
22
 10
83.8000
 20
104.3000
 30
0.0000
 11
83.8000
 21
114.3000
 31
0.0000
  0
LINE
  8
22
 10
83.8000
 20
114.3000
 30
0.0000
 11
96.8000
 21
114.3000
 31
0.0000
  0
LINE
  8
22
 10
96.8000
 20
114.3000
 30
0.0000
 11
96.8000
 21
104.3000
 31
0.0000
  0
LINE
  8
22
 10
96.8000
 20
104.3000
 30
0.0000
 11
83.8000
 21
104.3000
 31
0.0000
  0
LINE
  8
22
 10
96.6000
 20
105.0000
 30
0.0000
 11
96.1000
 21
104.5000
 31
0.0000
  0
LINE
  8
22
 10
96.6000
 20
104.5000
 30
0.0000
 11
96.6000
 21
105.0000
 31
0.0000
  0
LINE
  8
22
 10
96.1000
 20
104.5000
 30
0.0000
 11
96.6000
 21
104.5000
 31
0.0000
  0
TEXT
  7
ISOCP
  8
22
 10
95.5000
 20
103.0000
 30
0.0000
 40
1.2700
  1
A
 50
270.0000
 71
2
  0
TEXT
  7
ISOCP
  8
22
 10
83.8000
 20
102.9000
 30
0.0000
 40
1.2700
  1
T
 50
270.0000
 71
2
  0
TEXT
  7
ISOCP
  8
22
 10
97.1000
 20
105.5000
 30
0.0000
 40
1.2700
  1
1
 50
270.0000
 71
2
  0
TEXT
  7
ISOCP
  8
22
 10
97.1000
 20
112.1000
 30
0.0000
 40
1.2700
  1
9
 50
270.0000
 71
2
  0
POINT
  8
24
 10
91.6000
 20
79.1000
 30
0.0000
  0
LINE
  8
22
 10
87.8662
 20
75.9504
 30
0.0000
 11
87.8662
 21
75.3662
 31
0.0000
  0
LINE
  8
22
 10
87.8662
 20
75.3662
 30
0.0000
 11
88.4504
 21
75.3662
 31
0.0000
  0
LINE
  8
22
 10
95.0290
 20
75.3662
 30
0.0000
 11
95.3338
 21
75.3662
 31
0.0000
  0
LINE
  8
22
 10
95.3338
 20
75.6710
 30
0.0000
 11
95.3338
 21
75.3662
 31
0.0000
  0
LINE
  8
22
 10
95.3338
 20
82.8338
 30
0.0000
 11
95.3338
 21
82.5290
 31
0.0000
  0
LINE
  8
22
 10
95.0290
 20
82.8338
 30
0.0000
 11
95.3338
 21
82.8338
 31
0.0000
  0
LINE
  8
22
 10
87.8662
 20
82.8338
 30
0.0000
 11
87.8662
 21
82.5290
 31
0.0000
  0
LINE
  8
22
 10
87.8662
 20
82.8338
 30
0.0000
 11
88.1710
 21
82.8338
 31
0.0000
  0
ARC
  8
22
 10
88.9203
 20
76.4330
 30
0.0000
 40
0.2921
 50
180.0000
 51
0.0000
  0
ARC
  8
22
 10
88.9203
 20
76.4330
 30
0.0000
 40
0.2921
 50
0.0000
 51
180.0000
  0
POINT
  8
24
 10
141.4500
 20
173.2000
 30
0.0000
  0
LINE
  8
22
 10
148.4500
 20
180.2000
 30
0.0000
 11
134.4500
 21
180.2000
 31
0.0000
  0
LINE
  8
22
 10
134.4500
 20
180.2000
 30
0.0000
 11
134.4500
 21
166.2000
 31
0.0000
  0
LINE
  8
22
 10
148.4500
 20
166.2000
 30
0.0000
 11
148.4500
 21
180.2000
 31
0.0000
  0
LINE
  8
22
 10
134.4500
 20
166.2000
 30
0.0000
 11
148.4500
 21
166.2000
 31
0.0000
  0
TEXT
  7
ISOCP
  8
22
 10
147.4500
 20
181.2000
 30
0.0000
 40
0.6096
  1
N
 71
2
 72
2
 73
3
 11
147.4500
 21
181.2000
 31
0.0000
  0
TEXT
  7
ISOCP
  8
22
 10
149.4500
 20
179.2000
 30
0.0000
 40
0.6096
  1
1
 50
270.0000
 71
2
 72
2
 73
3
 11
149.4500
 21
179.2000
 31
0.0000
  0
TEXT
  7
ISOCP
  8
22
 10
149.4500
 20
167.2000
 30
0.0000
 40
0.6096
  1
13
 50
270.0000
 71
2
 72
2
 73
3
 11
149.4500
 21
167.2000
 31
0.0000
  0
TEXT
  7
ISOCP
  8
22
 10
135.4500
 20
181.2000
 30
0.0000
 40
0.6096
  1
A
 71
2
 72
2
 73
3
 11
135.4500
 21
181.2000
 31
0.0000
  0
POINT
  8
24
 10
72.0000
 20
37.5000
 30
0.0000
  0
LINE
  8
22
 10
75.5000
 20
34.2540
 30
0.0000
 11
75.5000
 21
40.7460
 31
0.0000
  0
ARC
  8
22
 10
75.2460
 20
40.7460
 30
0.0000
 40
0.2540
 50
0.0000
 51
90.0000
  0
LINE
  8
22
 10
75.2460
 20
41.0000
 30
0.0000
 11
68.7540
 21
41.0000
 31
0.0000
  0
ARC
  8
22
 10
68.7540
 20
40.7460
 30
0.0000
 40
0.2540
 50
90.0000
 51
180.0000
  0
LINE
  8
22
 10
68.5000
 20
40.7460
 30
0.0000
 11
68.5000
 21
34.2540
 31
0.0000
  0
ARC
  8
22
 10
68.7540
 20
34.2540
 30
0.0000
 40
0.2540
 50
180.0000
 51
270.0000
  0
LINE
  8
22
 10
68.7540
 20
34.0000
 30
0.0000
 11
75.2460
 21
34.0000
 31
0.0000
  0
ARC
  8
22
 10
75.2460
 20
34.2540
 30
0.0000
 40
0.2540
 50
270.0000
 51
0.0000
  0
LINE
  8
22
 10
70.8600
 20
34.3600
 30
0.0000
 11
70.8600
 21
40.6400
 31
0.0000
  0
POINT
  8
24
 10
85.2000
 20
29.4000
 30
0.0000
  0
LINE
  8
22
 10
88.7000
 20
26.1540
 30
0.0000
 11
88.7000
 21
32.6460
 31
0.0000
  0
ARC
  8
22
 10
88.4460
 20
32.6460
 30
0.0000
 40
0.2540
 50
0.0000
 51
90.0000
  0
LINE
  8
22
 10
88.4460
 20
32.9000
 30
0.0000
 11
81.9540
 21
32.9000
 31
0.0000
  0
ARC
  8
22
 10
81.9540
 20
32.6460
 30
0.0000
 40
0.2540
 50
90.0000
 51
180.0000
  0
LINE
  8
22
 10
81.7000
 20
32.6460
 30
0.0000
 11
81.7000
 21
26.1540
 31
0.0000
  0
ARC
  8
22
 10
81.9540
 20
26.1540
 30
0.0000
 40
0.2540
 50
180.0000
 51
270.0000
  0
LINE
  8
22
 10
81.9540
 20
25.9000
 30
0.0000
 11
88.4460
 21
25.9000
 31
0.0000
  0
ARC
  8
22
 10
88.4460
 20
26.1540
 30
0.0000
 40
0.2540
 50
270.0000
 51
0.0000
  0
LINE
  8
22
 10
84.0600
 20
26.2600
 30
0.0000
 11
84.0600
 21
32.5400
 31
0.0000
  0
POINT
  8
24
 10
65.2000
 20
14.0000
 30
0.0000
  0
LINE
  8
22
 10
62.9540
 20
11.3500
 30
0.0000
 11
67.4460
 21
11.3500
 31
0.0000
  0
ARC
  8
22
 10
67.4460
 20
11.6040
 30
0.0000
 40
0.2540
 50
270.0000
 51
0.0000
  0
LINE
  8
22
 10
67.7000
 20
11.6040
 30
0.0000
 11
67.7000
 21
16.3960
 31
0.0000
  0
ARC
  8
22
 10
67.4460
 20
16.3960
 30
0.0000
 40
0.2540
 50
0.0000
 51
90.0000
  0
LINE
  8
22
 10
67.4460
 20
16.6500
 30
0.0000
 11
62.9540
 21
16.6500
 31
0.0000
  0
ARC
  8
22
 10
62.9540
 20
16.3960
 30
0.0000
 40
0.2540
 50
90.0000
 51
180.0000
  0
LINE
  8
22
 10
62.7000
 20
16.3960
 30
0.0000
 11
62.7000
 21
11.6040
 31
0.0000
  0
ARC
  8
22
 10
62.9540
 20
11.6040
 30
0.0000
 40
0.2540
 50
180.0000
 51
270.0000
  0
LINE
  8
22
 10
63.0600
 20
14.8400
 30
0.0000
 11
67.3400
 21
14.8400
 31
0.0000
  0
POINT
  8
24
 10
103.9000
 20
42.1000
 30
0.0000
  0
LINE
  8
22
 10
105.5000
 20
40.8500
 30
0.0000
 11
105.5000
 21
43.3500
 31
0.0000
  0
LINE
  8
22
 10
102.3000
 20
43.3500
 30
0.0000
 11
102.3000
 21
40.8500
 31
0.0000
  0
LINE
  8
22
 10
102.3000
 20
40.8500
 30
0.0000
 11
105.5000
 21
40.8500
 31
0.0000
  0
LINE
  8
22
 10
105.5000
 20
43.3500
 30
0.0000
 11
102.3000
 21
43.3500
 31
0.0000
  0
POINT
  8
24
 10
103.9000
 20
49.7000
 30
0.0000
  0
LINE
  8
22
 10
105.5000
 20
48.4500
 30
0.0000
 11
105.5000
 21
50.9500
 31
0.0000
  0
LINE
  8
22
 10
102.3000
 20
50.9500
 30
0.0000
 11
102.3000
 21
48.4500
 31
0.0000
  0
LINE
  8
22
 10
102.3000
 20
48.4500
 30
0.0000
 11
105.5000
 21
48.4500
 31
0.0000
  0
LINE
  8
22
 10
105.5000
 20
50.9500
 30
0.0000
 11
102.3000
 21
50.9500
 31
0.0000
  0
POINT
  8
24
 10
90.5000
 20
42.1000
 30
0.0000
  0
LINE
  8
22
 10
88.9000
 20
43.3500
 30
0.0000
 11
88.9000
 21
40.8500
 31
0.0000
  0
LINE
  8
22
 10
92.1000
 20
40.8500
 30
0.0000
 11
92.1000
 21
43.3500
 31
0.0000
  0
LINE
  8
22
 10
92.1000
 20
43.3500
 30
0.0000
 11
88.9000
 21
43.3500
 31
0.0000
  0
LINE
  8
22
 10
88.9000
 20
40.8500
 30
0.0000
 11
92.1000
 21
40.8500
 31
0.0000
  0
POINT
  8
24
 10
90.5000
 20
49.7000
 30
0.0000
  0
LINE
  8
22
 10
88.9000
 20
50.9500
 30
0.0000
 11
88.9000
 21
48.4500
 31
0.0000
  0
LINE
  8
22
 10
92.1000
 20
48.4500
 30
0.0000
 11
92.1000
 21
50.9500
 31
0.0000
  0
LINE
  8
22
 10
92.1000
 20
50.9500
 30
0.0000
 11
88.9000
 21
50.9500
 31
0.0000
  0
LINE
  8
22
 10
88.9000
 20
48.4500
 30
0.0000
 11
92.1000
 21
48.4500
 31
0.0000
  0
POINT
  8
24
 10
99.6000
 20
40.0000
 30
0.0000
  0
LINE
  8
22
 10
101.2000
 20
38.7500
 30
0.0000
 11
101.2000
 21
41.2500
 31
0.0000
  0
LINE
  8
22
 10
98.0000
 20
41.2500
 30
0.0000
 11
98.0000
 21
38.7500
 31
0.0000
  0
LINE
  8
22
 10
98.0000
 20
38.7500
 30
0.0000
 11
101.2000
 21
38.7500
 31
0.0000
  0
LINE
  8
22
 10
101.2000
 20
41.2500
 30
0.0000
 11
98.0000
 21
41.2500
 31
0.0000
  0
POINT
  8
24
 10
91.9000
 20
14.4000
 30
0.0000
  0
LINE
  8
22
 10
89.9000
 20
16.4000
 30
0.0000
 11
89.9000
 21
12.4000
 31
0.0000
  0
LINE
  8
22
 10
89.9000
 20
12.4000
 30
0.0000
 11
93.9000
 21
12.4000
 31
0.0000
  0
LINE
  8
22
 10
93.9000
 20
12.4000
 30
0.0000
 11
93.9000
 21
16.4000
 31
0.0000
  0
LINE
  8
22
 10
93.9000
 20
16.4000
 30
0.0000
 11
89.9000
 21
16.4000
 31
0.0000
  0
LINE
  8
22
 10
90.2600
 20
14.8400
 30
0.0000
 11
93.6400
 21
14.8400
 31
0.0000
  0
POINT
  8
24
 10
94.2000
 20
30.9000
 30
0.0000
  0
LINE
  8
22
 10
96.2000
 20
32.9000
 30
0.0000
 11
92.2000
 21
32.9000
 31
0.0000
  0
LINE
  8
22
 10
92.2000
 20
32.9000
 30
0.0000
 11
92.2000
 21
28.9000
 31
0.0000
  0
LINE
  8
22
 10
92.2000
 20
28.9000
 30
0.0000
 11
96.2000
 21
28.9000
 31
0.0000
  0
LINE
  8
22
 10
96.2000
 20
28.9000
 30
0.0000
 11
96.2000
 21
32.9000
 31
0.0000
  0
LINE
  8
22
 10
94.6400
 20
32.5400
 30
0.0000
 11
94.6400
 21
29.1600
 31
0.0000
  0
POINT
  8
24
 10
78.0000
 20
13.6000
 30
0.0000
  0
LINE
  8
22
 10
76.0000
 20
15.6000
 30
0.0000
 11
76.0000
 21
11.6000
 31
0.0000
  0
LINE
  8
22
 10
76.0000
 20
11.6000
 30
0.0000
 11
80.0000
 21
11.6000
 31
0.0000
  0
LINE
  8
22
 10
80.0000
 20
11.6000
 30
0.0000
 11
80.0000
 21
15.6000
 31
0.0000
  0
LINE
  8
22
 10
80.0000
 20
15.6000
 30
0.0000
 11
76.0000
 21
15.6000
 31
0.0000
  0
LINE
  8
22
 10
76.3600
 20
14.0400
 30
0.0000
 11
79.7400
 21
14.0400
 31
0.0000
  0
POINT
  8
24
 10
80.1000
 20
177.0000
 30
0.0000
  0
LINE
  8
22
 10
79.1000
 20
176.2000
 30
0.0000
 11
81.1000
 21
176.2000
 31
0.0000
  0
LINE
  8
22
 10
81.1000
 20
176.2000
 30
0.0000
 11
81.1000
 21
177.8000
 31
0.0000
  0
LINE
  8
22
 10
79.1000
 20
177.8000
 30
0.0000
 11
79.1000
 21
176.2000
 31
0.0000
  0
LINE
  8
22
 10
81.1000
 20
177.8000
 30
0.0000
 11
79.1000
 21
177.8000
 31
0.0000
  0
POINT
  8
24
 10
79.2000
 20
164.3000
 30
0.0000
  0
LINE
  8
22
 10
78.2000
 20
163.5000
 30
0.0000
 11
80.2000
 21
163.5000
 31
0.0000
  0
LINE
  8
22
 10
80.2000
 20
163.5000
 30
0.0000
 11
80.2000
 21
165.1000
 31
0.0000
  0
LINE
  8
22
 10
78.2000
 20
165.1000
 30
0.0000
 11
78.2000
 21
163.5000
 31
0.0000
  0
LINE
  8
22
 10
80.2000
 20
165.1000
 30
0.0000
 11
78.2000
 21
165.1000
 31
0.0000
  0
POINT
  8
24
 10
84.3000
 20
170.6000
 30
0.0000
  0
LINE
  8
22
 10
85.1000
 20
169.6000
 30
0.0000
 11
85.1000
 21
171.6000
 31
0.0000
  0
LINE
  8
22
 10
85.1000
 20
171.6000
 30
0.0000
 11
83.5000
 21
171.6000
 31
0.0000
  0
LINE
  8
22
 10
83.5000
 20
169.6000
 30
0.0000
 11
85.1000
 21
169.6000
 31
0.0000
  0
LINE
  8
22
 10
83.5000
 20
171.6000
 30
0.0000
 11
83.5000
 21
169.6000
 31
0.0000
  0
POINT
  8
24
 10
158.3000
 20
182.2000
 30
0.0000
  0
CIRCLE
  8
20
 10
158.3000
 20
182.2000
 30
0.0000
 40
1.5000
  0
POINT
  8
24
 10
129.9000
 20
164.2000
 30
0.0000
  0
CIRCLE
  8
20
 10
129.9000
 20
164.2000
 30
0.0000
 40
1.5000
  0
POINT
  8
24
 10
129.9000
 20
182.2000
 30
0.0000
  0
CIRCLE
  8
20
 10
129.9000
 20
182.2000
 30
0.0000
 40
1.5000
  0
POINT
  8
24
 10
158.3000
 20
164.2000
 30
0.0000
  0
CIRCLE
  8
20
 10
158.3000
 20
164.2000
 30
0.0000
 40
1.5000
  0
POINT
  8
24
 10
73.1000
 20
45.2000
 30
0.0000
  0
LINE
  8
22
 10
76.2750
 20
42.5076
 30
0.0000
 11
74.3446
 21
42.5076
 31
0.0000
  0
LINE
  8
22
 10
69.9250
 20
47.8924
 30
0.0000
 11
72.7698
 21
47.8924
 31
0.0000
  0
LINE
  8
22
 10
74.3446
 20
47.8924
 30
0.0000
 11
76.2750
 21
47.8924
 31
0.0000
  0
LINE
  8
22
 10
72.7698
 20
42.5076
 30
0.0000
 11
69.9250
 21
42.5076
 31
0.0000
  0
ARC
  8
22
 10
76.9161
 20
47.1050
 30
0.0000
 40
0.3852
 50
261.5000
 51
98.5000
  0
POINT
  8
24
 10
78.6000
 20
35.2000
 30
0.0000
  0
LINE
  8
22
 10
75.9076
 20
32.0250
 30
0.0000
 11
75.9076
 21
33.9554
 31
0.0000
  0
LINE
  8
22
 10
81.2924
 20
38.3750
 30
0.0000
 11
81.2924
 21
35.5302
 31
0.0000
  0
LINE
  8
22
 10
81.2924
 20
33.9554
 30
0.0000
 11
81.2924
 21
32.0250
 31
0.0000
  0
LINE
  8
22
 10
75.9076
 20
35.5302
 30
0.0000
 11
75.9076
 21
38.3750
 31
0.0000
  0
ARC
  8
22
 10
80.5050
 20
31.3839
 30
0.0000
 40
0.3852
 50
171.5000
 51
8.5000
  0
POINT
  8
24
 10
78.6000
 20
28.4000
 30
0.0000
  0
LINE
  8
22
 10
75.9076
 20
25.2250
 30
0.0000
 11
75.9076
 21
27.1554
 31
0.0000
  0
LINE
  8
22
 10
81.2924
 20
31.5750
 30
0.0000
 11
81.2924
 21
28.7302
 31
0.0000
  0
LINE
  8
22
 10
81.2924
 20
27.1554
 30
0.0000
 11
81.2924
 21
25.2250
 31
0.0000
  0
LINE
  8
22
 10
75.9076
 20
28.7302
 30
0.0000
 11
75.9076
 21
31.5750
 31
0.0000
  0
ARC
  8
22
 10
80.5050
 20
24.5839
 30
0.0000
 40
0.3852
 50
171.5000
 51
8.5000
  0
POINT
  8
24
 10
76.9000
 20
179.2000
 30
0.0000
  0
LINE
  8
22
 10
78.5500
 20
177.5500
 30
0.0000
 11
78.5500
 21
180.8500
 31
0.0000
  0
LINE
  8
22
 10
75.2500
 20
180.8500
 30
0.0000
 11
75.2500
 21
177.5500
 31
0.0000
  0
LINE
  8
22
 10
75.2500
 20
177.5500
 30
0.0000
 11
78.5500
 21
177.5500
 31
0.0000
  0
LINE
  8
22
 10
78.5500
 20
180.8500
 30
0.0000
 11
75.2500
 21
180.8500
 31
0.0000
  0
CIRCLE
  8
22
 10
76.1500
 20
177.9000
 30
0.0000
 40
0.1000
  0
POINT
  8
24
 10
70.6000
 20
185.7000
 30
0.0000
  0
LINE
  8
22
 10
70.3750
 20
184.8500
 30
0.0000
 11
71.0250
 21
184.8500
 31
0.0000
  0
LINE
  8
22
 10
71.0250
 20
186.5500
 30
0.0000
 11
70.3750
 21
186.5500
 31
0.0000
  0
LINE
  8
22
 10
71.0250
 20
184.8500
 30
0.0000
 11
71.0250
 21
185.2820
 31
0.0000
  0
LINE
  8
22
 10
70.1750
 20
185.7520
 30
0.0000
 11
70.1750
 21
185.6480
 31
0.0000
  0
LINE
  8
22
 10
71.0250
 20
186.1180
 30
0.0000
 11
71.0250
 21
186.5500
 31
0.0000
  0
POINT
  8
24
 10
67.5000
 20
107.6000
 30
0.0000
  0
LINE
  8
22
 10
68.3500
 20
107.3750
 30
0.0000
 11
68.3500
 21
108.0250
 31
0.0000
  0
LINE
  8
22
 10
66.6500
 20
108.0250
 30
0.0000
 11
66.6500
 21
107.3750
 31
0.0000
  0
LINE
  8
22
 10
68.3500
 20
108.0250
 30
0.0000
 11
67.9180
 21
108.0250
 31
0.0000
  0
LINE
  8
22
 10
67.4480
 20
107.1750
 30
0.0000
 11
67.5520
 21
107.1750
 31
0.0000
  0
LINE
  8
22
 10
67.0820
 20
108.0250
 30
0.0000
 11
66.6500
 21
108.0250
 31
0.0000
  0
POINT
  8
24
 10
65.6000
 20
107.6000
 30
0.0000
  0
LINE
  8
22
 10
66.4500
 20
107.3750
 30
0.0000
 11
66.4500
 21
108.0250
 31
0.0000
  0
LINE
  8
22
 10
64.7500
 20
108.0250
 30
0.0000
 11
64.7500
 21
107.3750
 31
0.0000
  0
LINE
  8
22
 10
66.4500
 20
108.0250
 30
0.0000
 11
66.0180
 21
108.0250
 31
0.0000
  0
LINE
  8
22
 10
65.5480
 20
107.1750
 30
0.0000
 11
65.6520
 21
107.1750
 31
0.0000
  0
LINE
  8
22
 10
65.1820
 20
108.0250
 30
0.0000
 11
64.7500
 21
108.0250
 31
0.0000
  0
POINT
  8
24
 10
69.0000
 20
87.0000
 30
0.0000
  0
LINE
  8
22
 10
69.2250
 20
87.8500
 30
0.0000
 11
68.5750
 21
87.8500
 31
0.0000
  0
LINE
  8
22
 10
68.5750
 20
86.1500
 30
0.0000
 11
69.2250
 21
86.1500
 31
0.0000
  0
LINE
  8
22
 10
68.5750
 20
87.8500
 30
0.0000
 11
68.5750
 21
87.4180
 31
0.0000
  0
LINE
  8
22
 10
69.4250
 20
86.9480
 30
0.0000
 11
69.4250
 21
87.0520
 31
0.0000
  0
LINE
  8
22
 10
68.5750
 20
86.5820
 30
0.0000
 11
68.5750
 21
86.1500
 31
0.0000
  0
POINT
  8
24
 10
78.0000
 20
87.1000
 30
0.0000
  0
LINE
  8
22
 10
78.2250
 20
87.9500
 30
0.0000
 11
77.5750
 21
87.9500
 31
0.0000
  0
LINE
  8
22
 10
77.5750
 20
86.2500
 30
0.0000
 11
78.2250
 21
86.2500
 31
0.0000
  0
LINE
  8
22
 10
77.5750
 20
87.9500
 30
0.0000
 11
77.5750
 21
87.5180
 31
0.0000
  0
LINE
  8
22
 10
78.4250
 20
87.0480
 30
0.0000
 11
78.4250
 21
87.1520
 31
0.0000
  0
LINE
  8
22
 10
77.5750
 20
86.6820
 30
0.0000
 11
77.5750
 21
86.2500
 31
0.0000
  0
POINT
  8
24
 10
102.2000
 20
90.5000
 30
0.0000
  0
LINE
  8
22
 10
102.4250
 20
91.3500
 30
0.0000
 11
101.7750
 21
91.3500
 31
0.0000
  0
LINE
  8
22
 10
101.7750
 20
89.6500
 30
0.0000
 11
102.4250
 21
89.6500
 31
0.0000
  0
LINE
  8
22
 10
101.7750
 20
91.3500
 30
0.0000
 11
101.7750
 21
90.9180
 31
0.0000
  0
LINE
  8
22
 10
102.6250
 20
90.4480
 30
0.0000
 11
102.6250
 21
90.5520
 31
0.0000
  0
LINE
  8
22
 10
101.7750
 20
90.0820
 30
0.0000
 11
101.7750
 21
89.6500
 31
0.0000
  0
POINT
  8
24
 10
102.2000
 20
88.2000
 30
0.0000
  0
LINE
  8
22
 10
102.4250
 20
89.0500
 30
0.0000
 11
101.7750
 21
89.0500
 31
0.0000
  0
LINE
  8
22
 10
101.7750
 20
87.3500
 30
0.0000
 11
102.4250
 21
87.3500
 31
0.0000
  0
LINE
  8
22
 10
101.7750
 20
89.0500
 30
0.0000
 11
101.7750
 21
88.6180
 31
0.0000
  0
LINE
  8
22
 10
102.6250
 20
88.1480
 30
0.0000
 11
102.6250
 21
88.2520
 31
0.0000
  0
LINE
  8
22
 10
101.7750
 20
87.7820
 30
0.0000
 11
101.7750
 21
87.3500
 31
0.0000
  0
POINT
  8
24
 10
70.2000
 20
180.6000
 30
0.0000
  0
LINE
  8
22
 10
72.6892
 20
181.7430
 30
0.0000
 11
67.7108
 21
181.7430
 31
0.0000
  0
LINE
  8
22
 10
67.7108
 20
181.7430
 30
0.0000
 11
67.7108
 21
179.4570
 31
0.0000
  0
LINE
  8
22
 10
67.7108
 20
179.4570
 30
0.0000
 11
72.6892
 21
179.4570
 31
0.0000
  0
LINE
  8
22
 10
72.6892
 20
179.4570
 30
0.0000
 11
72.6892
 21
181.7430
 31
0.0000
  0
POINT
  8
24
 10
74.0000
 20
49.4000
 30
0.0000
  0
LINE
  8
22
 10
76.9000
 20
50.5000
 30
0.0000
 11
71.1000
 21
50.5000
 31
0.0000
  0
LINE
  8
22
 10
71.1000
 20
50.5000
 30
0.0000
 11
71.1000
 21
48.3000
 31
0.0000
  0
LINE
  8
22
 10
71.1000
 20
48.3000
 30
0.0000
 11
76.9000
 21
48.3000
 31
0.0000
  0
LINE
  8
22
 10
76.9000
 20
48.3000
 30
0.0000
 11
76.9000
 21
50.5000
 31
0.0000
  0
POINT
  8
24
 10
61.5000
 20
31.3000
 30
0.0000
  0
LINE
  8
22
 10
62.6430
 20
28.8108
 30
0.0000
 11
62.6430
 21
33.7892
 31
0.0000
  0
LINE
  8
22
 10
62.6430
 20
33.7892
 30
0.0000
 11
60.3570
 21
33.7892
 31
0.0000
  0
LINE
  8
22
 10
60.3570
 20
33.7892
 30
0.0000
 11
60.3570
 21
28.8108
 31
0.0000
  0
LINE
  8
22
 10
60.3570
 20
28.8108
 30
0.0000
 11
62.6430
 21
28.8108
 31
0.0000
  0
POINT
  8
24
 10
64.1000
 20
31.3000
 30
0.0000
  0
LINE
  8
22
 10
65.2430
 20
28.8108
 30
0.0000
 11
65.2430
 21
33.7892
 31
0.0000
  0
LINE
  8
22
 10
65.2430
 20
33.7892
 30
0.0000
 11
62.9570
 21
33.7892
 31
0.0000
  0
LINE
  8
22
 10
62.9570
 20
33.7892
 30
0.0000
 11
62.9570
 21
28.8108
 31
0.0000
  0
LINE
  8
22
 10
62.9570
 20
28.8108
 30
0.0000
 11
65.2430
 21
28.8108
 31
0.0000
  0
POINT
  8
24
 10
72.7000
 20
184.6000
 30
0.0000
  0
LINE
  8
22
 10
71.6840
 20
184.0920
 30
0.0000
 11
73.7160
 21
184.0920
 31
0.0000
  0
LINE
  8
22
 10
73.7160
 20
184.0920
 30
0.0000
 11
73.7160
 21
185.1080
 31
0.0000
  0
LINE
  8
22
 10
73.7160
 20
185.1080
 30
0.0000
 11
71.6840
 21
185.1080
 31
0.0000
  0
LINE
  8
22
 10
71.6840
 20
185.1080
 30
0.0000
 11
71.6840
 21
184.0920
 31
0.0000
  0
POINT
  8
24
 10
72.7000
 20
185.7000
 30
0.0000
  0
LINE
  8
22
 10
73.7160
 20
186.2080
 30
0.0000
 11
71.6840
 21
186.2080
 31
0.0000
  0
LINE
  8
22
 10
71.6840
 20
186.2080
 30
0.0000
 11
71.6840
 21
185.1920
 31
0.0000
  0
LINE
  8
22
 10
71.6840
 20
185.1920
 30
0.0000
 11
73.7160
 21
185.1920
 31
0.0000
  0
LINE
  8
22
 10
73.7160
 20
185.1920
 30
0.0000
 11
73.7160
 21
186.2080
 31
0.0000
  0
POINT
  8
24
 10
69.0000
 20
185.7000
 30
0.0000
  0
LINE
  8
22
 10
69.5080
 20
184.6840
 30
0.0000
 11
69.5080
 21
186.7160
 31
0.0000
  0
LINE
  8
22
 10
69.5080
 20
186.7160
 30
0.0000
 11
68.4920
 21
186.7160
 31
0.0000
  0
LINE
  8
22
 10
68.4920
 20
186.7160
 30
0.0000
 11
68.4920
 21
184.6840
 31
0.0000
  0
LINE
  8
22
 10
68.4920
 20
184.6840
 30
0.0000
 11
69.5080
 21
184.6840
 31
0.0000
  0
POINT
  8
24
 10
63.7000
 20
19.6000
 30
0.0000
  0
LINE
  8
22
 10
64.7160
 20
20.1080
 30
0.0000
 11
62.6840
 21
20.1080
 31
0.0000
  0
LINE
  8
22
 10
62.6840
 20
20.1080
 30
0.0000
 11
62.6840
 21
19.0920
 31
0.0000
  0
LINE
  8
22
 10
62.6840
 20
19.0920
 30
0.0000
 11
64.7160
 21
19.0920
 31
0.0000
  0
LINE
  8
22
 10
64.7160
 20
19.0920
 30
0.0000
 11
64.7160
 21
20.1080
 31
0.0000
  0
POINT
  8
24
 10
70.5000
 20
19.7000
 30
0.0000
  0
LINE
  8
22
 10
71.5160
 20
20.2080
 30
0.0000
 11
69.4840
 21
20.2080
 31
0.0000
  0
LINE
  8
22
 10
69.4840
 20
20.2080
 30
0.0000
 11
69.4840
 21
19.1920
 31
0.0000
  0
LINE
  8
22
 10
69.4840
 20
19.1920
 30
0.0000
 11
71.5160
 21
19.1920
 31
0.0000
  0
LINE
  8
22
 10
71.5160
 20
19.1920
 30
0.0000
 11
71.5160
 21
20.2080
 31
0.0000
  0
POINT
  8
24
 10
63.7000
 20
20.6000
 30
0.0000
  0
LINE
  8
22
 10
64.7160
 20
21.1080
 30
0.0000
 11
62.6840
 21
21.1080
 31
0.0000
  0
LINE
  8
22
 10
62.6840
 20
21.1080
 30
0.0000
 11
62.6840
 21
20.0920
 31
0.0000
  0
LINE
  8
22
 10
62.6840
 20
20.0920
 30
0.0000
 11
64.7160
 21
20.0920
 31
0.0000
  0
LINE
  8
22
 10
64.7160
 20
20.0920
 30
0.0000
 11
64.7160
 21
21.1080
 31
0.0000
  0
POINT
  8
24
 10
70.5000
 20
18.7000
 30
0.0000
  0
LINE
  8
22
 10
71.5160
 20
19.2080
 30
0.0000
 11
69.4840
 21
19.2080
 31
0.0000
  0
LINE
  8
22
 10
69.4840
 20
19.2080
 30
0.0000
 11
69.4840
 21
18.1920
 31
0.0000
  0
LINE
  8
22
 10
69.4840
 20
18.1920
 30
0.0000
 11
71.5160
 21
18.1920
 31
0.0000
  0
LINE
  8
22
 10
71.5160
 20
18.1920
 30
0.0000
 11
71.5160
 21
19.2080
 31
0.0000
  0
POINT
  8
24
 10
101.1000
 20
16.8000
 30
0.0000
  0
LINE
  8
22
 10
101.6080
 20
15.7840
 30
0.0000
 11
101.6080
 21
17.8160
 31
0.0000
  0
LINE
  8
22
 10
101.6080
 20
17.8160
 30
0.0000
 11
100.5920
 21
17.8160
 31
0.0000
  0
LINE
  8
22
 10
100.5920
 20
17.8160
 30
0.0000
 11
100.5920
 21
15.7840
 31
0.0000
  0
LINE
  8
22
 10
100.5920
 20
15.7840
 30
0.0000
 11
101.6080
 21
15.7840
 31
0.0000
  0
POINT
  8
24
 10
74.6000
 20
18.3000
 30
0.0000
  0
LINE
  8
22
 10
75.6160
 20
18.8080
 30
0.0000
 11
73.5840
 21
18.8080
 31
0.0000
  0
LINE
  8
22
 10
73.5840
 20
18.8080
 30
0.0000
 11
73.5840
 21
17.7920
 31
0.0000
  0
LINE
  8
22
 10
73.5840
 20
17.7920
 30
0.0000
 11
75.6160
 21
17.7920
 31
0.0000
  0
LINE
  8
22
 10
75.6160
 20
17.7920
 30
0.0000
 11
75.6160
 21
18.8080
 31
0.0000
  0
POINT
  8
24
 10
81.4000
 20
16.8000
 30
0.0000
  0
LINE
  8
22
 10
82.4160
 20
17.3080
 30
0.0000
 11
80.3840
 21
17.3080
 31
0.0000
  0
LINE
  8
22
 10
80.3840
 20
17.3080
 30
0.0000
 11
80.3840
 21
16.2920
 31
0.0000
  0
LINE
  8
22
 10
80.3840
 20
16.2920
 30
0.0000
 11
82.4160
 21
16.2920
 31
0.0000
  0
LINE
  8
22
 10
82.4160
 20
16.2920
 30
0.0000
 11
82.4160
 21
17.3080
 31
0.0000
  0
POINT
  8
24
 10
80.9000
 20
18.3000
 30
0.0000
  0
LINE
  8
22
 10
80.3920
 20
19.3160
 30
0.0000
 11
80.3920
 21
17.2840
 31
0.0000
  0
LINE
  8
22
 10
80.3920
 20
17.2840
 30
0.0000
 11
81.4080
 21
17.2840
 31
0.0000
  0
LINE
  8
22
 10
81.4080
 20
17.2840
 30
0.0000
 11
81.4080
 21
19.3160
 31
0.0000
  0
LINE
  8
22
 10
81.4080
 20
19.3160
 30
0.0000
 11
80.3920
 21
19.3160
 31
0.0000
  0
POINT
  8
24
 10
80.9000
 20
20.3000
 30
0.0000
  0
LINE
  8
22
 10
80.3920
 20
21.3160
 30
0.0000
 11
80.3920
 21
19.2840
 31
0.0000
  0
LINE
  8
22
 10
80.3920
 20
19.2840
 30
0.0000
 11
81.4080
 21
19.2840
 31
0.0000
  0
LINE
  8
22
 10
81.4080
 20
19.2840
 30
0.0000
 11
81.4080
 21
21.3160
 31
0.0000
  0
LINE
  8
22
 10
81.4080
 20
21.3160
 30
0.0000
 11
80.3920
 21
21.3160
 31
0.0000
  0
POINT
  8
24
 10
74.8000
 20
168.0000
 30
0.0000
  0
LINE
  8
22
 10
75.8160
 20
168.5080
 30
0.0000
 11
73.7840
 21
168.5080
 31
0.0000
  0
LINE
  8
22
 10
73.7840
 20
168.5080
 30
0.0000
 11
73.7840
 21
167.4920
 31
0.0000
  0
LINE
  8
22
 10
73.7840
 20
167.4920
 30
0.0000
 11
75.8160
 21
167.4920
 31
0.0000
  0
LINE
  8
22
 10
75.8160
 20
167.4920
 30
0.0000
 11
75.8160
 21
168.5080
 31
0.0000
  0
POINT
  8
24
 10
74.8000
 20
169.0000
 30
0.0000
  0
LINE
  8
22
 10
75.8160
 20
169.5080
 30
0.0000
 11
73.7840
 21
169.5080
 31
0.0000
  0
LINE
  8
22
 10
73.7840
 20
169.5080
 30
0.0000
 11
73.7840
 21
168.4920
 31
0.0000
  0
LINE
  8
22
 10
73.7840
 20
168.4920
 30
0.0000
 11
75.8160
 21
168.4920
 31
0.0000
  0
LINE
  8
22
 10
75.8160
 20
168.4920
 30
0.0000
 11
75.8160
 21
169.5080
 31
0.0000
  0
POINT
  8
24
 10
84.4000
 20
38.6000
 30
0.0000
  0
LINE
  8
22
 10
84.9080
 20
37.5840
 30
0.0000
 11
84.9080
 21
39.6160
 31
0.0000
  0
LINE
  8
22
 10
84.9080
 20
39.6160
 30
0.0000
 11
83.8920
 21
39.6160
 31
0.0000
  0
LINE
  8
22
 10
83.8920
 20
39.6160
 30
0.0000
 11
83.8920
 21
37.5840
 31
0.0000
  0
LINE
  8
22
 10
83.8920
 20
37.5840
 30
0.0000
 11
84.9080
 21
37.5840
 31
0.0000
  0
POINT
  8
24
 10
87.2000
 20
35.6000
 30
0.0000
  0
LINE
  8
22
 10
86.1840
 20
35.0920
 30
0.0000
 11
88.2160
 21
35.0920
 31
0.0000
  0
LINE
  8
22
 10
88.2160
 20
35.0920
 30
0.0000
 11
88.2160
 21
36.1080
 31
0.0000
  0
LINE
  8
22
 10
88.2160
 20
36.1080
 30
0.0000
 11
86.1840
 21
36.1080
 31
0.0000
  0
LINE
  8
22
 10
86.1840
 20
36.1080
 30
0.0000
 11
86.1840
 21
35.0920
 31
0.0000
  0
POINT
  8
24
 10
85.2000
 20
35.6000
 30
0.0000
  0
LINE
  8
22
 10
84.1840
 20
35.0920
 30
0.0000
 11
86.2160
 21
35.0920
 31
0.0000
  0
LINE
  8
22
 10
86.2160
 20
35.0920
 30
0.0000
 11
86.2160
 21
36.1080
 31
0.0000
  0
LINE
  8
22
 10
86.2160
 20
36.1080
 30
0.0000
 11
84.1840
 21
36.1080
 31
0.0000
  0
LINE
  8
22
 10
84.1840
 20
36.1080
 30
0.0000
 11
84.1840
 21
35.0920
 31
0.0000
  0
POINT
  8
24
 10
62.7000
 20
110.4000
 30
0.0000
  0
LINE
  8
22
 10
63.7160
 20
110.9080
 30
0.0000
 11
61.6840
 21
110.9080
 31
0.0000
  0
LINE
  8
22
 10
61.6840
 20
110.9080
 30
0.0000
 11
61.6840
 21
109.8920
 31
0.0000
  0
LINE
  8
22
 10
61.6840
 20
109.8920
 30
0.0000
 11
63.7160
 21
109.8920
 31
0.0000
  0
LINE
  8
22
 10
63.7160
 20
109.8920
 30
0.0000
 11
63.7160
 21
110.9080
 31
0.0000
  0
POINT
  8
24
 10
62.7000
 20
109.4000
 30
0.0000
  0
LINE
  8
22
 10
61.6840
 20
108.8920
 30
0.0000
 11
63.7160
 21
108.8920
 31
0.0000
  0
LINE
  8
22
 10
63.7160
 20
108.8920
 30
0.0000
 11
63.7160
 21
109.9080
 31
0.0000
  0
LINE
  8
22
 10
63.7160
 20
109.9080
 30
0.0000
 11
61.6840
 21
109.9080
 31
0.0000
  0
LINE
  8
22
 10
61.6840
 20
109.9080
 30
0.0000
 11
61.6840
 21
108.8920
 31
0.0000
  0
POINT
  8
24
 10
64.7000
 20
109.4000
 30
0.0000
  0
LINE
  8
22
 10
65.7160
 20
109.9080
 30
0.0000
 11
63.6840
 21
109.9080
 31
0.0000
  0
LINE
  8
22
 10
63.6840
 20
109.9080
 30
0.0000
 11
63.6840
 21
108.8920
 31
0.0000
  0
LINE
  8
22
 10
63.6840
 20
108.8920
 30
0.0000
 11
65.7160
 21
108.8920
 31
0.0000
  0
LINE
  8
22
 10
65.7160
 20
108.8920
 30
0.0000
 11
65.7160
 21
109.9080
 31
0.0000
  0
POINT
  8
24
 10
64.7000
 20
110.4000
 30
0.0000
  0
LINE
  8
22
 10
65.7160
 20
110.9080
 30
0.0000
 11
63.6840
 21
110.9080
 31
0.0000
  0
LINE
  8
22
 10
63.6840
 20
110.9080
 30
0.0000
 11
63.6840
 21
109.8920
 31
0.0000
  0
LINE
  8
22
 10
63.6840
 20
109.8920
 30
0.0000
 11
65.7160
 21
109.8920
 31
0.0000
  0
LINE
  8
22
 10
65.7160
 20
109.8920
 30
0.0000
 11
65.7160
 21
110.9080
 31
0.0000
  0
POINT
  8
24
 10
64.7000
 20
111.4000
 30
0.0000
  0
LINE
  8
22
 10
65.7160
 20
111.9080
 30
0.0000
 11
63.6840
 21
111.9080
 31
0.0000
  0
LINE
  8
22
 10
63.6840
 20
111.9080
 30
0.0000
 11
63.6840
 21
110.8920
 31
0.0000
  0
LINE
  8
22
 10
63.6840
 20
110.8920
 30
0.0000
 11
65.7160
 21
110.8920
 31
0.0000
  0
LINE
  8
22
 10
65.7160
 20
110.8920
 30
0.0000
 11
65.7160
 21
111.9080
 31
0.0000
  0
POINT
  8
24
 10
61.2000
 20
110.9000
 30
0.0000
  0
LINE
  8
22
 10
60.6920
 20
111.9160
 30
0.0000
 11
60.6920
 21
109.8840
 31
0.0000
  0
LINE
  8
22
 10
60.6920
 20
109.8840
 30
0.0000
 11
61.7080
 21
109.8840
 31
0.0000
  0
LINE
  8
22
 10
61.7080
 20
109.8840
 30
0.0000
 11
61.7080
 21
111.9160
 31
0.0000
  0
LINE
  8
22
 10
61.7080
 20
111.9160
 30
0.0000
 11
60.6920
 21
111.9160
 31
0.0000
  0
POINT
  8
24
 10
66.5000
 20
105.9000
 30
0.0000
  0
LINE
  8
22
 10
65.4840
 20
105.3920
 30
0.0000
 11
67.5160
 21
105.3920
 31
0.0000
  0
LINE
  8
22
 10
67.5160
 20
105.3920
 30
0.0000
 11
67.5160
 21
106.4080
 31
0.0000
  0
LINE
  8
22
 10
67.5160
 20
106.4080
 30
0.0000
 11
65.4840
 21
106.4080
 31
0.0000
  0
LINE
  8
22
 10
65.4840
 20
106.4080
 30
0.0000
 11
65.4840
 21
105.3920
 31
0.0000
  0
POINT
  8
24
 10
64.5000
 20
103.9000
 30
0.0000
  0
LINE
  8
22
 10
63.4840
 20
103.3920
 30
0.0000
 11
65.5160
 21
103.3920
 31
0.0000
  0
LINE
  8
22
 10
65.5160
 20
103.3920
 30
0.0000
 11
65.5160
 21
104.4080
 31
0.0000
  0
LINE
  8
22
 10
65.5160
 20
104.4080
 30
0.0000
 11
63.4840
 21
104.4080
 31
0.0000
  0
LINE
  8
22
 10
63.4840
 20
104.4080
 30
0.0000
 11
63.4840
 21
103.3920
 31
0.0000
  0
POINT
  8
24
 10
64.5000
 20
105.9000
 30
0.0000
  0
LINE
  8
22
 10
63.4840
 20
105.3920
 30
0.0000
 11
65.5160
 21
105.3920
 31
0.0000
  0
LINE
  8
22
 10
65.5160
 20
105.3920
 30
0.0000
 11
65.5160
 21
106.4080
 31
0.0000
  0
LINE
  8
22
 10
65.5160
 20
106.4080
 30
0.0000
 11
63.4840
 21
106.4080
 31
0.0000
  0
LINE
  8
22
 10
63.4840
 20
106.4080
 30
0.0000
 11
63.4840
 21
105.3920
 31
0.0000
  0
POINT
  8
24
 10
68.5000
 20
105.9000
 30
0.0000
  0
LINE
  8
22
 10
67.4840
 20
105.3920
 30
0.0000
 11
69.5160
 21
105.3920
 31
0.0000
  0
LINE
  8
22
 10
69.5160
 20
105.3920
 30
0.0000
 11
69.5160
 21
106.4080
 31
0.0000
  0
LINE
  8
22
 10
69.5160
 20
106.4080
 30
0.0000
 11
67.4840
 21
106.4080
 31
0.0000
  0
LINE
  8
22
 10
67.4840
 20
106.4080
 30
0.0000
 11
67.4840
 21
105.3920
 31
0.0000
  0
POINT
  8
24
 10
69.1000
 20
107.7000
 30
0.0000
  0
LINE
  8
22
 10
68.5920
 20
108.7160
 30
0.0000
 11
68.5920
 21
106.6840
 31
0.0000
  0
LINE
  8
22
 10
68.5920
 20
106.6840
 30
0.0000
 11
69.6080
 21
106.6840
 31
0.0000
  0
LINE
  8
22
 10
69.6080
 20
106.6840
 30
0.0000
 11
69.6080
 21
108.7160
 31
0.0000
  0
LINE
  8
22
 10
69.6080
 20
108.7160
 30
0.0000
 11
68.5920
 21
108.7160
 31
0.0000
  0
POINT
  8
24
 10
70.5000
 20
87.0000
 30
0.0000
  0
LINE
  8
22
 10
71.0080
 20
85.9840
 30
0.0000
 11
71.0080
 21
88.0160
 31
0.0000
  0
LINE
  8
22
 10
71.0080
 20
88.0160
 30
0.0000
 11
69.9920
 21
88.0160
 31
0.0000
  0
LINE
  8
22
 10
69.9920
 20
88.0160
 30
0.0000
 11
69.9920
 21
85.9840
 31
0.0000
  0
LINE
  8
22
 10
69.9920
 20
85.9840
 30
0.0000
 11
71.0080
 21
85.9840
 31
0.0000
  0
POINT
  8
24
 10
90.1000
 20
88.8000
 30
0.0000
  0
LINE
  8
22
 10
89.5920
 20
89.8160
 30
0.0000
 11
89.5920
 21
87.7840
 31
0.0000
  0
LINE
  8
22
 10
89.5920
 20
87.7840
 30
0.0000
 11
90.6080
 21
87.7840
 31
0.0000
  0
LINE
  8
22
 10
90.6080
 20
87.7840
 30
0.0000
 11
90.6080
 21
89.8160
 31
0.0000
  0
LINE
  8
22
 10
90.6080
 20
89.8160
 30
0.0000
 11
89.5920
 21
89.8160
 31
0.0000
  0
POINT
  8
24
 10
88.6000
 20
87.7000
 30
0.0000
  0
LINE
  8
22
 10
87.5840
 20
87.1920
 30
0.0000
 11
89.6160
 21
87.1920
 31
0.0000
  0
LINE
  8
22
 10
89.6160
 20
87.1920
 30
0.0000
 11
89.6160
 21
88.2080
 31
0.0000
  0
LINE
  8
22
 10
89.6160
 20
88.2080
 30
0.0000
 11
87.5840
 21
88.2080
 31
0.0000
  0
LINE
  8
22
 10
87.5840
 20
88.2080
 30
0.0000
 11
87.5840
 21
87.1920
 31
0.0000
  0
POINT
  8
24
 10
69.5000
 20
89.2000
 30
0.0000
  0
LINE
  8
22
 10
70.0080
 20
88.1840
 30
0.0000
 11
70.0080
 21
90.2160
 31
0.0000
  0
LINE
  8
22
 10
70.0080
 20
90.2160
 30
0.0000
 11
68.9920
 21
90.2160
 31
0.0000
  0
LINE
  8
22
 10
68.9920
 20
90.2160
 30
0.0000
 11
68.9920
 21
88.1840
 31
0.0000
  0
LINE
  8
22
 10
68.9920
 20
88.1840
 30
0.0000
 11
70.0080
 21
88.1840
 31
0.0000
  0
POINT
  8
24
 10
69.5000
 20
91.2000
 30
0.0000
  0
LINE
  8
22
 10
68.9920
 20
92.2160
 30
0.0000
 11
68.9920
 21
90.1840
 31
0.0000
  0
LINE
  8
22
 10
68.9920
 20
90.1840
 30
0.0000
 11
70.0080
 21
90.1840
 31
0.0000
  0
LINE
  8
22
 10
70.0080
 20
90.1840
 30
0.0000
 11
70.0080
 21
92.2160
 31
0.0000
  0
LINE
  8
22
 10
70.0080
 20
92.2160
 30
0.0000
 11
68.9920
 21
92.2160
 31
0.0000
  0
POINT
  8
24
 10
72.1000
 20
89.6000
 30
0.0000
  0
LINE
  8
22
 10
73.9542
 20
90.4890
 30
0.0000
 11
70.2458
 21
90.4890
 31
0.0000
  0
LINE
  8
22
 10
70.2458
 20
90.4890
 30
0.0000
 11
70.2458
 21
88.7110
 31
0.0000
  0
LINE
  8
22
 10
70.2458
 20
88.7110
 30
0.0000
 11
73.9542
 21
88.7110
 31
0.0000
  0
LINE
  8
22
 10
73.9542
 20
88.7110
 30
0.0000
 11
73.9542
 21
90.4890
 31
0.0000
  0
POINT
  8
24
 10
72.1000
 20
91.4000
 30
0.0000
  0
LINE
  8
22
 10
70.2458
 20
90.5110
 30
0.0000
 11
73.9542
 21
90.5110
 31
0.0000
  0
LINE
  8
22
 10
73.9542
 20
90.5110
 30
0.0000
 11
73.9542
 21
92.2890
 31
0.0000
  0
LINE
  8
22
 10
73.9542
 20
92.2890
 30
0.0000
 11
70.2458
 21
92.2890
 31
0.0000
  0
LINE
  8
22
 10
70.2458
 20
92.2890
 30
0.0000
 11
70.2458
 21
90.5110
 31
0.0000
  0
POINT
  8
24
 10
80.7000
 20
87.1000
 30
0.0000
  0
LINE
  8
22
 10
81.2080
 20
86.0840
 30
0.0000
 11
81.2080
 21
88.1160
 31
0.0000
  0
LINE
  8
22
 10
81.2080
 20
88.1160
 30
0.0000
 11
80.1920
 21
88.1160
 31
0.0000
  0
LINE
  8
22
 10
80.1920
 20
88.1160
 30
0.0000
 11
80.1920
 21
86.0840
 31
0.0000
  0
LINE
  8
22
 10
80.1920
 20
86.0840
 30
0.0000
 11
81.2080
 21
86.0840
 31
0.0000
  0
POINT
  8
24
 10
94.0000
 20
88.8000
 30
0.0000
  0
LINE
  8
22
 10
93.4920
 20
89.8160
 30
0.0000
 11
93.4920
 21
87.7840
 31
0.0000
  0
LINE
  8
22
 10
93.4920
 20
87.7840
 30
0.0000
 11
94.5080
 21
87.7840
 31
0.0000
  0
LINE
  8
22
 10
94.5080
 20
87.7840
 30
0.0000
 11
94.5080
 21
89.8160
 31
0.0000
  0
LINE
  8
22
 10
94.5080
 20
89.8160
 30
0.0000
 11
93.4920
 21
89.8160
 31
0.0000
  0
POINT
  8
24
 10
92.5000
 20
87.7000
 30
0.0000
  0
LINE
  8
22
 10
91.4840
 20
87.1920
 30
0.0000
 11
93.5160
 21
87.1920
 31
0.0000
  0
LINE
  8
22
 10
93.5160
 20
87.1920
 30
0.0000
 11
93.5160
 21
88.2080
 31
0.0000
  0
LINE
  8
22
 10
93.5160
 20
88.2080
 30
0.0000
 11
91.4840
 21
88.2080
 31
0.0000
  0
LINE
  8
22
 10
91.4840
 20
88.2080
 30
0.0000
 11
91.4840
 21
87.1920
 31
0.0000
  0
POINT
  8
24
 10
75.9000
 20
89.9000
 30
0.0000
  0
LINE
  8
22
 10
76.9160
 20
90.4080
 30
0.0000
 11
74.8840
 21
90.4080
 31
0.0000
  0
LINE
  8
22
 10
74.8840
 20
90.4080
 30
0.0000
 11
74.8840
 21
89.3920
 31
0.0000
  0
LINE
  8
22
 10
74.8840
 20
89.3920
 30
0.0000
 11
76.9160
 21
89.3920
 31
0.0000
  0
LINE
  8
22
 10
76.9160
 20
89.3920
 30
0.0000
 11
76.9160
 21
90.4080
 31
0.0000
  0
POINT
  8
24
 10
75.9000
 20
90.9000
 30
0.0000
  0
LINE
  8
22
 10
76.9160
 20
91.4080
 30
0.0000
 11
74.8840
 21
91.4080
 31
0.0000
  0
LINE
  8
22
 10
74.8840
 20
91.4080
 30
0.0000
 11
74.8840
 21
90.3920
 31
0.0000
  0
LINE
  8
22
 10
74.8840
 20
90.3920
 30
0.0000
 11
76.9160
 21
90.3920
 31
0.0000
  0
LINE
  8
22
 10
76.9160
 20
90.3920
 30
0.0000
 11
76.9160
 21
91.4080
 31
0.0000
  0
POINT
  8
24
 10
79.7000
 20
89.6000
 30
0.0000
  0
LINE
  8
22
 10
81.5542
 20
90.4890
 30
0.0000
 11
77.8458
 21
90.4890
 31
0.0000
  0
LINE
  8
22
 10
77.8458
 20
90.4890
 30
0.0000
 11
77.8458
 21
88.7110
 31
0.0000
  0
LINE
  8
22
 10
77.8458
 20
88.7110
 30
0.0000
 11
81.5542
 21
88.7110
 31
0.0000
  0
LINE
  8
22
 10
81.5542
 20
88.7110
 30
0.0000
 11
81.5542
 21
90.4890
 31
0.0000
  0
POINT
  8
24
 10
79.7000
 20
91.4000
 30
0.0000
  0
LINE
  8
22
 10
77.8458
 20
90.5110
 30
0.0000
 11
81.5542
 21
90.5110
 31
0.0000
  0
LINE
  8
22
 10
81.5542
 20
90.5110
 30
0.0000
 11
81.5542
 21
92.2890
 31
0.0000
  0
LINE
  8
22
 10
81.5542
 20
92.2890
 30
0.0000
 11
77.8458
 21
92.2890
 31
0.0000
  0
LINE
  8
22
 10
77.8458
 20
92.2890
 30
0.0000
 11
77.8458
 21
90.5110
 31
0.0000
  0
POINT
  8
24
 10
103.9000
 20
90.5000
 30
0.0000
  0
LINE
  8
22
 10
104.4080
 20
89.4840
 30
0.0000
 11
104.4080
 21
91.5160
 31
0.0000
  0
LINE
  8
22
 10
104.4080
 20
91.5160
 30
0.0000
 11
103.3920
 21
91.5160
 31
0.0000
  0
LINE
  8
22
 10
103.3920
 20
91.5160
 30
0.0000
 11
103.3920
 21
89.4840
 31
0.0000
  0
LINE
  8
22
 10
103.3920
 20
89.4840
 30
0.0000
 11
104.4080
 21
89.4840
 31
0.0000
  0
POINT
  8
24
 10
103.9000
 20
88.2000
 30
0.0000
  0
LINE
  8
22
 10
104.4080
 20
87.1840
 30
0.0000
 11
104.4080
 21
89.2160
 31
0.0000
  0
LINE
  8
22
 10
104.4080
 20
89.2160
 30
0.0000
 11
103.3920
 21
89.2160
 31
0.0000
  0
LINE
  8
22
 10
103.3920
 20
89.2160
 30
0.0000
 11
103.3920
 21
87.1840
 31
0.0000
  0
LINE
  8
22
 10
103.3920
 20
87.1840
 30
0.0000
 11
104.4080
 21
87.1840
 31
0.0000
  0
POINT
  8
24
 10
107.7000
 20
86.1000
 30
0.0000
  0
LINE
  8
22
 10
107.1920
 20
87.1160
 30
0.0000
 11
107.1920
 21
85.0840
 31
0.0000
  0
LINE
  8
22
 10
107.1920
 20
85.0840
 30
0.0000
 11
108.2080
 21
85.0840
 31
0.0000
  0
LINE
  8
22
 10
108.2080
 20
85.0840
 30
0.0000
 11
108.2080
 21
87.1160
 31
0.0000
  0
LINE
  8
22
 10
108.2080
 20
87.1160
 30
0.0000
 11
107.1920
 21
87.1160
 31
0.0000
  0
POINT
  8
24
 10
107.2000
 20
87.6000
 30
0.0000
  0
LINE
  8
22
 10
106.1840
 20
87.0920
 30
0.0000
 11
108.2160
 21
87.0920
 31
0.0000
  0
LINE
  8
22
 10
108.2160
 20
87.0920
 30
0.0000
 11
108.2160
 21
88.1080
 31
0.0000
  0
LINE
  8
22
 10
108.2160
 20
88.1080
 30
0.0000
 11
106.1840
 21
88.1080
 31
0.0000
  0
LINE
  8
22
 10
106.1840
 20
88.1080
 30
0.0000
 11
106.1840
 21
87.0920
 31
0.0000
  0
POINT
  8
24
 10
108.7000
 20
86.1000
 30
0.0000
  0
LINE
  8
22
 10
109.2080
 20
85.0840
 30
0.0000
 11
109.2080
 21
87.1160
 31
0.0000
  0
LINE
  8
22
 10
109.2080
 20
87.1160
 30
0.0000
 11
108.1920
 21
87.1160
 31
0.0000
  0
LINE
  8
22
 10
108.1920
 20
87.1160
 30
0.0000
 11
108.1920
 21
85.0840
 31
0.0000
  0
LINE
  8
22
 10
108.1920
 20
85.0840
 30
0.0000
 11
109.2080
 21
85.0840
 31
0.0000
  0
POINT
  8
24
 10
100.5000
 20
89.7000
 30
0.0000
  0
LINE
  8
22
 10
101.0080
 20
88.6840
 30
0.0000
 11
101.0080
 21
90.7160
 31
0.0000
  0
LINE
  8
22
 10
101.0080
 20
90.7160
 30
0.0000
 11
99.9920
 21
90.7160
 31
0.0000
  0
LINE
  8
22
 10
99.9920
 20
90.7160
 30
0.0000
 11
99.9920
 21
88.6840
 31
0.0000
  0
LINE
  8
22
 10
99.9920
 20
88.6840
 30
0.0000
 11
101.0080
 21
88.6840
 31
0.0000
  0
POINT
  8
24
 10
100.5000
 20
87.6000
 30
0.0000
  0
LINE
  8
22
 10
99.9920
 20
88.6160
 30
0.0000
 11
99.9920
 21
86.5840
 31
0.0000
  0
LINE
  8
22
 10
99.9920
 20
86.5840
 30
0.0000
 11
101.0080
 21
86.5840
 31
0.0000
  0
LINE
  8
22
 10
101.0080
 20
86.5840
 30
0.0000
 11
101.0080
 21
88.6160
 31
0.0000
  0
LINE
  8
22
 10
101.0080
 20
88.6160
 30
0.0000
 11
99.9920
 21
88.6160
 31
0.0000
  0
POINT
  8
24
 10
95.3000
 20
88.0000
 30
0.0000
  0
LINE
  8
22
 10
94.6650
 20
89.3970
 30
0.0000
 11
94.6650
 21
86.6030
 31
0.0000
  0
LINE
  8
22
 10
94.6650
 20
86.6030
 30
0.0000
 11
95.9350
 21
86.6030
 31
0.0000
  0
LINE
  8
22
 10
95.9350
 20
86.6030
 30
0.0000
 11
95.9350
 21
89.3970
 31
0.0000
  0
LINE
  8
22
 10
95.9350
 20
89.3970
 30
0.0000
 11
94.6650
 21
89.3970
 31
0.0000
  0
POINT
  8
24
 10
96.7000
 20
88.0000
 30
0.0000
  0
LINE
  8
22
 10
96.0650
 20
89.3970
 30
0.0000
 11
96.0650
 21
86.6030
 31
0.0000
  0
LINE
  8
22
 10
96.0650
 20
86.6030
 30
0.0000
 11
97.3350
 21
86.6030
 31
0.0000
  0
LINE
  8
22
 10
97.3350
 20
86.6030
 30
0.0000
 11
97.3350
 21
89.3970
 31
0.0000
  0
LINE
  8
22
 10
97.3350
 20
89.3970
 30
0.0000
 11
96.0650
 21
89.3970
 31
0.0000
  0
POINT
  8
24
 10
95.3000
 20
85.0000
 30
0.0000
  0
LINE
  8
22
 10
94.6650
 20
86.3970
 30
0.0000
 11
94.6650
 21
83.6030
 31
0.0000
  0
LINE
  8
22
 10
94.6650
 20
83.6030
 30
0.0000
 11
95.9350
 21
83.6030
 31
0.0000
  0
LINE
  8
22
 10
95.9350
 20
83.6030
 30
0.0000
 11
95.9350
 21
86.3970
 31
0.0000
  0
LINE
  8
22
 10
95.9350
 20
86.3970
 30
0.0000
 11
94.6650
 21
86.3970
 31
0.0000
  0
POINT
  8
24
 10
96.7000
 20
85.0000
 30
0.0000
  0
LINE
  8
22
 10
96.0650
 20
86.3970
 30
0.0000
 11
96.0650
 21
83.6030
 31
0.0000
  0
LINE
  8
22
 10
96.0650
 20
83.6030
 30
0.0000
 11
97.3350
 21
83.6030
 31
0.0000
  0
LINE
  8
22
 10
97.3350
 20
83.6030
 30
0.0000
 11
97.3350
 21
86.3970
 31
0.0000
  0
LINE
  8
22
 10
97.3350
 20
86.3970
 30
0.0000
 11
96.0650
 21
86.3970
 31
0.0000
  0
POINT
  8
24
 10
98.7000
 20
89.7000
 30
0.0000
  0
LINE
  8
22
 10
98.1920
 20
90.7160
 30
0.0000
 11
98.1920
 21
88.6840
 31
0.0000
  0
LINE
  8
22
 10
98.1920
 20
88.6840
 30
0.0000
 11
99.2080
 21
88.6840
 31
0.0000
  0
LINE
  8
22
 10
99.2080
 20
88.6840
 30
0.0000
 11
99.2080
 21
90.7160
 31
0.0000
  0
LINE
  8
22
 10
99.2080
 20
90.7160
 30
0.0000
 11
98.1920
 21
90.7160
 31
0.0000
  0
POINT
  8
24
 10
98.7000
 20
87.6000
 30
0.0000
  0
LINE
  8
22
 10
98.1920
 20
88.6160
 30
0.0000
 11
98.1920
 21
86.5840
 31
0.0000
  0
LINE
  8
22
 10
98.1920
 20
86.5840
 30
0.0000
 11
99.2080
 21
86.5840
 31
0.0000
  0
LINE
  8
22
 10
99.2080
 20
86.5840
 30
0.0000
 11
99.2080
 21
88.6160
 31
0.0000
  0
LINE
  8
22
 10
99.2080
 20
88.6160
 30
0.0000
 11
98.1920
 21
88.6160
 31
0.0000
  0
POINT
  8
24
 10
101.5000
 20
82.9000
 30
0.0000
  0
LINE
  8
22
 10
102.5160
 20
83.4080
 30
0.0000
 11
100.4840
 21
83.4080
 31
0.0000
  0
LINE
  8
22
 10
100.4840
 20
83.4080
 30
0.0000
 11
100.4840
 21
82.3920
 31
0.0000
  0
LINE
  8
22
 10
100.4840
 20
82.3920
 30
0.0000
 11
102.5160
 21
82.3920
 31
0.0000
  0
LINE
  8
22
 10
102.5160
 20
82.3920
 30
0.0000
 11
102.5160
 21
83.4080
 31
0.0000
  0
POINT
  8
24
 10
98.0000
 20
82.4000
 30
0.0000
  0
LINE
  8
22
 10
98.5080
 20
81.3840
 30
0.0000
 11
98.5080
 21
83.4160
 31
0.0000
  0
LINE
  8
22
 10
98.5080
 20
83.4160
 30
0.0000
 11
97.4920
 21
83.4160
 31
0.0000
  0
LINE
  8
22
 10
97.4920
 20
83.4160
 30
0.0000
 11
97.4920
 21
81.3840
 31
0.0000
  0
LINE
  8
22
 10
97.4920
 20
81.3840
 30
0.0000
 11
98.5080
 21
81.3840
 31
0.0000
  0
POINT
  8
24
 10
103.0000
 20
82.4000
 30
0.0000
  0
LINE
  8
22
 10
103.5080
 20
81.3840
 30
0.0000
 11
103.5080
 21
83.4160
 31
0.0000
  0
LINE
  8
22
 10
103.5080
 20
83.4160
 30
0.0000
 11
102.4920
 21
83.4160
 31
0.0000
  0
LINE
  8
22
 10
102.4920
 20
83.4160
 30
0.0000
 11
102.4920
 21
81.3840
 31
0.0000
  0
LINE
  8
22
 10
102.4920
 20
81.3840
 30
0.0000
 11
103.5080
 21
81.3840
 31
0.0000
  0
POINT
  8
24
 10
98.9000
 20
79.3000
 30
0.0000
  0
LINE
  8
22
 10
99.4080
 20
78.2840
 30
0.0000
 11
99.4080
 21
80.3160
 31
0.0000
  0
LINE
  8
22
 10
99.4080
 20
80.3160
 30
0.0000
 11
98.3920
 21
80.3160
 31
0.0000
  0
LINE
  8
22
 10
98.3920
 20
80.3160
 30
0.0000
 11
98.3920
 21
78.2840
 31
0.0000
  0
LINE
  8
22
 10
98.3920
 20
78.2840
 30
0.0000
 11
99.4080
 21
78.2840
 31
0.0000
  0
POINT
  8
24
 10
92.3000
 20
85.1000
 30
0.0000
  0
LINE
  8
22
 10
91.7920
 20
86.1160
 30
0.0000
 11
91.7920
 21
84.0840
 31
0.0000
  0
LINE
  8
22
 10
91.7920
 20
84.0840
 30
0.0000
 11
92.8080
 21
84.0840
 31
0.0000
  0
LINE
  8
22
 10
92.8080
 20
84.0840
 30
0.0000
 11
92.8080
 21
86.1160
 31
0.0000
  0
LINE
  8
22
 10
92.8080
 20
86.1160
 30
0.0000
 11
91.7920
 21
86.1160
 31
0.0000
  0
POINT
  8
24
 10
96.6000
 20
77.3000
 30
0.0000
  0
LINE
  8
22
 10
95.5840
 20
76.7920
 30
0.0000
 11
97.6160
 21
76.7920
 31
0.0000
  0
LINE
  8
22
 10
97.6160
 20
76.7920
 30
0.0000
 11
97.6160
 21
77.8080
 31
0.0000
  0
LINE
  8
22
 10
97.6160
 20
77.8080
 30
0.0000
 11
95.5840
 21
77.8080
 31
0.0000
  0
LINE
  8
22
 10
95.5840
 20
77.8080
 30
0.0000
 11
95.5840
 21
76.7920
 31
0.0000
  0
POINT
  8
24
 10
96.6000
 20
76.3000
 30
0.0000
  0
LINE
  8
22
 10
97.6160
 20
76.8080
 30
0.0000
 11
95.5840
 21
76.8080
 31
0.0000
  0
LINE
  8
22
 10
95.5840
 20
76.8080
 30
0.0000
 11
95.5840
 21
75.7920
 31
0.0000
  0
LINE
  8
22
 10
95.5840
 20
75.7920
 30
0.0000
 11
97.6160
 21
75.7920
 31
0.0000
  0
LINE
  8
22
 10
97.6160
 20
75.7920
 30
0.0000
 11
97.6160
 21
76.8080
 31
0.0000
  0
POINT
  8
24
 10
96.1000
 20
78.8000
 30
0.0000
  0
LINE
  8
22
 10
96.6080
 20
77.7840
 30
0.0000
 11
96.6080
 21
79.8160
 31
0.0000
  0
LINE
  8
22
 10
96.6080
 20
79.8160
 30
0.0000
 11
95.5920
 21
79.8160
 31
0.0000
  0
LINE
  8
22
 10
95.5920
 20
79.8160
 30
0.0000
 11
95.5920
 21
77.7840
 31
0.0000
  0
LINE
  8
22
 10
95.5920
 20
77.7840
 30
0.0000
 11
96.6080
 21
77.7840
 31
0.0000
  0
POINT
  8
24
 10
97.1000
 20
78.8000
 30
0.0000
  0
LINE
  8
22
 10
96.5920
 20
79.8160
 30
0.0000
 11
96.5920
 21
77.7840
 31
0.0000
  0
LINE
  8
22
 10
96.5920
 20
77.7840
 30
0.0000
 11
97.6080
 21
77.7840
 31
0.0000
  0
LINE
  8
22
 10
97.6080
 20
77.7840
 30
0.0000
 11
97.6080
 21
79.8160
 31
0.0000
  0
LINE
  8
22
 10
97.6080
 20
79.8160
 30
0.0000
 11
96.5920
 21
79.8160
 31
0.0000
  0
POINT
  8
24
 10
96.8000
 20
72.8000
 30
0.0000
  0
LINE
  8
22
 10
96.2920
 20
73.8160
 30
0.0000
 11
96.2920
 21
71.7840
 31
0.0000
  0
LINE
  8
22
 10
96.2920
 20
71.7840
 30
0.0000
 11
97.3080
 21
71.7840
 31
0.0000
  0
LINE
  8
22
 10
97.3080
 20
71.7840
 30
0.0000
 11
97.3080
 21
73.8160
 31
0.0000
  0
LINE
  8
22
 10
97.3080
 20
73.8160
 30
0.0000
 11
96.2920
 21
73.8160
 31
0.0000
  0
POINT
  8
24
 10
95.8000
 20
72.8000
 30
0.0000
  0
LINE
  8
22
 10
96.3080
 20
71.7840
 30
0.0000
 11
96.3080
 21
73.8160
 31
0.0000
  0
LINE
  8
22
 10
96.3080
 20
73.8160
 30
0.0000
 11
95.2920
 21
73.8160
 31
0.0000
  0
LINE
  8
22
 10
95.2920
 20
73.8160
 30
0.0000
 11
95.2920
 21
71.7840
 31
0.0000
  0
LINE
  8
22
 10
95.2920
 20
71.7840
 30
0.0000
 11
96.3080
 21
71.7840
 31
0.0000
  0
POINT
  8
24
 10
89.8000
 20
72.8000
 30
0.0000
  0
LINE
  8
22
 10
89.2920
 20
73.8160
 30
0.0000
 11
89.2920
 21
71.7840
 31
0.0000
  0
LINE
  8
22
 10
89.2920
 20
71.7840
 30
0.0000
 11
90.3080
 21
71.7840
 31
0.0000
  0
LINE
  8
22
 10
90.3080
 20
71.7840
 30
0.0000
 11
90.3080
 21
73.8160
 31
0.0000
  0
LINE
  8
22
 10
90.3080
 20
73.8160
 30
0.0000
 11
89.2920
 21
73.8160
 31
0.0000
  0
POINT
  8
24
 10
88.8000
 20
72.8000
 30
0.0000
  0
LINE
  8
22
 10
88.2920
 20
73.8160
 30
0.0000
 11
88.2920
 21
71.7840
 31
0.0000
  0
LINE
  8
22
 10
88.2920
 20
71.7840
 30
0.0000
 11
89.3080
 21
71.7840
 31
0.0000
  0
LINE
  8
22
 10
89.3080
 20
71.7840
 30
0.0000
 11
89.3080
 21
73.8160
 31
0.0000
  0
LINE
  8
22
 10
89.3080
 20
73.8160
 30
0.0000
 11
88.2920
 21
73.8160
 31
0.0000
  0
POINT
  8
24
 10
86.5000
 20
85.1000
 30
0.0000
  0
LINE
  8
22
 10
87.0080
 20
84.0840
 30
0.0000
 11
87.0080
 21
86.1160
 31
0.0000
  0
LINE
  8
22
 10
87.0080
 20
86.1160
 30
0.0000
 11
85.9920
 21
86.1160
 31
0.0000
  0
LINE
  8
22
 10
85.9920
 20
86.1160
 30
0.0000
 11
85.9920
 21
84.0840
 31
0.0000
  0
LINE
  8
22
 10
85.9920
 20
84.0840
 30
0.0000
 11
87.0080
 21
84.0840
 31
0.0000
  0
POINT
  8
24
 10
91.3000
 20
85.1000
 30
0.0000
  0
LINE
  8
22
 10
91.8080
 20
84.0840
 30
0.0000
 11
91.8080
 21
86.1160
 31
0.0000
  0
LINE
  8
22
 10
91.8080
 20
86.1160
 30
0.0000
 11
90.7920
 21
86.1160
 31
0.0000
  0
LINE
  8
22
 10
90.7920
 20
86.1160
 30
0.0000
 11
90.7920
 21
84.0840
 31
0.0000
  0
LINE
  8
22
 10
90.7920
 20
84.0840
 30
0.0000
 11
91.8080
 21
84.0840
 31
0.0000
  0
POINT
  8
24
 10
68.0000
 20
85.4000
 30
0.0000
  0
LINE
  8
22
 10
69.0160
 20
85.9080
 30
0.0000
 11
66.9840
 21
85.9080
 31
0.0000
  0
LINE
  8
22
 10
66.9840
 20
85.9080
 30
0.0000
 11
66.9840
 21
84.8920
 31
0.0000
  0
LINE
  8
22
 10
66.9840
 20
84.8920
 30
0.0000
 11
69.0160
 21
84.8920
 31
0.0000
  0
LINE
  8
22
 10
69.0160
 20
84.8920
 30
0.0000
 11
69.0160
 21
85.9080
 31
0.0000
  0
POINT
  8
24
 10
68.0000
 20
82.4000
 30
0.0000
  0
LINE
  8
22
 10
69.0160
 20
82.9080
 30
0.0000
 11
66.9840
 21
82.9080
 31
0.0000
  0
LINE
  8
22
 10
66.9840
 20
82.9080
 30
0.0000
 11
66.9840
 21
81.8920
 31
0.0000
  0
LINE
  8
22
 10
66.9840
 20
81.8920
 30
0.0000
 11
69.0160
 21
81.8920
 31
0.0000
  0
LINE
  8
22
 10
69.0160
 20
81.8920
 30
0.0000
 11
69.0160
 21
82.9080
 31
0.0000
  0
POINT
  8
24
 10
68.0000
 20
79.4000
 30
0.0000
  0
LINE
  8
22
 10
69.0160
 20
79.9080
 30
0.0000
 11
66.9840
 21
79.9080
 31
0.0000
  0
LINE
  8
22
 10
66.9840
 20
79.9080
 30
0.0000
 11
66.9840
 21
78.8920
 31
0.0000
  0
LINE
  8
22
 10
66.9840
 20
78.8920
 30
0.0000
 11
69.0160
 21
78.8920
 31
0.0000
  0
LINE
  8
22
 10
69.0160
 20
78.8920
 30
0.0000
 11
69.0160
 21
79.9080
 31
0.0000
  0
POINT
  8
24
 10
68.0000
 20
76.5000
 30
0.0000
  0
LINE
  8
22
 10
69.0160
 20
77.0080
 30
0.0000
 11
66.9840
 21
77.0080
 31
0.0000
  0
LINE
  8
22
 10
66.9840
 20
77.0080
 30
0.0000
 11
66.9840
 21
75.9920
 31
0.0000
  0
LINE
  8
22
 10
66.9840
 20
75.9920
 30
0.0000
 11
69.0160
 21
75.9920
 31
0.0000
  0
LINE
  8
22
 10
69.0160
 20
75.9920
 30
0.0000
 11
69.0160
 21
77.0080
 31
0.0000
  0
POINT
  8
24
 10
93.8000
 20
72.8000
 30
0.0000
  0
LINE
  8
22
 10
93.2920
 20
73.8160
 30
0.0000
 11
93.2920
 21
71.7840
 31
0.0000
  0
LINE
  8
22
 10
93.2920
 20
71.7840
 30
0.0000
 11
94.3080
 21
71.7840
 31
0.0000
  0
LINE
  8
22
 10
94.3080
 20
71.7840
 30
0.0000
 11
94.3080
 21
73.8160
 31
0.0000
  0
LINE
  8
22
 10
94.3080
 20
73.8160
 30
0.0000
 11
93.2920
 21
73.8160
 31
0.0000
  0
POINT
  8
24
 10
94.8000
 20
72.8000
 30
0.0000
  0
LINE
  8
22
 10
95.3080
 20
71.7840
 30
0.0000
 11
95.3080
 21
73.8160
 31
0.0000
  0
LINE
  8
22
 10
95.3080
 20
73.8160
 30
0.0000
 11
94.2920
 21
73.8160
 31
0.0000
  0
LINE
  8
22
 10
94.2920
 20
73.8160
 30
0.0000
 11
94.2920
 21
71.7840
 31
0.0000
  0
LINE
  8
22
 10
94.2920
 20
71.7840
 30
0.0000
 11
95.3080
 21
71.7840
 31
0.0000
  0
POINT
  8
24
 10
92.8000
 20
72.8000
 30
0.0000
  0
LINE
  8
22
 10
92.2920
 20
73.8160
 30
0.0000
 11
92.2920
 21
71.7840
 31
0.0000
  0
LINE
  8
22
 10
92.2920
 20
71.7840
 30
0.0000
 11
93.3080
 21
71.7840
 31
0.0000
  0
LINE
  8
22
 10
93.3080
 20
71.7840
 30
0.0000
 11
93.3080
 21
73.8160
 31
0.0000
  0
LINE
  8
22
 10
93.3080
 20
73.8160
 30
0.0000
 11
92.2920
 21
73.8160
 31
0.0000
  0
POINT
  8
24
 10
91.8000
 20
72.8000
 30
0.0000
  0
LINE
  8
22
 10
92.3080
 20
71.7840
 30
0.0000
 11
92.3080
 21
73.8160
 31
0.0000
  0
LINE
  8
22
 10
92.3080
 20
73.8160
 30
0.0000
 11
91.2920
 21
73.8160
 31
0.0000
  0
LINE
  8
22
 10
91.2920
 20
73.8160
 30
0.0000
 11
91.2920
 21
71.7840
 31
0.0000
  0
LINE
  8
22
 10
91.2920
 20
71.7840
 30
0.0000
 11
92.3080
 21
71.7840
 31
0.0000
  0
POINT
  8
24
 10
85.3000
 20
73.3000
 30
0.0000
  0
LINE
  8
22
 10
84.2840
 20
72.7920
 30
0.0000
 11
86.3160
 21
72.7920
 31
0.0000
  0
LINE
  8
22
 10
86.3160
 20
72.7920
 30
0.0000
 11
86.3160
 21
73.8080
 31
0.0000
  0
LINE
  8
22
 10
86.3160
 20
73.8080
 30
0.0000
 11
84.2840
 21
73.8080
 31
0.0000
  0
LINE
  8
22
 10
84.2840
 20
73.8080
 30
0.0000
 11
84.2840
 21
72.7920
 31
0.0000
  0
POINT
  8
24
 10
83.3000
 20
73.3000
 30
0.0000
  0
LINE
  8
22
 10
82.2840
 20
72.7920
 30
0.0000
 11
84.3160
 21
72.7920
 31
0.0000
  0
LINE
  8
22
 10
84.3160
 20
72.7920
 30
0.0000
 11
84.3160
 21
73.8080
 31
0.0000
  0
LINE
  8
22
 10
84.3160
 20
73.8080
 30
0.0000
 11
82.2840
 21
73.8080
 31
0.0000
  0
LINE
  8
22
 10
82.2840
 20
73.8080
 30
0.0000
 11
82.2840
 21
72.7920
 31
0.0000
  0
POINT
  8
24
 10
85.3000
 20
72.3000
 30
0.0000
  0
LINE
  8
22
 10
84.2840
 20
71.7920
 30
0.0000
 11
86.3160
 21
71.7920
 31
0.0000
  0
LINE
  8
22
 10
86.3160
 20
71.7920
 30
0.0000
 11
86.3160
 21
72.8080
 31
0.0000
  0
LINE
  8
22
 10
86.3160
 20
72.8080
 30
0.0000
 11
84.2840
 21
72.8080
 31
0.0000
  0
LINE
  8
22
 10
84.2840
 20
72.8080
 30
0.0000
 11
84.2840
 21
71.7920
 31
0.0000
  0
POINT
  8
24
 10
83.3000
 20
72.3000
 30
0.0000
  0
LINE
  8
22
 10
82.2840
 20
71.7920
 30
0.0000
 11
84.3160
 21
71.7920
 31
0.0000
  0
LINE
  8
22
 10
84.3160
 20
71.7920
 30
0.0000
 11
84.3160
 21
72.8080
 31
0.0000
  0
LINE
  8
22
 10
84.3160
 20
72.8080
 30
0.0000
 11
82.2840
 21
72.8080
 31
0.0000
  0
LINE
  8
22
 10
82.2840
 20
72.8080
 30
0.0000
 11
82.2840
 21
71.7920
 31
0.0000
  0
POINT
  8
24
 10
86.8000
 20
72.8000
 30
0.0000
  0
LINE
  8
22
 10
86.2920
 20
73.8160
 30
0.0000
 11
86.2920
 21
71.7840
 31
0.0000
  0
LINE
  8
22
 10
86.2920
 20
71.7840
 30
0.0000
 11
87.3080
 21
71.7840
 31
0.0000
  0
LINE
  8
22
 10
87.3080
 20
71.7840
 30
0.0000
 11
87.3080
 21
73.8160
 31
0.0000
  0
LINE
  8
22
 10
87.3080
 20
73.8160
 30
0.0000
 11
86.2920
 21
73.8160
 31
0.0000
  0
POINT
  8
24
 10
87.8000
 20
72.8000
 30
0.0000
  0
LINE
  8
22
 10
88.3080
 20
71.7840
 30
0.0000
 11
88.3080
 21
73.8160
 31
0.0000
  0
LINE
  8
22
 10
88.3080
 20
73.8160
 30
0.0000
 11
87.2920
 21
73.8160
 31
0.0000
  0
LINE
  8
22
 10
87.2920
 20
73.8160
 30
0.0000
 11
87.2920
 21
71.7840
 31
0.0000
  0
LINE
  8
22
 10
87.2920
 20
71.7840
 30
0.0000
 11
88.3080
 21
71.7840
 31
0.0000
  0
POINT
  8
24
 10
93.9000
 20
180.1000
 30
0.0000
  0
LINE
  8
22
 10
94.9160
 20
180.6080
 30
0.0000
 11
92.8840
 21
180.6080
 31
0.0000
  0
LINE
  8
22
 10
92.8840
 20
180.6080
 30
0.0000
 11
92.8840
 21
179.5920
 31
0.0000
  0
LINE
  8
22
 10
92.8840
 20
179.5920
 30
0.0000
 11
94.9160
 21
179.5920
 31
0.0000
  0
LINE
  8
22
 10
94.9160
 20
179.5920
 30
0.0000
 11
94.9160
 21
180.6080
 31
0.0000
  0
POINT
  8
24
 10
93.9000
 20
181.1000
 30
0.0000
  0
LINE
  8
22
 10
94.9160
 20
181.6080
 30
0.0000
 11
92.8840
 21
181.6080
 31
0.0000
  0
LINE
  8
22
 10
92.8840
 20
181.6080
 30
0.0000
 11
92.8840
 21
180.5920
 31
0.0000
  0
LINE
  8
22
 10
92.8840
 20
180.5920
 30
0.0000
 11
94.9160
 21
180.5920
 31
0.0000
  0
LINE
  8
22
 10
94.9160
 20
180.5920
 30
0.0000
 11
94.9160
 21
181.6080
 31
0.0000
  0
POINT
  8
24
 10
93.9000
 20
182.1000
 30
0.0000
  0
LINE
  8
22
 10
94.9160
 20
182.6080
 30
0.0000
 11
92.8840
 21
182.6080
 31
0.0000
  0
LINE
  8
22
 10
92.8840
 20
182.6080
 30
0.0000
 11
92.8840
 21
181.5920
 31
0.0000
  0
LINE
  8
22
 10
92.8840
 20
181.5920
 30
0.0000
 11
94.9160
 21
181.5920
 31
0.0000
  0
LINE
  8
22
 10
94.9160
 20
181.5920
 30
0.0000
 11
94.9160
 21
182.6080
 31
0.0000
  0
POINT
  8
24
 10
93.9000
 20
183.1000
 30
0.0000
  0
LINE
  8
22
 10
94.9160
 20
183.6080
 30
0.0000
 11
92.8840
 21
183.6080
 31
0.0000
  0
LINE
  8
22
 10
92.8840
 20
183.6080
 30
0.0000
 11
92.8840
 21
182.5920
 31
0.0000
  0
LINE
  8
22
 10
92.8840
 20
182.5920
 30
0.0000
 11
94.9160
 21
182.5920
 31
0.0000
  0
LINE
  8
22
 10
94.9160
 20
182.5920
 30
0.0000
 11
94.9160
 21
183.6080
 31
0.0000
  0
POINT
  8
24
 10
125.4000
 20
174.1000
 30
0.0000
  0
LINE
  8
22
 10
126.4160
 20
174.6080
 30
0.0000
 11
124.3840
 21
174.6080
 31
0.0000
  0
LINE
  8
22
 10
124.3840
 20
174.6080
 30
0.0000
 11
124.3840
 21
173.5920
 31
0.0000
  0
LINE
  8
22
 10
124.3840
 20
173.5920
 30
0.0000
 11
126.4160
 21
173.5920
 31
0.0000
  0
LINE
  8
22
 10
126.4160
 20
173.5920
 30
0.0000
 11
126.4160
 21
174.6080
 31
0.0000
  0
POINT
  8
24
 10
125.4000
 20
173.1000
 30
0.0000
  0
LINE
  8
22
 10
126.4160
 20
173.6080
 30
0.0000
 11
124.3840
 21
173.6080
 31
0.0000
  0
LINE
  8
22
 10
124.3840
 20
173.6080
 30
0.0000
 11
124.3840
 21
172.5920
 31
0.0000
  0
LINE
  8
22
 10
124.3840
 20
172.5920
 30
0.0000
 11
126.4160
 21
172.5920
 31
0.0000
  0
LINE
  8
22
 10
126.4160
 20
172.5920
 30
0.0000
 11
126.4160
 21
173.6080
 31
0.0000
  0
POINT
  8
24
 10
95.9000
 20
179.1000
 30
0.0000
  0
LINE
  8
22
 10
96.9160
 20
179.6080
 30
0.0000
 11
94.8840
 21
179.6080
 31
0.0000
  0
LINE
  8
22
 10
94.8840
 20
179.6080
 30
0.0000
 11
94.8840
 21
178.5920
 31
0.0000
  0
LINE
  8
22
 10
94.8840
 20
178.5920
 30
0.0000
 11
96.9160
 21
178.5920
 31
0.0000
  0
LINE
  8
22
 10
96.9160
 20
178.5920
 30
0.0000
 11
96.9160
 21
179.6080
 31
0.0000
  0
POINT
  8
24
 10
95.9000
 20
178.1000
 30
0.0000
  0
LINE
  8
22
 10
96.9160
 20
178.6080
 30
0.0000
 11
94.8840
 21
178.6080
 31
0.0000
  0
LINE
  8
22
 10
94.8840
 20
178.6080
 30
0.0000
 11
94.8840
 21
177.5920
 31
0.0000
  0
LINE
  8
22
 10
94.8840
 20
177.5920
 30
0.0000
 11
96.9160
 21
177.5920
 31
0.0000
  0
LINE
  8
22
 10
96.9160
 20
177.5920
 30
0.0000
 11
96.9160
 21
178.6080
 31
0.0000
  0
POINT
  8
24
 10
95.9000
 20
177.1000
 30
0.0000
  0
LINE
  8
22
 10
96.9160
 20
177.6080
 30
0.0000
 11
94.8840
 21
177.6080
 31
0.0000
  0
LINE
  8
22
 10
94.8840
 20
177.6080
 30
0.0000
 11
94.8840
 21
176.5920
 31
0.0000
  0
LINE
  8
22
 10
94.8840
 20
176.5920
 30
0.0000
 11
96.9160
 21
176.5920
 31
0.0000
  0
LINE
  8
22
 10
96.9160
 20
176.5920
 30
0.0000
 11
96.9160
 21
177.6080
 31
0.0000
  0
POINT
  8
24
 10
93.9000
 20
179.1000
 30
0.0000
  0
LINE
  8
22
 10
94.9160
 20
179.6080
 30
0.0000
 11
92.8840
 21
179.6080
 31
0.0000
  0
LINE
  8
22
 10
92.8840
 20
179.6080
 30
0.0000
 11
92.8840
 21
178.5920
 31
0.0000
  0
LINE
  8
22
 10
92.8840
 20
178.5920
 30
0.0000
 11
94.9160
 21
178.5920
 31
0.0000
  0
LINE
  8
22
 10
94.9160
 20
178.5920
 30
0.0000
 11
94.9160
 21
179.6080
 31
0.0000
  0
POINT
  8
24
 10
95.9000
 20
175.1000
 30
0.0000
  0
LINE
  8
22
 10
94.8840
 20
174.5920
 30
0.0000
 11
96.9160
 21
174.5920
 31
0.0000
  0
LINE
  8
22
 10
96.9160
 20
174.5920
 30
0.0000
 11
96.9160
 21
175.6080
 31
0.0000
  0
LINE
  8
22
 10
96.9160
 20
175.6080
 30
0.0000
 11
94.8840
 21
175.6080
 31
0.0000
  0
LINE
  8
22
 10
94.8840
 20
175.6080
 30
0.0000
 11
94.8840
 21
174.5920
 31
0.0000
  0
POINT
  8
24
 10
95.9000
 20
176.1000
 30
0.0000
  0
LINE
  8
22
 10
96.9160
 20
176.6080
 30
0.0000
 11
94.8840
 21
176.6080
 31
0.0000
  0
LINE
  8
22
 10
94.8840
 20
176.6080
 30
0.0000
 11
94.8840
 21
175.5920
 31
0.0000
  0
LINE
  8
22
 10
94.8840
 20
175.5920
 30
0.0000
 11
96.9160
 21
175.5920
 31
0.0000
  0
LINE
  8
22
 10
96.9160
 20
175.5920
 30
0.0000
 11
96.9160
 21
176.6080
 31
0.0000
  0
POINT
  8
24
 10
83.7000
 20
179.0000
 30
0.0000
  0
LINE
  8
22
 10
84.7160
 20
179.5080
 30
0.0000
 11
82.6840
 21
179.5080
 31
0.0000
  0
LINE
  8
22
 10
82.6840
 20
179.5080
 30
0.0000
 11
82.6840
 21
178.4920
 31
0.0000
  0
LINE
  8
22
 10
82.6840
 20
178.4920
 30
0.0000
 11
84.7160
 21
178.4920
 31
0.0000
  0
LINE
  8
22
 10
84.7160
 20
178.4920
 30
0.0000
 11
84.7160
 21
179.5080
 31
0.0000
  0
POINT
  8
24
 10
85.9000
 20
179.0000
 30
0.0000
  0
LINE
  8
22
 10
86.9160
 20
179.5080
 30
0.0000
 11
84.8840
 21
179.5080
 31
0.0000
  0
LINE
  8
22
 10
84.8840
 20
179.5080
 30
0.0000
 11
84.8840
 21
178.4920
 31
0.0000
  0
LINE
  8
22
 10
84.8840
 20
178.4920
 30
0.0000
 11
86.9160
 21
178.4920
 31
0.0000
  0
LINE
  8
22
 10
86.9160
 20
178.4920
 30
0.0000
 11
86.9160
 21
179.5080
 31
0.0000
  0
POINT
  8
24
 10
83.6000
 20
186.8000
 30
0.0000
  0
LINE
  8
22
 10
84.6160
 20
187.3080
 30
0.0000
 11
82.5840
 21
187.3080
 31
0.0000
  0
LINE
  8
22
 10
82.5840
 20
187.3080
 30
0.0000
 11
82.5840
 21
186.2920
 31
0.0000
  0
LINE
  8
22
 10
82.5840
 20
186.2920
 30
0.0000
 11
84.6160
 21
186.2920
 31
0.0000
  0
LINE
  8
22
 10
84.6160
 20
186.2920
 30
0.0000
 11
84.6160
 21
187.3080
 31
0.0000
  0
POINT
  8
24
 10
89.3000
 20
179.0000
 30
0.0000
  0
LINE
  8
22
 10
88.7920
 20
180.0160
 30
0.0000
 11
88.7920
 21
177.9840
 31
0.0000
  0
LINE
  8
22
 10
88.7920
 20
177.9840
 30
0.0000
 11
89.8080
 21
177.9840
 31
0.0000
  0
LINE
  8
22
 10
89.8080
 20
177.9840
 30
0.0000
 11
89.8080
 21
180.0160
 31
0.0000
  0
LINE
  8
22
 10
89.8080
 20
180.0160
 30
0.0000
 11
88.7920
 21
180.0160
 31
0.0000
  0
POINT
  8
24
 10
88.2000
 20
179.0000
 30
0.0000
  0
LINE
  8
22
 10
88.7080
 20
177.9840
 30
0.0000
 11
88.7080
 21
180.0160
 31
0.0000
  0
LINE
  8
22
 10
88.7080
 20
180.0160
 30
0.0000
 11
87.6920
 21
180.0160
 31
0.0000
  0
LINE
  8
22
 10
87.6920
 20
180.0160
 30
0.0000
 11
87.6920
 21
177.9840
 31
0.0000
  0
LINE
  8
22
 10
87.6920
 20
177.9840
 30
0.0000
 11
88.7080
 21
177.9840
 31
0.0000
  0
POINT
  8
24
 10
92.9000
 20
163.7000
 30
0.0000
  0
LINE
  8
22
 10
93.9160
 20
164.2080
 30
0.0000
 11
91.8840
 21
164.2080
 31
0.0000
  0
LINE
  8
22
 10
91.8840
 20
164.2080
 30
0.0000
 11
91.8840
 21
163.1920
 31
0.0000
  0
LINE
  8
22
 10
91.8840
 20
163.1920
 30
0.0000
 11
93.9160
 21
163.1920
 31
0.0000
  0
LINE
  8
22
 10
93.9160
 20
163.1920
 30
0.0000
 11
93.9160
 21
164.2080
 31
0.0000
  0
POINT
  8
24
 10
94.9000
 20
173.1000
 30
0.0000
  0
LINE
  8
22
 10
93.8840
 20
172.5920
 30
0.0000
 11
95.9160
 21
172.5920
 31
0.0000
  0
LINE
  8
22
 10
95.9160
 20
172.5920
 30
0.0000
 11
95.9160
 21
173.6080
 31
0.0000
  0
LINE
  8
22
 10
95.9160
 20
173.6080
 30
0.0000
 11
93.8840
 21
173.6080
 31
0.0000
  0
LINE
  8
22
 10
93.8840
 20
173.6080
 30
0.0000
 11
93.8840
 21
172.5920
 31
0.0000
  0
POINT
  8
24
 10
93.4000
 20
165.2000
 30
0.0000
  0
LINE
  8
22
 10
92.8920
 20
166.2160
 30
0.0000
 11
92.8920
 21
164.1840
 31
0.0000
  0
LINE
  8
22
 10
92.8920
 20
164.1840
 30
0.0000
 11
93.9080
 21
164.1840
 31
0.0000
  0
LINE
  8
22
 10
93.9080
 20
164.1840
 30
0.0000
 11
93.9080
 21
166.2160
 31
0.0000
  0
LINE
  8
22
 10
93.9080
 20
166.2160
 30
0.0000
 11
92.8920
 21
166.2160
 31
0.0000
  0
POINT
  8
24
 10
92.4000
 20
165.2000
 30
0.0000
  0
LINE
  8
22
 10
92.9080
 20
164.1840
 30
0.0000
 11
92.9080
 21
166.2160
 31
0.0000
  0
LINE
  8
22
 10
92.9080
 20
166.2160
 30
0.0000
 11
91.8920
 21
166.2160
 31
0.0000
  0
LINE
  8
22
 10
91.8920
 20
166.2160
 30
0.0000
 11
91.8920
 21
164.1840
 31
0.0000
  0
LINE
  8
22
 10
91.8920
 20
164.1840
 30
0.0000
 11
92.9080
 21
164.1840
 31
0.0000
  0
POINT
  8
24
 10
93.4000
 20
175.6000
 30
0.0000
  0
LINE
  8
22
 10
93.9080
 20
174.5840
 30
0.0000
 11
93.9080
 21
176.6160
 31
0.0000
  0
LINE
  8
22
 10
93.9080
 20
176.6160
 30
0.0000
 11
92.8920
 21
176.6160
 31
0.0000
  0
LINE
  8
22
 10
92.8920
 20
176.6160
 30
0.0000
 11
92.8920
 21
174.5840
 31
0.0000
  0
LINE
  8
22
 10
92.8920
 20
174.5840
 30
0.0000
 11
93.9080
 21
174.5840
 31
0.0000
  0
POINT
  8
24
 10
87.1000
 20
173.4000
 30
0.0000
  0
LINE
  8
22
 10
87.6080
 20
172.3840
 30
0.0000
 11
87.6080
 21
174.4160
 31
0.0000
  0
LINE
  8
22
 10
87.6080
 20
174.4160
 30
0.0000
 11
86.5920
 21
174.4160
 31
0.0000
  0
LINE
  8
22
 10
86.5920
 20
174.4160
 30
0.0000
 11
86.5920
 21
172.3840
 31
0.0000
  0
LINE
  8
22
 10
86.5920
 20
172.3840
 30
0.0000
 11
87.6080
 21
172.3840
 31
0.0000
  0
POINT
  8
24
 10
88.6000
 20
172.9000
 30
0.0000
  0
LINE
  8
22
 10
89.6160
 20
173.4080
 30
0.0000
 11
87.5840
 21
173.4080
 31
0.0000
  0
LINE
  8
22
 10
87.5840
 20
173.4080
 30
0.0000
 11
87.5840
 21
172.3920
 31
0.0000
  0
LINE
  8
22
 10
87.5840
 20
172.3920
 30
0.0000
 11
89.6160
 21
172.3920
 31
0.0000
  0
LINE
  8
22
 10
89.6160
 20
172.3920
 30
0.0000
 11
89.6160
 21
173.4080
 31
0.0000
  0
POINT
  8
24
 10
87.6000
 20
175.1000
 30
0.0000
  0
LINE
  8
22
 10
88.6160
 20
175.6080
 30
0.0000
 11
86.5840
 21
175.6080
 31
0.0000
  0
LINE
  8
22
 10
86.5840
 20
175.6080
 30
0.0000
 11
86.5840
 21
174.5920
 31
0.0000
  0
LINE
  8
22
 10
86.5840
 20
174.5920
 30
0.0000
 11
88.6160
 21
174.5920
 31
0.0000
  0
LINE
  8
22
 10
88.6160
 20
174.5920
 30
0.0000
 11
88.6160
 21
175.6080
 31
0.0000
  0
POINT
  8
24
 10
87.6000
 20
176.1000
 30
0.0000
  0
LINE
  8
22
 10
86.5840
 20
175.5920
 30
0.0000
 11
88.6160
 21
175.5920
 31
0.0000
  0
LINE
  8
22
 10
88.6160
 20
175.5920
 30
0.0000
 11
88.6160
 21
176.6080
 31
0.0000
  0
LINE
  8
22
 10
88.6160
 20
176.6080
 30
0.0000
 11
86.5840
 21
176.6080
 31
0.0000
  0
LINE
  8
22
 10
86.5840
 20
176.6080
 30
0.0000
 11
86.5840
 21
175.5920
 31
0.0000
  0
POINT
  8
24
 10
88.6000
 20
167.9000
 30
0.0000
  0
LINE
  8
22
 10
89.6160
 20
168.4080
 30
0.0000
 11
87.5840
 21
168.4080
 31
0.0000
  0
LINE
  8
22
 10
87.5840
 20
168.4080
 30
0.0000
 11
87.5840
 21
167.3920
 31
0.0000
  0
LINE
  8
22
 10
87.5840
 20
167.3920
 30
0.0000
 11
89.6160
 21
167.3920
 31
0.0000
  0
LINE
  8
22
 10
89.6160
 20
167.3920
 30
0.0000
 11
89.6160
 21
168.4080
 31
0.0000
  0
POINT
  8
24
 10
103.4000
 20
70.4000
 30
0.0000
  0
LINE
  8
22
 10
102.3840
 20
69.8920
 30
0.0000
 11
104.4160
 21
69.8920
 31
0.0000
  0
LINE
  8
22
 10
104.4160
 20
69.8920
 30
0.0000
 11
104.4160
 21
70.9080
 31
0.0000
  0
LINE
  8
22
 10
104.4160
 20
70.9080
 30
0.0000
 11
102.3840
 21
70.9080
 31
0.0000
  0
LINE
  8
22
 10
102.3840
 20
70.9080
 30
0.0000
 11
102.3840
 21
69.8920
 31
0.0000
  0
POINT
  8
24
 10
106.5000
 20
74.2000
 30
0.0000
  0
LINE
  8
22
 10
105.4840
 20
73.6920
 30
0.0000
 11
107.5160
 21
73.6920
 31
0.0000
  0
LINE
  8
22
 10
107.5160
 20
73.6920
 30
0.0000
 11
107.5160
 21
74.7080
 31
0.0000
  0
LINE
  8
22
 10
107.5160
 20
74.7080
 30
0.0000
 11
105.4840
 21
74.7080
 31
0.0000
  0
LINE
  8
22
 10
105.4840
 20
74.7080
 30
0.0000
 11
105.4840
 21
73.6920
 31
0.0000
  0
POINT
  8
24
 10
106.5000
 20
73.2000
 30
0.0000
  0
LINE
  8
22
 10
105.4840
 20
72.6920
 30
0.0000
 11
107.5160
 21
72.6920
 31
0.0000
  0
LINE
  8
22
 10
107.5160
 20
72.6920
 30
0.0000
 11
107.5160
 21
73.7080
 31
0.0000
  0
LINE
  8
22
 10
107.5160
 20
73.7080
 30
0.0000
 11
105.4840
 21
73.7080
 31
0.0000
  0
LINE
  8
22
 10
105.4840
 20
73.7080
 30
0.0000
 11
105.4840
 21
72.6920
 31
0.0000
  0
POINT
  8
24
 10
106.5000
 20
72.2000
 30
0.0000
  0
LINE
  8
22
 10
105.4840
 20
71.6920
 30
0.0000
 11
107.5160
 21
71.6920
 31
0.0000
  0
LINE
  8
22
 10
107.5160
 20
71.6920
 30
0.0000
 11
107.5160
 21
72.7080
 31
0.0000
  0
LINE
  8
22
 10
107.5160
 20
72.7080
 30
0.0000
 11
105.4840
 21
72.7080
 31
0.0000
  0
LINE
  8
22
 10
105.4840
 20
72.7080
 30
0.0000
 11
105.4840
 21
71.6920
 31
0.0000
  0
POINT
  8
24
 10
106.5000
 20
71.2000
 30
0.0000
  0
LINE
  8
22
 10
105.4840
 20
70.6920
 30
0.0000
 11
107.5160
 21
70.6920
 31
0.0000
  0
LINE
  8
22
 10
107.5160
 20
70.6920
 30
0.0000
 11
107.5160
 21
71.7080
 31
0.0000
  0
LINE
  8
22
 10
107.5160
 20
71.7080
 30
0.0000
 11
105.4840
 21
71.7080
 31
0.0000
  0
LINE
  8
22
 10
105.4840
 20
71.7080
 30
0.0000
 11
105.4840
 21
70.6920
 31
0.0000
  0
POINT
  8
24
 10
109.6000
 20
71.6000
 30
0.0000
  0
LINE
  8
22
 10
110.6160
 20
72.1080
 30
0.0000
 11
108.5840
 21
72.1080
 31
0.0000
  0
LINE
  8
22
 10
108.5840
 20
72.1080
 30
0.0000
 11
108.5840
 21
71.0920
 31
0.0000
  0
LINE
  8
22
 10
108.5840
 20
71.0920
 30
0.0000
 11
110.6160
 21
71.0920
 31
0.0000
  0
LINE
  8
22
 10
110.6160
 20
71.0920
 30
0.0000
 11
110.6160
 21
72.1080
 31
0.0000
  0
POINT
  8
24
 10
109.6000
 20
70.6000
 30
0.0000
  0
LINE
  8
22
 10
110.6160
 20
71.1080
 30
0.0000
 11
108.5840
 21
71.1080
 31
0.0000
  0
LINE
  8
22
 10
108.5840
 20
71.1080
 30
0.0000
 11
108.5840
 21
70.0920
 31
0.0000
  0
LINE
  8
22
 10
108.5840
 20
70.0920
 30
0.0000
 11
110.6160
 21
70.0920
 31
0.0000
  0
LINE
  8
22
 10
110.6160
 20
70.0920
 30
0.0000
 11
110.6160
 21
71.1080
 31
0.0000
  0
POINT
  8
24
 10
125.4000
 20
179.6000
 30
0.0000
  0
LINE
  8
22
 10
126.4160
 20
180.1080
 30
0.0000
 11
124.3840
 21
180.1080
 31
0.0000
  0
LINE
  8
22
 10
124.3840
 20
180.1080
 30
0.0000
 11
124.3840
 21
179.0920
 31
0.0000
  0
LINE
  8
22
 10
124.3840
 20
179.0920
 30
0.0000
 11
126.4160
 21
179.0920
 31
0.0000
  0
LINE
  8
22
 10
126.4160
 20
179.0920
 30
0.0000
 11
126.4160
 21
180.1080
 31
0.0000
  0
POINT
  8
24
 10
125.4000
 20
178.6000
 30
0.0000
  0
LINE
  8
22
 10
126.4160
 20
179.1080
 30
0.0000
 11
124.3840
 21
179.1080
 31
0.0000
  0
LINE
  8
22
 10
124.3840
 20
179.1080
 30
0.0000
 11
124.3840
 21
178.0920
 31
0.0000
  0
LINE
  8
22
 10
124.3840
 20
178.0920
 30
0.0000
 11
126.4160
 21
178.0920
 31
0.0000
  0
LINE
  8
22
 10
126.4160
 20
178.0920
 30
0.0000
 11
126.4160
 21
179.1080
 31
0.0000
  0
POINT
  8
24
 10
125.4000
 20
177.6000
 30
0.0000
  0
LINE
  8
22
 10
126.4160
 20
178.1080
 30
0.0000
 11
124.3840
 21
178.1080
 31
0.0000
  0
LINE
  8
22
 10
124.3840
 20
178.1080
 30
0.0000
 11
124.3840
 21
177.0920
 31
0.0000
  0
LINE
  8
22
 10
124.3840
 20
177.0920
 30
0.0000
 11
126.4160
 21
177.0920
 31
0.0000
  0
LINE
  8
22
 10
126.4160
 20
177.0920
 30
0.0000
 11
126.4160
 21
178.1080
 31
0.0000
  0
POINT
  8
24
 10
125.4000
 20
176.6000
 30
0.0000
  0
LINE
  8
22
 10
126.4160
 20
177.1080
 30
0.0000
 11
124.3840
 21
177.1080
 31
0.0000
  0
LINE
  8
22
 10
124.3840
 20
177.1080
 30
0.0000
 11
124.3840
 21
176.0920
 31
0.0000
  0
LINE
  8
22
 10
124.3840
 20
176.0920
 30
0.0000
 11
126.4160
 21
176.0920
 31
0.0000
  0
LINE
  8
22
 10
126.4160
 20
176.0920
 30
0.0000
 11
126.4160
 21
177.1080
 31
0.0000
  0
POINT
  8
24
 10
125.4000
 20
172.1000
 30
0.0000
  0
LINE
  8
22
 10
126.4160
 20
172.6080
 30
0.0000
 11
124.3840
 21
172.6080
 31
0.0000
  0
LINE
  8
22
 10
124.3840
 20
172.6080
 30
0.0000
 11
124.3840
 21
171.5920
 31
0.0000
  0
LINE
  8
22
 10
124.3840
 20
171.5920
 30
0.0000
 11
126.4160
 21
171.5920
 31
0.0000
  0
LINE
  8
22
 10
126.4160
 20
171.5920
 30
0.0000
 11
126.4160
 21
172.6080
 31
0.0000
  0
POINT
  8
24
 10
63.2000
 20
101.2000
 30
0.0000
  0
LINE
  8
22
 10
62.1840
 20
100.6920
 30
0.0000
 11
64.2160
 21
100.6920
 31
0.0000
  0
LINE
  8
22
 10
64.2160
 20
100.6920
 30
0.0000
 11
64.2160
 21
101.7080
 31
0.0000
  0
LINE
  8
22
 10
64.2160
 20
101.7080
 30
0.0000
 11
62.1840
 21
101.7080
 31
0.0000
  0
LINE
  8
22
 10
62.1840
 20
101.7080
 30
0.0000
 11
62.1840
 21
100.6920
 31
0.0000
  0
POINT
  8
24
 10
61.0000
 20
101.2000
 30
0.0000
  0
LINE
  8
22
 10
62.0160
 20
101.7080
 30
0.0000
 11
59.9840
 21
101.7080
 31
0.0000
  0
LINE
  8
22
 10
59.9840
 20
101.7080
 30
0.0000
 11
59.9840
 21
100.6920
 31
0.0000
  0
LINE
  8
22
 10
59.9840
 20
100.6920
 30
0.0000
 11
62.0160
 21
100.6920
 31
0.0000
  0
LINE
  8
22
 10
62.0160
 20
100.6920
 30
0.0000
 11
62.0160
 21
101.7080
 31
0.0000
  0
POINT
  8
24
 10
93.4000
 20
37.8000
 30
0.0000
  0
LINE
  8
22
 10
91.8000
 20
38.3500
 30
0.0000
 11
91.8000
 21
37.2600
 31
0.0000
  0
LINE
  8
22
 10
95.0000
 20
38.5500
 30
0.0000
 11
91.8000
 21
38.5500
 31
0.0000
  0
LINE
  8
22
 10
91.8000
 20
38.5500
 30
0.0000
 11
91.8000
 21
37.0500
 31
0.0000
  0
LINE
  8
22
 10
91.8000
 20
37.0500
 30
0.0000
 11
95.0000
 21
37.0500
 31
0.0000
  0
LINE
  8
22
 10
95.0000
 20
37.0500
 30
0.0000
 11
95.0000
 21
38.5500
 31
0.0000
  0
CIRCLE
  8
22
 10
94.5900
 20
38.2000
 30
0.0000
 40
0.1500
  0
POINT
  8
24
 10
88.9000
 20
84.9000
 30
0.0000
  0
LINE
  8
22
 10
87.3500
 20
83.6500
 30
0.0000
 11
90.4500
 21
83.6500
 31
0.0000
  0
LINE
  8
22
 10
90.4500
 20
83.6500
 30
0.0000
 11
90.4500
 21
86.1500
 31
0.0000
  0
LINE
  8
22
 10
90.4500
 20
86.1500
 30
0.0000
 11
87.3500
 21
86.1500
 31
0.0000
  0
LINE
  8
22
 10
87.3500
 20
86.1500
 30
0.0000
 11
87.3500
 21
83.6500
 31
0.0000
  0
CIRCLE
  8
22
 10
88.1000
 20
85.5000
 30
0.0000
 40
0.1000
  0
ENDSEC
  0
EOF
