  0
SECTION
  2
HEADER
  9
$ACADVER
  1
AC1018
  9
$ACADMAINTVER
 70
     0
  9
$DWGCODEPAGE
  3
ANSI_1252
  9
$INSBASE
 10
0.0
 20
0.0
 30
0.0
  9
$EXTMIN
 10
1.000000000000000E+20
 20
1.000000000000000E+20
 30
1.000000000000000E+20
  9
$EXTMAX
 10
-1.000000000000000E+20
 20
-1.000000000000000E+20
 30
-1.000000000000000E+20
  9
$LIMMIN
 10
0.0
 20
0.0
  9
$LIMMAX
 10
12.0
 20
9.0
  9
$ORTHOMODE
 70
     0
  9
$REGENMODE
 70
     1
  9
$FILLMODE
 70
     1
  9
$QTEXTMODE
 70
     0
  9
$MIRRTEXT
 70
     1
  9
$LTSCALE
 40
1.0
  9
$ATTMODE
 70
     1
  9
$TEXTSIZE
 40
0.2
  9
$TRACEWID
 40
0.05
  9
$TEXTSTYLE
  7
Standard
  9
$CLAYER
  8
0
  9
$CELTYPE
  6
ByLayer
  9
$CECOLOR
 62
   256
  9
$CELTSCALE
 40
1.0
  9
$DISPSILH
 70
     0
  9
$DIMSCALE
 40
1.0
  9
$DIMASZ
 40
0.18
  9
$DIMEXO
 40
0.0625
  9
$DIMDLI
 40
0.38
  9
$DIMRND
 40
0.0
  9
$DIMDLE
 40
0.0
  9
$DIMEXE
 40
0.18
  9
$DIMTP
 40
0.0
  9
$DIMTM
 40
0.0
  9
$DIMTXT
 40
0.18
  9
$DIMCEN
 40
0.09
  9
$DIMTSZ
 40
0.0
  9
$DIMTOL
 70
     0
  9
$DIMLIM
 70
     0
  9
$DIMTIH
 70
     1
  9
$DIMTOH
 70
     1
  9
$DIMSE1
 70
     0
  9
$DIMSE2
 70
     0
  9
$DIMTAD
 70
     0
  9
$DIMZIN
 70
     0
  9
$DIMBLK
  1

  9
$DIMASO
 70
     1
  9
$DIMSHO
 70
     1
  9
$DIMPOST
  1

  9
$DIMAPOST
  1

  9
$DIMALT
 70
     0
  9
$DIMALTD
 70
     2
  9
$DIMALTF
 40
25.4
  9
$DIMLFAC
 40
1.0
  9
$DIMTOFL
 70
     0
  9
$DIMTVP
 40
0.0
  9
$DIMTIX
 70
     0
  9
$DIMSOXD
 70
     0
  9
$DIMSAH
 70
     0
  9
$DIMBLK1
  1

  9
$DIMBLK2
  1

  9
$DIMSTYLE
  2
Standard
  9
$DIMCLRD
 70
     0
  9
$DIMCLRE
 70
     0
  9
$DIMCLRT
 70
     0
  9
$DIMTFAC
 40
1.0
  9
$DIMGAP
 40
0.09
  9
$DIMJUST
 70
     0
  9
$DIMSD1
 70
     0
  9
$DIMSD2
 70
     0
  9
$DIMTOLJ
 70
     1
  9
$DIMTZIN
 70
     0
  9
$DIMALTZ
 70
     0
  9
$DIMALTTZ
 70
     0
  9
$DIMUPT
 70
     0
  9
$DIMDEC
 70
     4
  9
$DIMTDEC
 70
     4
  9
$DIMALTU
 70
     2
  9
$DIMALTTD
 70
     2
  9
$DIMTXSTY
  7
Standard
  9
$DIMAUNIT
 70
     0
  9
$DIMADEC
 70
     0
  9
$DIMALTRND
 40
0.0
  9
$DIMAZIN
 70
     0
  9
$DIMDSEP
 70
    46
  9
$DIMATFIT
 70
     3
  9
$DIMFRAC
 70
     0
  9
$DIMLDRBLK
  1

  9
$DIMLUNIT
 70
     2
  9
$DIMLWD
 70
    -2
  9
$DIMLWE
 70
    -2
  9
$DIMTMOVE
 70
     0
  9
$LUNITS
 70
     2
  9
$LUPREC
 70
     4
  9
$SKETCHINC
 40
0.1
  9
$FILLETRAD
 40
0.5
  9
$AUNITS
 70
     0
  9
$AUPREC
 70
     0
  9
$MENU
  1
.
  9
$ELEVATION
 40
0.0
  9
$PELEVATION
 40
0.0
  9
$THICKNESS
 40
0.0
  9
$LIMCHECK
 70
     0
  9
$CHAMFERA
 40
0.5
  9
$CHAMFERB
 40
0.5
  9
$CHAMFERC
 40
1.0
  9
$CHAMFERD
 40
0.0
  9
$SKPOLY
 70
     0
  9
$TDCREATE
 40
2461176.411307199
  9
$TDUCREATE
 40
2461176.327973866
  9
$TDUPDATE
 40
2461176.411307315
  9
$TDUUPDATE
 40
2461176.327973981
  9
$TDINDWG
 40
0.0000000116
  9
$TDUSRTIMER
 40
0.0000000116
  9
$USRTIMER
 70
     1
  9
$ANGBASE
 50
0.0
  9
$ANGDIR
 70
     0
  9
$PDMODE
 70
     0
  9
$PDSIZE
 40
0.0
  9
$PLINEWID
 40
0.0
  9
$SPLFRAME
 70
     0
  9
$SPLINETYPE
 70
     6
  9
$SPLINESEGS
 70
     8
  9
$HANDSEED
  5
FF
  9
$SURFTAB1
 70
     6
  9
$SURFTAB2
 70
     6
  9
$SURFTYPE
 70
     6
  9
$SURFU
 70
     6
  9
$SURFV
 70
     6
  9
$UCSBASE
  2

  9
$UCSNAME
  2

  9
$UCSORG
 10
0.0
 20
0.0
 30
0.0
  9
$UCSXDIR
 10
1.0
 20
0.0
 30
0.0
  9
$UCSYDIR
 10
0.0
 20
1.0
 30
0.0
  9
$UCSORTHOREF
  2

  9
$UCSORTHOVIEW
 70
     0
  9
$UCSORGTOP
 10
0.0
 20
0.0
 30
0.0
  9
$UCSORGBOTTOM
 10
0.0
 20
0.0
 30
0.0
  9
$UCSORGLEFT
 10
0.0
 20
0.0
 30
0.0
  9
$UCSORGRIGHT
 10
0.0
 20
0.0
 30
0.0
  9
$UCSORGFRONT
 10
0.0
 20
0.0
 30
0.0
  9
$UCSORGBACK
 10
0.0
 20
0.0
 30
0.0
  9
$PUCSBASE
  2

  9
$PUCSNAME
  2

  9
$PUCSORG
 10
0.0
 20
0.0
 30
0.0
  9
$PUCSXDIR
 10
1.0
 20
0.0
 30
0.0
  9
$PUCSYDIR
 10
0.0
 20
1.0
 30
0.0
  9
$PUCSORTHOREF
  2

  9
$PUCSORTHOVIEW
 70
     0
  9
$PUCSORGTOP
 10
0.0
 20
0.0
 30
0.0
  9
$PUCSORGBOTTOM
 10
0.0
 20
0.0
 30
0.0
  9
$PUCSORGLEFT
 10
0.0
 20
0.0
 30
0.0
  9
$PUCSORGRIGHT
 10
0.0
 20
0.0
 30
0.0
  9
$PUCSORGFRONT
 10
0.0
 20
0.0
 30
0.0
  9
$PUCSORGBACK
 10
0.0
 20
0.0
 30
0.0
  9
$USERI1
 70
     0
  9
$USERI2
 70
     0
  9
$USERI3
 70
     0
  9
$USERI4
 70
     0
  9
$USERI5
 70
     0
  9
$USERR1
 40
0.0
  9
$USERR2
 40
0.0
  9
$USERR3
 40
0.0
  9
$USERR4
 40
0.0
  9
$USERR5
 40
0.0
  9
$WORLDVIEW
 70
     1
  9
$SHADEDGE
 70
     3
  9
$SHADEDIF
 70
    70
  9
$TILEMODE
 70
     1
  9
$MAXACTVP
 70
    64
  9
$PINSBASE
 10
0.0
 20
0.0
 30
0.0
  9
$PLIMCHECK
 70
     0
  9
$PEXTMIN
 10
1.000000000000000E+20
 20
1.000000000000000E+20
 30
1.000000000000000E+20
  9
$PEXTMAX
 10
-1.000000000000000E+20
 20
-1.000000000000000E+20
 30
-1.000000000000000E+20
  9
$PLIMMIN
 10
0.0
 20
0.0
  9
$PLIMMAX
 10
12.0
 20
9.0
  9
$UNITMODE
 70
     0
  9
$VISRETAIN
 70
     1
  9
$PLINEGEN
 70
     0
  9
$PSLTSCALE
 70
     1
  9
$TREEDEPTH
 70
  3020
  9
$CMLSTYLE
  2
Standard
  9
$CMLJUST
 70
     0
  9
$CMLSCALE
 40
1.0
  9
$PROXYGRAPHICS
 70
     1
  9
$MEASUREMENT
 70
     0
  9
$CELWEIGHT
370
    -1
  9
$ENDCAPS
280
     0
  9
$JOINSTYLE
280
     0
  9
$LWDISPLAY
290
     1
  9
$INSUNITS
 70
     4
  9
$HYPERLINKBASE
  1

  9
$STYLESHEET
  1

  9
$XEDIT
290
     1
  9
$CEPSNTYPE
380
     0
  9
$PSTYLEMODE
290
     1
  9
$FINGERPRINTGUID
  2
{6C2AD05B-FF82-4BED-B67A-AC15F3610C90}
  9
$VERSIONGUID
  2
{FAEB1C32-E019-11D5-929B-00C0DF256EC4}
  9
$EXTNAMES
290
     1
  9
$PSVPSCALE
 40
0.0
  9
$OLESTARTUP
290
     0
  9
$SORTENTS
280
   127
  9
$INDEXCTL
280
     0
  9
$HIDETEXT
280
     1
  9
$XCLIPFRAME
290
     0
  9
$HALOGAP
280
     0
  9
$OBSCOLOR
 70
   257
  9
$OBSLTYPE
280
     0
  9
$INTERSECTIONDISPLAY
280
     0
  9
$INTERSECTIONCOLOR
 70
   257
  9
$DIMASSOC
280
     2
  9
$PROJECTNAME
  1

  0
ENDSEC
  0
SECTION
  2
CLASSES
  0
CLASS
  1
ACDBDICTIONARYWDFLT
  2
AcDbDictionaryWithDefault
  3
ObjectDBX Classes
 90
        0
 91
        4
280
     0
281
     0
  0
CLASS
  1
VISUALSTYLE
  2
AcDbVisualStyle
  3
ObjectDBX Classes
 90
     4095
 91
        4
280
     0
281
     0
  0
CLASS
  1
MATERIAL
  2
AcDbMaterial
  3
ObjectDBX Classes
 90
     1153
 91
        4
280
     0
281
     0
  0
CLASS
  1
SUN
  2
AcDbSun
  3
SCENEOE
 90
     1024
 91
        4
280
     0
281
     0
  0
ENDSEC
  0
SECTION
  2
TABLES
  0
TABLE
  2
VPORT
  5
8
330
0
100
AcDbSymbolTable
 70
     1
  0
VPORT
  5
29
330
8
100
AcDbSymbolTableRecord
100
AcDbViewportTableRecord
  2
*Active
 70
     0
 10
0.0
 20
0.0
 11
1.0
 21
1.0
 12
0.0
 22
0.0
 13
0.0
 23
0.0
 14
0.5
 24
0.5
 15
0.5
 25
0.5
 16
0.0
 26
0.0
 36
1.0
 17
148.4999999628701
 27
-104.9999999737534
 37
0.0
 40
209.9999999475068
 41
1.414285714285622
 42
50.0
 43
0.0
 44
0.0
 50
0.0
 51
0.0
 71
     0
 72
   100
 73
     1
 74
     3
 75
     0
 76
     0
 77
     0
 78
     0
281
     0
 65
     1
110
0.0
120
0.0
130
0.0
111
1.0
121
0.0
131
0.0
112
0.0
122
1.0
132
0.0
 79
     0
146
0.0
  0
ENDTAB
  0
TABLE
  2
LTYPE
  5
5
330
0
100
AcDbSymbolTable
 70
     1
  0
LTYPE
  5
14
330
5
100
AcDbSymbolTableRecord
100
AcDbLinetypeTableRecord
  2
ByBlock
 70
     0
  3

 72
    65
 73
     0
 40
0.0
  0
LTYPE
  5
15
330
5
100
AcDbSymbolTableRecord
100
AcDbLinetypeTableRecord
  2
ByLayer
 70
     0
  3

 72
    65
 73
     0
 40
0.0
  0
LTYPE
  5
16
330
5
100
AcDbSymbolTableRecord
100
AcDbLinetypeTableRecord
  2
Continuous
 70
     0
  3
Solid line
 72
    65
 73
     0
 40
0.0
  0
ENDTAB
  0
TABLE
  2
LAYER
  5
2
330
0
100
AcDbSymbolTable
 70
     2
  0
LAYER
  5
10
330
2
100
AcDbSymbolTableRecord
100
AcDbLayerTableRecord
  2
0
 70
     0
 62
     7
  6
Continuous
370
    -3
390
F
  0
LAYER
  5
40
330
2
100
AcDbSymbolTableRecord
100
AcDbLayerTableRecord
  2
Capa 1
 70
     0
 62
     7
  6
Continuous
370
    -3
390
F
  0
ENDTAB
  0
TABLE
  2
STYLE
  5
3
330
0
100
AcDbSymbolTable
 70
     1
  0
STYLE
  5
11
330
3
100
AcDbSymbolTableRecord
100
AcDbTextStyleTableRecord
  2
Standard
 70
     0
 40
0.0
 41
1.0
 50
0.0
 71
     0
 42
0.2
  3
txt
  4

  0
ENDTAB
  0
TABLE
  2
VIEW
  5
6
330
0
100
AcDbSymbolTable
 70
     0
  0
ENDTAB
  0
TABLE
  2
UCS
  5
7
330
0
100
AcDbSymbolTable
 70
     0
  0
ENDTAB
  0
TABLE
  2
APPID
  5
9
330
0
100
AcDbSymbolTable
 70
     1
  0
APPID
  5
12
330
9
100
AcDbSymbolTableRecord
100
AcDbRegAppTableRecord
  2
ACAD
 70
     0
  0
ENDTAB
  0
TABLE
  2
DIMSTYLE
  5
A
330
0
100
AcDbSymbolTable
 70
     1
100
AcDbDimStyleTable
  0
DIMSTYLE
105
27
330
A
100
AcDbSymbolTableRecord
100
AcDbDimStyleTableRecord
  2
Standard
 70
     0
178
     0
340
11
  0
ENDTAB
  0
TABLE
  2
BLOCK_RECORD
  5
1
330
0
100
AcDbSymbolTable
 70
     1
  0
BLOCK_RECORD
  5
1F
330
1
100
AcDbSymbolTableRecord
100
AcDbBlockTableRecord
  2
*Model_Space
340
22
  0
BLOCK_RECORD
  5
1B
330
1
100
AcDbSymbolTableRecord
100
AcDbBlockTableRecord
  2
*Paper_Space
340
1E
  0
BLOCK_RECORD
  5
23
330
1
100
AcDbSymbolTableRecord
100
AcDbBlockTableRecord
  2
*Paper_Space0
340
26
  0
ENDTAB
  0
ENDSEC
  0
SECTION
  2
BLOCKS
  0
BLOCK
  5
20
330
1F
100
AcDbEntity
  8
0
100
AcDbBlockBegin
  2
*Model_Space
 70
     0
 10
0.0
 20
0.0
 30
0.0
  3
*Model_Space
  1

  0
ENDBLK
  5
21
330
1F
100
AcDbEntity
  8
0
100
AcDbBlockEnd
  0
BLOCK
  5
1C
330
1B
100
AcDbEntity
 67
     1
  8
0
100
AcDbBlockBegin
  2
*Paper_Space
 70
     0
 10
0.0
 20
0.0
 30
0.0
  3
*Paper_Space
  1

  0
ENDBLK
  5
1D
330
1B
100
AcDbEntity
 67
     1
  8
0
100
AcDbBlockEnd
  0
BLOCK
  5
24
330
23
100
AcDbEntity
  8
0
100
AcDbBlockBegin
  2
*Paper_Space0
 70
     0
 10
0.0
 20
0.0
 30
0.0
  3
*Paper_Space0
  1

  0
ENDBLK
  5
25
330
23
100
AcDbEntity
  8
0
100
AcDbBlockEnd
  0
ENDSEC
  0
SECTION
  2
ENTITIES
  0
SPLINE
  5
41
330
1F
100
AcDbEntity
  8
Capa 1
370
     0
100
AcDbSpline
210
0.0
220
0.0
230
1.0
 70
    11
 71
     3
 72
    53
 73
    49
 74
     0
 42
0.0000000001
 43
0.0000000001
 12
1.0
 22
0.0
 32
0.0
 13
1.0
 23
0.0
 33
0.0
 40
0.0
 40
0.0
 40
0.0
 40
0.0
 40
1.0
 40
1.0
 40
1.0
 40
2.0
 40
2.0
 40
2.0
 40
3.0
 40
3.0
 40
3.0
 40
4.0
 40
4.0
 40
4.0
 40
5.0
 40
5.0
 40
5.0
 40
6.0
 40
6.0
 40
6.0
 40
7.0
 40
7.0
 40
7.0
 40
8.0
 40
8.0
 40
8.0
 40
9.0
 40
9.0
 40
9.0
 40
10.0
 40
10.0
 40
10.0
 40
11.0
 40
11.0
 40
11.0
 40
12.0
 40
12.0
 40
12.0
 40
13.0
 40
13.0
 40
13.0
 40
14.0
 40
14.0
 40
14.0
 40
15.0
 40
15.0
 40
15.0
 40
16.0
 40
16.0
 40
16.0
 40
16.0
 10
166.6183113741519
 20
-105.119091832746
 30
0.0
 10
166.6183113741519
 20
-105.119091832746
 30
0.0
 10
169.0363843985176
 20
-105.119091832746
 30
0.0
 10
169.0363843985176
 20
-105.119091832746
 30
0.0
 10
169.0363843985176
 20
-105.119091832746
 30
0.0
 10
169.0363843985176
 20
-104.5611030996402
 30
0.0
 10
169.0363843985176
 20
-104.5611030996402
 30
0.0
 10
169.0363843985176
 20
-104.5611030996402
 30
0.0
 10
166.6183113741519
 20
-104.5611030996402
 30
0.0
 10
166.6183113741519
 20
-104.5611030996402
 30
0.0
 10
166.4942461848122
 20
-104.5611030996402
 30
0.0
 10
166.4322095285596
 20
-104.4991476750923
 30
0.0
 10
166.4322095285596
 20
-104.3750743625835
 30
0.0
 10
166.4322095285596
 20
-104.3750743625835
 30
0.0
 10
166.4322095285596
 20
-104.2820234397909
 30
0.0
 10
166.4322095285596
 20
-104.2820234397909
 30
0.0
 10
166.4322095285596
 20
-104.2820234397909
 30
0.0
 10
168.3854178511498
 20
-104.2820234397909
 30
0.0
 10
168.3854178511498
 20
-104.2820234397909
 30
0.0
 10
168.3854178511498
 20
-104.2820234397909
 30
0.0
 10
168.3854178511498
 20
-103.7240347066793
 30
0.0
 10
168.3854178511498
 20
-103.7240347066793
 30
0.0
 10
168.3854178511498
 20
-103.7240347066793
 30
0.0
 10
166.4322095285596
 20
-103.7240347066793
 30
0.0
 10
166.4322095285596
 20
-103.7240347066793
 30
0.0
 10
166.4322095285596
 20
-103.7240347066793
 30
0.0
 10
166.4322095285596
 20
-103.630983783887
 30
0.0
 10
166.4322095285596
 20
-103.630983783887
 30
0.0
 10
166.4322095285596
 20
-103.5069917030884
 30
0.0
 10
166.4942461848122
 20
-103.4450362785405
 30
0.0
 10
166.6183113741519
 20
-103.4450362785405
 30
0.0
 10
166.6183113741519
 20
-103.4450362785405
 30
0.0
 10
169.0363843985176
 20
-103.4450362785405
 30
0.0
 10
169.0363843985176
 20
-103.4450362785405
 30
0.0
 10
169.0363843985176
 20
-103.4450362785405
 30
0.0
 10
169.0363843985176
 20
-102.8870475454321
 30
0.0
 10
169.0363843985176
 20
-102.8870475454321
 30
0.0
 10
169.0363843985176
 20
-102.8870475454321
 30
0.0
 10
166.6183113741519
 20
-102.8870475454321
 30
0.0
 10
166.6183113741519
 20
-102.8870475454321
 30
0.0
 10
165.9981235213725
 20
-102.8870475454321
 30
0.0
 10
165.6881108266844
 20
-103.1350235838619
 30
0.0
 10
165.6881108266844
 20
-103.630983783887
 30
0.0
 10
165.6881108266844
 20
-103.630983783887
 30
0.0
 10
165.6881108266844
 20
-104.3750743625835
 30
0.0
 10
165.6881108266844
 20
-104.3750743625835
 30
0.0
 10
165.6881108266844
 20
-104.871197026028
 30
0.0
 10
165.9981235213725
 20
-105.119091832746
 30
0.0
 10
166.6183113741519
 20
-105.119091832746
 30
0.0
  0
HATCH
  5
42
330
1F
100
AcDbEntity
  8
Capa 1
 62
   255
100
AcDbHatch
 10
0.0
 20
0.0
 30
0.0
210
0.0
220
0.0
230
1.0
  2
SOLID
 70
     1
 71
     0
 91
        1
 92
        1
 93
        2
 72
     4
 94
        3
 73
     0
 74
     0
 95
       53
 96
       49
 40
0.0
 40
0.0
 40
0.0
 40
0.0
 40
0.3527777776895833
 40
0.3527777776895833
 40
0.3527777776895833
 40
0.7055555553791667
 40
0.7055555553791667
 40
0.7055555553791667
 40
1.05833333306875
 40
1.05833333306875
 40
1.05833333306875
 40
1.411111110758333
 40
1.411111110758333
 40
1.411111110758333
 40
1.763888888447917
 40
1.763888888447917
 40
1.763888888447917
 40
2.1166666661375
 40
2.1166666661375
 40
2.1166666661375
 40
2.469444443827083
 40
2.469444443827083
 40
2.469444443827083
 40
2.822222221516667
 40
2.822222221516667
 40
2.822222221516667
 40
3.17499999920625
 40
3.17499999920625
 40
3.17499999920625
 40
3.527777776895833
 40
3.527777776895833
 40
3.527777776895833
 40
3.880555554585417
 40
3.880555554585417
 40
3.880555554585417
 40
4.233333332275
 40
4.233333332275
 40
4.233333332275
 40
4.586111109964584
 40
4.586111109964584
 40
4.586111109964584
 40
4.938888887654167
 40
4.938888887654167
 40
4.938888887654167
 40
5.29166666534375
 40
5.29166666534375
 40
5.29166666534375
 40
5.644444443033334
 40
5.644444443033334
 40
5.644444443033334
 40
5.644444443033334
 10
166.6183113741519
 20
-105.119091832746
 10
166.6183113741519
 20
-105.119091832746
 10
169.0363843985176
 20
-105.119091832746
 10
169.0363843985176
 20
-105.119091832746
 10
169.0363843985176
 20
-105.119091832746
 10
169.0363843985176
 20
-104.5611030996402
 10
169.0363843985176
 20
-104.5611030996402
 10
169.0363843985176
 20
-104.5611030996402
 10
166.6183113741519
 20
-104.5611030996402
 10
166.6183113741519
 20
-104.5611030996402
 10
166.4942461848122
 20
-104.5611030996402
 10
166.4322095285596
 20
-104.4991476750923
 10
166.4322095285596
 20
-104.3750743625835
 10
166.4322095285596
 20
-104.3750743625835
 10
166.4322095285596
 20
-104.2820234397909
 10
166.4322095285596
 20
-104.2820234397909
 10
166.4322095285596
 20
-104.2820234397909
 10
168.3854178511498
 20
-104.2820234397909
 10
168.3854178511498
 20
-104.2820234397909
 10
168.3854178511498
 20
-104.2820234397909
 10
168.3854178511498
 20
-103.7240347066793
 10
168.3854178511498
 20
-103.7240347066793
 10
168.3854178511498
 20
-103.7240347066793
 10
166.4322095285596
 20
-103.7240347066793
 10
166.4322095285596
 20
-103.7240347066793
 10
166.4322095285596
 20
-103.7240347066793
 10
166.4322095285596
 20
-103.630983783887
 10
166.4322095285596
 20
-103.630983783887
 10
166.4322095285596
 20
-103.5069917030884
 10
166.4942461848122
 20
-103.4450362785405
 10
166.6183113741519
 20
-103.4450362785405
 10
166.6183113741519
 20
-103.4450362785405
 10
169.0363843985176
 20
-103.4450362785405
 10
169.0363843985176
 20
-103.4450362785405
 10
169.0363843985176
 20
-103.4450362785405
 10
169.0363843985176
 20
-102.8870475454321
 10
169.0363843985176
 20
-102.8870475454321
 10
169.0363843985176
 20
-102.8870475454321
 10
166.6183113741519
 20
-102.8870475454321
 10
166.6183113741519
 20
-102.8870475454321
 10
165.9981235213725
 20
-102.8870475454321
 10
165.6881108266844
 20
-103.1350235838619
 10
165.6881108266844
 20
-103.630983783887
 10
165.6881108266844
 20
-103.630983783887
 10
165.6881108266844
 20
-104.3750743625835
 10
165.6881108266844
 20
-104.3750743625835
 10
165.6881108266844
 20
-104.871197026028
 10
165.9981235213725
 20
-105.119091832746
 10
166.6183113741519
 20
-105.119091832746
 72
     1
 10
166.6183113741519
 20
-105.119091832746
 11
166.6183113741519
 21
-105.119091832746
 97
        0
 75
     2
 76
     1
 98
        0
  0
POLYLINE
  5
43
330
1F
100
AcDbEntity
  8
Capa 1
370
     0
100
AcDb2dPolyline
 66
     1
 10
0.0
 20
0.0
 30
0.0
  0
VERTEX
  5
44
330
43
100
AcDbEntity
  8
Capa 1
370
     0
100
AcDbVertex
100
AcDb2dVertex
 10
163.3035215128189
 20
-103.4450362785405
 30
0.0
  0
VERTEX
  5
45
330
43
100
AcDbEntity
  8
Capa 1
370
     0
100
AcDbVertex
100
AcDb2dVertex
 10
163.3035215128189
 20
-105.119091832746
 30
0.0
  0
VERTEX
  5
46
330
43
100
AcDbEntity
  8
Capa 1
370
     0
100
AcDbVertex
100
AcDb2dVertex
 10
164.047612091526
 20
-105.119091832746
 30
0.0
  0
VERTEX
  5
47
330
43
100
AcDbEntity
  8
Capa 1
370
     0
100
AcDbVertex
100
AcDb2dVertex
 10
164.047612091526
 20
-103.4450362785405
 30
0.0
  0
VERTEX
  5
48
330
43
100
AcDbEntity
  8
Capa 1
370
     0
100
AcDbVertex
100
AcDb2dVertex
 10
165.1637601443266
 20
-103.4450362785405
 30
0.0
  0
VERTEX
  5
49
330
43
100
AcDbEntity
  8
Capa 1
370
     0
100
AcDbVertex
100
AcDb2dVertex
 10
165.1637601443266
 20
-102.8870475454321
 30
0.0
  0
VERTEX
  5
4A
330
43
100
AcDbEntity
  8
Capa 1
370
     0
100
AcDbVertex
100
AcDb2dVertex
 10
162.1875345424965
 20
-102.8870475454321
 30
0.0
  0
VERTEX
  5
4B
330
43
100
AcDbEntity
  8
Capa 1
370
     0
100
AcDbVertex
100
AcDb2dVertex
 10
162.1875345424965
 20
-103.4450362785405
 30
0.0
  0
VERTEX
  5
4C
330
43
100
AcDbEntity
  8
Capa 1
370
     0
100
AcDbVertex
100
AcDb2dVertex
 10
163.3035215128189
 20
-103.4450362785405
 30
0.0
  0
SEQEND
  5
4E
330
43
100
AcDbEntity
  8
Capa 1
370
     0
  0
HATCH
  5
4D
330
1F
100
AcDbEntity
  8
Capa 1
 62
   255
100
AcDbHatch
 10
0.0
 20
0.0
 30
0.0
210
0.0
220
0.0
230
1.0
  2
SOLID
 70
     1
 71
     0
 91
        1
 92
        1
 93
        8
 72
     1
 10
163.3035215128189
 20
-103.4450362785405
 11
163.3035215128189
 21
-105.119091832746
 72
     1
 10
163.3035215128189
 20
-105.119091832746
 11
164.047612091526
 21
-105.119091832746
 72
     1
 10
164.047612091526
 20
-105.119091832746
 11
164.047612091526
 21
-103.4450362785405
 72
     1
 10
164.047612091526
 20
-103.4450362785405
 11
165.1637601443266
 21
-103.4450362785405
 72
     1
 10
165.1637601443266
 20
-103.4450362785405
 11
165.1637601443266
 21
-102.8870475454321
 72
     1
 10
165.1637601443266
 20
-102.8870475454321
 11
162.1875345424965
 21
-102.8870475454321
 72
     1
 10
162.1875345424965
 20
-102.8870475454321
 11
162.1875345424965
 21
-103.4450362785405
 72
     1
 10
162.1875345424965
 20
-103.4450362785405
 11
163.3035215128189
 21
-103.4450362785405
 97
        0
 75
     2
 76
     1
 98
        0
  0
SPLINE
  5
4F
330
1F
100
AcDbEntity
  8
Capa 1
370
     0
100
AcDbSpline
210
0.0
220
0.0
230
1.0
 70
    11
 71
     3
 72
    35
 73
    31
 74
     0
 42
0.0000000001
 43
0.0000000001
 12
1.0
 22
0.0
 32
0.0
 13
1.0
 23
0.0
 33
0.0
 40
0.0
 40
0.0
 40
0.0
 40
0.0
 40
1.0
 40
1.0
 40
1.0
 40
2.0
 40
2.0
 40
2.0
 40
3.0
 40
3.0
 40
3.0
 40
4.0
 40
4.0
 40
4.0
 40
5.0
 40
5.0
 40
5.0
 40
6.0
 40
6.0
 40
6.0
 40
7.0
 40
7.0
 40
7.0
 40
8.0
 40
8.0
 40
8.0
 40
9.0
 40
9.0
 40
9.0
 40
10.0
 40
10.0
 40
10.0
 40
10.0
 10
161.663177117902
 20
-103.630983783887
 30
0.0
 10
161.663177117902
 20
-103.1350235838619
 30
0.0
 10
161.3530060213884
 20
-102.8870475454321
 30
0.0
 10
160.7329765704408
 20
-102.8870475454321
 30
0.0
 10
160.7329765704408
 20
-102.8870475454321
 30
0.0
 10
158.314911669247
 20
-102.8870475454321
 30
0.0
 10
158.314911669247
 20
-102.8870475454321
 30
0.0
 10
158.314911669247
 20
-102.8870475454321
 30
0.0
 10
158.314911669247
 20
-105.119091832746
 30
0.0
 10
158.314911669247
 20
-105.119091832746
 30
0.0
 10
158.314911669247
 20
-105.119091832746
 30
0.0
 10
159.0590022479426
 20
-105.119091832746
 30
0.0
 10
159.0590022479426
 20
-105.119091832746
 30
0.0
 10
159.0590022479426
 20
-105.119091832746
 30
0.0
 10
159.0590022479426
 20
-103.4450362785405
 30
0.0
 10
159.0590022479426
 20
-103.4450362785405
 30
0.0
 10
159.0590022479426
 20
-103.4450362785405
 30
0.0
 10
160.7329765704408
 20
-103.4450362785405
 30
0.0
 10
160.7329765704408
 20
-103.4450362785405
 30
0.0
 10
160.8570498829473
 20
-103.4450362785405
 30
0.0
 10
160.9190784160345
 20
-103.5069917030884
 30
0.0
 10
160.9190784160345
 20
-103.630983783887
 30
0.0
 10
160.9190784160345
 20
-103.630983783887
 30
0.0
 10
160.9190784160345
 20
-105.119091832746
 30
0.0
 10
160.9190784160345
 20
-105.119091832746
 30
0.0
 10
160.9190784160345
 20
-105.119091832746
 30
0.0
 10
161.663177117902
 20
-105.119091832746
 30
0.0
 10
161.663177117902
 20
-105.119091832746
 30
0.0
 10
161.663177117902
 20
-105.119091832746
 30
0.0
 10
161.663177117902
 20
-103.630983783887
 30
0.0
 10
161.663177117902
 20
-103.630983783887
 30
0.0
  0
HATCH
  5
50
330
1F
100
AcDbEntity
  8
Capa 1
 62
   255
100
AcDbHatch
 10
0.0
 20
0.0
 30
0.0
210
0.0
220
0.0
230
1.0
  2
SOLID
 70
     1
 71
     0
 91
        1
 92
        1
 93
        1
 72
     4
 94
        3
 73
     0
 74
     1
 95
       35
 96
       31
 40
0.0
 40
0.0
 40
0.0
 40
0.0
 40
1.0
 40
1.0
 40
1.0
 40
2.0
 40
2.0
 40
2.0
 40
3.0
 40
3.0
 40
3.0
 40
4.0
 40
4.0
 40
4.0
 40
5.0
 40
5.0
 40
5.0
 40
6.0
 40
6.0
 40
6.0
 40
7.0
 40
7.0
 40
7.0
 40
8.0
 40
8.0
 40
8.0
 40
9.0
 40
9.0
 40
9.0
 40
10.0
 40
10.0
 40
10.0
 40
10.0
 10
161.663177117902
 20
-103.630983783887
 10
161.663177117902
 20
-103.1350235838619
 10
161.3530060213884
 20
-102.8870475454321
 10
160.7329765704408
 20
-102.8870475454321
 10
160.7329765704408
 20
-102.8870475454321
 10
158.314911669247
 20
-102.8870475454321
 10
158.314911669247
 20
-102.8870475454321
 10
158.314911669247
 20
-102.8870475454321
 10
158.314911669247
 20
-105.119091832746
 10
158.314911669247
 20
-105.119091832746
 10
158.314911669247
 20
-105.119091832746
 10
159.0590022479426
 20
-105.119091832746
 10
159.0590022479426
 20
-105.119091832746
 10
159.0590022479426
 20
-105.119091832746
 10
159.0590022479426
 20
-103.4450362785405
 10
159.0590022479426
 20
-103.4450362785405
 10
159.0590022479426
 20
-103.4450362785405
 10
160.7329765704408
 20
-103.4450362785405
 10
160.7329765704408
 20
-103.4450362785405
 10
160.8570498829473
 20
-103.4450362785405
 10
160.9190784160345
 20
-103.5069917030884
 10
160.9190784160345
 20
-103.630983783887
 10
160.9190784160345
 20
-103.630983783887
 10
160.9190784160345
 20
-105.119091832746
 10
160.9190784160345
 20
-105.119091832746
 10
160.9190784160345
 20
-105.119091832746
 10
161.663177117902
 20
-105.119091832746
 10
161.663177117902
 20
-105.119091832746
 10
161.663177117902
 20
-105.119091832746
 10
161.663177117902
 20
-103.630983783887
 10
161.663177117902
 20
-103.630983783887
 97
        0
 75
     2
 76
     1
 98
        0
  0
SPLINE
  5
51
330
1F
100
AcDbEntity
  8
Capa 1
370
     0
100
AcDbSpline
210
0.0
220
0.0
230
1.0
 70
    11
 71
     3
 72
    29
 73
    25
 74
     0
 42
0.0000000001
 43
0.0000000001
 12
1.0
 22
0.0
 32
0.0
 13
1.0
 23
0.0
 33
0.0
 40
0.0
 40
0.0
 40
0.0
 40
0.0
 40
1.0
 40
1.0
 40
1.0
 40
2.0
 40
2.0
 40
2.0
 40
3.0
 40
3.0
 40
3.0
 40
4.0
 40
4.0
 40
4.0
 40
5.0
 40
5.0
 40
5.0
 40
6.0
 40
6.0
 40
6.0
 40
7.0
 40
7.0
 40
7.0
 40
8.0
 40
8.0
 40
8.0
 40
8.0
 10
156.8593779166735
 20
-102.8883521769632
 30
0.0
 10
156.8593779166735
 20
-102.8883521769632
 30
0.0
 10
154.2550222642973
 20
-102.8883521769632
 30
0.0
 10
154.2550222642973
 20
-102.8883521769632
 30
0.0
 10
153.6369420186903
 20
-102.8883521769632
 30
0.0
 10
153.325266038924
 20
-103.1339947002967
 30
0.0
 10
153.325266038924
 20
-103.630567582353
 30
0.0
 10
153.325266038924
 20
-103.630567582353
 30
0.0
 10
153.325266038924
 20
-104.3754269054362
 30
0.0
 10
153.325266038924
 20
-104.3754269054362
 30
0.0
 10
153.325266038924
 20
-104.8719997874974
 30
0.0
 10
153.6369420186903
 20
-105.1202701070728
 30
0.0
 10
154.2550222642973
 20
-105.1202701070728
 30
0.0
 10
154.2550222642973
 20
-105.1202701070728
 30
0.0
 10
156.8593779166735
 20
-105.1202701070728
 30
0.0
 10
156.8593779166735
 20
-105.1202701070728
 30
0.0
 10
157.4801020799695
 20
-105.1202701070728
 30
0.0
 10
157.7891341420429
 20
-104.8719997874974
 30
0.0
 10
157.7891341420429
 20
-104.3754269054362
 30
0.0
 10
157.7891341420429
 20
-104.3754269054362
 30
0.0
 10
157.7891341420429
 20
-103.630567582353
 30
0.0
 10
157.7891341420429
 20
-103.630567582353
 30
0.0
 10
157.7891341420429
 20
-103.1339947002967
 30
0.0
 10
157.4801020799695
 20
-102.8883521769632
 30
0.0
 10
156.8593779166735
 20
-102.8883521769632
 30
0.0
  0
SPLINE
  5
52
330
1F
100
AcDbEntity
  8
Capa 1
370
     0
100
AcDbSpline
210
0.0
220
0.0
230
1.0
 70
    11
 71
     3
 72
    29
 73
    25
 74
     0
 42
0.0000000001
 43
0.0000000001
 12
1.0
 22
0.0
 32
0.0
 13
1.0
 23
0.0
 33
0.0
 40
0.0
 40
0.0
 40
0.0
 40
0.0
 40
1.0
 40
1.0
 40
1.0
 40
2.0
 40
2.0
 40
2.0
 40
3.0
 40
3.0
 40
3.0
 40
4.0
 40
4.0
 40
4.0
 40
5.0
 40
5.0
 40
5.0
 40
6.0
 40
6.0
 40
6.0
 40
7.0
 40
7.0
 40
7.0
 40
8.0
 40
8.0
 40
8.0
 40
8.0
 10
157.0469187366486
 20
-104.3754269054362
 30
0.0
 10
157.0469187366486
 20
-104.4995620652248
 30
0.0
 10
156.9835291979131
 20
-104.5603076862752
 30
0.0
 10
156.8593779166735
 20
-104.5603076862752
 30
0.0
 10
156.8593779166735
 20
-104.5603076862752
 30
0.0
 10
154.2550222642973
 20
-104.5603076862752
 30
0.0
 10
154.2550222642973
 20
-104.5603076862752
 30
0.0
 10
154.1308871045114
 20
-104.5603076862752
 30
0.0
 10
154.0701253620111
 20
-104.4995620652248
 30
0.0
 10
154.0701253620111
 20
-104.3754269054362
 30
0.0
 10
154.0701253620111
 20
-104.3754269054362
 30
0.0
 10
154.0701253620111
 20
-103.630567582353
 30
0.0
 10
154.0701253620111
 20
-103.630567582353
 30
0.0
 10
154.0674814443221
 20
-103.5064163011185
 30
0.0
 10
154.1282431868186
 20
-103.4456706800697
 30
0.0
 10
154.2523783466109
 20
-103.4456706800697
 30
0.0
 10
154.2523783466109
 20
-103.4456706800697
 30
0.0
 10
156.8593779166735
 20
-103.4456706800697
 30
0.0
 10
156.8593779166735
 20
-103.4456706800697
 30
0.0
 10
156.9835291979131
 20
-103.4456706800697
 30
0.0
 10
157.0469187366486
 20
-103.5064163011185
 30
0.0
 10
157.0469187366486
 20
-103.630567582353
 30
0.0
 10
157.0469187366486
 20
-103.630567582353
 30
0.0
 10
157.0469187366486
 20
-104.3754269054362
 30
0.0
 10
157.0469187366486
 20
-104.3754269054362
 30
0.0
  0
HATCH
  5
53
330
1F
100
AcDbEntity
  8
Capa 1
 62
   255
100
AcDbHatch
 10
0.0
 20
0.0
 30
0.0
210
0.0
220
0.0
230
1.0
  2
SOLID
 70
     1
 71
     0
 91
        2
 92
        1
 93
        1
 72
     4
 94
        3
 73
     0
 74
     1
 95
       29
 96
       25
 40
0.0
 40
0.0
 40
0.0
 40
0.0
 40
1.0
 40
1.0
 40
1.0
 40
2.0
 40
2.0
 40
2.0
 40
3.0
 40
3.0
 40
3.0
 40
4.0
 40
4.0
 40
4.0
 40
5.0
 40
5.0
 40
5.0
 40
6.0
 40
6.0
 40
6.0
 40
7.0
 40
7.0
 40
7.0
 40
8.0
 40
8.0
 40
8.0
 40
8.0
 10
156.8593779166735
 20
-102.8883521769632
 10
156.8593779166735
 20
-102.8883521769632
 10
154.2550222642973
 20
-102.8883521769632
 10
154.2550222642973
 20
-102.8883521769632
 10
153.6369420186903
 20
-102.8883521769632
 10
153.325266038924
 20
-103.1339947002967
 10
153.325266038924
 20
-103.630567582353
 10
153.325266038924
 20
-103.630567582353
 10
153.325266038924
 20
-104.3754269054362
 10
153.325266038924
 20
-104.3754269054362
 10
153.325266038924
 20
-104.8719997874974
 10
153.6369420186903
 20
-105.1202701070728
 10
154.2550222642973
 20
-105.1202701070728
 10
154.2550222642973
 20
-105.1202701070728
 10
156.8593779166735
 20
-105.1202701070728
 10
156.8593779166735
 20
-105.1202701070728
 10
157.4801020799695
 20
-105.1202701070728
 10
157.7891341420429
 20
-104.8719997874974
 10
157.7891341420429
 20
-104.3754269054362
 10
157.7891341420429
 20
-104.3754269054362
 10
157.7891341420429
 20
-103.630567582353
 10
157.7891341420429
 20
-103.630567582353
 10
157.7891341420429
 20
-103.1339947002967
 10
157.4801020799695
 20
-102.8883521769632
 10
156.8593779166735
 20
-102.8883521769632
 97
        0
 92
        1
 93
        1
 72
     4
 94
        3
 73
     0
 74
     1
 95
       29
 96
       25
 40
0.0
 40
0.0
 40
0.0
 40
0.0
 40
1.0
 40
1.0
 40
1.0
 40
2.0
 40
2.0
 40
2.0
 40
3.0
 40
3.0
 40
3.0
 40
4.0
 40
4.0
 40
4.0
 40
5.0
 40
5.0
 40
5.0
 40
6.0
 40
6.0
 40
6.0
 40
7.0
 40
7.0
 40
7.0
 40
8.0
 40
8.0
 40
8.0
 40
8.0
 10
157.0469187366486
 20
-104.3754269054362
 10
157.0469187366486
 20
-104.4995620652248
 10
156.9835291979131
 20
-104.5603076862752
 10
156.8593779166735
 20
-104.5603076862752
 10
156.8593779166735
 20
-104.5603076862752
 10
154.2550222642973
 20
-104.5603076862752
 10
154.2550222642973
 20
-104.5603076862752
 10
154.1308871045114
 20
-104.5603076862752
 10
154.0701253620111
 20
-104.4995620652248
 10
154.0701253620111
 20
-104.3754269054362
 10
154.0701253620111
 20
-104.3754269054362
 10
154.0701253620111
 20
-103.630567582353
 10
154.0701253620111
 20
-103.630567582353
 10
154.0674814443221
 20
-103.5064163011185
 10
154.1282431868186
 20
-103.4456706800697
 10
154.2523783466109
 20
-103.4456706800697
 10
154.2523783466109
 20
-103.4456706800697
 10
156.8593779166735
 20
-103.4456706800697
 10
156.8593779166735
 20
-103.4456706800697
 10
156.9835291979131
 20
-103.4456706800697
 10
157.0469187366486
 20
-103.5064163011185
 10
157.0469187366486
 20
-103.630567582353
 10
157.0469187366486
 20
-103.630567582353
 10
157.0469187366486
 20
-104.3754269054362
 10
157.0469187366486
 20
-104.3754269054362
 97
        0
 75
     2
 76
     1
 98
        0
  0
SPLINE
  5
54
330
1F
100
AcDbEntity
  8
Capa 1
370
     0
100
AcDbSpline
210
0.0
220
0.0
230
1.0
 70
    11
 71
     3
 72
    44
 73
    40
 74
     0
 42
0.0000000001
 43
0.0000000001
 12
1.0
 22
0.0
 32
0.0
 13
1.0
 23
0.0
 33
0.0
 40
0.0
 40
0.0
 40
0.0
 40
0.0
 40
1.0
 40
1.0
 40
1.0
 40
2.0
 40
2.0
 40
2.0
 40
3.0
 40
3.0
 40
3.0
 40
4.0
 40
4.0
 40
4.0
 40
5.0
 40
5.0
 40
5.0
 40
6.0
 40
6.0
 40
6.0
 40
7.0
 40
7.0
 40
7.0
 40
8.0
 40
8.0
 40
8.0
 40
9.0
 40
9.0
 40
9.0
 40
10.0
 40
10.0
 40
10.0
 40
11.0
 40
11.0
 40
11.0
 40
12.0
 40
12.0
 40
12.0
 40
13.0
 40
13.0
 40
13.0
 40
13.0
 10
152.8022862228778
 20
-103.5381110704894
 30
0.0
 10
152.7388966841423
 20
-103.1049438486233
 30
0.0
 10
152.4298646220611
 20
-102.8883521769632
 30
0.0
 10
151.8725299975083
 20
-102.8883521769632
 30
0.0
 10
151.8725299975083
 20
-102.8883521769632
 30
0.0
 10
149.453071247421
 20
-102.8883521769632
 30
0.0
 10
149.453071247421
 20
-102.8883521769632
 30
0.0
 10
149.453071247421
 20
-102.8883521769632
 30
0.0
 10
149.453071247421
 20
-105.1202701070728
 30
0.0
 10
149.453071247421
 20
-105.1202701070728
 30
0.0
 10
149.453071247421
 20
-105.1202701070728
 30
0.0
 10
150.1979305705081
 20
-105.1202701070728
 30
0.0
 10
150.1979305705081
 20
-105.1202701070728
 30
0.0
 10
150.1979305705081
 20
-105.1202701070728
 30
0.0
 10
150.1979305705081
 20
-104.2829703935711
 30
0.0
 10
150.1979305705081
 20
-104.2829703935711
 30
0.0
 10
150.1979305705081
 20
-104.2829703935711
 30
0.0
 10
151.8725299975083
 20
-104.2829703935711
 30
0.0
 10
151.8725299975083
 20
-104.2829703935711
 30
0.0
 10
151.996681278748
 20
-104.2829703935711
 30
0.0
 10
152.0574268997946
 20
-104.3437321360698
 30
0.0
 10
152.0574268997946
 20
-104.4678672958589
 30
0.0
 10
152.0574268997946
 20
-104.4678672958589
 30
0.0
 10
152.0574268997946
 20
-105.1202701070728
 30
0.0
 10
152.0574268997946
 20
-105.1202701070728
 30
0.0
 10
152.0574268997946
 20
-105.1202701070728
 30
0.0
 10
152.8022862228778
 20
-105.1202701070728
 30
0.0
 10
152.8022862228778
 20
-105.1202701070728
 30
0.0
 10
152.8022862228778
 20
-105.1202701070728
 30
0.0
 10
152.8022862228778
 20
-104.3754269054362
 30
0.0
 10
152.8022862228778
 20
-104.3754269054362
 30
0.0
 10
152.8022862228778
 20
-104.187886085463
 30
0.0
 10
152.7521001511359
 20
-104.0637348042233
 30
0.0
 10
152.6517280076534
 20
-104.0029891831745
 30
0.0
 10
152.7283371348325
 20
-103.9052609573742
 30
0.0
 10
152.7758792888893
 20
-103.7784818798955
 30
0.0
 10
152.8022862228778
 20
-103.630567582353
 30
0.0
 10
152.8022862228778
 20
-103.630567582353
 30
0.0
 10
152.8022862228778
 20
-103.5381110704894
 30
0.0
 10
152.8022862228778
 20
-103.5381110704894
 30
0.0
  0
SPLINE
  5
55
330
1F
100
AcDbEntity
  8
Capa 1
370
     0
100
AcDbSpline
210
0.0
220
0.0
230
1.0
 70
    11
 71
     3
 72
    20
 73
    16
 74
     0
 42
0.0000000001
 43
0.0000000001
 12
1.0
 22
0.0
 32
0.0
 13
1.0
 23
0.0
 33
0.0
 40
0.0
 40
0.0
 40
0.0
 40
0.0
 40
1.0
 40
1.0
 40
1.0
 40
2.0
 40
2.0
 40
2.0
 40
3.0
 40
3.0
 40
3.0
 40
4.0
 40
4.0
 40
4.0
 40
5.0
 40
5.0
 40
5.0
 40
5.0
 10
151.8725299975083
 20
-103.7230079727789
 30
0.0
 10
151.8725299975083
 20
-103.7230079727789
 30
0.0
 10
150.1979305705081
 20
-103.7230079727789
 30
0.0
 10
150.1979305705081
 20
-103.7230079727789
 30
0.0
 10
150.1979305705081
 20
-103.7230079727789
 30
0.0
 10
150.1979305705081
 20
-103.4456706800697
 30
0.0
 10
150.1979305705081
 20
-103.4456706800697
 30
0.0
 10
150.1979305705081
 20
-103.4456706800697
 30
0.0
 10
151.8725299975083
 20
-103.4456706800697
 30
0.0
 10
151.8725299975083
 20
-103.4456706800697
 30
0.0
 10
151.996681278748
 20
-103.4456706800697
 30
0.0
 10
152.0574268997946
 20
-103.4932128341229
 30
0.0
 10
152.0574268997946
 20
-103.5856532245424
 30
0.0
 10
152.0574268997946
 20
-103.6781097364124
 30
0.0
 10
151.996681278748
 20
-103.7230079727789
 30
0.0
 10
151.8725299975083
 20
-103.7230079727789
 30
0.0
  0
HATCH
  5
56
330
1F
100
AcDbEntity
  8
Capa 1
 62
   255
100
AcDbHatch
 10
0.0
 20
0.0
 30
0.0
210
0.0
220
0.0
230
1.0
  2
SOLID
 70
     1
 71
     0
 91
        2
 92
        1
 93
        1
 72
     4
 94
        3
 73
     0
 74
     1
 95
       44
 96
       40
 40
0.0
 40
0.0
 40
0.0
 40
0.0
 40
1.0
 40
1.0
 40
1.0
 40
2.0
 40
2.0
 40
2.0
 40
3.0
 40
3.0
 40
3.0
 40
4.0
 40
4.0
 40
4.0
 40
5.0
 40
5.0
 40
5.0
 40
6.0
 40
6.0
 40
6.0
 40
7.0
 40
7.0
 40
7.0
 40
8.0
 40
8.0
 40
8.0
 40
9.0
 40
9.0
 40
9.0
 40
10.0
 40
10.0
 40
10.0
 40
11.0
 40
11.0
 40
11.0
 40
12.0
 40
12.0
 40
12.0
 40
13.0
 40
13.0
 40
13.0
 40
13.0
 10
152.8022862228778
 20
-103.5381110704894
 10
152.7388966841423
 20
-103.1049438486233
 10
152.4298646220611
 20
-102.8883521769632
 10
151.8725299975083
 20
-102.8883521769632
 10
151.8725299975083
 20
-102.8883521769632
 10
149.453071247421
 20
-102.8883521769632
 10
149.453071247421
 20
-102.8883521769632
 10
149.453071247421
 20
-102.8883521769632
 10
149.453071247421
 20
-105.1202701070728
 10
149.453071247421
 20
-105.1202701070728
 10
149.453071247421
 20
-105.1202701070728
 10
150.1979305705081
 20
-105.1202701070728
 10
150.1979305705081
 20
-105.1202701070728
 10
150.1979305705081
 20
-105.1202701070728
 10
150.1979305705081
 20
-104.2829703935711
 10
150.1979305705081
 20
-104.2829703935711
 10
150.1979305705081
 20
-104.2829703935711
 10
151.8725299975083
 20
-104.2829703935711
 10
151.8725299975083
 20
-104.2829703935711
 10
151.996681278748
 20
-104.2829703935711
 10
152.0574268997946
 20
-104.3437321360698
 10
152.0574268997946
 20
-104.4678672958589
 10
152.0574268997946
 20
-104.4678672958589
 10
152.0574268997946
 20
-105.1202701070728
 10
152.0574268997946
 20
-105.1202701070728
 10
152.0574268997946
 20
-105.1202701070728
 10
152.8022862228778
 20
-105.1202701070728
 10
152.8022862228778
 20
-105.1202701070728
 10
152.8022862228778
 20
-105.1202701070728
 10
152.8022862228778
 20
-104.3754269054362
 10
152.8022862228778
 20
-104.3754269054362
 10
152.8022862228778
 20
-104.187886085463
 10
152.7521001511359
 20
-104.0637348042233
 10
152.6517280076534
 20
-104.0029891831745
 10
152.7283371348325
 20
-103.9052609573742
 10
152.7758792888893
 20
-103.7784818798955
 10
152.8022862228778
 20
-103.630567582353
 10
152.8022862228778
 20
-103.630567582353
 10
152.8022862228778
 20
-103.5381110704894
 10
152.8022862228778
 20
-103.5381110704894
 97
        0
 92
        1
 93
        1
 72
     4
 94
        3
 73
     0
 74
     1
 95
       20
 96
       16
 40
0.0
 40
0.0
 40
0.0
 40
0.0
 40
1.0
 40
1.0
 40
1.0
 40
2.0
 40
2.0
 40
2.0
 40
3.0
 40
3.0
 40
3.0
 40
4.0
 40
4.0
 40
4.0
 40
5.0
 40
5.0
 40
5.0
 40
5.0
 10
151.8725299975083
 20
-103.7230079727789
 10
151.8725299975083
 20
-103.7230079727789
 10
150.1979305705081
 20
-103.7230079727789
 10
150.1979305705081
 20
-103.7230079727789
 10
150.1979305705081
 20
-103.7230079727789
 10
150.1979305705081
 20
-103.4456706800697
 10
150.1979305705081
 20
-103.4456706800697
 10
150.1979305705081
 20
-103.4456706800697
 10
151.8725299975083
 20
-103.4456706800697
 10
151.8725299975083
 20
-103.4456706800697
 10
151.996681278748
 20
-103.4456706800697
 10
152.0574268997946
 20
-103.4932128341229
 10
152.0574268997946
 20
-103.5856532245424
 10
152.0574268997946
 20
-103.6781097364124
 10
151.996681278748
 20
-103.7230079727789
 10
151.8725299975083
 20
-103.7230079727789
 97
        0
 75
     2
 76
     1
 98
        0
  0
SPLINE
  5
57
330
1F
100
AcDbEntity
  8
Capa 1
370
     0
100
AcDbSpline
210
0.0
220
0.0
230
1.0
 70
    11
 71
     3
 72
    53
 73
    49
 74
     0
 42
0.0000000001
 43
0.0000000001
 12
1.0
 22
0.0
 32
0.0
 13
1.0
 23
0.0
 33
0.0
 40
0.0
 40
0.0
 40
0.0
 40
0.0
 40
1.0
 40
1.0
 40
1.0
 40
2.0
 40
2.0
 40
2.0
 40
3.0
 40
3.0
 40
3.0
 40
4.0
 40
4.0
 40
4.0
 40
5.0
 40
5.0
 40
5.0
 40
6.0
 40
6.0
 40
6.0
 40
7.0
 40
7.0
 40
7.0
 40
8.0
 40
8.0
 40
8.0
 40
9.0
 40
9.0
 40
9.0
 40
10.0
 40
10.0
 40
10.0
 40
11.0
 40
11.0
 40
11.0
 40
12.0
 40
12.0
 40
12.0
 40
13.0
 40
13.0
 40
13.0
 40
14.0
 40
14.0
 40
14.0
 40
15.0
 40
15.0
 40
15.0
 40
16.0
 40
16.0
 40
16.0
 40
16.0
 10
146.5107664744961
 20
-105.119091832746
 30
0.0
 10
146.5107664744961
 20
-105.119091832746
 30
0.0
 10
148.9288394988608
 20
-105.119091832746
 30
0.0
 10
148.9288394988608
 20
-105.119091832746
 30
0.0
 10
148.9288394988608
 20
-105.119091832746
 30
0.0
 10
148.9288394988608
 20
-104.5611030996402
 30
0.0
 10
148.9288394988608
 20
-104.5611030996402
 30
0.0
 10
148.9288394988608
 20
-104.5611030996402
 30
0.0
 10
146.5107664744961
 20
-104.5611030996402
 30
0.0
 10
146.5107664744961
 20
-104.5611030996402
 30
0.0
 10
146.3865388217436
 20
-104.5611030996402
 30
0.0
 10
146.3246646289068
 20
-104.4991476750923
 30
0.0
 10
146.3246646289068
 20
-104.3750743625835
 30
0.0
 10
146.3246646289068
 20
-104.3750743625835
 30
0.0
 10
146.3246646289068
 20
-104.2820234397909
 30
0.0
 10
146.3246646289068
 20
-104.2820234397909
 30
0.0
 10
146.3246646289068
 20
-104.2820234397909
 30
0.0
 10
148.2778729514981
 20
-104.2820234397909
 30
0.0
 10
148.2778729514981
 20
-104.2820234397909
 30
0.0
 10
148.2778729514981
 20
-104.2820234397909
 30
0.0
 10
148.2778729514981
 20
-103.7240347066793
 30
0.0
 10
148.2778729514981
 20
-103.7240347066793
 30
0.0
 10
148.2778729514981
 20
-103.7240347066793
 30
0.0
 10
146.3246646289068
 20
-103.7240347066793
 30
0.0
 10
146.3246646289068
 20
-103.7240347066793
 30
0.0
 10
146.3246646289068
 20
-103.7240347066793
 30
0.0
 10
146.3246646289068
 20
-103.630983783887
 30
0.0
 10
146.3246646289068
 20
-103.630983783887
 30
0.0
 10
146.3246646289068
 20
-103.5069917030884
 30
0.0
 10
146.3865388217436
 20
-103.4450362785405
 30
0.0
 10
146.5107664744961
 20
-103.4450362785405
 30
0.0
 10
146.5107664744961
 20
-103.4450362785405
 30
0.0
 10
148.9288394988608
 20
-103.4450362785405
 30
0.0
 10
148.9288394988608
 20
-103.4450362785405
 30
0.0
 10
148.9288394988608
 20
-103.4450362785405
 30
0.0
 10
148.9288394988608
 20
-102.8870475454321
 30
0.0
 10
148.9288394988608
 20
-102.8870475454321
 30
0.0
 10
148.9288394988608
 20
-102.8870475454321
 30
0.0
 10
146.5107664744961
 20
-102.8870475454321
 30
0.0
 10
146.5107664744961
 20
-102.8870475454321
 30
0.0
 10
145.890578621716
 20
-102.8870475454321
 30
0.0
 10
145.5807283904559
 20
-103.1350235838619
 30
0.0
 10
145.5807283904559
 20
-103.630983783887
 30
0.0
 10
145.5807283904559
 20
-103.630983783887
 30
0.0
 10
145.5807283904559
 20
-104.3750743625835
 30
0.0
 10
145.5807283904559
 20
-104.3750743625835
 30
0.0
 10
145.5807283904559
 20
-104.871197026028
 30
0.0
 10
145.890578621716
 20
-105.119091832746
 30
0.0
 10
146.5107664744961
 20
-105.119091832746
 30
0.0
  0
HATCH
  5
58
330
1F
100
AcDbEntity
  8
Capa 1
 62
   255
100
AcDbHatch
 10
0.0
 20
0.0
 30
0.0
210
0.0
220
0.0
230
1.0
  2
SOLID
 70
     1
 71
     0
 91
        1
 92
        1
 93
        2
 72
     4
 94
        3
 73
     0
 74
     0
 95
       53
 96
       49
 40
0.0
 40
0.0
 40
0.0
 40
0.0
 40
0.3527777776895833
 40
0.3527777776895833
 40
0.3527777776895833
 40
0.7055555553791667
 40
0.7055555553791667
 40
0.7055555553791667
 40
1.05833333306875
 40
1.05833333306875
 40
1.05833333306875
 40
1.411111110758333
 40
1.411111110758333
 40
1.411111110758333
 40
1.763888888447917
 40
1.763888888447917
 40
1.763888888447917
 40
2.1166666661375
 40
2.1166666661375
 40
2.1166666661375
 40
2.469444443827083
 40
2.469444443827083
 40
2.469444443827083
 40
2.822222221516667
 40
2.822222221516667
 40
2.822222221516667
 40
3.17499999920625
 40
3.17499999920625
 40
3.17499999920625
 40
3.527777776895833
 40
3.527777776895833
 40
3.527777776895833
 40
3.880555554585417
 40
3.880555554585417
 40
3.880555554585417
 40
4.233333332275
 40
4.233333332275
 40
4.233333332275
 40
4.586111109964584
 40
4.586111109964584
 40
4.586111109964584
 40
4.938888887654167
 40
4.938888887654167
 40
4.938888887654167
 40
5.29166666534375
 40
5.29166666534375
 40
5.29166666534375
 40
5.644444443033334
 40
5.644444443033334
 40
5.644444443033334
 40
5.644444443033334
 10
146.5107664744961
 20
-105.119091832746
 10
146.5107664744961
 20
-105.119091832746
 10
148.9288394988608
 20
-105.119091832746
 10
148.9288394988608
 20
-105.119091832746
 10
148.9288394988608
 20
-105.119091832746
 10
148.9288394988608
 20
-104.5611030996402
 10
148.9288394988608
 20
-104.5611030996402
 10
148.9288394988608
 20
-104.5611030996402
 10
146.5107664744961
 20
-104.5611030996402
 10
146.5107664744961
 20
-104.5611030996402
 10
146.3865388217436
 20
-104.5611030996402
 10
146.3246646289068
 20
-104.4991476750923
 10
146.3246646289068
 20
-104.3750743625835
 10
146.3246646289068
 20
-104.3750743625835
 10
146.3246646289068
 20
-104.2820234397909
 10
146.3246646289068
 20
-104.2820234397909
 10
146.3246646289068
 20
-104.2820234397909
 10
148.2778729514981
 20
-104.2820234397909
 10
148.2778729514981
 20
-104.2820234397909
 10
148.2778729514981
 20
-104.2820234397909
 10
148.2778729514981
 20
-103.7240347066793
 10
148.2778729514981
 20
-103.7240347066793
 10
148.2778729514981
 20
-103.7240347066793
 10
146.3246646289068
 20
-103.7240347066793
 10
146.3246646289068
 20
-103.7240347066793
 10
146.3246646289068
 20
-103.7240347066793
 10
146.3246646289068
 20
-103.630983783887
 10
146.3246646289068
 20
-103.630983783887
 10
146.3246646289068
 20
-103.5069917030884
 10
146.3865388217436
 20
-103.4450362785405
 10
146.5107664744961
 20
-103.4450362785405
 10
146.5107664744961
 20
-103.4450362785405
 10
148.9288394988608
 20
-103.4450362785405
 10
148.9288394988608
 20
-103.4450362785405
 10
148.9288394988608
 20
-103.4450362785405
 10
148.9288394988608
 20
-102.8870475454321
 10
148.9288394988608
 20
-102.8870475454321
 10
148.9288394988608
 20
-102.8870475454321
 10
146.5107664744961
 20
-102.8870475454321
 10
146.5107664744961
 20
-102.8870475454321
 10
145.890578621716
 20
-102.8870475454321
 10
145.5807283904559
 20
-103.1350235838619
 10
145.5807283904559
 20
-103.630983783887
 10
145.5807283904559
 20
-103.630983783887
 10
145.5807283904559
 20
-104.3750743625835
 10
145.5807283904559
 20
-104.3750743625835
 10
145.5807283904559
 20
-104.871197026028
 10
145.890578621716
 20
-105.119091832746
 10
146.5107664744961
 20
-105.119091832746
 72
     1
 10
146.5107664744961
 20
-105.119091832746
 11
146.5107664744961
 21
-105.119091832746
 97
        0
 75
     2
 76
     1
 98
        0
  0
SPLINE
  5
59
330
1F
100
AcDbEntity
  8
Capa 1
370
     0
100
AcDbSpline
210
0.0
220
0.0
230
1.0
 70
    11
 71
     3
 72
    35
 73
    31
 74
     0
 42
0.0000000001
 43
0.0000000001
 12
1.0
 22
0.0
 32
0.0
 13
1.0
 23
0.0
 33
0.0
 40
0.0
 40
0.0
 40
0.0
 40
0.0
 40
1.0
 40
1.0
 40
1.0
 40
2.0
 40
2.0
 40
2.0
 40
3.0
 40
3.0
 40
3.0
 40
4.0
 40
4.0
 40
4.0
 40
5.0
 40
5.0
 40
5.0
 40
6.0
 40
6.0
 40
6.0
 40
7.0
 40
7.0
 40
7.0
 40
8.0
 40
8.0
 40
8.0
 40
9.0
 40
9.0
 40
9.0
 40
10.0
 40
10.0
 40
10.0
 40
10.0
 10
144.3122708830492
 20
-102.8870475454321
 30
0.0
 10
144.3122708830492
 20
-102.8870475454321
 30
0.0
 10
144.3122708830492
 20
-104.3750743625835
 30
0.0
 10
144.3122708830492
 20
-104.3750743625835
 30
0.0
 10
144.3122708830492
 20
-104.4991476750923
 30
0.0
 10
144.2500798865461
 20
-104.5611030996402
 30
0.0
 10
144.126169037459
 20
-104.5611030996402
 30
0.0
 10
144.126169037459
 20
-104.5611030996402
 30
0.0
 10
142.4520403747152
 20
-104.5611030996402
 30
0.0
 10
142.4520403747152
 20
-104.5611030996402
 30
0.0
 10
142.4520403747152
 20
-104.5611030996402
 30
0.0
 10
142.4520403747152
 20
-102.8870475454321
 30
0.0
 10
142.4520403747152
 20
-102.8870475454321
 30
0.0
 10
142.4520403747152
 20
-102.8870475454321
 30
0.0
 10
141.707901056996
 20
-102.8870475454321
 30
0.0
 10
141.707901056996
 20
-102.8870475454321
 30
0.0
 10
141.707901056996
 20
-102.8870475454321
 30
0.0
 10
141.707901056996
 20
-105.119091832746
 30
0.0
 10
141.707901056996
 20
-105.119091832746
 30
0.0
 10
141.707901056996
 20
-105.119091832746
 30
0.0
 10
144.126169037459
 20
-105.119091832746
 30
0.0
 10
144.126169037459
 20
-105.119091832746
 30
0.0
 10
144.7463568902362
 20
-105.119091832746
 30
0.0
 10
145.056215244674
 20
-104.871197026028
 30
0.0
 10
145.056215244674
 20
-104.3750743625835
 30
0.0
 10
145.056215244674
 20
-104.3750743625835
 30
0.0
 10
145.056215244674
 20
-102.8870475454321
 30
0.0
 10
145.056215244674
 20
-102.8870475454321
 30
0.0
 10
145.056215244674
 20
-102.8870475454321
 30
0.0
 10
144.3122708830492
 20
-102.8870475454321
 30
0.0
 10
144.3122708830492
 20
-102.8870475454321
 30
0.0
  0
HATCH
  5
5A
330
1F
100
AcDbEntity
  8
Capa 1
 62
   255
100
AcDbHatch
 10
0.0
 20
0.0
 30
0.0
210
0.0
220
0.0
230
1.0
  2
SOLID
 70
     1
 71
     0
 91
        1
 92
        1
 93
        1
 72
     4
 94
        3
 73
     0
 74
     1
 95
       35
 96
       31
 40
0.0
 40
0.0
 40
0.0
 40
0.0
 40
1.0
 40
1.0
 40
1.0
 40
2.0
 40
2.0
 40
2.0
 40
3.0
 40
3.0
 40
3.0
 40
4.0
 40
4.0
 40
4.0
 40
5.0
 40
5.0
 40
5.0
 40
6.0
 40
6.0
 40
6.0
 40
7.0
 40
7.0
 40
7.0
 40
8.0
 40
8.0
 40
8.0
 40
9.0
 40
9.0
 40
9.0
 40
10.0
 40
10.0
 40
10.0
 40
10.0
 10
144.3122708830492
 20
-102.8870475454321
 10
144.3122708830492
 20
-102.8870475454321
 10
144.3122708830492
 20
-104.3750743625835
 10
144.3122708830492
 20
-104.3750743625835
 10
144.3122708830492
 20
-104.4991476750923
 10
144.2500798865461
 20
-104.5611030996402
 10
144.126169037459
 20
-104.5611030996402
 10
144.126169037459
 20
-104.5611030996402
 10
142.4520403747152
 20
-104.5611030996402
 10
142.4520403747152
 20
-104.5611030996402
 10
142.4520403747152
 20
-104.5611030996402
 10
142.4520403747152
 20
-102.8870475454321
 10
142.4520403747152
 20
-102.8870475454321
 10
142.4520403747152
 20
-102.8870475454321
 10
141.707901056996
 20
-102.8870475454321
 10
141.707901056996
 20
-102.8870475454321
 10
141.707901056996
 20
-102.8870475454321
 10
141.707901056996
 20
-105.119091832746
 10
141.707901056996
 20
-105.119091832746
 10
141.707901056996
 20
-105.119091832746
 10
144.126169037459
 20
-105.119091832746
 10
144.126169037459
 20
-105.119091832746
 10
144.7463568902362
 20
-105.119091832746
 10
145.056215244674
 20
-104.871197026028
 10
145.056215244674
 20
-104.3750743625835
 10
145.056215244674
 20
-104.3750743625835
 10
145.056215244674
 20
-102.8870475454321
 10
145.056215244674
 20
-102.8870475454321
 10
145.056215244674
 20
-102.8870475454321
 10
144.3122708830492
 20
-102.8870475454321
 10
144.3122708830492
 20
-102.8870475454321
 97
        0
 75
     2
 76
     1
 98
        0
  0
POLYLINE
  5
5B
330
1F
100
AcDbEntity
  8
Capa 1
370
     0
100
AcDb2dPolyline
 66
     1
 10
0.0
 20
0.0
 30
0.0
  0
VERTEX
  5
5C
330
5B
100
AcDbEntity
  8
Capa 1
370
     0
100
AcDbVertex
100
AcDb2dVertex
 10
145.094248457541
 20
-106.9257553257943
 30
0.0
  0
VERTEX
  5
5D
330
5B
100
AcDbEntity
  8
Capa 1
370
     0
100
AcDbVertex
100
AcDb2dVertex
 10
144.7592051833989
 20
-106.9257553257943
 30
0.0
  0
VERTEX
  5
5E
330
5B
100
AcDbEntity
  8
Capa 1
370
     0
100
AcDbVertex
100
AcDb2dVertex
 10
145.2763224792476
 20
-105.9273940543688
 30
0.0
  0
VERTEX
  5
5F
330
5B
100
AcDbEntity
  8
Capa 1
370
     0
100
AcDbVertex
100
AcDb2dVertex
 10
145.6472390736481
 20
-105.9273940543688
 30
0.0
  0
VERTEX
  5
60
330
5B
100
AcDbEntity
  8
Capa 1
370
     0
100
AcDbVertex
100
AcDb2dVertex
 10
146.1406664410134
 20
-106.9257553257943
 30
0.0
  0
VERTEX
  5
61
330
5B
100
AcDbEntity
  8
Capa 1
370
     0
100
AcDbVertex
100
AcDb2dVertex
 10
145.7683961364143
 20
-106.9257553257943
 30
0.0
  0
VERTEX
  5
62
330
5B
100
AcDbEntity
  8
Capa 1
370
     0
100
AcDbVertex
100
AcDb2dVertex
 10
145.6932652203944
 20
-106.74571186939
 30
0.0
  0
VERTEX
  5
63
330
5B
100
AcDbEntity
  8
Capa 1
370
     0
100
AcDbVertex
100
AcDb2dVertex
 10
145.1747942143547
 20
-106.74571186939
 30
0.0
  0
VERTEX
  5
64
330
5B
100
AcDbEntity
  8
Capa 1
370
     0
100
AcDbVertex
100
AcDb2dVertex
 10
145.094248457541
 20
-106.9257553257943
 30
0.0
  0
SEQEND
  5
65
330
5B
100
AcDbEntity
  8
Capa 1
370
     0
  0
POLYLINE
  5
66
330
1F
100
AcDbEntity
  8
Capa 1
370
     0
100
AcDb2dPolyline
 66
     1
 10
0.0
 20
0.0
 30
0.0
  0
VERTEX
  5
67
330
66
100
AcDbEntity
  8
Capa 1
370
     0
100
AcDbVertex
100
AcDb2dVertex
 10
145.6032434921899
 20
-106.5277645274198
 30
0.0
  0
VERTEX
  5
68
330
66
100
AcDbEntity
  8
Capa 1
370
     0
100
AcDbVertex
100
AcDb2dVertex
 10
145.4435056887626
 20
-106.1649701942152
 30
0.0
  0
VERTEX
  5
69
330
66
100
AcDbEntity
  8
Capa 1
370
     0
100
AcDbVertex
100
AcDb2dVertex
 10
145.2742919139459
 20
-106.5277645274198
 30
0.0
  0
VERTEX
  5
6A
330
66
100
AcDbEntity
  8
Capa 1
370
     0
100
AcDbVertex
100
AcDb2dVertex
 10
145.6032434921899
 20
-106.5277645274198
 30
0.0
  0
SEQEND
  5
6B
330
66
100
AcDbEntity
  8
Capa 1
370
     0
  0
HATCH
  5
6C
330
1F
100
AcDbEntity
  8
Capa 1
 62
   255
100
AcDbHatch
 10
0.0
 20
0.0
 30
0.0
210
0.0
220
0.0
230
1.0
  2
SOLID
 70
     1
 71
     0
 91
        2
 92
        1
 93
        8
 72
     1
 10
145.094248457541
 20
-106.9257553257943
 11
144.7592051833989
 21
-106.9257553257943
 72
     1
 10
144.7592051833989
 20
-106.9257553257943
 11
145.2763224792476
 21
-105.9273940543688
 72
     1
 10
145.2763224792476
 20
-105.9273940543688
 11
145.6472390736481
 21
-105.9273940543688
 72
     1
 10
145.6472390736481
 20
-105.9273940543688
 11
146.1406664410134
 21
-106.9257553257943
 72
     1
 10
146.1406664410134
 20
-106.9257553257943
 11
145.7683961364143
 21
-106.9257553257943
 72
     1
 10
145.7683961364143
 20
-106.9257553257943
 11
145.6932652203944
 21
-106.74571186939
 72
     1
 10
145.6932652203944
 20
-106.74571186939
 11
145.1747942143547
 21
-106.74571186939
 72
     1
 10
145.1747942143547
 20
-106.74571186939
 11
145.094248457541
 21
-106.9257553257943
 97
        0
 92
        1
 93
        3
 72
     1
 10
145.6032434921899
 20
-106.5277645274198
 11
145.4435056887626
 21
-106.1649701942152
 72
     1
 10
145.4435056887626
 20
-106.1649701942152
 11
145.2742919139459
 21
-106.5277645274198
 72
     1
 10
145.2742919139459
 20
-106.5277645274198
 11
145.6032434921899
 21
-106.5277645274198
 97
        0
 75
     2
 76
     1
 98
        0
  0
SPLINE
  5
6D
330
1F
100
AcDbEntity
  8
Capa 1
370
     0
100
AcDbSpline
210
0.0
220
0.0
230
1.0
 70
    11
 71
     3
 72
    47
 73
    43
 74
     0
 42
0.0000000001
 43
0.0000000001
 12
1.0
 22
0.0
 32
0.0
 13
1.0
 23
0.0
 33
0.0
 40
0.0
 40
0.0
 40
0.0
 40
0.0
 40
1.0
 40
1.0
 40
1.0
 40
2.0
 40
2.0
 40
2.0
 40
3.0
 40
3.0
 40
3.0
 40
4.0
 40
4.0
 40
4.0
 40
5.0
 40
5.0
 40
5.0
 40
6.0
 40
6.0
 40
6.0
 40
7.0
 40
7.0
 40
7.0
 40
8.0
 40
8.0
 40
8.0
 40
9.0
 40
9.0
 40
9.0
 40
10.0
 40
10.0
 40
10.0
 40
11.0
 40
11.0
 40
11.0
 40
12.0
 40
12.0
 40
12.0
 40
13.0
 40
13.0
 40
13.0
 40
14.0
 40
14.0
 40
14.0
 40
14.0
 10
147.24762535282
 20
-105.9273940543688
 30
0.0
 10
147.24762535282
 20
-105.9273940543688
 30
0.0
 10
147.5786074963586
 20
-105.9273940543688
 30
0.0
 10
147.5786074963586
 20
-105.9273940543688
 30
0.0
 10
147.5786074963586
 20
-105.9273940543688
 30
0.0
 10
147.5786074963586
 20
-106.4959523377589
 30
0.0
 10
147.5786074963586
 20
-106.4959523377589
 30
0.0
 10
147.5786074963586
 20
-106.5789798966023
 30
0.0
 10
147.5976346452649
 20
-106.6404985045116
 30
0.0
 10
147.6357641491861
 20
-106.6804329553707
 30
0.0
 10
147.673893653115
 20
-106.7203674062253
 30
0.0
 10
147.7327048406239
 20
-106.7402970285949
 30
0.0
 10
147.8121225056082
 20
-106.7402970285949
 30
0.0
 10
147.8897352236597
 20
-106.7402970285949
 30
0.0
 10
147.9477191438324
 20
-106.7199913756172
 30
0.0
 10
147.9860742661185
 20
-106.679380069658
 30
0.0
 10
148.024429388415
 20
-106.6387687637033
 30
0.0
 10
148.0436069495638
 20
-106.5776261864015
 30
0.0
 10
148.0436069495638
 20
-106.4959523377589
 30
0.0
 10
148.0436069495638
 20
-106.4959523377589
 30
0.0
 10
148.0436069495638
 20
-105.9273940543688
 30
0.0
 10
148.0436069495638
 20
-105.9273940543688
 30
0.0
 10
148.0436069495638
 20
-105.9273940543688
 30
0.0
 10
148.3651131217162
 20
-105.9273940543688
 30
0.0
 10
148.3651131217162
 20
-105.9273940543688
 30
0.0
 10
148.3651131217162
 20
-105.9273940543688
 30
0.0
 10
148.3651131217162
 20
-106.491891207164
 30
0.0
 10
148.3651131217162
 20
-106.491891207164
 30
0.0
 10
148.3651131217162
 20
-106.6475678799932
 30
0.0
 10
148.3198390361903
 20
-106.7616555672801
 30
0.0
 10
148.2294412773759
 20
-106.8340790629047
 30
0.0
 10
148.1388931063164
 20
-106.9065025585242
 30
0.0
 10
147.996001474245
 20
-106.9426767032753
 30
0.0
 10
147.8006159689268
 20
-106.9426767032753
 30
0.0
 10
147.6065841737999
 20
-106.9426767032753
 30
0.0
 10
147.4659487253912
 20
-106.9069537952574
 30
0.0
 10
147.378559211466
 20
-106.8354327731011
 30
0.0
 10
147.2913201097833
 20
-106.7639117509474
 30
0.0
 10
147.24762535282
 20
-106.6493728269253
 30
0.0
 10
147.24762535282
 20
-106.491891207164
 30
0.0
 10
147.24762535282
 20
-106.491891207164
 30
0.0
 10
147.24762535282
 20
-105.9273940543688
 30
0.0
 10
147.24762535282
 20
-105.9273940543688
 30
0.0
  0
HATCH
  5
6E
330
1F
100
AcDbEntity
  8
Capa 1
 62
   255
100
AcDbHatch
 10
0.0
 20
0.0
 30
0.0
210
0.0
220
0.0
230
1.0
  2
SOLID
 70
     1
 71
     0
 91
        1
 92
        1
 93
        1
 72
     4
 94
        3
 73
     0
 74
     1
 95
       47
 96
       43
 40
0.0
 40
0.0
 40
0.0
 40
0.0
 40
1.0
 40
1.0
 40
1.0
 40
2.0
 40
2.0
 40
2.0
 40
3.0
 40
3.0
 40
3.0
 40
4.0
 40
4.0
 40
4.0
 40
5.0
 40
5.0
 40
5.0
 40
6.0
 40
6.0
 40
6.0
 40
7.0
 40
7.0
 40
7.0
 40
8.0
 40
8.0
 40
8.0
 40
9.0
 40
9.0
 40
9.0
 40
10.0
 40
10.0
 40
10.0
 40
11.0
 40
11.0
 40
11.0
 40
12.0
 40
12.0
 40
12.0
 40
13.0
 40
13.0
 40
13.0
 40
14.0
 40
14.0
 40
14.0
 40
14.0
 10
147.24762535282
 20
-105.9273940543688
 10
147.24762535282
 20
-105.9273940543688
 10
147.5786074963586
 20
-105.9273940543688
 10
147.5786074963586
 20
-105.9273940543688
 10
147.5786074963586
 20
-105.9273940543688
 10
147.5786074963586
 20
-106.4959523377589
 10
147.5786074963586
 20
-106.4959523377589
 10
147.5786074963586
 20
-106.5789798966023
 10
147.5976346452649
 20
-106.6404985045116
 10
147.6357641491861
 20
-106.6804329553707
 10
147.673893653115
 20
-106.7203674062253
 10
147.7327048406239
 20
-106.7402970285949
 10
147.8121225056082
 20
-106.7402970285949
 10
147.8897352236597
 20
-106.7402970285949
 10
147.9477191438324
 20
-106.7199913756172
 10
147.9860742661185
 20
-106.679380069658
 10
148.024429388415
 20
-106.6387687637033
 10
148.0436069495638
 20
-106.5776261864015
 10
148.0436069495638
 20
-106.4959523377589
 10
148.0436069495638
 20
-106.4959523377589
 10
148.0436069495638
 20
-105.9273940543688
 10
148.0436069495638
 20
-105.9273940543688
 10
148.0436069495638
 20
-105.9273940543688
 10
148.3651131217162
 20
-105.9273940543688
 10
148.3651131217162
 20
-105.9273940543688
 10
148.3651131217162
 20
-105.9273940543688
 10
148.3651131217162
 20
-106.491891207164
 10
148.3651131217162
 20
-106.491891207164
 10
148.3651131217162
 20
-106.6475678799932
 10
148.3198390361903
 20
-106.7616555672801
 10
148.2294412773759
 20
-106.8340790629047
 10
148.1388931063164
 20
-106.9065025585242
 10
147.996001474245
 20
-106.9426767032753
 10
147.8006159689268
 20
-106.9426767032753
 10
147.6065841737999
 20
-106.9426767032753
 10
147.4659487253912
 20
-106.9069537952574
 10
147.378559211466
 20
-106.8354327731011
 10
147.2913201097833
 20
-106.7639117509474
 10
147.24762535282
 20
-106.6493728269253
 10
147.24762535282
 20
-106.491891207164
 10
147.24762535282
 20
-106.491891207164
 10
147.24762535282
 20
-105.9273940543688
 10
147.24762535282
 20
-105.9273940543688
 97
        0
 75
     2
 76
     1
 98
        0
  0
POLYLINE
  5
6F
330
1F
100
AcDbEntity
  8
Capa 1
370
     0
100
AcDb2dPolyline
 66
     1
 10
0.0
 20
0.0
 30
0.0
  0
VERTEX
  5
70
330
6F
100
AcDbEntity
  8
Capa 1
370
     0
100
AcDbVertex
100
AcDb2dVertex
 10
149.9552713682775
 20
-106.9257553257943
 30
0.0
  0
VERTEX
  5
71
330
6F
100
AcDbEntity
  8
Capa 1
370
     0
100
AcDbVertex
100
AcDb2dVertex
 10
149.9552713682775
 20
-106.1466951065289
 30
0.0
  0
VERTEX
  5
72
330
6F
100
AcDbEntity
  8
Capa 1
370
     0
100
AcDbVertex
100
AcDb2dVertex
 10
149.5836779187721
 20
-106.1466951065289
 30
0.0
  0
VERTEX
  5
73
330
6F
100
AcDbEntity
  8
Capa 1
370
     0
100
AcDbVertex
100
AcDb2dVertex
 10
149.5836779187721
 20
-105.9273940543688
 30
0.0
  0
VERTEX
  5
74
330
6F
100
AcDbEntity
  8
Capa 1
370
     0
100
AcDbVertex
100
AcDb2dVertex
 10
150.6673229327076
 20
-105.9273940543688
 30
0.0
  0
VERTEX
  5
75
330
6F
100
AcDbEntity
  8
Capa 1
370
     0
100
AcDbVertex
100
AcDb2dVertex
 10
150.6673229327076
 20
-106.1466951065289
 30
0.0
  0
VERTEX
  5
76
330
6F
100
AcDbEntity
  8
Capa 1
370
     0
100
AcDbVertex
100
AcDb2dVertex
 10
150.2957294832099
 20
-106.1466951065289
 30
0.0
  0
VERTEX
  5
77
330
6F
100
AcDbEntity
  8
Capa 1
370
     0
100
AcDbVertex
100
AcDb2dVertex
 10
150.2957294832099
 20
-106.9257553257943
 30
0.0
  0
VERTEX
  5
78
330
6F
100
AcDbEntity
  8
Capa 1
370
     0
100
AcDbVertex
100
AcDb2dVertex
 10
149.9552713682775
 20
-106.9257553257943
 30
0.0
  0
SEQEND
  5
79
330
6F
100
AcDbEntity
  8
Capa 1
370
     0
  0
HATCH
  5
7A
330
1F
100
AcDbEntity
  8
Capa 1
 62
   255
100
AcDbHatch
 10
0.0
 20
0.0
 30
0.0
210
0.0
220
0.0
230
1.0
  2
SOLID
 70
     1
 71
     0
 91
        1
 92
        1
 93
        8
 72
     1
 10
149.9552713682775
 20
-106.9257553257943
 11
149.9552713682775
 21
-106.1466951065289
 72
     1
 10
149.9552713682775
 20
-106.1466951065289
 11
149.5836779187721
 21
-106.1466951065289
 72
     1
 10
149.5836779187721
 20
-106.1466951065289
 11
149.5836779187721
 21
-105.9273940543688
 72
     1
 10
149.5836779187721
 20
-105.9273940543688
 11
150.6673229327076
 21
-105.9273940543688
 72
     1
 10
150.6673229327076
 20
-105.9273940543688
 11
150.6673229327076
 21
-106.1466951065289
 72
     1
 10
150.6673229327076
 20
-106.1466951065289
 11
150.2957294832099
 21
-106.1466951065289
 72
     1
 10
150.2957294832099
 20
-106.1466951065289
 11
150.2957294832099
 21
-106.9257553257943
 72
     1
 10
150.2957294832099
 20
-106.9257553257943
 11
149.9552713682775
 21
-106.9257553257943
 97
        0
 75
     2
 76
     1
 98
        0
  0
SPLINE
  5
7B
330
1F
100
AcDbEntity
  8
Capa 1
370
     0
100
AcDbSpline
210
0.0
220
0.0
230
1.0
 70
    11
 71
     3
 72
    29
 73
    25
 74
     0
 42
0.0000000001
 43
0.0000000001
 12
1.0
 22
0.0
 32
0.0
 13
1.0
 23
0.0
 33
0.0
 40
0.0
 40
0.0
 40
0.0
 40
0.0
 40
1.0
 40
1.0
 40
1.0
 40
2.0
 40
2.0
 40
2.0
 40
3.0
 40
3.0
 40
3.0
 40
4.0
 40
4.0
 40
4.0
 40
5.0
 40
5.0
 40
5.0
 40
6.0
 40
6.0
 40
6.0
 40
7.0
 40
7.0
 40
7.0
 40
8.0
 40
8.0
 40
8.0
 40
8.0
 10
152.4558749294763
 20
-106.9426767032753
 30
0.0
 10
152.2582332404889
 20
-106.9426767032753
 30
0.0
 10
152.1080466145716
 20
-106.8984555034576
 30
0.0
 10
152.0054654639718
 20
-106.8100131038184
 30
0.0
 10
151.9027339011232
 20
-106.7215707041786
 30
0.0
 10
151.8514433258291
 20
-106.5925169985872
 30
0.0
 10
151.8514433258291
 20
-106.4228519870348
 30
0.0
 10
151.8514433258291
 20
-106.2576993428162
 30
0.0
 10
151.9056669398937
 20
-106.1309018208883
 30
0.0
 10
152.0141893741418
 20
-106.0424594212472
 30
0.0
 10
152.1227118083911
 20
-105.9540170216086
 30
0.0
 10
152.278313275099
 20
-105.9097958217877
 30
0.0
 10
152.4809185681509
 20
-105.9097958217877
 30
0.0
 10
152.6817189142661
 20
-105.9097958217877
 30
0.0
 10
152.8346881667051
 20
-105.9544682583418
 30
0.0
 10
152.9398263254551
 20
-106.0438131314378
 30
0.0
 10
153.0449644842116
 20
-106.1331580045479
 30
0.0
 10
153.0975335635872
 20
-106.2631141836088
 30
0.0
 10
153.0975335635872
 20
-106.433681668618
 30
0.0
 10
153.0975335635872
 20
-106.6006392597744
 30
0.0
 10
153.0433851556489
 20
-106.7272111633444
 30
0.0
 10
152.935088339762
 20
-106.8133973793151
 30
0.0
 10
152.8267915238816
 20
-106.8995835952909
 30
0.0
 10
152.6670537204504
 20
-106.9426767032753
 30
0.0
 10
152.4558749294763
 20
-106.9426767032753
 30
0.0
  0
SPLINE
  5
7C
330
1F
100
AcDbEntity
  8
Capa 1
370
     0
100
AcDbSpline
210
0.0
220
0.0
230
1.0
 70
    11
 71
     3
 72
    29
 73
    25
 74
     0
 42
0.0000000001
 43
0.0000000001
 12
1.0
 22
0.0
 32
0.0
 13
1.0
 23
0.0
 33
0.0
 40
0.0
 40
0.0
 40
0.0
 40
0.0
 40
1.0
 40
1.0
 40
1.0
 40
2.0
 40
2.0
 40
2.0
 40
3.0
 40
3.0
 40
3.0
 40
4.0
 40
4.0
 40
4.0
 40
5.0
 40
5.0
 40
5.0
 40
6.0
 40
6.0
 40
6.0
 40
7.0
 40
7.0
 40
7.0
 40
8.0
 40
8.0
 40
8.0
 40
8.0
 10
152.197993136656
 20
-106.4350353788188
 30
0.0
 10
152.197993136656
 20
-106.5365636437149
 30
0.0
 10
152.220855797784
 20
-106.612822651563
 30
0.0
 10
152.2667315322952
 20
-106.6638124023773
 30
0.0
 10
152.3124568545536
 20
-106.7148021531928
 30
0.0
 10
152.3809696318213
 20
-106.7402970285949
 30
0.0
 10
152.4721194518623
 20
-106.7402970285949
 30
0.0
 10
152.5646229820931
 20
-106.7402970285949
 30
0.0
 10
152.6341886450736
 20
-106.7152533899209
 30
0.0
 10
152.6809668530473
 20
-106.6651661125775
 30
0.0
 10
152.7275946487708
 20
-106.6150788352309
 30
0.0
 10
152.7509837527602
 20
-106.5406247743098
 30
0.0
 10
152.7509837527602
 20
-106.4418039298129
 30
0.0
 10
152.7509837527602
 20
-106.3344095874007
 30
0.0
 10
152.7270682059183
 20
-106.2526605326331
 30
0.0
 10
152.6792371122357
 20
-106.1964815593931
 30
0.0
 10
152.6314060185532
 20
-106.1403025861494
 30
0.0
 10
152.5614643249653
 20
-106.1121754964675
 30
0.0
 10
152.4694120314631
 20
-106.1121754964675
 30
0.0
 10
152.3836770522192
 20
-106.1121754964675
 30
0.0
 10
152.316969221883
 20
-106.1403777922751
 30
0.0
 10
152.2694389526905
 20
-106.1967823838768
 30
0.0
 10
152.221758271253
 20
-106.2531869754875
 30
0.0
 10
152.197993136656
 20
-106.3326046404667
 30
0.0
 10
152.197993136656
 20
-106.4350353788188
 30
0.0
  0
HATCH
  5
7D
330
1F
100
AcDbEntity
  8
Capa 1
 62
   255
100
AcDbHatch
 10
0.0
 20
0.0
 30
0.0
210
0.0
220
0.0
230
1.0
  2
SOLID
 70
     1
 71
     0
 91
        2
 92
        1
 93
        1
 72
     4
 94
        3
 73
     0
 74
     1
 95
       29
 96
       25
 40
0.0
 40
0.0
 40
0.0
 40
0.0
 40
1.0
 40
1.0
 40
1.0
 40
2.0
 40
2.0
 40
2.0
 40
3.0
 40
3.0
 40
3.0
 40
4.0
 40
4.0
 40
4.0
 40
5.0
 40
5.0
 40
5.0
 40
6.0
 40
6.0
 40
6.0
 40
7.0
 40
7.0
 40
7.0
 40
8.0
 40
8.0
 40
8.0
 40
8.0
 10
152.4558749294763
 20
-106.9426767032753
 10
152.2582332404889
 20
-106.9426767032753
 10
152.1080466145716
 20
-106.8984555034576
 10
152.0054654639718
 20
-106.8100131038184
 10
151.9027339011232
 20
-106.7215707041786
 10
151.8514433258291
 20
-106.5925169985872
 10
151.8514433258291
 20
-106.4228519870348
 10
151.8514433258291
 20
-106.2576993428162
 10
151.9056669398937
 20
-106.1309018208883
 10
152.0141893741418
 20
-106.0424594212472
 10
152.1227118083911
 20
-105.9540170216086
 10
152.278313275099
 20
-105.9097958217877
 10
152.4809185681509
 20
-105.9097958217877
 10
152.6817189142661
 20
-105.9097958217877
 10
152.8346881667051
 20
-105.9544682583418
 10
152.9398263254551
 20
-106.0438131314378
 10
153.0449644842116
 20
-106.1331580045479
 10
153.0975335635872
 20
-106.2631141836088
 10
153.0975335635872
 20
-106.433681668618
 10
153.0975335635872
 20
-106.6006392597744
 10
153.0433851556489
 20
-106.7272111633444
 10
152.935088339762
 20
-106.8133973793151
 10
152.8267915238816
 20
-106.8995835952909
 10
152.6670537204504
 20
-106.9426767032753
 10
152.4558749294763
 20
-106.9426767032753
 97
        0
 92
        1
 93
        1
 72
     4
 94
        3
 73
     0
 74
     1
 95
       29
 96
       25
 40
0.0
 40
0.0
 40
0.0
 40
0.0
 40
1.0
 40
1.0
 40
1.0
 40
2.0
 40
2.0
 40
2.0
 40
3.0
 40
3.0
 40
3.0
 40
4.0
 40
4.0
 40
4.0
 40
5.0
 40
5.0
 40
5.0
 40
6.0
 40
6.0
 40
6.0
 40
7.0
 40
7.0
 40
7.0
 40
8.0
 40
8.0
 40
8.0
 40
8.0
 10
152.197993136656
 20
-106.4350353788188
 10
152.197993136656
 20
-106.5365636437149
 10
152.220855797784
 20
-106.612822651563
 10
152.2667315322952
 20
-106.6638124023773
 10
152.3124568545536
 20
-106.7148021531928
 10
152.3809696318213
 20
-106.7402970285949
 10
152.4721194518623
 20
-106.7402970285949
 10
152.5646229820931
 20
-106.7402970285949
 10
152.6341886450736
 20
-106.7152533899209
 10
152.6809668530473
 20
-106.6651661125775
 10
152.7275946487708
 20
-106.6150788352309
 10
152.7509837527602
 20
-106.5406247743098
 10
152.7509837527602
 20
-106.4418039298129
 10
152.7509837527602
 20
-106.3344095874007
 10
152.7270682059183
 20
-106.2526605326331
 10
152.6792371122357
 20
-106.1964815593931
 10
152.6314060185532
 20
-106.1403025861494
 10
152.5614643249653
 20
-106.1121754964675
 10
152.4694120314631
 20
-106.1121754964675
 10
152.3836770522192
 20
-106.1121754964675
 10
152.316969221883
 20
-106.1403777922751
 10
152.2694389526905
 20
-106.1967823838768
 10
152.221758271253
 20
-106.2531869754875
 10
152.197993136656
 20
-106.3326046404667
 10
152.197993136656
 20
-106.4350353788188
 97
        0
 75
     2
 76
     1
 98
        0
  0
SPLINE
  5
7E
330
1F
100
AcDbEntity
  8
Capa 1
370
     0
100
AcDbSpline
210
0.0
220
0.0
230
1.0
 70
    11
 71
     3
 72
    32
 73
    28
 74
     0
 42
0.0000000001
 43
0.0000000001
 12
1.0
 22
0.0
 32
0.0
 13
1.0
 23
0.0
 33
0.0
 40
0.0
 40
0.0
 40
0.0
 40
0.0
 40
1.0
 40
1.0
 40
1.0
 40
2.0
 40
2.0
 40
2.0
 40
3.0
 40
3.0
 40
3.0
 40
4.0
 40
4.0
 40
4.0
 40
5.0
 40
5.0
 40
5.0
 40
6.0
 40
6.0
 40
6.0
 40
7.0
 40
7.0
 40
7.0
 40
8.0
 40
8.0
 40
8.0
 40
9.0
 40
9.0
 40
9.0
 40
9.0
 10
154.3479105503137
 20
-106.9257553257943
 30
0.0
 10
154.3479105503137
 20
-106.9257553257943
 30
0.0
 10
154.3479105503137
 20
-105.9273940543688
 30
0.0
 10
154.3479105503137
 20
-105.9273940543688
 30
0.0
 10
154.3479105503137
 20
-105.9273940543688
 30
0.0
 10
154.9604644151532
 20
-105.9273940543688
 30
0.0
 10
154.9604644151532
 20
-105.9273940543688
 30
0.0
 10
155.0949329615409
 20
-105.9273940543688
 30
0.0
 10
155.1926257141987
 20
-105.9514600134545
 30
0.0
 10
155.2535426731382
 20
-105.9995167255021
 30
0.0
 10
155.3144596320724
 20
-106.0475734375528
 30
0.0
 10
155.3449181115364
 20
-106.1239076515228
 30
0.0
 10
155.3449181115364
 20
-106.2285945735474
 30
0.0
 10
155.3449181115364
 20
-106.3337327322993
 30
0.0
 10
155.3129555096284
 20
-106.4156321993076
 30
0.0
 10
155.2491055119287
 20
-106.4742929745765
 30
0.0
 10
155.1852555142329
 20
-106.5329537498512
 30
0.0
 10
155.0960610533774
 20
-106.5622841374838
 30
0.0
 10
154.9814469232271
 20
-106.5622841374838
 30
0.0
 10
154.9814469232271
 20
-106.5622841374838
 30
0.0
 10
154.6836306795491
 20
-106.5622841374838
 30
0.0
 10
154.6836306795491
 20
-106.5622841374838
 30
0.0
 10
154.6836306795491
 20
-106.5622841374838
 30
0.0
 10
154.6836306795491
 20
-106.9257553257943
 30
0.0
 10
154.6836306795491
 20
-106.9257553257943
 30
0.0
 10
154.6836306795491
 20
-106.9257553257943
 30
0.0
 10
154.3479105503137
 20
-106.9257553257943
 30
0.0
 10
154.3479105503137
 20
-106.9257553257943
 30
0.0
  0
SPLINE
  5
7F
330
1F
100
AcDbEntity
  8
Capa 1
370
     0
100
AcDbSpline
210
0.0
220
0.0
230
1.0
 70
    11
 71
     3
 72
    26
 73
    22
 74
     0
 42
0.0000000001
 43
0.0000000001
 12
1.0
 22
0.0
 32
0.0
 13
1.0
 23
0.0
 33
0.0
 40
0.0
 40
0.0
 40
0.0
 40
0.0
 40
1.0
 40
1.0
 40
1.0
 40
2.0
 40
2.0
 40
2.0
 40
3.0
 40
3.0
 40
3.0
 40
4.0
 40
4.0
 40
4.0
 40
5.0
 40
5.0
 40
5.0
 40
6.0
 40
6.0
 40
6.0
 40
7.0
 40
7.0
 40
7.0
 40
7.0
 10
154.6836306795491
 20
-106.1358654249444
 30
0.0
 10
154.6836306795491
 20
-106.1358654249444
 30
0.0
 10
154.6836306795491
 20
-106.3450136506163
 30
0.0
 10
154.6836306795491
 20
-106.3450136506163
 30
0.0
 10
154.6836306795491
 20
-106.3450136506163
 30
0.0
 10
154.8731501073403
 20
-106.3450136506163
 30
0.0
 10
154.8731501073403
 20
-106.3450136506163
 30
0.0
 10
154.9178225438988
 20
-106.3450136506163
 30
0.0
 10
154.9509884437593
 20
-106.3363649465753
 30
0.0
 10
154.9726478069385
 20
-106.3189923323573
 30
0.0
 10
154.9943071701138
 20
-106.3016197181419
 30
0.0
 10
155.0051368517054
 20
-106.2750719570259
 30
0.0
 10
155.0051368517054
 20
-106.239424255137
 30
0.0
 10
155.0051368517054
 20
-106.2051302634406
 30
0.0
 10
154.9940815517488
 20
-106.1793345635421
 30
0.0
 10
154.971970951841
 20
-106.1619619493272
 30
0.0
 10
154.9498603519293
 20
-106.1445893351125
 30
0.0
 10
154.9169200704376
 20
-106.1358654249444
 30
0.0
 10
154.8731501073403
 20
-106.1358654249444
 30
0.0
 10
154.8731501073403
 20
-106.1358654249444
 30
0.0
 10
154.6836306795491
 20
-106.1358654249444
 30
0.0
 10
154.6836306795491
 20
-106.1358654249444
 30
0.0
  0
HATCH
  5
80
330
1F
100
AcDbEntity
  8
Capa 1
 62
   255
100
AcDbHatch
 10
0.0
 20
0.0
 30
0.0
210
0.0
220
0.0
230
1.0
  2
SOLID
 70
     1
 71
     0
 91
        2
 92
        1
 93
        1
 72
     4
 94
        3
 73
     0
 74
     1
 95
       32
 96
       28
 40
0.0
 40
0.0
 40
0.0
 40
0.0
 40
1.0
 40
1.0
 40
1.0
 40
2.0
 40
2.0
 40
2.0
 40
3.0
 40
3.0
 40
3.0
 40
4.0
 40
4.0
 40
4.0
 40
5.0
 40
5.0
 40
5.0
 40
6.0
 40
6.0
 40
6.0
 40
7.0
 40
7.0
 40
7.0
 40
8.0
 40
8.0
 40
8.0
 40
9.0
 40
9.0
 40
9.0
 40
9.0
 10
154.3479105503137
 20
-106.9257553257943
 10
154.3479105503137
 20
-106.9257553257943
 10
154.3479105503137
 20
-105.9273940543688
 10
154.3479105503137
 20
-105.9273940543688
 10
154.3479105503137
 20
-105.9273940543688
 10
154.9604644151532
 20
-105.9273940543688
 10
154.9604644151532
 20
-105.9273940543688
 10
155.0949329615409
 20
-105.9273940543688
 10
155.1926257141987
 20
-105.9514600134545
 10
155.2535426731382
 20
-105.9995167255021
 10
155.3144596320724
 20
-106.0475734375528
 10
155.3449181115364
 20
-106.1239076515228
 10
155.3449181115364
 20
-106.2285945735474
 10
155.3449181115364
 20
-106.3337327322993
 10
155.3129555096284
 20
-106.4156321993076
 10
155.2491055119287
 20
-106.4742929745765
 10
155.1852555142329
 20
-106.5329537498512
 10
155.0960610533774
 20
-106.5622841374838
 10
154.9814469232271
 20
-106.5622841374838
 10
154.9814469232271
 20
-106.5622841374838
 10
154.6836306795491
 20
-106.5622841374838
 10
154.6836306795491
 20
-106.5622841374838
 10
154.6836306795491
 20
-106.5622841374838
 10
154.6836306795491
 20
-106.9257553257943
 10
154.6836306795491
 20
-106.9257553257943
 10
154.6836306795491
 20
-106.9257553257943
 10
154.3479105503137
 20
-106.9257553257943
 10
154.3479105503137
 20
-106.9257553257943
 97
        0
 92
        1
 93
        1
 72
     4
 94
        3
 73
     0
 74
     1
 95
       26
 96
       22
 40
0.0
 40
0.0
 40
0.0
 40
0.0
 40
1.0
 40
1.0
 40
1.0
 40
2.0
 40
2.0
 40
2.0
 40
3.0
 40
3.0
 40
3.0
 40
4.0
 40
4.0
 40
4.0
 40
5.0
 40
5.0
 40
5.0
 40
6.0
 40
6.0
 40
6.0
 40
7.0
 40
7.0
 40
7.0
 40
7.0
 10
154.6836306795491
 20
-106.1358654249444
 10
154.6836306795491
 20
-106.1358654249444
 10
154.6836306795491
 20
-106.3450136506163
 10
154.6836306795491
 20
-106.3450136506163
 10
154.6836306795491
 20
-106.3450136506163
 10
154.8731501073403
 20
-106.3450136506163
 10
154.8731501073403
 20
-106.3450136506163
 10
154.9178225438988
 20
-106.3450136506163
 10
154.9509884437593
 20
-106.3363649465753
 10
154.9726478069385
 20
-106.3189923323573
 10
154.9943071701138
 20
-106.3016197181419
 10
155.0051368517054
 20
-106.2750719570259
 10
155.0051368517054
 20
-106.239424255137
 10
155.0051368517054
 20
-106.2051302634406
 10
154.9940815517488
 20
-106.1793345635421
 10
154.971970951841
 20
-106.1619619493272
 10
154.9498603519293
 20
-106.1445893351125
 10
154.9169200704376
 20
-106.1358654249444
 10
154.8731501073403
 20
-106.1358654249444
 10
154.8731501073403
 20
-106.1358654249444
 10
154.6836306795491
 20
-106.1358654249444
 10
154.6836306795491
 20
-106.1358654249444
 97
        0
 75
     2
 76
     1
 98
        0
  0
POLYLINE
  5
81
330
1F
100
AcDbEntity
  8
Capa 1
370
     0
100
AcDb2dPolyline
 66
     1
 10
0.0
 20
0.0
 30
0.0
  0
VERTEX
  5
82
330
81
100
AcDbEntity
  8
Capa 1
370
     0
100
AcDbVertex
100
AcDb2dVertex
 10
156.5743877963075
 20
-106.9257553257943
 30
0.0
  0
VERTEX
  5
83
330
81
100
AcDbEntity
  8
Capa 1
370
     0
100
AcDbVertex
100
AcDb2dVertex
 10
156.5743877963075
 20
-105.9273940543688
 30
0.0
  0
VERTEX
  5
84
330
81
100
AcDbEntity
  8
Capa 1
370
     0
100
AcDbVertex
100
AcDb2dVertex
 10
156.91552276634
 20
-105.9273940543688
 30
0.0
  0
VERTEX
  5
85
330
81
100
AcDbEntity
  8
Capa 1
370
     0
100
AcDbVertex
100
AcDb2dVertex
 10
156.91552276634
 20
-106.9257553257943
 30
0.0
  0
VERTEX
  5
86
330
81
100
AcDbEntity
  8
Capa 1
370
     0
100
AcDbVertex
100
AcDb2dVertex
 10
156.5743877963075
 20
-106.9257553257943
 30
0.0
  0
SEQEND
  5
87
330
81
100
AcDbEntity
  8
Capa 1
370
     0
  0
HATCH
  5
88
330
1F
100
AcDbEntity
  8
Capa 1
 62
   255
100
AcDbHatch
 10
0.0
 20
0.0
 30
0.0
210
0.0
220
0.0
230
1.0
  2
SOLID
 70
     1
 71
     0
 91
        1
 92
        1
 93
        4
 72
     1
 10
156.5743877963075
 20
-106.9257553257943
 11
156.5743877963075
 21
-105.9273940543688
 72
     1
 10
156.5743877963075
 20
-105.9273940543688
 11
156.91552276634
 21
-105.9273940543688
 72
     1
 10
156.91552276634
 20
-105.9273940543688
 11
156.91552276634
 21
-106.9257553257943
 72
     1
 10
156.91552276634
 20
-106.9257553257943
 11
156.5743877963075
 21
-106.9257553257943
 97
        0
 75
     2
 76
     1
 98
        0
  0
POLYLINE
  5
89
330
1F
100
AcDbEntity
  8
Capa 1
370
     0
100
AcDb2dPolyline
 66
     1
 10
0.0
 20
0.0
 30
0.0
  0
VERTEX
  5
8A
330
89
100
AcDbEntity
  8
Capa 1
370
     0
100
AcDbVertex
100
AcDb2dVertex
 10
159.0682228065142
 20
-106.7078079838274
 30
0.0
  0
VERTEX
  5
8B
330
89
100
AcDbEntity
  8
Capa 1
370
     0
100
AcDbVertex
100
AcDb2dVertex
 10
159.0682228065142
 20
-106.9257553257943
 30
0.0
  0
VERTEX
  5
8C
330
89
100
AcDbEntity
  8
Capa 1
370
     0
100
AcDbVertex
100
AcDb2dVertex
 10
158.2059094100467
 20
-106.9257553257943
 30
0.0
  0
VERTEX
  5
8D
330
89
100
AcDbEntity
  8
Capa 1
370
     0
100
AcDbVertex
100
AcDb2dVertex
 10
158.2059094100467
 20
-105.9273940543688
 30
0.0
  0
VERTEX
  5
8E
330
89
100
AcDbEntity
  8
Capa 1
370
     0
100
AcDbVertex
100
AcDb2dVertex
 10
158.5470443800767
 20
-105.9273940543688
 30
0.0
  0
VERTEX
  5
8F
330
89
100
AcDbEntity
  8
Capa 1
370
     0
100
AcDbVertex
100
AcDb2dVertex
 10
158.5470443800767
 20
-106.7078079838274
 30
0.0
  0
VERTEX
  5
90
330
89
100
AcDbEntity
  8
Capa 1
370
     0
100
AcDbVertex
100
AcDb2dVertex
 10
159.0682228065142
 20
-106.7078079838274
 30
0.0
  0
SEQEND
  5
91
330
89
100
AcDbEntity
  8
Capa 1
370
     0
  0
HATCH
  5
92
330
1F
100
AcDbEntity
  8
Capa 1
 62
   255
100
AcDbHatch
 10
0.0
 20
0.0
 30
0.0
210
0.0
220
0.0
230
1.0
  2
SOLID
 70
     1
 71
     0
 91
        1
 92
        1
 93
        6
 72
     1
 10
159.0682228065142
 20
-106.7078079838274
 11
159.0682228065142
 21
-106.9257553257943
 72
     1
 10
159.0682228065142
 20
-106.9257553257943
 11
158.2059094100467
 21
-106.9257553257943
 72
     1
 10
158.2059094100467
 20
-106.9257553257943
 11
158.2059094100467
 21
-105.9273940543688
 72
     1
 10
158.2059094100467
 20
-105.9273940543688
 11
158.5470443800767
 21
-105.9273940543688
 72
     1
 10
158.5470443800767
 20
-105.9273940543688
 11
158.5470443800767
 21
-106.7078079838274
 72
     1
 10
158.5470443800767
 20
-106.7078079838274
 11
159.0682228065142
 21
-106.7078079838274
 97
        0
 75
     2
 76
     1
 98
        0
  0
SPLINE
  5
93
330
1F
100
AcDbEntity
  8
Capa 1
370
     0
100
AcDbSpline
210
0.0
220
0.0
230
1.0
 70
    11
 71
     3
 72
    29
 73
    25
 74
     0
 42
0.0000000001
 43
0.0000000001
 12
1.0
 22
0.0
 32
0.0
 13
1.0
 23
0.0
 33
0.0
 40
0.0
 40
0.0
 40
0.0
 40
0.0
 40
1.0
 40
1.0
 40
1.0
 40
2.0
 40
2.0
 40
2.0
 40
3.0
 40
3.0
 40
3.0
 40
4.0
 40
4.0
 40
4.0
 40
5.0
 40
5.0
 40
5.0
 40
6.0
 40
6.0
 40
6.0
 40
7.0
 40
7.0
 40
7.0
 40
8.0
 40
8.0
 40
8.0
 40
8.0
 10
160.8451930604764
 20
-106.9426767032753
 30
0.0
 10
160.6475513714813
 20
-106.9426767032753
 30
0.0
 10
160.4973647455666
 20
-106.8984555034576
 30
0.0
 10
160.3947835949681
 20
-106.8100131038184
 30
0.0
 10
160.2920520321194
 20
-106.7215707041786
 30
0.0
 10
160.2407614568215
 20
-106.5925169985872
 30
0.0
 10
160.2407614568215
 20
-106.4228519870348
 30
0.0
 10
160.2407614568215
 20
-106.2576993428162
 30
0.0
 10
160.29498507089
 20
-106.1309018208883
 30
0.0
 10
160.403507505138
 20
-106.0424594212472
 30
0.0
 10
160.5120299393899
 20
-105.9540170216086
 30
0.0
 10
160.6676314060979
 20
-105.9097958217877
 30
0.0
 10
160.870236699151
 20
-105.9097958217877
 30
0.0
 10
161.0710370452623
 20
-105.9097958217877
 30
0.0
 10
161.2240062977014
 20
-105.9544682583418
 30
0.0
 10
161.3291444564539
 20
-106.0438131314378
 30
0.0
 10
161.4342826152104
 20
-106.1331580045479
 30
0.0
 10
161.4868516945835
 20
-106.2631141836088
 30
0.0
 10
161.4868516945835
 20
-106.433681668618
 30
0.0
 10
161.4868516945835
 20
-106.6006392597744
 30
0.0
 10
161.4327032866452
 20
-106.7272111633444
 30
0.0
 10
161.3244064707609
 20
-106.8133973793151
 30
0.0
 10
161.2161096548804
 20
-106.8995835952909
 30
0.0
 10
161.0563718514428
 20
-106.9426767032753
 30
0.0
 10
160.8451930604764
 20
-106.9426767032753
 30
0.0
  0
SPLINE
  5
94
330
1F
100
AcDbEntity
  8
Capa 1
370
     0
100
AcDbSpline
210
0.0
220
0.0
230
1.0
 70
    11
 71
     3
 72
    29
 73
    25
 74
     0
 42
0.0000000001
 43
0.0000000001
 12
1.0
 22
0.0
 32
0.0
 13
1.0
 23
0.0
 33
0.0
 40
0.0
 40
0.0
 40
0.0
 40
0.0
 40
1.0
 40
1.0
 40
1.0
 40
2.0
 40
2.0
 40
2.0
 40
3.0
 40
3.0
 40
3.0
 40
4.0
 40
4.0
 40
4.0
 40
5.0
 40
5.0
 40
5.0
 40
6.0
 40
6.0
 40
6.0
 40
7.0
 40
7.0
 40
7.0
 40
8.0
 40
8.0
 40
8.0
 40
8.0
 10
160.5873112676485
 20
-106.4350353788188
 30
0.0
 10
160.5873112676485
 20
-106.5365636437149
 30
0.0
 10
160.6101739287828
 20
-106.612822651563
 30
0.0
 10
160.6560496632876
 20
-106.6638124023773
 30
0.0
 10
160.7017749855537
 20
-106.7148021531928
 30
0.0
 10
160.7702877628163
 20
-106.7402970285949
 30
0.0
 10
160.8614375828572
 20
-106.7402970285949
 30
0.0
 10
160.953941113092
 20
-106.7402970285949
 30
0.0
 10
161.0235067760698
 20
-106.7152533899209
 30
0.0
 10
161.0702849840397
 20
-106.6651661125775
 30
0.0
 10
161.1169127797735
 20
-106.6150788352309
 30
0.0
 10
161.1403018837565
 20
-106.5406247743098
 30
0.0
 10
161.1403018837565
 20
-106.4418039298129
 30
0.0
 10
161.1403018837565
 20
-106.3344095874007
 30
0.0
 10
161.1163863369185
 20
-106.2526605326331
 30
0.0
 10
161.068555243232
 20
-106.1964815593931
 30
0.0
 10
161.020724149552
 20
-106.1403025861494
 30
0.0
 10
160.9507824559615
 20
-106.1121754964675
 30
0.0
 10
160.8587301624594
 20
-106.1121754964675
 30
0.0
 10
160.7729951832155
 20
-106.1121754964675
 30
0.0
 10
160.7062873528754
 20
-106.1403777922751
 30
0.0
 10
160.6587570836829
 20
-106.1967823838768
 30
0.0
 10
160.6110764022518
 20
-106.2531869754875
 30
0.0
 10
160.5873112676485
 20
-106.3326046404667
 30
0.0
 10
160.5873112676485
 20
-106.4350353788188
 30
0.0
  0
HATCH
  5
95
330
1F
100
AcDbEntity
  8
Capa 1
 62
   255
100
AcDbHatch
 10
0.0
 20
0.0
 30
0.0
210
0.0
220
0.0
230
1.0
  2
SOLID
 70
     1
 71
     0
 91
        2
 92
        1
 93
        1
 72
     4
 94
        3
 73
     0
 74
     1
 95
       29
 96
       25
 40
0.0
 40
0.0
 40
0.0
 40
0.0
 40
1.0
 40
1.0
 40
1.0
 40
2.0
 40
2.0
 40
2.0
 40
3.0
 40
3.0
 40
3.0
 40
4.0
 40
4.0
 40
4.0
 40
5.0
 40
5.0
 40
5.0
 40
6.0
 40
6.0
 40
6.0
 40
7.0
 40
7.0
 40
7.0
 40
8.0
 40
8.0
 40
8.0
 40
8.0
 10
160.8451930604764
 20
-106.9426767032753
 10
160.6475513714813
 20
-106.9426767032753
 10
160.4973647455666
 20
-106.8984555034576
 10
160.3947835949681
 20
-106.8100131038184
 10
160.2920520321194
 20
-106.7215707041786
 10
160.2407614568215
 20
-106.5925169985872
 10
160.2407614568215
 20
-106.4228519870348
 10
160.2407614568215
 20
-106.2576993428162
 10
160.29498507089
 20
-106.1309018208883
 10
160.403507505138
 20
-106.0424594212472
 10
160.5120299393899
 20
-105.9540170216086
 10
160.6676314060979
 20
-105.9097958217877
 10
160.870236699151
 20
-105.9097958217877
 10
161.0710370452623
 20
-105.9097958217877
 10
161.2240062977014
 20
-105.9544682583418
 10
161.3291444564539
 20
-106.0438131314378
 10
161.4342826152104
 20
-106.1331580045479
 10
161.4868516945835
 20
-106.2631141836088
 10
161.4868516945835
 20
-106.433681668618
 10
161.4868516945835
 20
-106.6006392597744
 10
161.4327032866452
 20
-106.7272111633444
 10
161.3244064707609
 20
-106.8133973793151
 10
161.2161096548804
 20
-106.8995835952909
 10
161.0563718514428
 20
-106.9426767032753
 10
160.8451930604764
 20
-106.9426767032753
 97
        0
 92
        1
 93
        1
 72
     4
 94
        3
 73
     0
 74
     1
 95
       29
 96
       25
 40
0.0
 40
0.0
 40
0.0
 40
0.0
 40
1.0
 40
1.0
 40
1.0
 40
2.0
 40
2.0
 40
2.0
 40
3.0
 40
3.0
 40
3.0
 40
4.0
 40
4.0
 40
4.0
 40
5.0
 40
5.0
 40
5.0
 40
6.0
 40
6.0
 40
6.0
 40
7.0
 40
7.0
 40
7.0
 40
8.0
 40
8.0
 40
8.0
 40
8.0
 10
160.5873112676485
 20
-106.4350353788188
 10
160.5873112676485
 20
-106.5365636437149
 10
160.6101739287828
 20
-106.612822651563
 10
160.6560496632876
 20
-106.6638124023773
 10
160.7017749855537
 20
-106.7148021531928
 10
160.7702877628163
 20
-106.7402970285949
 10
160.8614375828572
 20
-106.7402970285949
 10
160.953941113092
 20
-106.7402970285949
 10
161.0235067760698
 20
-106.7152533899209
 10
161.0702849840397
 20
-106.6651661125775
 10
161.1169127797735
 20
-106.6150788352309
 10
161.1403018837565
 20
-106.5406247743098
 10
161.1403018837565
 20
-106.4418039298129
 10
161.1403018837565
 20
-106.3344095874007
 10
161.1163863369185
 20
-106.2526605326331
 10
161.068555243232
 20
-106.1964815593931
 10
161.020724149552
 20
-106.1403025861494
 10
160.9507824559615
 20
-106.1121754964675
 10
160.8587301624594
 20
-106.1121754964675
 10
160.7729951832155
 20
-106.1121754964675
 10
160.7062873528754
 20
-106.1403777922751
 10
160.6587570836829
 20
-106.1967823838768
 10
160.6110764022518
 20
-106.2531869754875
 10
160.5873112676485
 20
-106.3326046404667
 10
160.5873112676485
 20
-106.4350353788188
 97
        0
 75
     2
 76
     1
 98
        0
  0
POLYLINE
  5
96
330
1F
100
AcDbEntity
  8
Capa 1
370
     0
100
AcDb2dPolyline
 66
     1
 10
0.0
 20
0.0
 30
0.0
  0
VERTEX
  5
97
330
96
100
AcDbEntity
  8
Capa 1
370
     0
100
AcDbVertex
100
AcDb2dVertex
 10
163.0425655372027
 20
-106.9257553257943
 30
0.0
  0
VERTEX
  5
98
330
96
100
AcDbEntity
  8
Capa 1
370
     0
100
AcDbVertex
100
AcDb2dVertex
 10
163.0425655372027
 20
-106.1466951065289
 30
0.0
  0
VERTEX
  5
99
330
96
100
AcDbEntity
  8
Capa 1
370
     0
100
AcDbVertex
100
AcDb2dVertex
 10
162.6709720877011
 20
-106.1466951065289
 30
0.0
  0
VERTEX
  5
9A
330
96
100
AcDbEntity
  8
Capa 1
370
     0
100
AcDbVertex
100
AcDb2dVertex
 10
162.6709720877011
 20
-105.9273940543688
 30
0.0
  0
VERTEX
  5
9B
330
96
100
AcDbEntity
  8
Capa 1
370
     0
100
AcDbVertex
100
AcDb2dVertex
 10
163.7546171016367
 20
-105.9273940543688
 30
0.0
  0
VERTEX
  5
9C
330
96
100
AcDbEntity
  8
Capa 1
370
     0
100
AcDbVertex
100
AcDb2dVertex
 10
163.7546171016367
 20
-106.1466951065289
 30
0.0
  0
VERTEX
  5
9D
330
96
100
AcDbEntity
  8
Capa 1
370
     0
100
AcDbVertex
100
AcDb2dVertex
 10
163.3830236521351
 20
-106.1466951065289
 30
0.0
  0
VERTEX
  5
9E
330
96
100
AcDbEntity
  8
Capa 1
370
     0
100
AcDbVertex
100
AcDb2dVertex
 10
163.3830236521351
 20
-106.9257553257943
 30
0.0
  0
VERTEX
  5
9F
330
96
100
AcDbEntity
  8
Capa 1
370
     0
100
AcDbVertex
100
AcDb2dVertex
 10
163.0425655372027
 20
-106.9257553257943
 30
0.0
  0
SEQEND
  5
A0
330
96
100
AcDbEntity
  8
Capa 1
370
     0
  0
HATCH
  5
A1
330
1F
100
AcDbEntity
  8
Capa 1
 62
   255
100
AcDbHatch
 10
0.0
 20
0.0
 30
0.0
210
0.0
220
0.0
230
1.0
  2
SOLID
 70
     1
 71
     0
 91
        1
 92
        1
 93
        8
 72
     1
 10
163.0425655372027
 20
-106.9257553257943
 11
163.0425655372027
 21
-106.1466951065289
 72
     1
 10
163.0425655372027
 20
-106.1466951065289
 11
162.6709720877011
 21
-106.1466951065289
 72
     1
 10
162.6709720877011
 20
-106.1466951065289
 11
162.6709720877011
 21
-105.9273940543688
 72
     1
 10
162.6709720877011
 20
-105.9273940543688
 11
163.7546171016367
 21
-105.9273940543688
 72
     1
 10
163.7546171016367
 20
-105.9273940543688
 11
163.7546171016367
 21
-106.1466951065289
 72
     1
 10
163.7546171016367
 20
-106.1466951065289
 11
163.3830236521351
 21
-106.1466951065289
 72
     1
 10
163.3830236521351
 20
-106.1466951065289
 11
163.3830236521351
 21
-106.9257553257943
 72
     1
 10
163.3830236521351
 20
-106.9257553257943
 11
163.0425655372027
 21
-106.9257553257943
 97
        0
 75
     2
 76
     1
 98
        0
  0
SPLINE
  5
A2
330
1F
100
AcDbEntity
  8
Capa 1
370
     0
100
AcDbSpline
210
0.0
220
0.0
230
1.0
 70
    11
 71
     3
 72
   110
 73
   106
 74
     0
 42
0.0000000001
 43
0.0000000001
 12
1.0
 22
0.0
 32
0.0
 13
1.0
 23
0.0
 33
0.0
 40
0.0
 40
0.0
 40
0.0
 40
0.0
 40
1.0
 40
1.0
 40
1.0
 40
2.0
 40
2.0
 40
2.0
 40
3.0
 40
3.0
 40
3.0
 40
4.0
 40
4.0
 40
4.0
 40
5.0
 40
5.0
 40
5.0
 40
6.0
 40
6.0
 40
6.0
 40
7.0
 40
7.0
 40
7.0
 40
8.0
 40
8.0
 40
8.0
 40
9.0
 40
9.0
 40
9.0
 40
10.0
 40
10.0
 40
10.0
 40
11.0
 40
11.0
 40
11.0
 40
12.0
 40
12.0
 40
12.0
 40
13.0
 40
13.0
 40
13.0
 40
14.0
 40
14.0
 40
14.0
 40
15.0
 40
15.0
 40
15.0
 40
16.0
 40
16.0
 40
16.0
 40
17.0
 40
17.0
 40
17.0
 40
18.0
 40
18.0
 40
18.0
 40
19.0
 40
19.0
 40
19.0
 40
20.0
 40
20.0
 40
20.0
 40
21.0
 40
21.0
 40
21.0
 40
22.0
 40
22.0
 40
22.0
 40
23.0
 40
23.0
 40
23.0
 40
24.0
 40
24.0
 40
24.0
 40
25.0
 40
25.0
 40
25.0
 40
26.0
 40
26.0
 40
26.0
 40
27.0
 40
27.0
 40
27.0
 40
28.0
 40
28.0
 40
28.0
 40
29.0
 40
29.0
 40
29.0
 40
30.0
 40
30.0
 40
30.0
 40
31.0
 40
31.0
 40
31.0
 40
32.0
 40
32.0
 40
32.0
 40
33.0
 40
33.0
 40
33.0
 40
34.0
 40
34.0
 40
34.0
 40
35.0
 40
35.0
 40
35.0
 40
35.0
 10
165.2669370117827
 20
-106.5961268924541
 30
0.0
 10
165.2669370117827
 20
-106.596578129177
 30
0.0
 10
165.2669370117827
 20
-106.5974806026504
 30
0.0
 10
165.2669370117827
 20
-106.5988343128442
 30
0.0
 10
165.2651320648461
 20
-106.6114689413627
 30
0.0
 10
165.2642295913835
 20
-106.6207192943897
 30
0.0
 10
165.2642295913835
 20
-106.6265853719148
 30
0.0
 10
165.2642295913835
 20
-106.6653917309393
 30
0.0
 10
165.2808501443757
 20
-106.6942708818418
 30
0.0
 10
165.3139408381201
 20
-106.7132228246199
 30
0.0
 10
165.3471819441031
 20
-106.7321747674051
 30
0.0
 10
165.3984725194037
 20
-106.7416507387944
 30
0.0
 10
165.4679629762654
 20
-106.7416507387944
 30
0.0
 10
165.5207576740035
 20
-106.7416507387944
 30
0.0
 10
165.5621210411853
 20
-106.7339045082095
 30
0.0
 10
165.5922034900405
 20
-106.718336840925
 30
0.0
 10
165.6221355266532
 20
-106.7027691736442
 30
0.0
 10
165.6371767510802
 20
-106.6814106349526
 30
0.0
 10
165.6371767510802
 20
-106.654336430984
 30
0.0
 10
165.6371767510802
 20
-106.6132738882962
 30
0.0
 10
165.5778391207085
 20
-106.5798823700681
 30
0.0
 10
165.459163859973
 20
-106.5541618762947
 30
0.0
 10
165.4451755212536
 20
-106.5510032191661
 30
0.0
 10
165.4347970763985
 20
-106.5487470354983
 30
0.0
 10
165.4280285254076
 20
-106.5473933252968
 30
0.0
 10
165.4203575009478
 20
-106.5455883783685
 30
0.0
 10
165.4093022009913
 20
-106.5431065763401
 30
0.0
 10
165.3948626255407
 20
-106.5399479192096
 30
0.0
 10
165.2062456712108
 20
-106.4988853765218
 30
0.0
 10
165.0850886084411
 20
-106.4542129399677
 30
0.0
 10
165.0313914372353
 20
-106.4059306095487
 30
0.0
 10
165.0052197067268
 20
-106.3824662994483
 30
0.0
 10
164.9854404966042
 20
-106.3547152403784
 30
0.0
 10
164.9722042191087
 20
-106.3226774323454
 30
0.0
 10
164.9588175293644
 20
-106.2906396243118
 30
0.0
 10
164.9521993906186
 20
-106.2545406856832
 30
0.0
 10
164.9521993906186
 20
-106.214380616463
 30
0.0
 10
164.9521993906186
 20
-106.1160110086974
 30
0.0
 10
164.995518116973
 20
-106.0411057110476
 30
0.0
 10
165.0821555696769
 20
-105.9896647235052
 30
0.0
 10
165.1687930223859
 20
-105.9382237359571
 30
0.0
 10
165.2955905443177
 20
-105.912503242185
 30
0.0
 10
165.4625481354684
 20
-105.912503242185
 30
0.0
 10
165.6272495429602
 20
-105.912503242185
 30
0.0
 10
165.749309079195
 20
-105.9366444073945
 30
0.0
 10
165.8287267441768
 20
-105.9849267378077
 30
0.0
 10
165.9081444091534
 20
-106.0332090682222
 30
0.0
 10
165.9478532416513
 20
-106.1074375107751
 30
0.0
 10
165.9478532416513
 20
-106.2076120654702
 30
0.0
 10
165.9478532416513
 20
-106.2076120654702
 30
0.0
 10
165.9478532416513
 20
-106.2191186021599
 30
0.0
 10
165.9478532416513
 20
-106.2191186021599
 30
0.0
 10
165.9478532416513
 20
-106.2191186021599
 30
0.0
 10
165.6358230408787
 20
-106.2191186021599
 30
0.0
 10
165.6358230408787
 20
-106.2191186021599
 30
0.0
 10
165.6358230408787
 20
-106.2191186021599
 30
0.0
 10
165.6358230408787
 20
-106.214380616463
 30
0.0
 10
165.6358230408787
 20
-106.214380616463
 30
0.0
 10
165.6358230408787
 20
-106.1800866247672
 30
0.0
 10
165.6200297552329
 20
-106.1540653065012
 30
0.0
 10
165.5884431839389
 20
-106.136241455559
 30
0.0
 10
165.5568566126333
 20
-106.1184176046052
 30
0.0
 10
165.510604847516
 20
-106.109468076076
 30
0.0
 10
165.449687888583
 20
-106.109468076076
 30
0.0
 10
165.4023080316317
 20
-106.109468076076
 30
0.0
 10
165.3657578562693
 20
-106.1157853903356
 30
0.0
 10
165.340037362501
 20
-106.1284200188528
 30
0.0
 10
165.3143168687224
 20
-106.1410546473707
 30
0.0
 10
165.3014566218434
 20
-106.1591041166856
 30
0.0
 10
165.3014566218434
 20
-106.1825684267911
 30
0.0
 10
165.3014566218434
 20
-106.2240822062174
 30
0.0
 10
165.3695933685011
 20
-106.2595042897464
 30
0.0
 10
165.5058668618229
 20
-106.2888346773771
 30
0.0
 10
165.5320385923237
 20
-106.2942495181702
 30
0.0
 10
165.552569863669
 20
-106.298536267134
 30
0.0
 10
165.5674606758534
 20
-106.301694924267
 30
0.0
 10
165.6644765734137
 20
-106.3233542874397
 30
0.0
 10
165.7335157935429
 20
-106.3420054057342
 30
0.0
 10
165.7745783362308
 20
-106.35757307302
 30
0.0
 10
165.8156408789187
 20
-106.3731407403014
 30
0.0
 10
165.8510629624522
 20
-106.3914910341019
 30
0.0
 10
165.8808445868199
 20
-106.4126991605472
 30
0.0
 10
165.914236105048
 20
-106.4370659441198
 30
0.0
 10
165.9399565988201
 20
-106.4677500419526
 30
0.0
 10
165.958006068135
 20
-106.5047514540481
 30
0.0
 10
165.9760555374499
 20
-106.5417528661386
 30
0.0
 10
165.9850802721035
 20
-106.5823641720971
 30
0.0
 10
165.9850802721035
 20
-106.6265853719148
 30
0.0
 10
165.9850802721035
 20
-106.7281136368057
 30
0.0
 10
165.9379260335249
 20
-106.8061775915891
 30
0.0
 10
165.84361755636
 20
-106.86077723626
 30
0.0
 10
165.749309079195
 20
-106.9153768809424
 30
0.0
 10
165.6134868226058
 20
-106.9426767032753
 30
0.0
 10
165.4361507866
 20
-106.9426767032753
 30
0.0
 10
165.2610709342492
 20
-106.9426767032753
 30
0.0
 10
165.1343486184477
 20
-106.9164297666519
 30
0.0
 10
165.0561342514185
 20
-106.8638606872698
 30
0.0
 10
164.9777694721444
 20
-106.8112916078929
 30
0.0
 10
164.9386622886317
 20
-106.7269855449762
 30
0.0
 10
164.9386622886317
 20
-106.6110177046283
 30
0.0
 10
164.9386622886317
 20
-106.6110177046283
 30
0.0
 10
164.9386622886317
 20
-106.5961268924541
 30
0.0
 10
164.9386622886317
 20
-106.5961268924541
 30
0.0
 10
164.9386622886317
 20
-106.5961268924541
 30
0.0
 10
165.2669370117827
 20
-106.5961268924541
 30
0.0
 10
165.2669370117827
 20
-106.5961268924541
 30
0.0
  0
HATCH
  5
A3
330
1F
100
AcDbEntity
  8
Capa 1
 62
   255
100
AcDbHatch
 10
0.0
 20
0.0
 30
0.0
210
0.0
220
0.0
230
1.0
  2
SOLID
 70
     1
 71
     0
 91
        1
 92
        1
 93
        1
 72
     4
 94
        3
 73
     0
 74
     1
 95
      110
 96
      106
 40
0.0
 40
0.0
 40
0.0
 40
0.0
 40
1.0
 40
1.0
 40
1.0
 40
2.0
 40
2.0
 40
2.0
 40
3.0
 40
3.0
 40
3.0
 40
4.0
 40
4.0
 40
4.0
 40
5.0
 40
5.0
 40
5.0
 40
6.0
 40
6.0
 40
6.0
 40
7.0
 40
7.0
 40
7.0
 40
8.0
 40
8.0
 40
8.0
 40
9.0
 40
9.0
 40
9.0
 40
10.0
 40
10.0
 40
10.0
 40
11.0
 40
11.0
 40
11.0
 40
12.0
 40
12.0
 40
12.0
 40
13.0
 40
13.0
 40
13.0
 40
14.0
 40
14.0
 40
14.0
 40
15.0
 40
15.0
 40
15.0
 40
16.0
 40
16.0
 40
16.0
 40
17.0
 40
17.0
 40
17.0
 40
18.0
 40
18.0
 40
18.0
 40
19.0
 40
19.0
 40
19.0
 40
20.0
 40
20.0
 40
20.0
 40
21.0
 40
21.0
 40
21.0
 40
22.0
 40
22.0
 40
22.0
 40
23.0
 40
23.0
 40
23.0
 40
24.0
 40
24.0
 40
24.0
 40
25.0
 40
25.0
 40
25.0
 40
26.0
 40
26.0
 40
26.0
 40
27.0
 40
27.0
 40
27.0
 40
28.0
 40
28.0
 40
28.0
 40
29.0
 40
29.0
 40
29.0
 40
30.0
 40
30.0
 40
30.0
 40
31.0
 40
31.0
 40
31.0
 40
32.0
 40
32.0
 40
32.0
 40
33.0
 40
33.0
 40
33.0
 40
34.0
 40
34.0
 40
34.0
 40
35.0
 40
35.0
 40
35.0
 40
35.0
 10
165.2669370117827
 20
-106.5961268924541
 10
165.2669370117827
 20
-106.596578129177
 10
165.2669370117827
 20
-106.5974806026504
 10
165.2669370117827
 20
-106.5988343128442
 10
165.2651320648461
 20
-106.6114689413627
 10
165.2642295913835
 20
-106.6207192943897
 10
165.2642295913835
 20
-106.6265853719148
 10
165.2642295913835
 20
-106.6653917309393
 10
165.2808501443757
 20
-106.6942708818418
 10
165.3139408381201
 20
-106.7132228246199
 10
165.3471819441031
 20
-106.7321747674051
 10
165.3984725194037
 20
-106.7416507387944
 10
165.4679629762654
 20
-106.7416507387944
 10
165.5207576740035
 20
-106.7416507387944
 10
165.5621210411853
 20
-106.7339045082095
 10
165.5922034900405
 20
-106.718336840925
 10
165.6221355266532
 20
-106.7027691736442
 10
165.6371767510802
 20
-106.6814106349526
 10
165.6371767510802
 20
-106.654336430984
 10
165.6371767510802
 20
-106.6132738882962
 10
165.5778391207085
 20
-106.5798823700681
 10
165.459163859973
 20
-106.5541618762947
 10
165.4451755212536
 20
-106.5510032191661
 10
165.4347970763985
 20
-106.5487470354983
 10
165.4280285254076
 20
-106.5473933252968
 10
165.4203575009478
 20
-106.5455883783685
 10
165.4093022009913
 20
-106.5431065763401
 10
165.3948626255407
 20
-106.5399479192096
 10
165.2062456712108
 20
-106.4988853765218
 10
165.0850886084411
 20
-106.4542129399677
 10
165.0313914372353
 20
-106.4059306095487
 10
165.0052197067268
 20
-106.3824662994483
 10
164.9854404966042
 20
-106.3547152403784
 10
164.9722042191087
 20
-106.3226774323454
 10
164.9588175293644
 20
-106.2906396243118
 10
164.9521993906186
 20
-106.2545406856832
 10
164.9521993906186
 20
-106.214380616463
 10
164.9521993906186
 20
-106.1160110086974
 10
164.995518116973
 20
-106.0411057110476
 10
165.0821555696769
 20
-105.9896647235052
 10
165.1687930223859
 20
-105.9382237359571
 10
165.2955905443177
 20
-105.912503242185
 10
165.4625481354684
 20
-105.912503242185
 10
165.6272495429602
 20
-105.912503242185
 10
165.749309079195
 20
-105.9366444073945
 10
165.8287267441768
 20
-105.9849267378077
 10
165.9081444091534
 20
-106.0332090682222
 10
165.9478532416513
 20
-106.1074375107751
 10
165.9478532416513
 20
-106.2076120654702
 10
165.9478532416513
 20
-106.2076120654702
 10
165.9478532416513
 20
-106.2191186021599
 10
165.9478532416513
 20
-106.2191186021599
 10
165.9478532416513
 20
-106.2191186021599
 10
165.6358230408787
 20
-106.2191186021599
 10
165.6358230408787
 20
-106.2191186021599
 10
165.6358230408787
 20
-106.2191186021599
 10
165.6358230408787
 20
-106.214380616463
 10
165.6358230408787
 20
-106.214380616463
 10
165.6358230408787
 20
-106.1800866247672
 10
165.6200297552329
 20
-106.1540653065012
 10
165.5884431839389
 20
-106.136241455559
 10
165.5568566126333
 20
-106.1184176046052
 10
165.510604847516
 20
-106.109468076076
 10
165.449687888583
 20
-106.109468076076
 10
165.4023080316317
 20
-106.109468076076
 10
165.3657578562693
 20
-106.1157853903356
 10
165.340037362501
 20
-106.1284200188528
 10
165.3143168687224
 20
-106.1410546473707
 10
165.3014566218434
 20
-106.1591041166856
 10
165.3014566218434
 20
-106.1825684267911
 10
165.3014566218434
 20
-106.2240822062174
 10
165.3695933685011
 20
-106.2595042897464
 10
165.5058668618229
 20
-106.2888346773771
 10
165.5320385923237
 20
-106.2942495181702
 10
165.552569863669
 20
-106.298536267134
 10
165.5674606758534
 20
-106.301694924267
 10
165.6644765734137
 20
-106.3233542874397
 10
165.7335157935429
 20
-106.3420054057342
 10
165.7745783362308
 20
-106.35757307302
 10
165.8156408789187
 20
-106.3731407403014
 10
165.8510629624522
 20
-106.3914910341019
 10
165.8808445868199
 20
-106.4126991605472
 10
165.914236105048
 20
-106.4370659441198
 10
165.9399565988201
 20
-106.4677500419526
 10
165.958006068135
 20
-106.5047514540481
 10
165.9760555374499
 20
-106.5417528661386
 10
165.9850802721035
 20
-106.5823641720971
 10
165.9850802721035
 20
-106.6265853719148
 10
165.9850802721035
 20
-106.7281136368057
 10
165.9379260335249
 20
-106.8061775915891
 10
165.84361755636
 20
-106.86077723626
 10
165.749309079195
 20
-106.9153768809424
 10
165.6134868226058
 20
-106.9426767032753
 10
165.4361507866
 20
-106.9426767032753
 10
165.2610709342492
 20
-106.9426767032753
 10
165.1343486184477
 20
-106.9164297666519
 10
165.0561342514185
 20
-106.8638606872698
 10
164.9777694721444
 20
-106.8112916078929
 10
164.9386622886317
 20
-106.7269855449762
 10
164.9386622886317
 20
-106.6110177046283
 10
164.9386622886317
 20
-106.6110177046283
 10
164.9386622886317
 20
-106.5961268924541
 10
164.9386622886317
 20
-106.5961268924541
 10
164.9386622886317
 20
-106.5961268924541
 10
165.2669370117827
 20
-106.5961268924541
 10
165.2669370117827
 20
-106.5961268924541
 97
        0
 75
     2
 76
     1
 98
        0
  0
POLYLINE
  5
A4
330
1F
100
AcDbEntity
  8
Capa 1
370
     0
100
AcDb2dPolyline
 66
     1
 10
0.0
 20
0.0
 30
0.0
  0
VERTEX
  5
A5
330
A4
100
AcDbEntity
  8
Capa 1
370
     0
100
AcDbVertex
100
AcDb2dVertex
 10
140.6317346539407
 20
-106.9257553257943
 30
0.0
  0
VERTEX
  5
A6
330
A4
100
AcDbEntity
  8
Capa 1
370
     0
100
AcDbVertex
100
AcDb2dVertex
 10
140.5438841398449
 20
-106.9257553257943
 30
0.0
  0
VERTEX
  5
A7
330
A4
100
AcDbEntity
  8
Capa 1
370
     0
100
AcDbVertex
100
AcDb2dVertex
 10
140.5438841398449
 20
-102.8870172265919
 30
0.0
  0
VERTEX
  5
A8
330
A4
100
AcDbEntity
  8
Capa 1
370
     0
100
AcDbVertex
100
AcDb2dVertex
 10
140.6317346539407
 20
-102.8870172265919
 30
0.0
  0
VERTEX
  5
A9
330
A4
100
AcDbEntity
  8
Capa 1
370
     0
100
AcDbVertex
100
AcDb2dVertex
 10
140.6317346539407
 20
-106.9257553257943
 30
0.0
  0
SEQEND
  5
AB
330
A4
100
AcDbEntity
  8
Capa 1
370
     0
  0
HATCH
  5
AA
330
1F
100
AcDbEntity
  8
Capa 1
 62
   255
100
AcDbHatch
 10
0.0
 20
0.0
 30
0.0
210
0.0
220
0.0
230
1.0
  2
SOLID
 70
     1
 71
     0
 91
        1
 92
        1
 93
        4
 72
     1
 10
140.6317346539407
 20
-106.9257553257943
 11
140.5438841398449
 21
-106.9257553257943
 72
     1
 10
140.5438841398449
 20
-106.9257553257943
 11
140.5438841398449
 21
-102.8870172265919
 72
     1
 10
140.5438841398449
 20
-102.8870172265919
 11
140.6317346539407
 21
-102.8870172265919
 72
     1
 10
140.6317346539407
 20
-102.8870172265919
 11
140.6317346539407
 21
-106.9257553257943
 97
        0
 75
     2
 76
     1
 98
        0
  0
SPLINE
  5
AC
330
1F
100
AcDbEntity
  8
Capa 1
370
     0
100
AcDbSpline
210
0.0
220
0.0
230
1.0
 70
    11
 71
     3
 72
    32
 73
    28
 74
     0
 42
0.0000000001
 43
0.0000000001
 12
1.0
 22
0.0
 32
0.0
 13
1.0
 23
0.0
 33
0.0
 40
0.0
 40
0.0
 40
0.0
 40
0.0
 40
1.0
 40
1.0
 40
1.0
 40
2.0
 40
2.0
 40
2.0
 40
3.0
 40
3.0
 40
3.0
 40
4.0
 40
4.0
 40
4.0
 40
5.0
 40
5.0
 40
5.0
 40
6.0
 40
6.0
 40
6.0
 40
7.0
 40
7.0
 40
7.0
 40
8.0
 40
8.0
 40
8.0
 40
9.0
 40
9.0
 40
9.0
 40
9.0
 10
128.9351917543697
 20
-102.8861548998965
 30
0.0
 10
128.9351917543697
 20
-102.8861548998965
 30
0.0
 10
128.9351917543697
 20
-105.9377114390622
 30
0.0
 10
128.9351917543697
 20
-105.9377114390622
 30
0.0
 10
128.9351917543697
 20
-105.9377114390622
 30
0.0
 10
131.0210783048512
 20
-105.9377114390622
 30
0.0
 10
131.0210783048512
 20
-105.9377114390622
 30
0.0
 10
131.5354132376621
 20
-105.9377114390622
 30
0.0
 10
131.8609946329298
 20
-105.7373915178622
 30
0.0
 10
131.9983146771925
 20
-105.3372438620007
 30
0.0
 10
131.9983146771925
 20
-105.3372438620007
 30
0.0
 10
133.0040978687702
 20
-105.3372438620007
 30
0.0
 10
133.0040978687702
 20
-105.3372438620007
 30
0.0
 10
132.9162425716346
 20
-105.8515787948115
 30
0.0
 10
132.7031258004316
 20
-106.2384374141315
 30
0.0
 10
132.3640092753534
 20
-106.4973275334226
 30
0.0
 10
132.0248927502752
 20
-106.7567098392516
 30
0.0
 10
131.5829092386346
 20
-106.8861548988969
 30
0.0
 10
131.0383048337013
 20
-106.8861548988969
 30
0.0
 10
131.0383048337013
 20
-106.8861548988969
 30
0.0
 10
127.9636155272226
 20
-106.8861548988969
 30
0.0
 10
127.9636155272226
 20
-106.8861548988969
 30
0.0
 10
127.9636155272226
 20
-106.8861548988969
 30
0.0
 10
127.9636155272226
 20
-102.8861548998965
 30
0.0
 10
127.9636155272226
 20
-102.8861548998965
 30
0.0
 10
127.9636155272226
 20
-102.8861548998965
 30
0.0
 10
128.9351917543697
 20
-102.8861548998965
 30
0.0
 10
128.9351917543697
 20
-102.8861548998965
 30
0.0
  0
HATCH
  5
AD
330
1F
100
AcDbEntity
  8
Capa 1
 62
   255
100
AcDbHatch
 10
0.0
 20
0.0
 30
0.0
210
0.0
220
0.0
230
1.0
  2
SOLID
 70
     1
 71
     0
 91
        1
 92
        1
 93
        1
 72
     4
 94
        3
 73
     0
 74
     1
 95
       32
 96
       28
 40
0.0
 40
0.0
 40
0.0
 40
0.0
 40
1.0
 40
1.0
 40
1.0
 40
2.0
 40
2.0
 40
2.0
 40
3.0
 40
3.0
 40
3.0
 40
4.0
 40
4.0
 40
4.0
 40
5.0
 40
5.0
 40
5.0
 40
6.0
 40
6.0
 40
6.0
 40
7.0
 40
7.0
 40
7.0
 40
8.0
 40
8.0
 40
8.0
 40
9.0
 40
9.0
 40
9.0
 40
9.0
 10
128.9351917543697
 20
-102.8861548998965
 10
128.9351917543697
 20
-102.8861548998965
 10
128.9351917543697
 20
-105.9377114390622
 10
128.9351917543697
 20
-105.9377114390622
 10
128.9351917543697
 20
-105.9377114390622
 10
131.0210783048512
 20
-105.9377114390622
 10
131.0210783048512
 20
-105.9377114390622
 10
131.5354132376621
 20
-105.9377114390622
 10
131.8609946329298
 20
-105.7373915178622
 10
131.9983146771925
 20
-105.3372438620007
 10
131.9983146771925
 20
-105.3372438620007
 10
133.0040978687702
 20
-105.3372438620007
 10
133.0040978687702
 20
-105.3372438620007
 10
132.9162425716346
 20
-105.8515787948115
 10
132.7031258004316
 20
-106.2384374141315
 10
132.3640092753534
 20
-106.4973275334226
 10
132.0248927502752
 20
-106.7567098392516
 10
131.5829092386346
 20
-106.8861548988969
 10
131.0383048337013
 20
-106.8861548988969
 10
131.0383048337013
 20
-106.8861548988969
 10
127.9636155272226
 20
-106.8861548988969
 10
127.9636155272226
 20
-106.8861548988969
 10
127.9636155272226
 20
-106.8861548988969
 10
127.9636155272226
 20
-102.8861548998965
 10
127.9636155272226
 20
-102.8861548998965
 10
127.9636155272226
 20
-102.8861548998965
 10
128.9351917543697
 20
-102.8861548998965
 10
128.9351917543697
 20
-102.8861548998965
 97
        0
 75
     2
 76
     1
 98
        0
  0
SPLINE
  5
AE
330
1F
100
AcDbEntity
  8
Capa 1
370
     0
100
AcDbSpline
210
0.0
220
0.0
230
1.0
 70
    11
 71
     3
 72
    44
 73
    40
 74
     0
 42
0.0000000001
 43
0.0000000001
 12
1.0
 22
0.0
 32
0.0
 13
1.0
 23
0.0
 33
0.0
 40
0.0
 40
0.0
 40
0.0
 40
0.0
 40
1.0
 40
1.0
 40
1.0
 40
2.0
 40
2.0
 40
2.0
 40
3.0
 40
3.0
 40
3.0
 40
4.0
 40
4.0
 40
4.0
 40
5.0
 40
5.0
 40
5.0
 40
6.0
 40
6.0
 40
6.0
 40
7.0
 40
7.0
 40
7.0
 40
8.0
 40
8.0
 40
8.0
 40
9.0
 40
9.0
 40
9.0
 40
10.0
 40
10.0
 40
10.0
 40
11.0
 40
11.0
 40
11.0
 40
12.0
 40
12.0
 40
12.0
 40
13.0
 40
13.0
 40
13.0
 40
13.0
 10
133.4554329246438
 20
-102.8861548998965
 30
0.0
 10
133.4554329246438
 20
-102.8861548998965
 30
0.0
 10
137.46724540057
 20
-102.8861548998965
 30
0.0
 10
137.46724540057
 20
-102.8861548998965
 30
0.0
 10
137.7642799765997
 20
-102.8861548998965
 30
0.0
 10
138.0357208526238
 20
-102.9309438749068
 30
0.0
 10
138.281568028642
 20
-103.0200296383889
 30
0.0
 10
138.5271691113909
 20
-103.1096075884095
 30
0.0
 10
138.7375788566321
 20
-103.2356073422847
 30
0.0
 10
138.9130433576341
 20
-103.3975367134759
 30
0.0
 10
139.0882617653668
 20
-103.5594660846677
 30
0.0
 10
139.2243513432828
 20
-103.7528953943277
 30
0.0
 10
139.3215581846513
 20
-103.9773324559179
 30
0.0
 10
139.4187650260199
 20
-104.2022617040467
 30
0.0
 10
139.4672454000695
 20
-104.4498315329499
 30
0.0
 10
139.4672454000695
 20
-104.7205341291662
 30
0.0
 10
139.4672454000695
 20
-104.7205341291662
 30
0.0
 10
139.4672454000695
 20
-106.8861548988969
 30
0.0
 10
139.4672454000695
 20
-106.8861548988969
 30
0.0
 10
139.4672454000695
 20
-106.8861548988969
 30
0.0
 10
138.4959152661914
 20
-106.8861548988969
 30
0.0
 10
138.4959152661914
 20
-106.8861548988969
 30
0.0
 10
138.4959152661914
 20
-106.8861548988969
 30
0.0
 10
138.4959152661914
 20
-104.8859088061274
 30
0.0
 10
138.4959152661914
 20
-104.8859088061274
 30
0.0
 10
138.4959152661914
 20
-104.181097682888
 30
0.0
 10
138.1528612488047
 20
-103.8286921212683
 30
0.0
 10
137.46724540057
 20
-103.8286921212683
 30
0.0
 10
137.46724540057
 20
-103.8286921212683
 30
0.0
 10
134.4213490065973
 20
-103.8286921212683
 30
0.0
 10
134.4213490065973
 20
-103.8286921212683
 30
0.0
 10
134.4213490065973
 20
-103.8286921212683
 30
0.0
 10
134.4213490065973
 20
-106.8861548988969
 30
0.0
 10
134.4213490065973
 20
-106.8861548988969
 30
0.0
 10
134.4213490065973
 20
-106.8861548988969
 30
0.0
 10
133.4554329246438
 20
-106.8861548988969
 30
0.0
 10
133.4554329246438
 20
-106.8861548988969
 30
0.0
 10
133.4554329246438
 20
-106.8861548988969
 30
0.0
 10
133.4554329246438
 20
-102.8861548998965
 30
0.0
 10
133.4554329246438
 20
-102.8861548998965
 30
0.0
  0
POLYLINE
  5
AF
330
1F
100
AcDbEntity
  8
Capa 1
370
     0
100
AcDb2dPolyline
 66
     1
 10
0.0
 20
0.0
 30
0.0
  0
VERTEX
  5
B0
330
AF
100
AcDbEntity
  8
Capa 1
370
     0
100
AcDbVertex
100
AcDb2dVertex
 10
135.9070140732866
 20
-104.3203864733047
 30
0.0
  0
VERTEX
  5
B1
330
AF
100
AcDbEntity
  8
Capa 1
370
     0
100
AcDbVertex
100
AcDb2dVertex
 10
136.8842504456273
 20
-104.3203864733047
 30
0.0
  0
VERTEX
  5
B2
330
AF
100
AcDbEntity
  8
Capa 1
370
     0
100
AcDbVertex
100
AcDb2dVertex
 10
136.8842504456273
 20
-106.8861548988969
 30
0.0
  0
VERTEX
  5
B3
330
AF
100
AcDbEntity
  8
Capa 1
370
     0
100
AcDbVertex
100
AcDb2dVertex
 10
135.9070140732866
 20
-106.8861548988969
 30
0.0
  0
VERTEX
  5
B4
330
AF
100
AcDbEntity
  8
Capa 1
370
     0
100
AcDbVertex
100
AcDb2dVertex
 10
135.9070140732866
 20
-104.3203864733047
 30
0.0
  0
SEQEND
  5
B5
330
AF
100
AcDbEntity
  8
Capa 1
370
     0
  0
HATCH
  5
B6
330
1F
100
AcDbEntity
  8
Capa 1
 62
   255
100
AcDbHatch
 10
0.0
 20
0.0
 30
0.0
210
0.0
220
0.0
230
1.0
  2
SOLID
 70
     1
 71
     0
 91
        2
 92
        1
 93
        1
 72
     4
 94
        3
 73
     0
 74
     1
 95
       44
 96
       40
 40
0.0
 40
0.0
 40
0.0
 40
0.0
 40
1.0
 40
1.0
 40
1.0
 40
2.0
 40
2.0
 40
2.0
 40
3.0
 40
3.0
 40
3.0
 40
4.0
 40
4.0
 40
4.0
 40
5.0
 40
5.0
 40
5.0
 40
6.0
 40
6.0
 40
6.0
 40
7.0
 40
7.0
 40
7.0
 40
8.0
 40
8.0
 40
8.0
 40
9.0
 40
9.0
 40
9.0
 40
10.0
 40
10.0
 40
10.0
 40
11.0
 40
11.0
 40
11.0
 40
12.0
 40
12.0
 40
12.0
 40
13.0
 40
13.0
 40
13.0
 40
13.0
 10
133.4554329246438
 20
-102.8861548998965
 10
133.4554329246438
 20
-102.8861548998965
 10
137.46724540057
 20
-102.8861548998965
 10
137.46724540057
 20
-102.8861548998965
 10
137.7642799765997
 20
-102.8861548998965
 10
138.0357208526238
 20
-102.9309438749068
 10
138.281568028642
 20
-103.0200296383889
 10
138.5271691113909
 20
-103.1096075884095
 10
138.7375788566321
 20
-103.2356073422847
 10
138.9130433576341
 20
-103.3975367134759
 10
139.0882617653668
 20
-103.5594660846677
 10
139.2243513432828
 20
-103.7528953943277
 10
139.3215581846513
 20
-103.9773324559179
 10
139.4187650260199
 20
-104.2022617040467
 10
139.4672454000695
 20
-104.4498315329499
 10
139.4672454000695
 20
-104.7205341291662
 10
139.4672454000695
 20
-104.7205341291662
 10
139.4672454000695
 20
-106.8861548988969
 10
139.4672454000695
 20
-106.8861548988969
 10
139.4672454000695
 20
-106.8861548988969
 10
138.4959152661914
 20
-106.8861548988969
 10
138.4959152661914
 20
-106.8861548988969
 10
138.4959152661914
 20
-106.8861548988969
 10
138.4959152661914
 20
-104.8859088061274
 10
138.4959152661914
 20
-104.8859088061274
 10
138.4959152661914
 20
-104.181097682888
 10
138.1528612488047
 20
-103.8286921212683
 10
137.46724540057
 20
-103.8286921212683
 10
137.46724540057
 20
-103.8286921212683
 10
134.4213490065973
 20
-103.8286921212683
 10
134.4213490065973
 20
-103.8286921212683
 10
134.4213490065973
 20
-103.8286921212683
 10
134.4213490065973
 20
-106.8861548988969
 10
134.4213490065973
 20
-106.8861548988969
 10
134.4213490065973
 20
-106.8861548988969
 10
133.4554329246438
 20
-106.8861548988969
 10
133.4554329246438
 20
-106.8861548988969
 10
133.4554329246438
 20
-106.8861548988969
 10
133.4554329246438
 20
-102.8861548998965
 10
133.4554329246438
 20
-102.8861548998965
 97
        0
 92
        1
 93
        4
 72
     1
 10
135.9070140732866
 20
-104.3203864733047
 11
136.8842504456273
 21
-104.3203864733047
 72
     1
 10
136.8842504456273
 20
-104.3203864733047
 11
136.8842504456273
 21
-106.8861548988969
 72
     1
 10
136.8842504456273
 20
-106.8861548988969
 11
135.9070140732866
 21
-106.8861548988969
 72
     1
 10
135.9070140732866
 20
-106.8861548988969
 11
135.9070140732866
 21
-104.3203864733047
 97
        0
 75
     2
 76
     1
 98
        0
  0
POLYLINE
  5
B7
330
1F
100
AcDbEntity
  8
Capa 1
370
     0
100
AcDb2dPolyline
 66
     1
 10
0.0
 20
0.0
 30
0.0
  0
VERTEX
  5
B8
330
B7
100
AcDbEntity
  8
Capa 1
370
     0
100
AcDbVertex
100
AcDb2dVertex
 10
156.0049120755325
 20
-94.49464267607053
 30
0.0
  0
VERTEX
  5
B9
330
B7
100
AcDbEntity
  8
Capa 1
370
     0
100
AcDbVertex
100
AcDb2dVertex
 10
148.5340671384828
 20
-100.1501409494489
 30
0.0
  0
VERTEX
  5
BA
330
B7
100
AcDbEntity
  8
Capa 1
370
     0
100
AcDbVertex
100
AcDb2dVertex
 10
141.0632222014279
 20
-94.49464267607053
 30
0.0
  0
VERTEX
  5
BB
330
B7
100
AcDbEntity
  8
Capa 1
370
     0
100
AcDbVertex
100
AcDb2dVertex
 10
148.5340671384828
 20
-96.37987407113383
 30
0.0
  0
VERTEX
  5
BC
330
B7
100
AcDbEntity
  8
Capa 1
370
     0
100
AcDbVertex
100
AcDb2dVertex
 10
156.0049120755325
 20
-94.49464267607053
 30
0.0
  0
SEQEND
  5
BE
330
B7
100
AcDbEntity
  8
Capa 1
370
     0
  0
HATCH
  5
BD
330
1F
100
AcDbEntity
  8
Capa 1
 62
   255
100
AcDbHatch
 10
0.0
 20
0.0
 30
0.0
210
0.0
220
0.0
230
1.0
  2
SOLID
 70
     1
 71
     0
 91
        1
 92
        1
 93
        4
 72
     1
 10
156.0049120755325
 20
-94.49464267607053
 11
148.5340671384828
 21
-100.1501409494489
 72
     1
 10
148.5340671384828
 20
-100.1501409494489
 11
141.0632222014279
 21
-94.49464267607053
 72
     1
 10
141.0632222014279
 20
-94.49464267607053
 11
148.5340671384828
 21
-96.37987407113383
 72
     1
 10
148.5340671384828
 20
-96.37987407113383
 11
156.0049120755325
 21
-94.49464267607053
 97
        0
 75
     0
 76
     1
 98
        0
  0
SPLINE
  5
BF
330
1F
100
AcDbEntity
  8
Capa 1
370
     0
100
AcDbSpline
210
0.0
220
0.0
230
1.0
 70
    11
 71
     3
 72
    41
 73
    37
 74
     0
 42
0.0000000001
 43
0.0000000001
 12
1.0
 22
0.0
 32
0.0
 13
1.0
 23
0.0
 33
0.0
 40
0.0
 40
0.0
 40
0.0
 40
0.0
 40
1.0
 40
1.0
 40
1.0
 40
2.0
 40
2.0
 40
2.0
 40
3.0
 40
3.0
 40
3.0
 40
4.0
 40
4.0
 40
4.0
 40
5.0
 40
5.0
 40
5.0
 40
6.0
 40
6.0
 40
6.0
 40
7.0
 40
7.0
 40
7.0
 40
8.0
 40
8.0
 40
8.0
 40
9.0
 40
9.0
 40
9.0
 40
10.0
 40
10.0
 40
10.0
 40
11.0
 40
11.0
 40
11.0
 40
12.0
 40
12.0
 40
12.0
 40
12.0
 10
148.534066364554
 20
-86.924285445679
 30
0.0
 10
145.6903248830984
 20
-86.93754755399284
 30
0.0
 10
143.321325892646
 20
-89.59891308899395
 30
0.0
 10
143.321325892646
 20
-92.8800992115744
 30
0.0
 10
143.321325892646
 20
-93.47567912435487
 30
0.0
 10
143.3968291538854
 20
-94.0503704846378
 30
0.0
 10
143.53796960462
 20
-94.59323864019994
 30
0.0
 10
143.53796960462
 20
-94.59323864019994
 30
0.0
 10
144.7786061698106
 20
-94.95318924002856
 30
0.0
 10
144.7786061698106
 20
-94.95318924002856
 30
0.0
 10
144.5144179459093
 20
-94.32677419351454
 30
0.0
 10
144.3663390411545
 20
-93.62323105791816
 30
0.0
 10
144.3663390411545
 20
-92.8800992115744
 30
0.0
 10
144.3663390411545
 20
-92.85575607015613
 30
0.0
 10
144.366807459991
 20
-92.83123727167015
 30
0.0
 10
144.366807459991
 20
-92.80663796370015
 30
0.0
 10
145.6591457542805
 20
-93.06574677084042
 30
0.0
 10
147.1342259472397
 20
-93.19568176471451
 30
0.0
 10
148.534066364554
 20
-93.19568176471451
 30
0.0
 10
149.933906781865
 20
-93.19568176471451
 30
0.0
 10
151.4089869748248
 20
-93.06574677084042
 30
0.0
 10
152.7013252691137
 20
-92.80663796370015
 30
0.0
 10
152.7013252691137
 20
-92.83123727167015
 30
0.0
 10
152.7017936879502
 20
-92.85575607015613
 30
0.0
 10
152.7017936879502
 20
-92.8800992115744
 30
0.0
 10
152.7017936879502
 20
-93.62323105791816
 30
0.0
 10
152.553714783198
 20
-94.32677419351454
 30
0.0
 10
152.2895265592954
 20
-94.95318924002856
 30
0.0
 10
152.2895265592954
 20
-94.95318924002856
 30
0.0
 10
153.5301631244847
 20
-94.59323864019994
 30
0.0
 10
153.5301631244847
 20
-94.59323864019994
 30
0.0
 10
153.6713035752193
 20
-94.0503704846378
 30
0.0
 10
153.74680683646
 20
-93.47567912435487
 30
0.0
 10
153.74680683646
 20
-92.8800992115744
 30
0.0
 10
153.74680683646
 20
-89.59891308899395
 30
0.0
 10
151.3778078460057
 20
-86.93754755399284
 30
0.0
 10
148.534066364554
 20
-86.924285445679
 30
0.0
  0
POLYLINE
  5
C0
330
1F
100
AcDbEntity
  8
Capa 1
370
     0
100
AcDb2dPolyline
 66
     1
 10
0.0
 20
0.0
 30
0.0
  0
VERTEX
  5
C1
330
C0
100
AcDbEntity
  8
Capa 1
370
     0
100
AcDbVertex
100
AcDb2dVertex
 10
148.9704570632957
 20
-92.20664466719312
 30
0.0
  0
VERTEX
  5
C2
330
C0
100
AcDbEntity
  8
Capa 1
370
     0
100
AcDbVertex
100
AcDb2dVertex
 10
148.534066364554
 20
-92.20664466719312
 30
0.0
  0
VERTEX
  5
C3
330
C0
100
AcDbEntity
  8
Capa 1
370
     0
100
AcDbVertex
100
AcDb2dVertex
 10
148.097675665809
 20
-92.20664466719312
 30
0.0
  0
VERTEX
  5
C4
330
C0
100
AcDbEntity
  8
Capa 1
370
     0
100
AcDbVertex
100
AcDb2dVertex
 10
148.097675665809
 20
-88.12059787844544
 30
0.0
  0
VERTEX
  5
C5
330
C0
100
AcDbEntity
  8
Capa 1
370
     0
100
AcDbVertex
100
AcDb2dVertex
 10
148.534066364554
 20
-88.12059787844544
 30
0.0
  0
VERTEX
  5
C6
330
C0
100
AcDbEntity
  8
Capa 1
370
     0
100
AcDbVertex
100
AcDb2dVertex
 10
148.9704570632957
 20
-88.12059787844544
 30
0.0
  0
VERTEX
  5
C7
330
C0
100
AcDbEntity
  8
Capa 1
370
     0
100
AcDbVertex
100
AcDb2dVertex
 10
148.9704570632957
 20
-92.20664466719312
 30
0.0
  0
SEQEND
  5
C8
330
C0
100
AcDbEntity
  8
Capa 1
370
     0
  0
HATCH
  5
C9
330
1F
100
AcDbEntity
  8
Capa 1
 62
   255
100
AcDbHatch
 10
0.0
 20
0.0
 30
0.0
210
0.0
220
0.0
230
1.0
  2
SOLID
 70
     1
 71
     0
 91
        2
 92
        1
 93
        1
 72
     4
 94
        3
 73
     0
 74
     1
 95
       41
 96
       37
 40
0.0
 40
0.0
 40
0.0
 40
0.0
 40
1.0
 40
1.0
 40
1.0
 40
2.0
 40
2.0
 40
2.0
 40
3.0
 40
3.0
 40
3.0
 40
4.0
 40
4.0
 40
4.0
 40
5.0
 40
5.0
 40
5.0
 40
6.0
 40
6.0
 40
6.0
 40
7.0
 40
7.0
 40
7.0
 40
8.0
 40
8.0
 40
8.0
 40
9.0
 40
9.0
 40
9.0
 40
10.0
 40
10.0
 40
10.0
 40
11.0
 40
11.0
 40
11.0
 40
12.0
 40
12.0
 40
12.0
 40
12.0
 10
148.534066364554
 20
-86.924285445679
 10
145.6903248830984
 20
-86.93754755399284
 10
143.321325892646
 20
-89.59891308899395
 10
143.321325892646
 20
-92.8800992115744
 10
143.321325892646
 20
-93.47567912435487
 10
143.3968291538854
 20
-94.0503704846378
 10
143.53796960462
 20
-94.59323864019994
 10
143.53796960462
 20
-94.59323864019994
 10
144.7786061698106
 20
-94.95318924002856
 10
144.7786061698106
 20
-94.95318924002856
 10
144.5144179459093
 20
-94.32677419351454
 10
144.3663390411545
 20
-93.62323105791816
 10
144.3663390411545
 20
-92.8800992115744
 10
144.3663390411545
 20
-92.85575607015613
 10
144.366807459991
 20
-92.83123727167015
 10
144.366807459991
 20
-92.80663796370015
 10
145.6591457542805
 20
-93.06574677084042
 10
147.1342259472397
 20
-93.19568176471451
 10
148.534066364554
 20
-93.19568176471451
 10
149.933906781865
 20
-93.19568176471451
 10
151.4089869748248
 20
-93.06574677084042
 10
152.7013252691137
 20
-92.80663796370015
 10
152.7013252691137
 20
-92.83123727167015
 10
152.7017936879502
 20
-92.85575607015613
 10
152.7017936879502
 20
-92.8800992115744
 10
152.7017936879502
 20
-93.62323105791816
 10
152.553714783198
 20
-94.32677419351454
 10
152.2895265592954
 20
-94.95318924002856
 10
152.2895265592954
 20
-94.95318924002856
 10
153.5301631244847
 20
-94.59323864019994
 10
153.5301631244847
 20
-94.59323864019994
 10
153.6713035752193
 20
-94.0503704846378
 10
153.74680683646
 20
-93.47567912435487
 10
153.74680683646
 20
-92.8800992115744
 10
153.74680683646
 20
-89.59891308899395
 10
151.3778078460057
 20
-86.93754755399284
 10
148.534066364554
 20
-86.924285445679
 97
        0
 92
        1
 93
        6
 72
     1
 10
148.9704570632957
 20
-92.20664466719312
 11
148.534066364554
 21
-92.20664466719312
 72
     1
 10
148.534066364554
 20
-92.20664466719312
 11
148.097675665809
 21
-92.20664466719312
 72
     1
 10
148.097675665809
 20
-92.20664466719312
 11
148.097675665809
 21
-88.12059787844544
 72
     1
 10
148.097675665809
 20
-88.12059787844544
 11
148.534066364554
 21
-88.12059787844544
 72
     1
 10
148.534066364554
 20
-88.12059787844544
 11
148.9704570632957
 21
-88.12059787844544
 72
     1
 10
148.9704570632957
 20
-88.12059787844544
 11
148.9704570632957
 21
-92.20664466719312
 97
        0
 75
     2
 76
     1
 98
        0
  0
SPLINE
  5
CA
330
1F
100
AcDbEntity
  8
Capa 1
370
     0
100
AcDbSpline
210
0.0
220
0.0
230
1.0
 70
    11
 71
     3
 72
    77
 73
    73
 74
     0
 42
0.0000000001
 43
0.0000000001
 12
1.0
 22
0.0
 32
0.0
 13
1.0
 23
0.0
 33
0.0
 40
0.0
 40
0.0
 40
0.0
 40
0.0
 40
1.0
 40
1.0
 40
1.0
 40
2.0
 40
2.0
 40
2.0
 40
3.0
 40
3.0
 40
3.0
 40
4.0
 40
4.0
 40
4.0
 40
5.0
 40
5.0
 40
5.0
 40
6.0
 40
6.0
 40
6.0
 40
7.0
 40
7.0
 40
7.0
 40
8.0
 40
8.0
 40
8.0
 40
9.0
 40
9.0
 40
9.0
 40
10.0
 40
10.0
 40
10.0
 40
11.0
 40
11.0
 40
11.0
 40
12.0
 40
12.0
 40
12.0
 40
13.0
 40
13.0
 40
13.0
 40
14.0
 40
14.0
 40
14.0
 40
15.0
 40
15.0
 40
15.0
 40
16.0
 40
16.0
 40
16.0
 40
17.0
 40
17.0
 40
17.0
 40
18.0
 40
18.0
 40
18.0
 40
19.0
 40
19.0
 40
19.0
 40
20.0
 40
20.0
 40
20.0
 40
21.0
 40
21.0
 40
21.0
 40
22.0
 40
22.0
 40
22.0
 40
23.0
 40
23.0
 40
23.0
 40
24.0
 40
24.0
 40
24.0
 40
24.0
 10
154.781825320755
 20
-90.82573360122196
 30
0.0
 10
154.7508706778933
 20
-90.81257058441517
 30
0.0
 10
154.7155487252896
 20
-90.79324074023756
 30
0.0
 10
154.6940876363331
 20
-90.77499140303019
 30
0.0
 10
154.6940876363331
 20
-90.77499140303019
 30
0.0
 10
153.833336625284
 20
-90.05966256704961
 30
0.0
 10
153.833336625284
 20
-90.05966256704961
 30
0.0
 10
153.833336625284
 20
-90.05966256704961
 30
0.0
 10
153.8041551905933
 20
-90.03494210858543
 30
0.0
 10
153.8041551905933
 20
-90.03494210858543
 30
0.0
 10
153.8041551905933
 20
-90.03494210858543
 30
0.0
 10
153.7676902925324
 20
-90.0045538625372
 30
0.0
 10
153.7676902925324
 20
-90.0045538625372
 30
0.0
 10
153.7676902925324
 20
-90.0045538625372
 30
0.0
 10
153.7670530011774
 20
-90.0043506662442
 30
0.0
 10
153.7670530011774
 20
-90.0043506662442
 30
0.0
 10
153.7670530011774
 20
-90.0043506662442
 30
0.0
 10
153.7380874888164
 20
-89.98003322412937
 30
0.0
 10
153.7380874888164
 20
-89.98003322412937
 30
0.0
 10
153.7327396901169
 20
-89.97599967948508
 30
0.0
 10
153.7284339972664
 20
-89.97192651041408
 30
0.0
 10
153.7253946098578
 20
-89.96823823359993
 30
0.0
 10
153.7230271005276
 20
-89.96579795795635
 30
0.0
 10
153.7216991781956
 20
-89.96331940740095
 30
0.0
 10
153.7205979743086
 20
-89.96126402401165
 30
0.0
 10
153.7161715665326
 20
-89.95300218882613
 30
0.0
 10
153.7202383483829
 20
-89.9486966761519
 30
0.0
 10
153.7324147771227
 20
-89.94961631028565
 30
0.0
 10
153.7372312879893
 20
-89.94968115968855
 30
0.0
 10
153.742088143994
 20
-89.95081366381558
 30
0.0
 10
153.7475606991179
 20
-89.95210906260334
 30
0.0
 10
153.7475606991179
 20
-89.95210906260334
 30
0.0
 10
153.7568505232447
 20
-89.95457524042867
 30
0.0
 10
153.7568505232447
 20
-89.95457524042867
 30
0.0
 10
153.7568505232447
 20
-89.95457524042867
 30
0.0
 10
153.7986536725167
 20
-89.96617934081252
 30
0.0
 10
153.7986536725167
 20
-89.96617934081252
 30
0.0
 10
153.7986536725167
 20
-89.96617934081252
 30
0.0
 10
153.8060348621433
 20
-89.96806012911905
 30
0.0
 10
153.8060348621433
 20
-89.96806012911905
 30
0.0
 10
153.8060348621433
 20
-89.96806012911905
 30
0.0
 10
154.8804542586896
 20
-90.26033807171784
 30
0.0
 10
154.8804542586896
 20
-90.26033807171784
 30
0.0
 10
154.9060182388653
 20
-90.26840123866855
 30
0.0
 10
154.9419075886694
 20
-90.28581912050893
 30
0.0
 10
154.970917487661
 20
-90.30427740537299
 30
0.0
 10
154.970917487661
 20
-90.30427740537299
 30
0.0
 10
154.7773810778679
 20
-90.4159296192243
 30
0.0
 10
154.7773810778679
 20
-90.4159296192243
 30
0.0
 10
154.7672610287243
 20
-90.42083289414482
 30
0.0
 10
154.7580745630542
 20
-90.42946339310579
 30
0.0
 10
154.7507942130357
 20
-90.43868063109787
 30
0.0
 10
154.7443130163699
 20
-90.44640637488907
 30
0.0
 10
154.7384583149412
 20
-90.45431516416032
 30
0.0
 10
154.7334888950672
 20
-90.46387632046766
 30
0.0
 10
154.7314850531591
 20
-90.46707658071277
 30
0.0
 10
154.7297079296999
 20
-90.47070000812529
 30
0.0
 10
154.7281467285704
 20
-90.47472645188715
 30
0.0
 10
154.7253783200331
 20
-90.480463011212
 30
0.0
 10
154.723649498494
 20
-90.48616129562117
 30
0.0
 10
154.7215101040461
 20
-90.49207955090606
 30
0.0
 10
154.7211265613055
 20
-90.49334837520401
 30
0.0
 10
154.7205483679884
 20
-90.49524018672318
 30
0.0
 10
154.7201756213643
 20
-90.4965291618366
 30
0.0
 10
154.7169364194679
 20
-90.50832739749455
 30
0.0
 10
154.7145745423393
 20
-90.52077079791476
 30
0.0
 10
154.7147049309664
 20
-90.53291632812201
 30
0.0
 10
154.7138761023842
 20
-90.5482211446315
 30
0.0
 10
154.7155636506445
 20
-90.56326704304665
 30
0.0
 10
154.7191061733005
 20
-90.5778118749559
 30
0.0
 10
154.7191061733005
 20
-90.5778118749559
 30
0.0
 10
154.781825320755
 20
-90.82573360122196
 30
0.0
 10
154.781825320755
 20
-90.82573360122196
 30
0.0
  0
HATCH
  5
CB
330
1F
100
AcDbEntity
  8
Capa 1
 62
   255
100
AcDbHatch
 10
0.0
 20
0.0
 30
0.0
210
0.0
220
0.0
230
1.0
  2
SOLID
 70
     1
 71
     0
 91
        1
 92
        1
 93
        1
 72
     4
 94
        3
 73
     0
 74
     1
 95
       77
 96
       73
 40
0.0
 40
0.0
 40
0.0
 40
0.0
 40
1.0
 40
1.0
 40
1.0
 40
2.0
 40
2.0
 40
2.0
 40
3.0
 40
3.0
 40
3.0
 40
4.0
 40
4.0
 40
4.0
 40
5.0
 40
5.0
 40
5.0
 40
6.0
 40
6.0
 40
6.0
 40
7.0
 40
7.0
 40
7.0
 40
8.0
 40
8.0
 40
8.0
 40
9.0
 40
9.0
 40
9.0
 40
10.0
 40
10.0
 40
10.0
 40
11.0
 40
11.0
 40
11.0
 40
12.0
 40
12.0
 40
12.0
 40
13.0
 40
13.0
 40
13.0
 40
14.0
 40
14.0
 40
14.0
 40
15.0
 40
15.0
 40
15.0
 40
16.0
 40
16.0
 40
16.0
 40
17.0
 40
17.0
 40
17.0
 40
18.0
 40
18.0
 40
18.0
 40
19.0
 40
19.0
 40
19.0
 40
20.0
 40
20.0
 40
20.0
 40
21.0
 40
21.0
 40
21.0
 40
22.0
 40
22.0
 40
22.0
 40
23.0
 40
23.0
 40
23.0
 40
24.0
 40
24.0
 40
24.0
 40
24.0
 10
154.781825320755
 20
-90.82573360122196
 10
154.7508706778933
 20
-90.81257058441517
 10
154.7155487252896
 20
-90.79324074023756
 10
154.6940876363331
 20
-90.77499140303019
 10
154.6940876363331
 20
-90.77499140303019
 10
153.833336625284
 20
-90.05966256704961
 10
153.833336625284
 20
-90.05966256704961
 10
153.833336625284
 20
-90.05966256704961
 10
153.8041551905933
 20
-90.03494210858543
 10
153.8041551905933
 20
-90.03494210858543
 10
153.8041551905933
 20
-90.03494210858543
 10
153.7676902925324
 20
-90.0045538625372
 10
153.7676902925324
 20
-90.0045538625372
 10
153.7676902925324
 20
-90.0045538625372
 10
153.7670530011774
 20
-90.0043506662442
 10
153.7670530011774
 20
-90.0043506662442
 10
153.7670530011774
 20
-90.0043506662442
 10
153.7380874888164
 20
-89.98003322412937
 10
153.7380874888164
 20
-89.98003322412937
 10
153.7327396901169
 20
-89.97599967948508
 10
153.7284339972664
 20
-89.97192651041408
 10
153.7253946098578
 20
-89.96823823359993
 10
153.7230271005276
 20
-89.96579795795635
 10
153.7216991781956
 20
-89.96331940740095
 10
153.7205979743086
 20
-89.96126402401165
 10
153.7161715665326
 20
-89.95300218882613
 10
153.7202383483829
 20
-89.9486966761519
 10
153.7324147771227
 20
-89.94961631028565
 10
153.7372312879893
 20
-89.94968115968855
 10
153.742088143994
 20
-89.95081366381558
 10
153.7475606991179
 20
-89.95210906260334
 10
153.7475606991179
 20
-89.95210906260334
 10
153.7568505232447
 20
-89.95457524042867
 10
153.7568505232447
 20
-89.95457524042867
 10
153.7568505232447
 20
-89.95457524042867
 10
153.7986536725167
 20
-89.96617934081252
 10
153.7986536725167
 20
-89.96617934081252
 10
153.7986536725167
 20
-89.96617934081252
 10
153.8060348621433
 20
-89.96806012911905
 10
153.8060348621433
 20
-89.96806012911905
 10
153.8060348621433
 20
-89.96806012911905
 10
154.8804542586896
 20
-90.26033807171784
 10
154.8804542586896
 20
-90.26033807171784
 10
154.9060182388653
 20
-90.26840123866855
 10
154.9419075886694
 20
-90.28581912050893
 10
154.970917487661
 20
-90.30427740537299
 10
154.970917487661
 20
-90.30427740537299
 10
154.7773810778679
 20
-90.4159296192243
 10
154.7773810778679
 20
-90.4159296192243
 10
154.7672610287243
 20
-90.42083289414482
 10
154.7580745630542
 20
-90.42946339310579
 10
154.7507942130357
 20
-90.43868063109787
 10
154.7443130163699
 20
-90.44640637488907
 10
154.7384583149412
 20
-90.45431516416032
 10
154.7334888950672
 20
-90.46387632046766
 10
154.7314850531591
 20
-90.46707658071277
 10
154.7297079296999
 20
-90.47070000812529
 10
154.7281467285704
 20
-90.47472645188715
 10
154.7253783200331
 20
-90.480463011212
 10
154.723649498494
 20
-90.48616129562117
 10
154.7215101040461
 20
-90.49207955090606
 10
154.7211265613055
 20
-90.49334837520401
 10
154.7205483679884
 20
-90.49524018672318
 10
154.7201756213643
 20
-90.4965291618366
 10
154.7169364194679
 20
-90.50832739749455
 10
154.7145745423393
 20
-90.52077079791476
 10
154.7147049309664
 20
-90.53291632812201
 10
154.7138761023842
 20
-90.5482211446315
 10
154.7155636506445
 20
-90.56326704304665
 10
154.7191061733005
 20
-90.5778118749559
 10
154.7191061733005
 20
-90.5778118749559
 10
154.781825320755
 20
-90.82573360122196
 10
154.781825320755
 20
-90.82573360122196
 97
        0
 75
     2
 76
     1
 98
        0
  0
SPLINE
  5
CC
330
1F
100
AcDbEntity
  8
Capa 1
370
     0
100
AcDbSpline
210
0.0
220
0.0
230
1.0
 70
    11
 71
     3
 72
   776
 73
   772
 74
     0
 42
0.0000000001
 43
0.0000000001
 12
1.0
 22
0.0
 32
0.0
 13
1.0
 23
0.0
 33
0.0
 40
0.0
 40
0.0
 40
0.0
 40
0.0
 40
1.0
 40
1.0
 40
1.0
 40
2.0
 40
2.0
 40
2.0
 40
3.0
 40
3.0
 40
3.0
 40
4.0
 40
4.0
 40
4.0
 40
5.0
 40
5.0
 40
5.0
 40
6.0
 40
6.0
 40
6.0
 40
7.0
 40
7.0
 40
7.0
 40
8.0
 40
8.0
 40
8.0
 40
9.0
 40
9.0
 40
9.0
 40
10.0
 40
10.0
 40
10.0
 40
11.0
 40
11.0
 40
11.0
 40
12.0
 40
12.0
 40
12.0
 40
13.0
 40
13.0
 40
13.0
 40
14.0
 40
14.0
 40
14.0
 40
15.0
 40
15.0
 40
15.0
 40
16.0
 40
16.0
 40
16.0
 40
17.0
 40
17.0
 40
17.0
 40
18.0
 40
18.0
 40
18.0
 40
19.0
 40
19.0
 40
19.0
 40
20.0
 40
20.0
 40
20.0
 40
21.0
 40
21.0
 40
21.0
 40
22.0
 40
22.0
 40
22.0
 40
23.0
 40
23.0
 40
23.0
 40
24.0
 40
24.0
 40
24.0
 40
25.0
 40
25.0
 40
25.0
 40
26.0
 40
26.0
 40
26.0
 40
27.0
 40
27.0
 40
27.0
 40
28.0
 40
28.0
 40
28.0
 40
29.0
 40
29.0
 40
29.0
 40
30.0
 40
30.0
 40
30.0
 40
31.0
 40
31.0
 40
31.0
 40
32.0
 40
32.0
 40
32.0
 40
33.0
 40
33.0
 40
33.0
 40
34.0
 40
34.0
 40
34.0
 40
35.0
 40
35.0
 40
35.0
 40
36.0
 40
36.0
 40
36.0
 40
37.0
 40
37.0
 40
37.0
 40
38.0
 40
38.0
 40
38.0
 40
39.0
 40
39.0
 40
39.0
 40
40.0
 40
40.0
 40
40.0
 40
41.0
 40
41.0
 40
41.0
 40
42.0
 40
42.0
 40
42.0
 40
43.0
 40
43.0
 40
43.0
 40
44.0
 40
44.0
 40
44.0
 40
45.0
 40
45.0
 40
45.0
 40
46.0
 40
46.0
 40
46.0
 40
47.0
 40
47.0
 40
47.0
 40
48.0
 40
48.0
 40
48.0
 40
49.0
 40
49.0
 40
49.0
 40
50.0
 40
50.0
 40
50.0
 40
51.0
 40
51.0
 40
51.0
 40
52.0
 40
52.0
 40
52.0
 40
53.0
 40
53.0
 40
53.0
 40
54.0
 40
54.0
 40
54.0
 40
55.0
 40
55.0
 40
55.0
 40
56.0
 40
56.0
 40
56.0
 40
57.0
 40
57.0
 40
57.0
 40
58.0
 40
58.0
 40
58.0
 40
59.0
 40
59.0
 40
59.0
 40
60.0
 40
60.0
 40
60.0
 40
61.0
 40
61.0
 40
61.0
 40
62.0
 40
62.0
 40
62.0
 40
63.0
 40
63.0
 40
63.0
 40
64.0
 40
64.0
 40
64.0
 40
65.0
 40
65.0
 40
65.0
 40
66.0
 40
66.0
 40
66.0
 40
67.0
 40
67.0
 40
67.0
 40
68.0
 40
68.0
 40
68.0
 40
69.0
 40
69.0
 40
69.0
 40
70.0
 40
70.0
 40
70.0
 40
71.0
 40
71.0
 40
71.0
 40
72.0
 40
72.0
 40
72.0
 40
73.0
 40
73.0
 40
73.0
 40
74.0
 40
74.0
 40
74.0
 40
75.0
 40
75.0
 40
75.0
 40
76.0
 40
76.0
 40
76.0
 40
77.0
 40
77.0
 40
77.0
 40
78.0
 40
78.0
 40
78.0
 40
79.0
 40
79.0
 40
79.0
 40
80.0
 40
80.0
 40
80.0
 40
81.0
 40
81.0
 40
81.0
 40
82.0
 40
82.0
 40
82.0
 40
83.0
 40
83.0
 40
83.0
 40
84.0
 40
84.0
 40
84.0
 40
85.0
 40
85.0
 40
85.0
 40
86.0
 40
86.0
 40
86.0
 40
87.0
 40
87.0
 40
87.0
 40
88.0
 40
88.0
 40
88.0
 40
89.0
 40
89.0
 40
89.0
 40
90.0
 40
90.0
 40
90.0
 40
91.0
 40
91.0
 40
91.0
 40
92.0
 40
92.0
 40
92.0
 40
93.0
 40
93.0
 40
93.0
 40
94.0
 40
94.0
 40
94.0
 40
95.0
 40
95.0
 40
95.0
 40
96.0
 40
96.0
 40
96.0
 40
97.0
 40
97.0
 40
97.0
 40
98.0
 40
98.0
 40
98.0
 40
99.0
 40
99.0
 40
99.0
 40
100.0
 40
100.0
 40
100.0
 40
101.0
 40
101.0
 40
101.0
 40
102.0
 40
102.0
 40
102.0
 40
103.0
 40
103.0
 40
103.0
 40
104.0
 40
104.0
 40
104.0
 40
105.0
 40
105.0
 40
105.0
 40
106.0
 40
106.0
 40
106.0
 40
107.0
 40
107.0
 40
107.0
 40
108.0
 40
108.0
 40
108.0
 40
109.0
 40
109.0
 40
109.0
 40
110.0
 40
110.0
 40
110.0
 40
111.0
 40
111.0
 40
111.0
 40
112.0
 40
112.0
 40
112.0
 40
113.0
 40
113.0
 40
113.0
 40
114.0
 40
114.0
 40
114.0
 40
115.0
 40
115.0
 40
115.0
 40
116.0
 40
116.0
 40
116.0
 40
117.0
 40
117.0
 40
117.0
 40
118.0
 40
118.0
 40
118.0
 40
119.0
 40
119.0
 40
119.0
 40
120.0
 40
120.0
 40
120.0
 40
121.0
 40
121.0
 40
121.0
 40
122.0
 40
122.0
 40
122.0
 40
123.0
 40
123.0
 40
123.0
 40
124.0
 40
124.0
 40
124.0
 40
125.0
 40
125.0
 40
125.0
 40
126.0
 40
126.0
 40
126.0
 40
127.0
 40
127.0
 40
127.0
 40
128.0
 40
128.0
 40
128.0
 40
129.0
 40
129.0
 40
129.0
 40
130.0
 40
130.0
 40
130.0
 40
131.0
 40
131.0
 40
131.0
 40
132.0
 40
132.0
 40
132.0
 40
133.0
 40
133.0
 40
133.0
 40
134.0
 40
134.0
 40
134.0
 40
135.0
 40
135.0
 40
135.0
 40
136.0
 40
136.0
 40
136.0
 40
137.0
 40
137.0
 40
137.0
 40
138.0
 40
138.0
 40
138.0
 40
139.0
 40
139.0
 40
139.0
 40
140.0
 40
140.0
 40
140.0
 40
141.0
 40
141.0
 40
141.0
 40
142.0
 40
142.0
 40
142.0
 40
143.0
 40
143.0
 40
143.0
 40
144.0
 40
144.0
 40
144.0
 40
145.0
 40
145.0
 40
145.0
 40
146.0
 40
146.0
 40
146.0
 40
147.0
 40
147.0
 40
147.0
 40
148.0
 40
148.0
 40
148.0
 40
149.0
 40
149.0
 40
149.0
 40
150.0
 40
150.0
 40
150.0
 40
151.0
 40
151.0
 40
151.0
 40
152.0
 40
152.0
 40
152.0
 40
153.0
 40
153.0
 40
153.0
 40
154.0
 40
154.0
 40
154.0
 40
155.0
 40
155.0
 40
155.0
 40
156.0
 40
156.0
 40
156.0
 40
157.0
 40
157.0
 40
157.0
 40
158.0
 40
158.0
 40
158.0
 40
159.0
 40
159.0
 40
159.0
 40
160.0
 40
160.0
 40
160.0
 40
161.0
 40
161.0
 40
161.0
 40
162.0
 40
162.0
 40
162.0
 40
163.0
 40
163.0
 40
163.0
 40
164.0
 40
164.0
 40
164.0
 40
165.0
 40
165.0
 40
165.0
 40
166.0
 40
166.0
 40
166.0
 40
167.0
 40
167.0
 40
167.0
 40
168.0
 40
168.0
 40
168.0
 40
169.0
 40
169.0
 40
169.0
 40
170.0
 40
170.0
 40
170.0
 40
171.0
 40
171.0
 40
171.0
 40
172.0
 40
172.0
 40
172.0
 40
173.0
 40
173.0
 40
173.0
 40
174.0
 40
174.0
 40
174.0
 40
175.0
 40
175.0
 40
175.0
 40
176.0
 40
176.0
 40
176.0
 40
177.0
 40
177.0
 40
177.0
 40
178.0
 40
178.0
 40
178.0
 40
179.0
 40
179.0
 40
179.0
 40
180.0
 40
180.0
 40
180.0
 40
181.0
 40
181.0
 40
181.0
 40
182.0
 40
182.0
 40
182.0
 40
183.0
 40
183.0
 40
183.0
 40
184.0
 40
184.0
 40
184.0
 40
185.0
 40
185.0
 40
185.0
 40
186.0
 40
186.0
 40
186.0
 40
187.0
 40
187.0
 40
187.0
 40
188.0
 40
188.0
 40
188.0
 40
189.0
 40
189.0
 40
189.0
 40
190.0
 40
190.0
 40
190.0
 40
191.0
 40
191.0
 40
191.0
 40
192.0
 40
192.0
 40
192.0
 40
193.0
 40
193.0
 40
193.0
 40
194.0
 40
194.0
 40
194.0
 40
195.0
 40
195.0
 40
195.0
 40
196.0
 40
196.0
 40
196.0
 40
197.0
 40
197.0
 40
197.0
 40
198.0
 40
198.0
 40
198.0
 40
199.0
 40
199.0
 40
199.0
 40
200.0
 40
200.0
 40
200.0
 40
201.0
 40
201.0
 40
201.0
 40
202.0
 40
202.0
 40
202.0
 40
203.0
 40
203.0
 40
203.0
 40
204.0
 40
204.0
 40
204.0
 40
205.0
 40
205.0
 40
205.0
 40
206.0
 40
206.0
 40
206.0
 40
207.0
 40
207.0
 40
207.0
 40
208.0
 40
208.0
 40
208.0
 40
209.0
 40
209.0
 40
209.0
 40
210.0
 40
210.0
 40
210.0
 40
211.0
 40
211.0
 40
211.0
 40
212.0
 40
212.0
 40
212.0
 40
213.0
 40
213.0
 40
213.0
 40
214.0
 40
214.0
 40
214.0
 40
215.0
 40
215.0
 40
215.0
 40
216.0
 40
216.0
 40
216.0
 40
217.0
 40
217.0
 40
217.0
 40
218.0
 40
218.0
 40
218.0
 40
219.0
 40
219.0
 40
219.0
 40
220.0
 40
220.0
 40
220.0
 40
221.0
 40
221.0
 40
221.0
 40
222.0
 40
222.0
 40
222.0
 40
223.0
 40
223.0
 40
223.0
 40
224.0
 40
224.0
 40
224.0
 40
225.0
 40
225.0
 40
225.0
 40
226.0
 40
226.0
 40
226.0
 40
227.0
 40
227.0
 40
227.0
 40
228.0
 40
228.0
 40
228.0
 40
229.0
 40
229.0
 40
229.0
 40
230.0
 40
230.0
 40
230.0
 40
231.0
 40
231.0
 40
231.0
 40
232.0
 40
232.0
 40
232.0
 40
233.0
 40
233.0
 40
233.0
 40
234.0
 40
234.0
 40
234.0
 40
235.0
 40
235.0
 40
235.0
 40
236.0
 40
236.0
 40
236.0
 40
237.0
 40
237.0
 40
237.0
 40
238.0
 40
238.0
 40
238.0
 40
239.0
 40
239.0
 40
239.0
 40
240.0
 40
240.0
 40
240.0
 40
241.0
 40
241.0
 40
241.0
 40
242.0
 40
242.0
 40
242.0
 40
243.0
 40
243.0
 40
243.0
 40
244.0
 40
244.0
 40
244.0
 40
245.0
 40
245.0
 40
245.0
 40
246.0
 40
246.0
 40
246.0
 40
247.0
 40
247.0
 40
247.0
 40
248.0
 40
248.0
 40
248.0
 40
249.0
 40
249.0
 40
249.0
 40
250.0
 40
250.0
 40
250.0
 40
251.0
 40
251.0
 40
251.0
 40
252.0
 40
252.0
 40
252.0
 40
253.0
 40
253.0
 40
253.0
 40
254.0
 40
254.0
 40
254.0
 40
255.0
 40
255.0
 40
255.0
 40
256.0
 40
256.0
 40
256.0
 40
257.0
 40
257.0
 40
257.0
 40
257.0
 10
159.0313054919968
 20
-94.97626741840344
 30
0.0
 10
159.0172690225396
 20
-94.85500283819731
 30
0.0
 10
158.9971287463274
 20
-94.73515562135307
 30
0.0
 10
158.9718448127401
 20
-94.61762876550512
 30
0.0
 10
158.9592028459458
 20
-94.5586481609345
 30
0.0
 10
158.945166376486
 20
-94.50012477035614
 30
0.0
 10
158.9301697576515
 20
-94.44253866845358
 30
0.0
 10
158.9151959995133
 20
-94.38447249186108
 30
0.0
 10
158.8992620920004
 20
-94.32736646464589
 30
0.0
 10
158.8814764678336
 20
-94.27070622107156
 30
0.0
 10
158.8398242734414
 20
-94.13399923838618
 30
0.0
 10
158.7911309836248
 20
-94.00102998006412
 30
0.0
 10
158.7372711757303
 20
-93.87134123210926
 30
0.0
 10
158.6651685296806
 20
-93.69811428206175
 30
0.0
 10
158.5832357828678
 20
-93.53144835275508
 30
0.0
 10
158.4933475126474
 20
-93.37038329481192
 30
0.0
 10
158.4484033775379
 20
-93.28985648101605
 30
0.0
 10
158.4011274510857
 20
-93.21120424457432
 30
0.0
 10
158.3524341612678
 20
-93.13348929680967
 30
0.0
 10
158.3032836574603
 20
-93.05623156303345
 30
0.0
 10
158.2527157902844
 20
-92.98039119262296
 30
0.0
 10
158.2002733457595
 20
-92.90594532487926
 30
0.0
 10
157.9114055475671
 20
-92.49675023515519
 30
0.0
 10
157.5729071708784
 20
-92.13343656922031
 30
0.0
 10
157.2016265511845
 20
-91.81553568273095
 30
0.0
 10
157.0330746141722
 20
-91.67086174629297
 30
0.0
 10
156.857984517122
 20
-91.53602934096173
 30
0.0
 10
156.6772478273051
 20
-91.41008974771904
 30
0.0
 10
156.6412193649792
 20
-91.38480581413175
 30
0.0
 10
156.6046879672657
 20
-91.36045916922025
 30
0.0
 10
156.5681565695522
 20
-91.33611252431388
 30
0.0
 10
156.0639409825827
 20
-90.9999573693179
 30
0.0
 10
155.5203592711709
 20
-90.73542478568424
 30
0.0
 10
154.9580775076102
 20
-90.54300627845174
 30
0.0
 10
154.9575974329241
 20
-90.54300627845174
 30
0.0
 10
154.9571402189344
 20
-90.5425376341132
 30
0.0
 10
154.9566601442445
 20
-90.5425376341132
 30
0.0
 10
154.9075096404382
 20
-90.52567786827333
 30
0.0
 10
154.8583591366306
 20
-90.50928674677202
 30
0.0
 10
154.8087285581344
 20
-90.49384434429533
 30
0.0
 10
154.8578790619407
 20
-90.51772234486701
 30
0.0
 10
154.9065723517598
 20
-90.54206898977466
 30
0.0
 10
154.9552656415802
 20
-90.56735292336067
 30
0.0
 10
154.9557457162676
 20
-90.56735292336067
 30
0.0
 10
154.956202930256
 20
-90.56781013735036
 30
0.0
 10
154.9566601442445
 20
-90.56781013735036
 30
0.0
 10
155.3279407639384
 20
-90.75930278625593
 30
0.0
 10
155.6800183960984
 20
-90.98262895913821
 30
0.0
 10
156.0063320199825
 20
-91.23405093163902
 30
0.0
 10
156.1739466683164
 20
-91.36327103525149
 30
0.0
 10
156.3354803705955
 20
-91.49997801793816
 30
0.0
 10
156.4890585494722
 20
-91.64371466570036
 30
0.0
 10
156.5808213970454
 20
-91.72985378121115
 30
0.0
 10
156.6702295925759
 20
-91.81881619310202
 30
0.0
 10
156.7563915687857
 20
-91.91011039633675
 30
0.0
 10
156.8425306842964
 20
-92.00140459957275
 30
0.0
 10
156.9258579337747
 20
-92.09504202450147
 30
0.0
 10
157.0059161032321
 20
-92.19102267112287
 30
0.0
 10
157.0391784209259
 20
-92.23081171850849
 30
0.0
 10
157.0719378032296
 20
-92.27108084058021
 30
0.0
 10
157.1042399715474
 20
-92.3118071766429
 30
0.0
 10
157.1042399715474
 20
-92.31228725133029
 30
0.0
 10
157.1042399715474
 20
-92.31228725133029
 30
0.0
 10
157.1042399715474
 20
-92.31228725133029
 30
0.0
 10
157.2011693371973
 20
-92.43447768986722
 30
0.0
 10
157.2924521100819
 20
-92.55996006912278
 30
0.0
 10
157.3776539369144
 20
-92.68823145371061
 30
0.0
 10
157.446007428257
 20
-92.79077312107414
 30
0.0
 10
157.5106346255891
 20
-92.89564657977895
 30
0.0
 10
157.5710325935229
 20
-93.00192597150067
 30
0.0
 10
157.6112902852471
 20
-93.07309132887332
 30
0.0
 10
157.6501534743045
 20
-93.14471390023694
 30
0.0
 10
157.686662011319
 20
-93.21728519062648
 30
0.0
 10
157.7100713675496
 20
-93.26363525875166
 30
0.0
 10
157.733023509793
 20
-93.31045397121538
 30
0.0
 10
157.754558288672
 20
-93.35727268368036
 30
0.0
 10
157.7648684641212
 20
-93.37928753724545
 30
0.0
 10
157.7751557788714
 20
-93.40127953011284
 30
0.0
 10
157.7849858796318
 20
-93.42329438367793
 30
0.0
 10
157.7985651351019
 20
-93.45419061897886
 30
0.0
 10
157.8121443905746
 20
-93.48508685427979
 30
0.0
 10
157.824786357365
 20
-93.51599451993084
 30
0.0
 10
157.8332219554626
 20
-93.5356547214531
 30
0.0
 10
157.8416346928573
 20
-93.55531492297536
 30
0.0
 10
157.8491330022765
 20
-93.57545519918628
 30
0.0
 10
157.8514647936191
 20
-93.5810675008999
 30
0.0
 10
157.8538194456619
 20
-93.58669123296495
 30
0.0
 10
157.8561512370071
 20
-93.5923035346773
 30
0.0
 10
157.8594203170267
 20
-93.59932176940526
 30
0.0
 10
157.8622321830592
 20
-93.60635143448849
 30
0.0
 10
157.864586835102
 20
-93.61383831355757
 30
0.0
 10
157.8725423585084
 20
-93.63443580375689
 30
0.0
 10
157.8804978819147
 20
-93.65504472430507
 30
0.0
 10
157.8884534053223
 20
-93.67564221450569
 30
0.0
 10
157.9006381581282
 20
-93.7074757384837
 30
0.0
 10
157.9123428362441
 20
-93.73977790680154
 30
0.0
 10
157.9235674396714
 20
-93.77209150546564
 30
0.0
 10
157.9362094064644
 20
-93.80814282849306
 30
0.0
 10
157.948394159269
 20
-93.84419415151665
 30
0.0
 10
157.9596187626975
 20
-93.88023404419395
 30
0.0
 10
157.9610132653617
 20
-93.88445184323952
 30
0.0
 10
157.9624306287288
 20
-93.88820099794913
 30
0.0
 10
157.9633679174046
 20
-93.89241879699983
 30
0.0
 10
157.973678092855
 20
-93.92378367663545
 30
0.0
 10
157.9835081936181
 20
-93.95561720061602
 30
0.0
 10
157.9924010057028
 20
-93.98699351060434
 30
0.0
 10
157.993795508367
 20
-93.99073123496123
 30
0.0
 10
157.994732797044
 20
-93.99494903401066
 30
0.0
 10
157.9956700857211
 20
-93.99869818872025
 30
0.0
 10
158.00643747516
 20
-94.03661265874915
 30
0.0
 10
158.0167476506104
 20
-94.07453855913074
 30
0.0
 10
158.0265777513722
 20
-94.11246445950977
 30
0.0
 10
158.1033439801096
 20
-94.41725473486629
 30
0.0
 10
158.1412698804899
 20
-94.72532552059258
 30
0.0
 10
158.1314397797281
 20
-95.02261748653119
 30
0.0
 10
158.1267533363427
 20
-95.17149779166975
 30
0.0
 10
158.1099050008504
 20
-95.31757766112464
 30
0.0
 10
158.0813519872435
 20
-95.4585024428556
 30
0.0
 10
158.0733964638359
 20
-95.49455376588047
 30
0.0
 10
158.065898154418
 20
-95.52873051155117
 30
0.0
 10
158.0574854170207
 20
-95.56150132420883
 30
0.0
 10
158.0495070329166
 20
-95.59427213686392
 30
0.0
 10
158.0406142208319
 20
-95.62610566083936
 30
0.0
 10
158.0298468313918
 20
-95.65795061516877
 30
0.0
 10
158.0298468313918
 20
-95.65795061516877
 30
0.0
 10
158.019079441953
 20
-95.6907214278213
 30
0.0
 10
158.019079441953
 20
-95.6907214278213
 30
0.0
 10
158.019079441953
 20
-95.6907214278213
 30
0.0
 10
158.0143929985676
 20
-95.70570661630829
 30
0.0
 10
158.0143929985676
 20
-95.70570661630829
 30
0.0
 10
158.0143929985676
 20
-95.70570661630829
 30
0.0
 10
157.9966073744008
 20
-95.75298254276169
 30
0.0
 10
157.9966073744008
 20
-95.75298254276169
 30
0.0
 10
157.9853827709709
 20
-95.78435885275258
 30
0.0
 10
157.9713234408148
 20
-95.81525508805093
 30
0.0
 10
157.9582242600295
 20
-95.84616275370071
 30
0.0
 10
157.8500702909536
 20
-96.09196099413904
 30
0.0
 10
157.6838501452852
 20
-96.31668166968682
 30
0.0
 10
157.4839561893351
 20
-96.51706713067578
 30
0.0
 10
157.4338455361514
 20
-96.56716635351054
 30
0.0
 10
157.381403091624
 20
-96.61585964332842
 30
0.0
 10
157.3271089304413
 20
-96.66267835579342
 30
0.0
 10
157.2456333976195
 20
-96.73290642449027
 30
0.0
 10
157.1599514960959
 20
-96.79985398281349
 30
0.0
 10
157.0705433005641
 20
-96.86353246112091
 30
0.0
 10
156.9811122443334
 20
-96.92673086473583
 30
0.0
 10
156.8879320333944
 20
-96.98666018833366
 30
0.0
 10
156.7919628171219
 20
-97.04330900156042
 30
0.0
 10
156.7840072937155
 20
-97.04799544494453
 30
0.0
 10
156.7755716956205
 20
-97.05268188832993
 30
0.0
 10
156.7676161722142
 20
-97.05735690136775
 30
0.0
 10
156.7109673589874
 20
-97.08967050003572
 30
0.0
 10
156.654318545762
 20
-97.12150402401244
 30
0.0
 10
156.5967324438594
 20
-97.15193161497483
 30
0.0
 10
156.5302535298709
 20
-97.18657700498407
 30
0.0
 10
156.4628144665063
 20
-97.21981646197642
 30
0.0
 10
156.3944609751674
 20
-97.25166141630456
 30
0.0
 10
156.2582340671707
 20
-97.31485981992203
 30
0.0
 10
156.1177779297796
 20
-97.3724459218233
 30
0.0
 10
155.9745099263533
 20
-97.4244197220148
 30
0.0
 10
155.9478086294003
 20
-97.43424982277658
 30
0.0
 10
155.9206729791591
 20
-97.44407992353834
 30
0.0
 10
155.8939716822086
 20
-97.453441379959
 30
0.0
 10
155.8129762240729
 20
-97.48153717957882
 30
0.0
 10
155.7310434772601
 20
-97.50822704618174
 30
0.0
 10
155.6486535164589
 20
-97.53257369109068
 30
0.0
 10
155.5952737832544
 20
-97.54848473790462
 30
0.0
 10
155.5418940500486
 20
-97.56346992638903
 30
0.0
 10
155.4880571028543
 20
-97.57845511487602
 30
0.0
 10
155.3270034752626
 20
-97.62199331697124
 30
0.0
 10
155.1640752703154
 20
-97.65898192867319
 30
0.0
 10
154.9992724880127
 20
-97.6908154526512
 30
0.0
 10
154.9477673321623
 20
-97.70064555341425
 30
0.0
 10
154.896262176312
 20
-97.71001844018504
 30
0.0
 10
154.8447798811592
 20
-97.7184426079312
 30
0.0
 10
154.7806327585171
 20
-97.72967864170987
 30
0.0
 10
154.716028421884
 20
-97.73950874247035
 30
0.0
 10
154.6514240852522
 20
-97.74840155455504
 30
0.0
 10
154.4931594629889
 20
-97.77087362210854
 30
0.0
 10
154.3339804127526
 20
-97.78773338795096
 30
0.0
 10
154.1748013625137
 20
-97.79990671040544
 30
0.0
 10
153.9823828552799
 20
-97.8144232545526
 30
0.0
 10
153.7904215620384
 20
-97.82144148928313
 30
0.0
 10
153.5980030548059
 20
-97.82144148928313
 30
0.0
 10
153.5497669789764
 20
-97.82144148928313
 30
0.0
 10
153.5020109778356
 20
-97.82097284494331
 30
0.0
 10
153.4537977627051
 20
-97.82003555626879
 30
0.0
 10
153.4537977627051
 20
-97.82003555626879
 30
0.0
 10
153.4462994532872
 20
-97.82003555626879
 30
0.0
 10
153.4462994532872
 20
-97.82003555626879
 30
0.0
 10
153.4055616868757
 20
-97.81909826758915
 30
0.0
 10
153.3648239204628
 20
-97.81816097891208
 30
0.0
 10
153.3241090147503
 20
-97.8162864015592
 30
0.0
 10
153.2665229128477
 20
-97.8144232545526
 30
0.0
 10
153.2089139502449
 20
-97.81208003285862
 30
0.0
 10
153.1513507090426
 20
-97.80833087815287
 30
0.0
 10
153.0052708395838
 20
-97.80037535474398
 30
0.0
 10
152.8596481841174
 20
-97.78773338795096
 30
0.0
 10
152.7149856780282
 20
-97.77134226644708
 30
0.0
 10
152.6175990983899
 20
-97.76010623266968
 30
0.0
 10
152.5206925934415
 20
-97.74699562153813
 30
0.0
 10
152.4237860884932
 20
-97.7324905077411
 30
0.0
 10
152.4237860884932
 20
-97.7324905077411
 30
0.0
 10
152.4233060138032
 20
-97.73294772172952
 30
0.0
 10
152.4233060138032
 20
-97.73294772172952
 30
0.0
 10
152.4233060138032
 20
-97.73294772172952
 30
0.0
 10
152.3460597103784
 20
-97.79147111230915
 30
0.0
 10
152.3460597103784
 20
-97.79147111230915
 30
0.0
 10
152.3778818040063
 20
-97.79662620003566
 30
0.0
 10
152.4102068330218
 20
-97.8017812877583
 30
0.0
 10
152.4425090013384
 20
-97.80645630079614
 30
0.0
 10
152.47995482703
 20
-97.81208003285862
 30
0.0
 10
152.5169434387319
 20
-97.817223690235
 30
0.0
 10
152.5544121251238
 20
-97.82237877796021
 30
0.0
 10
152.5581384191319
 20
-97.82284742230003
 30
0.0
 10
152.5623676485302
 20
-97.82331606663729
 30
0.0
 10
152.5661168032385
 20
-97.82378471097583
 30
0.0
 10
152.5885660100943
 20
-97.82658514665694
 30
0.0
 10
152.6115181523377
 20
-97.82939701268945
 30
0.0
 10
152.6339902198912
 20
-97.83220887872069
 30
0.0
 10
152.7018864972468
 20
-97.84063304646685
 30
0.0
 10
152.769759913897
 20
-97.84811992553463
 30
0.0
 10
152.8381134052409
 20
-97.85468094627676
 30
0.0
 10
152.8591909701277
 20
-97.85702416797074
 30
0.0
 10
152.8802685350169
 20
-97.8588987453249
 30
0.0
 10
152.9013232392073
 20
-97.86076189232892
 30
0.0
 10
152.9851305633729
 20
-97.86826020174684
 30
0.0
 10
153.0694179622298
 20
-97.87434114779902
 30
0.0
 10
153.1532252863967
 20
-97.87902759118441
 30
0.0
 10
153.2548182347318
 20
-97.88465132325074
 30
0.0
 10
153.3564111830681
 20
-97.88838904760892
 30
0.0
 10
153.4575469174135
 20
-97.89026362496179
 30
0.0
 10
153.5043656298784
 20
-97.89120091364016
 30
0.0
 10
153.5511843423421
 20
-97.8916695579787
 30
0.0
 10
153.5980030548059
 20
-97.8916695579787
 30
0.0
 10
153.6462162699364
 20
-97.8916695579787
 30
0.0
 10
153.6949095597555
 20
-97.89120091364016
 30
0.0
 10
153.7436028495747
 20
-97.89026362496179
 30
0.0
 10
153.8409665685127
 20
-97.88838904760892
 30
0.0
 10
153.9383531481497
 20
-97.88510853723785
 30
0.0
 10
154.0352825137971
 20
-97.87949623552551
 30
0.0
 10
154.0834957289288
 20
-97.87715301383025
 30
0.0
 10
154.131731804757
 20
-97.87388393380931
 30
0.0
 10
154.1799450198888
 20
-97.870134779101
 30
0.0
 10
154.2206827862991
 20
-97.86685426873122
 30
0.0
 10
154.2609404780232
 20
-97.86357375836016
 30
0.0
 10
154.301678244436
 20
-97.85982460365184
 30
0.0
 10
154.382216488582
 20
-97.85233772458277
 30
0.0
 10
154.4622746580394
 20
-97.84391355683535
 30
0.0
 10
154.5418527528093
 20
-97.83408345607357
 30
0.0
 10
154.6209736335896
 20
-97.82425335531437
 30
0.0
 10
154.7000945143685
 20
-97.81300589118814
 30
0.0
 10
154.778300967172
 20
-97.80084399908122
 30
0.0
 10
154.9341880766897
 20
-97.77649735417357
 30
0.0
 10
155.0877662555664
 20
-97.74699562153813
 30
0.0
 10
155.2380524937193
 20
-97.71281887586743
 30
0.0
 10
155.2708118760242
 20
-97.70533199679836
 30
0.0
 10
155.3035941190294
 20
-97.69783368738044
 30
0.0
 10
155.3363763620346
 20
-97.68987816397411
 30
0.0
 10
155.5643889783036
 20
-97.63416663942571
 30
0.0
 10
155.7853604991418
 20
-97.56768772543846
 30
0.0
 10
155.9983764965749
 20
-97.49042999166224
 30
0.0
 10
156.0718965059904
 20
-97.46422019974798
 30
0.0
 10
156.1444563660298
 20
-97.43612440013074
 30
0.0
 10
156.215621723405
 20
-97.40662266749658
 30
0.0
 10
156.2161017980924
 20
-97.40662266749658
 30
0.0
 10
156.2161017980924
 20
-97.40662266749658
 30
0.0
 10
156.2161017980924
 20
-97.40662266749658
 30
0.0
 10
156.2872442947673
 20
-97.37713236520999
 30
0.0
 10
156.3579524381516
 20
-97.34623612991162
 30
0.0
 10
156.4267860041817
 20
-97.31392253124496
 30
0.0
 10
156.4267860041817
 20
-97.31392253124496
 30
0.0
 10
156.4272432181714
 20
-97.31392253124496
 30
0.0
 10
156.4272432181714
 20
-97.31392253124496
 30
0.0
 10
156.4534644404332
 20
-97.30174920879176
 30
0.0
 10
156.4792055880102
 20
-97.28957588633601
 30
0.0
 10
156.5044895215975
 20
-97.27694534989185
 30
0.0
 10
156.5471018653631
 20
-97.2563364293411
 30
0.0
 10
156.5892341344415
 20
-97.23480165046469
 30
0.0
 10
156.6304291148414
 20
-97.2132668715857
 30
0.0
 10
156.664148646525
 20
-97.19546981706749
 30
0.0
 10
156.6973881035173
 20
-97.17768419289939
 30
0.0
 10
156.7301703465226
 20
-97.15941849404133
 30
0.0
 10
156.7301703465226
 20
-97.15941849404133
 30
0.0
 10
156.730627560511
 20
-97.15941849404133
 30
0.0
 10
156.730627560511
 20
-97.15941849404133
 30
0.0
 10
156.7634098035162
 20
-97.14069558119745
 30
0.0
 10
156.7957119718302
 20
-97.12242988234196
 30
0.0
 10
156.8275340654593
 20
-97.10370696949421
 30
0.0
 10
156.9211714903893
 20
-97.04846408928435
 30
0.0
 10
157.01060254662
 20
-96.9908779873818
 30
0.0
 10
157.0958272341501
 20
-96.93141730812378
 30
0.0
 10
157.1810290609839
 20
-96.87148798452853
 30
0.0
 10
157.2615673051311
 20
-96.80968408357526
 30
0.0
 10
157.3378763198776
 20
-96.74601703561925
 30
0.0
 10
157.3378763198776
 20
-96.74601703561925
 30
0.0
 10
157.3378763198776
 20
-96.74554839128328
 30
0.0
 10
157.3383335338686
 20
-96.74554839128328
 30
0.0
 10
157.36549204481
 20
-96.72213903505141
 30
0.0
 10
157.3926505557502
 20
-96.69919832315682
 30
0.0
 10
157.4188717780146
 20
-96.67532032258643
 30
0.0
 10
157.4586722557478
 20
-96.6397376439001
 30
0.0
 10
157.497055370119
 20
-96.60321767653541
 30
0.0
 10
157.5335639071323
 20
-96.566697709172
 30
0.0
 10
157.7522036366266
 20
-96.3475893353366
 30
0.0
 10
157.9165492049421
 20
-96.11443306169254
 30
0.0
 10
158.0228285966626
 20
-95.87377847863186
 30
0.0
 10
158.0228285966626
 20
-95.87377847863186
 30
0.0
 10
158.0317214087473
 20
-95.85224369975545
 30
0.0
 10
158.0317214087473
 20
-95.85224369975545
 30
0.0
 10
158.0368650661211
 20
-95.8400703772997
 30
0.0
 10
158.0424887981861
 20
-95.82789705484394
 30
0.0
 10
158.0476324555612
 20
-95.81572373239075
 30
0.0
 10
158.0476324555612
 20
-95.81525508805093
 30
0.0
 10
158.0481125302486
 20
-95.81525508805093
 30
0.0
 10
158.0481125302486
 20
-95.81525508805093
 30
0.0
 10
158.0527989736353
 20
-95.80308176559518
 30
0.0
 10
158.0579426310116
 20
-95.790908443142
 30
0.0
 10
158.0621489997084
 20
-95.77826647634899
 30
0.0
 10
158.0621489997084
 20
-95.77826647634899
 30
0.0
 10
158.0621489997084
 20
-95.77780926236058
 30
0.0
 10
158.0621489997084
 20
-95.77780926236058
 30
0.0
 10
158.0621489997084
 20
-95.77780926236058
 30
0.0
 10
158.0799346238765
 20
-95.73051047520691
 30
0.0
 10
158.0799346238765
 20
-95.73051047520691
 30
0.0
 10
158.0799346238765
 20
-95.73051047520691
 30
0.0
 10
158.0804146985651
 20
-95.72911597254142
 30
0.0
 10
158.0804146985651
 20
-95.72911597254142
 30
0.0
 10
158.0804146985651
 20
-95.72911597254142
 30
0.0
 10
158.0808947732551
 20
-95.72724139518598
 30
0.0
 10
158.0808947732551
 20
-95.72724139518598
 30
0.0
 10
158.0808947732551
 20
-95.72724139518598
 30
0.0
 10
158.0963257453791
 20
-95.68042268272227
 30
0.0
 10
158.0963257453791
 20
-95.68042268272227
 30
0.0
 10
158.0963257453791
 20
-95.68042268272227
 30
0.0
 10
158.0963257453791
 20
-95.67995403838502
 30
0.0
 10
158.0963257453791
 20
-95.67995403838502
 30
0.0
 10
158.0972630340574
 20
-95.67761081669103
 30
0.0
 10
158.0977431087448
 20
-95.67526759499705
 30
0.0
 10
158.0986803974219
 20
-95.67292437330308
 30
0.0
 10
158.1019494774441
 20
-95.66215698386422
 30
0.0
 10
158.1052185574638
 20
-95.6518582387652
 30
0.0
 10
158.108510498185
 20
-95.64155949366489
 30
0.0
 10
158.109447786862
 20
-95.63781033895657
 30
0.0
 10
158.1103850755404
 20
-95.63454125893435
 30
0.0
 10
158.1113223642175
 20
-95.63079210422603
 30
0.0
 10
158.1136541555613
 20
-95.62236793648117
 30
0.0
 10
158.1160088076016
 20
-95.61440098272472
 30
0.0
 10
158.1183405989467
 20
-95.60597681497984
 30
0.0
 10
158.1206723902906
 20
-95.5975526472324
 30
0.0
 10
158.1230270423321
 20
-95.58911704913741
 30
0.0
 10
158.124878758986
 20
-95.58069288139126
 30
0.0
 10
158.1267533363427
 20
-95.57320600232347
 30
0.0
 10
158.1286279136969
 20
-95.56618776759423
 30
0.0
 10
158.1305024910511
 20
-95.55868945817502
 30
0.0
 10
158.133794431771
 20
-95.5460474913833
 30
0.0
 10
158.1365834371032
 20
-95.53294831059932
 30
0.0
 10
158.1394181638347
 20
-95.51982626911764
 30
0.0
 10
158.1436245325327
 20
-95.5039152223037
 30
0.0
 10
158.1468936125537
 20
-95.48799274514091
 30
0.0
 10
158.1501626925746
 20
-95.47255034266551
 30
0.0
 10
158.1791957808689
 20
-95.32787640622496
 30
0.0
 10
158.1965241910486
 20
-95.17712152373223
 30
0.0
 10
158.201667848425
 20
-95.0249607082226
 30
0.0
 10
158.2026051371021
 20
-94.9945331172602
 30
0.0
 10
158.2030852117894
 20
-94.96362545161044
 30
0.0
 10
158.2030852117894
 20
-94.93272921631207
 30
0.0
 10
158.2035424257779
 20
-94.66399026397913
 30
0.0
 10
158.1670338887646
 20
-94.38260934485575
 30
0.0
 10
158.0944511680262
 20
-94.09513604933008
 30
0.0
 10
158.0846210672644
 20
-94.0572215792999
 30
0.0
 10
158.074333752513
 20
-94.01929567891959
 30
0.0
 10
158.0635663630754
 20
-93.98136977854186
 30
0.0
 10
158.0565252676446
 20
-93.95608584495328
 30
0.0
 10
158.049049818927
 20
-93.93080191136727
 30
0.0
 10
158.0410942955193
 20
-93.90551797777997
 30
0.0
 10
158.0401570068423
 20
-93.90271754209758
 30
0.0
 10
158.0392197181652
 20
-93.8994370317265
 30
0.0
 10
158.0382824294868
 20
-93.89615652135802
 30
0.0
 10
158.0335959861014
 20
-93.88023404419395
 30
0.0
 10
158.0284523287276
 20
-93.8643229973813
 30
0.0
 10
158.0232858106523
 20
-93.84840052021723
 30
0.0
 10
158.0158103619333
 20
-93.8249911639828
 30
0.0
 10
158.007831977828
 20
-93.80158180775223
 30
0.0
 10
157.9998764544204
 20
-93.77770380718056
 30
0.0
 10
157.9853827709709
 20
-93.73604018244077
 30
0.0
 10
157.9703861521351
 20
-93.6948337716907
 30
0.0
 10
157.9549323193109
 20
-93.65317014695091
 30
0.0
 10
157.9469767959033
 20
-93.63210401241176
 30
0.0
 10
157.9390212724969
 20
-93.6115065222137
 30
0.0
 10
157.9305856744019
 20
-93.59042895732442
 30
0.0
 10
157.9277738083681
 20
-93.58200478957698
 30
0.0
 10
157.9245047283497
 20
-93.57358062183212
 30
0.0
 10
157.9207555736389
 20
-93.5646878097487
 30
0.0
 10
157.9202983596504
 20
-93.56328187673309
 30
0.0
 10
157.9198182849618
 20
-93.562344588056
 30
0.0
 10
157.9193610709721
 20
-93.56093865503911
 30
0.0
 10
157.9076563928575
 20
-93.53144835275508
 30
0.0
 10
157.8954716400528
 20
-93.50194662012093
 30
0.0
 10
157.8823724592702
 20
-93.47198767349708
 30
0.0
 10
157.8692504177885
 20
-93.44108000784603
 30
0.0
 10
157.8556711623184
 20
-93.40971512820913
 30
0.0
 10
157.8411774788702
 20
-93.37787017388099
 30
0.0
 10
157.8271181487114
 20
-93.34650529424023
 30
0.0
 10
157.8121443905746
 20
-93.31467177026352
 30
0.0
 10
157.7966905577491
 20
-93.28236960194569
 30
0.0
 10
157.7812367249235
 20
-93.25053607797024
 30
0.0
 10
157.765782892098
 20
-93.21822247930356
 30
0.0
 10
157.7494146312944
 20
-93.18592031098831
 30
0.0
 10
157.6407805875324
 20
-92.97054966151363
 30
0.0
 10
157.5153210689745
 20
-92.76080274410016
 30
0.0
 10
157.3734475682164
 20
-92.55667955875172
 30
0.0
 10
157.3266288557526
 20
-92.48879471174885
 30
0.0
 10
157.2779355659348
 20
-92.42183572307293
 30
0.0
 10
157.2273676987602
 20
-92.35535680908697
 30
0.0
 10
157.1515387586985
 20
-92.25563843810609
 30
0.0
 10
157.0714577285422
 20
-92.1573145697907
 30
0.0
 10
156.9871931903869
 20
-92.06039663449222
 30
0.0
 10
156.9441236326315
 20
-92.01029741165617
 30
0.0
 10
156.8996367115116
 20
-91.96066683316121
 30
0.0
 10
156.853298073734
 20
-91.91198497369346
 30
0.0
 10
156.7530996280645
 20
-91.80289371593796
 30
0.0
 10
156.6477575250224
 20
-91.69661432421623
 30
0.0
 10
156.5367916899114
 20
-91.5926781541885
 30
0.0
 10
156.4038338619369
 20
-91.46861313829869
 30
0.0
 10
156.2661895905783
 20
-91.34969177978397
 30
0.0
 10
156.1229215871534
 20
-91.23591407864305
 30
0.0
 10
156.026015082205
 20
-91.1591364195555
 30
0.0
 10
155.9267539252126
 20
-91.08469055181178
 30
0.0
 10
155.8246809021888
 20
-91.01258790576206
 30
0.0
 10
156.5845476910561
 20
-91.47094492964254
 30
0.0
 10
157.2386151628877
 20
-92.06508307787762
 30
0.0
 10
157.7203815429988
 20
-92.7434857642706
 30
0.0
 10
158.3847363295831
 20
-93.6784540805395
 30
0.0
 10
158.6764159938068
 20
-94.69488649928006
 30
0.0
 10
158.5425208771539
 20
-95.60550817064002
 30
0.0
 10
158.4235995186418
 20
-96.41359960498659
 30
0.0
 10
157.8453838475682
 20
-97.17440368252832
 30
0.0
 10
156.9150905443359
 20
-97.74840155455504
 30
0.0
 10
155.4215781888684
 20
-98.66886475702562
 30
0.0
 10
153.3437692162725
 20
-98.97739275674031
 30
0.0
 10
151.376446004099
 20
-98.6131418021258
 30
0.0
 10
151.3450811244595
 20
-98.60799814475071
 30
0.0
 10
151.3141734588098
 20
-98.6019057683497
 30
0.0
 10
151.28326579316
 20
-98.59582482229753
 30
0.0
 10
151.28326579316
 20
-98.59582482229753
 30
0.0
 10
151.2575246455856
 20
-98.61501637947995
 30
0.0
 10
151.2575246455856
 20
-98.61501637947995
 30
0.0
 10
151.2888895252237
 20
-98.62156596987067
 30
0.0
 10
151.3197971908722
 20
-98.6271897019357
 30
0.0
 10
151.3507048565233
 20
-98.63281343399947
 30
0.0
 10
151.8886399751737
 20
-98.73393773799468
 30
0.0
 10
152.4378225579517
 20
-98.78497424950653
 30
0.0
 10
152.987485215417
 20
-98.78497424950653
 30
0.0
 10
153.2866403283584
 20
-98.78497424950653
 30
0.0
 10
153.5858183020026
 20
-98.76998906102212
 30
0.0
 10
153.8826416236013
 20
-98.7395500397096
 30
0.0
 10
155.0358038857263
 20
-98.62110875588482
 30
0.0
 10
156.088264766794
 20
-98.28541081487725
 30
0.0
 10
156.9272752971405
 20
-97.7680617560773
 30
0.0
 10
157.863649546425
 20
-97.19079480403221
 30
0.0
 10
158.4455915115066
 20
-96.42389835008561
 30
0.0
 10
158.5654501586984
 20
-95.60925732535091
 30
0.0
 10
158.700762638717
 20
-94.69207463324882
 30
0.0
 10
158.4072083971379
 20
-93.66954983810467
 30
0.0
 10
157.7395845305339
 20
-92.72990650879923
 30
0.0
 10
157.2503198410023
 20
-92.04214236598301
 30
0.0
 10
156.5854849797319
 20
-91.44051733868143
 30
0.0
 10
155.8129762240729
 20
-90.97841116009135
 30
0.0
 10
155.9342522346317
 20
-91.03880912802387
 30
0.0
 10
156.0531507324449
 20
-91.10342489500837
 30
0.0
 10
156.1701975136068
 20
-91.17130974200867
 30
0.0
 10
156.20999799134
 20
-91.19425045390584
 30
0.0
 10
156.2497984690757
 20
-91.21765981013641
 30
0.0
 10
156.2891188721228
 20
-91.24200645504534
 30
0.0
 10
156.4075830166478
 20
-91.31364045675782
 30
0.0
 10
156.5232124344439
 20
-91.38901218282976
 30
0.0
 10
156.636990135581
 20
-91.46767584962161
 30
0.0
 10
156.8682718318722
 20
-91.62872947721337
 30
0.0
 10
157.0845797700252
 20
-91.80055049424526
 30
0.0
 10
157.2863711640298
 20
-91.98361897540465
 30
0.0
 10
157.3154042523254
 20
-92.00984019766774
 30
0.0
 10
157.3439572659323
 20
-92.036049989582
 30
0.0
 10
157.3720530655496
 20
-92.0627398561862
 30
0.0
 10
157.6623153664088
 20
-92.33569660756342
 30
0.0
 10
157.9202983596504
 20
-92.6311139961466
 30
0.0
 10
158.1426872438556
 20
-92.94667166094196
 30
0.0
 10
158.2232026273027
 20
-93.06138665075866
 30
0.0
 10
158.2990544280633
 20
-93.17749614324087
 30
0.0
 10
158.3688252827692
 20
-93.29593742706821
 30
0.0
 10
158.4273486733488
 20
-93.39472993972214
 30
0.0
 10
158.4821229092227
 20
-93.49445974105186
 30
0.0
 10
158.5326907763947
 20
-93.59511540070982
 30
0.0
 10
158.5593692126475
 20
-93.64755784523857
 30
0.0
 10
158.5846531462323
 20
-93.70045750375445
 30
0.0
 10
158.6085197164551
 20
-93.75383723696028
 30
0.0
 10
158.6310146447076
 20
-93.80205045209205
 30
0.0
 10
158.6520693488979
 20
-93.85027509757138
 30
0.0
 10
158.6722096251101
 20
-93.898499743052
 30
0.0
 10
158.7471012764921
 20
-94.07828771384163
 30
0.0
 10
158.8089166077942
 20
-94.25993883163143
 30
0.0
 10
158.8571298229234
 20
-94.44160137977522
 30
0.0
 10
158.869314575728
 20
-94.48654551488349
 30
0.0
 10
158.8805391791552
 20
-94.53195829433415
 30
0.0
 10
158.8908493546044
 20
-94.57690242944243
 30
0.0
 10
158.8959930119808
 20
-94.59984314133702
 30
0.0
 10
158.9011366693559
 20
-94.62278385323033
 30
0.0
 10
158.9058231127425
 20
-94.64572456512494
 30
0.0
 10
158.915653213503
 20
-94.69066870023192
 30
0.0
 10
158.924088811598
 20
-94.73561283534276
 30
0.0
 10
158.9320443350056
 20
-94.7810370451397
 30
0.0
 10
158.9437490131203
 20
-94.84892189214385
 30
0.0
 10
158.9535791138846
 20
-94.916806739148
 30
0.0
 10
158.9615346372922
 20
-94.98422294181233
 30
0.0
 10
158.9840067048444
 20
-95.17945331507609
 30
0.0
 10
158.9905677255865
 20
-95.3751637630285
 30
0.0
 10
158.9807376248235
 20
-95.56570769290684
 30
0.0
 10
158.979320261459
 20
-95.59239755950719
 30
0.0
 10
158.9774685448039
 20
-95.61861878177285
 30
0.0
 10
158.9751138927597
 20
-95.6443713596987
 30
0.0
 10
158.9690329467101
 20
-95.7253668178331
 30
0.0
 10
158.9601401346254
 20
-95.79840675255991
 30
0.0
 10
158.9484354565082
 20
-95.86582295522297
 30
0.0
 10
158.9484354565082
 20
-95.86582295522297
 30
0.0
 10
158.9484354565082
 20
-95.86629159956279
 30
0.0
 10
158.9484354565082
 20
-95.86629159956279
 30
0.0
 10
158.9484354565082
 20
-95.86629159956279
 30
0.0
 10
158.9353362757255
 20
-95.94261204466322
 30
0.0
 10
158.9353362757255
 20
-95.94261204466322
 30
0.0
 10
158.9353362757255
 20
-95.94261204466322
 30
0.0
 10
158.9194023682126
 20
-96.01892105941096
 30
0.0
 10
158.9194023682126
 20
-96.01892105941096
 30
0.0
 10
158.911446844805
 20
-96.05824146245803
 30
0.0
 10
158.9011366693559
 20
-96.09616736283449
 30
0.0
 10
158.8903692799157
 20
-96.13643648491006
 30
0.0
 10
158.8903692799157
 20
-96.13643648491006
 30
0.0
 10
158.8875574138845
 20
-96.1472038743489
 30
0.0
 10
158.8875574138845
 20
-96.1472038743489
 30
0.0
 10
158.8875574138845
 20
-96.1472038743489
 30
0.0
 10
158.8819565425223
 20
-96.16686407587245
 30
0.0
 10
158.8819565425223
 20
-96.16686407587245
 30
0.0
 10
158.8627535549859
 20
-96.23568621155111
 30
0.0
 10
158.8412187761094
 20
-96.30451977758119
 30
0.0
 10
158.8168721312018
 20
-96.37287326892388
 30
0.0
 10
158.8168721312018
 20
-96.37287326892388
 30
0.0
 10
158.8164149172108
 20
-96.37287326892388
 30
0.0
 10
158.8164149172108
 20
-96.37333048291359
 30
0.0
 10
158.8000237957082
 20
-96.41875469271052
 30
0.0
 10
158.7822153108399
 20
-96.4641674721586
 30
0.0
 10
158.7634923979959
 20
-96.50958025160799
 30
0.0
 10
158.7630351840063
 20
-96.50958025160799
 30
0.0
 10
158.7630351840063
 20
-96.50958025160799
 30
0.0
 10
158.7630351840063
 20
-96.51004889594653
 30
0.0
 10
158.7443122711598
 20
-96.55499303105479
 30
0.0
 10
158.7241719949489
 20
-96.60040581050417
 30
0.0
 10
158.7030944300609
 20
-96.64534994561245
 30
0.0
 10
158.7030944300609
 20
-96.64534994561245
 30
0.0
 10
158.7026372160725
 20
-96.64534994561245
 30
0.0
 10
158.7026372160725
 20
-96.64581858995227
 30
0.0
 10
158.6380328794381
 20
-96.78113106997088
 30
0.0
 10
158.5626382926672
 20
-96.91502618662118
 30
0.0
 10
158.4764991771564
 20
-97.04705815626873
 30
0.0
 10
158.4334296194023
 20
-97.113079856265
 30
0.0
 10
158.3875481956144
 20
-97.17862148157647
 30
0.0
 10
158.3388549057965
 20
-97.24369446254809
 30
0.0
 10
158.2138526012283
 20
-97.4103718222049
 30
0.0
 10
158.0719791004701
 20
-97.5723627384763
 30
0.0
 10
157.9137373389083
 20
-97.7287413530315
 30
0.0
 10
157.8786233045618
 20
-97.76338674303946
 30
0.0
 10
157.842571981537
 20
-97.79756348871145
 30
0.0
 10
157.8060634445224
 20
-97.83174023438215
 30
0.0
 10
157.7690748328192
 20
-97.86544833571432
 30
0.0
 10
157.7316061464286
 20
-97.89915643704776
 30
0.0
 10
157.6936802460483
 20
-97.93286453837737
 30
0.0
 10
157.6552971316796
 20
-97.96610399537356
 30
0.0
 10
157.6159767286338
 20
-97.99935488271603
 30
0.0
 10
157.5766334648877
 20
-98.03212569537112
 30
0.0
 10
157.5565160493757
 20
-98.04851681687373
 30
0.0
 10
157.5363757731648
 20
-98.06442786368767
 30
0.0
 10
157.5162354969526
 20
-98.08081898518898
 30
0.0
 10
157.4066870252113
 20
-98.16789538937815
 30
0.0
 10
157.2929321847706
 20
-98.25217135788233
 30
0.0
 10
157.1749481149317
 20
-98.33316681601804
 30
0.0
 10
157.0962844481398
 20
-98.3870151935624
 30
0.0
 10
157.0162262786825
 20
-98.43944620774104
 30
0.0
 10
156.9342935318697
 20
-98.49048271925288
 30
0.0
 10
156.9342935318697
 20
-98.49048271925288
 30
0.0
 10
156.9342935318697
 20
-98.49048271925288
 30
0.0
 10
156.93383631788
 20
-98.49048271925288
 30
0.0
 10
156.8519035710672
 20
-98.54105058642492
 30
0.0
 10
156.7685534608913
 20
-98.5906697345723
 30
0.0
 10
156.6838088480472
 20
-98.63842573571182
 30
0.0
 10
156.6412193649792
 20
-98.66230373628477
 30
0.0
 10
156.5981269465262
 20
-98.68571309251664
 30
0.0
 10
156.5550573887708
 20
-98.70865380440867
 30
0.0
 10
155.9585988795381
 20
-99.02655469089801
 30
0.0
 10
155.2918894409148
 20
-99.27329022001344
 30
0.0
 10
154.5727604184604
 20
-99.44417394836697
 30
0.0
 10
154.5245243426296
 20
-99.45587862648289
 30
0.0
 10
154.4767683414876
 20
-99.46664601592174
 30
0.0
 10
154.4280750516684
 20
-99.47742483570815
 30
0.0
 10
154.3335231987629
 20
-99.49802232591004
 30
0.0
 10
154.2380111964813
 20
-99.51721388309376
 30
0.0
 10
154.1424991941971
 20
-99.53453086292461
 30
0.0
 10
154.1106542398703
 20
-99.5406232393269
 30
0.0
 10
154.0788092855409
 20
-99.54623554103925
 30
0.0
 10
154.0469871919143
 20
-99.55185927310558
 30
0.0
 10
153.6607328140848
 20
-99.61974412010588
 30
0.0
 10
153.26931191818
 20
-99.6642196108769
 30
0.0
 10
152.8760393056212
 20
-99.68482853142764
 30
0.0
 10
152.7074873686103
 20
-99.69372134351104
 30
0.0
 10
152.5384782176097
 20
-99.69793914256047
 30
0.0
 10
152.369469066609
 20
-99.69793914256047
 30
0.0
 10
152.3249821454891
 20
-99.69793914256047
 30
0.0
 10
152.2805180850683
 20
-99.69745906787053
 30
0.0
 10
152.2360311639471
 20
-99.69700185388339
 30
0.0
 10
152.1025932612827
 20
-99.69512727652796
 30
0.0
 10
151.969178219321
 20
-99.69044083314256
 30
0.0
 10
151.8361975306476
 20
-99.6834225984146
 30
0.0
 10
151.747246549103
 20
-99.67873615502663
 30
0.0
 10
151.6587527815506
 20
-99.67265520897317
 30
0.0
 10
151.5698018000099
 20
-99.66515689955654
 30
0.0
 10
151.3483502044805
 20
-99.64690263104862
 30
0.0
 10
151.1268986089536
 20
-99.62115005312278
 30
0.0
 10
150.907321590781
 20
-99.58791059612787
 30
0.0
 10
150.8633147443472
 20
-99.58089236139735
 30
0.0
 10
150.8193078979147
 20
-99.57386269631925
 30
0.0
 10
150.7753010514835
 20
-99.56684446159
 30
0.0
 10
150.7312713443521
 20
-99.55981479650934
 30
0.0
 10
150.6872644979183
 20
-99.55185927310558
 30
0.0
 10
150.6437377261758
 20
-99.54390374969796
 30
0.0
 10
150.5997308797433
 20
-99.53640544027748
 30
0.0
 10
150.5557011726106
 20
-99.52798127253389
 30
0.0
 10
150.5121744008668
 20
-99.51955710478775
 30
0.0
 10
150.4250751359799
 20
-99.50269733894531
 30
0.0
 10
150.3379987317921
 20
-99.48444307043997
 30
0.0
 10
150.2509223276042
 20
-99.46524008290612
 30
0.0
 10
150.2209519506302
 20
-99.45915913685138
 30
0.0
 10
150.1909815736575
 20
-99.45214090212342
 30
0.0
 10
150.1610340573838
 20
-99.44511123704147
 30
0.0
 10
150.1610340573838
 20
-99.44511123704147
 30
0.0
 10
150.0889314113341
 20
-99.4998969032642
 30
0.0
 10
150.0889314113341
 20
-99.4998969032642
 30
0.0
 10
150.1362073377875
 20
-99.51112150669275
 30
0.0
 10
150.1835061249386
 20
-99.52188889612903
 30
0.0
 10
150.2303248374049
 20
-99.53266771591801
 30
0.0
 10
150.2837045706094
 20
-99.54437239403522
 30
0.0
 10
150.3366042291253
 20
-99.55607707215115
 30
0.0
 10
150.3899611016322
 20
-99.56684446159
 30
0.0
 10
150.4962633540528
 20
-99.58884788480752
 30
0.0
 10
150.602999959763
 20
-99.60850808632978
 30
0.0
 10
150.7097365654731
 20
-99.62723099917623
 30
0.0
 10
150.8698529043903
 20
-99.6543895101164
 30
0.0
 10
151.0304493179937
 20
-99.67779886634955
 30
0.0
 10
151.191045731597
 20
-99.69745906787053
 30
0.0
 10
151.2982624119958
 20
-99.7101010346661
 30
0.0
 10
151.4054790923959
 20
-99.72134849879232
 30
0.0
 10
151.5126957727947
 20
-99.73070995521556
 30
0.0
 10
151.6053730483474
 20
-99.73866547862318
 30
0.0
 10
151.6980960452967
 20
-99.74569514370255
 30
0.0
 10
151.7907961815496
 20
-99.7513074454149
 30
0.0
 10
151.7973343415889
 20
-99.7513074454149
 30
0.0
 10
151.803895362331
 20
-99.75177608975343
 30
0.0
 10
151.8104563830718
 20
-99.75224473409325
 30
0.0
 10
151.8540060155146
 20
-99.75458795578595
 30
0.0
 10
151.8975327872571
 20
-99.75691974712981
 30
0.0
 10
151.9410824197012
 20
-99.75879432448525
 30
0.0
 10
151.9888384208433
 20
-99.76113754617667
 30
0.0
 10
152.0365944219853
 20
-99.76254347919357
 30
0.0
 10
152.0843504231274
 20
-99.76394941220791
 30
0.0
 10
152.1316263495796
 20
-99.7653553452248
 30
0.0
 10
152.1793823507216
 20
-99.7662926339006
 30
0.0
 10
152.2266811378753
 20
-99.76722992258024
 30
0.0
 10
152.2744142783158
 20
-99.76768713656737
 30
0.0
 10
152.3221931401569
 20
-99.76816721125476
 30
0.0
 10
152.369469066609
 20
-99.76816721125476
 30
0.0
 10
152.4551509681314
 20
-99.76816721125476
 30
0.0
 10
152.5403527949638
 20
-99.76722992258024
 30
0.0
 10
152.6260346964849
 20
-99.76488670088627
 30
0.0
 10
152.6307211398716
 20
-99.76488670088627
 30
0.0
 10
152.6358647972467
 20
-99.76441805654773
 30
0.0
 10
152.6405512406334
 20
-99.76441805654773
 30
0.0
 10
152.8058112369244
 20
-99.75973161315976
 30
0.0
 10
152.970614019227
 20
-99.7513074454149
 30
0.0
 10
153.13495958754
 20
-99.73819683428464
 30
0.0
 10
153.5755081265521
 20
-99.70355144427282
 30
0.0
 10
154.0128104462436
 20
-99.63941575197826
 30
0.0
 10
154.4430716705055
 20
-99.54577832705212
 30
0.0
 10
154.5357718067571
 20
-99.5251694065001
 30
0.0
 10
154.6284719430088
 20
-99.50363462762496
 30
0.0
 10
154.7206920045705
 20
-99.48022527139182
 30
0.0
 10
154.9051778490943
 20
-99.43387520326793
 30
0.0
 10
155.0877662555664
 20
-99.38191283342657
 30
0.0
 10
155.2689372986713
 20
-99.32384665683533
 30
0.0
 10
155.3143615084683
 20
-99.3093415430383
 30
0.0
 10
155.3597857182678
 20
-99.29435635455131
 30
0.0
 10
155.404729853376
 20
-99.2793711660656
 30
0.0
 10
155.4950753375849
 20
-99.2484749307634
 30
0.0
 10
155.5845063938156
 20
-99.21664140678666
 30
0.0
 10
155.6739374500463
 20
-99.1829333054545
 30
0.0
 10
155.7184015104671
 20
-99.16607353961335
 30
0.0
 10
155.7624083568996
 20
-99.14875655978379
 30
0.0
 10
155.8068952780182
 20
-99.13142814960283
 30
0.0
 10
156.0288269482363
 20
-99.04341445673788
 30
0.0
 10
156.2469866030445
 20
-98.94555923276232
 30
0.0
 10
156.460482675165
 20
-98.8369366193479
 30
0.0
 10
156.5035522329191
 20
-98.8154018404702
 30
0.0
 10
156.5461645766861
 20
-98.79292977291286
 30
0.0
 10
156.5882968457644
 20
-98.77045770536066
 30
0.0
 10
156.7577860714511
 20
-98.68056943514154
 30
0.0
 10
156.9244634311079
 20
-98.5827142111647
 30
0.0
 10
157.0864543473781
 20
-98.47690346378153
 30
0.0
 10
157.1679298802024
 20
-98.42400380526564
 30
0.0
 10
157.2479880496598
 20
-98.36921813904418
 30
0.0
 10
157.3271089304413
 20
-98.31256932581742
 30
0.0
 10
157.4057497365316
 20
-98.2554518682534
 30
0.0
 10
157.4834761146464
 20
-98.19645983333521
 30
0.0
 10
157.5602652040841
 20
-98.1355932210616
 30
0.0
 10
157.7128832335808
 20
-98.01340278252594
 30
0.0
 10
157.8608376803925
 20
-97.88230810155419
 30
0.0
 10
158.0008137430975
 20
-97.74091467548725
 30
0.0
 10
158.0532561876237
 20
-97.68847223095722
 30
0.0
 10
158.1047613434754
 20
-97.63416663942571
 30
0.0
 10
158.1548491359587
 20
-97.57798647053878
 30
0.0
 10
158.1553292106487
 20
-97.57798647053878
 30
0.0
 10
158.1553292106487
 20
-97.57798647053878
 30
0.0
 10
158.1553292106487
 20
-97.57751782620024
 30
0.0
 10
158.188568667641
 20
-97.54052921449829
 30
0.0
 10
158.2213509106475
 20
-97.5026033141167
 30
0.0
 10
158.2536302182651
 20
-97.46422019974798
 30
0.0
 10
158.3023235080817
 20
-97.40662266749658
 30
0.0
 10
158.3491422205492
 20
-97.34669334389747
 30
0.0
 10
158.3950465050335
 20
-97.28583816197526
 30
0.0
 10
158.4460715861953
 20
-97.21748467063513
 30
0.0
 10
158.4957021646915
 20
-97.14677652724833
 30
0.0
 10
158.5429780911449
 20
-97.07374802287165
 30
0.0
 10
158.5790294141698
 20
-97.01802506797183
 30
0.0
 10
158.6141434485176
 20
-96.96091904075794
 30
0.0
 10
158.6473829055112
 20
-96.90239565017701
 30
0.0
 10
158.7115300281559
 20
-96.79049252639412
 30
0.0
 10
158.7695962047484
 20
-96.6748516782466
 30
0.0
 10
158.8206212859088
 20
-96.55499303105479
 30
0.0
 10
158.8407387014221
 20
-96.50723702991273
 30
0.0
 10
158.8599416889572
 20
-96.4590123844334
 30
0.0
 10
158.8777273131227
 20
-96.40986188062583
 30
0.0
 10
158.8936612206369
 20
-96.36678089252159
 30
0.0
 10
158.9081777647841
 20
-96.32324269042894
 30
0.0
 10
158.9217570202542
 20
-96.27923584399518
 30
0.0
 10
158.9320443350056
 20
-96.24832817834412
 30
0.0
 10
158.940937147089
 20
-96.21696329870593
 30
0.0
 10
158.949829959175
 20
-96.18559841906647
 30
0.0
 10
158.9531218998949
 20
-96.17295645227217
 30
0.0
 10
158.9568710546045
 20
-96.16031448548046
 30
0.0
 10
158.9601401346254
 20
-96.14767251868874
 30
0.0
 10
158.9671583693534
 20
-96.1219199407629
 30
0.0
 10
158.9737193900955
 20
-96.09663600717431
 30
0.0
 10
158.9798003361464
 20
-96.07136350393843
 30
0.0
 10
158.9826122021789
 20
-96.05824146245803
 30
0.0
 10
158.9854240682115
 20
-96.04559949566246
 30
0.0
 10
158.988235934244
 20
-96.03250031488233
 30
0.0
 10
158.988235934244
 20
-96.03250031488233
 30
0.0
 10
159.0046041950463
 20
-95.95571122544463
 30
0.0
 10
159.0046041950463
 20
-95.95571122544463
 30
0.0
 10
159.0046041950463
 20
-95.95571122544463
 30
0.0
 10
159.017726236528
 20
-95.87752763333889
 30
0.0
 10
159.017726236528
 20
-95.87752763333889
 30
0.0
 10
159.0355118606961
 20
-95.77406010764969
 30
0.0
 10
159.0453419614579
 20
-95.66778071592927
 30
0.0
 10
159.0509656935203
 20
-95.56945684761516
 30
0.0
 10
159.0612530082718
 20
-95.36908281697504
 30
0.0
 10
159.0537775595529
 20
-95.17056050299267
 30
0.0
 10
159.0313054919968
 20
-94.97626741840344
 30
0.0
  0
HATCH
  5
CD
330
1F
100
AcDbEntity
  8
Capa 1
 62
   255
100
AcDbHatch
 10
0.0
 20
0.0
 30
0.0
210
0.0
220
0.0
230
1.0
  2
SOLID
 70
     1
 71
     0
 91
        1
 92
        1
 93
        1
 72
     4
 94
        3
 73
     0
 74
     1
 95
      776
 96
      772
 40
0.0
 40
0.0
 40
0.0
 40
0.0
 40
1.0
 40
1.0
 40
1.0
 40
2.0
 40
2.0
 40
2.0
 40
3.0
 40
3.0
 40
3.0
 40
4.0
 40
4.0
 40
4.0
 40
5.0
 40
5.0
 40
5.0
 40
6.0
 40
6.0
 40
6.0
 40
7.0
 40
7.0
 40
7.0
 40
8.0
 40
8.0
 40
8.0
 40
9.0
 40
9.0
 40
9.0
 40
10.0
 40
10.0
 40
10.0
 40
11.0
 40
11.0
 40
11.0
 40
12.0
 40
12.0
 40
12.0
 40
13.0
 40
13.0
 40
13.0
 40
14.0
 40
14.0
 40
14.0
 40
15.0
 40
15.0
 40
15.0
 40
16.0
 40
16.0
 40
16.0
 40
17.0
 40
17.0
 40
17.0
 40
18.0
 40
18.0
 40
18.0
 40
19.0
 40
19.0
 40
19.0
 40
20.0
 40
20.0
 40
20.0
 40
21.0
 40
21.0
 40
21.0
 40
22.0
 40
22.0
 40
22.0
 40
23.0
 40
23.0
 40
23.0
 40
24.0
 40
24.0
 40
24.0
 40
25.0
 40
25.0
 40
25.0
 40
26.0
 40
26.0
 40
26.0
 40
27.0
 40
27.0
 40
27.0
 40
28.0
 40
28.0
 40
28.0
 40
29.0
 40
29.0
 40
29.0
 40
30.0
 40
30.0
 40
30.0
 40
31.0
 40
31.0
 40
31.0
 40
32.0
 40
32.0
 40
32.0
 40
33.0
 40
33.0
 40
33.0
 40
34.0
 40
34.0
 40
34.0
 40
35.0
 40
35.0
 40
35.0
 40
36.0
 40
36.0
 40
36.0
 40
37.0
 40
37.0
 40
37.0
 40
38.0
 40
38.0
 40
38.0
 40
39.0
 40
39.0
 40
39.0
 40
40.0
 40
40.0
 40
40.0
 40
41.0
 40
41.0
 40
41.0
 40
42.0
 40
42.0
 40
42.0
 40
43.0
 40
43.0
 40
43.0
 40
44.0
 40
44.0
 40
44.0
 40
45.0
 40
45.0
 40
45.0
 40
46.0
 40
46.0
 40
46.0
 40
47.0
 40
47.0
 40
47.0
 40
48.0
 40
48.0
 40
48.0
 40
49.0
 40
49.0
 40
49.0
 40
50.0
 40
50.0
 40
50.0
 40
51.0
 40
51.0
 40
51.0
 40
52.0
 40
52.0
 40
52.0
 40
53.0
 40
53.0
 40
53.0
 40
54.0
 40
54.0
 40
54.0
 40
55.0
 40
55.0
 40
55.0
 40
56.0
 40
56.0
 40
56.0
 40
57.0
 40
57.0
 40
57.0
 40
58.0
 40
58.0
 40
58.0
 40
59.0
 40
59.0
 40
59.0
 40
60.0
 40
60.0
 40
60.0
 40
61.0
 40
61.0
 40
61.0
 40
62.0
 40
62.0
 40
62.0
 40
63.0
 40
63.0
 40
63.0
 40
64.0
 40
64.0
 40
64.0
 40
65.0
 40
65.0
 40
65.0
 40
66.0
 40
66.0
 40
66.0
 40
67.0
 40
67.0
 40
67.0
 40
68.0
 40
68.0
 40
68.0
 40
69.0
 40
69.0
 40
69.0
 40
70.0
 40
70.0
 40
70.0
 40
71.0
 40
71.0
 40
71.0
 40
72.0
 40
72.0
 40
72.0
 40
73.0
 40
73.0
 40
73.0
 40
74.0
 40
74.0
 40
74.0
 40
75.0
 40
75.0
 40
75.0
 40
76.0
 40
76.0
 40
76.0
 40
77.0
 40
77.0
 40
77.0
 40
78.0
 40
78.0
 40
78.0
 40
79.0
 40
79.0
 40
79.0
 40
80.0
 40
80.0
 40
80.0
 40
81.0
 40
81.0
 40
81.0
 40
82.0
 40
82.0
 40
82.0
 40
83.0
 40
83.0
 40
83.0
 40
84.0
 40
84.0
 40
84.0
 40
85.0
 40
85.0
 40
85.0
 40
86.0
 40
86.0
 40
86.0
 40
87.0
 40
87.0
 40
87.0
 40
88.0
 40
88.0
 40
88.0
 40
89.0
 40
89.0
 40
89.0
 40
90.0
 40
90.0
 40
90.0
 40
91.0
 40
91.0
 40
91.0
 40
92.0
 40
92.0
 40
92.0
 40
93.0
 40
93.0
 40
93.0
 40
94.0
 40
94.0
 40
94.0
 40
95.0
 40
95.0
 40
95.0
 40
96.0
 40
96.0
 40
96.0
 40
97.0
 40
97.0
 40
97.0
 40
98.0
 40
98.0
 40
98.0
 40
99.0
 40
99.0
 40
99.0
 40
100.0
 40
100.0
 40
100.0
 40
101.0
 40
101.0
 40
101.0
 40
102.0
 40
102.0
 40
102.0
 40
103.0
 40
103.0
 40
103.0
 40
104.0
 40
104.0
 40
104.0
 40
105.0
 40
105.0
 40
105.0
 40
106.0
 40
106.0
 40
106.0
 40
107.0
 40
107.0
 40
107.0
 40
108.0
 40
108.0
 40
108.0
 40
109.0
 40
109.0
 40
109.0
 40
110.0
 40
110.0
 40
110.0
 40
111.0
 40
111.0
 40
111.0
 40
112.0
 40
112.0
 40
112.0
 40
113.0
 40
113.0
 40
113.0
 40
114.0
 40
114.0
 40
114.0
 40
115.0
 40
115.0
 40
115.0
 40
116.0
 40
116.0
 40
116.0
 40
117.0
 40
117.0
 40
117.0
 40
118.0
 40
118.0
 40
118.0
 40
119.0
 40
119.0
 40
119.0
 40
120.0
 40
120.0
 40
120.0
 40
121.0
 40
121.0
 40
121.0
 40
122.0
 40
122.0
 40
122.0
 40
123.0
 40
123.0
 40
123.0
 40
124.0
 40
124.0
 40
124.0
 40
125.0
 40
125.0
 40
125.0
 40
126.0
 40
126.0
 40
126.0
 40
127.0
 40
127.0
 40
127.0
 40
128.0
 40
128.0
 40
128.0
 40
129.0
 40
129.0
 40
129.0
 40
130.0
 40
130.0
 40
130.0
 40
131.0
 40
131.0
 40
131.0
 40
132.0
 40
132.0
 40
132.0
 40
133.0
 40
133.0
 40
133.0
 40
134.0
 40
134.0
 40
134.0
 40
135.0
 40
135.0
 40
135.0
 40
136.0
 40
136.0
 40
136.0
 40
137.0
 40
137.0
 40
137.0
 40
138.0
 40
138.0
 40
138.0
 40
139.0
 40
139.0
 40
139.0
 40
140.0
 40
140.0
 40
140.0
 40
141.0
 40
141.0
 40
141.0
 40
142.0
 40
142.0
 40
142.0
 40
143.0
 40
143.0
 40
143.0
 40
144.0
 40
144.0
 40
144.0
 40
145.0
 40
145.0
 40
145.0
 40
146.0
 40
146.0
 40
146.0
 40
147.0
 40
147.0
 40
147.0
 40
148.0
 40
148.0
 40
148.0
 40
149.0
 40
149.0
 40
149.0
 40
150.0
 40
150.0
 40
150.0
 40
151.0
 40
151.0
 40
151.0
 40
152.0
 40
152.0
 40
152.0
 40
153.0
 40
153.0
 40
153.0
 40
154.0
 40
154.0
 40
154.0
 40
155.0
 40
155.0
 40
155.0
 40
156.0
 40
156.0
 40
156.0
 40
157.0
 40
157.0
 40
157.0
 40
158.0
 40
158.0
 40
158.0
 40
159.0
 40
159.0
 40
159.0
 40
160.0
 40
160.0
 40
160.0
 40
161.0
 40
161.0
 40
161.0
 40
162.0
 40
162.0
 40
162.0
 40
163.0
 40
163.0
 40
163.0
 40
164.0
 40
164.0
 40
164.0
 40
165.0
 40
165.0
 40
165.0
 40
166.0
 40
166.0
 40
166.0
 40
167.0
 40
167.0
 40
167.0
 40
168.0
 40
168.0
 40
168.0
 40
169.0
 40
169.0
 40
169.0
 40
170.0
 40
170.0
 40
170.0
 40
171.0
 40
171.0
 40
171.0
 40
172.0
 40
172.0
 40
172.0
 40
173.0
 40
173.0
 40
173.0
 40
174.0
 40
174.0
 40
174.0
 40
175.0
 40
175.0
 40
175.0
 40
176.0
 40
176.0
 40
176.0
 40
177.0
 40
177.0
 40
177.0
 40
178.0
 40
178.0
 40
178.0
 40
179.0
 40
179.0
 40
179.0
 40
180.0
 40
180.0
 40
180.0
 40
181.0
 40
181.0
 40
181.0
 40
182.0
 40
182.0
 40
182.0
 40
183.0
 40
183.0
 40
183.0
 40
184.0
 40
184.0
 40
184.0
 40
185.0
 40
185.0
 40
185.0
 40
186.0
 40
186.0
 40
186.0
 40
187.0
 40
187.0
 40
187.0
 40
188.0
 40
188.0
 40
188.0
 40
189.0
 40
189.0
 40
189.0
 40
190.0
 40
190.0
 40
190.0
 40
191.0
 40
191.0
 40
191.0
 40
192.0
 40
192.0
 40
192.0
 40
193.0
 40
193.0
 40
193.0
 40
194.0
 40
194.0
 40
194.0
 40
195.0
 40
195.0
 40
195.0
 40
196.0
 40
196.0
 40
196.0
 40
197.0
 40
197.0
 40
197.0
 40
198.0
 40
198.0
 40
198.0
 40
199.0
 40
199.0
 40
199.0
 40
200.0
 40
200.0
 40
200.0
 40
201.0
 40
201.0
 40
201.0
 40
202.0
 40
202.0
 40
202.0
 40
203.0
 40
203.0
 40
203.0
 40
204.0
 40
204.0
 40
204.0
 40
205.0
 40
205.0
 40
205.0
 40
206.0
 40
206.0
 40
206.0
 40
207.0
 40
207.0
 40
207.0
 40
208.0
 40
208.0
 40
208.0
 40
209.0
 40
209.0
 40
209.0
 40
210.0
 40
210.0
 40
210.0
 40
211.0
 40
211.0
 40
211.0
 40
212.0
 40
212.0
 40
212.0
 40
213.0
 40
213.0
 40
213.0
 40
214.0
 40
214.0
 40
214.0
 40
215.0
 40
215.0
 40
215.0
 40
216.0
 40
216.0
 40
216.0
 40
217.0
 40
217.0
 40
217.0
 40
218.0
 40
218.0
 40
218.0
 40
219.0
 40
219.0
 40
219.0
 40
220.0
 40
220.0
 40
220.0
 40
221.0
 40
221.0
 40
221.0
 40
222.0
 40
222.0
 40
222.0
 40
223.0
 40
223.0
 40
223.0
 40
224.0
 40
224.0
 40
224.0
 40
225.0
 40
225.0
 40
225.0
 40
226.0
 40
226.0
 40
226.0
 40
227.0
 40
227.0
 40
227.0
 40
228.0
 40
228.0
 40
228.0
 40
229.0
 40
229.0
 40
229.0
 40
230.0
 40
230.0
 40
230.0
 40
231.0
 40
231.0
 40
231.0
 40
232.0
 40
232.0
 40
232.0
 40
233.0
 40
233.0
 40
233.0
 40
234.0
 40
234.0
 40
234.0
 40
235.0
 40
235.0
 40
235.0
 40
236.0
 40
236.0
 40
236.0
 40
237.0
 40
237.0
 40
237.0
 40
238.0
 40
238.0
 40
238.0
 40
239.0
 40
239.0
 40
239.0
 40
240.0
 40
240.0
 40
240.0
 40
241.0
 40
241.0
 40
241.0
 40
242.0
 40
242.0
 40
242.0
 40
243.0
 40
243.0
 40
243.0
 40
244.0
 40
244.0
 40
244.0
 40
245.0
 40
245.0
 40
245.0
 40
246.0
 40
246.0
 40
246.0
 40
247.0
 40
247.0
 40
247.0
 40
248.0
 40
248.0
 40
248.0
 40
249.0
 40
249.0
 40
249.0
 40
250.0
 40
250.0
 40
250.0
 40
251.0
 40
251.0
 40
251.0
 40
252.0
 40
252.0
 40
252.0
 40
253.0
 40
253.0
 40
253.0
 40
254.0
 40
254.0
 40
254.0
 40
255.0
 40
255.0
 40
255.0
 40
256.0
 40
256.0
 40
256.0
 40
257.0
 40
257.0
 40
257.0
 40
257.0
 10
159.0313054919968
 20
-94.97626741840344
 10
159.0172690225396
 20
-94.85500283819731
 10
158.9971287463274
 20
-94.73515562135307
 10
158.9718448127401
 20
-94.61762876550512
 10
158.9592028459458
 20
-94.5586481609345
 10
158.945166376486
 20
-94.50012477035614
 10
158.9301697576515
 20
-94.44253866845358
 10
158.9151959995133
 20
-94.38447249186108
 10
158.8992620920004
 20
-94.32736646464589
 10
158.8814764678336
 20
-94.27070622107156
 10
158.8398242734414
 20
-94.13399923838618
 10
158.7911309836248
 20
-94.00102998006412
 10
158.7372711757303
 20
-93.87134123210926
 10
158.6651685296806
 20
-93.69811428206175
 10
158.5832357828678
 20
-93.53144835275508
 10
158.4933475126474
 20
-93.37038329481192
 10
158.4484033775379
 20
-93.28985648101605
 10
158.4011274510857
 20
-93.21120424457432
 10
158.3524341612678
 20
-93.13348929680967
 10
158.3032836574603
 20
-93.05623156303345
 10
158.2527157902844
 20
-92.98039119262296
 10
158.2002733457595
 20
-92.90594532487926
 10
157.9114055475671
 20
-92.49675023515519
 10
157.5729071708784
 20
-92.13343656922031
 10
157.2016265511845
 20
-91.81553568273095
 10
157.0330746141722
 20
-91.67086174629297
 10
156.857984517122
 20
-91.53602934096173
 10
156.6772478273051
 20
-91.41008974771904
 10
156.6412193649792
 20
-91.38480581413175
 10
156.6046879672657
 20
-91.36045916922025
 10
156.5681565695522
 20
-91.33611252431388
 10
156.0639409825827
 20
-90.9999573693179
 10
155.5203592711709
 20
-90.73542478568424
 10
154.9580775076102
 20
-90.54300627845174
 10
154.9575974329241
 20
-90.54300627845174
 10
154.9571402189344
 20
-90.5425376341132
 10
154.9566601442445
 20
-90.5425376341132
 10
154.9075096404382
 20
-90.52567786827333
 10
154.8583591366306
 20
-90.50928674677202
 10
154.8087285581344
 20
-90.49384434429533
 10
154.8578790619407
 20
-90.51772234486701
 10
154.9065723517598
 20
-90.54206898977466
 10
154.9552656415802
 20
-90.56735292336067
 10
154.9557457162676
 20
-90.56735292336067
 10
154.956202930256
 20
-90.56781013735036
 10
154.9566601442445
 20
-90.56781013735036
 10
155.3279407639384
 20
-90.75930278625593
 10
155.6800183960984
 20
-90.98262895913821
 10
156.0063320199825
 20
-91.23405093163902
 10
156.1739466683164
 20
-91.36327103525149
 10
156.3354803705955
 20
-91.49997801793816
 10
156.4890585494722
 20
-91.64371466570036
 10
156.5808213970454
 20
-91.72985378121115
 10
156.6702295925759
 20
-91.81881619310202
 10
156.7563915687857
 20
-91.91011039633675
 10
156.8425306842964
 20
-92.00140459957275
 10
156.9258579337747
 20
-92.09504202450147
 10
157.0059161032321
 20
-92.19102267112287
 10
157.0391784209259
 20
-92.23081171850849
 10
157.0719378032296
 20
-92.27108084058021
 10
157.1042399715474
 20
-92.3118071766429
 10
157.1042399715474
 20
-92.31228725133029
 10
157.1042399715474
 20
-92.31228725133029
 10
157.1042399715474
 20
-92.31228725133029
 10
157.2011693371973
 20
-92.43447768986722
 10
157.2924521100819
 20
-92.55996006912278
 10
157.3776539369144
 20
-92.68823145371061
 10
157.446007428257
 20
-92.79077312107414
 10
157.5106346255891
 20
-92.89564657977895
 10
157.5710325935229
 20
-93.00192597150067
 10
157.6112902852471
 20
-93.07309132887332
 10
157.6501534743045
 20
-93.14471390023694
 10
157.686662011319
 20
-93.21728519062648
 10
157.7100713675496
 20
-93.26363525875166
 10
157.733023509793
 20
-93.31045397121538
 10
157.754558288672
 20
-93.35727268368036
 10
157.7648684641212
 20
-93.37928753724545
 10
157.7751557788714
 20
-93.40127953011284
 10
157.7849858796318
 20
-93.42329438367793
 10
157.7985651351019
 20
-93.45419061897886
 10
157.8121443905746
 20
-93.48508685427979
 10
157.824786357365
 20
-93.51599451993084
 10
157.8332219554626
 20
-93.5356547214531
 10
157.8416346928573
 20
-93.55531492297536
 10
157.8491330022765
 20
-93.57545519918628
 10
157.8514647936191
 20
-93.5810675008999
 10
157.8538194456619
 20
-93.58669123296495
 10
157.8561512370071
 20
-93.5923035346773
 10
157.8594203170267
 20
-93.59932176940526
 10
157.8622321830592
 20
-93.60635143448849
 10
157.864586835102
 20
-93.61383831355757
 10
157.8725423585084
 20
-93.63443580375689
 10
157.8804978819147
 20
-93.65504472430507
 10
157.8884534053223
 20
-93.67564221450569
 10
157.9006381581282
 20
-93.7074757384837
 10
157.9123428362441
 20
-93.73977790680154
 10
157.9235674396714
 20
-93.77209150546564
 10
157.9362094064644
 20
-93.80814282849306
 10
157.948394159269
 20
-93.84419415151665
 10
157.9596187626975
 20
-93.88023404419395
 10
157.9610132653617
 20
-93.88445184323952
 10
157.9624306287288
 20
-93.88820099794913
 10
157.9633679174046
 20
-93.89241879699983
 10
157.973678092855
 20
-93.92378367663545
 10
157.9835081936181
 20
-93.95561720061602
 10
157.9924010057028
 20
-93.98699351060434
 10
157.993795508367
 20
-93.99073123496123
 10
157.994732797044
 20
-93.99494903401066
 10
157.9956700857211
 20
-93.99869818872025
 10
158.00643747516
 20
-94.03661265874915
 10
158.0167476506104
 20
-94.07453855913074
 10
158.0265777513722
 20
-94.11246445950977
 10
158.1033439801096
 20
-94.41725473486629
 10
158.1412698804899
 20
-94.72532552059258
 10
158.1314397797281
 20
-95.02261748653119
 10
158.1267533363427
 20
-95.17149779166975
 10
158.1099050008504
 20
-95.31757766112464
 10
158.0813519872435
 20
-95.4585024428556
 10
158.0733964638359
 20
-95.49455376588047
 10
158.065898154418
 20
-95.52873051155117
 10
158.0574854170207
 20
-95.56150132420883
 10
158.0495070329166
 20
-95.59427213686392
 10
158.0406142208319
 20
-95.62610566083936
 10
158.0298468313918
 20
-95.65795061516877
 10
158.0298468313918
 20
-95.65795061516877
 10
158.019079441953
 20
-95.6907214278213
 10
158.019079441953
 20
-95.6907214278213
 10
158.019079441953
 20
-95.6907214278213
 10
158.0143929985676
 20
-95.70570661630829
 10
158.0143929985676
 20
-95.70570661630829
 10
158.0143929985676
 20
-95.70570661630829
 10
157.9966073744008
 20
-95.75298254276169
 10
157.9966073744008
 20
-95.75298254276169
 10
157.9853827709709
 20
-95.78435885275258
 10
157.9713234408148
 20
-95.81525508805093
 10
157.9582242600295
 20
-95.84616275370071
 10
157.8500702909536
 20
-96.09196099413904
 10
157.6838501452852
 20
-96.31668166968682
 10
157.4839561893351
 20
-96.51706713067578
 10
157.4338455361514
 20
-96.56716635351054
 10
157.381403091624
 20
-96.61585964332842
 10
157.3271089304413
 20
-96.66267835579342
 10
157.2456333976195
 20
-96.73290642449027
 10
157.1599514960959
 20
-96.79985398281349
 10
157.0705433005641
 20
-96.86353246112091
 10
156.9811122443334
 20
-96.92673086473583
 10
156.8879320333944
 20
-96.98666018833366
 10
156.7919628171219
 20
-97.04330900156042
 10
156.7840072937155
 20
-97.04799544494453
 10
156.7755716956205
 20
-97.05268188832993
 10
156.7676161722142
 20
-97.05735690136775
 10
156.7109673589874
 20
-97.08967050003572
 10
156.654318545762
 20
-97.12150402401244
 10
156.5967324438594
 20
-97.15193161497483
 10
156.5302535298709
 20
-97.18657700498407
 10
156.4628144665063
 20
-97.21981646197642
 10
156.3944609751674
 20
-97.25166141630456
 10
156.2582340671707
 20
-97.31485981992203
 10
156.1177779297796
 20
-97.3724459218233
 10
155.9745099263533
 20
-97.4244197220148
 10
155.9478086294003
 20
-97.43424982277658
 10
155.9206729791591
 20
-97.44407992353834
 10
155.8939716822086
 20
-97.453441379959
 10
155.8129762240729
 20
-97.48153717957882
 10
155.7310434772601
 20
-97.50822704618174
 10
155.6486535164589
 20
-97.53257369109068
 10
155.5952737832544
 20
-97.54848473790462
 10
155.5418940500486
 20
-97.56346992638903
 10
155.4880571028543
 20
-97.57845511487602
 10
155.3270034752626
 20
-97.62199331697124
 10
155.1640752703154
 20
-97.65898192867319
 10
154.9992724880127
 20
-97.6908154526512
 10
154.9477673321623
 20
-97.70064555341425
 10
154.896262176312
 20
-97.71001844018504
 10
154.8447798811592
 20
-97.7184426079312
 10
154.7806327585171
 20
-97.72967864170987
 10
154.716028421884
 20
-97.73950874247035
 10
154.6514240852522
 20
-97.74840155455504
 10
154.4931594629889
 20
-97.77087362210854
 10
154.3339804127526
 20
-97.78773338795096
 10
154.1748013625137
 20
-97.79990671040544
 10
153.9823828552799
 20
-97.8144232545526
 10
153.7904215620384
 20
-97.82144148928313
 10
153.5980030548059
 20
-97.82144148928313
 10
153.5497669789764
 20
-97.82144148928313
 10
153.5020109778356
 20
-97.82097284494331
 10
153.4537977627051
 20
-97.82003555626879
 10
153.4537977627051
 20
-97.82003555626879
 10
153.4462994532872
 20
-97.82003555626879
 10
153.4462994532872
 20
-97.82003555626879
 10
153.4055616868757
 20
-97.81909826758915
 10
153.3648239204628
 20
-97.81816097891208
 10
153.3241090147503
 20
-97.8162864015592
 10
153.2665229128477
 20
-97.8144232545526
 10
153.2089139502449
 20
-97.81208003285862
 10
153.1513507090426
 20
-97.80833087815287
 10
153.0052708395838
 20
-97.80037535474398
 10
152.8596481841174
 20
-97.78773338795096
 10
152.7149856780282
 20
-97.77134226644708
 10
152.6175990983899
 20
-97.76010623266968
 10
152.5206925934415
 20
-97.74699562153813
 10
152.4237860884932
 20
-97.7324905077411
 10
152.4237860884932
 20
-97.7324905077411
 10
152.4233060138032
 20
-97.73294772172952
 10
152.4233060138032
 20
-97.73294772172952
 10
152.4233060138032
 20
-97.73294772172952
 10
152.3460597103784
 20
-97.79147111230915
 10
152.3460597103784
 20
-97.79147111230915
 10
152.3778818040063
 20
-97.79662620003566
 10
152.4102068330218
 20
-97.8017812877583
 10
152.4425090013384
 20
-97.80645630079614
 10
152.47995482703
 20
-97.81208003285862
 10
152.5169434387319
 20
-97.817223690235
 10
152.5544121251238
 20
-97.82237877796021
 10
152.5581384191319
 20
-97.82284742230003
 10
152.5623676485302
 20
-97.82331606663729
 10
152.5661168032385
 20
-97.82378471097583
 10
152.5885660100943
 20
-97.82658514665694
 10
152.6115181523377
 20
-97.82939701268945
 10
152.6339902198912
 20
-97.83220887872069
 10
152.7018864972468
 20
-97.84063304646685
 10
152.769759913897
 20
-97.84811992553463
 10
152.8381134052409
 20
-97.85468094627676
 10
152.8591909701277
 20
-97.85702416797074
 10
152.8802685350169
 20
-97.8588987453249
 10
152.9013232392073
 20
-97.86076189232892
 10
152.9851305633729
 20
-97.86826020174684
 10
153.0694179622298
 20
-97.87434114779902
 10
153.1532252863967
 20
-97.87902759118441
 10
153.2548182347318
 20
-97.88465132325074
 10
153.3564111830681
 20
-97.88838904760892
 10
153.4575469174135
 20
-97.89026362496179
 10
153.5043656298784
 20
-97.89120091364016
 10
153.5511843423421
 20
-97.8916695579787
 10
153.5980030548059
 20
-97.8916695579787
 10
153.6462162699364
 20
-97.8916695579787
 10
153.6949095597555
 20
-97.89120091364016
 10
153.7436028495747
 20
-97.89026362496179
 10
153.8409665685127
 20
-97.88838904760892
 10
153.9383531481497
 20
-97.88510853723785
 10
154.0352825137971
 20
-97.87949623552551
 10
154.0834957289288
 20
-97.87715301383025
 10
154.131731804757
 20
-97.87388393380931
 10
154.1799450198888
 20
-97.870134779101
 10
154.2206827862991
 20
-97.86685426873122
 10
154.2609404780232
 20
-97.86357375836016
 10
154.301678244436
 20
-97.85982460365184
 10
154.382216488582
 20
-97.85233772458277
 10
154.4622746580394
 20
-97.84391355683535
 10
154.5418527528093
 20
-97.83408345607357
 10
154.6209736335896
 20
-97.82425335531437
 10
154.7000945143685
 20
-97.81300589118814
 10
154.778300967172
 20
-97.80084399908122
 10
154.9341880766897
 20
-97.77649735417357
 10
155.0877662555664
 20
-97.74699562153813
 10
155.2380524937193
 20
-97.71281887586743
 10
155.2708118760242
 20
-97.70533199679836
 10
155.3035941190294
 20
-97.69783368738044
 10
155.3363763620346
 20
-97.68987816397411
 10
155.5643889783036
 20
-97.63416663942571
 10
155.7853604991418
 20
-97.56768772543846
 10
155.9983764965749
 20
-97.49042999166224
 10
156.0718965059904
 20
-97.46422019974798
 10
156.1444563660298
 20
-97.43612440013074
 10
156.215621723405
 20
-97.40662266749658
 10
156.2161017980924
 20
-97.40662266749658
 10
156.2161017980924
 20
-97.40662266749658
 10
156.2161017980924
 20
-97.40662266749658
 10
156.2872442947673
 20
-97.37713236520999
 10
156.3579524381516
 20
-97.34623612991162
 10
156.4267860041817
 20
-97.31392253124496
 10
156.4267860041817
 20
-97.31392253124496
 10
156.4272432181714
 20
-97.31392253124496
 10
156.4272432181714
 20
-97.31392253124496
 10
156.4534644404332
 20
-97.30174920879176
 10
156.4792055880102
 20
-97.28957588633601
 10
156.5044895215975
 20
-97.27694534989185
 10
156.5471018653631
 20
-97.2563364293411
 10
156.5892341344415
 20
-97.23480165046469
 10
156.6304291148414
 20
-97.2132668715857
 10
156.664148646525
 20
-97.19546981706749
 10
156.6973881035173
 20
-97.17768419289939
 10
156.7301703465226
 20
-97.15941849404133
 10
156.7301703465226
 20
-97.15941849404133
 10
156.730627560511
 20
-97.15941849404133
 10
156.730627560511
 20
-97.15941849404133
 10
156.7634098035162
 20
-97.14069558119745
 10
156.7957119718302
 20
-97.12242988234196
 10
156.8275340654593
 20
-97.10370696949421
 10
156.9211714903893
 20
-97.04846408928435
 10
157.01060254662
 20
-96.9908779873818
 10
157.0958272341501
 20
-96.93141730812378
 10
157.1810290609839
 20
-96.87148798452853
 10
157.2615673051311
 20
-96.80968408357526
 10
157.3378763198776
 20
-96.74601703561925
 10
157.3378763198776
 20
-96.74601703561925
 10
157.3378763198776
 20
-96.74554839128328
 10
157.3383335338686
 20
-96.74554839128328
 10
157.36549204481
 20
-96.72213903505141
 10
157.3926505557502
 20
-96.69919832315682
 10
157.4188717780146
 20
-96.67532032258643
 10
157.4586722557478
 20
-96.6397376439001
 10
157.497055370119
 20
-96.60321767653541
 10
157.5335639071323
 20
-96.566697709172
 10
157.7522036366266
 20
-96.3475893353366
 10
157.9165492049421
 20
-96.11443306169254
 10
158.0228285966626
 20
-95.87377847863186
 10
158.0228285966626
 20
-95.87377847863186
 10
158.0317214087473
 20
-95.85224369975545
 10
158.0317214087473
 20
-95.85224369975545
 10
158.0368650661211
 20
-95.8400703772997
 10
158.0424887981861
 20
-95.82789705484394
 10
158.0476324555612
 20
-95.81572373239075
 10
158.0476324555612
 20
-95.81525508805093
 10
158.0481125302486
 20
-95.81525508805093
 10
158.0481125302486
 20
-95.81525508805093
 10
158.0527989736353
 20
-95.80308176559518
 10
158.0579426310116
 20
-95.790908443142
 10
158.0621489997084
 20
-95.77826647634899
 10
158.0621489997084
 20
-95.77826647634899
 10
158.0621489997084
 20
-95.77780926236058
 10
158.0621489997084
 20
-95.77780926236058
 10
158.0621489997084
 20
-95.77780926236058
 10
158.0799346238765
 20
-95.73051047520691
 10
158.0799346238765
 20
-95.73051047520691
 10
158.0799346238765
 20
-95.73051047520691
 10
158.0804146985651
 20
-95.72911597254142
 10
158.0804146985651
 20
-95.72911597254142
 10
158.0804146985651
 20
-95.72911597254142
 10
158.0808947732551
 20
-95.72724139518598
 10
158.0808947732551
 20
-95.72724139518598
 10
158.0808947732551
 20
-95.72724139518598
 10
158.0963257453791
 20
-95.68042268272227
 10
158.0963257453791
 20
-95.68042268272227
 10
158.0963257453791
 20
-95.68042268272227
 10
158.0963257453791
 20
-95.67995403838502
 10
158.0963257453791
 20
-95.67995403838502
 10
158.0972630340574
 20
-95.67761081669103
 10
158.0977431087448
 20
-95.67526759499705
 10
158.0986803974219
 20
-95.67292437330308
 10
158.1019494774441
 20
-95.66215698386422
 10
158.1052185574638
 20
-95.6518582387652
 10
158.108510498185
 20
-95.64155949366489
 10
158.109447786862
 20
-95.63781033895657
 10
158.1103850755404
 20
-95.63454125893435
 10
158.1113223642175
 20
-95.63079210422603
 10
158.1136541555613
 20
-95.62236793648117
 10
158.1160088076016
 20
-95.61440098272472
 10
158.1183405989467
 20
-95.60597681497984
 10
158.1206723902906
 20
-95.5975526472324
 10
158.1230270423321
 20
-95.58911704913741
 10
158.124878758986
 20
-95.58069288139126
 10
158.1267533363427
 20
-95.57320600232347
 10
158.1286279136969
 20
-95.56618776759423
 10
158.1305024910511
 20
-95.55868945817502
 10
158.133794431771
 20
-95.5460474913833
 10
158.1365834371032
 20
-95.53294831059932
 10
158.1394181638347
 20
-95.51982626911764
 10
158.1436245325327
 20
-95.5039152223037
 10
158.1468936125537
 20
-95.48799274514091
 10
158.1501626925746
 20
-95.47255034266551
 10
158.1791957808689
 20
-95.32787640622496
 10
158.1965241910486
 20
-95.17712152373223
 10
158.201667848425
 20
-95.0249607082226
 10
158.2026051371021
 20
-94.9945331172602
 10
158.2030852117894
 20
-94.96362545161044
 10
158.2030852117894
 20
-94.93272921631207
 10
158.2035424257779
 20
-94.66399026397913
 10
158.1670338887646
 20
-94.38260934485575
 10
158.0944511680262
 20
-94.09513604933008
 10
158.0846210672644
 20
-94.0572215792999
 10
158.074333752513
 20
-94.01929567891959
 10
158.0635663630754
 20
-93.98136977854186
 10
158.0565252676446
 20
-93.95608584495328
 10
158.049049818927
 20
-93.93080191136727
 10
158.0410942955193
 20
-93.90551797777997
 10
158.0401570068423
 20
-93.90271754209758
 10
158.0392197181652
 20
-93.8994370317265
 10
158.0382824294868
 20
-93.89615652135802
 10
158.0335959861014
 20
-93.88023404419395
 10
158.0284523287276
 20
-93.8643229973813
 10
158.0232858106523
 20
-93.84840052021723
 10
158.0158103619333
 20
-93.8249911639828
 10
158.007831977828
 20
-93.80158180775223
 10
157.9998764544204
 20
-93.77770380718056
 10
157.9853827709709
 20
-93.73604018244077
 10
157.9703861521351
 20
-93.6948337716907
 10
157.9549323193109
 20
-93.65317014695091
 10
157.9469767959033
 20
-93.63210401241176
 10
157.9390212724969
 20
-93.6115065222137
 10
157.9305856744019
 20
-93.59042895732442
 10
157.9277738083681
 20
-93.58200478957698
 10
157.9245047283497
 20
-93.57358062183212
 10
157.9207555736389
 20
-93.5646878097487
 10
157.9202983596504
 20
-93.56328187673309
 10
157.9198182849618
 20
-93.562344588056
 10
157.9193610709721
 20
-93.56093865503911
 10
157.9076563928575
 20
-93.53144835275508
 10
157.8954716400528
 20
-93.50194662012093
 10
157.8823724592702
 20
-93.47198767349708
 10
157.8692504177885
 20
-93.44108000784603
 10
157.8556711623184
 20
-93.40971512820913
 10
157.8411774788702
 20
-93.37787017388099
 10
157.8271181487114
 20
-93.34650529424023
 10
157.8121443905746
 20
-93.31467177026352
 10
157.7966905577491
 20
-93.28236960194569
 10
157.7812367249235
 20
-93.25053607797024
 10
157.765782892098
 20
-93.21822247930356
 10
157.7494146312944
 20
-93.18592031098831
 10
157.6407805875324
 20
-92.97054966151363
 10
157.5153210689745
 20
-92.76080274410016
 10
157.3734475682164
 20
-92.55667955875172
 10
157.3266288557526
 20
-92.48879471174885
 10
157.2779355659348
 20
-92.42183572307293
 10
157.2273676987602
 20
-92.35535680908697
 10
157.1515387586985
 20
-92.25563843810609
 10
157.0714577285422
 20
-92.1573145697907
 10
156.9871931903869
 20
-92.06039663449222
 10
156.9441236326315
 20
-92.01029741165617
 10
156.8996367115116
 20
-91.96066683316121
 10
156.853298073734
 20
-91.91198497369346
 10
156.7530996280645
 20
-91.80289371593796
 10
156.6477575250224
 20
-91.69661432421623
 10
156.5367916899114
 20
-91.5926781541885
 10
156.4038338619369
 20
-91.46861313829869
 10
156.2661895905783
 20
-91.34969177978397
 10
156.1229215871534
 20
-91.23591407864305
 10
156.026015082205
 20
-91.1591364195555
 10
155.9267539252126
 20
-91.08469055181178
 10
155.8246809021888
 20
-91.01258790576206
 10
156.5845476910561
 20
-91.47094492964254
 10
157.2386151628877
 20
-92.06508307787762
 10
157.7203815429988
 20
-92.7434857642706
 10
158.3847363295831
 20
-93.6784540805395
 10
158.6764159938068
 20
-94.69488649928006
 10
158.5425208771539
 20
-95.60550817064002
 10
158.4235995186418
 20
-96.41359960498659
 10
157.8453838475682
 20
-97.17440368252832
 10
156.9150905443359
 20
-97.74840155455504
 10
155.4215781888684
 20
-98.66886475702562
 10
153.3437692162725
 20
-98.97739275674031
 10
151.376446004099
 20
-98.6131418021258
 10
151.3450811244595
 20
-98.60799814475071
 10
151.3141734588098
 20
-98.6019057683497
 10
151.28326579316
 20
-98.59582482229753
 10
151.28326579316
 20
-98.59582482229753
 10
151.2575246455856
 20
-98.61501637947995
 10
151.2575246455856
 20
-98.61501637947995
 10
151.2888895252237
 20
-98.62156596987067
 10
151.3197971908722
 20
-98.6271897019357
 10
151.3507048565233
 20
-98.63281343399947
 10
151.8886399751737
 20
-98.73393773799468
 10
152.4378225579517
 20
-98.78497424950653
 10
152.987485215417
 20
-98.78497424950653
 10
153.2866403283584
 20
-98.78497424950653
 10
153.5858183020026
 20
-98.76998906102212
 10
153.8826416236013
 20
-98.7395500397096
 10
155.0358038857263
 20
-98.62110875588482
 10
156.088264766794
 20
-98.28541081487725
 10
156.9272752971405
 20
-97.7680617560773
 10
157.863649546425
 20
-97.19079480403221
 10
158.4455915115066
 20
-96.42389835008561
 10
158.5654501586984
 20
-95.60925732535091
 10
158.700762638717
 20
-94.69207463324882
 10
158.4072083971379
 20
-93.66954983810467
 10
157.7395845305339
 20
-92.72990650879923
 10
157.2503198410023
 20
-92.04214236598301
 10
156.5854849797319
 20
-91.44051733868143
 10
155.8129762240729
 20
-90.97841116009135
 10
155.9342522346317
 20
-91.03880912802387
 10
156.0531507324449
 20
-91.10342489500837
 10
156.1701975136068
 20
-91.17130974200867
 10
156.20999799134
 20
-91.19425045390584
 10
156.2497984690757
 20
-91.21765981013641
 10
156.2891188721228
 20
-91.24200645504534
 10
156.4075830166478
 20
-91.31364045675782
 10
156.5232124344439
 20
-91.38901218282976
 10
156.636990135581
 20
-91.46767584962161
 10
156.8682718318722
 20
-91.62872947721337
 10
157.0845797700252
 20
-91.80055049424526
 10
157.2863711640298
 20
-91.98361897540465
 10
157.3154042523254
 20
-92.00984019766774
 10
157.3439572659323
 20
-92.036049989582
 10
157.3720530655496
 20
-92.0627398561862
 10
157.6623153664088
 20
-92.33569660756342
 10
157.9202983596504
 20
-92.6311139961466
 10
158.1426872438556
 20
-92.94667166094196
 10
158.2232026273027
 20
-93.06138665075866
 10
158.2990544280633
 20
-93.17749614324087
 10
158.3688252827692
 20
-93.29593742706821
 10
158.4273486733488
 20
-93.39472993972214
 10
158.4821229092227
 20
-93.49445974105186
 10
158.5326907763947
 20
-93.59511540070982
 10
158.5593692126475
 20
-93.64755784523857
 10
158.5846531462323
 20
-93.70045750375445
 10
158.6085197164551
 20
-93.75383723696028
 10
158.6310146447076
 20
-93.80205045209205
 10
158.6520693488979
 20
-93.85027509757138
 10
158.6722096251101
 20
-93.898499743052
 10
158.7471012764921
 20
-94.07828771384163
 10
158.8089166077942
 20
-94.25993883163143
 10
158.8571298229234
 20
-94.44160137977522
 10
158.869314575728
 20
-94.48654551488349
 10
158.8805391791552
 20
-94.53195829433415
 10
158.8908493546044
 20
-94.57690242944243
 10
158.8959930119808
 20
-94.59984314133702
 10
158.9011366693559
 20
-94.62278385323033
 10
158.9058231127425
 20
-94.64572456512494
 10
158.915653213503
 20
-94.69066870023192
 10
158.924088811598
 20
-94.73561283534276
 10
158.9320443350056
 20
-94.7810370451397
 10
158.9437490131203
 20
-94.84892189214385
 10
158.9535791138846
 20
-94.916806739148
 10
158.9615346372922
 20
-94.98422294181233
 10
158.9840067048444
 20
-95.17945331507609
 10
158.9905677255865
 20
-95.3751637630285
 10
158.9807376248235
 20
-95.56570769290684
 10
158.979320261459
 20
-95.59239755950719
 10
158.9774685448039
 20
-95.61861878177285
 10
158.9751138927597
 20
-95.6443713596987
 10
158.9690329467101
 20
-95.7253668178331
 10
158.9601401346254
 20
-95.79840675255991
 10
158.9484354565082
 20
-95.86582295522297
 10
158.9484354565082
 20
-95.86582295522297
 10
158.9484354565082
 20
-95.86629159956279
 10
158.9484354565082
 20
-95.86629159956279
 10
158.9484354565082
 20
-95.86629159956279
 10
158.9353362757255
 20
-95.94261204466322
 10
158.9353362757255
 20
-95.94261204466322
 10
158.9353362757255
 20
-95.94261204466322
 10
158.9194023682126
 20
-96.01892105941096
 10
158.9194023682126
 20
-96.01892105941096
 10
158.911446844805
 20
-96.05824146245803
 10
158.9011366693559
 20
-96.09616736283449
 10
158.8903692799157
 20
-96.13643648491006
 10
158.8903692799157
 20
-96.13643648491006
 10
158.8875574138845
 20
-96.1472038743489
 10
158.8875574138845
 20
-96.1472038743489
 10
158.8875574138845
 20
-96.1472038743489
 10
158.8819565425223
 20
-96.16686407587245
 10
158.8819565425223
 20
-96.16686407587245
 10
158.8627535549859
 20
-96.23568621155111
 10
158.8412187761094
 20
-96.30451977758119
 10
158.8168721312018
 20
-96.37287326892388
 10
158.8168721312018
 20
-96.37287326892388
 10
158.8164149172108
 20
-96.37287326892388
 10
158.8164149172108
 20
-96.37333048291359
 10
158.8000237957082
 20
-96.41875469271052
 10
158.7822153108399
 20
-96.4641674721586
 10
158.7634923979959
 20
-96.50958025160799
 10
158.7630351840063
 20
-96.50958025160799
 10
158.7630351840063
 20
-96.50958025160799
 10
158.7630351840063
 20
-96.51004889594653
 10
158.7443122711598
 20
-96.55499303105479
 10
158.7241719949489
 20
-96.60040581050417
 10
158.7030944300609
 20
-96.64534994561245
 10
158.7030944300609
 20
-96.64534994561245
 10
158.7026372160725
 20
-96.64534994561245
 10
158.7026372160725
 20
-96.64581858995227
 10
158.6380328794381
 20
-96.78113106997088
 10
158.5626382926672
 20
-96.91502618662118
 10
158.4764991771564
 20
-97.04705815626873
 10
158.4334296194023
 20
-97.113079856265
 10
158.3875481956144
 20
-97.17862148157647
 10
158.3388549057965
 20
-97.24369446254809
 10
158.2138526012283
 20
-97.4103718222049
 10
158.0719791004701
 20
-97.5723627384763
 10
157.9137373389083
 20
-97.7287413530315
 10
157.8786233045618
 20
-97.76338674303946
 10
157.842571981537
 20
-97.79756348871145
 10
157.8060634445224
 20
-97.83174023438215
 10
157.7690748328192
 20
-97.86544833571432
 10
157.7316061464286
 20
-97.89915643704776
 10
157.6936802460483
 20
-97.93286453837737
 10
157.6552971316796
 20
-97.96610399537356
 10
157.6159767286338
 20
-97.99935488271603
 10
157.5766334648877
 20
-98.03212569537112
 10
157.5565160493757
 20
-98.04851681687373
 10
157.5363757731648
 20
-98.06442786368767
 10
157.5162354969526
 20
-98.08081898518898
 10
157.4066870252113
 20
-98.16789538937815
 10
157.2929321847706
 20
-98.25217135788233
 10
157.1749481149317
 20
-98.33316681601804
 10
157.0962844481398
 20
-98.3870151935624
 10
157.0162262786825
 20
-98.43944620774104
 10
156.9342935318697
 20
-98.49048271925288
 10
156.9342935318697
 20
-98.49048271925288
 10
156.9342935318697
 20
-98.49048271925288
 10
156.93383631788
 20
-98.49048271925288
 10
156.8519035710672
 20
-98.54105058642492
 10
156.7685534608913
 20
-98.5906697345723
 10
156.6838088480472
 20
-98.63842573571182
 10
156.6412193649792
 20
-98.66230373628477
 10
156.5981269465262
 20
-98.68571309251664
 10
156.5550573887708
 20
-98.70865380440867
 10
155.9585988795381
 20
-99.02655469089801
 10
155.2918894409148
 20
-99.27329022001344
 10
154.5727604184604
 20
-99.44417394836697
 10
154.5245243426296
 20
-99.45587862648289
 10
154.4767683414876
 20
-99.46664601592174
 10
154.4280750516684
 20
-99.47742483570815
 10
154.3335231987629
 20
-99.49802232591004
 10
154.2380111964813
 20
-99.51721388309376
 10
154.1424991941971
 20
-99.53453086292461
 10
154.1106542398703
 20
-99.5406232393269
 10
154.0788092855409
 20
-99.54623554103925
 10
154.0469871919143
 20
-99.55185927310558
 10
153.6607328140848
 20
-99.61974412010588
 10
153.26931191818
 20
-99.6642196108769
 10
152.8760393056212
 20
-99.68482853142764
 10
152.7074873686103
 20
-99.69372134351104
 10
152.5384782176097
 20
-99.69793914256047
 10
152.369469066609
 20
-99.69793914256047
 10
152.3249821454891
 20
-99.69793914256047
 10
152.2805180850683
 20
-99.69745906787053
 10
152.2360311639471
 20
-99.69700185388339
 10
152.1025932612827
 20
-99.69512727652796
 10
151.969178219321
 20
-99.69044083314256
 10
151.8361975306476
 20
-99.6834225984146
 10
151.747246549103
 20
-99.67873615502663
 10
151.6587527815506
 20
-99.67265520897317
 10
151.5698018000099
 20
-99.66515689955654
 10
151.3483502044805
 20
-99.64690263104862
 10
151.1268986089536
 20
-99.62115005312278
 10
150.907321590781
 20
-99.58791059612787
 10
150.8633147443472
 20
-99.58089236139735
 10
150.8193078979147
 20
-99.57386269631925
 10
150.7753010514835
 20
-99.56684446159
 10
150.7312713443521
 20
-99.55981479650934
 10
150.6872644979183
 20
-99.55185927310558
 10
150.6437377261758
 20
-99.54390374969796
 10
150.5997308797433
 20
-99.53640544027748
 10
150.5557011726106
 20
-99.52798127253389
 10
150.5121744008668
 20
-99.51955710478775
 10
150.4250751359799
 20
-99.50269733894531
 10
150.3379987317921
 20
-99.48444307043997
 10
150.2509223276042
 20
-99.46524008290612
 10
150.2209519506302
 20
-99.45915913685138
 10
150.1909815736575
 20
-99.45214090212342
 10
150.1610340573838
 20
-99.44511123704147
 10
150.1610340573838
 20
-99.44511123704147
 10
150.0889314113341
 20
-99.4998969032642
 10
150.0889314113341
 20
-99.4998969032642
 10
150.1362073377875
 20
-99.51112150669275
 10
150.1835061249386
 20
-99.52188889612903
 10
150.2303248374049
 20
-99.53266771591801
 10
150.2837045706094
 20
-99.54437239403522
 10
150.3366042291253
 20
-99.55607707215115
 10
150.3899611016322
 20
-99.56684446159
 10
150.4962633540528
 20
-99.58884788480752
 10
150.602999959763
 20
-99.60850808632978
 10
150.7097365654731
 20
-99.62723099917623
 10
150.8698529043903
 20
-99.6543895101164
 10
151.0304493179937
 20
-99.67779886634955
 10
151.191045731597
 20
-99.69745906787053
 10
151.2982624119958
 20
-99.7101010346661
 10
151.4054790923959
 20
-99.72134849879232
 10
151.5126957727947
 20
-99.73070995521556
 10
151.6053730483474
 20
-99.73866547862318
 10
151.6980960452967
 20
-99.74569514370255
 10
151.7907961815496
 20
-99.7513074454149
 10
151.7973343415889
 20
-99.7513074454149
 10
151.803895362331
 20
-99.75177608975343
 10
151.8104563830718
 20
-99.75224473409325
 10
151.8540060155146
 20
-99.75458795578595
 10
151.8975327872571
 20
-99.75691974712981
 10
151.9410824197012
 20
-99.75879432448525
 10
151.9888384208433
 20
-99.76113754617667
 10
152.0365944219853
 20
-99.76254347919357
 10
152.0843504231274
 20
-99.76394941220791
 10
152.1316263495796
 20
-99.7653553452248
 10
152.1793823507216
 20
-99.7662926339006
 10
152.2266811378753
 20
-99.76722992258024
 10
152.2744142783158
 20
-99.76768713656737
 10
152.3221931401569
 20
-99.76816721125476
 10
152.369469066609
 20
-99.76816721125476
 10
152.4551509681314
 20
-99.76816721125476
 10
152.5403527949638
 20
-99.76722992258024
 10
152.6260346964849
 20
-99.76488670088627
 10
152.6307211398716
 20
-99.76488670088627
 10
152.6358647972467
 20
-99.76441805654773
 10
152.6405512406334
 20
-99.76441805654773
 10
152.8058112369244
 20
-99.75973161315976
 10
152.970614019227
 20
-99.7513074454149
 10
153.13495958754
 20
-99.73819683428464
 10
153.5755081265521
 20
-99.70355144427282
 10
154.0128104462436
 20
-99.63941575197826
 10
154.4430716705055
 20
-99.54577832705212
 10
154.5357718067571
 20
-99.5251694065001
 10
154.6284719430088
 20
-99.50363462762496
 10
154.7206920045705
 20
-99.48022527139182
 10
154.9051778490943
 20
-99.43387520326793
 10
155.0877662555664
 20
-99.38191283342657
 10
155.2689372986713
 20
-99.32384665683533
 10
155.3143615084683
 20
-99.3093415430383
 10
155.3597857182678
 20
-99.29435635455131
 10
155.404729853376
 20
-99.2793711660656
 10
155.4950753375849
 20
-99.2484749307634
 10
155.5845063938156
 20
-99.21664140678666
 10
155.6739374500463
 20
-99.1829333054545
 10
155.7184015104671
 20
-99.16607353961335
 10
155.7624083568996
 20
-99.14875655978379
 10
155.8068952780182
 20
-99.13142814960283
 10
156.0288269482363
 20
-99.04341445673788
 10
156.2469866030445
 20
-98.94555923276232
 10
156.460482675165
 20
-98.8369366193479
 10
156.5035522329191
 20
-98.8154018404702
 10
156.5461645766861
 20
-98.79292977291286
 10
156.5882968457644
 20
-98.77045770536066
 10
156.7577860714511
 20
-98.68056943514154
 10
156.9244634311079
 20
-98.5827142111647
 10
157.0864543473781
 20
-98.47690346378153
 10
157.1679298802024
 20
-98.42400380526564
 10
157.2479880496598
 20
-98.36921813904418
 10
157.3271089304413
 20
-98.31256932581742
 10
157.4057497365316
 20
-98.2554518682534
 10
157.4834761146464
 20
-98.19645983333521
 10
157.5602652040841
 20
-98.1355932210616
 10
157.7128832335808
 20
-98.01340278252594
 10
157.8608376803925
 20
-97.88230810155419
 10
158.0008137430975
 20
-97.74091467548725
 10
158.0532561876237
 20
-97.68847223095722
 10
158.1047613434754
 20
-97.63416663942571
 10
158.1548491359587
 20
-97.57798647053878
 10
158.1553292106487
 20
-97.57798647053878
 10
158.1553292106487
 20
-97.57798647053878
 10
158.1553292106487
 20
-97.57751782620024
 10
158.188568667641
 20
-97.54052921449829
 10
158.2213509106475
 20
-97.5026033141167
 10
158.2536302182651
 20
-97.46422019974798
 10
158.3023235080817
 20
-97.40662266749658
 10
158.3491422205492
 20
-97.34669334389747
 10
158.3950465050335
 20
-97.28583816197526
 10
158.4460715861953
 20
-97.21748467063513
 10
158.4957021646915
 20
-97.14677652724833
 10
158.5429780911449
 20
-97.07374802287165
 10
158.5790294141698
 20
-97.01802506797183
 10
158.6141434485176
 20
-96.96091904075794
 10
158.6473829055112
 20
-96.90239565017701
 10
158.7115300281559
 20
-96.79049252639412
 10
158.7695962047484
 20
-96.6748516782466
 10
158.8206212859088
 20
-96.55499303105479
 10
158.8407387014221
 20
-96.50723702991273
 10
158.8599416889572
 20
-96.4590123844334
 10
158.8777273131227
 20
-96.40986188062583
 10
158.8936612206369
 20
-96.36678089252159
 10
158.9081777647841
 20
-96.32324269042894
 10
158.9217570202542
 20
-96.27923584399518
 10
158.9320443350056
 20
-96.24832817834412
 10
158.940937147089
 20
-96.21696329870593
 10
158.949829959175
 20
-96.18559841906647
 10
158.9531218998949
 20
-96.17295645227217
 10
158.9568710546045
 20
-96.16031448548046
 10
158.9601401346254
 20
-96.14767251868874
 10
158.9671583693534
 20
-96.1219199407629
 10
158.9737193900955
 20
-96.09663600717431
 10
158.9798003361464
 20
-96.07136350393843
 10
158.9826122021789
 20
-96.05824146245803
 10
158.9854240682115
 20
-96.04559949566246
 10
158.988235934244
 20
-96.03250031488233
 10
158.988235934244
 20
-96.03250031488233
 10
159.0046041950463
 20
-95.95571122544463
 10
159.0046041950463
 20
-95.95571122544463
 10
159.0046041950463
 20
-95.95571122544463
 10
159.017726236528
 20
-95.87752763333889
 10
159.017726236528
 20
-95.87752763333889
 10
159.0355118606961
 20
-95.77406010764969
 10
159.0453419614579
 20
-95.66778071592927
 10
159.0509656935203
 20
-95.56945684761516
 10
159.0612530082718
 20
-95.36908281697504
 10
159.0537775595529
 20
-95.17056050299267
 10
159.0313054919968
 20
-94.97626741840344
 97
        0
 75
     2
 76
     1
 98
        0
  0
SPLINE
  5
CE
330
1F
100
AcDbEntity
  8
Capa 1
370
     0
100
AcDbSpline
210
0.0
220
0.0
230
1.0
 70
    11
 71
     3
 72
   587
 73
   583
 74
     0
 42
0.0000000001
 43
0.0000000001
 12
1.0
 22
0.0
 32
0.0
 13
1.0
 23
0.0
 33
0.0
 40
0.0
 40
0.0
 40
0.0
 40
0.0
 40
1.0
 40
1.0
 40
1.0
 40
2.0
 40
2.0
 40
2.0
 40
3.0
 40
3.0
 40
3.0
 40
4.0
 40
4.0
 40
4.0
 40
5.0
 40
5.0
 40
5.0
 40
6.0
 40
6.0
 40
6.0
 40
7.0
 40
7.0
 40
7.0
 40
8.0
 40
8.0
 40
8.0
 40
9.0
 40
9.0
 40
9.0
 40
10.0
 40
10.0
 40
10.0
 40
11.0
 40
11.0
 40
11.0
 40
12.0
 40
12.0
 40
12.0
 40
13.0
 40
13.0
 40
13.0
 40
14.0
 40
14.0
 40
14.0
 40
15.0
 40
15.0
 40
15.0
 40
16.0
 40
16.0
 40
16.0
 40
17.0
 40
17.0
 40
17.0
 40
18.0
 40
18.0
 40
18.0
 40
19.0
 40
19.0
 40
19.0
 40
20.0
 40
20.0
 40
20.0
 40
21.0
 40
21.0
 40
21.0
 40
22.0
 40
22.0
 40
22.0
 40
23.0
 40
23.0
 40
23.0
 40
24.0
 40
24.0
 40
24.0
 40
25.0
 40
25.0
 40
25.0
 40
26.0
 40
26.0
 40
26.0
 40
27.0
 40
27.0
 40
27.0
 40
28.0
 40
28.0
 40
28.0
 40
29.0
 40
29.0
 40
29.0
 40
30.0
 40
30.0
 40
30.0
 40
31.0
 40
31.0
 40
31.0
 40
32.0
 40
32.0
 40
32.0
 40
33.0
 40
33.0
 40
33.0
 40
34.0
 40
34.0
 40
34.0
 40
35.0
 40
35.0
 40
35.0
 40
36.0
 40
36.0
 40
36.0
 40
37.0
 40
37.0
 40
37.0
 40
38.0
 40
38.0
 40
38.0
 40
39.0
 40
39.0
 40
39.0
 40
40.0
 40
40.0
 40
40.0
 40
41.0
 40
41.0
 40
41.0
 40
42.0
 40
42.0
 40
42.0
 40
43.0
 40
43.0
 40
43.0
 40
44.0
 40
44.0
 40
44.0
 40
45.0
 40
45.0
 40
45.0
 40
46.0
 40
46.0
 40
46.0
 40
47.0
 40
47.0
 40
47.0
 40
48.0
 40
48.0
 40
48.0
 40
49.0
 40
49.0
 40
49.0
 40
50.0
 40
50.0
 40
50.0
 40
51.0
 40
51.0
 40
51.0
 40
52.0
 40
52.0
 40
52.0
 40
53.0
 40
53.0
 40
53.0
 40
54.0
 40
54.0
 40
54.0
 40
55.0
 40
55.0
 40
55.0
 40
56.0
 40
56.0
 40
56.0
 40
57.0
 40
57.0
 40
57.0
 40
58.0
 40
58.0
 40
58.0
 40
59.0
 40
59.0
 40
59.0
 40
60.0
 40
60.0
 40
60.0
 40
61.0
 40
61.0
 40
61.0
 40
62.0
 40
62.0
 40
62.0
 40
63.0
 40
63.0
 40
63.0
 40
64.0
 40
64.0
 40
64.0
 40
65.0
 40
65.0
 40
65.0
 40
66.0
 40
66.0
 40
66.0
 40
67.0
 40
67.0
 40
67.0
 40
68.0
 40
68.0
 40
68.0
 40
69.0
 40
69.0
 40
69.0
 40
70.0
 40
70.0
 40
70.0
 40
71.0
 40
71.0
 40
71.0
 40
72.0
 40
72.0
 40
72.0
 40
73.0
 40
73.0
 40
73.0
 40
74.0
 40
74.0
 40
74.0
 40
75.0
 40
75.0
 40
75.0
 40
76.0
 40
76.0
 40
76.0
 40
77.0
 40
77.0
 40
77.0
 40
78.0
 40
78.0
 40
78.0
 40
79.0
 40
79.0
 40
79.0
 40
80.0
 40
80.0
 40
80.0
 40
81.0
 40
81.0
 40
81.0
 40
82.0
 40
82.0
 40
82.0
 40
83.0
 40
83.0
 40
83.0
 40
84.0
 40
84.0
 40
84.0
 40
85.0
 40
85.0
 40
85.0
 40
86.0
 40
86.0
 40
86.0
 40
87.0
 40
87.0
 40
87.0
 40
88.0
 40
88.0
 40
88.0
 40
89.0
 40
89.0
 40
89.0
 40
90.0
 40
90.0
 40
90.0
 40
91.0
 40
91.0
 40
91.0
 40
92.0
 40
92.0
 40
92.0
 40
93.0
 40
93.0
 40
93.0
 40
94.0
 40
94.0
 40
94.0
 40
95.0
 40
95.0
 40
95.0
 40
96.0
 40
96.0
 40
96.0
 40
97.0
 40
97.0
 40
97.0
 40
98.0
 40
98.0
 40
98.0
 40
99.0
 40
99.0
 40
99.0
 40
100.0
 40
100.0
 40
100.0
 40
101.0
 40
101.0
 40
101.0
 40
102.0
 40
102.0
 40
102.0
 40
103.0
 40
103.0
 40
103.0
 40
104.0
 40
104.0
 40
104.0
 40
105.0
 40
105.0
 40
105.0
 40
106.0
 40
106.0
 40
106.0
 40
107.0
 40
107.0
 40
107.0
 40
108.0
 40
108.0
 40
108.0
 40
109.0
 40
109.0
 40
109.0
 40
110.0
 40
110.0
 40
110.0
 40
111.0
 40
111.0
 40
111.0
 40
112.0
 40
112.0
 40
112.0
 40
113.0
 40
113.0
 40
113.0
 40
114.0
 40
114.0
 40
114.0
 40
115.0
 40
115.0
 40
115.0
 40
116.0
 40
116.0
 40
116.0
 40
117.0
 40
117.0
 40
117.0
 40
118.0
 40
118.0
 40
118.0
 40
119.0
 40
119.0
 40
119.0
 40
120.0
 40
120.0
 40
120.0
 40
121.0
 40
121.0
 40
121.0
 40
122.0
 40
122.0
 40
122.0
 40
123.0
 40
123.0
 40
123.0
 40
124.0
 40
124.0
 40
124.0
 40
125.0
 40
125.0
 40
125.0
 40
126.0
 40
126.0
 40
126.0
 40
127.0
 40
127.0
 40
127.0
 40
128.0
 40
128.0
 40
128.0
 40
129.0
 40
129.0
 40
129.0
 40
130.0
 40
130.0
 40
130.0
 40
131.0
 40
131.0
 40
131.0
 40
132.0
 40
132.0
 40
132.0
 40
133.0
 40
133.0
 40
133.0
 40
134.0
 40
134.0
 40
134.0
 40
135.0
 40
135.0
 40
135.0
 40
136.0
 40
136.0
 40
136.0
 40
137.0
 40
137.0
 40
137.0
 40
138.0
 40
138.0
 40
138.0
 40
139.0
 40
139.0
 40
139.0
 40
140.0
 40
140.0
 40
140.0
 40
141.0
 40
141.0
 40
141.0
 40
142.0
 40
142.0
 40
142.0
 40
143.0
 40
143.0
 40
143.0
 40
144.0
 40
144.0
 40
144.0
 40
145.0
 40
145.0
 40
145.0
 40
146.0
 40
146.0
 40
146.0
 40
147.0
 40
147.0
 40
147.0
 40
148.0
 40
148.0
 40
148.0
 40
149.0
 40
149.0
 40
149.0
 40
150.0
 40
150.0
 40
150.0
 40
151.0
 40
151.0
 40
151.0
 40
152.0
 40
152.0
 40
152.0
 40
153.0
 40
153.0
 40
153.0
 40
154.0
 40
154.0
 40
154.0
 40
155.0
 40
155.0
 40
155.0
 40
156.0
 40
156.0
 40
156.0
 40
157.0
 40
157.0
 40
157.0
 40
158.0
 40
158.0
 40
158.0
 40
159.0
 40
159.0
 40
159.0
 40
160.0
 40
160.0
 40
160.0
 40
161.0
 40
161.0
 40
161.0
 40
162.0
 40
162.0
 40
162.0
 40
163.0
 40
163.0
 40
163.0
 40
164.0
 40
164.0
 40
164.0
 40
165.0
 40
165.0
 40
165.0
 40
166.0
 40
166.0
 40
166.0
 40
167.0
 40
167.0
 40
167.0
 40
168.0
 40
168.0
 40
168.0
 40
169.0
 40
169.0
 40
169.0
 40
170.0
 40
170.0
 40
170.0
 40
171.0
 40
171.0
 40
171.0
 40
172.0
 40
172.0
 40
172.0
 40
173.0
 40
173.0
 40
173.0
 40
174.0
 40
174.0
 40
174.0
 40
175.0
 40
175.0
 40
175.0
 40
176.0
 40
176.0
 40
176.0
 40
177.0
 40
177.0
 40
177.0
 40
178.0
 40
178.0
 40
178.0
 40
179.0
 40
179.0
 40
179.0
 40
180.0
 40
180.0
 40
180.0
 40
181.0
 40
181.0
 40
181.0
 40
182.0
 40
182.0
 40
182.0
 40
183.0
 40
183.0
 40
183.0
 40
184.0
 40
184.0
 40
184.0
 40
185.0
 40
185.0
 40
185.0
 40
186.0
 40
186.0
 40
186.0
 40
187.0
 40
187.0
 40
187.0
 40
188.0
 40
188.0
 40
188.0
 40
189.0
 40
189.0
 40
189.0
 40
190.0
 40
190.0
 40
190.0
 40
191.0
 40
191.0
 40
191.0
 40
192.0
 40
192.0
 40
192.0
 40
193.0
 40
193.0
 40
193.0
 40
194.0
 40
194.0
 40
194.0
 40
194.0
 10
144.6326768319016
 20
-88.04803526237923
 30
0.0
 10
143.9317906476037
 20
-88.04803526237923
 30
0.0
 10
143.2351336927028
 20
-88.1229497744602
 30
0.0
 10
142.5567424366619
 20
-88.27042414658443
 30
0.0
 10
142.46401943971
 20
-88.29102163678505
 30
0.0
 10
142.3713421641586
 20
-88.31255641566146
 30
0.0
 10
142.2795793165853
 20
-88.33596577189333
 30
0.0
 10
142.1873363943247
 20
-88.35890648378792
 30
0.0
 10
142.0955735467502
 20
-88.3837217730354
 30
0.0
 10
142.0038106991756
 20
-88.4099429952985
 30
0.0
 10
141.912505065592
 20
-88.43569557322434
 30
0.0
 10
141.8212222927062
 20
-88.46332272850432
 30
0.0
 10
141.7308539477971
 20
-88.4923443864511
 30
0.0
 10
141.5950842537914
 20
-88.53588258854374
 30
0.0
 10
141.459771773774
 20
-88.58270130100874
 30
0.0
 10
141.3263338711108
 20
-88.63326916818205
 30
0.0
 10
141.2818469499897
 20
-88.6501175036718
 30
0.0
 10
141.2373828895675
 20
-88.66697726951294
 30
0.0
 10
141.1928959684477
 20
-88.68477432403117
 30
0.0
 10
140.9274375264871
 20
-88.7901164270758
 30
0.0
 10
140.6661854532245
 20
-88.9104322882573
 30
0.0
 10
140.4119744753927
 20
-89.04574476827591
 30
0.0
 10
140.242005175016
 20
-89.13610168283483
 30
0.0
 10
140.0758078900479
 20
-89.23347683212046
 30
0.0
 10
139.9133597597881
 20
-89.33929900985376
 30
0.0
 10
139.8726219933765
 20
-89.36550880176672
 30
0.0
 10
139.8323414409534
 20
-89.39266731270946
 30
0.0
 10
139.7920837492305
 20
-89.41982582364963
 30
0.0
 10
139.752283271496
 20
-89.4474415485795
 30
0.0
 10
139.7120255797719
 20
-89.47506870386206
 30
0.0
 10
139.6727051767274
 20
-89.50362171746644
 30
0.0
 10
139.5940415099355
 20
-89.56075060538059
 30
0.0
 10
139.5163151318208
 20
-89.61927399596152
 30
0.0
 10
139.4395489030833
 20
-89.68060925257497
 30
0.0
 10
139.1338099087009
 20
-89.9249901296437
 30
0.0
 10
138.8482340512271
 20
-90.20544519044142
 30
0.0
 10
138.6052248161222
 20
-90.52989566732019
 30
0.0
 10
138.4385703171657
 20
-90.75322184020119
 30
0.0
 10
138.2915531590324
 20
-90.99808279196245
 30
0.0
 10
138.179650035247
 20
-91.26119801222906
 30
0.0
 10
138.1716945118407
 20
-91.27946371108582
 30
0.0
 10
138.1641962024227
 20
-91.29724933525522
 30
0.0
 10
138.1571779676922
 20
-91.31551503411198
 30
0.0
 10
138.142661423545
 20
-91.3515663571394
 30
0.0
 10
138.1286249540853
 20
-91.38855496884007
 30
0.0
 10
138.1155029126023
 20
-91.42506350585462
 30
0.0
 10
138.1089647525604
 20
-91.44379784904993
 30
0.0
 10
138.1024037318222
 20
-91.46205211755785
 30
0.0
 10
138.0963227857687
 20
-91.48077503040302
 30
0.0
 10
138.0794515895774
 20
-91.53040560889798
 30
0.0
 10
138.0640206174522
 20
-91.58003618739549
 30
0.0
 10
138.0499612872934
 20
-91.63060405456753
 30
0.0
 10
138.0363820318233
 20
-91.68162913573181
 30
0.0
 10
138.0223455623635
 20
-91.73172835856273
 30
0.0
 10
138.0120353869131
 20
-91.78370215875424
 30
0.0
 10
138.0120353869131
 20
-91.78370215875424
 30
0.0
 10
137.9951870514221
 20
-91.86047981784051
 30
0.0
 10
137.9951870514221
 20
-91.86047981784051
 30
0.0
 10
137.9951870514221
 20
-91.86047981784051
 30
0.0
 10
137.9820878706394
 20
-91.93819476560772
 30
0.0
 10
137.9820878706394
 20
-91.93819476560772
 30
0.0
 10
137.9685086151693
 20
-92.01592114371992
 30
0.0
 10
137.9600730170743
 20
-92.09504202450147
 30
0.0
 10
137.9539920710208
 20
-92.17183111393915
 30
0.0
 10
137.9521174936667
 20
-92.19711504752388
 30
0.0
 10
137.9507001303022
 20
-92.22238755076106
 30
0.0
 10
137.9493056276342
 20
-92.24673419567127
 30
0.0
 10
137.9478882642697
 20
-92.2757672839656
 30
0.0
 10
137.9464937616029
 20
-92.30478894191494
 30
0.0
 10
137.9455564729246
 20
-92.33382203020926
 30
0.0
 10
137.9413501042278
 20
-92.50470575856279
 30
0.0
 10
137.9497628416239
 20
-92.67372633991229
 30
0.0
 10
137.968965829159
 20
-92.83993505523183
 30
0.0
 10
138.0143900389559
 20
-93.22852122440516
 30
0.0
 10
138.1192520673132
 20
-93.5988645554207
 30
0.0
 10
138.2625200707368
 20
-93.94484981117716
 30
0.0
 10
138.4071825768273
 20
-94.29083506693364
 30
0.0
 10
138.5897709832967
 20
-94.61295375246728
 30
0.0
 10
138.7999979753989
 20
-94.91024571840461
 30
0.0
 10
139.2199718849093
 20
-95.50578979965914
 30
0.0
 10
139.7452650367668
 20
-96.00346722658543
 30
0.0
 10
140.3225434191607
 20
-96.40611272591751
 30
0.0
 10
140.8562721691144
 20
-96.77644462658421
 30
0.0
 10
141.4363624175422
 20
-97.0653238551255
 30
0.0
 10
142.0379874448463
 20
-97.2713216178281
 30
0.0
 10
142.089012526008
 20
-97.28910724199619
 30
0.0
 10
142.140037607171
 20
-97.30596700783734
 30
0.0
 10
142.1915427630202
 20
-97.32234669898982
 30
0.0
 10
142.1428494732023
 20
-97.29893734275797
 30
0.0
 10
142.0946362580718
 20
-97.27459069784646
 30
0.0
 10
142.046880256931
 20
-97.24978683895168
 30
0.0
 10
142.0464001822423
 20
-97.24931819461314
 30
0.0
 10
142.0459429682526
 20
-97.24931819461314
 30
0.0
 10
142.0454857542642
 20
-97.24931819461314
 30
0.0
 10
142.0445256048869
 20
-97.24884955027203
 30
0.0
 10
142.0440683908998
 20
-97.24838090593478
 30
0.0
 10
142.0431311022214
 20
-97.24791226159624
 30
0.0
 10
142.0159725912799
 20
-97.23386436178633
 30
0.0
 10
141.9883568663501
 20
-97.21934781763916
 30
0.0
 10
141.9616784300973
 20
-97.20529991782925
 30
0.0
 10
141.8858266293379
 20
-97.16457358176656
 30
0.0
 10
141.8109121172557
 20
-97.12290995702935
 30
0.0
 10
141.7369348938505
 20
-97.08029761326236
 30
0.0
 10
141.3291457371434
 20
-96.84339218490871
 30
0.0
 10
140.9489723053648
 20
-96.5676349978478
 30
0.0
 10
140.6043929826239
 20
-96.25770106511877
 30
0.0
 10
140.5837954924233
 20
-96.23896672192217
 30
0.0
 10
140.563198002224
 20
-96.22024380907699
 30
0.0
 10
140.5430577260118
 20
-96.2015094658804
 30
0.0
 10
140.5322903365742
 20
-96.19167936511992
 30
0.0
 10
140.5220030218227
 20
-96.18184926435815
 30
0.0
 10
140.5112127716849
 20
-96.17201916359895
 30
0.0
 10
140.4807851807225
 20
-96.14298607529949
 30
0.0
 10
140.4503575897614
 20
-96.113964417354
 30
0.0
 10
140.4203872127887
 20
-96.08493132906095
 30
0.0
 10
140.3899596218251
 20
-96.05544102677436
 30
0.0
 10
140.360469319541
 20
-96.0259392941402
 30
0.0
 10
140.3309790172583
 20
-95.99598034751507
 30
0.0
 10
140.3014887149743
 20
-95.9660214008938
 30
0.0
 10
140.2724556266774
 20
-95.93605102392237
 30
0.0
 10
140.2438797523702
 20
-95.90562343296128
 30
0.0
 10
140.1862936504663
 20
-95.84475682068637
 30
0.0
 10
140.1301249119295
 20
-95.78295291973566
 30
0.0
 10
140.0753506760582
 20
-95.72022316045802
 30
0.0
 10
139.7742981250624
 20
-95.37469511868868
 30
0.0
 10
139.5149206291553
 20
-94.99780219728243
 30
0.0
 10
139.3131292351494
 20
-94.59890585265738
 30
0.0
 10
139.2213663875761
 20
-94.41772337920354
 30
0.0
 10
139.1422455067959
 20
-94.2323116763553
 30
0.0
 10
139.076223806797
 20
-94.04409953781695
 30
0.0
 10
139.0565636052735
 20
-93.98793079928012
 30
0.0
 10
139.0382979064167
 20
-93.93127055570451
 30
0.0
 10
139.0209923569373
 20
-93.87462174248031
 30
0.0
 10
139.004121160746
 20
-93.81797292925356
 30
0.0
 10
138.9882101139321
 20
-93.76085547168954
 30
0.0
 10
138.9736935697836
 20
-93.7037380141255
 30
0.0
 10
138.9563651596039
 20
-93.63537309243269
 30
0.0
 10
138.9409113267797
 20
-93.56656238710286
 30
0.0
 10
138.9278121459957
 20
-93.49772882107278
 30
0.0
 10
138.9212511252562
 20
-93.46308343106226
 30
0.0
 10
138.915170179204
 20
-93.42890668539155
 30
0.0
 10
138.9095464471415
 20
-93.39426129538231
 30
0.0
 10
138.898321843713
 20
-93.32590780403962
 30
0.0
 10
138.889429031627
 20
-93.25708566836224
 30
0.0
 10
138.8823879361988
 20
-93.18920082135679
 30
0.0
 10
138.8692887554174
 20
-93.05576291869363
 30
0.0
 10
138.864145098041
 20
-92.92373094904865
 30
0.0
 10
138.8683514667403
 20
-92.79311634276556
 30
0.0
 10
138.8735179848144
 20
-92.64469325161667
 30
0.0
 10
138.8898862456167
 20
-92.49862481251063
 30
0.0
 10
138.9184621199239
 20
-92.35770003077837
 30
0.0
 10
138.9338930920492
 20
-92.28559738472737
 30
0.0
 10
138.9493469248747
 20
-92.22191890642507
 30
0.0
 10
138.9704244897627
 20
-92.15778321412924
 30
0.0
 10
138.9704244897627
 20
-92.15778321412924
 30
0.0
 10
138.9858783225895
 20
-92.11002721298846
 30
0.0
 10
138.9858783225895
 20
-92.11002721298846
 30
0.0
 10
138.9858783225895
 20
-92.11002721298846
 30
0.0
 10
139.0036639467576
 20
-92.06320850052346
 30
0.0
 10
139.0036639467576
 20
-92.06320850052346
 30
0.0
 10
139.0144313361952
 20
-92.03137497654416
 30
0.0
 10
139.0289478803449
 20
-92.00093595523293
 30
0.0
 10
139.0420470611263
 20
-91.97003971993458
 30
0.0
 10
139.1502010302022
 20
-91.72377283515641
 30
0.0
 10
139.3159411011819
 20
-91.49904072925979
 30
0.0
 10
139.5158579178311
 20
-91.29912391260937
 30
0.0
 10
139.7162548091702
 20
-91.0987384516204
 30
0.0
 10
139.9526801628338
 20
-90.92316827988148
 30
0.0
 10
140.208308504034
 20
-90.772882041726
 30
0.0
 10
140.2724556266774
 20
-90.73542478568424
 30
0.0
 10
140.3375171772988
 20
-90.69891624866841
 30
0.0
 10
140.4039960912848
 20
-90.66425942831032
 30
0.0
 10
140.4288228108837
 20
-90.65116024752889
 30
0.0
 10
140.4536495304813
 20
-90.6385182807346
 30
0.0
 10
140.4789106033683
 20
-90.6258763139416
 30
0.0
 10
140.5009254569347
 20
-90.61462884981536
 30
0.0
 10
140.5229174498021
 20
-90.60386146037652
 30
0.0
 10
140.5449323033672
 20
-90.59309407093895
 30
0.0
 10
140.5894192244884
 20
-90.57155929206125
 30
0.0
 10
140.6343633595966
 20
-90.55096180185936
 30
0.0
 10
140.6793074947074
 20
-90.53083295599856
 30
0.0
 10
140.7926051211584
 20
-90.48026508882525
 30
0.0
 10
140.9082573996535
 20
-90.43391502070135
 30
0.0
 10
141.0257613948025
 20
-90.39131410728193
 30
0.0
 10
141.2724969239166
 20
-90.3014144067127
 30
0.0
 10
141.5267307624499
 20
-90.22837447198589
 30
0.0
 10
141.7846908949913
 20
-90.17033115609492
 30
0.0
 10
141.8216795066933
 20
-90.16189555799735
 30
0.0
 10
141.8586681183965
 20
-90.15394003459103
 30
0.0
 10
141.8956567300984
 20
-90.1464417251731
 30
0.0
 10
141.9377889991781
 20
-90.13754891308842
 30
0.0
 10
141.9804013429437
 20
-90.12912474534484
 30
0.0
 10
142.0229908260105
 20
-90.12116922193465
 30
0.0
 10
142.0609167263908
 20
-90.11368234286815
 30
0.0
 10
142.0988426267698
 20
-90.10712132212731
 30
0.0
 10
142.1367685271501
 20
-90.10056030138519
 30
0.0
 10
142.2126203279094
 20
-90.08746112060506
 30
0.0
 10
142.2889293426597
 20
-90.07575644248656
 30
0.0
 10
142.3657184320961
 20
-90.06544626703742
 30
0.0
 10
142.5183364615929
 20
-90.04438013249954
 30
0.0
 10
142.6719146404683
 20
-90.02800044134706
 30
0.0
 10
142.8254699586428
 20
-90.01629576322985
 30
0.0
 10
142.8736831737732
 20
-90.01254660852153
 30
0.0
 10
142.921462035613
 20
-90.00926609815046
 30
0.0
 10
142.9696752507435
 20
-90.00692287645906
 30
0.0
 10
143.0651872530264
 20
-90.00131057474542
 30
0.0
 10
143.1606992553105
 20
-89.99803006437436
 30
0.0
 10
143.2562112575934
 20
-89.9961554870202
 30
0.0
 10
143.3039672587342
 20
-89.99521819834312
 30
0.0
 10
143.3517232598749
 20
-89.99476098435343
 30
0.0
 10
143.399479261017
 20
-89.99476098435343
 30
0.0
 10
143.399479261017
 20
-89.99476098435343
 30
0.0
 10
143.4022682663493
 20
-89.99476098435343
 30
0.0
 10
143.4022682663493
 20
-89.99476098435343
 30
0.0
 10
143.4392568780525
 20
-89.99476098435343
 30
0.0
 10
143.4762454897545
 20
-89.99521819834312
 30
0.0
 10
143.5132341014577
 20
-89.99569827303051
 30
0.0
 10
143.5240014908952
 20
-89.97228891679737
 30
0.0
 10
143.5343116663457
 20
-89.94933677455393
 30
0.0
 10
143.545536269773
 20
-89.92592741832335
 30
0.0
 10
143.5197951221985
 20
-89.92547020433365
 30
0.0
 10
143.4940311139226
 20
-89.9249901296437
 30
0.0
 10
143.4682899663468
 20
-89.9249901296437
 30
0.0
 10
143.4453606848037
 20
-89.9249901296437
 30
0.0
 10
143.4224085425615
 20
-89.92453291565657
 30
0.0
 10
143.399479261017
 20
-89.92453291565657
 30
0.0
 10
143.2051633157314
 20
-89.92453291565657
 30
0.0
 10
143.0099329424664
 20
-89.93201979472565
 30
0.0
 10
142.8198462265777
 20
-89.94653633887282
 30
0.0
 10
142.646630706881
 20
-89.95964695000565
 30
0.0
 10
142.4762041925159
 20
-89.9783698628521
 30
0.0
 10
142.308589544182
 20
-90.00271650775848
 30
0.0
 10
142.2004355751061
 20
-90.01817034058529
 30
0.0
 10
142.093698969396
 20
-90.03595596475338
 30
0.0
 10
141.9888140803385
 20
-90.05608481061546
 30
0.0
 10
141.950430965971
 20
-90.06358312003594
 30
0.0
 10
141.9120478516023
 20
-90.07106999910117
 30
0.0
 10
141.874121951222
 20
-90.0790255225075
 30
0.0
 10
141.8361960508417
 20
-90.08699247626524
 30
0.0
 10
141.7987273644498
 20
-90.09494799967156
 30
0.0
 10
141.7608243247698
 20
-90.10384081175626
 30
0.0
 10
141.6952598387619
 20
-90.11835735590341
 30
0.0
 10
141.6306555021288
 20
-90.13427983306877
 30
0.0
 10
141.5665083794841
 20
-90.1511281685585
 30
0.0
 10
141.5201697417078
 20
-90.1623642023359
 30
0.0
 10
141.4738082432338
 20
-90.17500616913019
 30
0.0
 10
141.4284068941333
 20
-90.18811678026044
 30
0.0
 10
141.3553669594065
 20
-90.20824562612509
 30
0.0
 10
141.2832643133555
 20
-90.23024904934005
 30
0.0
 10
141.2125790306715
 20
-90.2532011915822
 30
0.0
 10
141.1413908125973
 20
-90.27613047312668
 30
0.0
 10
141.0711627439004
 20
-90.30001990404978
 30
0.0
 10
141.0018948245835
 20
-90.32529240728309
 30
0.0
 10
140.964906212879
 20
-90.33840301841592
 30
0.0
 10
140.9283748151654
 20
-90.35245091822327
 30
0.0
 10
140.8923234921393
 20
-90.36649881803574
 30
0.0
 10
140.8197636320999
 20
-90.39459461765298
 30
0.0
 10
140.7481182000373
 20
-90.42408491993702
 30
0.0
 10
140.677432917352
 20
-90.45498115523667
 30
0.0
 10
140.5716107396187
 20
-90.5013312233644
 30
0.0
 10
140.4686232886182
 20
-90.55096180185936
 30
0.0
 10
140.3688820569383
 20
-90.60340424638811
 30
0.0
 10
140.3019459289627
 20
-90.6385182807346
 30
0.0
 10
140.2364043036512
 20
-90.67502681775173
 30
0.0
 10
140.1727372556965
 20
-90.71248407378965
 30
0.0
 10
140.0191590768224
 20
-90.80238377436017
 30
0.0
 10
139.8768283620745
 20
-90.89929027930981
 30
0.0
 10
139.7466824001325
 20
-91.00136330233352
 30
0.0
 10
139.6890962982287
 20
-91.0467760817816
 30
0.0
 10
139.63384198767
 20
-91.09312614990806
 30
0.0
 10
139.5809423291528
 20
-91.14088215105014
 30
0.0
 10
139.554241032201
 20
-91.16429150727943
 30
0.0
 10
139.5284998846253
 20
-91.18863815218964
 30
0.0
 10
139.503215951038
 20
-91.21298479709986
 30
0.0
 10
139.4910311982335
 20
-91.2251466892042
 30
0.0
 10
139.4784120921394
 20
-91.23733144201007
 30
0.0
 10
139.4662273393361
 20
-91.24949333411314
 30
0.0
 10
139.2480676845279
 20
-91.46767584962161
 30
0.0
 10
139.0837221162149
 20
-91.70083212326438
 30
0.0
 10
138.9774427244945
 20
-91.94288120899184
 30
0.0
 10
138.9736935697836
 20
-91.95083673239816
 30
0.0
 10
138.9704244897627
 20
-91.9588036861559
 30
0.0
 10
138.9666753350544
 20
-91.96722785390077
 30
0.0
 10
138.9563651596039
 20
-91.99016856579665
 30
0.0
 10
138.946077844855
 20
-92.01404656636576
 30
0.0
 10
138.9376422467588
 20
-92.03933049995177
 30
0.0
 10
138.9376422467588
 20
-92.03933049995177
 30
0.0
 10
138.9198566225894
 20
-92.08521192373969
 30
0.0
 10
138.9198566225894
 20
-92.08521192373969
 30
0.0
 10
138.9198566225894
 20
-92.08521192373969
 30
0.0
 10
138.919376547902
 20
-92.08661785675403
 30
0.0
 10
138.919376547902
 20
-92.08661785675403
 30
0.0
 10
138.919376547902
 20
-92.08661785675403
 30
0.0
 10
138.9189193339136
 20
-92.08849243410947
 30
0.0
 10
138.9189193339136
 20
-92.08849243410947
 30
0.0
 10
138.9189193339136
 20
-92.08849243410947
 30
0.0
 10
138.9189193339136
 20
-92.08896107844929
 30
0.0
 10
138.9189193339136
 20
-92.08896107844929
 30
0.0
 10
138.9189193339136
 20
-92.08896107844929
 30
0.0
 10
138.903465501088
 20
-92.13577979091173
 30
0.0
 10
138.903465501088
 20
-92.13577979091173
 30
0.0
 10
138.8992591323901
 20
-92.14935904638438
 30
0.0
 10
138.8945726890047
 20
-92.16339551584416
 30
0.0
 10
138.8908235342951
 20
-92.17697477131424
 30
0.0
 10
138.8870743795855
 20
-92.19055402678433
 30
0.0
 10
138.8833480855761
 20
-92.20460192659424
 30
0.0
 10
138.8795989308678
 20
-92.2177125377245
 30
0.0
 10
138.8767870648353
 20
-92.22847992716335
 30
0.0
 10
138.8739751988028
 20
-92.23877867226366
 30
0.0
 10
138.8711633327715
 20
-92.24907741736268
 30
0.0
 10
138.8678942527519
 20
-92.26406260584967
 30
0.0
 10
138.864145098041
 20
-92.27856771964927
 30
0.0
 10
138.8608531573224
 20
-92.2935529081337
 30
0.0
 10
138.8566467886243
 20
-92.31088131831467
 30
0.0
 10
138.8528976339148
 20
-92.32772965380697
 30
0.0
 10
138.8496285538938
 20
-92.34365213097104
 30
0.0
 10
138.8205954655982
 20
-92.4859828457189
 30
0.0
 10
138.8032899161175
 20
-92.63626908387181
 30
0.0
 10
138.7981233980434
 20
-92.79077312107414
 30
0.0
 10
138.7887505112714
 20
-93.08806508700889
 30
0.0
 10
138.8248246949952
 20
-93.40082231612443
 30
0.0
 10
138.9053400784422
 20
-93.72105499395379
 30
0.0
 10
138.9179820452352
 20
-93.77068557245002
 30
0.0
 10
138.9315613007053
 20
-93.81984750660772
 30
0.0
 10
138.9465350588435
 20
-93.86946665475382
 30
0.0
 10
138.9652808323889
 20
-93.93408242173832
 30
0.0
 10
138.9858783225895
 20
-93.99869818872025
 30
0.0
 10
139.0088076041327
 20
-94.06377116968933
 30
0.0
 10
139.0748293041302
 20
-94.25338924124073
 30
0.0
 10
139.155824762266
 20
-94.44347595713066
 30
0.0
 10
139.2503994758717
 20
-94.6307508069868
 30
0.0
 10
139.3229593359112
 20
-94.7740073800616
 30
0.0
 10
139.4030175053698
 20
-94.9154008061311
 30
0.0
 10
139.4901167702566
 20
-95.05398236617066
 30
0.0
 10
139.5247507299158
 20
-95.10922524637922
 30
0.0
 10
139.5608020529419
 20
-95.16401091260069
 30
0.0
 10
139.5982478786335
 20
-95.21831650413347
 30
0.0
 10
139.6169936521777
 20
-95.246412303752
 30
0.0
 10
139.6361737790138
 20
-95.27402802868187
 30
0.0
 10
139.6563140552235
 20
-95.30165518396058
 30
0.0
 10
139.6937598809164
 20
-95.35550356150496
 30
0.0
 10
139.7326230699725
 20
-95.40840322002084
 30
0.0
 10
139.7729036223956
 20
-95.46130287853671
 30
0.0
 10
139.82344862887
 20
-95.52779322287539
 30
0.0
 10
139.8758910733974
 20
-95.59380349252409
 30
0.0
 10
139.9302080952791
 20
-95.6588879038433
 30
0.0
 10
140.0383620643562
 20
-95.78903386578784
 30
0.0
 10
140.1535342681626
 20
-95.91592217805902
 30
0.0
 10
140.2752446320096
 20
-96.03998719394755
 30
0.0
 10
140.3361226746321
 20
-96.10179109490082
 30
0.0
 10
140.3988524339123
 20
-96.16312635151169
 30
0.0
 10
140.4629995565544
 20
-96.22352431944806
 30
0.0
 10
140.5627179275353
 20
-96.31668166968682
 30
0.0
 10
140.6652481645487
 20
-96.40658137025477
 30
0.0
 10
140.7705902675933
 20
-96.49365777444521
 30
0.0
 10
140.8253645034634
 20
-96.5395506285794
 30
0.0
 10
140.8810988887107
 20
-96.58401468900286
 30
0.0
 10
140.9377477019375
 20
-96.62756432144691
 30
0.0
 10
141.0159312940407
 20
-96.68796228937943
 30
0.0
 10
141.0955322495083
 20
-96.74742296863614
 30
0.0
 10
141.1769849216337
 20
-96.80454042620273
 30
0.0
 10
140.8988845128801
 20
-96.63692577786757
 30
0.0
 10
140.6353006482737
 20
-96.45105686102835
 30
0.0
 10
140.3885651191596
 20
-96.2492654670212
 30
0.0
 10
140.3880850444722
 20
-96.2492654670212
 30
0.0
 10
140.3871477557951
 20
-96.24832817834412
 30
0.0
 10
140.3866905418054
 20
-96.2473908896696
 30
0.0
 10
139.9596983975644
 20
-95.89859376788061
 30
0.0
 10
139.5851486978508
 20
-95.5025092892868
 30
0.0
 10
139.279889778157
 20
-95.07271670936595
 30
0.0
 10
138.6155349915727
 20
-94.13821703743432
 30
0.0
 10
138.3233981133593
 20
-93.12178461869375
 30
0.0
 10
138.4572932300122
 20
-92.21068287264512
 30
0.0
 10
138.5762145885269
 20
-91.4030600826371
 30
0.0
 10
139.1544302595992
 20
-90.64178736075554
 30
0.0
 10
140.0851807768199
 20
-90.06825813306993
 30
0.0
 10
141.1587192227757
 20
-89.40624656817955
 30
0.0
 10
142.5337902944184
 20
-89.06071852641277
 30
0.0
 10
143.9538055011688
 20
-89.05416893602207
 30
0.0
 10
143.9819013007873
 20
-89.05370029167968
 30
0.0
 10
144.0099971004059
 20
-89.05370029167968
 30
0.0
 10
144.0380700393241
 20
-89.05416893602207
 30
0.0
 10
144.0427564827121
 20
-89.04668205695299
 30
0.0
 10
144.0479001400872
 20
-89.03918374753508
 30
0.0
 10
144.0535238721509
 20
-89.031696868466
 30
0.0
 10
144.0249708585427
 20
-89.03122822412618
 30
0.0
 10
143.9968750589242
 20
-89.03122822412618
 30
0.0
 10
143.9687792593056
 20
-89.031696868466
 30
0.0
 10
143.6841406905115
 20
-89.03263415714308
 30
0.0
 10
143.3999364750067
 20
-89.04807655961976
 30
0.0
 10
143.1171496228664
 20
-89.0771096479141
 30
0.0
 10
141.9644674354296
 20
-89.19509371775173
 30
0.0
 10
140.9115264796731
 20
-89.531248872749
 30
0.0
 10
140.0725388100269
 20
-90.04812928720914
 30
0.0
 10
139.1361645607437
 20
-90.6258763139416
 30
0.0
 10
138.5541997349605
 20
-91.39276133753808
 30
0.0
 10
138.4343410877687
 20
-92.20740236227535
 30
0.0
 10
138.2995086824401
 20
-93.12411641003632
 30
0.0
 10
138.5926057100295
 20
-94.14664120518175
 30
0.0
 10
139.2606867906219
 20
-95.08629596483604
 30
0.0
 10
139.5729639450462
 20
-95.52591864552123
 30
0.0
 10
139.9564293175434
 20
-95.92997007787021
 30
0.0
 10
140.394646065213
 20
-96.2848481457088
 30
0.0
 10
140.3951261399017
 20
-96.28531679004735
 30
0.0
 10
140.3955833538901
 20
-96.28578543438717
 30
0.0
 10
140.3965206425672
 20
-96.2862540787257
 30
0.0
 10
140.643713385671
 20
-96.48710818405193
 30
0.0
 10
140.9087146136419
 20
-96.67203981221536
 30
0.0
 10
141.1877523110726
 20
-96.83871717187216
 30
0.0
 10
140.901216304224
 20
-96.6945118797727
 30
0.0
 10
140.6254705475132
 20
-96.5311150304844
 30
0.0
 10
140.3623438968964
 20
-96.34852662401495
 30
0.0
 10
140.3192743391411
 20
-96.31855624704355
 30
0.0
 10
140.2766619953754
 20
-96.28812865607986
 30
0.0
 10
140.234529726297
 20
-96.25676377643912
 30
0.0
 10
140.1661762349556
 20
-96.20713319794417
 30
0.0
 10
140.099217246281
 20
-96.15609668643232
 30
0.0
 10
140.0336756209695
 20
-96.10366567225368
 30
0.0
 10
139.8567109465626
 20
-95.96366674884968
 30
0.0
 10
139.6895535122184
 20
-95.81619237672801
 30
0.0
 10
139.5322490393337
 20
-95.66169976987453
 30
0.0
 10
139.4376743257279
 20
-95.56945684761516
 30
0.0
 10
139.3473059808201
 20
-95.47442492001967
 30
0.0
 10
139.2602295766335
 20
-95.37656969604284
 30
0.0
 10
139.2597723626451
 20
-95.37656969604284
 30
0.0
 10
139.2597723626451
 20
-95.37656969604284
 30
0.0
 10
139.2597723626451
 20
-95.37610105170558
 30
0.0
 10
139.1857951392386
 20
-95.29323101621571
 30
0.0
 10
139.1141497071773
 20
-95.20848640337299
 30
0.0
 10
139.0462534298243
 20
-95.12186721317352
 30
0.0
 10
138.9802545905258
 20
-95.03947725237104
 30
0.0
 10
138.9175019705478
 20
-94.95566992820282
 30
0.0
 10
138.8571268633117
 20
-94.8699880266843
 30
0.0
 10
138.7316444840575
 20
-94.69254327758865
 30
0.0
 10
138.6188040715936
 20
-94.50948622677937
 30
0.0
 10
138.5195429146011
 20
-94.32268002125922
 30
0.0
 10
138.5017572904343
 20
-94.28944056426559
 30
0.0
 10
138.4844288802534
 20
-94.25665832126165
 30
0.0
 10
138.468060619451
 20
-94.22341886426803
 30
0.0
 10
138.468060619451
 20
-94.22295021992949
 30
0.0
 10
138.4675805447623
 20
-94.22295021992949
 30
0.0
 10
138.4675805447623
 20
-94.22295021992949
 30
0.0
 10
138.4474631292504
 20
-94.18269252820662
 30
0.0
 10
138.4277800670279
 20
-94.1424234061349
 30
0.0
 10
138.408599940193
 20
-94.10169707007091
 30
0.0
 10
138.3800469265861
 20
-94.04083045779858
 30
0.0
 10
138.3528884156446
 20
-93.97949520118513
 30
0.0
 10
138.3271244073686
 20
-93.91815994457298
 30
0.0
 10
138.3177743812968
 20
-93.89568787701819
 30
0.0
 10
138.3084014945235
 20
-93.87321580946342
 30
0.0
 10
138.2999887571274
 20
-93.85074374190864
 30
0.0
 10
138.2906158703554
 20
-93.82827167435258
 30
0.0
 10
138.2821802722604
 20
-93.80579960680036
 30
0.0
 10
138.2737446741641
 20
-93.78285889490577
 30
0.0
 10
138.1885428473317
 20
-93.55625221165371
 30
0.0
 10
138.1239385106986
 20
-93.32871967007085
 30
0.0
 10
138.0803888782558
 20
-93.10258163115863
 30
0.0
 10
138.0714960661711
 20
-93.05716885171053
 30
0.0
 10
138.0640206174522
 20
-93.01222471660097
 30
0.0
 10
138.0569795220239
 20
-92.96726915114257
 30
0.0
 10
138.0499612872934
 20
-92.92186780204332
 30
0.0
 10
138.0438803412412
 20
-92.87691223658236
 30
0.0
 10
138.0387366838649
 20
-92.83196810147409
 30
0.0
 10
138.0157845416227
 20
-92.63673772821035
 30
0.0
 10
138.0097035955692
 20
-92.44103871060807
 30
0.0
 10
138.0190764823439
 20
-92.25048335037958
 30
0.0
 10
138.0204709850094
 20
-92.22473077245631
 30
0.0
 10
138.0223455623635
 20
-92.19991548320627
 30
0.0
 10
138.0242201397177
 20
-92.17510019395752
 30
0.0
 10
138.0242201397177
 20
-92.17089382526079
 30
0.0
 10
138.0246773537074
 20
-92.16667602621521
 30
0.0
 10
138.0251574283948
 20
-92.16292687150434
 30
0.0
 10
138.0265519310628
 20
-92.1470158246904
 30
0.0
 10
138.0279464337283
 20
-92.13156199186487
 30
0.0
 10
138.0293637970928
 20
-92.11610815903934
 30
0.0
 10
138.032175663124
 20
-92.08708650109385
 30
0.0
 10
138.0354447431463
 20
-92.0589907014766
 30
0.0
 10
138.0391938978546
 20
-92.03183219053386
 30
0.0
 10
138.0410684752087
 20
-92.0154524993801
 30
0.0
 10
138.0434002665526
 20
-91.99953002221604
 30
0.0
 10
138.0457549185954
 20
-91.98407618939179
 30
0.0
 10
138.0476294959508
 20
-91.97237151127842
 30
0.0
 10
138.049504073305
 20
-91.96114690784988
 30
0.0
 10
138.0513557899602
 20
-91.94989944372236
 30
0.0
 10
138.0513557899602
 20
-91.94989944372236
 30
0.0
 10
138.0640206174522
 20
-91.87405907331316
 30
0.0
 10
138.0640206174522
 20
-91.87405907331316
 30
0.0
 10
138.0640206174522
 20
-91.87405907331316
 30
0.0
 10
138.0808689529445
 20
-91.79728141422432
 30
0.0
 10
138.0808689529445
 20
-91.79728141422432
 30
0.0
 10
138.087429973684
 20
-91.76543645989747
 30
0.0
 10
138.0949054224043
 20
-91.73500886893508
 30
0.0
 10
138.1033410204992
 20
-91.70316391460823
 30
0.0
 10
138.1061528865305
 20
-91.69239652516937
 30
0.0
 10
138.1089647525604
 20
-91.68162913573181
 30
0.0
 10
138.111753757894
 20
-91.67086174629297
 30
0.0
 10
138.111753757894
 20
-91.67086174629297
 30
0.0
 10
138.1122338325827
 20
-91.66946724362619
 30
0.0
 10
138.1122338325827
 20
-91.66946724362619
 30
0.0
 10
138.1122338325827
 20
-91.66946724362619
 30
0.0
 10
138.1173774899577
 20
-91.64932696741398
 30
0.0
 10
138.1173774899577
 20
-91.64932696741398
 30
0.0
 10
138.1365804774929
 20
-91.58050483173275
 30
0.0
 10
138.158572470359
 20
-91.5116826960528
 30
0.0
 10
138.1833991899566
 20
-91.44332920471267
 30
0.0
 10
138.1997903114592
 20
-91.39744778092475
 30
0.0
 10
138.2175759356273
 20
-91.35202357112526
 30
0.0
 10
138.2367789231611
 20
-91.30662222202857
 30
0.0
 10
138.2555018360063
 20
-91.26119801222906
 30
0.0
 10
138.2756192515195
 20
-91.21578523277968
 30
0.0
 10
138.2971540303959
 20
-91.17084109767141
 30
0.0
 10
138.3940833960459
 20
-90.9676437706525
 30
0.0
 10
138.5153365459032
 20
-90.7672697400111
 30
0.0
 10
138.6614164153593
 20
-90.57202793639979
 30
0.0
 10
138.7307071953791
 20
-90.47932780014817
 30
0.0
 10
138.8056217074626
 20
-90.38803359691343
 30
0.0
 10
138.8852226629303
 20
-90.29860254068274
 30
0.0
 10
138.9409113267797
 20
-90.2358727814038
 30
0.0
 10
138.9994347173593
 20
-90.17453752479292
 30
0.0
 10
139.0603127599831
 20
-90.11368234286815
 30
0.0
 10
139.0902831369558
 20
-90.08324332155692
 30
0.0
 10
139.121648016594
 20
-90.0528043002444
 30
0.0
 10
139.1530128962334
 20
-90.02284535362055
 30
0.0
 10
139.1848578505616
 20
-89.9928864069967
 30
0.0
 10
139.2166799441895
 20
-89.9629160300253
 30
0.0
 10
139.2494621871947
 20
-89.93342572773999
 30
0.0
 10
139.3243766992756
 20
-89.86600952507565
 30
0.0
 10
139.4020802166914
 20
-89.79998782507938
 30
0.0
 10
139.4830756748271
 20
-89.73538348844501
 30
0.0
 10
139.4830756748271
 20
-89.73538348844501
 30
0.0
 10
139.4835557495158
 20
-89.73538348844501
 30
0.0
 10
139.4835557495158
 20
-89.73538348844501
 30
0.0
 10
139.629155544282
 20
-89.61927399596152
 30
0.0
 10
139.7827337231574
 20
-89.50877680519166
 30
0.0
 10
139.9428500620733
 20
-89.40390334648556
 30
0.0
 10
139.9433072760618
 20
-89.40343470214832
 30
0.0
 10
139.9437873507504
 20
-89.40343470214832
 30
0.0
 10
139.9437873507504
 20
-89.40343470214832
 30
0.0
 10
140.0140154194473
 20
-89.3575532783604
 30
0.0
 10
140.0856379908096
 20
-89.31260914325341
 30
0.0
 10
140.1586779255377
 20
-89.2695281551466
 30
0.0
 10
140.2518352757778
 20
-89.21334798625966
 30
0.0
 10
140.3473472780606
 20
-89.15951103906413
 30
0.0
 10
140.4447338576977
 20
-89.10800588321501
 30
0.0
 10
140.564135290901
 20
-89.04433883525901
 30
0.0
 10
140.6867829434264
 20
-88.9834722229841
 30
0.0
 10
140.8118081086922
 20
-88.92541747674429
 30
0.0
 10
140.8824933913775
 20
-88.89264666408792
 30
0.0
 10
140.9536587487515
 20
-88.86080170975978
 30
0.0
 10
141.0262186087909
 20
-88.82990547446141
 30
0.0
 10
141.3464741473218
 20
-88.69272984743877
 30
0.0
 10
141.683097946655
 20
-88.5742771332626
 30
0.0
 10
142.0333010014596
 20
-88.47502740662026
 30
0.0
 10
142.1161710369495
 20
-88.45113797569844
 30
0.0
 10
142.1999783611164
 20
-88.42866590814624
 30
0.0
 10
142.2842428992731
 20
-88.40713112926726
 30
0.0
 10
142.3792976875662
 20
-88.38325312869557
 30
0.0
 10
142.4752669038388
 20
-88.3607810611408
 30
0.0
 10
142.5717161947987
 20
-88.33924628226438
 30
0.0
 10
143.245901082143
 20
-88.19269776846967
 30
0.0
 10
143.9397690317103
 20
-88.11826333107608
 30
0.0
 10
144.6326768319016
 20
-88.11826333107608
 30
0.0
 10
144.6326768319016
 20
-88.11826333107608
 30
0.0
 10
144.7061739806181
 20
-88.11826333107608
 30
0.0
 10
144.7061739806181
 20
-88.11826333107608
 30
0.0
 10
144.7061739806181
 20
-88.11826333107608
 30
0.0
 10
144.7057167666297
 20
-88.11873197541462
 30
0.0
 10
144.7057167666297
 20
-88.11873197541462
 30
0.0
 10
144.7384761489334
 20
-88.11873197541462
 30
0.0
 10
144.7712583919386
 20
-88.11920061975188
 30
0.0
 10
144.8035605602564
 20
-88.12013790842896
 30
0.0
 10
144.8265127024986
 20
-88.0967285521971
 30
0.0
 10
144.8499220587304
 20
-88.07378784030507
 30
0.0
 10
144.8733314149636
 20
-88.05130434240017
 30
0.0
 10
144.8733314149636
 20
-88.05130434240017
 30
0.0
 10
144.873788628952
 20
-88.05084712841176
 30
0.0
 10
144.873788628952
 20
-88.05084712841176
 30
0.0
 10
144.8485046953647
 20
-88.05037848407193
 30
0.0
 10
144.8232207617774
 20
-88.04990983973468
 30
0.0
 10
144.7979368281914
 20
-88.04944119539485
 30
0.0
 10
144.7427053783316
 20
-88.04850390671777
 30
0.0
 10
144.6879082817601
 20
-88.04803526237923
 30
0.0
 10
144.6326768319016
 20
-88.04803526237923
 30
0.0
  0
HATCH
  5
CF
330
1F
100
AcDbEntity
  8
Capa 1
 62
   255
100
AcDbHatch
 10
0.0
 20
0.0
 30
0.0
210
0.0
220
0.0
230
1.0
  2
SOLID
 70
     1
 71
     0
 91
        1
 92
        1
 93
        1
 72
     4
 94
        3
 73
     0
 74
     1
 95
      587
 96
      583
 40
0.0
 40
0.0
 40
0.0
 40
0.0
 40
1.0
 40
1.0
 40
1.0
 40
2.0
 40
2.0
 40
2.0
 40
3.0
 40
3.0
 40
3.0
 40
4.0
 40
4.0
 40
4.0
 40
5.0
 40
5.0
 40
5.0
 40
6.0
 40
6.0
 40
6.0
 40
7.0
 40
7.0
 40
7.0
 40
8.0
 40
8.0
 40
8.0
 40
9.0
 40
9.0
 40
9.0
 40
10.0
 40
10.0
 40
10.0
 40
11.0
 40
11.0
 40
11.0
 40
12.0
 40
12.0
 40
12.0
 40
13.0
 40
13.0
 40
13.0
 40
14.0
 40
14.0
 40
14.0
 40
15.0
 40
15.0
 40
15.0
 40
16.0
 40
16.0
 40
16.0
 40
17.0
 40
17.0
 40
17.0
 40
18.0
 40
18.0
 40
18.0
 40
19.0
 40
19.0
 40
19.0
 40
20.0
 40
20.0
 40
20.0
 40
21.0
 40
21.0
 40
21.0
 40
22.0
 40
22.0
 40
22.0
 40
23.0
 40
23.0
 40
23.0
 40
24.0
 40
24.0
 40
24.0
 40
25.0
 40
25.0
 40
25.0
 40
26.0
 40
26.0
 40
26.0
 40
27.0
 40
27.0
 40
27.0
 40
28.0
 40
28.0
 40
28.0
 40
29.0
 40
29.0
 40
29.0
 40
30.0
 40
30.0
 40
30.0
 40
31.0
 40
31.0
 40
31.0
 40
32.0
 40
32.0
 40
32.0
 40
33.0
 40
33.0
 40
33.0
 40
34.0
 40
34.0
 40
34.0
 40
35.0
 40
35.0
 40
35.0
 40
36.0
 40
36.0
 40
36.0
 40
37.0
 40
37.0
 40
37.0
 40
38.0
 40
38.0
 40
38.0
 40
39.0
 40
39.0
 40
39.0
 40
40.0
 40
40.0
 40
40.0
 40
41.0
 40
41.0
 40
41.0
 40
42.0
 40
42.0
 40
42.0
 40
43.0
 40
43.0
 40
43.0
 40
44.0
 40
44.0
 40
44.0
 40
45.0
 40
45.0
 40
45.0
 40
46.0
 40
46.0
 40
46.0
 40
47.0
 40
47.0
 40
47.0
 40
48.0
 40
48.0
 40
48.0
 40
49.0
 40
49.0
 40
49.0
 40
50.0
 40
50.0
 40
50.0
 40
51.0
 40
51.0
 40
51.0
 40
52.0
 40
52.0
 40
52.0
 40
53.0
 40
53.0
 40
53.0
 40
54.0
 40
54.0
 40
54.0
 40
55.0
 40
55.0
 40
55.0
 40
56.0
 40
56.0
 40
56.0
 40
57.0
 40
57.0
 40
57.0
 40
58.0
 40
58.0
 40
58.0
 40
59.0
 40
59.0
 40
59.0
 40
60.0
 40
60.0
 40
60.0
 40
61.0
 40
61.0
 40
61.0
 40
62.0
 40
62.0
 40
62.0
 40
63.0
 40
63.0
 40
63.0
 40
64.0
 40
64.0
 40
64.0
 40
65.0
 40
65.0
 40
65.0
 40
66.0
 40
66.0
 40
66.0
 40
67.0
 40
67.0
 40
67.0
 40
68.0
 40
68.0
 40
68.0
 40
69.0
 40
69.0
 40
69.0
 40
70.0
 40
70.0
 40
70.0
 40
71.0
 40
71.0
 40
71.0
 40
72.0
 40
72.0
 40
72.0
 40
73.0
 40
73.0
 40
73.0
 40
74.0
 40
74.0
 40
74.0
 40
75.0
 40
75.0
 40
75.0
 40
76.0
 40
76.0
 40
76.0
 40
77.0
 40
77.0
 40
77.0
 40
78.0
 40
78.0
 40
78.0
 40
79.0
 40
79.0
 40
79.0
 40
80.0
 40
80.0
 40
80.0
 40
81.0
 40
81.0
 40
81.0
 40
82.0
 40
82.0
 40
82.0
 40
83.0
 40
83.0
 40
83.0
 40
84.0
 40
84.0
 40
84.0
 40
85.0
 40
85.0
 40
85.0
 40
86.0
 40
86.0
 40
86.0
 40
87.0
 40
87.0
 40
87.0
 40
88.0
 40
88.0
 40
88.0
 40
89.0
 40
89.0
 40
89.0
 40
90.0
 40
90.0
 40
90.0
 40
91.0
 40
91.0
 40
91.0
 40
92.0
 40
92.0
 40
92.0
 40
93.0
 40
93.0
 40
93.0
 40
94.0
 40
94.0
 40
94.0
 40
95.0
 40
95.0
 40
95.0
 40
96.0
 40
96.0
 40
96.0
 40
97.0
 40
97.0
 40
97.0
 40
98.0
 40
98.0
 40
98.0
 40
99.0
 40
99.0
 40
99.0
 40
100.0
 40
100.0
 40
100.0
 40
101.0
 40
101.0
 40
101.0
 40
102.0
 40
102.0
 40
102.0
 40
103.0
 40
103.0
 40
103.0
 40
104.0
 40
104.0
 40
104.0
 40
105.0
 40
105.0
 40
105.0
 40
106.0
 40
106.0
 40
106.0
 40
107.0
 40
107.0
 40
107.0
 40
108.0
 40
108.0
 40
108.0
 40
109.0
 40
109.0
 40
109.0
 40
110.0
 40
110.0
 40
110.0
 40
111.0
 40
111.0
 40
111.0
 40
112.0
 40
112.0
 40
112.0
 40
113.0
 40
113.0
 40
113.0
 40
114.0
 40
114.0
 40
114.0
 40
115.0
 40
115.0
 40
115.0
 40
116.0
 40
116.0
 40
116.0
 40
117.0
 40
117.0
 40
117.0
 40
118.0
 40
118.0
 40
118.0
 40
119.0
 40
119.0
 40
119.0
 40
120.0
 40
120.0
 40
120.0
 40
121.0
 40
121.0
 40
121.0
 40
122.0
 40
122.0
 40
122.0
 40
123.0
 40
123.0
 40
123.0
 40
124.0
 40
124.0
 40
124.0
 40
125.0
 40
125.0
 40
125.0
 40
126.0
 40
126.0
 40
126.0
 40
127.0
 40
127.0
 40
127.0
 40
128.0
 40
128.0
 40
128.0
 40
129.0
 40
129.0
 40
129.0
 40
130.0
 40
130.0
 40
130.0
 40
131.0
 40
131.0
 40
131.0
 40
132.0
 40
132.0
 40
132.0
 40
133.0
 40
133.0
 40
133.0
 40
134.0
 40
134.0
 40
134.0
 40
135.0
 40
135.0
 40
135.0
 40
136.0
 40
136.0
 40
136.0
 40
137.0
 40
137.0
 40
137.0
 40
138.0
 40
138.0
 40
138.0
 40
139.0
 40
139.0
 40
139.0
 40
140.0
 40
140.0
 40
140.0
 40
141.0
 40
141.0
 40
141.0
 40
142.0
 40
142.0
 40
142.0
 40
143.0
 40
143.0
 40
143.0
 40
144.0
 40
144.0
 40
144.0
 40
145.0
 40
145.0
 40
145.0
 40
146.0
 40
146.0
 40
146.0
 40
147.0
 40
147.0
 40
147.0
 40
148.0
 40
148.0
 40
148.0
 40
149.0
 40
149.0
 40
149.0
 40
150.0
 40
150.0
 40
150.0
 40
151.0
 40
151.0
 40
151.0
 40
152.0
 40
152.0
 40
152.0
 40
153.0
 40
153.0
 40
153.0
 40
154.0
 40
154.0
 40
154.0
 40
155.0
 40
155.0
 40
155.0
 40
156.0
 40
156.0
 40
156.0
 40
157.0
 40
157.0
 40
157.0
 40
158.0
 40
158.0
 40
158.0
 40
159.0
 40
159.0
 40
159.0
 40
160.0
 40
160.0
 40
160.0
 40
161.0
 40
161.0
 40
161.0
 40
162.0
 40
162.0
 40
162.0
 40
163.0
 40
163.0
 40
163.0
 40
164.0
 40
164.0
 40
164.0
 40
165.0
 40
165.0
 40
165.0
 40
166.0
 40
166.0
 40
166.0
 40
167.0
 40
167.0
 40
167.0
 40
168.0
 40
168.0
 40
168.0
 40
169.0
 40
169.0
 40
169.0
 40
170.0
 40
170.0
 40
170.0
 40
171.0
 40
171.0
 40
171.0
 40
172.0
 40
172.0
 40
172.0
 40
173.0
 40
173.0
 40
173.0
 40
174.0
 40
174.0
 40
174.0
 40
175.0
 40
175.0
 40
175.0
 40
176.0
 40
176.0
 40
176.0
 40
177.0
 40
177.0
 40
177.0
 40
178.0
 40
178.0
 40
178.0
 40
179.0
 40
179.0
 40
179.0
 40
180.0
 40
180.0
 40
180.0
 40
181.0
 40
181.0
 40
181.0
 40
182.0
 40
182.0
 40
182.0
 40
183.0
 40
183.0
 40
183.0
 40
184.0
 40
184.0
 40
184.0
 40
185.0
 40
185.0
 40
185.0
 40
186.0
 40
186.0
 40
186.0
 40
187.0
 40
187.0
 40
187.0
 40
188.0
 40
188.0
 40
188.0
 40
189.0
 40
189.0
 40
189.0
 40
190.0
 40
190.0
 40
190.0
 40
191.0
 40
191.0
 40
191.0
 40
192.0
 40
192.0
 40
192.0
 40
193.0
 40
193.0
 40
193.0
 40
194.0
 40
194.0
 40
194.0
 40
194.0
 10
144.6326768319016
 20
-88.04803526237923
 10
143.9317906476037
 20
-88.04803526237923
 10
143.2351336927028
 20
-88.1229497744602
 10
142.5567424366619
 20
-88.27042414658443
 10
142.46401943971
 20
-88.29102163678505
 10
142.3713421641586
 20
-88.31255641566146
 10
142.2795793165853
 20
-88.33596577189333
 10
142.1873363943247
 20
-88.35890648378792
 10
142.0955735467502
 20
-88.3837217730354
 10
142.0038106991756
 20
-88.4099429952985
 10
141.912505065592
 20
-88.43569557322434
 10
141.8212222927062
 20
-88.46332272850432
 10
141.7308539477971
 20
-88.4923443864511
 10
141.5950842537914
 20
-88.53588258854374
 10
141.459771773774
 20
-88.58270130100874
 10
141.3263338711108
 20
-88.63326916818205
 10
141.2818469499897
 20
-88.6501175036718
 10
141.2373828895675
 20
-88.66697726951294
 10
141.1928959684477
 20
-88.68477432403117
 10
140.9274375264871
 20
-88.7901164270758
 10
140.6661854532245
 20
-88.9104322882573
 10
140.4119744753927
 20
-89.04574476827591
 10
140.242005175016
 20
-89.13610168283483
 10
140.0758078900479
 20
-89.23347683212046
 10
139.9133597597881
 20
-89.33929900985376
 10
139.8726219933765
 20
-89.36550880176672
 10
139.8323414409534
 20
-89.39266731270946
 10
139.7920837492305
 20
-89.41982582364963
 10
139.752283271496
 20
-89.4474415485795
 10
139.7120255797719
 20
-89.47506870386206
 10
139.6727051767274
 20
-89.50362171746644
 10
139.5940415099355
 20
-89.56075060538059
 10
139.5163151318208
 20
-89.61927399596152
 10
139.4395489030833
 20
-89.68060925257497
 10
139.1338099087009
 20
-89.9249901296437
 10
138.8482340512271
 20
-90.20544519044142
 10
138.6052248161222
 20
-90.52989566732019
 10
138.4385703171657
 20
-90.75322184020119
 10
138.2915531590324
 20
-90.99808279196245
 10
138.179650035247
 20
-91.26119801222906
 10
138.1716945118407
 20
-91.27946371108582
 10
138.1641962024227
 20
-91.29724933525522
 10
138.1571779676922
 20
-91.31551503411198
 10
138.142661423545
 20
-91.3515663571394
 10
138.1286249540853
 20
-91.38855496884007
 10
138.1155029126023
 20
-91.42506350585462
 10
138.1089647525604
 20
-91.44379784904993
 10
138.1024037318222
 20
-91.46205211755785
 10
138.0963227857687
 20
-91.48077503040302
 10
138.0794515895774
 20
-91.53040560889798
 10
138.0640206174522
 20
-91.58003618739549
 10
138.0499612872934
 20
-91.63060405456753
 10
138.0363820318233
 20
-91.68162913573181
 10
138.0223455623635
 20
-91.73172835856273
 10
138.0120353869131
 20
-91.78370215875424
 10
138.0120353869131
 20
-91.78370215875424
 10
137.9951870514221
 20
-91.86047981784051
 10
137.9951870514221
 20
-91.86047981784051
 10
137.9951870514221
 20
-91.86047981784051
 10
137.9820878706394
 20
-91.93819476560772
 10
137.9820878706394
 20
-91.93819476560772
 10
137.9685086151693
 20
-92.01592114371992
 10
137.9600730170743
 20
-92.09504202450147
 10
137.9539920710208
 20
-92.17183111393915
 10
137.9521174936667
 20
-92.19711504752388
 10
137.9507001303022
 20
-92.22238755076106
 10
137.9493056276342
 20
-92.24673419567127
 10
137.9478882642697
 20
-92.2757672839656
 10
137.9464937616029
 20
-92.30478894191494
 10
137.9455564729246
 20
-92.33382203020926
 10
137.9413501042278
 20
-92.50470575856279
 10
137.9497628416239
 20
-92.67372633991229
 10
137.968965829159
 20
-92.83993505523183
 10
138.0143900389559
 20
-93.22852122440516
 10
138.1192520673132
 20
-93.5988645554207
 10
138.2625200707368
 20
-93.94484981117716
 10
138.4071825768273
 20
-94.29083506693364
 10
138.5897709832967
 20
-94.61295375246728
 10
138.7999979753989
 20
-94.91024571840461
 10
139.2199718849093
 20
-95.50578979965914
 10
139.7452650367668
 20
-96.00346722658543
 10
140.3225434191607
 20
-96.40611272591751
 10
140.8562721691144
 20
-96.77644462658421
 10
141.4363624175422
 20
-97.0653238551255
 10
142.0379874448463
 20
-97.2713216178281
 10
142.089012526008
 20
-97.28910724199619
 10
142.140037607171
 20
-97.30596700783734
 10
142.1915427630202
 20
-97.32234669898982
 10
142.1428494732023
 20
-97.29893734275797
 10
142.0946362580718
 20
-97.27459069784646
 10
142.046880256931
 20
-97.24978683895168
 10
142.0464001822423
 20
-97.24931819461314
 10
142.0459429682526
 20
-97.24931819461314
 10
142.0454857542642
 20
-97.24931819461314
 10
142.0445256048869
 20
-97.24884955027203
 10
142.0440683908998
 20
-97.24838090593478
 10
142.0431311022214
 20
-97.24791226159624
 10
142.0159725912799
 20
-97.23386436178633
 10
141.9883568663501
 20
-97.21934781763916
 10
141.9616784300973
 20
-97.20529991782925
 10
141.8858266293379
 20
-97.16457358176656
 10
141.8109121172557
 20
-97.12290995702935
 10
141.7369348938505
 20
-97.08029761326236
 10
141.3291457371434
 20
-96.84339218490871
 10
140.9489723053648
 20
-96.5676349978478
 10
140.6043929826239
 20
-96.25770106511877
 10
140.5837954924233
 20
-96.23896672192217
 10
140.563198002224
 20
-96.22024380907699
 10
140.5430577260118
 20
-96.2015094658804
 10
140.5322903365742
 20
-96.19167936511992
 10
140.5220030218227
 20
-96.18184926435815
 10
140.5112127716849
 20
-96.17201916359895
 10
140.4807851807225
 20
-96.14298607529949
 10
140.4503575897614
 20
-96.113964417354
 10
140.4203872127887
 20
-96.08493132906095
 10
140.3899596218251
 20
-96.05544102677436
 10
140.360469319541
 20
-96.0259392941402
 10
140.3309790172583
 20
-95.99598034751507
 10
140.3014887149743
 20
-95.9660214008938
 10
140.2724556266774
 20
-95.93605102392237
 10
140.2438797523702
 20
-95.90562343296128
 10
140.1862936504663
 20
-95.84475682068637
 10
140.1301249119295
 20
-95.78295291973566
 10
140.0753506760582
 20
-95.72022316045802
 10
139.7742981250624
 20
-95.37469511868868
 10
139.5149206291553
 20
-94.99780219728243
 10
139.3131292351494
 20
-94.59890585265738
 10
139.2213663875761
 20
-94.41772337920354
 10
139.1422455067959
 20
-94.2323116763553
 10
139.076223806797
 20
-94.04409953781695
 10
139.0565636052735
 20
-93.98793079928012
 10
139.0382979064167
 20
-93.93127055570451
 10
139.0209923569373
 20
-93.87462174248031
 10
139.004121160746
 20
-93.81797292925356
 10
138.9882101139321
 20
-93.76085547168954
 10
138.9736935697836
 20
-93.7037380141255
 10
138.9563651596039
 20
-93.63537309243269
 10
138.9409113267797
 20
-93.56656238710286
 10
138.9278121459957
 20
-93.49772882107278
 10
138.9212511252562
 20
-93.46308343106226
 10
138.915170179204
 20
-93.42890668539155
 10
138.9095464471415
 20
-93.39426129538231
 10
138.898321843713
 20
-93.32590780403962
 10
138.889429031627
 20
-93.25708566836224
 10
138.8823879361988
 20
-93.18920082135679
 10
138.8692887554174
 20
-93.05576291869363
 10
138.864145098041
 20
-92.92373094904865
 10
138.8683514667403
 20
-92.79311634276556
 10
138.8735179848144
 20
-92.64469325161667
 10
138.8898862456167
 20
-92.49862481251063
 10
138.9184621199239
 20
-92.35770003077837
 10
138.9338930920492
 20
-92.28559738472737
 10
138.9493469248747
 20
-92.22191890642507
 10
138.9704244897627
 20
-92.15778321412924
 10
138.9704244897627
 20
-92.15778321412924
 10
138.9858783225895
 20
-92.11002721298846
 10
138.9858783225895
 20
-92.11002721298846
 10
138.9858783225895
 20
-92.11002721298846
 10
139.0036639467576
 20
-92.06320850052346
 10
139.0036639467576
 20
-92.06320850052346
 10
139.0144313361952
 20
-92.03137497654416
 10
139.0289478803449
 20
-92.00093595523293
 10
139.0420470611263
 20
-91.97003971993458
 10
139.1502010302022
 20
-91.72377283515641
 10
139.3159411011819
 20
-91.49904072925979
 10
139.5158579178311
 20
-91.29912391260937
 10
139.7162548091702
 20
-91.0987384516204
 10
139.9526801628338
 20
-90.92316827988148
 10
140.208308504034
 20
-90.772882041726
 10
140.2724556266774
 20
-90.73542478568424
 10
140.3375171772988
 20
-90.69891624866841
 10
140.4039960912848
 20
-90.66425942831032
 10
140.4288228108837
 20
-90.65116024752889
 10
140.4536495304813
 20
-90.6385182807346
 10
140.4789106033683
 20
-90.6258763139416
 10
140.5009254569347
 20
-90.61462884981536
 10
140.5229174498021
 20
-90.60386146037652
 10
140.5449323033672
 20
-90.59309407093895
 10
140.5894192244884
 20
-90.57155929206125
 10
140.6343633595966
 20
-90.55096180185936
 10
140.6793074947074
 20
-90.53083295599856
 10
140.7926051211584
 20
-90.48026508882525
 10
140.9082573996535
 20
-90.43391502070135
 10
141.0257613948025
 20
-90.39131410728193
 10
141.2724969239166
 20
-90.3014144067127
 10
141.5267307624499
 20
-90.22837447198589
 10
141.7846908949913
 20
-90.17033115609492
 10
141.8216795066933
 20
-90.16189555799735
 10
141.8586681183965
 20
-90.15394003459103
 10
141.8956567300984
 20
-90.1464417251731
 10
141.9377889991781
 20
-90.13754891308842
 10
141.9804013429437
 20
-90.12912474534484
 10
142.0229908260105
 20
-90.12116922193465
 10
142.0609167263908
 20
-90.11368234286815
 10
142.0988426267698
 20
-90.10712132212731
 10
142.1367685271501
 20
-90.10056030138519
 10
142.2126203279094
 20
-90.08746112060506
 10
142.2889293426597
 20
-90.07575644248656
 10
142.3657184320961
 20
-90.06544626703742
 10
142.5183364615929
 20
-90.04438013249954
 10
142.6719146404683
 20
-90.02800044134706
 10
142.8254699586428
 20
-90.01629576322985
 10
142.8736831737732
 20
-90.01254660852153
 10
142.921462035613
 20
-90.00926609815046
 10
142.9696752507435
 20
-90.00692287645906
 10
143.0651872530264
 20
-90.00131057474542
 10
143.1606992553105
 20
-89.99803006437436
 10
143.2562112575934
 20
-89.9961554870202
 10
143.3039672587342
 20
-89.99521819834312
 10
143.3517232598749
 20
-89.99476098435343
 10
143.399479261017
 20
-89.99476098435343
 10
143.399479261017
 20
-89.99476098435343
 10
143.4022682663493
 20
-89.99476098435343
 10
143.4022682663493
 20
-89.99476098435343
 10
143.4392568780525
 20
-89.99476098435343
 10
143.4762454897545
 20
-89.99521819834312
 10
143.5132341014577
 20
-89.99569827303051
 10
143.5240014908952
 20
-89.97228891679737
 10
143.5343116663457
 20
-89.94933677455393
 10
143.545536269773
 20
-89.92592741832335
 10
143.5197951221985
 20
-89.92547020433365
 10
143.4940311139226
 20
-89.9249901296437
 10
143.4682899663468
 20
-89.9249901296437
 10
143.4453606848037
 20
-89.9249901296437
 10
143.4224085425615
 20
-89.92453291565657
 10
143.399479261017
 20
-89.92453291565657
 10
143.2051633157314
 20
-89.92453291565657
 10
143.0099329424664
 20
-89.93201979472565
 10
142.8198462265777
 20
-89.94653633887282
 10
142.646630706881
 20
-89.95964695000565
 10
142.4762041925159
 20
-89.9783698628521
 10
142.308589544182
 20
-90.00271650775848
 10
142.2004355751061
 20
-90.01817034058529
 10
142.093698969396
 20
-90.03595596475338
 10
141.9888140803385
 20
-90.05608481061546
 10
141.950430965971
 20
-90.06358312003594
 10
141.9120478516023
 20
-90.07106999910117
 10
141.874121951222
 20
-90.0790255225075
 10
141.8361960508417
 20
-90.08699247626524
 10
141.7987273644498
 20
-90.09494799967156
 10
141.7608243247698
 20
-90.10384081175626
 10
141.6952598387619
 20
-90.11835735590341
 10
141.6306555021288
 20
-90.13427983306877
 10
141.5665083794841
 20
-90.1511281685585
 10
141.5201697417078
 20
-90.1623642023359
 10
141.4738082432338
 20
-90.17500616913019
 10
141.4284068941333
 20
-90.18811678026044
 10
141.3553669594065
 20
-90.20824562612509
 10
141.2832643133555
 20
-90.23024904934005
 10
141.2125790306715
 20
-90.2532011915822
 10
141.1413908125973
 20
-90.27613047312668
 10
141.0711627439004
 20
-90.30001990404978
 10
141.0018948245835
 20
-90.32529240728309
 10
140.964906212879
 20
-90.33840301841592
 10
140.9283748151654
 20
-90.35245091822327
 10
140.8923234921393
 20
-90.36649881803574
 10
140.8197636320999
 20
-90.39459461765298
 10
140.7481182000373
 20
-90.42408491993702
 10
140.677432917352
 20
-90.45498115523667
 10
140.5716107396187
 20
-90.5013312233644
 10
140.4686232886182
 20
-90.55096180185936
 10
140.3688820569383
 20
-90.60340424638811
 10
140.3019459289627
 20
-90.6385182807346
 10
140.2364043036512
 20
-90.67502681775173
 10
140.1727372556965
 20
-90.71248407378965
 10
140.0191590768224
 20
-90.80238377436017
 10
139.8768283620745
 20
-90.89929027930981
 10
139.7466824001325
 20
-91.00136330233352
 10
139.6890962982287
 20
-91.0467760817816
 10
139.63384198767
 20
-91.09312614990806
 10
139.5809423291528
 20
-91.14088215105014
 10
139.554241032201
 20
-91.16429150727943
 10
139.5284998846253
 20
-91.18863815218964
 10
139.503215951038
 20
-91.21298479709986
 10
139.4910311982335
 20
-91.2251466892042
 10
139.4784120921394
 20
-91.23733144201007
 10
139.4662273393361
 20
-91.24949333411314
 10
139.2480676845279
 20
-91.46767584962161
 10
139.0837221162149
 20
-91.70083212326438
 10
138.9774427244945
 20
-91.94288120899184
 10
138.9736935697836
 20
-91.95083673239816
 10
138.9704244897627
 20
-91.9588036861559
 10
138.9666753350544
 20
-91.96722785390077
 10
138.9563651596039
 20
-91.99016856579665
 10
138.946077844855
 20
-92.01404656636576
 10
138.9376422467588
 20
-92.03933049995177
 10
138.9376422467588
 20
-92.03933049995177
 10
138.9198566225894
 20
-92.08521192373969
 10
138.9198566225894
 20
-92.08521192373969
 10
138.9198566225894
 20
-92.08521192373969
 10
138.919376547902
 20
-92.08661785675403
 10
138.919376547902
 20
-92.08661785675403
 10
138.919376547902
 20
-92.08661785675403
 10
138.9189193339136
 20
-92.08849243410947
 10
138.9189193339136
 20
-92.08849243410947
 10
138.9189193339136
 20
-92.08849243410947
 10
138.9189193339136
 20
-92.08896107844929
 10
138.9189193339136
 20
-92.08896107844929
 10
138.9189193339136
 20
-92.08896107844929
 10
138.903465501088
 20
-92.13577979091173
 10
138.903465501088
 20
-92.13577979091173
 10
138.8992591323901
 20
-92.14935904638438
 10
138.8945726890047
 20
-92.16339551584416
 10
138.8908235342951
 20
-92.17697477131424
 10
138.8870743795855
 20
-92.19055402678433
 10
138.8833480855761
 20
-92.20460192659424
 10
138.8795989308678
 20
-92.2177125377245
 10
138.8767870648353
 20
-92.22847992716335
 10
138.8739751988028
 20
-92.23877867226366
 10
138.8711633327715
 20
-92.24907741736268
 10
138.8678942527519
 20
-92.26406260584967
 10
138.864145098041
 20
-92.27856771964927
 10
138.8608531573224
 20
-92.2935529081337
 10
138.8566467886243
 20
-92.31088131831467
 10
138.8528976339148
 20
-92.32772965380697
 10
138.8496285538938
 20
-92.34365213097104
 10
138.8205954655982
 20
-92.4859828457189
 10
138.8032899161175
 20
-92.63626908387181
 10
138.7981233980434
 20
-92.79077312107414
 10
138.7887505112714
 20
-93.08806508700889
 10
138.8248246949952
 20
-93.40082231612443
 10
138.9053400784422
 20
-93.72105499395379
 10
138.9179820452352
 20
-93.77068557245002
 10
138.9315613007053
 20
-93.81984750660772
 10
138.9465350588435
 20
-93.86946665475382
 10
138.9652808323889
 20
-93.93408242173832
 10
138.9858783225895
 20
-93.99869818872025
 10
139.0088076041327
 20
-94.06377116968933
 10
139.0748293041302
 20
-94.25338924124073
 10
139.155824762266
 20
-94.44347595713066
 10
139.2503994758717
 20
-94.6307508069868
 10
139.3229593359112
 20
-94.7740073800616
 10
139.4030175053698
 20
-94.9154008061311
 10
139.4901167702566
 20
-95.05398236617066
 10
139.5247507299158
 20
-95.10922524637922
 10
139.5608020529419
 20
-95.16401091260069
 10
139.5982478786335
 20
-95.21831650413347
 10
139.6169936521777
 20
-95.246412303752
 10
139.6361737790138
 20
-95.27402802868187
 10
139.6563140552235
 20
-95.30165518396058
 10
139.6937598809164
 20
-95.35550356150496
 10
139.7326230699725
 20
-95.40840322002084
 10
139.7729036223956
 20
-95.46130287853671
 10
139.82344862887
 20
-95.52779322287539
 10
139.8758910733974
 20
-95.59380349252409
 10
139.9302080952791
 20
-95.6588879038433
 10
140.0383620643562
 20
-95.78903386578784
 10
140.1535342681626
 20
-95.91592217805902
 10
140.2752446320096
 20
-96.03998719394755
 10
140.3361226746321
 20
-96.10179109490082
 10
140.3988524339123
 20
-96.16312635151169
 10
140.4629995565544
 20
-96.22352431944806
 10
140.5627179275353
 20
-96.31668166968682
 10
140.6652481645487
 20
-96.40658137025477
 10
140.7705902675933
 20
-96.49365777444521
 10
140.8253645034634
 20
-96.5395506285794
 10
140.8810988887107
 20
-96.58401468900286
 10
140.9377477019375
 20
-96.62756432144691
 10
141.0159312940407
 20
-96.68796228937943
 10
141.0955322495083
 20
-96.74742296863614
 10
141.1769849216337
 20
-96.80454042620273
 10
140.8988845128801
 20
-96.63692577786757
 10
140.6353006482737
 20
-96.45105686102835
 10
140.3885651191596
 20
-96.2492654670212
 10
140.3880850444722
 20
-96.2492654670212
 10
140.3871477557951
 20
-96.24832817834412
 10
140.3866905418054
 20
-96.2473908896696
 10
139.9596983975644
 20
-95.89859376788061
 10
139.5851486978508
 20
-95.5025092892868
 10
139.279889778157
 20
-95.07271670936595
 10
138.6155349915727
 20
-94.13821703743432
 10
138.3233981133593
 20
-93.12178461869375
 10
138.4572932300122
 20
-92.21068287264512
 10
138.5762145885269
 20
-91.4030600826371
 10
139.1544302595992
 20
-90.64178736075554
 10
140.0851807768199
 20
-90.06825813306993
 10
141.1587192227757
 20
-89.40624656817955
 10
142.5337902944184
 20
-89.06071852641277
 10
143.9538055011688
 20
-89.05416893602207
 10
143.9819013007873
 20
-89.05370029167968
 10
144.0099971004059
 20
-89.05370029167968
 10
144.0380700393241
 20
-89.05416893602207
 10
144.0427564827121
 20
-89.04668205695299
 10
144.0479001400872
 20
-89.03918374753508
 10
144.0535238721509
 20
-89.031696868466
 10
144.0249708585427
 20
-89.03122822412618
 10
143.9968750589242
 20
-89.03122822412618
 10
143.9687792593056
 20
-89.031696868466
 10
143.6841406905115
 20
-89.03263415714308
 10
143.3999364750067
 20
-89.04807655961976
 10
143.1171496228664
 20
-89.0771096479141
 10
141.9644674354296
 20
-89.19509371775173
 10
140.9115264796731
 20
-89.531248872749
 10
140.0725388100269
 20
-90.04812928720914
 10
139.1361645607437
 20
-90.6258763139416
 10
138.5541997349605
 20
-91.39276133753808
 10
138.4343410877687
 20
-92.20740236227535
 10
138.2995086824401
 20
-93.12411641003632
 10
138.5926057100295
 20
-94.14664120518175
 10
139.2606867906219
 20
-95.08629596483604
 10
139.5729639450462
 20
-95.52591864552123
 10
139.9564293175434
 20
-95.92997007787021
 10
140.394646065213
 20
-96.2848481457088
 10
140.3951261399017
 20
-96.28531679004735
 10
140.3955833538901
 20
-96.28578543438717
 10
140.3965206425672
 20
-96.2862540787257
 10
140.643713385671
 20
-96.48710818405193
 10
140.9087146136419
 20
-96.67203981221536
 10
141.1877523110726
 20
-96.83871717187216
 10
140.901216304224
 20
-96.6945118797727
 10
140.6254705475132
 20
-96.5311150304844
 10
140.3623438968964
 20
-96.34852662401495
 10
140.3192743391411
 20
-96.31855624704355
 10
140.2766619953754
 20
-96.28812865607986
 10
140.234529726297
 20
-96.25676377643912
 10
140.1661762349556
 20
-96.20713319794417
 10
140.099217246281
 20
-96.15609668643232
 10
140.0336756209695
 20
-96.10366567225368
 10
139.8567109465626
 20
-95.96366674884968
 10
139.6895535122184
 20
-95.81619237672801
 10
139.5322490393337
 20
-95.66169976987453
 10
139.4376743257279
 20
-95.56945684761516
 10
139.3473059808201
 20
-95.47442492001967
 10
139.2602295766335
 20
-95.37656969604284
 10
139.2597723626451
 20
-95.37656969604284
 10
139.2597723626451
 20
-95.37656969604284
 10
139.2597723626451
 20
-95.37610105170558
 10
139.1857951392386
 20
-95.29323101621571
 10
139.1141497071773
 20
-95.20848640337299
 10
139.0462534298243
 20
-95.12186721317352
 10
138.9802545905258
 20
-95.03947725237104
 10
138.9175019705478
 20
-94.95566992820282
 10
138.8571268633117
 20
-94.8699880266843
 10
138.7316444840575
 20
-94.69254327758865
 10
138.6188040715936
 20
-94.50948622677937
 10
138.5195429146011
 20
-94.32268002125922
 10
138.5017572904343
 20
-94.28944056426559
 10
138.4844288802534
 20
-94.25665832126165
 10
138.468060619451
 20
-94.22341886426803
 10
138.468060619451
 20
-94.22295021992949
 10
138.4675805447623
 20
-94.22295021992949
 10
138.4675805447623
 20
-94.22295021992949
 10
138.4474631292504
 20
-94.18269252820662
 10
138.4277800670279
 20
-94.1424234061349
 10
138.408599940193
 20
-94.10169707007091
 10
138.3800469265861
 20
-94.04083045779858
 10
138.3528884156446
 20
-93.97949520118513
 10
138.3271244073686
 20
-93.91815994457298
 10
138.3177743812968
 20
-93.89568787701819
 10
138.3084014945235
 20
-93.87321580946342
 10
138.2999887571274
 20
-93.85074374190864
 10
138.2906158703554
 20
-93.82827167435258
 10
138.2821802722604
 20
-93.80579960680036
 10
138.2737446741641
 20
-93.78285889490577
 10
138.1885428473317
 20
-93.55625221165371
 10
138.1239385106986
 20
-93.32871967007085
 10
138.0803888782558
 20
-93.10258163115863
 10
138.0714960661711
 20
-93.05716885171053
 10
138.0640206174522
 20
-93.01222471660097
 10
138.0569795220239
 20
-92.96726915114257
 10
138.0499612872934
 20
-92.92186780204332
 10
138.0438803412412
 20
-92.87691223658236
 10
138.0387366838649
 20
-92.83196810147409
 10
138.0157845416227
 20
-92.63673772821035
 10
138.0097035955692
 20
-92.44103871060807
 10
138.0190764823439
 20
-92.25048335037958
 10
138.0204709850094
 20
-92.22473077245631
 10
138.0223455623635
 20
-92.19991548320627
 10
138.0242201397177
 20
-92.17510019395752
 10
138.0242201397177
 20
-92.17089382526079
 10
138.0246773537074
 20
-92.16667602621521
 10
138.0251574283948
 20
-92.16292687150434
 10
138.0265519310628
 20
-92.1470158246904
 10
138.0279464337283
 20
-92.13156199186487
 10
138.0293637970928
 20
-92.11610815903934
 10
138.032175663124
 20
-92.08708650109385
 10
138.0354447431463
 20
-92.0589907014766
 10
138.0391938978546
 20
-92.03183219053386
 10
138.0410684752087
 20
-92.0154524993801
 10
138.0434002665526
 20
-91.99953002221604
 10
138.0457549185954
 20
-91.98407618939179
 10
138.0476294959508
 20
-91.97237151127842
 10
138.049504073305
 20
-91.96114690784988
 10
138.0513557899602
 20
-91.94989944372236
 10
138.0513557899602
 20
-91.94989944372236
 10
138.0640206174522
 20
-91.87405907331316
 10
138.0640206174522
 20
-91.87405907331316
 10
138.0640206174522
 20
-91.87405907331316
 10
138.0808689529445
 20
-91.79728141422432
 10
138.0808689529445
 20
-91.79728141422432
 10
138.087429973684
 20
-91.76543645989747
 10
138.0949054224043
 20
-91.73500886893508
 10
138.1033410204992
 20
-91.70316391460823
 10
138.1061528865305
 20
-91.69239652516937
 10
138.1089647525604
 20
-91.68162913573181
 10
138.111753757894
 20
-91.67086174629297
 10
138.111753757894
 20
-91.67086174629297
 10
138.1122338325827
 20
-91.66946724362619
 10
138.1122338325827
 20
-91.66946724362619
 10
138.1122338325827
 20
-91.66946724362619
 10
138.1173774899577
 20
-91.64932696741398
 10
138.1173774899577
 20
-91.64932696741398
 10
138.1365804774929
 20
-91.58050483173275
 10
138.158572470359
 20
-91.5116826960528
 10
138.1833991899566
 20
-91.44332920471267
 10
138.1997903114592
 20
-91.39744778092475
 10
138.2175759356273
 20
-91.35202357112526
 10
138.2367789231611
 20
-91.30662222202857
 10
138.2555018360063
 20
-91.26119801222906
 10
138.2756192515195
 20
-91.21578523277968
 10
138.2971540303959
 20
-91.17084109767141
 10
138.3940833960459
 20
-90.9676437706525
 10
138.5153365459032
 20
-90.7672697400111
 10
138.6614164153593
 20
-90.57202793639979
 10
138.7307071953791
 20
-90.47932780014817
 10
138.8056217074626
 20
-90.38803359691343
 10
138.8852226629303
 20
-90.29860254068274
 10
138.9409113267797
 20
-90.2358727814038
 10
138.9994347173593
 20
-90.17453752479292
 10
139.0603127599831
 20
-90.11368234286815
 10
139.0902831369558
 20
-90.08324332155692
 10
139.121648016594
 20
-90.0528043002444
 10
139.1530128962334
 20
-90.02284535362055
 10
139.1848578505616
 20
-89.9928864069967
 10
139.2166799441895
 20
-89.9629160300253
 10
139.2494621871947
 20
-89.93342572773999
 10
139.3243766992756
 20
-89.86600952507565
 10
139.4020802166914
 20
-89.79998782507938
 10
139.4830756748271
 20
-89.73538348844501
 10
139.4830756748271
 20
-89.73538348844501
 10
139.4835557495158
 20
-89.73538348844501
 10
139.4835557495158
 20
-89.73538348844501
 10
139.629155544282
 20
-89.61927399596152
 10
139.7827337231574
 20
-89.50877680519166
 10
139.9428500620733
 20
-89.40390334648556
 10
139.9433072760618
 20
-89.40343470214832
 10
139.9437873507504
 20
-89.40343470214832
 10
139.9437873507504
 20
-89.40343470214832
 10
140.0140154194473
 20
-89.3575532783604
 10
140.0856379908096
 20
-89.31260914325341
 10
140.1586779255377
 20
-89.2695281551466
 10
140.2518352757778
 20
-89.21334798625966
 10
140.3473472780606
 20
-89.15951103906413
 10
140.4447338576977
 20
-89.10800588321501
 10
140.564135290901
 20
-89.04433883525901
 10
140.6867829434264
 20
-88.9834722229841
 10
140.8118081086922
 20
-88.92541747674429
 10
140.8824933913775
 20
-88.89264666408792
 10
140.9536587487515
 20
-88.86080170975978
 10
141.0262186087909
 20
-88.82990547446141
 10
141.3464741473218
 20
-88.69272984743877
 10
141.683097946655
 20
-88.5742771332626
 10
142.0333010014596
 20
-88.47502740662026
 10
142.1161710369495
 20
-88.45113797569844
 10
142.1999783611164
 20
-88.42866590814624
 10
142.2842428992731
 20
-88.40713112926726
 10
142.3792976875662
 20
-88.38325312869557
 10
142.4752669038388
 20
-88.3607810611408
 10
142.5717161947987
 20
-88.33924628226438
 10
143.245901082143
 20
-88.19269776846967
 10
143.9397690317103
 20
-88.11826333107608
 10
144.6326768319016
 20
-88.11826333107608
 10
144.6326768319016
 20
-88.11826333107608
 10
144.7061739806181
 20
-88.11826333107608
 10
144.7061739806181
 20
-88.11826333107608
 10
144.7061739806181
 20
-88.11826333107608
 10
144.7057167666297
 20
-88.11873197541462
 10
144.7057167666297
 20
-88.11873197541462
 10
144.7384761489334
 20
-88.11873197541462
 10
144.7712583919386
 20
-88.11920061975188
 10
144.8035605602564
 20
-88.12013790842896
 10
144.8265127024986
 20
-88.0967285521971
 10
144.8499220587304
 20
-88.07378784030507
 10
144.8733314149636
 20
-88.05130434240017
 10
144.8733314149636
 20
-88.05130434240017
 10
144.873788628952
 20
-88.05084712841176
 10
144.873788628952
 20
-88.05084712841176
 10
144.8485046953647
 20
-88.05037848407193
 10
144.8232207617774
 20
-88.04990983973468
 10
144.7979368281914
 20
-88.04944119539485
 10
144.7427053783316
 20
-88.04850390671777
 10
144.6879082817601
 20
-88.04803526237923
 10
144.6326768319016
 20
-88.04803526237923
 97
        0
 75
     2
 76
     1
 98
        0
  0
SPLINE
  5
D0
330
1F
100
AcDbEntity
  8
Capa 1
370
     0
100
AcDbSpline
210
0.0
220
0.0
230
1.0
 70
    11
 71
     3
 72
    62
 73
    58
 74
     0
 42
0.0000000001
 43
0.0000000001
 12
1.0
 22
0.0
 32
0.0
 13
1.0
 23
0.0
 33
0.0
 40
0.0
 40
0.0
 40
0.0
 40
0.0
 40
1.0
 40
1.0
 40
1.0
 40
2.0
 40
2.0
 40
2.0
 40
3.0
 40
3.0
 40
3.0
 40
4.0
 40
4.0
 40
4.0
 40
5.0
 40
5.0
 40
5.0
 40
6.0
 40
6.0
 40
6.0
 40
7.0
 40
7.0
 40
7.0
 40
8.0
 40
8.0
 40
8.0
 40
9.0
 40
9.0
 40
9.0
 40
10.0
 40
10.0
 40
10.0
 40
11.0
 40
11.0
 40
11.0
 40
12.0
 40
12.0
 40
12.0
 40
13.0
 40
13.0
 40
13.0
 40
14.0
 40
14.0
 40
14.0
 40
15.0
 40
15.0
 40
15.0
 40
16.0
 40
16.0
 40
16.0
 40
17.0
 40
17.0
 40
17.0
 40
18.0
 40
18.0
 40
18.0
 40
19.0
 40
19.0
 40
19.0
 40
19.0
 10
142.8767479518538
 20
-97.36926828460211
 30
0.0
 10
142.9830044828765
 20
-97.36926828460211
 30
0.0
 10
143.0828600180538
 20
-97.41064615059769
 30
0.0
 10
143.1579802764319
 20
-97.48577783932593
 30
0.0
 10
143.1954032414233
 20
-97.52318937396848
 30
0.0
 10
143.2244820511181
 20
-97.56656755116576
 30
0.0
 10
143.2444394417347
 20
-97.61471218419676
 30
0.0
 10
143.264373971651
 20
-97.66286824757918
 30
0.0
 10
143.2744784008056
 20
-97.71412193573704
 30
0.0
 10
143.2744784008056
 20
-97.7670101639028
 30
0.0
 10
143.2744784008056
 20
-97.78425856163416
 30
0.0
 10
143.2733582265329
 20
-97.80165555391204
 30
0.0
 10
143.2711178779862
 20
-97.81868677499868
 30
0.0
 10
143.264351110952
 20
-97.87044339854417
 30
0.0
 10
143.247868546651
 20
-97.9194681685029
 30
0.0
 10
143.2221273990766
 20
-97.96438944291349
 30
0.0
 10
143.207016476742
 20
-97.99077069007323
 30
0.0
 10
143.1887736385868
 20
-98.01549453652353
 30
0.0
 10
143.1679704020903
 20
-98.03785230058217
 30
0.0
 10
143.1471671655951
 20
-98.06021006463952
 30
0.0
 10
143.1238263914602
 20
-98.08015602490727
 30
0.0
 10
143.0985881792734
 20
-98.09716438529365
 30
0.0
 10
143.0985881792734
 20
-98.09716438529365
 30
0.0
 10
143.0875464614417
 20
-98.1046055429635
 30
0.0
 10
143.0875464614417
 20
-98.1046055429635
 30
0.0
 10
143.0875464614417
 20
-98.1046055429635
 30
0.0
 10
143.0820598935744
 20
-98.11674457436759
 30
0.0
 10
143.0820598935744
 20
-98.11674457436759
 30
0.0
 10
143.0820598935744
 20
-98.11674457436759
 30
0.0
 10
142.8890241474581
 20
-98.54486832323272
 30
0.0
 10
142.8890241474581
 20
-98.54486832323272
 30
0.0
 10
142.8868523810096
 20
-98.54968050046438
 30
0.0
 10
142.8820287734265
 20
-98.55278955559123
 30
0.0
 10
142.8767479518538
 20
-98.55278955559123
 30
0.0
 10
142.8714671302835
 20
-98.55278955559123
 30
0.0
 10
142.8666435227005
 20
-98.54968050046438
 30
0.0
 10
142.864471756252
 20
-98.54485689288259
 30
0.0
 10
142.864471756252
 20
-98.54485689288259
 30
0.0
 10
142.6714131494374
 20
-98.11674457436759
 30
0.0
 10
142.6714131494374
 20
-98.11674457436759
 30
0.0
 10
142.6714131494374
 20
-98.11674457436759
 30
0.0
 10
142.66592658157
 20
-98.1046055429635
 30
0.0
 10
142.66592658157
 20
-98.1046055429635
 30
0.0
 10
142.66592658157
 20
-98.1046055429635
 30
0.0
 10
142.6548848637384
 20
-98.09716438529365
 30
0.0
 10
142.6548848637384
 20
-98.09716438529365
 30
0.0
 10
142.6043169965638
 20
-98.06309051277024
 30
0.0
 10
142.5616132100009
 20
-98.01718622828335
 30
0.0
 10
142.5313685046341
 20
-97.96440087326619
 30
0.0
 10
142.497100316165
 20
-97.90458585316834
 30
0.0
 10
142.4789946422049
 20
-97.83632380462154
 30
0.0
 10
142.4789946422049
 20
-97.7670101639028
 30
0.0
 10
142.4789946422049
 20
-97.66077649357902
 30
0.0
 10
142.5203725082004
 20
-97.56089809770278
 30
0.0
 10
142.5954927665786
 20
-97.4857664089758
 30
0.0
 10
142.6706130249567
 20
-97.41064615059769
 30
0.0
 10
142.7705142815313
 20
-97.36926828460211
 30
0.0
 10
142.8767479518538
 20
-97.36926828460211
 30
0.0
  0
SPLINE
  5
D1
330
1F
100
AcDbEntity
  8
Capa 1
370
     0
100
AcDbSpline
210
0.0
220
0.0
230
1.0
 70
    11
 71
     3
 72
    23
 73
    19
 74
     0
 42
0.0000000001
 43
0.0000000001
 12
1.0
 22
0.0
 32
0.0
 13
1.0
 23
0.0
 33
0.0
 40
0.0
 40
0.0
 40
0.0
 40
0.0
 40
1.0
 40
1.0
 40
1.0
 40
2.0
 40
2.0
 40
2.0
 40
3.0
 40
3.0
 40
3.0
 40
4.0
 40
4.0
 40
4.0
 40
5.0
 40
5.0
 40
5.0
 40
6.0
 40
6.0
 40
6.0
 40
6.0
 10
142.8767479518538
 20
-97.97275645891156
 30
0.0
 10
142.9451014431964
 20
-97.97275645891156
 30
0.0
 10
143.0088599339509
 20
-97.93884261128352
 30
0.0
 10
143.0472659090186
 20
-97.8820452035128
 30
0.0
 10
143.0703094940592
 20
-97.84799419168708
 30
0.0
 10
143.0824942468638
 20
-97.80820514430403
 30
0.0
 10
143.0824942468638
 20
-97.7670101639028
 30
0.0
 10
143.0824942468638
 20
-97.73929156582562
 30
0.0
 10
143.0770305396967
 20
-97.71236166187902
 30
0.0
 10
143.0662860109555
 20
-97.68694056409404
 30
0.0
 10
143.0339381212411
 20
-97.6105972582985
 30
0.0
 10
142.9595265445464
 20
-97.56126386889402
 30
0.0
 10
142.8767479518538
 20
-97.56126386889402
 30
0.0
 10
142.7632903005061
 20
-97.56126386889402
 30
0.0
 10
142.6710016568469
 20
-97.65356394290403
 30
0.0
 10
142.6710016568469
 20
-97.7670101639028
 30
0.0
 10
142.6710016568469
 20
-97.88045638490028
 30
0.0
 10
142.7632903005061
 20
-97.97275645891156
 30
0.0
 10
142.8767479518538
 20
-97.97275645891156
 30
0.0
  0
SPLINE
  5
D2
330
1F
100
AcDbEntity
  8
Capa 1
370
     0
100
AcDbSpline
210
0.0
220
0.0
230
1.0
 70
    11
 71
     3
 72
    53
 73
    49
 74
     0
 42
0.0000000001
 43
0.0000000001
 12
1.0
 22
0.0
 32
0.0
 13
1.0
 23
0.0
 33
0.0
 40
0.0
 40
0.0
 40
0.0
 40
0.0
 40
1.0
 40
1.0
 40
1.0
 40
2.0
 40
2.0
 40
2.0
 40
3.0
 40
3.0
 40
3.0
 40
4.0
 40
4.0
 40
4.0
 40
5.0
 40
5.0
 40
5.0
 40
6.0
 40
6.0
 40
6.0
 40
7.0
 40
7.0
 40
7.0
 40
8.0
 40
8.0
 40
8.0
 40
9.0
 40
9.0
 40
9.0
 40
10.0
 40
10.0
 40
10.0
 40
11.0
 40
11.0
 40
11.0
 40
12.0
 40
12.0
 40
12.0
 40
13.0
 40
13.0
 40
13.0
 40
14.0
 40
14.0
 40
14.0
 40
15.0
 40
15.0
 40
15.0
 40
16.0
 40
16.0
 40
16.0
 40
16.0
 10
142.8767479518538
 20
-97.32244957213712
 30
0.0
 10
142.7580094789359
 20
-97.32244957213712
 30
0.0
 10
142.6463578228449
 20
-97.36869676711498
 30
0.0
 10
142.5623904737826
 20
-97.45266411617858
 30
0.0
 10
142.4784231247178
 20
-97.53663146524217
 30
0.0
 10
142.4321759297399
 20
-97.64826026063228
 30
0.0
 10
142.4321759297399
 20
-97.7670101639028
 30
0.0
 10
142.4321759297399
 20
-97.84448507432246
 30
0.0
 10
142.4524305094495
 20
-97.92078265872264
 30
0.0
 10
142.49074504172
 20
-97.98767306530164
 30
0.0
 10
142.5246931803959
 20
-98.04692799826249
 30
0.0
 10
142.5721519924449
 20
-98.09787306697588
 30
0.0
 10
142.6287322235722
 20
-98.13599328329937
 30
0.0
 10
142.6287322235722
 20
-98.13599328329937
 30
0.0
 10
142.8217908303881
 20
-98.56410560181438
 30
0.0
 10
142.8217908303881
 20
-98.56410560181438
 30
0.0
 10
142.8315294883514
 20
-98.58572039314168
 30
0.0
 10
142.8530414065289
 20
-98.59960826805366
 30
0.0
 10
142.8767479518538
 20
-98.59960826805366
 30
0.0
 10
142.9004544971799
 20
-98.59960826805366
 30
0.0
 10
142.9219664153574
 20
-98.58572039314168
 30
0.0
 10
142.9317050733207
 20
-98.56410560181438
 30
0.0
 10
142.9317050733207
 20
-98.56410560181438
 30
0.0
 10
143.1247408194396
 20
-98.13599328329937
 30
0.0
 10
143.1247408194396
 20
-98.13599328329937
 30
0.0
 10
143.1530423653514
 20
-98.11692745996321
 30
0.0
 10
143.1790578413212
 20
-98.09466113870431
 30
0.0
 10
143.2022385905582
 20
-98.06975440665838
 30
0.0
 10
143.2254193397965
 20
-98.04484767461116
 30
0.0
 10
143.2457653623033
 20
-98.01730053178207
 30
0.0
 10
143.2627508619907
 20
-97.98767306530164
 30
0.0
 10
143.2914867611933
 20
-97.93750526036739
 30
0.0
 10
143.3100496491418
 20
-97.8820452035128
 30
0.0
 10
143.317547958561
 20
-97.82476772105342
 30
0.0
 10
143.3200397748015
 20
-97.80567903701315
 30
0.0
 10
143.3212971132706
 20
-97.78638460668341
 30
0.0
 10
143.3212971132706
 20
-97.7670101639028
 30
0.0
 10
143.3212971132706
 20
-97.70764092744324
 30
0.0
 10
143.309729599351
 20
-97.65004339519184
 30
0.0
 10
143.2876918850857
 20
-97.5968008261824
 30
0.0
 10
143.2656313101201
 20
-97.54354682682283
 30
0.0
 10
143.2330776741085
 20
-97.49464779071037
 30
0.0
 10
143.1910825692304
 20
-97.45266411617858
 30
0.0
 10
143.1071380808658
 20
-97.36869676711498
 30
0.0
 10
142.9954864247741
 20
-97.32244957213712
 30
0.0
 10
142.8767479518538
 20
-97.32244957213712
 30
0.0
 10
142.8767479518538
 20
-97.32244957213712
 30
0.0
 10
142.8767479518538
 20
-97.32244957213712
 30
0.0
 10
142.8767479518538
 20
-97.32244957213712
 30
0.0
  0
SPLINE
  5
D3
330
1F
100
AcDbEntity
  8
Capa 1
370
     0
100
AcDbSpline
210
0.0
220
0.0
230
1.0
 70
    11
 71
     3
 72
    26
 73
    22
 74
     0
 42
0.0000000001
 43
0.0000000001
 12
1.0
 22
0.0
 32
0.0
 13
1.0
 23
0.0
 33
0.0
 40
0.0
 40
0.0
 40
0.0
 40
0.0
 40
1.0
 40
1.0
 40
1.0
 40
2.0
 40
2.0
 40
2.0
 40
3.0
 40
3.0
 40
3.0
 40
4.0
 40
4.0
 40
4.0
 40
5.0
 40
5.0
 40
5.0
 40
6.0
 40
6.0
 40
6.0
 40
7.0
 40
7.0
 40
7.0
 40
7.0
 10
142.8767479518538
 20
-97.92593774644529
 30
0.0
 10
142.7891000301813
 20
-97.92593774644529
 30
0.0
 10
142.71782036931
 20
-97.85464665522765
 30
0.0
 10
142.71782036931
 20
-97.7670101639028
 30
0.0
 10
142.71782036931
 20
-97.67937367257922
 30
0.0
 10
142.7891000301813
 20
-97.60808258135901
 30
0.0
 10
142.8767479518538
 20
-97.60808258135901
 30
0.0
 10
142.9424724627596
 20
-97.60808258135901
 30
0.0
 10
142.9990069724889
 20
-97.64818024818524
 30
0.0
 10
143.0231707318035
 20
-97.70520626295209
 30
0.0
 10
143.031217698007
 20
-97.72421493454019
 30
0.0
 10
143.0356755343988
 20
-97.74509818348501
 30
0.0
 10
143.0356755343988
 20
-97.7670101639028
 30
0.0
 10
143.0356755343988
 20
-97.79987241935761
 30
0.0
 10
143.0256625480427
 20
-97.83043717451383
 30
0.0
 10
143.0084941627584
 20
-97.85581255090086
 30
0.0
 10
142.9798954277535
 20
-97.89809341452442
 30
0.0
 10
142.9315221877264
 20
-97.92593774644529
 30
0.0
 10
142.8767479518538
 20
-97.92593774644529
 30
0.0
 10
142.8767479518538
 20
-97.92593774644529
 30
0.0
 10
142.8767479518538
 20
-97.92593774644529
 30
0.0
 10
142.8767479518538
 20
-97.92593774644529
 30
0.0
  0
HATCH
  5
D4
330
1F
100
AcDbEntity
  8
Capa 1
 62
   255
100
AcDbHatch
 10
0.0
 20
0.0
 30
0.0
210
0.0
220
0.0
230
1.0
  2
SOLID
 70
     1
 71
     0
 91
        4
 92
        1
 93
        1
 72
     4
 94
        3
 73
     0
 74
     1
 95
       53
 96
       49
 40
0.0
 40
0.0
 40
0.0
 40
0.0
 40
1.0
 40
1.0
 40
1.0
 40
2.0
 40
2.0
 40
2.0
 40
3.0
 40
3.0
 40
3.0
 40
4.0
 40
4.0
 40
4.0
 40
5.0
 40
5.0
 40
5.0
 40
6.0
 40
6.0
 40
6.0
 40
7.0
 40
7.0
 40
7.0
 40
8.0
 40
8.0
 40
8.0
 40
9.0
 40
9.0
 40
9.0
 40
10.0
 40
10.0
 40
10.0
 40
11.0
 40
11.0
 40
11.0
 40
12.0
 40
12.0
 40
12.0
 40
13.0
 40
13.0
 40
13.0
 40
14.0
 40
14.0
 40
14.0
 40
15.0
 40
15.0
 40
15.0
 40
16.0
 40
16.0
 40
16.0
 40
16.0
 10
142.8767479518538
 20
-97.32244957213712
 10
142.7580094789359
 20
-97.32244957213712
 10
142.6463578228449
 20
-97.36869676711498
 10
142.5623904737826
 20
-97.45266411617858
 10
142.4784231247178
 20
-97.53663146524217
 10
142.4321759297399
 20
-97.64826026063228
 10
142.4321759297399
 20
-97.7670101639028
 10
142.4321759297399
 20
-97.84448507432246
 10
142.4524305094495
 20
-97.92078265872264
 10
142.49074504172
 20
-97.98767306530164
 10
142.5246931803959
 20
-98.04692799826249
 10
142.5721519924449
 20
-98.09787306697588
 10
142.6287322235722
 20
-98.13599328329937
 10
142.6287322235722
 20
-98.13599328329937
 10
142.8217908303881
 20
-98.56410560181438
 10
142.8217908303881
 20
-98.56410560181438
 10
142.8315294883514
 20
-98.58572039314168
 10
142.8530414065289
 20
-98.59960826805366
 10
142.8767479518538
 20
-98.59960826805366
 10
142.9004544971799
 20
-98.59960826805366
 10
142.9219664153574
 20
-98.58572039314168
 10
142.9317050733207
 20
-98.56410560181438
 10
142.9317050733207
 20
-98.56410560181438
 10
143.1247408194396
 20
-98.13599328329937
 10
143.1247408194396
 20
-98.13599328329937
 10
143.1530423653514
 20
-98.11692745996321
 10
143.1790578413212
 20
-98.09466113870431
 10
143.2022385905582
 20
-98.06975440665838
 10
143.2254193397965
 20
-98.04484767461116
 10
143.2457653623033
 20
-98.01730053178207
 10
143.2627508619907
 20
-97.98767306530164
 10
143.2914867611933
 20
-97.93750526036739
 10
143.3100496491418
 20
-97.8820452035128
 10
143.317547958561
 20
-97.82476772105342
 10
143.3200397748015
 20
-97.80567903701315
 10
143.3212971132706
 20
-97.78638460668341
 10
143.3212971132706
 20
-97.7670101639028
 10
143.3212971132706
 20
-97.70764092744324
 10
143.309729599351
 20
-97.65004339519184
 10
143.2876918850857
 20
-97.5968008261824
 10
143.2656313101201
 20
-97.54354682682283
 10
143.2330776741085
 20
-97.49464779071037
 10
143.1910825692304
 20
-97.45266411617858
 10
143.1071380808658
 20
-97.36869676711498
 10
142.9954864247741
 20
-97.32244957213712
 10
142.8767479518538
 20
-97.32244957213712
 10
142.8767479518538
 20
-97.32244957213712
 10
142.8767479518538
 20
-97.32244957213712
 10
142.8767479518538
 20
-97.32244957213712
 97
        0
 92
        1
 93
        1
 72
     4
 94
        3
 73
     0
 74
     1
 95
       26
 96
       22
 40
0.0
 40
0.0
 40
0.0
 40
0.0
 40
1.0
 40
1.0
 40
1.0
 40
2.0
 40
2.0
 40
2.0
 40
3.0
 40
3.0
 40
3.0
 40
4.0
 40
4.0
 40
4.0
 40
5.0
 40
5.0
 40
5.0
 40
6.0
 40
6.0
 40
6.0
 40
7.0
 40
7.0
 40
7.0
 40
7.0
 10
142.8767479518538
 20
-97.92593774644529
 10
142.7891000301813
 20
-97.92593774644529
 10
142.71782036931
 20
-97.85464665522765
 10
142.71782036931
 20
-97.7670101639028
 10
142.71782036931
 20
-97.67937367257922
 10
142.7891000301813
 20
-97.60808258135901
 10
142.8767479518538
 20
-97.60808258135901
 10
142.9424724627596
 20
-97.60808258135901
 10
142.9990069724889
 20
-97.64818024818524
 10
143.0231707318035
 20
-97.70520626295209
 10
143.031217698007
 20
-97.72421493454019
 10
143.0356755343988
 20
-97.74509818348501
 10
143.0356755343988
 20
-97.7670101639028
 10
143.0356755343988
 20
-97.79987241935761
 10
143.0256625480427
 20
-97.83043717451383
 10
143.0084941627584
 20
-97.85581255090086
 10
142.9798954277535
 20
-97.89809341452442
 10
142.9315221877264
 20
-97.92593774644529
 10
142.8767479518538
 20
-97.92593774644529
 10
142.8767479518538
 20
-97.92593774644529
 10
142.8767479518538
 20
-97.92593774644529
 10
142.8767479518538
 20
-97.92593774644529
 97
        0
 92
        1
 93
        2
 72
     4
 94
        3
 73
     0
 74
     0
 95
       62
 96
       58
 40
0.0
 40
0.0
 40
0.0
 40
0.0
 40
0.3527777776895833
 40
0.3527777776895833
 40
0.3527777776895833
 40
0.7055555553791667
 40
0.7055555553791667
 40
0.7055555553791667
 40
1.05833333306875
 40
1.05833333306875
 40
1.05833333306875
 40
1.411111110758333
 40
1.411111110758333
 40
1.411111110758333
 40
1.763888888447917
 40
1.763888888447917
 40
1.763888888447917
 40
2.1166666661375
 40
2.1166666661375
 40
2.1166666661375
 40
2.469444443827083
 40
2.469444443827083
 40
2.469444443827083
 40
2.822222221516667
 40
2.822222221516667
 40
2.822222221516667
 40
3.17499999920625
 40
3.17499999920625
 40
3.17499999920625
 40
3.527777776895833
 40
3.527777776895833
 40
3.527777776895833
 40
3.880555554585417
 40
3.880555554585417
 40
3.880555554585417
 40
4.233333332275
 40
4.233333332275
 40
4.233333332275
 40
4.586111109964584
 40
4.586111109964584
 40
4.586111109964584
 40
4.938888887654167
 40
4.938888887654167
 40
4.938888887654167
 40
5.29166666534375
 40
5.29166666534375
 40
5.29166666534375
 40
5.644444443033334
 40
5.644444443033334
 40
5.644444443033334
 40
5.997222220722917
 40
5.997222220722917
 40
5.997222220722917
 40
6.349999998412501
 40
6.349999998412501
 40
6.349999998412501
 40
6.702777776102083
 40
6.702777776102083
 40
6.702777776102083
 40
6.702777776102083
 10
142.8767479518538
 20
-97.36926828460211
 10
142.9830044828765
 20
-97.36926828460211
 10
143.0828600180538
 20
-97.41064615059769
 10
143.1579802764319
 20
-97.48577783932593
 10
143.1954032414233
 20
-97.52318937396848
 10
143.2244820511181
 20
-97.56656755116576
 10
143.2444394417347
 20
-97.61471218419676
 10
143.264373971651
 20
-97.66286824757918
 10
143.2744784008056
 20
-97.71412193573704
 10
143.2744784008056
 20
-97.7670101639028
 10
143.2744784008056
 20
-97.78425856163416
 10
143.2733582265329
 20
-97.80165555391204
 10
143.2711178779862
 20
-97.81868677499868
 10
143.264351110952
 20
-97.87044339854417
 10
143.247868546651
 20
-97.9194681685029
 10
143.2221273990766
 20
-97.96438944291349
 10
143.207016476742
 20
-97.99077069007323
 10
143.1887736385868
 20
-98.01549453652353
 10
143.1679704020903
 20
-98.03785230058217
 10
143.1471671655951
 20
-98.06021006463952
 10
143.1238263914602
 20
-98.08015602490727
 10
143.0985881792734
 20
-98.09716438529365
 10
143.0985881792734
 20
-98.09716438529365
 10
143.0875464614417
 20
-98.1046055429635
 10
143.0875464614417
 20
-98.1046055429635
 10
143.0875464614417
 20
-98.1046055429635
 10
143.0820598935744
 20
-98.11674457436759
 10
143.0820598935744
 20
-98.11674457436759
 10
143.0820598935744
 20
-98.11674457436759
 10
142.8890241474581
 20
-98.54486832323272
 10
142.8890241474581
 20
-98.54486832323272
 10
142.8868523810096
 20
-98.54968050046438
 10
142.8820287734265
 20
-98.55278955559123
 10
142.8767479518538
 20
-98.55278955559123
 10
142.8714671302835
 20
-98.55278955559123
 10
142.8666435227005
 20
-98.54968050046438
 10
142.864471756252
 20
-98.54485689288259
 10
142.864471756252
 20
-98.54485689288259
 10
142.6714131494374
 20
-98.11674457436759
 10
142.6714131494374
 20
-98.11674457436759
 10
142.6714131494374
 20
-98.11674457436759
 10
142.66592658157
 20
-98.1046055429635
 10
142.66592658157
 20
-98.1046055429635
 10
142.66592658157
 20
-98.1046055429635
 10
142.6548848637384
 20
-98.09716438529365
 10
142.6548848637384
 20
-98.09716438529365
 10
142.6043169965638
 20
-98.06309051277024
 10
142.5616132100009
 20
-98.01718622828335
 10
142.5313685046341
 20
-97.96440087326619
 10
142.497100316165
 20
-97.90458585316834
 10
142.4789946422049
 20
-97.83632380462154
 10
142.4789946422049
 20
-97.7670101639028
 10
142.4789946422049
 20
-97.66077649357902
 10
142.5203725082004
 20
-97.56089809770278
 10
142.5954927665786
 20
-97.4857664089758
 10
142.6706130249567
 20
-97.41064615059769
 10
142.7705142815313
 20
-97.36926828460211
 10
142.8767479518538
 20
-97.36926828460211
 72
     1
 10
142.8767479518538
 20
-97.36926828460211
 11
142.8767479518538
 21
-97.36926828460211
 97
        0
 92
        1
 93
        2
 72
     4
 94
        3
 73
     0
 74
     0
 95
       23
 96
       19
 40
0.0
 40
0.0
 40
0.0
 40
0.0
 40
0.3527777776895833
 40
0.3527777776895833
 40
0.3527777776895833
 40
0.7055555553791667
 40
0.7055555553791667
 40
0.7055555553791667
 40
1.05833333306875
 40
1.05833333306875
 40
1.05833333306875
 40
1.411111110758333
 40
1.411111110758333
 40
1.411111110758333
 40
1.763888888447917
 40
1.763888888447917
 40
1.763888888447917
 40
2.1166666661375
 40
2.1166666661375
 40
2.1166666661375
 40
2.1166666661375
 10
142.8767479518538
 20
-97.97275645891156
 10
142.9451014431964
 20
-97.97275645891156
 10
143.0088599339509
 20
-97.93884261128352
 10
143.0472659090186
 20
-97.8820452035128
 10
143.0703094940592
 20
-97.84799419168708
 10
143.0824942468638
 20
-97.80820514430403
 10
143.0824942468638
 20
-97.7670101639028
 10
143.0824942468638
 20
-97.73929156582562
 10
143.0770305396967
 20
-97.71236166187902
 10
143.0662860109555
 20
-97.68694056409404
 10
143.0339381212411
 20
-97.6105972582985
 10
142.9595265445464
 20
-97.56126386889402
 10
142.8767479518538
 20
-97.56126386889402
 10
142.7632903005061
 20
-97.56126386889402
 10
142.6710016568469
 20
-97.65356394290403
 10
142.6710016568469
 20
-97.7670101639028
 10
142.6710016568469
 20
-97.88045638490028
 10
142.7632903005061
 20
-97.97275645891156
 10
142.8767479518538
 20
-97.97275645891156
 72
     1
 10
142.8767479518538
 20
-97.97275645891156
 11
142.8767479518538
 21
-97.97275645891156
 97
        0
 75
     2
 76
     1
 98
        0
  0
SPLINE
  5
D5
330
1F
100
AcDbEntity
  8
Capa 1
370
     0
100
AcDbSpline
210
0.0
220
0.0
230
1.0
 70
    11
 71
     3
 72
    17
 73
    13
 74
     0
 42
0.0000000001
 43
0.0000000001
 12
1.0
 22
0.0
 32
0.0
 13
1.0
 23
0.0
 33
0.0
 40
0.0
 40
0.0
 40
0.0
 40
0.0
 40
1.0
 40
1.0
 40
1.0
 40
2.0
 40
2.0
 40
2.0
 40
3.0
 40
3.0
 40
3.0
 40
4.0
 40
4.0
 40
4.0
 40
4.0
 10
143.2354502171363
 20
-98.71513207935716
 30
0.0
 10
143.2354502171363
 20
-98.73536819658331
 30
0.0
 10
143.0748491424737
 20
-98.75177281085162
 30
0.0
 10
142.876737676988
 20
-98.75177281085162
 30
0.0
 10
142.6786262115041
 20
-98.75177281085162
 30
0.0
 10
142.5180251368415
 20
-98.73536819658331
 30
0.0
 10
142.5180251368415
 20
-98.71513207935716
 30
0.0
 10
142.5180251368415
 20
-98.69489596213103
 30
0.0
 10
142.6786262115041
 20
-98.678491347864
 30
0.0
 10
142.876737676988
 20
-98.678491347864
 30
0.0
 10
143.0748491424737
 20
-98.678491347864
 30
0.0
 10
143.2354502171363
 20
-98.69489596213103
 30
0.0
 10
143.2354502171363
 20
-98.71513207935716
 30
0.0
  0
HATCH
  5
D6
330
1F
100
AcDbEntity
  8
Capa 1
 62
   255
100
AcDbHatch
 10
0.0
 20
0.0
 30
0.0
210
0.0
220
0.0
230
1.0
  2
SOLID
 70
     1
 71
     0
 91
        1
 92
        1
 93
        1
 72
     4
 94
        3
 73
     0
 74
     1
 95
       17
 96
       13
 40
0.0
 40
0.0
 40
0.0
 40
0.0
 40
1.0
 40
1.0
 40
1.0
 40
2.0
 40
2.0
 40
2.0
 40
3.0
 40
3.0
 40
3.0
 40
4.0
 40
4.0
 40
4.0
 40
4.0
 10
143.2354502171363
 20
-98.71513207935716
 10
143.2354502171363
 20
-98.73536819658331
 10
143.0748491424737
 20
-98.75177281085162
 10
142.876737676988
 20
-98.75177281085162
 10
142.6786262115041
 20
-98.75177281085162
 10
142.5180251368415
 20
-98.73536819658331
 10
142.5180251368415
 20
-98.71513207935716
 10
142.5180251368415
 20
-98.69489596213103
 10
142.6786262115041
 20
-98.678491347864
 10
142.876737676988
 20
-98.678491347864
 10
143.0748491424737
 20
-98.678491347864
 10
143.2354502171363
 20
-98.69489596213103
 10
143.2354502171363
 20
-98.71513207935716
 97
        0
 75
     2
 76
     1
 98
        0
  0
ENDSEC
  0
SECTION
  2
OBJECTS
  0
DICTIONARY
  5
C
330
0
100
AcDbDictionary
281
     1
  3
ACAD_GROUP
350
D
  3
ACAD_LAYOUT
350
1A
  3
ACAD_MATERIAL
350
3B
  3
ACAD_MLEADERSTYLE
350
FE
  3
ACAD_MLINESTYLE
350
17
  3
ACAD_PLOTSETTINGS
350
19
  3
ACAD_PLOTSTYLENAME
350
E
  3
ACAD_TABLESTYLE
350
FD
  3
ACAD_VISUALSTYLE
350
2A
  0
DICTIONARY
  5
D
102
{ACAD_REACTORS
330
C
102
}
330
C
100
AcDbDictionary
281
     1
  0
DICTIONARY
  5
1A
102
{ACAD_REACTORS
330
C
102
}
330
C
100
AcDbDictionary
281
     1
  3
Layout1
350
1E
  3
Layout2
350
26
  3
Model
350
22
  0
DICTIONARY
  5
3B
102
{ACAD_REACTORS
330
C
102
}
330
C
100
AcDbDictionary
281
     1
  3
ByBlock
350
3D
  3
ByLayer
350
3C
  3
Global
350
3E
  0
DICTIONARY
  5
FE
102
{ACAD_REACTORS
330
C
102
}
330
C
100
AcDbDictionary
281
     1
  0
DICTIONARY
  5
17
102
{ACAD_REACTORS
330
C
102
}
330
C
100
AcDbDictionary
281
     1
  3
Standard
350
18
  0
DICTIONARY
  5
19
102
{ACAD_REACTORS
330
C
102
}
330
C
100
AcDbDictionary
281
     1
  0
ACDBDICTIONARYWDFLT
  5
E
102
{ACAD_REACTORS
330
C
102
}
330
C
100
AcDbDictionary
281
     1
  3
Normal
350
F
100
AcDbDictionaryWithDefault
340
F
  0
DICTIONARY
  5
FD
102
{ACAD_REACTORS
330
C
102
}
330
C
100
AcDbDictionary
281
     1
  0
DICTIONARY
  5
2A
102
{ACAD_REACTORS
330
C
102
}
330
C
100
AcDbDictionary
281
     1
  3
2dWireframe
350
2F
  3
3D Hidden
350
31
  3
3dWireframe
350
30
  3
Basic
350
32
  3
Brighten
350
36
  3
ColorChange
350
3A
  3
Conceptual
350
34
  3
Dim
350
35
  3
Facepattern
350
39
  3
Flat
350
2B
  3
FlatWithEdges
350
2C
  3
Gouraud
350
2D
  3
GouraudWithEdges
350
2E
  3
Linepattern
350
38
  3
Realistic
350
33
  3
Thicken
350
37
  0
LAYOUT
  5
1E
102
{ACAD_REACTORS
330
1A
102
}
330
1A
100
AcDbPlotSettings
  1

  2
none_device
  4

  6

 40
0.0
 41
0.0
 42
0.0
 43
0.0
 44
0.0
 45
0.0
 46
0.0
 47
0.0
 48
0.0
 49
0.0
140
0.0
141
0.0
142
1.0
143
1.0
 70
   688
 72
     0
 73
     0
 74
     5
  7

 75
    16
 76
     0
 77
     2
 78
   300
147
1.0
148
0.0
149
0.0
100
AcDbLayout
  1
Layout1
 70
     1
 71
     1
 10
0.0
 20
0.0
 11
12.0
 21
9.0
 12
0.0
 22
0.0
 32
0.0
 14
1.000000000000000E+20
 24
1.000000000000000E+20
 34
1.000000000000000E+20
 15
-1.000000000000000E+20
 25
-1.000000000000000E+20
 35
-1.000000000000000E+20
146
0.0
 13
0.0
 23
0.0
 33
0.0
 16
1.0
 26
0.0
 36
0.0
 17
0.0
 27
1.0
 37
0.0
 76
     0
330
1B
  0
LAYOUT
  5
26
102
{ACAD_REACTORS
330
1A
102
}
330
1A
100
AcDbPlotSettings
  1

  2
none_device
  4

  6

 40
0.0
 41
0.0
 42
0.0
 43
0.0
 44
0.0
 45
0.0
 46
0.0
 47
0.0
 48
0.0
 49
0.0
140
0.0
141
0.0
142
1.0
143
1.0
 70
   688
 72
     0
 73
     0
 74
     5
  7

 75
    16
 76
     0
 77
     2
 78
   300
147
1.0
148
0.0
149
0.0
100
AcDbLayout
  1
Layout2
 70
     1
 71
     2
 10
0.0
 20
0.0
 11
0.0
 21
0.0
 12
0.0
 22
0.0
 32
0.0
 14
0.0
 24
0.0
 34
0.0
 15
0.0
 25
0.0
 35
0.0
146
0.0
 13
0.0
 23
0.0
 33
0.0
 16
1.0
 26
0.0
 36
0.0
 17
0.0
 27
1.0
 37
0.0
 76
     0
330
23
  0
LAYOUT
  5
22
102
{ACAD_REACTORS
330
1A
102
}
330
1A
100
AcDbPlotSettings
  1

  2
none_device
  4

  6

 40
0.0
 41
0.0
 42
0.0
 43
0.0
 44
0.0
 45
0.0
 46
0.0
 47
0.0
 48
0.0
 49
0.0
140
0.0
141
0.0
142
1.0
143
1.0
 70
  1712
 72
     0
 73
     0
 74
     0
  7

 75
     0
 76
     0
 77
     2
 78
   300
147
1.0
148
0.0
149
0.0
100
AcDbLayout
  1
Model
 70
     1
 71
     0
 10
0.0
 20
0.0
 11
12.0
 21
9.0
 12
0.0
 22
0.0
 32
0.0
 14
1.000000000000000E+20
 24
1.000000000000000E+20
 34
1.000000000000000E+20
 15
-1.000000000000000E+20
 25
-1.000000000000000E+20
 35
-1.000000000000000E+20
146
0.0
 13
0.0
 23
0.0
 33
0.0
 16
1.0
 26
0.0
 36
0.0
 17
0.0
 27
1.0
 37
0.0
 76
     0
330
1F
331
29
  0
MATERIAL
  5
3D
102
{ACAD_REACTORS
330
3B
102
}
102
{ACAD_XDICTIONARY
360
F9
102
}
330
3B
100
AcDbMaterial
  1
ByBlock
  0
MATERIAL
  5
3C
102
{ACAD_REACTORS
330
3B
102
}
102
{ACAD_XDICTIONARY
360
F7
102
}
330
3B
100
AcDbMaterial
  1
ByLayer
  0
MATERIAL
  5
3E
102
{ACAD_REACTORS
330
3B
102
}
102
{ACAD_XDICTIONARY
360
FB
102
}
330
3B
100
AcDbMaterial
  1
Global
  0
MLINESTYLE
  5
18
102
{ACAD_REACTORS
330
17
102
}
330
17
100
AcDbMlineStyle
  2
Standard
 70
     0
  3

 62
   256
 51
90.0
 52
90.0
 71
     2
 49
0.5
 62
   256
  6
BYLAYER
 49
-0.5
 62
   256
  6
BYLAYER
  0
ACDBPLACEHOLDER
  5
F
102
{ACAD_REACTORS
330
E
102
}
330
E
  0
VISUALSTYLE
  5
2F
102
{ACAD_REACTORS
330
2A
102
}
102
{ACAD_XDICTIONARY
360
DF
102
}
330
2A
100
AcDbVisualStyle
  2
2dWireframe
 70
     4
 71
     0
 72
     2
 73
     0
 90
        0
 40
-0.6
 41
-30.0
 62
     5
 63
     7
421
 16777215
 74
     1
 91
        4
 64
     7
 65
   257
 75
     1
175
     1
 42
1.0
 92
        0
 66
   257
 43
1.0
 76
     1
 77
     6
 78
     2
 67
     7
 79
     5
170
     0
171
     0
290
     0
174
     0
 93
        1
 44
0.0
173
     0
291
     0
 45
0.0
1001
ACAD
1000
AcDbSavedByObjectVersion
1070
     0
  0
VISUALSTYLE
  5
31
102
{ACAD_REACTORS
330
2A
102
}
102
{ACAD_XDICTIONARY
360
E3
102
}
330
2A
100
AcDbVisualStyle
  2
3D Hidden
 70
     6
 71
     1
 72
     2
 73
     2
 90
        0
 40
-0.6
 41
-30.0
 62
     5
 63
     7
421
 16777215
 74
     2
 91
        2
 64
     7
 65
   257
 75
     2
175
     1
 42
40.0
 92
        0
 66
   257
 43
1.0
 76
     1
 77
     6
 78
     2
 67
     7
 79
     3
170
     0
171
     0
290
     0
174
     0
 93
        1
 44
0.0
173
     0
291
     0
 45
0.0
1001
ACAD
1000
AcDbSavedByObjectVersion
1070
     0
  0
VISUALSTYLE
  5
30
102
{ACAD_REACTORS
330
2A
102
}
102
{ACAD_XDICTIONARY
360
E1
102
}
330
2A
100
AcDbVisualStyle
  2
3dWireframe
 70
     5
 71
     0
 72
     2
 73
     0
 90
        0
 40
-0.6
 41
-30.0
 62
     5
 63
     7
421
 16777215
 74
     1
 91
        4
 64
     7
 65
   257
 75
     1
175
     1
 42
1.0
 92
        0
 66
   257
 43
1.0
 76
     1
 77
     6
 78
     2
 67
     7
 79
     5
170
     0
171
     0
290
     0
174
     0
 93
        1
 44
0.0
173
     0
291
     0
 45
0.0
1001
ACAD
1000
AcDbSavedByObjectVersion
1070
     0
  0
VISUALSTYLE
  5
32
102
{ACAD_REACTORS
330
2A
102
}
102
{ACAD_XDICTIONARY
360
E5
102
}
330
2A
100
AcDbVisualStyle
  2
Basic
 70
     7
 71
     1
 72
     0
 73
     1
 90
        0
 40
-0.6
 41
-30.0
 62
     5
 63
     7
421
 16777215
 74
     0
 91
        4
 64
     7
 65
   257
 75
     1
175
     1
 42
1.0
 92
        8
 66
     7
 43
1.0
 76
     1
 77
     6
 78
     2
 67
     7
 79
     5
170
     0
171
     0
290
     0
174
     0
 93
        1
 44
0.0
173
     0
291
     1
 45
0.0
1001
ACAD
1000
AcDbSavedByObjectVersion
1070
     0
  0
VISUALSTYLE
  5
36
102
{ACAD_REACTORS
330
2A
102
}
102
{ACAD_XDICTIONARY
360
ED
102
}
330
2A
100
AcDbVisualStyle
  2
Brighten
 70
    12
 71
     2
 72
     2
 73
     0
 90
        0
 40
-0.6
 41
-30.0
 62
     5
 63
     7
421
 16777215
 74
     1
 91
        4
 64
     7
 65
   257
 75
     1
175
     1
 42
1.0
 92
        8
 66
     7
 43
1.0
 76
     1
 77
     6
 78
     2
 67
     7
 79
     5
170
     0
171
     0
290
     0
174
     0
 93
        1
 44
50.0
173
     0
291
     1
 45
0.0
1001
ACAD
1000
AcDbSavedByObjectVersion
1070
     0
  0
VISUALSTYLE
  5
3A
102
{ACAD_REACTORS
330
2A
102
}
102
{ACAD_XDICTIONARY
360
F5
102
}
330
2A
100
AcDbVisualStyle
  2
ColorChange
 70
    16
 71
     2
 72
     2
 73
     3
 90
        0
 40
-0.6
 41
-30.0
 62
     5
 63
     8
421
  8421504
 74
     1
 91
        4
 64
     7
 65
   257
 75
     1
175
     1
 42
1.0
 92
        8
 66
     8
424
  8421504
 43
1.0
 76
     1
 77
     6
 78
     2
 67
     7
 79
     5
170
     0
171
     0
290
     0
174
     0
 93
        1
 44
0.0
173
     0
291
     1
 45
0.0
1001
ACAD
1000
AcDbSavedByObjectVersion
1070
     0
  0
VISUALSTYLE
  5
34
102
{ACAD_REACTORS
330
2A
102
}
102
{ACAD_XDICTIONARY
360
E9
102
}
330
2A
100
AcDbVisualStyle
  2
Conceptual
 70
     9
 71
     3
 72
     2
 73
     0
 90
        0
 40
-0.6
 41
-30.0
 62
     5
 63
     7
421
 16777215
 74
     2
 91
        2
 64
     7
 65
   257
 75
     1
175
     1
 42
40.0
 92
        8
 66
     7
 43
1.0
 76
     1
 77
     6
 78
     2
 67
     7
 79
     3
170
     0
171
     0
290
     0
174
     0
 93
        1
 44
0.0
173
     0
291
     0
 45
0.0
1001
ACAD
1000
AcDbSavedByObjectVersion
1070
     0
  0
VISUALSTYLE
  5
35
102
{ACAD_REACTORS
330
2A
102
}
102
{ACAD_XDICTIONARY
360
EB
102
}
330
2A
100
AcDbVisualStyle
  2
Dim
 70
    11
 71
     2
 72
     2
 73
     0
 90
        0
 40
-0.6
 41
-30.0
 62
     5
 63
     7
421
 16777215
 74
     1
 91
        4
 64
     7
 65
   257
 75
     1
175
     1
 42
1.0
 92
        8
 66
     7
 43
1.0
 76
     1
 77
     6
 78
     2
 67
     7
 79
     5
170
     0
171
     0
290
     0
174
     0
 93
        1
 44
-50.0
173
     0
291
     1
 45
0.0
1001
ACAD
1000
AcDbSavedByObjectVersion
1070
     0
  0
VISUALSTYLE
  5
39
102
{ACAD_REACTORS
330
2A
102
}
102
{ACAD_XDICTIONARY
360
F3
102
}
330
2A
100
AcDbVisualStyle
  2
Facepattern
 70
    15
 71
     2
 72
     2
 73
     0
 90
        0
 40
-0.6
 41
-30.0
 62
     5
 63
     7
421
 16777215
 74
     1
 91
        4
 64
     7
 65
   257
 75
     1
175
     1
 42
1.0
 92
        8
 66
     7
 43
1.0
 76
     1
 77
     6
 78
     2
 67
     7
 79
     5
170
     0
171
     0
290
     0
174
     0
 93
        1
 44
0.0
173
     0
291
     1
 45
0.0
1001
ACAD
1000
AcDbSavedByObjectVersion
1070
     0
  0
VISUALSTYLE
  5
2B
102
{ACAD_REACTORS
330
2A
102
}
102
{ACAD_XDICTIONARY
360
D7
102
}
330
2A
100
AcDbVisualStyle
  2
Flat
 70
     0
 71
     2
 72
     1
 73
     1
 90
        2
 40
-0.6
 41
30.0
 62
     5
 63
     7
421
 16777215
 74
     0
 91
        4
 64
     7
 65
   257
 75
     1
175
     1
 42
1.0
 92
        8
 66
     7
 43
1.0
 76
     1
 77
     6
 78
     2
 67
     7
 79
     5
170
     0
171
     0
290
     0
174
     0
 93
       13
 44
0.0
173
     0
291
     1
 45
0.0
1001
ACAD
1000
AcDbSavedByObjectVersion
1070
     0
  0
VISUALSTYLE
  5
2C
102
{ACAD_REACTORS
330
2A
102
}
102
{ACAD_XDICTIONARY
360
D9
102
}
330
2A
100
AcDbVisualStyle
  2
FlatWithEdges
 70
     1
 71
     2
 72
     1
 73
     1
 90
        2
 40
-0.6
 41
30.0
 62
     5
 63
     7
421
 16777215
 74
     1
 91
        4
 64
     7
 65
   257
 75
     1
175
     1
 42
1.0
 92
        0
 66
   257
 43
1.0
 76
     1
 77
     6
 78
     2
 67
     7
 79
     5
170
     0
171
     0
290
     0
174
     0
 93
       13
 44
0.0
173
     0
291
     1
 45
0.0
1001
ACAD
1000
AcDbSavedByObjectVersion
1070
     0
  0
VISUALSTYLE
  5
2D
102
{ACAD_REACTORS
330
2A
102
}
102
{ACAD_XDICTIONARY
360
DB
102
}
330
2A
100
AcDbVisualStyle
  2
Gouraud
 70
     2
 71
     2
 72
     2
 73
     1
 90
        2
 40
-0.6
 41
30.0
 62
     5
 63
     7
421
 16777215
 74
     0
 91
        4
 64
     7
 65
   257
 75
     1
175
     1
 42
1.0
 92
        0
 66
     7
 43
1.0
 76
     1
 77
     6
 78
     2
 67
     7
 79
     5
170
     0
171
     0
290
     0
174
     0
 93
       13
 44
0.0
173
     0
291
     1
 45
0.0
1001
ACAD
1000
AcDbSavedByObjectVersion
1070
     0
  0
VISUALSTYLE
  5
2E
102
{ACAD_REACTORS
330
2A
102
}
102
{ACAD_XDICTIONARY
360
DD
102
}
330
2A
100
AcDbVisualStyle
  2
GouraudWithEdges
 70
     3
 71
     2
 72
     2
 73
     1
 90
        2
 40
-0.6
 41
30.0
 62
     5
 63
     7
421
 16777215
 74
     1
 91
        4
 64
     7
 65
   257
 75
     1
175
     1
 42
1.0
 92
        0
 66
   257
 43
1.0
 76
     1
 77
     6
 78
     2
 67
     7
 79
     5
170
     0
171
     0
290
     0
174
     0
 93
       13
 44
0.0
173
     0
291
     1
 45
0.0
1001
ACAD
1000
AcDbSavedByObjectVersion
1070
     0
  0
VISUALSTYLE
  5
38
102
{ACAD_REACTORS
330
2A
102
}
102
{ACAD_XDICTIONARY
360
F1
102
}
330
2A
100
AcDbVisualStyle
  2
Linepattern
 70
    14
 71
     2
 72
     2
 73
     0
 90
        0
 40
-0.6
 41
-30.0
 62
     5
 63
     7
421
 16777215
 74
     1
 91
        4
 64
     7
 65
   257
 75
     7
175
     7
 42
1.0
 92
        8
 66
     7
 43
1.0
 76
     1
 77
     6
 78
     2
 67
     7
 79
     5
170
     0
171
     0
290
     0
174
     0
 93
        1
 44
0.0
173
     0
291
     1
 45
0.0
1001
ACAD
1000
AcDbSavedByObjectVersion
1070
     0
  0
VISUALSTYLE
  5
33
102
{ACAD_REACTORS
330
2A
102
}
102
{ACAD_XDICTIONARY
360
E7
102
}
330
2A
100
AcDbVisualStyle
  2
Realistic
 70
     8
 71
     2
 72
     2
 73
     0
 90
        0
 40
-0.6
 41
-30.0
 62
     5
 63
     7
421
 16777215
 74
     1
 91
        0
 64
     7
 65
   257
 75
     1
175
     1
 42
1.0
 92
        8
 66
     8
424
  7895160
 43
1.0
 76
     1
 77
     6
 78
     2
 67
     7
 79
     5
170
     0
171
     0
290
     0
174
     0
 93
       13
 44
0.0
173
     0
291
     0
 45
0.0
1001
ACAD
1000
AcDbSavedByObjectVersion
1070
     0
  0
VISUALSTYLE
  5
37
102
{ACAD_REACTORS
330
2A
102
}
102
{ACAD_XDICTIONARY
360
EF
102
}
330
2A
100
AcDbVisualStyle
  2
Thicken
 70
    13
 71
     2
 72
     2
 73
     0
 90
        0
 40
-0.6
 41
-30.0
 62
     5
 63
     7
421
 16777215
 74
     1
 91
        4
 64
     7
 65
   257
 75
     1
175
     1
 42
1.0
 92
       12
 66
     7
 43
1.0
 76
     1
 77
     6
 78
     2
 67
     7
 79
     5
170
     0
171
     0
290
     0
174
     0
 93
        1
 44
0.0
173
     0
291
     1
 45
0.0
1001
ACAD
1000
AcDbSavedByObjectVersion
1070
     0
  0
DICTIONARY
  5
F9
330
3D
100
AcDbDictionary
280
     1
281
     1
  3
ACAD_XREC_ROUNDTRIP
360
FA
  0
DICTIONARY
  5
F7
330
3C
100
AcDbDictionary
280
     1
281
     1
  3
ACAD_XREC_ROUNDTRIP
360
F8
  0
DICTIONARY
  5
FB
330
3E
100
AcDbDictionary
280
     1
281
     1
  3
ACAD_XREC_ROUNDTRIP
360
FC
  0
DICTIONARY
  5
DF
330
2F
100
AcDbDictionary
280
     1
281
     1
  3
ACAD_XREC_ROUNDTRIP
360
E0
  0
DICTIONARY
  5
E3
330
31
100
AcDbDictionary
280
     1
281
     1
  3
ACAD_XREC_ROUNDTRIP
360
E4
  0
DICTIONARY
  5
E1
330
30
100
AcDbDictionary
280
     1
281
     1
  3
ACAD_XREC_ROUNDTRIP
360
E2
  0
DICTIONARY
  5
E5
330
32
100
AcDbDictionary
280
     1
281
     1
  3
ACAD_XREC_ROUNDTRIP
360
E6
  0
DICTIONARY
  5
ED
330
36
100
AcDbDictionary
280
     1
281
     1
  3
ACAD_XREC_ROUNDTRIP
360
EE
  0
DICTIONARY
  5
F5
330
3A
100
AcDbDictionary
280
     1
281
     1
  3
ACAD_XREC_ROUNDTRIP
360
F6
  0
DICTIONARY
  5
E9
330
34
100
AcDbDictionary
280
     1
281
     1
  3
ACAD_XREC_ROUNDTRIP
360
EA
  0
DICTIONARY
  5
EB
330
35
100
AcDbDictionary
280
     1
281
     1
  3
ACAD_XREC_ROUNDTRIP
360
EC
  0
DICTIONARY
  5
F3
330
39
100
AcDbDictionary
280
     1
281
     1
  3
ACAD_XREC_ROUNDTRIP
360
F4
  0
DICTIONARY
  5
D7
330
2B
100
AcDbDictionary
280
     1
281
     1
  3
ACAD_XREC_ROUNDTRIP
360
D8
  0
DICTIONARY
  5
D9
330
2C
100
AcDbDictionary
280
     1
281
     1
  3
ACAD_XREC_ROUNDTRIP
360
DA
  0
DICTIONARY
  5
DB
330
2D
100
AcDbDictionary
280
     1
281
     1
  3
ACAD_XREC_ROUNDTRIP
360
DC
  0
DICTIONARY
  5
DD
330
2E
100
AcDbDictionary
280
     1
281
     1
  3
ACAD_XREC_ROUNDTRIP
360
DE
  0
DICTIONARY
  5
F1
330
38
100
AcDbDictionary
280
     1
281
     1
  3
ACAD_XREC_ROUNDTRIP
360
F2
  0
DICTIONARY
  5
E7
330
33
100
AcDbDictionary
280
     1
281
     1
  3
ACAD_XREC_ROUNDTRIP
360
E8
  0
DICTIONARY
  5
EF
330
37
100
AcDbDictionary
280
     1
281
     1
  3
ACAD_XREC_ROUNDTRIP
360
F0
  0
XRECORD
  5
FA
102
{ACAD_REACTORS
330
F9
102
}
330
F9
100
AcDbXrecord
280
     1
102
MATERIAL
148
0.0
149
0.0
149
0.0
 93
        0
 94
      127
282
     0
 72
     1
 77
     1
171
     1
175
     1
179
     1
273
     0
  0
XRECORD
  5
F8
102
{ACAD_REACTORS
330
F7
102
}
330
F7
100
AcDbXrecord
280
     1
102
MATERIAL
148
0.0
149
0.0
149
0.0
 93
        0
 94
      127
282
     0
 72
     1
 77
     1
171
     1
175
     1
179
     1
273
     0
  0
XRECORD
  5
FC
102
{ACAD_REACTORS
330
FB
102
}
330
FB
100
AcDbXrecord
280
     1
102
MATERIAL
148
0.0
149
0.0
149
0.0
 93
        0
 94
      127
282
     0
 72
     1
 77
     1
171
     1
175
     1
179
     1
273
     0
  0
XRECORD
  5
E0
102
{ACAD_REACTORS
330
DF
102
}
330
DF
100
AcDbXrecord
280
     1
102
RTVSPropertyOp0
 70
     1
102
RTVSPropertyOp1
 70
     1
102
RTVSPropertyOp2
 70
     1
102
RTVSPropertyOp3
 70
     1
102
RTVSPropertyOp4
 70
     1
102
RTVSPropertyOp5
 70
     1
102
RTVSPropertyOp6
 70
     1
102
RTVSPropertyOp7
 70
     1
102
RTVSPropertyOp8
 70
     1
102
RTVSPropertyOp9
 70
     1
102
RTVSPropertyOp10
 70
     1
102
RTVSPropertyOp11
 70
     1
102
RTVSPropertyOp12
 70
     1
102
RTVSPropertyOp13
 70
     1
102
RTVSPropertyOp14
 70
     1
102
RTVSPropertyOp15
 70
     1
102
RTVSPropertyOp16
 70
     1
102
RTVSPropertyOp17
 70
     1
102
RTVSPropertyOp18
 70
     1
102
RTVSPropertyOp19
 70
     1
102
RTVSPropertyOp20
 70
     1
102
RTVSPropertyOp21
 70
     1
102
RTVSPropertyOp22
 70
     1
102
RTVSPropertyOp23
 70
     1
102
RTVSPropertyOp24
 70
     1
102
RTVSPropertyOp25
 70
     1
102
RTVSPropertyOp26
 70
     1
102
RTVSPropertyOp27
 70
     1
102
RTVSPropertyOp28
 70
     1
102
RTVSPropertyOp29
 70
     1
102
RTVSPropertyOp30
 70
     1
102
RTVSPropertyOp31
 70
     1
102
RTVSPropertyOp32
 70
     1
  0
XRECORD
  5
E4
102
{ACAD_REACTORS
330
E3
102
}
330
E3
100
AcDbXrecord
280
     1
102
RTVSPropertyOp0
 70
     1
102
RTVSPropertyOp1
 70
     1
102
RTVSPropertyOp2
 70
     1
102
RTVSPropertyOp3
 70
     1
102
RTVSPropertyOp4
 70
     1
102
RTVSPropertyOp5
 70
     1
102
RTVSPropertyOp6
 70
     1
102
RTVSPropertyOp7
 70
     1
102
RTVSPropertyOp8
 70
     1
102
RTVSPropertyOp9
 70
     1
102
RTVSPropertyOp10
 70
     1
102
RTVSPropertyOp11
 70
     1
102
RTVSPropertyOp12
 70
     1
102
RTVSPropertyOp13
 70
     1
102
RTVSPropertyOp14
 70
     1
102
RTVSPropertyOp15
 70
     1
102
RTVSPropertyOp16
 70
     1
102
RTVSPropertyOp17
 70
     1
102
RTVSPropertyOp18
 70
     1
102
RTVSPropertyOp19
 70
     1
102
RTVSPropertyOp20
 70
     1
102
RTVSPropertyOp21
 70
     1
102
RTVSPropertyOp22
 70
     1
102
RTVSPropertyOp23
 70
     1
102
RTVSPropertyOp24
 70
     1
102
RTVSPropertyOp25
 70
     1
102
RTVSPropertyOp26
 70
     1
102
RTVSPropertyOp27
 70
     1
102
RTVSPropertyOp28
 70
     1
102
RTVSPropertyOp29
 70
     1
102
RTVSPropertyOp30
 70
     1
102
RTVSPropertyOp31
 70
     1
102
RTVSPropertyOp32
 70
     1
  0
XRECORD
  5
E2
102
{ACAD_REACTORS
330
E1
102
}
330
E1
100
AcDbXrecord
280
     1
102
RTVSPropertyOp0
 70
     1
102
RTVSPropertyOp1
 70
     1
102
RTVSPropertyOp2
 70
     1
102
RTVSPropertyOp3
 70
     1
102
RTVSPropertyOp4
 70
     1
102
RTVSPropertyOp5
 70
     1
102
RTVSPropertyOp6
 70
     1
102
RTVSPropertyOp7
 70
     1
102
RTVSPropertyOp8
 70
     1
102
RTVSPropertyOp9
 70
     1
102
RTVSPropertyOp10
 70
     1
102
RTVSPropertyOp11
 70
     1
102
RTVSPropertyOp12
 70
     1
102
RTVSPropertyOp13
 70
     1
102
RTVSPropertyOp14
 70
     1
102
RTVSPropertyOp15
 70
     1
102
RTVSPropertyOp16
 70
     1
102
RTVSPropertyOp17
 70
     1
102
RTVSPropertyOp18
 70
     1
102
RTVSPropertyOp19
 70
     1
102
RTVSPropertyOp20
 70
     1
102
RTVSPropertyOp21
 70
     1
102
RTVSPropertyOp22
 70
     1
102
RTVSPropertyOp23
 70
     1
102
RTVSPropertyOp24
 70
     1
102
RTVSPropertyOp25
 70
     1
102
RTVSPropertyOp26
 70
     1
102
RTVSPropertyOp27
 70
     1
102
RTVSPropertyOp28
 70
     1
102
RTVSPropertyOp29
 70
     1
102
RTVSPropertyOp30
 70
     1
102
RTVSPropertyOp31
 70
     1
102
RTVSPropertyOp32
 70
     1
  0
XRECORD
  5
E6
102
{ACAD_REACTORS
330
E5
102
}
330
E5
100
AcDbXrecord
280
     1
102
RTVSPropertyOp0
 70
     1
102
RTVSPropertyOp1
 70
     1
102
RTVSPropertyOp2
 70
     1
102
RTVSPropertyOp3
 70
     1
102
RTVSPropertyOp4
 70
     1
102
RTVSPropertyOp5
 70
     1
102
RTVSPropertyOp6
 70
     1
102
RTVSPropertyOp7
 70
     1
102
RTVSPropertyOp8
 70
     1
102
RTVSPropertyOp9
 70
     1
102
RTVSPropertyOp10
 70
     1
102
RTVSPropertyOp11
 70
     1
102
RTVSPropertyOp12
 70
     1
102
RTVSPropertyOp13
 70
     1
102
RTVSPropertyOp14
 70
     1
102
RTVSPropertyOp15
 70
     1
102
RTVSPropertyOp16
 70
     1
102
RTVSPropertyOp17
 70
     1
102
RTVSPropertyOp18
 70
     1
102
RTVSPropertyOp19
 70
     1
102
RTVSPropertyOp20
 70
     1
102
RTVSPropertyOp21
 70
     1
102
RTVSPropertyOp22
 70
     1
102
RTVSPropertyOp23
 70
     1
102
RTVSPropertyOp24
 70
     1
102
RTVSPropertyOp25
 70
     1
102
RTVSPropertyOp26
 70
     1
102
RTVSPropertyOp27
 70
     1
102
RTVSPropertyOp28
 70
     1
102
RTVSPropertyOp29
 70
     1
102
RTVSPropertyOp30
 70
     1
102
RTVSPropertyOp31
 70
     1
102
RTVSPropertyOp32
 70
     1
  0
XRECORD
  5
EE
102
{ACAD_REACTORS
330
ED
102
}
330
ED
100
AcDbXrecord
280
     1
102
RTVSPropertyOp0
 70
     1
102
RTVSPropertyOp1
 70
     1
102
RTVSPropertyOp2
 70
     1
102
RTVSPropertyOp3
 70
     1
102
RTVSPropertyOp4
 70
     1
102
RTVSPropertyOp5
 70
     1
102
RTVSPropertyOp6
 70
     1
102
RTVSPropertyOp7
 70
     1
102
RTVSPropertyOp8
 70
     1
102
RTVSPropertyOp9
 70
     1
102
RTVSPropertyOp10
 70
     1
102
RTVSPropertyOp11
 70
     1
102
RTVSPropertyOp12
 70
     1
102
RTVSPropertyOp13
 70
     1
102
RTVSPropertyOp14
 70
     1
102
RTVSPropertyOp15
 70
     1
102
RTVSPropertyOp16
 70
     1
102
RTVSPropertyOp17
 70
     1
102
RTVSPropertyOp18
 70
     1
102
RTVSPropertyOp19
 70
     1
102
RTVSPropertyOp20
 70
     1
102
RTVSPropertyOp21
 70
     1
102
RTVSPropertyOp22
 70
     1
102
RTVSPropertyOp23
 70
     1
102
RTVSPropertyOp24
 70
     1
102
RTVSPropertyOp25
 70
     1
102
RTVSPropertyOp26
 70
     1
102
RTVSPropertyOp27
 70
     1
102
RTVSPropertyOp28
 70
     1
102
RTVSPropertyOp29
 70
     1
102
RTVSPropertyOp30
 70
     1
102
RTVSPropertyOp31
 70
     1
102
RTVSPropertyOp32
 70
     1
  0
XRECORD
  5
F6
102
{ACAD_REACTORS
330
F5
102
}
330
F5
100
AcDbXrecord
280
     1
102
RTVSPropertyOp0
 70
     1
102
RTVSPropertyOp1
 70
     1
102
RTVSPropertyOp2
 70
     1
102
RTVSPropertyOp3
 70
     1
102
RTVSPropertyOp4
 70
     1
102
RTVSPropertyOp5
 70
     1
102
RTVSPropertyOp6
 70
     1
102
RTVSPropertyOp7
 70
     1
102
RTVSPropertyOp8
 70
     1
102
RTVSPropertyOp9
 70
     1
102
RTVSPropertyOp10
 70
     1
102
RTVSPropertyOp11
 70
     1
102
RTVSPropertyOp12
 70
     1
102
RTVSPropertyOp13
 70
     1
102
RTVSPropertyOp14
 70
     1
102
RTVSPropertyOp15
 70
     1
102
RTVSPropertyOp16
 70
     1
102
RTVSPropertyOp17
 70
     1
102
RTVSPropertyOp18
 70
     1
102
RTVSPropertyOp19
 70
     1
102
RTVSPropertyOp20
 70
     1
102
RTVSPropertyOp21
 70
     1
102
RTVSPropertyOp22
 70
     1
102
RTVSPropertyOp23
 70
     1
102
RTVSPropertyOp24
 70
     1
102
RTVSPropertyOp25
 70
     1
102
RTVSPropertyOp26
 70
     1
102
RTVSPropertyOp27
 70
     1
102
RTVSPropertyOp28
 70
     1
102
RTVSPropertyOp29
 70
     1
102
RTVSPropertyOp30
 70
     1
102
RTVSPropertyOp31
 70
     1
102
RTVSPropertyOp32
 70
     1
  0
XRECORD
  5
EA
102
{ACAD_REACTORS
330
E9
102
}
330
E9
100
AcDbXrecord
280
     1
102
RTVSPropertyOp0
 70
     1
102
RTVSPropertyOp1
 70
     1
102
RTVSPropertyOp2
 70
     1
102
RTVSPropertyOp3
 70
     1
102
RTVSPropertyOp4
 70
     1
102
RTVSPropertyOp5
 70
     1
102
RTVSPropertyOp6
 70
     1
102
RTVSPropertyOp7
 70
     1
102
RTVSPropertyOp8
 70
     1
102
RTVSPropertyOp9
 70
     1
102
RTVSPropertyOp10
 70
     1
102
RTVSPropertyOp11
 70
     1
102
RTVSPropertyOp12
 70
     1
102
RTVSPropertyOp13
 70
     1
102
RTVSPropertyOp14
 70
     1
102
RTVSPropertyOp15
 70
     1
102
RTVSPropertyOp16
 70
     1
102
RTVSPropertyOp17
 70
     1
102
RTVSPropertyOp18
 70
     1
102
RTVSPropertyOp19
 70
     1
102
RTVSPropertyOp20
 70
     1
102
RTVSPropertyOp21
 70
     1
102
RTVSPropertyOp22
 70
     1
102
RTVSPropertyOp23
 70
     1
102
RTVSPropertyOp24
 70
     1
102
RTVSPropertyOp25
 70
     1
102
RTVSPropertyOp26
 70
     1
102
RTVSPropertyOp27
 70
     1
102
RTVSPropertyOp28
 70
     1
102
RTVSPropertyOp29
 70
     1
102
RTVSPropertyOp30
 70
     1
102
RTVSPropertyOp31
 70
     1
102
RTVSPropertyOp32
 70
     1
  0
XRECORD
  5
EC
102
{ACAD_REACTORS
330
EB
102
}
330
EB
100
AcDbXrecord
280
     1
102
RTVSPropertyOp0
 70
     1
102
RTVSPropertyOp1
 70
     1
102
RTVSPropertyOp2
 70
     1
102
RTVSPropertyOp3
 70
     1
102
RTVSPropertyOp4
 70
     1
102
RTVSPropertyOp5
 70
     1
102
RTVSPropertyOp6
 70
     1
102
RTVSPropertyOp7
 70
     1
102
RTVSPropertyOp8
 70
     1
102
RTVSPropertyOp9
 70
     1
102
RTVSPropertyOp10
 70
     1
102
RTVSPropertyOp11
 70
     1
102
RTVSPropertyOp12
 70
     1
102
RTVSPropertyOp13
 70
     1
102
RTVSPropertyOp14
 70
     1
102
RTVSPropertyOp15
 70
     1
102
RTVSPropertyOp16
 70
     1
102
RTVSPropertyOp17
 70
     1
102
RTVSPropertyOp18
 70
     1
102
RTVSPropertyOp19
 70
     1
102
RTVSPropertyOp20
 70
     1
102
RTVSPropertyOp21
 70
     1
102
RTVSPropertyOp22
 70
     1
102
RTVSPropertyOp23
 70
     1
102
RTVSPropertyOp24
 70
     1
102
RTVSPropertyOp25
 70
     1
102
RTVSPropertyOp26
 70
     1
102
RTVSPropertyOp27
 70
     1
102
RTVSPropertyOp28
 70
     1
102
RTVSPropertyOp29
 70
     1
102
RTVSPropertyOp30
 70
     1
102
RTVSPropertyOp31
 70
     1
102
RTVSPropertyOp32
 70
     1
  0
XRECORD
  5
F4
102
{ACAD_REACTORS
330
F3
102
}
330
F3
100
AcDbXrecord
280
     1
102
RTVSPropertyOp0
 70
     1
102
RTVSPropertyOp1
 70
     1
102
RTVSPropertyOp2
 70
     1
102
RTVSPropertyOp3
 70
     1
102
RTVSPropertyOp4
 70
     1
102
RTVSPropertyOp5
 70
     1
102
RTVSPropertyOp6
 70
     1
102
RTVSPropertyOp7
 70
     1
102
RTVSPropertyOp8
 70
     1
102
RTVSPropertyOp9
 70
     1
102
RTVSPropertyOp10
 70
     1
102
RTVSPropertyOp11
 70
     1
102
RTVSPropertyOp12
 70
     1
102
RTVSPropertyOp13
 70
     1
102
RTVSPropertyOp14
 70
     1
102
RTVSPropertyOp15
 70
     1
102
RTVSPropertyOp16
 70
     1
102
RTVSPropertyOp17
 70
     1
102
RTVSPropertyOp18
 70
     1
102
RTVSPropertyOp19
 70
     1
102
RTVSPropertyOp20
 70
     1
102
RTVSPropertyOp21
 70
     1
102
RTVSPropertyOp22
 70
     1
102
RTVSPropertyOp23
 70
     1
102
RTVSPropertyOp24
 70
     1
102
RTVSPropertyOp25
 70
     1
102
RTVSPropertyOp26
 70
     1
102
RTVSPropertyOp27
 70
     1
102
RTVSPropertyOp28
 70
     1
102
RTVSPropertyOp29
 70
     1
102
RTVSPropertyOp30
 70
     1
102
RTVSPropertyOp31
 70
     1
102
RTVSPropertyOp32
 70
     1
  0
XRECORD
  5
D8
102
{ACAD_REACTORS
330
D7
102
}
330
D7
100
AcDbXrecord
280
     1
102
RTVSPropertyOp0
 70
     1
102
RTVSPropertyOp1
 70
     1
102
RTVSPropertyOp2
 70
     1
102
RTVSPropertyOp3
 70
     1
102
RTVSPropertyOp4
 70
     1
102
RTVSPropertyOp5
 70
     1
102
RTVSPropertyOp6
 70
     1
102
RTVSPropertyOp7
 70
     1
102
RTVSPropertyOp8
 70
     1
102
RTVSPropertyOp9
 70
     1
102
RTVSPropertyOp10
 70
     1
102
RTVSPropertyOp11
 70
     1
102
RTVSPropertyOp12
 70
     1
102
RTVSPropertyOp13
 70
     1
102
RTVSPropertyOp14
 70
     1
102
RTVSPropertyOp15
 70
     1
102
RTVSPropertyOp16
 70
     1
102
RTVSPropertyOp17
 70
     1
102
RTVSPropertyOp18
 70
     1
102
RTVSPropertyOp19
 70
     1
102
RTVSPropertyOp20
 70
     1
102
RTVSPropertyOp21
 70
     1
102
RTVSPropertyOp22
 70
     1
102
RTVSPropertyOp23
 70
     1
102
RTVSPropertyOp24
 70
     1
102
RTVSPropertyOp25
 70
     1
102
RTVSPropertyOp26
 70
     1
102
RTVSPropertyOp27
 70
     1
102
RTVSPropertyOp28
 70
     1
102
RTVSPropertyOp29
 70
     1
102
RTVSPropertyOp30
 70
     1
102
RTVSPropertyOp31
 70
     1
102
RTVSPropertyOp32
 70
     1
  0
XRECORD
  5
DA
102
{ACAD_REACTORS
330
D9
102
}
330
D9
100
AcDbXrecord
280
     1
102
RTVSPropertyOp0
 70
     1
102
RTVSPropertyOp1
 70
     1
102
RTVSPropertyOp2
 70
     1
102
RTVSPropertyOp3
 70
     1
102
RTVSPropertyOp4
 70
     1
102
RTVSPropertyOp5
 70
     1
102
RTVSPropertyOp6
 70
     1
102
RTVSPropertyOp7
 70
     1
102
RTVSPropertyOp8
 70
     1
102
RTVSPropertyOp9
 70
     1
102
RTVSPropertyOp10
 70
     1
102
RTVSPropertyOp11
 70
     1
102
RTVSPropertyOp12
 70
     1
102
RTVSPropertyOp13
 70
     1
102
RTVSPropertyOp14
 70
     1
102
RTVSPropertyOp15
 70
     1
102
RTVSPropertyOp16
 70
     1
102
RTVSPropertyOp17
 70
     1
102
RTVSPropertyOp18
 70
     1
102
RTVSPropertyOp19
 70
     1
102
RTVSPropertyOp20
 70
     1
102
RTVSPropertyOp21
 70
     1
102
RTVSPropertyOp22
 70
     1
102
RTVSPropertyOp23
 70
     1
102
RTVSPropertyOp24
 70
     1
102
RTVSPropertyOp25
 70
     1
102
RTVSPropertyOp26
 70
     1
102
RTVSPropertyOp27
 70
     1
102
RTVSPropertyOp28
 70
     1
102
RTVSPropertyOp29
 70
     1
102
RTVSPropertyOp30
 70
     1
102
RTVSPropertyOp31
 70
     1
102
RTVSPropertyOp32
 70
     1
  0
XRECORD
  5
DC
102
{ACAD_REACTORS
330
DB
102
}
330
DB
100
AcDbXrecord
280
     1
102
RTVSPropertyOp0
 70
     1
102
RTVSPropertyOp1
 70
     1
102
RTVSPropertyOp2
 70
     1
102
RTVSPropertyOp3
 70
     1
102
RTVSPropertyOp4
 70
     1
102
RTVSPropertyOp5
 70
     1
102
RTVSPropertyOp6
 70
     1
102
RTVSPropertyOp7
 70
     1
102
RTVSPropertyOp8
 70
     1
102
RTVSPropertyOp9
 70
     1
102
RTVSPropertyOp10
 70
     1
102
RTVSPropertyOp11
 70
     1
102
RTVSPropertyOp12
 70
     1
102
RTVSPropertyOp13
 70
     1
102
RTVSPropertyOp14
 70
     1
102
RTVSPropertyOp15
 70
     1
102
RTVSPropertyOp16
 70
     1
102
RTVSPropertyOp17
 70
     1
102
RTVSPropertyOp18
 70
     1
102
RTVSPropertyOp19
 70
     1
102
RTVSPropertyOp20
 70
     1
102
RTVSPropertyOp21
 70
     1
102
RTVSPropertyOp22
 70
     1
102
RTVSPropertyOp23
 70
     1
102
RTVSPropertyOp24
 70
     1
102
RTVSPropertyOp25
 70
     1
102
RTVSPropertyOp26
 70
     1
102
RTVSPropertyOp27
 70
     1
102
RTVSPropertyOp28
 70
     1
102
RTVSPropertyOp29
 70
     1
102
RTVSPropertyOp30
 70
     1
102
RTVSPropertyOp31
 70
     1
102
RTVSPropertyOp32
 70
     1
  0
XRECORD
  5
DE
102
{ACAD_REACTORS
330
DD
102
}
330
DD
100
AcDbXrecord
280
     1
102
RTVSPropertyOp0
 70
     1
102
RTVSPropertyOp1
 70
     1
102
RTVSPropertyOp2
 70
     1
102
RTVSPropertyOp3
 70
     1
102
RTVSPropertyOp4
 70
     1
102
RTVSPropertyOp5
 70
     1
102
RTVSPropertyOp6
 70
     1
102
RTVSPropertyOp7
 70
     1
102
RTVSPropertyOp8
 70
     1
102
RTVSPropertyOp9
 70
     1
102
RTVSPropertyOp10
 70
     1
102
RTVSPropertyOp11
 70
     1
102
RTVSPropertyOp12
 70
     1
102
RTVSPropertyOp13
 70
     1
102
RTVSPropertyOp14
 70
     1
102
RTVSPropertyOp15
 70
     1
102
RTVSPropertyOp16
 70
     1
102
RTVSPropertyOp17
 70
     1
102
RTVSPropertyOp18
 70
     1
102
RTVSPropertyOp19
 70
     1
102
RTVSPropertyOp20
 70
     1
102
RTVSPropertyOp21
 70
     1
102
RTVSPropertyOp22
 70
     1
102
RTVSPropertyOp23
 70
     1
102
RTVSPropertyOp24
 70
     1
102
RTVSPropertyOp25
 70
     1
102
RTVSPropertyOp26
 70
     1
102
RTVSPropertyOp27
 70
     1
102
RTVSPropertyOp28
 70
     1
102
RTVSPropertyOp29
 70
     1
102
RTVSPropertyOp30
 70
     1
102
RTVSPropertyOp31
 70
     1
102
RTVSPropertyOp32
 70
     1
  0
XRECORD
  5
F2
102
{ACAD_REACTORS
330
F1
102
}
330
F1
100
AcDbXrecord
280
     1
102
RTVSPropertyOp0
 70
     1
102
RTVSPropertyOp1
 70
     1
102
RTVSPropertyOp2
 70
     1
102
RTVSPropertyOp3
 70
     1
102
RTVSPropertyOp4
 70
     1
102
RTVSPropertyOp5
 70
     1
102
RTVSPropertyOp6
 70
     1
102
RTVSPropertyOp7
 70
     1
102
RTVSPropertyOp8
 70
     1
102
RTVSPropertyOp9
 70
     1
102
RTVSPropertyOp10
 70
     1
102
RTVSPropertyOp11
 70
     1
102
RTVSPropertyOp12
 70
     1
102
RTVSPropertyOp13
 70
     1
102
RTVSPropertyOp14
 70
     1
102
RTVSPropertyOp15
 70
     1
102
RTVSPropertyOp16
 70
     1
102
RTVSPropertyOp17
 70
     1
102
RTVSPropertyOp18
 70
     1
102
RTVSPropertyOp19
 70
     1
102
RTVSPropertyOp20
 70
     1
102
RTVSPropertyOp21
 70
     1
102
RTVSPropertyOp22
 70
     1
102
RTVSPropertyOp23
 70
     1
102
RTVSPropertyOp24
 70
     1
102
RTVSPropertyOp25
 70
     1
102
RTVSPropertyOp26
 70
     1
102
RTVSPropertyOp27
 70
     1
102
RTVSPropertyOp28
 70
     1
102
RTVSPropertyOp29
 70
     1
102
RTVSPropertyOp30
 70
     1
102
RTVSPropertyOp31
 70
     1
102
RTVSPropertyOp32
 70
     1
  0
XRECORD
  5
E8
102
{ACAD_REACTORS
330
E7
102
}
330
E7
100
AcDbXrecord
280
     1
102
RTVSPropertyOp0
 70
     1
102
RTVSPropertyOp1
 70
     1
102
RTVSPropertyOp2
 70
     1
102
RTVSPropertyOp3
 70
     1
102
RTVSPropertyOp4
 70
     1
102
RTVSPropertyOp5
 70
     1
102
RTVSPropertyOp6
 70
     1
102
RTVSPropertyOp7
 70
     1
102
RTVSPropertyOp8
 70
     1
102
RTVSPropertyOp9
 70
     1
102
RTVSPropertyOp10
 70
     1
102
RTVSPropertyOp11
 70
     1
102
RTVSPropertyOp12
 70
     1
102
RTVSPropertyOp13
 70
     1
102
RTVSPropertyOp14
 70
     1
102
RTVSPropertyOp15
 70
     1
102
RTVSPropertyOp16
 70
     1
102
RTVSPropertyOp17
 70
     1
102
RTVSPropertyOp18
 70
     1
102
RTVSPropertyOp19
 70
     1
102
RTVSPropertyOp20
 70
     1
102
RTVSPropertyOp21
 70
     1
102
RTVSPropertyOp22
 70
     1
102
RTVSPropertyOp23
 70
     1
102
RTVSPropertyOp24
 70
     1
102
RTVSPropertyOp25
 70
     1
102
RTVSPropertyOp26
 70
     1
102
RTVSPropertyOp27
 70
     1
102
RTVSPropertyOp28
 70
     1
102
RTVSPropertyOp29
 70
     1
102
RTVSPropertyOp30
 70
     1
102
RTVSPropertyOp31
 70
     1
102
RTVSPropertyOp32
 70
     1
  0
XRECORD
  5
F0
102
{ACAD_REACTORS
330
EF
102
}
330
EF
100
AcDbXrecord
280
     1
102
RTVSPropertyOp0
 70
     1
102
RTVSPropertyOp1
 70
     1
102
RTVSPropertyOp2
 70
     1
102
RTVSPropertyOp3
 70
     1
102
RTVSPropertyOp4
 70
     1
102
RTVSPropertyOp5
 70
     1
102
RTVSPropertyOp6
 70
     1
102
RTVSPropertyOp7
 70
     1
102
RTVSPropertyOp8
 70
     1
102
RTVSPropertyOp9
 70
     1
102
RTVSPropertyOp10
 70
     1
102
RTVSPropertyOp11
 70
     1
102
RTVSPropertyOp12
 70
     1
102
RTVSPropertyOp13
 70
     1
102
RTVSPropertyOp14
 70
     1
102
RTVSPropertyOp15
 70
     1
102
RTVSPropertyOp16
 70
     1
102
RTVSPropertyOp17
 70
     1
102
RTVSPropertyOp18
 70
     1
102
RTVSPropertyOp19
 70
     1
102
RTVSPropertyOp20
 70
     1
102
RTVSPropertyOp21
 70
     1
102
RTVSPropertyOp22
 70
     1
102
RTVSPropertyOp23
 70
     1
102
RTVSPropertyOp24
 70
     1
102
RTVSPropertyOp25
 70
     1
102
RTVSPropertyOp26
 70
     1
102
RTVSPropertyOp27
 70
     1
102
RTVSPropertyOp28
 70
     1
102
RTVSPropertyOp29
 70
     1
102
RTVSPropertyOp30
 70
     1
102
RTVSPropertyOp31
 70
     1
102
RTVSPropertyOp32
 70
     1
  0
ENDSEC
  0
EOF
