  0
SECTION
  2
HEADER
  9
$ACADVER
  1
AC1018
  9
$ACADMAINTVER
 70
     0
  9
$DWGCODEPAGE
  3
ANSI_1252
  9
$INSBASE
 10
0.0
 20
0.0
 30
0.0
  9
$EXTMIN
 10
1.000000000000000E+20
 20
1.000000000000000E+20
 30
1.000000000000000E+20
  9
$EXTMAX
 10
-1.000000000000000E+20
 20
-1.000000000000000E+20
 30
-1.000000000000000E+20
  9
$LIMMIN
 10
0.0
 20
0.0
  9
$LIMMAX
 10
12.0
 20
9.0
  9
$ORTHOMODE
 70
     0
  9
$REGENMODE
 70
     1
  9
$FILLMODE
 70
     1
  9
$QTEXTMODE
 70
     0
  9
$MIRRTEXT
 70
     1
  9
$LTSCALE
 40
1.0
  9
$ATTMODE
 70
     1
  9
$TEXTSIZE
 40
0.2
  9
$TRACEWID
 40
0.05
  9
$TEXTSTYLE
  7
Standard
  9
$CLAYER
  8
0
  9
$CELTYPE
  6
ByLayer
  9
$CECOLOR
 62
   256
  9
$CELTSCALE
 40
1.0
  9
$DISPSILH
 70
     0
  9
$DIMSCALE
 40
1.0
  9
$DIMASZ
 40
0.18
  9
$DIMEXO
 40
0.0625
  9
$DIMDLI
 40
0.38
  9
$DIMRND
 40
0.0
  9
$DIMDLE
 40
0.0
  9
$DIMEXE
 40
0.18
  9
$DIMTP
 40
0.0
  9
$DIMTM
 40
0.0
  9
$DIMTXT
 40
0.18
  9
$DIMCEN
 40
0.09
  9
$DIMTSZ
 40
0.0
  9
$DIMTOL
 70
     0
  9
$DIMLIM
 70
     0
  9
$DIMTIH
 70
     1
  9
$DIMTOH
 70
     1
  9
$DIMSE1
 70
     0
  9
$DIMSE2
 70
     0
  9
$DIMTAD
 70
     0
  9
$DIMZIN
 70
     0
  9
$DIMBLK
  1

  9
$DIMASO
 70
     1
  9
$DIMSHO
 70
     1
  9
$DIMPOST
  1

  9
$DIMAPOST
  1

  9
$DIMALT
 70
     0
  9
$DIMALTD
 70
     2
  9
$DIMALTF
 40
25.4
  9
$DIMLFAC
 40
1.0
  9
$DIMTOFL
 70
     0
  9
$DIMTVP
 40
0.0
  9
$DIMTIX
 70
     0
  9
$DIMSOXD
 70
     0
  9
$DIMSAH
 70
     0
  9
$DIMBLK1
  1

  9
$DIMBLK2
  1

  9
$DIMSTYLE
  2
Standard
  9
$DIMCLRD
 70
     0
  9
$DIMCLRE
 70
     0
  9
$DIMCLRT
 70
     0
  9
$DIMTFAC
 40
1.0
  9
$DIMGAP
 40
0.09
  9
$DIMJUST
 70
     0
  9
$DIMSD1
 70
     0
  9
$DIMSD2
 70
     0
  9
$DIMTOLJ
 70
     1
  9
$DIMTZIN
 70
     0
  9
$DIMALTZ
 70
     0
  9
$DIMALTTZ
 70
     0
  9
$DIMUPT
 70
     0
  9
$DIMDEC
 70
     4
  9
$DIMTDEC
 70
     4
  9
$DIMALTU
 70
     2
  9
$DIMALTTD
 70
     2
  9
$DIMTXSTY
  7
Standard
  9
$DIMAUNIT
 70
     0
  9
$DIMADEC
 70
     0
  9
$DIMALTRND
 40
0.0
  9
$DIMAZIN
 70
     0
  9
$DIMDSEP
 70
    46
  9
$DIMATFIT
 70
     3
  9
$DIMFRAC
 70
     0
  9
$DIMLDRBLK
  1

  9
$DIMLUNIT
 70
     2
  9
$DIMLWD
 70
    -2
  9
$DIMLWE
 70
    -2
  9
$DIMTMOVE
 70
     0
  9
$LUNITS
 70
     2
  9
$LUPREC
 70
     4
  9
$SKETCHINC
 40
0.1
  9
$FILLETRAD
 40
0.5
  9
$AUNITS
 70
     0
  9
$AUPREC
 70
     0
  9
$MENU
  1
.
  9
$ELEVATION
 40
0.0
  9
$PELEVATION
 40
0.0
  9
$THICKNESS
 40
0.0
  9
$LIMCHECK
 70
     0
  9
$CHAMFERA
 40
0.5
  9
$CHAMFERB
 40
0.5
  9
$CHAMFERC
 40
1.0
  9
$CHAMFERD
 40
0.0
  9
$SKPOLY
 70
     0
  9
$TDCREATE
 40
2460563.612505058
  9
$TDUCREATE
 40
2460563.529171724
  9
$TDUPDATE
 40
2460563.612505394
  9
$TDUUPDATE
 40
2460563.52917206
  9
$TDINDWG
 40
0.0000000116
  9
$TDUSRTIMER
 40
0.0000000116
  9
$USRTIMER
 70
     1
  9
$ANGBASE
 50
0.0
  9
$ANGDIR
 70
     0
  9
$PDMODE
 70
     0
  9
$PDSIZE
 40
0.0
  9
$PLINEWID
 40
0.0
  9
$SPLFRAME
 70
     0
  9
$SPLINETYPE
 70
     6
  9
$SPLINESEGS
 70
     8
  9
$HANDSEED
  5
240
  9
$SURFTAB1
 70
     6
  9
$SURFTAB2
 70
     6
  9
$SURFTYPE
 70
     6
  9
$SURFU
 70
     6
  9
$SURFV
 70
     6
  9
$UCSBASE
  2

  9
$UCSNAME
  2

  9
$UCSORG
 10
0.0
 20
0.0
 30
0.0
  9
$UCSXDIR
 10
1.0
 20
0.0
 30
0.0
  9
$UCSYDIR
 10
0.0
 20
1.0
 30
0.0
  9
$UCSORTHOREF
  2

  9
$UCSORTHOVIEW
 70
     0
  9
$UCSORGTOP
 10
0.0
 20
0.0
 30
0.0
  9
$UCSORGBOTTOM
 10
0.0
 20
0.0
 30
0.0
  9
$UCSORGLEFT
 10
0.0
 20
0.0
 30
0.0
  9
$UCSORGRIGHT
 10
0.0
 20
0.0
 30
0.0
  9
$UCSORGFRONT
 10
0.0
 20
0.0
 30
0.0
  9
$UCSORGBACK
 10
0.0
 20
0.0
 30
0.0
  9
$PUCSBASE
  2

  9
$PUCSNAME
  2

  9
$PUCSORG
 10
0.0
 20
0.0
 30
0.0
  9
$PUCSXDIR
 10
1.0
 20
0.0
 30
0.0
  9
$PUCSYDIR
 10
0.0
 20
1.0
 30
0.0
  9
$PUCSORTHOREF
  2

  9
$PUCSORTHOVIEW
 70
     0
  9
$PUCSORGTOP
 10
0.0
 20
0.0
 30
0.0
  9
$PUCSORGBOTTOM
 10
0.0
 20
0.0
 30
0.0
  9
$PUCSORGLEFT
 10
0.0
 20
0.0
 30
0.0
  9
$PUCSORGRIGHT
 10
0.0
 20
0.0
 30
0.0
  9
$PUCSORGFRONT
 10
0.0
 20
0.0
 30
0.0
  9
$PUCSORGBACK
 10
0.0
 20
0.0
 30
0.0
  9
$USERI1
 70
     0
  9
$USERI2
 70
     0
  9
$USERI3
 70
     0
  9
$USERI4
 70
     0
  9
$USERI5
 70
     0
  9
$USERR1
 40
0.0
  9
$USERR2
 40
0.0
  9
$USERR3
 40
0.0
  9
$USERR4
 40
0.0
  9
$USERR5
 40
0.0
  9
$WORLDVIEW
 70
     1
  9
$SHADEDGE
 70
     3
  9
$SHADEDIF
 70
    70
  9
$TILEMODE
 70
     1
  9
$MAXACTVP
 70
    64
  9
$PINSBASE
 10
0.0
 20
0.0
 30
0.0
  9
$PLIMCHECK
 70
     0
  9
$PEXTMIN
 10
1.000000000000000E+20
 20
1.000000000000000E+20
 30
1.000000000000000E+20
  9
$PEXTMAX
 10
-1.000000000000000E+20
 20
-1.000000000000000E+20
 30
-1.000000000000000E+20
  9
$PLIMMIN
 10
0.0
 20
0.0
  9
$PLIMMAX
 10
12.0
 20
9.0
  9
$UNITMODE
 70
     0
  9
$VISRETAIN
 70
     1
  9
$PLINEGEN
 70
     0
  9
$PSLTSCALE
 70
     1
  9
$TREEDEPTH
 70
  3020
  9
$CMLSTYLE
  2
Standard
  9
$CMLJUST
 70
     0
  9
$CMLSCALE
 40
1.0
  9
$PROXYGRAPHICS
 70
     1
  9
$MEASUREMENT
 70
     0
  9
$CELWEIGHT
370
    -1
  9
$ENDCAPS
280
     0
  9
$JOINSTYLE
280
     0
  9
$LWDISPLAY
290
     1
  9
$INSUNITS
 70
     4
  9
$HYPERLINKBASE
  1

  9
$STYLESHEET
  1

  9
$XEDIT
290
     1
  9
$CEPSNTYPE
380
     0
  9
$PSTYLEMODE
290
     1
  9
$FINGERPRINTGUID
  2
{05E5F4DF-A0EB-4B88-975B-9E8CEF3A6F61}
  9
$VERSIONGUID
  2
{FAEB1C32-E019-11D5-929B-00C0DF256EC4}
  9
$EXTNAMES
290
     1
  9
$PSVPSCALE
 40
0.0
  9
$OLESTARTUP
290
     0
  9
$SORTENTS
280
   127
  9
$INDEXCTL
280
     0
  9
$HIDETEXT
280
     1
  9
$XCLIPFRAME
290
     0
  9
$HALOGAP
280
     0
  9
$OBSCOLOR
 70
   257
  9
$OBSLTYPE
280
     0
  9
$INTERSECTIONDISPLAY
280
     0
  9
$INTERSECTIONCOLOR
 70
   257
  9
$DIMASSOC
280
     2
  9
$PROJECTNAME
  1

  0
ENDSEC
  0
SECTION
  2
CLASSES
  0
CLASS
  1
ACDBDICTIONARYWDFLT
  2
AcDbDictionaryWithDefault
  3
ObjectDBX Classes
 90
        0
 91
        4
280
     0
281
     0
  0
CLASS
  1
VISUALSTYLE
  2
AcDbVisualStyle
  3
ObjectDBX Classes
 90
     4095
 91
        4
280
     0
281
     0
  0
CLASS
  1
MATERIAL
  2
AcDbMaterial
  3
ObjectDBX Classes
 90
     1153
 91
        4
280
     0
281
     0
  0
CLASS
  1
SUN
  2
AcDbSun
  3
SCENEOE
 90
     1024
 91
        4
280
     0
281
     0
  0
ENDSEC
  0
SECTION
  2
TABLES
  0
TABLE
  2
VPORT
  5
8
330
0
100
AcDbSymbolTable
 70
     1
  0
VPORT
  5
29
330
8
100
AcDbSymbolTableRecord
100
AcDbViewportTableRecord
  2
*Active
 70
     0
 10
0.0
 20
0.0
 11
1.0
 21
1.0
 12
0.0
 22
0.0
 13
0.0
 23
0.0
 14
0.5
 24
0.5
 15
0.5
 25
0.5
 16
0.0
 26
0.0
 36
1.0
 17
148.4999999628701
 27
-104.9999999737534
 37
0.0
 40
53.99999998649992
 41
0.9074074074074162
 42
50.0
 43
0.0
 44
0.0
 50
0.0
 51
0.0
 71
     0
 72
   100
 73
     1
 74
     3
 75
     0
 76
     0
 77
     0
 78
     0
281
     0
 65
     1
110
0.0
120
0.0
130
0.0
111
1.0
121
0.0
131
0.0
112
0.0
122
1.0
132
0.0
 79
     0
146
0.0
  0
ENDTAB
  0
TABLE
  2
LTYPE
  5
5
330
0
100
AcDbSymbolTable
 70
     1
  0
LTYPE
  5
14
330
5
100
AcDbSymbolTableRecord
100
AcDbLinetypeTableRecord
  2
ByBlock
 70
     0
  3

 72
    65
 73
     0
 40
0.0
  0
LTYPE
  5
15
330
5
100
AcDbSymbolTableRecord
100
AcDbLinetypeTableRecord
  2
ByLayer
 70
     0
  3

 72
    65
 73
     0
 40
0.0
  0
LTYPE
  5
16
330
5
100
AcDbSymbolTableRecord
100
AcDbLinetypeTableRecord
  2
Continuous
 70
     0
  3
Solid line
 72
    65
 73
     0
 40
0.0
  0
ENDTAB
  0
TABLE
  2
LAYER
  5
2
330
0
100
AcDbSymbolTable
 70
     2
  0
LAYER
  5
10
330
2
100
AcDbSymbolTableRecord
100
AcDbLayerTableRecord
  2
0
 70
     0
 62
     7
  6
Continuous
370
    -3
390
F
  0
LAYER
  5
40
330
2
100
AcDbSymbolTableRecord
100
AcDbLayerTableRecord
  2
Capa 1
 70
     0
 62
     7
  6
Continuous
370
    -3
390
F
  0
ENDTAB
  0
TABLE
  2
STYLE
  5
3
330
0
100
AcDbSymbolTable
 70
     1
  0
STYLE
  5
11
330
3
100
AcDbSymbolTableRecord
100
AcDbTextStyleTableRecord
  2
Standard
 70
     0
 40
0.0
 41
1.0
 50
0.0
 71
     0
 42
0.2
  3
txt
  4

  0
ENDTAB
  0
TABLE
  2
VIEW
  5
6
330
0
100
AcDbSymbolTable
 70
     0
  0
ENDTAB
  0
TABLE
  2
UCS
  5
7
330
0
100
AcDbSymbolTable
 70
     0
  0
ENDTAB
  0
TABLE
  2
APPID
  5
9
330
0
100
AcDbSymbolTable
 70
     1
  0
APPID
  5
12
330
9
100
AcDbSymbolTableRecord
100
AcDbRegAppTableRecord
  2
ACAD
 70
     0
  0
ENDTAB
  0
TABLE
  2
DIMSTYLE
  5
A
330
0
100
AcDbSymbolTable
 70
     1
100
AcDbDimStyleTable
  0
DIMSTYLE
105
27
330
A
100
AcDbSymbolTableRecord
100
AcDbDimStyleTableRecord
  2
Standard
 70
     0
178
     0
340
11
  0
ENDTAB
  0
TABLE
  2
BLOCK_RECORD
  5
1
330
0
100
AcDbSymbolTable
 70
     3
  0
BLOCK_RECORD
  5
1F
330
1
100
AcDbSymbolTableRecord
100
AcDbBlockTableRecord
  2
*Model_Space
340
22
  0
BLOCK_RECORD
  5
1B
330
1
100
AcDbSymbolTableRecord
100
AcDbBlockTableRecord
  2
*Paper_Space
340
1E
  0
BLOCK_RECORD
  5
23
330
1
100
AcDbSymbolTableRecord
100
AcDbBlockTableRecord
  2
*Paper_Space0
340
26
  0
BLOCK_RECORD
  5
121
330
1
100
AcDbSymbolTableRecord
100
AcDbBlockTableRecord
  2
block 2
340
0
102
{BLKREFS
331
122
102
}
  0
BLOCK_RECORD
  5
1E5
330
1
100
AcDbSymbolTableRecord
100
AcDbBlockTableRecord
  2
block 3
340
0
102
{BLKREFS
331
1E6
102
}
  0
ENDTAB
  0
ENDSEC
  0
SECTION
  2
BLOCKS
  0
BLOCK
  5
20
330
1F
100
AcDbEntity
  8
0
100
AcDbBlockBegin
  2
*Model_Space
 70
     0
 10
0.0
 20
0.0
 30
0.0
  3
*Model_Space
  1

  0
ENDBLK
  5
21
330
1F
100
AcDbEntity
  8
0
100
AcDbBlockEnd
  0
BLOCK
  5
1C
330
1B
100
AcDbEntity
 67
     1
  8
0
100
AcDbBlockBegin
  2
*Paper_Space
 70
     0
 10
0.0
 20
0.0
 30
0.0
  3
*Paper_Space
  1

  0
ENDBLK
  5
1D
330
1B
100
AcDbEntity
 67
     1
  8
0
100
AcDbBlockEnd
  0
BLOCK
  5
24
330
23
100
AcDbEntity
  8
0
100
AcDbBlockBegin
  2
*Paper_Space0
 70
     0
 10
0.0
 20
0.0
 30
0.0
  3
*Paper_Space0
  1

  0
ENDBLK
  5
25
330
23
100
AcDbEntity
  8
0
100
AcDbBlockEnd
  0
BLOCK
  5
123
330
121
100
AcDbEntity
  8
0
100
AcDbBlockBegin
  2
block 2
 70
     0
 10
0.0
 20
0.0
 30
0.0
  3
block 2
  1

  0
SPLINE
  5
125
330
121
100
AcDbEntity
  8
Capa 1
370
     0
100
AcDbSpline
210
0.0
220
0.0
230
1.0
 70
    11
 71
     3
 72
    71
 73
    67
 74
     0
 42
0.0000000001
 43
0.0000000001
 12
1.0
 22
0.0
 32
0.0
 13
1.0
 23
0.0
 33
0.0
 40
0.0
 40
0.0
 40
0.0
 40
0.0
 40
1.0
 40
1.0
 40
1.0
 40
2.0
 40
2.0
 40
2.0
 40
3.0
 40
3.0
 40
3.0
 40
4.0
 40
4.0
 40
4.0
 40
5.0
 40
5.0
 40
5.0
 40
6.0
 40
6.0
 40
6.0
 40
7.0
 40
7.0
 40
7.0
 40
8.0
 40
8.0
 40
8.0
 40
9.0
 40
9.0
 40
9.0
 40
10.0
 40
10.0
 40
10.0
 40
11.0
 40
11.0
 40
11.0
 40
12.0
 40
12.0
 40
12.0
 40
13.0
 40
13.0
 40
13.0
 40
14.0
 40
14.0
 40
14.0
 40
15.0
 40
15.0
 40
15.0
 40
16.0
 40
16.0
 40
16.0
 40
17.0
 40
17.0
 40
17.0
 40
18.0
 40
18.0
 40
18.0
 40
19.0
 40
19.0
 40
19.0
 40
20.0
 40
20.0
 40
20.0
 40
21.0
 40
21.0
 40
21.0
 40
22.0
 40
22.0
 40
22.0
 40
22.0
 10
162.6219703003744
 20
-122.2352616809763
 30
0.0
 10
162.6219703003744
 20
-122.2352616809763
 30
0.0
 10
162.6219703003744
 20
-122.3716538427023
 30
0.0
 10
162.6219703003744
 20
-122.3716538427023
 30
0.0
 10
162.6219703003744
 20
-122.3716538427023
 30
0.0
 10
161.85801651591
 20
-122.3716538427023
 30
0.0
 10
161.85801651591
 20
-122.3716538427023
 30
0.0
 10
161.8568339249116
 20
-122.3373587037712
 30
0.0
 10
161.8623526829003
 20
-122.3046403528374
 30
0.0
 10
161.874572789876
 20
-122.2731045929007
 30
0.0
 10
161.8938884428383
 20
-122.2210705890045
 30
0.0
 10
161.9250300057743
 20
-122.1698249791073
 30
0.0
 10
161.9679974786878
 20
-122.1193677632103
 30
0.0
 10
162.0109649516014
 20
-122.0689105473108
 30
0.0
 10
162.0728538804777
 20
-122.0105693914277
 30
0.0
 10
162.1536642653156
 20
-121.9443442955617
 30
0.0
 10
162.2794131080618
 20
-121.8414588787678
 30
0.0
 10
162.3641654628918
 20
-121.7598600999323
 30
0.0
 10
162.4083155268038
 20
-121.6995479590538
 30
0.0
 10
162.4524655907144
 20
-121.639235818174
 30
0.0
 10
162.4745406226704
 20
-121.5824714502881
 30
0.0
 10
162.4745406226704
 20
-121.5288606583967
 30
0.0
 10
162.4745406226704
 20
-121.472490487509
 30
0.0
 10
162.4544365757118
 20
-121.4251868476039
 30
0.0
 10
162.4142284817926
 20
-121.3865555416819
 30
0.0
 10
162.3740203878733
 20
-121.3479242357599
 30
0.0
 10
162.321592186979
 20
-121.3286085827989
 30
0.0
 10
162.256943879109
 20
-121.3286085827989
 30
0.0
 10
162.188747798245
 20
-121.3286085827989
 30
0.0
 10
162.1339544153552
 20
-121.349106826757
 30
0.0
 10
162.0929579274377
 20
-121.3901033146745
 30
0.0
 10
162.0519614395195
 20
-121.4310998025933
 30
0.0
 10
162.0310689985613
 20
-121.4878641704792
 30
0.0
 10
162.0306748015631
 20
-121.5603964183334
 30
0.0
 10
162.0306748015631
 20
-121.5603964183334
 30
0.0
 10
161.8848219118557
 20
-121.545416932362
 30
0.0
 10
161.8848219118557
 20
-121.545416932362
 30
0.0
 10
161.8946768368353
 20
-121.4366185605807
 30
0.0
 10
161.9325197487603
 20
-121.3538371907467
 30
0.0
 10
161.9975622536285
 20
-121.2966786258627
 30
0.0
 10
162.0626047584981
 20
-121.2395200609773
 30
0.0
 10
162.150116492323
 20
-121.2111378770337
 30
0.0
 10
162.2600974551009
 20
-121.2111378770337
 30
0.0
 10
162.3708668118789
 20
-121.2111378770337
 30
0.0
 10
162.4587727427021
 20
-121.2418852429716
 30
0.0
 10
162.5234210505721
 20
-121.3033799748497
 30
0.0
 10
162.5880693584422
 20
-121.3648747067254
 30
0.0
 10
162.6203935123779
 20
-121.4409547275722
 30
0.0
 10
162.6203935123779
 20
-121.5320142343898
 30
0.0
 10
162.6203935123779
 20
-121.5781352832965
 30
0.0
 10
162.6109327843958
 20
-121.6238621352051
 30
0.0
 10
162.5920113284355
 20
-121.6684063961152
 30
0.0
 10
162.5730898724727
 20
-121.7129506570266
 30
0.0
 10
162.541554112536
 20
-121.7602542969304
 30
0.0
 10
162.4977982456235
 20
-121.8095289218316
 30
0.0
 10
162.4540423787123
 20
-121.8588035467328
 30
0.0
 10
162.3811159338586
 20
-121.926605430596
 30
0.0
 10
162.2790189110637
 20
-122.0129345734238
 30
0.0
 10
162.1938723592355
 20
-122.084284230281
 30
0.0
 10
162.139078976345
 20
-122.1327704611819
 30
0.0
 10
162.1150329593924
 20
-122.1583932661305
 30
0.0
 10
162.0909869424416
 20
-122.1840160710804
 30
0.0
 10
162.0708828954817
 20
-122.2096388760277
 30
0.0
 10
162.0551150155133
 20
-122.2352616809763
 30
0.0
 10
162.0551150155133
 20
-122.2352616809763
 30
0.0
 10
162.6219703003744
 20
-122.2352616809763
 30
0.0
 10
162.6219703003744
 20
-122.2352616809763
 30
0.0
  0
HATCH
  5
126
330
121
100
AcDbEntity
  8
Capa 1
 62
   255
100
AcDbHatch
 10
0.0
 20
0.0
 30
0.0
210
0.0
220
0.0
230
1.0
  2
SOLID
 70
     1
 71
     0
 91
        1
 92
        1
 93
        1
 72
     4
 94
        3
 73
     0
 74
     1
 95
       71
 96
       67
 40
0.0
 40
0.0
 40
0.0
 40
0.0
 40
1.0
 40
1.0
 40
1.0
 40
2.0
 40
2.0
 40
2.0
 40
3.0
 40
3.0
 40
3.0
 40
4.0
 40
4.0
 40
4.0
 40
5.0
 40
5.0
 40
5.0
 40
6.0
 40
6.0
 40
6.0
 40
7.0
 40
7.0
 40
7.0
 40
8.0
 40
8.0
 40
8.0
 40
9.0
 40
9.0
 40
9.0
 40
10.0
 40
10.0
 40
10.0
 40
11.0
 40
11.0
 40
11.0
 40
12.0
 40
12.0
 40
12.0
 40
13.0
 40
13.0
 40
13.0
 40
14.0
 40
14.0
 40
14.0
 40
15.0
 40
15.0
 40
15.0
 40
16.0
 40
16.0
 40
16.0
 40
17.0
 40
17.0
 40
17.0
 40
18.0
 40
18.0
 40
18.0
 40
19.0
 40
19.0
 40
19.0
 40
20.0
 40
20.0
 40
20.0
 40
21.0
 40
21.0
 40
21.0
 40
22.0
 40
22.0
 40
22.0
 40
22.0
 10
162.6219703003744
 20
-122.2352616809763
 10
162.6219703003744
 20
-122.2352616809763
 10
162.6219703003744
 20
-122.3716538427023
 10
162.6219703003744
 20
-122.3716538427023
 10
162.6219703003744
 20
-122.3716538427023
 10
161.85801651591
 20
-122.3716538427023
 10
161.85801651591
 20
-122.3716538427023
 10
161.8568339249116
 20
-122.3373587037712
 10
161.8623526829003
 20
-122.3046403528374
 10
161.874572789876
 20
-122.2731045929007
 10
161.8938884428383
 20
-122.2210705890045
 10
161.9250300057743
 20
-122.1698249791073
 10
161.9679974786878
 20
-122.1193677632103
 10
162.0109649516014
 20
-122.0689105473108
 10
162.0728538804777
 20
-122.0105693914277
 10
162.1536642653156
 20
-121.9443442955617
 10
162.2794131080618
 20
-121.8414588787678
 10
162.3641654628918
 20
-121.7598600999323
 10
162.4083155268038
 20
-121.6995479590538
 10
162.4524655907144
 20
-121.639235818174
 10
162.4745406226704
 20
-121.5824714502881
 10
162.4745406226704
 20
-121.5288606583967
 10
162.4745406226704
 20
-121.472490487509
 10
162.4544365757118
 20
-121.4251868476039
 10
162.4142284817926
 20
-121.3865555416819
 10
162.3740203878733
 20
-121.3479242357599
 10
162.321592186979
 20
-121.3286085827989
 10
162.256943879109
 20
-121.3286085827989
 10
162.188747798245
 20
-121.3286085827989
 10
162.1339544153552
 20
-121.349106826757
 10
162.0929579274377
 20
-121.3901033146745
 10
162.0519614395195
 20
-121.4310998025933
 10
162.0310689985613
 20
-121.4878641704792
 10
162.0306748015631
 20
-121.5603964183334
 10
162.0306748015631
 20
-121.5603964183334
 10
161.8848219118557
 20
-121.545416932362
 10
161.8848219118557
 20
-121.545416932362
 10
161.8946768368353
 20
-121.4366185605807
 10
161.9325197487603
 20
-121.3538371907467
 10
161.9975622536285
 20
-121.2966786258627
 10
162.0626047584981
 20
-121.2395200609773
 10
162.150116492323
 20
-121.2111378770337
 10
162.2600974551009
 20
-121.2111378770337
 10
162.3708668118789
 20
-121.2111378770337
 10
162.4587727427021
 20
-121.2418852429716
 10
162.5234210505721
 20
-121.3033799748497
 10
162.5880693584422
 20
-121.3648747067254
 10
162.6203935123779
 20
-121.4409547275722
 10
162.6203935123779
 20
-121.5320142343898
 10
162.6203935123779
 20
-121.5781352832965
 10
162.6109327843958
 20
-121.6238621352051
 10
162.5920113284355
 20
-121.6684063961152
 10
162.5730898724727
 20
-121.7129506570266
 10
162.541554112536
 20
-121.7602542969304
 10
162.4977982456235
 20
-121.8095289218316
 10
162.4540423787123
 20
-121.8588035467328
 10
162.3811159338586
 20
-121.926605430596
 10
162.2790189110637
 20
-122.0129345734238
 10
162.1938723592355
 20
-122.084284230281
 10
162.139078976345
 20
-122.1327704611819
 10
162.1150329593924
 20
-122.1583932661305
 10
162.0909869424416
 20
-122.1840160710804
 10
162.0708828954817
 20
-122.2096388760277
 10
162.0551150155133
 20
-122.2352616809763
 10
162.0551150155133
 20
-122.2352616809763
 10
162.6219703003744
 20
-122.2352616809763
 10
162.6219703003744
 20
-122.2352616809763
 97
        0
 75
     2
 76
     1
 98
        0
  0
POLYLINE
  5
127
330
121
100
AcDbEntity
  8
Capa 1
370
     0
100
AcDb2dPolyline
 66
     1
 10
0.0
 20
0.0
 30
0.0
  0
VERTEX
  5
128
330
127
100
AcDbEntity
  8
Capa 1
370
     0
100
AcDbVertex
100
AcDb2dVertex
 10
162.7583624621011
 20
-122.0247604834001
 30
0.0
  0
VERTEX
  5
129
330
127
100
AcDbEntity
  8
Capa 1
370
     0
100
AcDbVertex
100
AcDb2dVertex
 10
162.7583624621011
 20
-121.8820611696858
 30
0.0
  0
VERTEX
  5
12A
330
127
100
AcDbEntity
  8
Capa 1
370
     0
100
AcDbVertex
100
AcDb2dVertex
 10
163.1943443432255
 20
-121.8820611696858
 30
0.0
  0
VERTEX
  5
12B
330
127
100
AcDbEntity
  8
Capa 1
370
     0
100
AcDbVertex
100
AcDb2dVertex
 10
163.1943443432255
 20
-122.0247604834001
 30
0.0
  0
VERTEX
  5
12C
330
127
100
AcDbEntity
  8
Capa 1
370
     0
100
AcDbVertex
100
AcDb2dVertex
 10
162.7583624621011
 20
-122.0247604834001
 30
0.0
  0
SEQEND
  5
12D
330
127
100
AcDbEntity
  8
Capa 1
370
     0
  0
HATCH
  5
12E
330
121
100
AcDbEntity
  8
Capa 1
 62
   255
100
AcDbHatch
 10
0.0
 20
0.0
 30
0.0
210
0.0
220
0.0
230
1.0
  2
SOLID
 70
     1
 71
     0
 91
        1
 92
        1
 93
        4
 72
     1
 10
162.7583624621011
 20
-122.0247604834001
 11
162.7583624621011
 21
-121.8820611696858
 72
     1
 10
162.7583624621011
 20
-121.8820611696858
 11
163.1943443432255
 21
-121.8820611696858
 72
     1
 10
163.1943443432255
 20
-121.8820611696858
 11
163.1943443432255
 21
-122.0247604834001
 72
     1
 10
163.1943443432255
 20
-122.0247604834001
 11
162.7583624621011
 21
-122.0247604834001
 97
        0
 75
     2
 76
     1
 98
        0
  0
POLYLINE
  5
12F
330
121
100
AcDbEntity
  8
Capa 1
370
     0
100
AcDb2dPolyline
 66
     1
 10
0.0
 20
0.0
 30
0.0
  0
VERTEX
  5
130
330
12F
100
AcDbEntity
  8
Capa 1
370
     0
100
AcDbVertex
100
AcDb2dVertex
 10
163.766718386074
 20
-122.3716538427023
 30
0.0
  0
VERTEX
  5
131
330
12F
100
AcDbEntity
  8
Capa 1
370
     0
100
AcDbVertex
100
AcDb2dVertex
 10
163.766718386074
 20
-122.0949275492588
 30
0.0
  0
VERTEX
  5
132
330
12F
100
AcDbEntity
  8
Capa 1
370
     0
100
AcDbVertex
100
AcDb2dVertex
 10
163.2652998030819
 20
-122.0949275492588
 30
0.0
  0
VERTEX
  5
133
330
12F
100
AcDbEntity
  8
Capa 1
370
     0
100
AcDbVertex
100
AcDb2dVertex
 10
163.2652998030819
 20
-121.9648425395198
 30
0.0
  0
VERTEX
  5
134
330
12F
100
AcDbEntity
  8
Capa 1
370
     0
100
AcDbVertex
100
AcDb2dVertex
 10
163.792735388022
 20
-121.2158682410248
 30
0.0
  0
VERTEX
  5
135
330
12F
100
AcDbEntity
  8
Capa 1
370
     0
100
AcDbVertex
100
AcDb2dVertex
 10
163.9086293057893
 20
-121.2158682410248
 30
0.0
  0
VERTEX
  5
136
330
12F
100
AcDbEntity
  8
Capa 1
370
     0
100
AcDbVertex
100
AcDb2dVertex
 10
163.9086293057893
 20
-121.9648425395198
 30
0.0
  0
VERTEX
  5
137
330
12F
100
AcDbEntity
  8
Capa 1
370
     0
100
AcDbVertex
100
AcDb2dVertex
 10
164.0647313174764
 20
-121.9648425395198
 30
0.0
  0
VERTEX
  5
138
330
12F
100
AcDbEntity
  8
Capa 1
370
     0
100
AcDbVertex
100
AcDb2dVertex
 10
164.0647313174764
 20
-122.0949275492588
 30
0.0
  0
VERTEX
  5
139
330
12F
100
AcDbEntity
  8
Capa 1
370
     0
100
AcDbVertex
100
AcDb2dVertex
 10
163.9086293057893
 20
-122.0949275492588
 30
0.0
  0
VERTEX
  5
13A
330
12F
100
AcDbEntity
  8
Capa 1
370
     0
100
AcDbVertex
100
AcDb2dVertex
 10
163.9086293057893
 20
-122.3716538427023
 30
0.0
  0
VERTEX
  5
13B
330
12F
100
AcDbEntity
  8
Capa 1
370
     0
100
AcDbVertex
100
AcDb2dVertex
 10
163.766718386074
 20
-122.3716538427023
 30
0.0
  0
SEQEND
  5
13C
330
12F
100
AcDbEntity
  8
Capa 1
370
     0
  0
POLYLINE
  5
13D
330
121
100
AcDbEntity
  8
Capa 1
370
     0
100
AcDb2dPolyline
 66
     1
 10
0.0
 20
0.0
 30
0.0
  0
VERTEX
  5
13E
330
13D
100
AcDbEntity
  8
Capa 1
370
     0
100
AcDbVertex
100
AcDb2dVertex
 10
163.766718386074
 20
-121.9648425395198
 30
0.0
  0
VERTEX
  5
13F
330
13D
100
AcDbEntity
  8
Capa 1
370
     0
100
AcDbVertex
100
AcDb2dVertex
 10
163.766718386074
 20
-121.4437141065672
 30
0.0
  0
VERTEX
  5
140
330
13D
100
AcDbEntity
  8
Capa 1
370
     0
100
AcDbVertex
100
AcDb2dVertex
 10
163.4048455408017
 20
-121.9648425395198
 30
0.0
  0
VERTEX
  5
141
330
13D
100
AcDbEntity
  8
Capa 1
370
     0
100
AcDbVertex
100
AcDb2dVertex
 10
163.766718386074
 20
-121.9648425395198
 30
0.0
  0
SEQEND
  5
142
330
13D
100
AcDbEntity
  8
Capa 1
370
     0
  0
HATCH
  5
143
330
121
100
AcDbEntity
  8
Capa 1
 62
   255
100
AcDbHatch
 10
0.0
 20
0.0
 30
0.0
210
0.0
220
0.0
230
1.0
  2
SOLID
 70
     1
 71
     0
 91
        2
 92
        1
 93
       11
 72
     1
 10
163.766718386074
 20
-122.3716538427023
 11
163.766718386074
 21
-122.0949275492588
 72
     1
 10
163.766718386074
 20
-122.0949275492588
 11
163.2652998030819
 21
-122.0949275492588
 72
     1
 10
163.2652998030819
 20
-122.0949275492588
 11
163.2652998030819
 21
-121.9648425395198
 72
     1
 10
163.2652998030819
 20
-121.9648425395198
 11
163.792735388022
 21
-121.2158682410248
 72
     1
 10
163.792735388022
 20
-121.2158682410248
 11
163.9086293057893
 21
-121.2158682410248
 72
     1
 10
163.9086293057893
 20
-121.2158682410248
 11
163.9086293057893
 21
-121.9648425395198
 72
     1
 10
163.9086293057893
 20
-121.9648425395198
 11
164.0647313174764
 21
-121.9648425395198
 72
     1
 10
164.0647313174764
 20
-121.9648425395198
 11
164.0647313174764
 21
-122.0949275492588
 72
     1
 10
164.0647313174764
 20
-122.0949275492588
 11
163.9086293057893
 21
-122.0949275492588
 72
     1
 10
163.9086293057893
 20
-122.0949275492588
 11
163.9086293057893
 21
-122.3716538427023
 72
     1
 10
163.9086293057893
 20
-122.3716538427023
 11
163.766718386074
 21
-122.3716538427023
 97
        0
 92
        1
 93
        3
 72
     1
 10
163.766718386074
 20
-121.9648425395198
 11
163.766718386074
 21
-121.4437141065672
 72
     1
 10
163.766718386074
 20
-121.4437141065672
 11
163.4048455408017
 21
-121.9648425395198
 72
     1
 10
163.4048455408017
 20
-121.9648425395198
 11
163.766718386074
 21
-121.9648425395198
 97
        0
 75
     2
 76
     1
 98
        0
  0
SPLINE
  5
144
330
121
100
AcDbEntity
  8
Capa 1
370
     0
100
AcDbSpline
210
0.0
220
0.0
230
1.0
 70
    11
 71
     3
 72
    62
 73
    58
 74
     0
 42
0.0000000001
 43
0.0000000001
 12
1.0
 22
0.0
 32
0.0
 13
1.0
 23
0.0
 33
0.0
 40
0.0
 40
0.0
 40
0.0
 40
0.0
 40
1.0
 40
1.0
 40
1.0
 40
2.0
 40
2.0
 40
2.0
 40
3.0
 40
3.0
 40
3.0
 40
4.0
 40
4.0
 40
4.0
 40
5.0
 40
5.0
 40
5.0
 40
6.0
 40
6.0
 40
6.0
 40
7.0
 40
7.0
 40
7.0
 40
8.0
 40
8.0
 40
8.0
 40
9.0
 40
9.0
 40
9.0
 40
10.0
 40
10.0
 40
10.0
 40
11.0
 40
11.0
 40
11.0
 40
12.0
 40
12.0
 40
12.0
 40
13.0
 40
13.0
 40
13.0
 40
14.0
 40
14.0
 40
14.0
 40
15.0
 40
15.0
 40
15.0
 40
16.0
 40
16.0
 40
16.0
 40
17.0
 40
17.0
 40
17.0
 40
18.0
 40
18.0
 40
18.0
 40
19.0
 40
19.0
 40
19.0
 40
19.0
 10
164.4691774386628
 20
-122.3716538427023
 30
0.0
 10
164.4691774386628
 20
-122.3716538427023
 30
0.0
 10
164.1624921732798
 20
-121.2158682410248
 30
0.0
 10
164.1624921732798
 20
-121.2158682410248
 30
0.0
 10
164.1624921732798
 20
-121.2158682410248
 30
0.0
 10
164.3193825789646
 20
-121.2158682410248
 30
0.0
 10
164.3193825789646
 20
-121.2158682410248
 30
0.0
 10
164.3193825789646
 20
-121.2158682410248
 30
0.0
 10
164.4951944406109
 20
-121.9735148735029
 30
0.0
 10
164.4951944406109
 20
-121.9735148735029
 30
0.0
 10
164.5141158965737
 20
-122.0527484703442
 30
0.0
 10
164.5302779735403
 20
-122.1315878701848
 30
0.0
 10
164.5440748685126
 20
-122.2100330730272
 30
0.0
 10
164.5736396434533
 20
-122.0866494122752
 30
0.0
 10
164.5909843114195
 20
-122.0152997554193
 30
0.0
 10
164.5961088724074
 20
-121.9963782994565
 30
0.0
 10
164.5961088724074
 20
-121.9963782994565
 30
0.0
 10
164.8160707979663
 20
-121.2158682410248
 30
0.0
 10
164.8160707979663
 20
-121.2158682410248
 30
0.0
 10
164.8160707979663
 20
-121.2158682410248
 30
0.0
 10
165.0005549935951
 20
-121.2158682410248
 30
0.0
 10
165.0005549935951
 20
-121.2158682410248
 30
0.0
 10
165.0005549935951
 20
-121.2158682410248
 30
0.0
 10
165.166117733263
 20
-121.8008565878498
 30
0.0
 10
165.166117733263
 20
-121.8008565878498
 30
0.0
 10
165.2075084181799
 20
-121.945921083557
 30
0.0
 10
165.2374673901201
 20
-122.0823132452836
 30
0.0
 10
165.2559946490822
 20
-122.2100330730272
 30
0.0
 10
165.2705799380534
 20
-122.1371066281735
 30
0.0
 10
165.2898955910144
 20
-122.0531426673424
 30
0.0
 10
165.313547410967
 20
-121.9585353875328
 30
0.0
 10
165.313547410967
 20
-121.9585353875328
 30
0.0
 10
165.4948780306019
 20
-121.2158682410248
 30
0.0
 10
165.4948780306019
 20
-121.2158682410248
 30
0.0
 10
165.4948780306019
 20
-121.2158682410248
 30
0.0
 10
165.6486148602935
 20
-121.2158682410248
 30
0.0
 10
165.6486148602935
 20
-121.2158682410248
 30
0.0
 10
165.6486148602935
 20
-121.2158682410248
 30
0.0
 10
165.3316804729309
 20
-122.3716538427023
 30
0.0
 10
165.3316804729309
 20
-122.3716538427023
 30
0.0
 10
165.3316804729309
 20
-122.3716538427023
 30
0.0
 10
165.1842507952269
 20
-122.3716538427023
 30
0.0
 10
165.1842507952269
 20
-122.3716538427023
 30
0.0
 10
165.1842507952269
 20
-122.3716538427023
 30
0.0
 10
164.9406370497161
 20
-121.491017746471
 30
0.0
 10
164.9406370497161
 20
-121.491017746471
 30
0.0
 10
164.9201388057567
 20
-121.4173029076197
 30
0.0
 10
164.9079186987822
 20
-121.3723644497114
 30
0.0
 10
164.9043709257889
 20
-121.3554139787446
 30
0.0
 10
164.8921508188138
 20
-121.4086305736379
 30
0.0
 10
164.8811133028352
 20
-121.4535690315462
 30
0.0
 10
164.8704699838573
 20
-121.491017746471
 30
0.0
 10
164.8704699838573
 20
-121.491017746471
 30
0.0
 10
164.6252794503499
 20
-122.3716538427023
 30
0.0
 10
164.6252794503499
 20
-122.3716538427023
 30
0.0
 10
164.6252794503499
 20
-122.3716538427023
 30
0.0
 10
164.4691774386628
 20
-122.3716538427023
 30
0.0
 10
164.4691774386628
 20
-122.3716538427023
 30
0.0
  0
HATCH
  5
145
330
121
100
AcDbEntity
  8
Capa 1
 62
   255
100
AcDbHatch
 10
0.0
 20
0.0
 30
0.0
210
0.0
220
0.0
230
1.0
  2
SOLID
 70
     1
 71
     0
 91
        1
 92
        1
 93
        1
 72
     4
 94
        3
 73
     0
 74
     1
 95
       62
 96
       58
 40
0.0
 40
0.0
 40
0.0
 40
0.0
 40
1.0
 40
1.0
 40
1.0
 40
2.0
 40
2.0
 40
2.0
 40
3.0
 40
3.0
 40
3.0
 40
4.0
 40
4.0
 40
4.0
 40
5.0
 40
5.0
 40
5.0
 40
6.0
 40
6.0
 40
6.0
 40
7.0
 40
7.0
 40
7.0
 40
8.0
 40
8.0
 40
8.0
 40
9.0
 40
9.0
 40
9.0
 40
10.0
 40
10.0
 40
10.0
 40
11.0
 40
11.0
 40
11.0
 40
12.0
 40
12.0
 40
12.0
 40
13.0
 40
13.0
 40
13.0
 40
14.0
 40
14.0
 40
14.0
 40
15.0
 40
15.0
 40
15.0
 40
16.0
 40
16.0
 40
16.0
 40
17.0
 40
17.0
 40
17.0
 40
18.0
 40
18.0
 40
18.0
 40
19.0
 40
19.0
 40
19.0
 40
19.0
 10
164.4691774386628
 20
-122.3716538427023
 10
164.4691774386628
 20
-122.3716538427023
 10
164.1624921732798
 20
-121.2158682410248
 10
164.1624921732798
 20
-121.2158682410248
 10
164.1624921732798
 20
-121.2158682410248
 10
164.3193825789646
 20
-121.2158682410248
 10
164.3193825789646
 20
-121.2158682410248
 10
164.3193825789646
 20
-121.2158682410248
 10
164.4951944406109
 20
-121.9735148735029
 10
164.4951944406109
 20
-121.9735148735029
 10
164.5141158965737
 20
-122.0527484703442
 10
164.5302779735403
 20
-122.1315878701848
 10
164.5440748685126
 20
-122.2100330730272
 10
164.5736396434533
 20
-122.0866494122752
 10
164.5909843114195
 20
-122.0152997554193
 10
164.5961088724074
 20
-121.9963782994565
 10
164.5961088724074
 20
-121.9963782994565
 10
164.8160707979663
 20
-121.2158682410248
 10
164.8160707979663
 20
-121.2158682410248
 10
164.8160707979663
 20
-121.2158682410248
 10
165.0005549935951
 20
-121.2158682410248
 10
165.0005549935951
 20
-121.2158682410248
 10
165.0005549935951
 20
-121.2158682410248
 10
165.166117733263
 20
-121.8008565878498
 10
165.166117733263
 20
-121.8008565878498
 10
165.2075084181799
 20
-121.945921083557
 10
165.2374673901201
 20
-122.0823132452836
 10
165.2559946490822
 20
-122.2100330730272
 10
165.2705799380534
 20
-122.1371066281735
 10
165.2898955910144
 20
-122.0531426673424
 10
165.313547410967
 20
-121.9585353875328
 10
165.313547410967
 20
-121.9585353875328
 10
165.4948780306019
 20
-121.2158682410248
 10
165.4948780306019
 20
-121.2158682410248
 10
165.4948780306019
 20
-121.2158682410248
 10
165.6486148602935
 20
-121.2158682410248
 10
165.6486148602935
 20
-121.2158682410248
 10
165.6486148602935
 20
-121.2158682410248
 10
165.3316804729309
 20
-122.3716538427023
 10
165.3316804729309
 20
-122.3716538427023
 10
165.3316804729309
 20
-122.3716538427023
 10
165.1842507952269
 20
-122.3716538427023
 10
165.1842507952269
 20
-122.3716538427023
 10
165.1842507952269
 20
-122.3716538427023
 10
164.9406370497161
 20
-121.491017746471
 10
164.9406370497161
 20
-121.491017746471
 10
164.9201388057567
 20
-121.4173029076197
 10
164.9079186987822
 20
-121.3723644497114
 10
164.9043709257889
 20
-121.3554139787446
 10
164.8921508188138
 20
-121.4086305736379
 10
164.8811133028352
 20
-121.4535690315462
 10
164.8704699838573
 20
-121.491017746471
 10
164.8704699838573
 20
-121.491017746471
 10
164.6252794503499
 20
-122.3716538427023
 10
164.6252794503499
 20
-122.3716538427023
 10
164.6252794503499
 20
-122.3716538427023
 10
164.4691774386628
 20
-122.3716538427023
 10
164.4691774386628
 20
-122.3716538427023
 97
        0
 75
     2
 76
     1
 98
        0
  0
ENDBLK
  5
124
330
121
100
AcDbEntity
  8
0
100
AcDbBlockEnd
  0
BLOCK
  5
1E7
330
1E5
100
AcDbEntity
  8
0
100
AcDbBlockBegin
  2
block 3
 70
     0
 10
0.0
 20
0.0
 30
0.0
  3
block 3
  1

  0
POLYLINE
  5
1E9
330
1E5
100
AcDbEntity
  8
Capa 1
370
     0
100
AcDb2dPolyline
 66
     1
 10
0.0
 20
0.0
 30
0.0
  0
VERTEX
  5
1EA
330
1E9
100
AcDbEntity
  8
Capa 1
370
     0
100
AcDbVertex
100
AcDb2dVertex
 10
144.3525170011036
 20
-100.2791231614865
 30
0.0
  0
VERTEX
  5
1EB
330
1E9
100
AcDbEntity
  8
Capa 1
370
     0
100
AcDbVertex
100
AcDb2dVertex
 10
144.286258978423
 20
-100.2791231614865
 30
0.0
  0
VERTEX
  5
1EC
330
1E9
100
AcDbEntity
  8
Capa 1
370
     0
100
AcDbVertex
100
AcDb2dVertex
 10
144.286258978423
 20
-97.23305333107797
 30
0.0
  0
VERTEX
  5
1ED
330
1E9
100
AcDbEntity
  8
Capa 1
370
     0
100
AcDbVertex
100
AcDb2dVertex
 10
144.3525170011036
 20
-97.23305333107797
 30
0.0
  0
VERTEX
  5
1EE
330
1E9
100
AcDbEntity
  8
Capa 1
370
     0
100
AcDbVertex
100
AcDb2dVertex
 10
144.3525170011036
 20
-100.2791231614865
 30
0.0
  0
SEQEND
  5
1F0
330
1E9
100
AcDbEntity
  8
Capa 1
370
     0
  0
HATCH
  5
1EF
330
1E5
100
AcDbEntity
  8
Capa 1
 62
   255
100
AcDbHatch
 10
0.0
 20
0.0
 30
0.0
210
0.0
220
0.0
230
1.0
  2
SOLID
 70
     1
 71
     0
 91
        1
 92
        1
 93
        4
 72
     1
 10
144.3525170011036
 20
-100.2791231614865
 11
144.286258978423
 21
-100.2791231614865
 72
     1
 10
144.286258978423
 20
-100.2791231614865
 11
144.286258978423
 21
-97.23305333107797
 72
     1
 10
144.286258978423
 20
-97.23305333107797
 11
144.3525170011036
 21
-97.23305333107797
 72
     1
 10
144.3525170011036
 20
-97.23305333107797
 11
144.3525170011036
 21
-100.2791231614865
 97
        0
 75
     2
 76
     1
 98
        0
  0
ENDBLK
  5
1E8
330
1E5
100
AcDbEntity
  8
0
100
AcDbBlockEnd
  0
ENDSEC
  0
SECTION
  2
ENTITIES
  0
SPLINE
  5
41
330
1F
100
AcDbEntity
  8
Capa 1
370
     0
100
AcDbSpline
210
0.0
220
0.0
230
1.0
 70
    11
 71
     3
 72
    50
 73
    46
 74
     0
 42
0.0000000001
 43
0.0000000001
 12
1.0
 22
0.0
 32
0.0
 13
1.0
 23
0.0
 33
0.0
 40
0.0
 40
0.0
 40
0.0
 40
0.0
 40
1.0
 40
1.0
 40
1.0
 40
2.0
 40
2.0
 40
2.0
 40
3.0
 40
3.0
 40
3.0
 40
4.0
 40
4.0
 40
4.0
 40
5.0
 40
5.0
 40
5.0
 40
6.0
 40
6.0
 40
6.0
 40
7.0
 40
7.0
 40
7.0
 40
8.0
 40
8.0
 40
8.0
 40
9.0
 40
9.0
 40
9.0
 40
10.0
 40
10.0
 40
10.0
 40
11.0
 40
11.0
 40
11.0
 40
12.0
 40
12.0
 40
12.0
 40
13.0
 40
13.0
 40
13.0
 40
14.0
 40
14.0
 40
14.0
 40
15.0
 40
15.0
 40
15.0
 40
15.0
 10
142.5214067753428
 20
-119.2323597160061
 30
0.0
 10
142.5214067753428
 20
-119.2323597160061
 30
0.0
 10
142.7014758962971
 20
-119.2554878599815
 30
0.0
 10
142.7014758962971
 20
-119.2554878599815
 30
0.0
 10
142.6730913559608
 20
-119.3650461783585
 30
0.0
 10
142.6204523010058
 20
-119.4499745252321
 30
0.0
 10
142.5437089141774
 20
-119.5104230833526
 30
0.0
 10
142.4668904359748
 20
-119.570871641468
 30
0.0
 10
142.3688210982087
 20
-119.6011334662139
 30
0.0
 10
142.2494258095021
 20
-119.6011334662139
 30
0.0
 10
142.0990177822862
 20
-119.6011334662139
 30
0.0
 10
141.9798477677105
 20
-119.5529248024725
 30
0.0
 10
141.8916904916439
 20
-119.4565074749883
 30
0.0
 10
141.8036083069597
 20
-119.3601652388832
 30
0.0
 10
141.7596047603022
 20
-119.2249256697297
 30
0.0
 10
141.7596047603022
 20
-119.050938950277
 30
0.0
 10
141.7596047603022
 20
-118.8709449207021
 30
0.0
 10
141.8041339465921
 20
-118.7311998689518
 30
0.0
 10
141.8931923191735
 20
-118.631778886409
 30
0.0
 10
141.9822506917577
 20
-118.5323579038624
 30
0.0
 10
142.0977412288847
 20
-118.4826474125917
 30
0.0
 10
142.2397390219282
 20
-118.4826474125917
 30
0.0
 10
142.3771562410043
 20
-118.4826474125917
 30
0.0
 10
142.4894929403137
 20
-118.5313066245907
 30
0.0
 10
142.5765989371034
 20
-118.6287001399669
 30
0.0
 10
142.6637049338951
 20
-118.7261687467235
 30
0.0
 10
142.7072579322919
 20
-118.863210508916
 30
0.0
 10
142.7072579322919
 20
-119.0398254265475
 30
0.0
 10
142.7072579322919
 20
-119.0506385847712
 30
0.0
 10
142.7069575667883
 20
-119.06670813935
 30
0.0
 10
142.7062817443985
 20
-119.088259364417
 30
0.0
 10
142.7062817443985
 20
-119.088259364417
 30
0.0
 10
141.9396738812588
 20
-119.088259364417
 30
0.0
 10
141.9396738812588
 20
-119.088259364417
 30
0.0
 10
141.9460566482643
 20
-119.2057773687108
 30
0.0
 10
141.9780455746715
 20
-119.2958119291852
 30
0.0
 10
142.0354904777284
 20
-119.3582879544716
 30
0.0
 10
142.0929353807858
 20
-119.4207639797515
 30
0.0
 10
142.1645725540085
 20
-119.4520019923966
 30
0.0
 10
142.2504019973952
 20
-119.4520019923966
 30
0.0
 10
142.3142296674573
 20
-119.4520019923966
 30
0.0
 10
142.3688210982087
 20
-119.4345057016637
 30
0.0
 10
142.4139510155084
 20
-119.3995882115674
 30
0.0
 10
142.4591560241874
 20
-119.3646707214749
 30
0.0
 10
142.4949746107997
 20
-119.3088778287093
 30
0.0
 10
142.5214067753428
 20
-119.2323597160061
 30
0.0
  0
SPLINE
  5
42
330
1F
100
AcDbEntity
  8
Capa 1
370
     0
100
AcDbSpline
210
0.0
220
0.0
230
1.0
 70
    11
 71
     3
 72
    20
 73
    16
 74
     0
 42
0.0000000001
 43
0.0000000001
 12
1.0
 22
0.0
 32
0.0
 13
1.0
 23
0.0
 33
0.0
 40
0.0
 40
0.0
 40
0.0
 40
0.0
 40
1.0
 40
1.0
 40
1.0
 40
2.0
 40
2.0
 40
2.0
 40
3.0
 40
3.0
 40
3.0
 40
4.0
 40
4.0
 40
4.0
 40
5.0
 40
5.0
 40
5.0
 40
5.0
 10
141.9492855774533
 20
-118.9391278905984
 30
0.0
 10
141.9492855774533
 20
-118.9391278905984
 30
0.0
 10
142.5233591511331
 20
-118.9391278905984
 30
0.0
 10
142.5233591511331
 20
-118.9391278905984
 30
0.0
 10
142.5156247393531
 20
-118.849093330124
 30
0.0
 10
142.4936980574008
 20
-118.781586182612
 30
0.0
 10
142.4575040139065
 20
-118.7365313566872
 30
0.0
 10
142.4020114866403
 20
-118.6666963765009
 30
0.0
 10
142.3300739479082
 20
-118.631778886409
 30
0.0
 10
142.241691397716
 20
-118.631778886409
 30
0.0
 10
142.1616439903239
 20
-118.631778886409
 30
0.0
 10
142.0943621169377
 20
-118.6596377871043
 30
0.0
 10
142.0398457775678
 20
-118.7153555885037
 30
0.0
 10
141.9852543468217
 20
-118.7711484812706
 30
0.0
 10
141.9551427048265
 20
-118.8457142181793
 30
0.0
 10
141.9492855774533
 20
-118.9391278905984
 30
0.0
  0
HATCH
  5
43
330
1F
100
AcDbEntity
  8
Capa 1
 62
   255
100
AcDbHatch
 10
0.0
 20
0.0
 30
0.0
210
0.0
220
0.0
230
1.0
  2
SOLID
 70
     1
 71
     0
 91
        2
 92
        1
 93
        1
 72
     4
 94
        3
 73
     0
 74
     1
 95
       50
 96
       46
 40
0.0
 40
0.0
 40
0.0
 40
0.0
 40
1.0
 40
1.0
 40
1.0
 40
2.0
 40
2.0
 40
2.0
 40
3.0
 40
3.0
 40
3.0
 40
4.0
 40
4.0
 40
4.0
 40
5.0
 40
5.0
 40
5.0
 40
6.0
 40
6.0
 40
6.0
 40
7.0
 40
7.0
 40
7.0
 40
8.0
 40
8.0
 40
8.0
 40
9.0
 40
9.0
 40
9.0
 40
10.0
 40
10.0
 40
10.0
 40
11.0
 40
11.0
 40
11.0
 40
12.0
 40
12.0
 40
12.0
 40
13.0
 40
13.0
 40
13.0
 40
14.0
 40
14.0
 40
14.0
 40
15.0
 40
15.0
 40
15.0
 40
15.0
 10
142.5214067753428
 20
-119.2323597160061
 10
142.5214067753428
 20
-119.2323597160061
 10
142.7014758962971
 20
-119.2554878599815
 10
142.7014758962971
 20
-119.2554878599815
 10
142.6730913559608
 20
-119.3650461783585
 10
142.6204523010058
 20
-119.4499745252321
 10
142.5437089141774
 20
-119.5104230833526
 10
142.4668904359748
 20
-119.570871641468
 10
142.3688210982087
 20
-119.6011334662139
 10
142.2494258095021
 20
-119.6011334662139
 10
142.0990177822862
 20
-119.6011334662139
 10
141.9798477677105
 20
-119.5529248024725
 10
141.8916904916439
 20
-119.4565074749883
 10
141.8036083069597
 20
-119.3601652388832
 10
141.7596047603022
 20
-119.2249256697297
 10
141.7596047603022
 20
-119.050938950277
 10
141.7596047603022
 20
-118.8709449207021
 10
141.8041339465921
 20
-118.7311998689518
 10
141.8931923191735
 20
-118.631778886409
 10
141.9822506917577
 20
-118.5323579038624
 10
142.0977412288847
 20
-118.4826474125917
 10
142.2397390219282
 20
-118.4826474125917
 10
142.3771562410043
 20
-118.4826474125917
 10
142.4894929403137
 20
-118.5313066245907
 10
142.5765989371034
 20
-118.6287001399669
 10
142.6637049338951
 20
-118.7261687467235
 10
142.7072579322919
 20
-118.863210508916
 10
142.7072579322919
 20
-119.0398254265475
 10
142.7072579322919
 20
-119.0506385847712
 10
142.7069575667883
 20
-119.06670813935
 10
142.7062817443985
 20
-119.088259364417
 10
142.7062817443985
 20
-119.088259364417
 10
141.9396738812588
 20
-119.088259364417
 10
141.9396738812588
 20
-119.088259364417
 10
141.9460566482643
 20
-119.2057773687108
 10
141.9780455746715
 20
-119.2958119291852
 10
142.0354904777284
 20
-119.3582879544716
 10
142.0929353807858
 20
-119.4207639797515
 10
142.1645725540085
 20
-119.4520019923966
 10
142.2504019973952
 20
-119.4520019923966
 10
142.3142296674573
 20
-119.4520019923966
 10
142.3688210982087
 20
-119.4345057016637
 10
142.4139510155084
 20
-119.3995882115674
 10
142.4591560241874
 20
-119.3646707214749
 10
142.4949746107997
 20
-119.3088778287093
 10
142.5214067753428
 20
-119.2323597160061
 97
        0
 92
        1
 93
        1
 72
     4
 94
        3
 73
     0
 74
     1
 95
       20
 96
       16
 40
0.0
 40
0.0
 40
0.0
 40
0.0
 40
1.0
 40
1.0
 40
1.0
 40
2.0
 40
2.0
 40
2.0
 40
3.0
 40
3.0
 40
3.0
 40
4.0
 40
4.0
 40
4.0
 40
5.0
 40
5.0
 40
5.0
 40
5.0
 10
141.9492855774533
 20
-118.9391278905984
 10
141.9492855774533
 20
-118.9391278905984
 10
142.5233591511331
 20
-118.9391278905984
 10
142.5233591511331
 20
-118.9391278905984
 10
142.5156247393531
 20
-118.849093330124
 10
142.4936980574008
 20
-118.781586182612
 10
142.4575040139065
 20
-118.7365313566872
 10
142.4020114866403
 20
-118.6666963765009
 10
142.3300739479082
 20
-118.631778886409
 10
142.241691397716
 20
-118.631778886409
 10
142.1616439903239
 20
-118.631778886409
 10
142.0943621169377
 20
-118.6596377871043
 10
142.0398457775678
 20
-118.7153555885037
 10
141.9852543468217
 20
-118.7711484812706
 10
141.9551427048265
 20
-118.8457142181793
 10
141.9492855774533
 20
-118.9391278905984
 97
        0
 75
     2
 76
     1
 98
        0
  0
SPLINE
  5
44
330
1F
100
AcDbEntity
  8
Capa 1
370
     0
100
AcDbSpline
210
0.0
220
0.0
230
1.0
 70
    11
 71
     3
 72
    89
 73
    85
 74
     0
 42
0.0000000001
 43
0.0000000001
 12
1.0
 22
0.0
 32
0.0
 13
1.0
 23
0.0
 33
0.0
 40
0.0
 40
0.0
 40
0.0
 40
0.0
 40
1.0
 40
1.0
 40
1.0
 40
2.0
 40
2.0
 40
2.0
 40
3.0
 40
3.0
 40
3.0
 40
4.0
 40
4.0
 40
4.0
 40
5.0
 40
5.0
 40
5.0
 40
6.0
 40
6.0
 40
6.0
 40
7.0
 40
7.0
 40
7.0
 40
8.0
 40
8.0
 40
8.0
 40
9.0
 40
9.0
 40
9.0
 40
10.0
 40
10.0
 40
10.0
 40
11.0
 40
11.0
 40
11.0
 40
12.0
 40
12.0
 40
12.0
 40
13.0
 40
13.0
 40
13.0
 40
14.0
 40
14.0
 40
14.0
 40
15.0
 40
15.0
 40
15.0
 40
16.0
 40
16.0
 40
16.0
 40
17.0
 40
17.0
 40
17.0
 40
18.0
 40
18.0
 40
18.0
 40
19.0
 40
19.0
 40
19.0
 40
20.0
 40
20.0
 40
20.0
 40
21.0
 40
21.0
 40
21.0
 40
22.0
 40
22.0
 40
22.0
 40
23.0
 40
23.0
 40
23.0
 40
24.0
 40
24.0
 40
24.0
 40
25.0
 40
25.0
 40
25.0
 40
26.0
 40
26.0
 40
26.0
 40
27.0
 40
27.0
 40
27.0
 40
28.0
 40
28.0
 40
28.0
 40
28.0
 10
142.920217076172
 20
-119.5769540429667
 30
0.0
 10
142.920217076172
 20
-119.5769540429667
 30
0.0
 10
142.920217076172
 20
-118.5068268358389
 30
0.0
 10
142.920217076172
 20
-118.5068268358389
 30
0.0
 10
142.920217076172
 20
-118.5068268358389
 30
0.0
 10
143.0761067738781
 20
-118.5068268358389
 30
0.0
 10
143.0761067738781
 20
-118.5068268358389
 30
0.0
 10
143.0761067738781
 20
-118.5068268358389
 30
0.0
 10
143.0761067738781
 20
-118.6569344975503
 30
0.0
 10
143.0761067738781
 20
-118.6569344975503
 30
0.0
 10
143.1083209744112
 20
-118.6045207167204
 30
0.0
 10
143.1512732417947
 20
-118.562394454479
 30
0.0
 10
143.2048133932747
 20
-118.5304806194495
 30
0.0
 10
143.2584286361241
 20
-118.4985667844163
 30
0.0
 10
143.3194028338799
 20
-118.4826474125917
 30
0.0
 10
143.3878110779085
 20
-118.4826474125917
 30
0.0
 10
143.4639537337258
 20
-118.4826474125917
 30
0.0
 10
143.5263546676341
 20
-118.4990924240567
 30
0.0
 10
143.5750889710115
 20
-118.5319824469788
 30
0.0
 10
143.6238232743895
 20
-118.5649475612801
 30
0.0
 10
143.6582151248451
 20
-118.6109034837301
 30
0.0
 10
143.6781894310048
 20
-118.6700754884431
 30
0.0
 10
143.7595133918049
 20
-118.5451234378768
 30
0.0
 10
143.8653171413522
 20
-118.4826474125917
 30
0.0
 10
143.9956757710349
 20
-118.4826474125917
 30
0.0
 10
144.0976498603812
 20
-118.4826474125917
 30
0.0
 10
144.1760452574925
 20
-118.5120081408188
 30
0.0
 10
144.2309370537485
 20
-118.570804688652
 30
0.0
 10
144.2857537586233
 20
-118.6296012364903
 30
0.0
 10
144.3132372024369
 20
-118.7200863452235
 30
0.0
 10
144.3132372024369
 20
-118.8423351062371
 30
0.0
 10
144.3132372024369
 20
-118.8423351062371
 30
0.0
 10
144.3132372024369
 20
-119.5769540429667
 30
0.0
 10
144.3132372024369
 20
-119.5769540429667
 30
0.0
 10
144.3132372024369
 20
-119.5769540429667
 30
0.0
 10
144.1399263053775
 20
-119.5769540429667
 30
0.0
 10
144.1399263053775
 20
-119.5769540429667
 30
0.0
 10
144.1399263053775
 20
-119.5769540429667
 30
0.0
 10
144.1399263053775
 20
-118.9027836643563
 30
0.0
 10
144.1399263053775
 20
-118.9027836643563
 30
0.0
 10
144.1399263053775
 20
-118.8302453946148
 30
0.0
 10
144.1342944521337
 20
-118.7780568879156
 30
0.0
 10
144.1229556542751
 20
-118.7461430528836
 30
0.0
 10
144.1116919477952
 20
-118.7142292178542
 30
0.0
 10
144.0911920019989
 20
-118.6885479670726
 30
0.0
 10
144.0615309082653
 20
-118.6690242091713
 30
0.0
 10
144.0318698145292
 20
-118.6495755426503
 30
0.0
 10
143.9969523244361
 20
-118.6398136636997
 30
0.0
 10
143.9570037121127
 20
-118.6398136636997
 30
0.0
 10
143.8846907165025
 20
-118.6398136636997
 30
0.0
 10
143.8246927066436
 20
-118.664819092088
 30
0.0
 10
143.7769345911636
 20
-118.7149050402423
 30
0.0
 10
143.7291764756787
 20
-118.7649158970228
 30
0.0
 10
143.7052974179373
 20
-118.8450383957898
 30
0.0
 10
143.7052974179373
 20
-118.9551974451862
 30
0.0
 10
143.7052974179373
 20
-118.9551974451862
 30
0.0
 10
143.7052974179373
 20
-119.5769540429667
 30
0.0
 10
143.7052974179373
 20
-119.5769540429667
 30
0.0
 10
143.7052974179373
 20
-119.5769540429667
 30
0.0
 10
143.5310854243575
 20
-119.5769540429667
 30
0.0
 10
143.5310854243575
 20
-119.5769540429667
 30
0.0
 10
143.5310854243575
 20
-119.5769540429667
 30
0.0
 10
143.5310854243575
 20
-118.8816829875461
 30
0.0
 10
143.5310854243575
 20
-118.8816829875461
 30
0.0
 10
143.5310854243575
 20
-118.8010348491406
 30
0.0
 10
143.5168180628129
 20
-118.7405862910201
 30
0.0
 10
143.4884335224792
 20
-118.7002622218164
 30
0.0
 10
143.4600489821446
 20
-118.6599381526088
 30
0.0
 10
143.4135674200666
 20
-118.6398136636997
 30
0.0
 10
143.3490639276119
 20
-118.6398136636997
 30
0.0
 10
143.3000292587296
 20
-118.6398136636997
 30
0.0
 10
143.2546740672977
 20
-118.6532550200984
 30
0.0
 10
143.2130734446922
 20
-118.6801377328996
 30
0.0
 10
143.1714728220854
 20
-118.7070204457046
 30
0.0
 10
143.1412860887172
 20
-118.7462932356416
 30
0.0
 10
143.1225883359554
 20
-118.7980311940756
 30
0.0
 10
143.1038154918201
 20
-118.8497691525122
 30
0.0
 10
143.0945041611299
 20
-118.9243348894247
 30
0.0
 10
143.0945041611299
 20
-119.0217284048016
 30
0.0
 10
143.0945041611299
 20
-119.0217284048016
 30
0.0
 10
143.0945041611299
 20
-119.5769540429667
 30
0.0
 10
143.0945041611299
 20
-119.5769540429667
 30
0.0
 10
143.0945041611299
 20
-119.5769540429667
 30
0.0
 10
142.920217076172
 20
-119.5769540429667
 30
0.0
 10
142.920217076172
 20
-119.5769540429667
 30
0.0
  0
HATCH
  5
45
330
1F
100
AcDbEntity
  8
Capa 1
 62
   255
100
AcDbHatch
 10
0.0
 20
0.0
 30
0.0
210
0.0
220
0.0
230
1.0
  2
SOLID
 70
     1
 71
     0
 91
        1
 92
        1
 93
        1
 72
     4
 94
        3
 73
     0
 74
     1
 95
       89
 96
       85
 40
0.0
 40
0.0
 40
0.0
 40
0.0
 40
1.0
 40
1.0
 40
1.0
 40
2.0
 40
2.0
 40
2.0
 40
3.0
 40
3.0
 40
3.0
 40
4.0
 40
4.0
 40
4.0
 40
5.0
 40
5.0
 40
5.0
 40
6.0
 40
6.0
 40
6.0
 40
7.0
 40
7.0
 40
7.0
 40
8.0
 40
8.0
 40
8.0
 40
9.0
 40
9.0
 40
9.0
 40
10.0
 40
10.0
 40
10.0
 40
11.0
 40
11.0
 40
11.0
 40
12.0
 40
12.0
 40
12.0
 40
13.0
 40
13.0
 40
13.0
 40
14.0
 40
14.0
 40
14.0
 40
15.0
 40
15.0
 40
15.0
 40
16.0
 40
16.0
 40
16.0
 40
17.0
 40
17.0
 40
17.0
 40
18.0
 40
18.0
 40
18.0
 40
19.0
 40
19.0
 40
19.0
 40
20.0
 40
20.0
 40
20.0
 40
21.0
 40
21.0
 40
21.0
 40
22.0
 40
22.0
 40
22.0
 40
23.0
 40
23.0
 40
23.0
 40
24.0
 40
24.0
 40
24.0
 40
25.0
 40
25.0
 40
25.0
 40
26.0
 40
26.0
 40
26.0
 40
27.0
 40
27.0
 40
27.0
 40
28.0
 40
28.0
 40
28.0
 40
28.0
 10
142.920217076172
 20
-119.5769540429667
 10
142.920217076172
 20
-119.5769540429667
 10
142.920217076172
 20
-118.5068268358389
 10
142.920217076172
 20
-118.5068268358389
 10
142.920217076172
 20
-118.5068268358389
 10
143.0761067738781
 20
-118.5068268358389
 10
143.0761067738781
 20
-118.5068268358389
 10
143.0761067738781
 20
-118.5068268358389
 10
143.0761067738781
 20
-118.6569344975503
 10
143.0761067738781
 20
-118.6569344975503
 10
143.1083209744112
 20
-118.6045207167204
 10
143.1512732417947
 20
-118.562394454479
 10
143.2048133932747
 20
-118.5304806194495
 10
143.2584286361241
 20
-118.4985667844163
 10
143.3194028338799
 20
-118.4826474125917
 10
143.3878110779085
 20
-118.4826474125917
 10
143.4639537337258
 20
-118.4826474125917
 10
143.5263546676341
 20
-118.4990924240567
 10
143.5750889710115
 20
-118.5319824469788
 10
143.6238232743895
 20
-118.5649475612801
 10
143.6582151248451
 20
-118.6109034837301
 10
143.6781894310048
 20
-118.6700754884431
 10
143.7595133918049
 20
-118.5451234378768
 10
143.8653171413522
 20
-118.4826474125917
 10
143.9956757710349
 20
-118.4826474125917
 10
144.0976498603812
 20
-118.4826474125917
 10
144.1760452574925
 20
-118.5120081408188
 10
144.2309370537485
 20
-118.570804688652
 10
144.2857537586233
 20
-118.6296012364903
 10
144.3132372024369
 20
-118.7200863452235
 10
144.3132372024369
 20
-118.8423351062371
 10
144.3132372024369
 20
-118.8423351062371
 10
144.3132372024369
 20
-119.5769540429667
 10
144.3132372024369
 20
-119.5769540429667
 10
144.3132372024369
 20
-119.5769540429667
 10
144.1399263053775
 20
-119.5769540429667
 10
144.1399263053775
 20
-119.5769540429667
 10
144.1399263053775
 20
-119.5769540429667
 10
144.1399263053775
 20
-118.9027836643563
 10
144.1399263053775
 20
-118.9027836643563
 10
144.1399263053775
 20
-118.8302453946148
 10
144.1342944521337
 20
-118.7780568879156
 10
144.1229556542751
 20
-118.7461430528836
 10
144.1116919477952
 20
-118.7142292178542
 10
144.0911920019989
 20
-118.6885479670726
 10
144.0615309082653
 20
-118.6690242091713
 10
144.0318698145292
 20
-118.6495755426503
 10
143.9969523244361
 20
-118.6398136636997
 10
143.9570037121127
 20
-118.6398136636997
 10
143.8846907165025
 20
-118.6398136636997
 10
143.8246927066436
 20
-118.664819092088
 10
143.7769345911636
 20
-118.7149050402423
 10
143.7291764756787
 20
-118.7649158970228
 10
143.7052974179373
 20
-118.8450383957898
 10
143.7052974179373
 20
-118.9551974451862
 10
143.7052974179373
 20
-118.9551974451862
 10
143.7052974179373
 20
-119.5769540429667
 10
143.7052974179373
 20
-119.5769540429667
 10
143.7052974179373
 20
-119.5769540429667
 10
143.5310854243575
 20
-119.5769540429667
 10
143.5310854243575
 20
-119.5769540429667
 10
143.5310854243575
 20
-119.5769540429667
 10
143.5310854243575
 20
-118.8816829875461
 10
143.5310854243575
 20
-118.8816829875461
 10
143.5310854243575
 20
-118.8010348491406
 10
143.5168180628129
 20
-118.7405862910201
 10
143.4884335224792
 20
-118.7002622218164
 10
143.4600489821446
 20
-118.6599381526088
 10
143.4135674200666
 20
-118.6398136636997
 10
143.3490639276119
 20
-118.6398136636997
 10
143.3000292587296
 20
-118.6398136636997
 10
143.2546740672977
 20
-118.6532550200984
 10
143.2130734446922
 20
-118.6801377328996
 10
143.1714728220854
 20
-118.7070204457046
 10
143.1412860887172
 20
-118.7462932356416
 10
143.1225883359554
 20
-118.7980311940756
 10
143.1038154918201
 20
-118.8497691525122
 10
143.0945041611299
 20
-118.9243348894247
 10
143.0945041611299
 20
-119.0217284048016
 10
143.0945041611299
 20
-119.0217284048016
 10
143.0945041611299
 20
-119.5769540429667
 10
143.0945041611299
 20
-119.5769540429667
 10
143.0945041611299
 20
-119.5769540429667
 10
142.920217076172
 20
-119.5769540429667
 10
142.920217076172
 20
-119.5769540429667
 97
        0
 75
     2
 76
     1
 98
        0
  0
SPLINE
  5
46
330
1F
100
AcDbEntity
  8
Capa 1
370
     0
100
AcDbSpline
210
0.0
220
0.0
230
1.0
 70
    11
 71
     3
 72
    44
 73
    40
 74
     0
 42
0.0000000001
 43
0.0000000001
 12
1.0
 22
0.0
 32
0.0
 13
1.0
 23
0.0
 33
0.0
 40
0.0
 40
0.0
 40
0.0
 40
0.0
 40
1.0
 40
1.0
 40
1.0
 40
2.0
 40
2.0
 40
2.0
 40
3.0
 40
3.0
 40
3.0
 40
4.0
 40
4.0
 40
4.0
 40
5.0
 40
5.0
 40
5.0
 40
6.0
 40
6.0
 40
6.0
 40
7.0
 40
7.0
 40
7.0
 40
8.0
 40
8.0
 40
8.0
 40
9.0
 40
9.0
 40
9.0
 40
10.0
 40
10.0
 40
10.0
 40
11.0
 40
11.0
 40
11.0
 40
12.0
 40
12.0
 40
12.0
 40
13.0
 40
13.0
 40
13.0
 40
13.0
 10
144.7323221749313
 20
-119.5769540429667
 30
0.0
 10
144.7323221749313
 20
-119.5769540429667
 30
0.0
 10
144.5706504412342
 20
-119.5769540429667
 30
0.0
 10
144.5706504412342
 20
-119.5769540429667
 30
0.0
 10
144.5706504412342
 20
-119.5769540429667
 30
0.0
 10
144.5706504412342
 20
-118.099681392218
 30
0.0
 10
144.5706504412342
 20
-118.099681392218
 30
0.0
 10
144.5706504412342
 20
-118.099681392218
 30
0.0
 10
144.7449375261921
 20
-118.099681392218
 30
0.0
 10
144.7449375261921
 20
-118.099681392218
 30
0.0
 10
144.7449375261921
 20
-118.099681392218
 30
0.0
 10
144.7449375261921
 20
-118.6267477641769
 30
0.0
 10
144.7449375261921
 20
-118.6267477641769
 30
0.0
 10
144.8185270752061
 20
-118.5306308022025
 30
0.0
 10
144.912391295884
 20
-118.4826474125917
 30
0.0
 10
145.0266052796066
 20
-118.4826474125917
 30
0.0
 10
145.0898322186579
 20
-118.4826474125917
 30
0.0
 10
145.1496800457623
 20
-118.4958634948623
 30
0.0
 10
145.2061487609234
 20
-118.5224458421589
 30
0.0
 10
145.2626174760862
 20
-118.5489530980803
 30
0.0
 10
145.3090990381642
 20
-118.5862735122216
 30
0.0
 10
145.3455934471675
 20
-118.6342569018311
 30
0.0
 10
145.3820127647903
 20
-118.6823153828209
 30
0.0
 10
145.4105474878753
 20
-118.7402859255129
 30
0.0
 10
145.4312727078022
 20
-118.8080934385334
 30
0.0
 10
145.4519228363511
 20
-118.875976042929
 30
0.0
 10
145.4622103549383
 20
-118.9485143126719
 30
0.0
 10
145.4622103549383
 20
-119.025783339132
 30
0.0
 10
145.4622103549383
 20
-119.2091564806517
 30
0.0
 10
145.4186573565453
 20
-119.3509289995729
 30
0.0
 10
145.3315513597501
 20
-119.4510258045039
 30
0.0
 10
145.2444453629616
 20
-119.5511226094373
 30
0.0
 10
145.1398430754384
 20
-119.6011334662139
 30
0.0
 10
145.0178946799271
 20
-119.6011334662139
 30
0.0
 10
144.8965470154343
 20
-119.6011334662139
 30
0.0
 10
144.8014062413513
 20
-119.5484193198808
 30
0.0
 10
144.7323221749313
 20
-119.4429159358367
 30
0.0
 10
144.7323221749313
 20
-119.4429159358367
 30
0.0
 10
144.7323221749313
 20
-119.5769540429667
 30
0.0
 10
144.7323221749313
 20
-119.5769540429667
 30
0.0
  0
SPLINE
  5
47
330
1F
100
AcDbEntity
  8
Capa 1
370
     0
100
AcDbSpline
210
0.0
220
0.0
230
1.0
 70
    11
 71
     3
 72
    29
 73
    25
 74
     0
 42
0.0000000001
 43
0.0000000001
 12
1.0
 22
0.0
 32
0.0
 13
1.0
 23
0.0
 33
0.0
 40
0.0
 40
0.0
 40
0.0
 40
0.0
 40
1.0
 40
1.0
 40
1.0
 40
2.0
 40
2.0
 40
2.0
 40
3.0
 40
3.0
 40
3.0
 40
4.0
 40
4.0
 40
4.0
 40
5.0
 40
5.0
 40
5.0
 40
6.0
 40
6.0
 40
6.0
 40
7.0
 40
7.0
 40
7.0
 40
8.0
 40
8.0
 40
8.0
 40
8.0
 10
144.7303697991397
 20
-119.0338181164239
 30
0.0
 10
144.7303697991397
 20
-119.1621492789388
 30
0.0
 10
144.747190267488
 20
-119.2548120375946
 30
0.0
 10
144.7807561128041
 20
-119.311956575143
 30
0.0
 10
144.8355728176815
 20
-119.4052951561883
 30
0.0
 10
144.909838189083
 20
-119.4520019923966
 30
0.0
 10
145.003402044257
 20
-119.4520019923966
 30
0.0
 10
145.0795447000714
 20
-119.4520019923966
 30
0.0
 10
145.1453247459241
 20
-119.4176101419413
 30
0.0
 10
145.2008923645674
 20
-119.3487513496516
 30
0.0
 10
145.2563848918301
 20
-119.2798925573607
 30
0.0
 10
145.2840936097756
 20
-119.1772426456235
 30
0.0
 10
145.2840936097756
 20
-119.0408767058193
 30
0.0
 10
145.2840936097756
 20
-118.9011316540703
 30
0.0
 10
145.2575112624793
 20
-118.7980311940756
 30
0.0
 10
145.2042714765099
 20
-118.7315002344551
 30
0.0
 10
145.1510316905392
 20
-118.6650443662148
 30
0.0
 10
145.0866032894652
 20
-118.631778886409
 30
0.0
 10
145.0111364560379
 20
-118.631778886409
 30
0.0
 10
144.9349938002229
 20
-118.631778886409
 30
0.0
 10
144.8691386629924
 20
-118.6661707368644
 30
0.0
 10
144.8136461357304
 20
-118.735029529154
 30
0.0
 10
144.7581536084652
 20
-118.8038883214463
 30
0.0
 10
144.7303697991397
 20
-118.9034594867445
 30
0.0
 10
144.7303697991397
 20
-119.0338181164239
 30
0.0
  0
HATCH
  5
48
330
1F
100
AcDbEntity
  8
Capa 1
 62
   255
100
AcDbHatch
 10
0.0
 20
0.0
 30
0.0
210
0.0
220
0.0
230
1.0
  2
SOLID
 70
     1
 71
     0
 91
        2
 92
        1
 93
        1
 72
     4
 94
        3
 73
     0
 74
     1
 95
       44
 96
       40
 40
0.0
 40
0.0
 40
0.0
 40
0.0
 40
1.0
 40
1.0
 40
1.0
 40
2.0
 40
2.0
 40
2.0
 40
3.0
 40
3.0
 40
3.0
 40
4.0
 40
4.0
 40
4.0
 40
5.0
 40
5.0
 40
5.0
 40
6.0
 40
6.0
 40
6.0
 40
7.0
 40
7.0
 40
7.0
 40
8.0
 40
8.0
 40
8.0
 40
9.0
 40
9.0
 40
9.0
 40
10.0
 40
10.0
 40
10.0
 40
11.0
 40
11.0
 40
11.0
 40
12.0
 40
12.0
 40
12.0
 40
13.0
 40
13.0
 40
13.0
 40
13.0
 10
144.7323221749313
 20
-119.5769540429667
 10
144.7323221749313
 20
-119.5769540429667
 10
144.5706504412342
 20
-119.5769540429667
 10
144.5706504412342
 20
-119.5769540429667
 10
144.5706504412342
 20
-119.5769540429667
 10
144.5706504412342
 20
-118.099681392218
 10
144.5706504412342
 20
-118.099681392218
 10
144.5706504412342
 20
-118.099681392218
 10
144.7449375261921
 20
-118.099681392218
 10
144.7449375261921
 20
-118.099681392218
 10
144.7449375261921
 20
-118.099681392218
 10
144.7449375261921
 20
-118.6267477641769
 10
144.7449375261921
 20
-118.6267477641769
 10
144.8185270752061
 20
-118.5306308022025
 10
144.912391295884
 20
-118.4826474125917
 10
145.0266052796066
 20
-118.4826474125917
 10
145.0898322186579
 20
-118.4826474125917
 10
145.1496800457623
 20
-118.4958634948623
 10
145.2061487609234
 20
-118.5224458421589
 10
145.2626174760862
 20
-118.5489530980803
 10
145.3090990381642
 20
-118.5862735122216
 10
145.3455934471675
 20
-118.6342569018311
 10
145.3820127647903
 20
-118.6823153828209
 10
145.4105474878753
 20
-118.7402859255129
 10
145.4312727078022
 20
-118.8080934385334
 10
145.4519228363511
 20
-118.875976042929
 10
145.4622103549383
 20
-118.9485143126719
 10
145.4622103549383
 20
-119.025783339132
 10
145.4622103549383
 20
-119.2091564806517
 10
145.4186573565453
 20
-119.3509289995729
 10
145.3315513597501
 20
-119.4510258045039
 10
145.2444453629616
 20
-119.5511226094373
 10
145.1398430754384
 20
-119.6011334662139
 10
145.0178946799271
 20
-119.6011334662139
 10
144.8965470154343
 20
-119.6011334662139
 10
144.8014062413513
 20
-119.5484193198808
 10
144.7323221749313
 20
-119.4429159358367
 10
144.7323221749313
 20
-119.4429159358367
 10
144.7323221749313
 20
-119.5769540429667
 10
144.7323221749313
 20
-119.5769540429667
 97
        0
 92
        1
 93
        1
 72
     4
 94
        3
 73
     0
 74
     1
 95
       29
 96
       25
 40
0.0
 40
0.0
 40
0.0
 40
0.0
 40
1.0
 40
1.0
 40
1.0
 40
2.0
 40
2.0
 40
2.0
 40
3.0
 40
3.0
 40
3.0
 40
4.0
 40
4.0
 40
4.0
 40
5.0
 40
5.0
 40
5.0
 40
6.0
 40
6.0
 40
6.0
 40
7.0
 40
7.0
 40
7.0
 40
8.0
 40
8.0
 40
8.0
 40
8.0
 10
144.7303697991397
 20
-119.0338181164239
 10
144.7303697991397
 20
-119.1621492789388
 10
144.747190267488
 20
-119.2548120375946
 10
144.7807561128041
 20
-119.311956575143
 10
144.8355728176815
 20
-119.4052951561883
 10
144.909838189083
 20
-119.4520019923966
 10
145.003402044257
 20
-119.4520019923966
 10
145.0795447000714
 20
-119.4520019923966
 10
145.1453247459241
 20
-119.4176101419413
 10
145.2008923645674
 20
-119.3487513496516
 10
145.2563848918301
 20
-119.2798925573607
 10
145.2840936097756
 20
-119.1772426456235
 10
145.2840936097756
 20
-119.0408767058193
 10
145.2840936097756
 20
-118.9011316540703
 10
145.2575112624793
 20
-118.7980311940756
 10
145.2042714765099
 20
-118.7315002344551
 10
145.1510316905392
 20
-118.6650443662148
 10
145.0866032894652
 20
-118.631778886409
 10
145.0111364560379
 20
-118.631778886409
 10
144.9349938002229
 20
-118.631778886409
 10
144.8691386629924
 20
-118.6661707368644
 10
144.8136461357304
 20
-118.735029529154
 10
144.7581536084652
 20
-118.8038883214463
 10
144.7303697991397
 20
-118.9034594867445
 10
144.7303697991397
 20
-119.0338181164239
 97
        0
 75
     2
 76
     1
 98
        0
  0
SPLINE
  5
49
330
1F
100
AcDbEntity
  8
Capa 1
370
     0
100
AcDbSpline
210
0.0
220
0.0
230
1.0
 70
    11
 71
     3
 72
    50
 73
    46
 74
     0
 42
0.0000000001
 43
0.0000000001
 12
1.0
 22
0.0
 32
0.0
 13
1.0
 23
0.0
 33
0.0
 40
0.0
 40
0.0
 40
0.0
 40
0.0
 40
1.0
 40
1.0
 40
1.0
 40
2.0
 40
2.0
 40
2.0
 40
3.0
 40
3.0
 40
3.0
 40
4.0
 40
4.0
 40
4.0
 40
5.0
 40
5.0
 40
5.0
 40
6.0
 40
6.0
 40
6.0
 40
7.0
 40
7.0
 40
7.0
 40
8.0
 40
8.0
 40
8.0
 40
9.0
 40
9.0
 40
9.0
 40
10.0
 40
10.0
 40
10.0
 40
11.0
 40
11.0
 40
11.0
 40
12.0
 40
12.0
 40
12.0
 40
13.0
 40
13.0
 40
13.0
 40
14.0
 40
14.0
 40
14.0
 40
15.0
 40
15.0
 40
15.0
 40
15.0
 10
146.3779496918957
 20
-119.2323597160061
 30
0.0
 10
146.3779496918957
 20
-119.2323597160061
 30
0.0
 10
146.5580188128484
 20
-119.2554878599815
 30
0.0
 10
146.5580188128484
 20
-119.2554878599815
 30
0.0
 10
146.5296342725134
 20
-119.3650461783585
 30
0.0
 10
146.4769952175587
 20
-119.4499745252321
 30
0.0
 10
146.4002518307293
 20
-119.5104230833526
 30
0.0
 10
146.3234333525213
 20
-119.570871641468
 30
0.0
 10
146.2253640147565
 20
-119.6011334662139
 30
0.0
 10
146.1059687260505
 20
-119.6011334662139
 30
0.0
 10
145.955560698833
 20
-119.6011334662139
 30
0.0
 10
145.8363906842576
 20
-119.5529248024725
 30
0.0
 10
145.7482334081948
 20
-119.4565074749883
 30
0.0
 10
145.6601512235081
 20
-119.3601652388832
 30
0.0
 10
145.6161476768532
 20
-119.2249256697297
 30
0.0
 10
145.6161476768532
 20
-119.050938950277
 30
0.0
 10
145.6161476768532
 20
-118.8709449207021
 30
0.0
 10
145.660676863143
 20
-118.7311998689518
 30
0.0
 10
145.7497352357244
 20
-118.631778886409
 30
0.0
 10
145.8387936083058
 20
-118.5323579038624
 30
0.0
 10
145.9542841454308
 20
-118.4826474125917
 30
0.0
 10
146.0962819384773
 20
-118.4826474125917
 30
0.0
 10
146.2336991575524
 20
-118.4826474125917
 30
0.0
 10
146.3460358568601
 20
-118.5313066245907
 30
0.0
 10
146.4331418536515
 20
-118.6287001399669
 30
0.0
 10
146.5202478504464
 20
-118.7261687467235
 30
0.0
 10
146.5638008488393
 20
-118.863210508916
 30
0.0
 10
146.5638008488393
 20
-119.0398254265475
 30
0.0
 10
146.5638008488393
 20
-119.0506385847712
 30
0.0
 10
146.5635004833341
 20
-119.06670813935
 30
0.0
 10
146.562824660945
 20
-119.088259364417
 30
0.0
 10
146.562824660945
 20
-119.088259364417
 30
0.0
 10
145.7962167978059
 20
-119.088259364417
 30
0.0
 10
145.7962167978059
 20
-119.088259364417
 30
0.0
 10
145.8025995648115
 20
-119.2057773687108
 30
0.0
 10
145.8345884912228
 20
-119.2958119291852
 30
0.0
 10
145.8920333942764
 20
-119.3582879544716
 30
0.0
 10
145.9494782973329
 20
-119.4207639797515
 30
0.0
 10
146.0211154705569
 20
-119.4520019923966
 30
0.0
 10
146.1069449139468
 20
-119.4520019923966
 30
0.0
 10
146.1707725840101
 20
-119.4520019923966
 30
0.0
 10
146.2253640147565
 20
-119.4345057016637
 30
0.0
 10
146.270493932061
 20
-119.3995882115674
 30
0.0
 10
146.31569894074
 20
-119.3646707214749
 30
0.0
 10
146.351517527352
 20
-119.3088778287093
 30
0.0
 10
146.3779496918957
 20
-119.2323597160061
 30
0.0
  0
SPLINE
  5
4A
330
1F
100
AcDbEntity
  8
Capa 1
370
     0
100
AcDbSpline
210
0.0
220
0.0
230
1.0
 70
    11
 71
     3
 72
    20
 73
    16
 74
     0
 42
0.0000000001
 43
0.0000000001
 12
1.0
 22
0.0
 32
0.0
 13
1.0
 23
0.0
 33
0.0
 40
0.0
 40
0.0
 40
0.0
 40
0.0
 40
1.0
 40
1.0
 40
1.0
 40
2.0
 40
2.0
 40
2.0
 40
3.0
 40
3.0
 40
3.0
 40
4.0
 40
4.0
 40
4.0
 40
5.0
 40
5.0
 40
5.0
 40
5.0
 10
145.8058284940039
 20
-118.9391278905984
 30
0.0
 10
145.8058284940039
 20
-118.9391278905984
 30
0.0
 10
146.3799020676857
 20
-118.9391278905984
 30
0.0
 10
146.3799020676857
 20
-118.9391278905984
 30
0.0
 10
146.3721676558996
 20
-118.849093330124
 30
0.0
 10
146.3502409739486
 20
-118.781586182612
 30
0.0
 10
146.3140469304542
 20
-118.7365313566872
 30
0.0
 10
146.2585544031877
 20
-118.6666963765009
 30
0.0
 10
146.1866168644611
 20
-118.631778886409
 30
0.0
 10
146.0982343142676
 20
-118.631778886409
 30
0.0
 10
146.0181869068709
 20
-118.631778886409
 30
0.0
 10
145.950905033488
 20
-118.6596377871043
 30
0.0
 10
145.8963886941162
 20
-118.7153555885037
 30
0.0
 10
145.8417972633688
 20
-118.7711484812706
 30
0.0
 10
145.8116856213746
 20
-118.8457142181793
 30
0.0
 10
145.8058284940039
 20
-118.9391278905984
 30
0.0
  0
HATCH
  5
4B
330
1F
100
AcDbEntity
  8
Capa 1
 62
   255
100
AcDbHatch
 10
0.0
 20
0.0
 30
0.0
210
0.0
220
0.0
230
1.0
  2
SOLID
 70
     1
 71
     0
 91
        2
 92
        1
 93
        1
 72
     4
 94
        3
 73
     0
 74
     1
 95
       50
 96
       46
 40
0.0
 40
0.0
 40
0.0
 40
0.0
 40
1.0
 40
1.0
 40
1.0
 40
2.0
 40
2.0
 40
2.0
 40
3.0
 40
3.0
 40
3.0
 40
4.0
 40
4.0
 40
4.0
 40
5.0
 40
5.0
 40
5.0
 40
6.0
 40
6.0
 40
6.0
 40
7.0
 40
7.0
 40
7.0
 40
8.0
 40
8.0
 40
8.0
 40
9.0
 40
9.0
 40
9.0
 40
10.0
 40
10.0
 40
10.0
 40
11.0
 40
11.0
 40
11.0
 40
12.0
 40
12.0
 40
12.0
 40
13.0
 40
13.0
 40
13.0
 40
14.0
 40
14.0
 40
14.0
 40
15.0
 40
15.0
 40
15.0
 40
15.0
 10
146.3779496918957
 20
-119.2323597160061
 10
146.3779496918957
 20
-119.2323597160061
 10
146.5580188128484
 20
-119.2554878599815
 10
146.5580188128484
 20
-119.2554878599815
 10
146.5296342725134
 20
-119.3650461783585
 10
146.4769952175587
 20
-119.4499745252321
 10
146.4002518307293
 20
-119.5104230833526
 10
146.3234333525213
 20
-119.570871641468
 10
146.2253640147565
 20
-119.6011334662139
 10
146.1059687260505
 20
-119.6011334662139
 10
145.955560698833
 20
-119.6011334662139
 10
145.8363906842576
 20
-119.5529248024725
 10
145.7482334081948
 20
-119.4565074749883
 10
145.6601512235081
 20
-119.3601652388832
 10
145.6161476768532
 20
-119.2249256697297
 10
145.6161476768532
 20
-119.050938950277
 10
145.6161476768532
 20
-118.8709449207021
 10
145.660676863143
 20
-118.7311998689518
 10
145.7497352357244
 20
-118.631778886409
 10
145.8387936083058
 20
-118.5323579038624
 10
145.9542841454308
 20
-118.4826474125917
 10
146.0962819384773
 20
-118.4826474125917
 10
146.2336991575524
 20
-118.4826474125917
 10
146.3460358568601
 20
-118.5313066245907
 10
146.4331418536515
 20
-118.6287001399669
 10
146.5202478504464
 20
-118.7261687467235
 10
146.5638008488393
 20
-118.863210508916
 10
146.5638008488393
 20
-119.0398254265475
 10
146.5638008488393
 20
-119.0506385847712
 10
146.5635004833341
 20
-119.06670813935
 10
146.562824660945
 20
-119.088259364417
 10
146.562824660945
 20
-119.088259364417
 10
145.7962167978059
 20
-119.088259364417
 10
145.7962167978059
 20
-119.088259364417
 10
145.8025995648115
 20
-119.2057773687108
 10
145.8345884912228
 20
-119.2958119291852
 10
145.8920333942764
 20
-119.3582879544716
 10
145.9494782973329
 20
-119.4207639797515
 10
146.0211154705569
 20
-119.4520019923966
 10
146.1069449139468
 20
-119.4520019923966
 10
146.1707725840101
 20
-119.4520019923966
 10
146.2253640147565
 20
-119.4345057016637
 10
146.270493932061
 20
-119.3995882115674
 10
146.31569894074
 20
-119.3646707214749
 10
146.351517527352
 20
-119.3088778287093
 10
146.3779496918957
 20
-119.2323597160061
 97
        0
 92
        1
 93
        1
 72
     4
 94
        3
 73
     0
 74
     1
 95
       20
 96
       16
 40
0.0
 40
0.0
 40
0.0
 40
0.0
 40
1.0
 40
1.0
 40
1.0
 40
2.0
 40
2.0
 40
2.0
 40
3.0
 40
3.0
 40
3.0
 40
4.0
 40
4.0
 40
4.0
 40
5.0
 40
5.0
 40
5.0
 40
5.0
 10
145.8058284940039
 20
-118.9391278905984
 10
145.8058284940039
 20
-118.9391278905984
 10
146.3799020676857
 20
-118.9391278905984
 10
146.3799020676857
 20
-118.9391278905984
 10
146.3721676558996
 20
-118.849093330124
 10
146.3502409739486
 20
-118.781586182612
 10
146.3140469304542
 20
-118.7365313566872
 10
146.2585544031877
 20
-118.6666963765009
 10
146.1866168644611
 20
-118.631778886409
 10
146.0982343142676
 20
-118.631778886409
 10
146.0181869068709
 20
-118.631778886409
 10
145.950905033488
 20
-118.6596377871043
 10
145.8963886941162
 20
-118.7153555885037
 10
145.8417972633688
 20
-118.7711484812706
 10
145.8116856213746
 20
-118.8457142181793
 10
145.8058284940039
 20
-118.9391278905984
 97
        0
 75
     2
 76
     1
 98
        0
  0
SPLINE
  5
4C
330
1F
100
AcDbEntity
  8
Capa 1
370
     0
100
AcDbSpline
210
0.0
220
0.0
230
1.0
 70
    11
 71
     3
 72
    59
 73
    55
 74
     0
 42
0.0000000001
 43
0.0000000001
 12
1.0
 22
0.0
 32
0.0
 13
1.0
 23
0.0
 33
0.0
 40
0.0
 40
0.0
 40
0.0
 40
0.0
 40
1.0
 40
1.0
 40
1.0
 40
2.0
 40
2.0
 40
2.0
 40
3.0
 40
3.0
 40
3.0
 40
4.0
 40
4.0
 40
4.0
 40
5.0
 40
5.0
 40
5.0
 40
6.0
 40
6.0
 40
6.0
 40
7.0
 40
7.0
 40
7.0
 40
8.0
 40
8.0
 40
8.0
 40
9.0
 40
9.0
 40
9.0
 40
10.0
 40
10.0
 40
10.0
 40
11.0
 40
11.0
 40
11.0
 40
12.0
 40
12.0
 40
12.0
 40
13.0
 40
13.0
 40
13.0
 40
14.0
 40
14.0
 40
14.0
 40
15.0
 40
15.0
 40
15.0
 40
16.0
 40
16.0
 40
16.0
 40
17.0
 40
17.0
 40
17.0
 40
18.0
 40
18.0
 40
18.0
 40
18.0
 10
146.7767599927181
 20
-119.5769540429667
 30
0.0
 10
146.7767599927181
 20
-119.5769540429667
 30
0.0
 10
146.7767599927181
 20
-118.5068268358389
 30
0.0
 10
146.7767599927181
 20
-118.5068268358389
 30
0.0
 10
146.7767599927181
 20
-118.5068268358389
 30
0.0
 10
146.9336258783189
 20
-118.5068268358389
 30
0.0
 10
146.9336258783189
 20
-118.5068268358389
 30
0.0
 10
146.9336258783189
 20
-118.5068268358389
 30
0.0
 10
146.9336258783189
 20
-118.6589619647135
 30
0.0
 10
146.9336258783189
 20
-118.6589619647135
 30
0.0
 10
147.0090927117448
 20
-118.5414439604249
 30
0.0
 10
147.1181253904898
 20
-118.4826474125917
 30
0.0
 10
147.2607990059241
 20
-118.4826474125917
 30
0.0
 10
147.3227493915691
 20
-118.4826474125917
 30
0.0
 10
147.3796686549907
 20
-118.4942114845749
 30
0.0
 10
147.431631887564
 20
-118.5174147199306
 30
0.0
 10
147.4835951201296
 20
-118.5405428639073
 30
0.0
 10
147.5224924531776
 20
-118.5709548714049
 30
0.0
 10
147.5483238867106
 20
-118.6085756510559
 30
0.0
 10
147.5740802288622
 20
-118.6461964307017
 30
0.0
 10
147.5921772506139
 20
-118.6908757997481
 30
0.0
 10
147.6024647691959
 20
-118.7426137581846
 30
0.0
 10
147.6089226275799
 20
-118.7761796035001
 30
0.0
 10
147.6121515567736
 20
-118.8349761513384
 30
0.0
 10
147.6121515567736
 20
-118.9189283103116
 30
0.0
 10
147.6121515567736
 20
-118.9189283103116
 30
0.0
 10
147.6121515567736
 20
-119.5769540429667
 30
0.0
 10
147.6121515567736
 20
-119.5769540429667
 30
0.0
 10
147.6121515567736
 20
-119.5769540429667
 30
0.0
 10
147.4379395631899
 20
-119.5769540429667
 30
0.0
 10
147.4379395631899
 20
-119.5769540429667
 30
0.0
 10
147.4379395631899
 20
-119.5769540429667
 30
0.0
 10
147.4379395631899
 20
-118.9259868997056
 30
0.0
 10
147.4379395631899
 20
-118.9259868997056
 30
0.0
 10
147.4379395631899
 20
-118.8520969851864
 30
0.0
 10
147.4311813393007
 20
-118.7968297320535
 30
0.0
 10
147.4175898001453
 20
-118.7602602316743
 30
0.0
 10
147.4040733523698
 20
-118.7236156399225
 30
0.0
 10
147.3799690204998
 20
-118.694405094447
 30
0.0
 10
147.345502078666
 20
-118.6725535038741
 30
0.0
 10
147.310960045454
 20
-118.6507770046763
 30
0.0
 10
147.2704857934983
 20
-118.6398136636997
 30
0.0
 10
147.2240042314165
 20
-118.6398136636997
 30
0.0
 10
147.1498139513917
 20
-118.6398136636997
 30
0.0
 10
147.0857610072003
 20
-118.6643685438279
 30
0.0
 10
147.0318453988405
 20
-118.713403212713
 30
0.0
 10
146.9779297904833
 20
-118.7624378815918
 30
0.0
 10
146.9510470776776
 20
-118.8554760971299
 30
0.0
 10
146.9510470776776
 20
-118.9925178593262
 30
0.0
 10
146.9510470776776
 20
-118.9925178593262
 30
0.0
 10
146.9510470776776
 20
-119.5769540429667
 30
0.0
 10
146.9510470776776
 20
-119.5769540429667
 30
0.0
 10
146.9510470776776
 20
-119.5769540429667
 30
0.0
 10
146.7767599927181
 20
-119.5769540429667
 30
0.0
 10
146.7767599927181
 20
-119.5769540429667
 30
0.0
  0
HATCH
  5
4D
330
1F
100
AcDbEntity
  8
Capa 1
 62
   255
100
AcDbHatch
 10
0.0
 20
0.0
 30
0.0
210
0.0
220
0.0
230
1.0
  2
SOLID
 70
     1
 71
     0
 91
        1
 92
        1
 93
        1
 72
     4
 94
        3
 73
     0
 74
     1
 95
       59
 96
       55
 40
0.0
 40
0.0
 40
0.0
 40
0.0
 40
1.0
 40
1.0
 40
1.0
 40
2.0
 40
2.0
 40
2.0
 40
3.0
 40
3.0
 40
3.0
 40
4.0
 40
4.0
 40
4.0
 40
5.0
 40
5.0
 40
5.0
 40
6.0
 40
6.0
 40
6.0
 40
7.0
 40
7.0
 40
7.0
 40
8.0
 40
8.0
 40
8.0
 40
9.0
 40
9.0
 40
9.0
 40
10.0
 40
10.0
 40
10.0
 40
11.0
 40
11.0
 40
11.0
 40
12.0
 40
12.0
 40
12.0
 40
13.0
 40
13.0
 40
13.0
 40
14.0
 40
14.0
 40
14.0
 40
15.0
 40
15.0
 40
15.0
 40
16.0
 40
16.0
 40
16.0
 40
17.0
 40
17.0
 40
17.0
 40
18.0
 40
18.0
 40
18.0
 40
18.0
 10
146.7767599927181
 20
-119.5769540429667
 10
146.7767599927181
 20
-119.5769540429667
 10
146.7767599927181
 20
-118.5068268358389
 10
146.7767599927181
 20
-118.5068268358389
 10
146.7767599927181
 20
-118.5068268358389
 10
146.9336258783189
 20
-118.5068268358389
 10
146.9336258783189
 20
-118.5068268358389
 10
146.9336258783189
 20
-118.5068268358389
 10
146.9336258783189
 20
-118.6589619647135
 10
146.9336258783189
 20
-118.6589619647135
 10
147.0090927117448
 20
-118.5414439604249
 10
147.1181253904898
 20
-118.4826474125917
 10
147.2607990059241
 20
-118.4826474125917
 10
147.3227493915691
 20
-118.4826474125917
 10
147.3796686549907
 20
-118.4942114845749
 10
147.431631887564
 20
-118.5174147199306
 10
147.4835951201296
 20
-118.5405428639073
 10
147.5224924531776
 20
-118.5709548714049
 10
147.5483238867106
 20
-118.6085756510559
 10
147.5740802288622
 20
-118.6461964307017
 10
147.5921772506139
 20
-118.6908757997481
 10
147.6024647691959
 20
-118.7426137581846
 10
147.6089226275799
 20
-118.7761796035001
 10
147.6121515567736
 20
-118.8349761513384
 10
147.6121515567736
 20
-118.9189283103116
 10
147.6121515567736
 20
-118.9189283103116
 10
147.6121515567736
 20
-119.5769540429667
 10
147.6121515567736
 20
-119.5769540429667
 10
147.6121515567736
 20
-119.5769540429667
 10
147.4379395631899
 20
-119.5769540429667
 10
147.4379395631899
 20
-119.5769540429667
 10
147.4379395631899
 20
-119.5769540429667
 10
147.4379395631899
 20
-118.9259868997056
 10
147.4379395631899
 20
-118.9259868997056
 10
147.4379395631899
 20
-118.8520969851864
 10
147.4311813393007
 20
-118.7968297320535
 10
147.4175898001453
 20
-118.7602602316743
 10
147.4040733523698
 20
-118.7236156399225
 10
147.3799690204998
 20
-118.694405094447
 10
147.345502078666
 20
-118.6725535038741
 10
147.310960045454
 20
-118.6507770046763
 10
147.2704857934983
 20
-118.6398136636997
 10
147.2240042314165
 20
-118.6398136636997
 10
147.1498139513917
 20
-118.6398136636997
 10
147.0857610072003
 20
-118.6643685438279
 10
147.0318453988405
 20
-118.713403212713
 10
146.9779297904833
 20
-118.7624378815918
 10
146.9510470776776
 20
-118.8554760971299
 10
146.9510470776776
 20
-118.9925178593262
 10
146.9510470776776
 20
-118.9925178593262
 10
146.9510470776776
 20
-119.5769540429667
 10
146.9510470776776
 20
-119.5769540429667
 10
146.9510470776776
 20
-119.5769540429667
 10
146.7767599927181
 20
-119.5769540429667
 10
146.7767599927181
 20
-119.5769540429667
 97
        0
 75
     2
 76
     1
 98
        0
  0
SPLINE
  5
4E
330
1F
100
AcDbEntity
  8
Capa 1
370
     0
100
AcDbSpline
210
0.0
220
0.0
230
1.0
 70
    11
 71
     3
 72
    65
 73
    61
 74
     0
 42
0.0000000001
 43
0.0000000001
 12
1.0
 22
0.0
 32
0.0
 13
1.0
 23
0.0
 33
0.0
 40
0.0
 40
0.0
 40
0.0
 40
0.0
 40
1.0
 40
1.0
 40
1.0
 40
2.0
 40
2.0
 40
2.0
 40
3.0
 40
3.0
 40
3.0
 40
4.0
 40
4.0
 40
4.0
 40
5.0
 40
5.0
 40
5.0
 40
6.0
 40
6.0
 40
6.0
 40
7.0
 40
7.0
 40
7.0
 40
8.0
 40
8.0
 40
8.0
 40
9.0
 40
9.0
 40
9.0
 40
10.0
 40
10.0
 40
10.0
 40
11.0
 40
11.0
 40
11.0
 40
12.0
 40
12.0
 40
12.0
 40
13.0
 40
13.0
 40
13.0
 40
14.0
 40
14.0
 40
14.0
 40
15.0
 40
15.0
 40
15.0
 40
16.0
 40
16.0
 40
16.0
 40
17.0
 40
17.0
 40
17.0
 40
18.0
 40
18.0
 40
18.0
 40
19.0
 40
19.0
 40
19.0
 40
20.0
 40
20.0
 40
20.0
 40
20.0
 10
148.2598146794629
 20
-119.4146815782579
 30
0.0
 10
148.2598146794629
 20
-119.4146815782579
 30
0.0
 10
148.284970290608
 20
-119.5749265757984
 30
0.0
 10
148.284970290608
 20
-119.5749265757984
 30
0.0
 10
148.2358605303486
 20
-119.5856646426456
 30
0.0
 10
148.192007166445
 20
-119.5910712217587
 30
0.0
 10
148.1532600161484
 20
-119.5910712217587
 30
0.0
 10
148.090033077098
 20
-119.5910712217587
 30
0.0
 10
148.0409984082148
 20
-119.5806335204186
 30
0.0
 10
148.0061560095014
 20
-119.5598332091188
 30
0.0
 10
147.9713136107837
 20
-119.5390328978131
 30
0.0
 10
147.946758730652
 20
-119.511624545376
 30
0.0
 10
147.932566460487
 20
-119.4776832431782
 30
0.0
 10
147.9183741903186
 20
-119.443817032353
 30
0.0
 10
147.9113156009239
 20
-119.372405133261
 30
0.0
 10
147.9113156009239
 20
-119.2635977286461
 30
0.0
 10
147.9113156009239
 20
-119.2635977286461
 30
0.0
 10
147.9113156009239
 20
-118.6478484409865
 30
0.0
 10
147.9113156009239
 20
-118.6478484409865
 30
0.0
 10
147.9113156009239
 20
-118.6478484409865
 30
0.0
 10
147.7835100780471
 20
-118.6478484409865
 30
0.0
 10
147.7835100780471
 20
-118.6478484409865
 30
0.0
 10
147.7835100780471
 20
-118.6478484409865
 30
0.0
 10
147.7835100780471
 20
-118.5068268358389
 30
0.0
 10
147.7835100780471
 20
-118.5068268358389
 30
0.0
 10
147.7835100780471
 20
-118.5068268358389
 30
0.0
 10
147.9113156009239
 20
-118.5068268358389
 30
0.0
 10
147.9113156009239
 20
-118.5068268358389
 30
0.0
 10
147.9113156009239
 20
-118.5068268358389
 30
0.0
 10
147.9113156009239
 20
-118.2417542766336
 30
0.0
 10
147.9113156009239
 20
-118.2417542766336
 30
0.0
 10
147.9113156009239
 20
-118.2417542766336
 30
0.0
 10
148.0845514066116
 20
-118.1329468720238
 30
0.0
 10
148.0845514066116
 20
-118.1329468720238
 30
0.0
 10
148.0845514066116
 20
-118.1329468720238
 30
0.0
 10
148.0845514066116
 20
-118.5068268358389
 30
0.0
 10
148.0845514066116
 20
-118.5068268358389
 30
0.0
 10
148.0845514066116
 20
-118.5068268358389
 30
0.0
 10
148.2598146794629
 20
-118.5068268358389
 30
0.0
 10
148.2598146794629
 20
-118.5068268358389
 30
0.0
 10
148.2598146794629
 20
-118.5068268358389
 30
0.0
 10
148.2598146794629
 20
-118.6478484409865
 30
0.0
 10
148.2598146794629
 20
-118.6478484409865
 30
0.0
 10
148.2598146794629
 20
-118.6478484409865
 30
0.0
 10
148.0845514066116
 20
-118.6478484409865
 30
0.0
 10
148.0845514066116
 20
-118.6478484409865
 30
0.0
 10
148.0845514066116
 20
-118.6478484409865
 30
0.0
 10
148.0845514066116
 20
-119.2736599731039
 30
0.0
 10
148.0845514066116
 20
-119.2736599731039
 30
0.0
 10
148.0845514066116
 20
-119.3253979315443
 30
0.0
 10
148.0876301530486
 20
-119.358663411359
 30
0.0
 10
148.0937876459263
 20
-119.3733813211602
 30
0.0
 10
148.0998700474264
 20
-119.3881743223339
 30
0.0
 10
148.1098572005093
 20
-119.3999636684504
 30
0.0
 10
148.1237491051677
 20
-119.4086742681305
 30
0.0
 10
148.1376410098284
 20
-119.4173848678106
 30
0.0
 10
148.1574651332368
 20
-119.4217401676494
 30
0.0
 10
148.1832965667658
 20
-119.4217401676494
 30
0.0
 10
148.2026701419158
 20
-119.4217401676494
 30
0.0
 10
148.2281261185648
 20
-119.4194123349739
 30
0.0
 10
148.2598146794629
 20
-119.4146815782579
 30
0.0
  0
HATCH
  5
4F
330
1F
100
AcDbEntity
  8
Capa 1
 62
   255
100
AcDbHatch
 10
0.0
 20
0.0
 30
0.0
210
0.0
220
0.0
230
1.0
  2
SOLID
 70
     1
 71
     0
 91
        1
 92
        1
 93
        1
 72
     4
 94
        3
 73
     0
 74
     1
 95
       65
 96
       61
 40
0.0
 40
0.0
 40
0.0
 40
0.0
 40
1.0
 40
1.0
 40
1.0
 40
2.0
 40
2.0
 40
2.0
 40
3.0
 40
3.0
 40
3.0
 40
4.0
 40
4.0
 40
4.0
 40
5.0
 40
5.0
 40
5.0
 40
6.0
 40
6.0
 40
6.0
 40
7.0
 40
7.0
 40
7.0
 40
8.0
 40
8.0
 40
8.0
 40
9.0
 40
9.0
 40
9.0
 40
10.0
 40
10.0
 40
10.0
 40
11.0
 40
11.0
 40
11.0
 40
12.0
 40
12.0
 40
12.0
 40
13.0
 40
13.0
 40
13.0
 40
14.0
 40
14.0
 40
14.0
 40
15.0
 40
15.0
 40
15.0
 40
16.0
 40
16.0
 40
16.0
 40
17.0
 40
17.0
 40
17.0
 40
18.0
 40
18.0
 40
18.0
 40
19.0
 40
19.0
 40
19.0
 40
20.0
 40
20.0
 40
20.0
 40
20.0
 10
148.2598146794629
 20
-119.4146815782579
 10
148.2598146794629
 20
-119.4146815782579
 10
148.284970290608
 20
-119.5749265757984
 10
148.284970290608
 20
-119.5749265757984
 10
148.2358605303486
 20
-119.5856646426456
 10
148.192007166445
 20
-119.5910712217587
 10
148.1532600161484
 20
-119.5910712217587
 10
148.090033077098
 20
-119.5910712217587
 10
148.0409984082148
 20
-119.5806335204186
 10
148.0061560095014
 20
-119.5598332091188
 10
147.9713136107837
 20
-119.5390328978131
 10
147.946758730652
 20
-119.511624545376
 10
147.932566460487
 20
-119.4776832431782
 10
147.9183741903186
 20
-119.443817032353
 10
147.9113156009239
 20
-119.372405133261
 10
147.9113156009239
 20
-119.2635977286461
 10
147.9113156009239
 20
-119.2635977286461
 10
147.9113156009239
 20
-118.6478484409865
 10
147.9113156009239
 20
-118.6478484409865
 10
147.9113156009239
 20
-118.6478484409865
 10
147.7835100780471
 20
-118.6478484409865
 10
147.7835100780471
 20
-118.6478484409865
 10
147.7835100780471
 20
-118.6478484409865
 10
147.7835100780471
 20
-118.5068268358389
 10
147.7835100780471
 20
-118.5068268358389
 10
147.7835100780471
 20
-118.5068268358389
 10
147.9113156009239
 20
-118.5068268358389
 10
147.9113156009239
 20
-118.5068268358389
 10
147.9113156009239
 20
-118.5068268358389
 10
147.9113156009239
 20
-118.2417542766336
 10
147.9113156009239
 20
-118.2417542766336
 10
147.9113156009239
 20
-118.2417542766336
 10
148.0845514066116
 20
-118.1329468720238
 10
148.0845514066116
 20
-118.1329468720238
 10
148.0845514066116
 20
-118.1329468720238
 10
148.0845514066116
 20
-118.5068268358389
 10
148.0845514066116
 20
-118.5068268358389
 10
148.0845514066116
 20
-118.5068268358389
 10
148.2598146794629
 20
-118.5068268358389
 10
148.2598146794629
 20
-118.5068268358389
 10
148.2598146794629
 20
-118.5068268358389
 10
148.2598146794629
 20
-118.6478484409865
 10
148.2598146794629
 20
-118.6478484409865
 10
148.2598146794629
 20
-118.6478484409865
 10
148.0845514066116
 20
-118.6478484409865
 10
148.0845514066116
 20
-118.6478484409865
 10
148.0845514066116
 20
-118.6478484409865
 10
148.0845514066116
 20
-119.2736599731039
 10
148.0845514066116
 20
-119.2736599731039
 10
148.0845514066116
 20
-119.3253979315443
 10
148.0876301530486
 20
-119.358663411359
 10
148.0937876459263
 20
-119.3733813211602
 10
148.0998700474264
 20
-119.3881743223339
 10
148.1098572005093
 20
-119.3999636684504
 10
148.1237491051677
 20
-119.4086742681305
 10
148.1376410098284
 20
-119.4173848678106
 10
148.1574651332368
 20
-119.4217401676494
 10
148.1832965667658
 20
-119.4217401676494
 10
148.2026701419158
 20
-119.4217401676494
 10
148.2281261185648
 20
-119.4194123349739
 10
148.2598146794629
 20
-119.4146815782579
 97
        0
 75
     2
 76
     1
 98
        0
  0
POLYLINE
  5
50
330
1F
100
AcDbEntity
  8
Capa 1
370
     0
100
AcDb2dPolyline
 66
     1
 10
0.0
 20
0.0
 30
0.0
  0
VERTEX
  5
51
330
50
100
AcDbEntity
  8
Capa 1
370
     0
100
AcDbVertex
100
AcDb2dVertex
 10
148.4310981093635
 20
-118.308285236258
 30
0.0
  0
VERTEX
  5
52
330
50
100
AcDbEntity
  8
Capa 1
370
     0
100
AcDbVertex
100
AcDb2dVertex
 10
148.4310981093635
 20
-118.099681392218
 30
0.0
  0
VERTEX
  5
53
330
50
100
AcDbEntity
  8
Capa 1
370
     0
100
AcDbVertex
100
AcDb2dVertex
 10
148.6053851943227
 20
-118.099681392218
 30
0.0
  0
VERTEX
  5
54
330
50
100
AcDbEntity
  8
Capa 1
370
     0
100
AcDbVertex
100
AcDb2dVertex
 10
148.6053851943227
 20
-118.308285236258
 30
0.0
  0
VERTEX
  5
55
330
50
100
AcDbEntity
  8
Capa 1
370
     0
100
AcDbVertex
100
AcDb2dVertex
 10
148.4310981093635
 20
-118.308285236258
 30
0.0
  0
SEQEND
  5
56
330
50
100
AcDbEntity
  8
Capa 1
370
     0
  0
POLYLINE
  5
57
330
1F
100
AcDbEntity
  8
Capa 1
370
     0
100
AcDb2dPolyline
 66
     1
 10
0.0
 20
0.0
 30
0.0
  0
VERTEX
  5
58
330
57
100
AcDbEntity
  8
Capa 1
370
     0
100
AcDbVertex
100
AcDb2dVertex
 10
148.4310981093635
 20
-119.5769540429667
 30
0.0
  0
VERTEX
  5
59
330
57
100
AcDbEntity
  8
Capa 1
370
     0
100
AcDbVertex
100
AcDb2dVertex
 10
148.4310981093635
 20
-118.5068268358389
 30
0.0
  0
VERTEX
  5
5A
330
57
100
AcDbEntity
  8
Capa 1
370
     0
100
AcDbVertex
100
AcDb2dVertex
 10
148.6053851943227
 20
-118.5068268358389
 30
0.0
  0
VERTEX
  5
5B
330
57
100
AcDbEntity
  8
Capa 1
370
     0
100
AcDbVertex
100
AcDb2dVertex
 10
148.6053851943227
 20
-119.5769540429667
 30
0.0
  0
VERTEX
  5
5C
330
57
100
AcDbEntity
  8
Capa 1
370
     0
100
AcDbVertex
100
AcDb2dVertex
 10
148.4310981093635
 20
-119.5769540429667
 30
0.0
  0
SEQEND
  5
5D
330
57
100
AcDbEntity
  8
Capa 1
370
     0
  0
HATCH
  5
5E
330
1F
100
AcDbEntity
  8
Capa 1
 62
   255
100
AcDbHatch
 10
0.0
 20
0.0
 30
0.0
210
0.0
220
0.0
230
1.0
  2
SOLID
 70
     1
 71
     0
 91
        2
 92
        1
 93
        4
 72
     1
 10
148.4310981093635
 20
-118.308285236258
 11
148.4310981093635
 21
-118.099681392218
 72
     1
 10
148.4310981093635
 20
-118.099681392218
 11
148.6053851943227
 21
-118.099681392218
 72
     1
 10
148.6053851943227
 20
-118.099681392218
 11
148.6053851943227
 21
-118.308285236258
 72
     1
 10
148.6053851943227
 20
-118.308285236258
 11
148.4310981093635
 21
-118.308285236258
 97
        0
 92
        1
 93
        4
 72
     1
 10
148.4310981093635
 20
-119.5769540429667
 11
148.4310981093635
 21
-118.5068268358389
 72
     1
 10
148.4310981093635
 20
-118.5068268358389
 11
148.6053851943227
 21
-118.5068268358389
 72
     1
 10
148.6053851943227
 20
-118.5068268358389
 11
148.6053851943227
 21
-119.5769540429667
 72
     1
 10
148.6053851943227
 20
-119.5769540429667
 11
148.4310981093635
 21
-119.5769540429667
 97
        0
 75
     2
 76
     1
 98
        0
  0
SPLINE
  5
5F
330
1F
100
AcDbEntity
  8
Capa 1
370
     0
100
AcDbSpline
210
0.0
220
0.0
230
1.0
 70
    11
 71
     3
 72
    32
 73
    28
 74
     0
 42
0.0000000001
 43
0.0000000001
 12
1.0
 22
0.0
 32
0.0
 13
1.0
 23
0.0
 33
0.0
 40
0.0
 40
0.0
 40
0.0
 40
0.0
 40
1.0
 40
1.0
 40
1.0
 40
2.0
 40
2.0
 40
2.0
 40
3.0
 40
3.0
 40
3.0
 40
4.0
 40
4.0
 40
4.0
 40
5.0
 40
5.0
 40
5.0
 40
6.0
 40
6.0
 40
6.0
 40
7.0
 40
7.0
 40
7.0
 40
8.0
 40
8.0
 40
8.0
 40
9.0
 40
9.0
 40
9.0
 40
9.0
 10
148.8058040783194
 20
-119.0418528937133
 30
0.0
 10
148.8058040783194
 20
-118.8436867510173
 30
0.0
 10
148.8586684074064
 20
-118.6969582012481
 30
0.0
 10
148.9645472483315
 20
-118.6015170616618
 30
0.0
 10
149.0529297985238
 20
-118.522295659406
 30
0.0
 10
149.1606859238662
 20
-118.4826474125917
 30
0.0
 10
149.2878156243551
 20
-118.4826474125917
 30
0.0
 10
149.4291375950105
 20
-118.4826474125917
 30
0.0
 10
149.5447032235124
 20
-118.5308560763332
 30
0.0
 10
149.6343623271045
 20
-118.6271983124383
 30
0.0
 10
149.7240965220718
 20
-118.7236156399225
 30
0.0
 10
149.7689260738723
 20
-118.8568277419101
 30
0.0
 10
149.7689260738723
 20
-119.0267595270286
 30
0.0
 10
149.7689260738723
 20
-119.1644771116143
 30
0.0
 10
149.7491019504652
 20
-119.2728339679628
 30
0.0
 10
149.7093786122719
 20
-119.3517550047128
 30
0.0
 10
149.6697303654557
 20
-119.4306760414602
 30
0.0
 10
149.6119850968937
 20
-119.4919506047167
 30
0.0
 10
149.5361428065851
 20
-119.5356537858703
 30
0.0
 10
149.4603005162759
 20
-119.5792818756423
 30
0.0
 10
149.3775498193256
 20
-119.6011334662139
 30
0.0
 10
149.2878156243551
 20
-119.6011334662139
 30
0.0
 10
149.1439405468967
 20
-119.6011334662139
 30
0.0
 10
149.0276240046257
 20
-119.5531500766045
 30
0.0
 10
148.9388659975538
 20
-119.4570331146287
 30
0.0
 10
148.8501079904792
 20
-119.3609912440294
 30
0.0
 10
148.8058040783194
 20
-119.2225978370555
 30
0.0
 10
148.8058040783194
 20
-119.0418528937133
 30
0.0
  0
SPLINE
  5
60
330
1F
100
AcDbEntity
  8
Capa 1
370
     0
100
AcDbSpline
210
0.0
220
0.0
230
1.0
 70
    11
 71
     3
 72
    29
 73
    25
 74
     0
 42
0.0000000001
 43
0.0000000001
 12
1.0
 22
0.0
 32
0.0
 13
1.0
 23
0.0
 33
0.0
 40
0.0
 40
0.0
 40
0.0
 40
0.0
 40
1.0
 40
1.0
 40
1.0
 40
2.0
 40
2.0
 40
2.0
 40
3.0
 40
3.0
 40
3.0
 40
4.0
 40
4.0
 40
4.0
 40
5.0
 40
5.0
 40
5.0
 40
6.0
 40
6.0
 40
6.0
 40
7.0
 40
7.0
 40
7.0
 40
8.0
 40
8.0
 40
8.0
 40
8.0
 10
148.9848219199987
 20
-119.0418528937133
 30
0.0
 10
148.9848219199987
 20
-119.1788946559058
 30
0.0
 10
149.0135819172154
 20
-119.2815445676416
 30
0.0
 10
149.0710268202716
 20
-119.3497275375444
 30
0.0
 10
149.1284717233277
 20
-119.4179105074459
 30
0.0
 10
149.2007096275602
 20
-119.4520019923966
 30
0.0
 10
149.2878156243551
 20
-119.4520019923966
 30
0.0
 10
149.3743208901293
 20
-119.4520019923966
 30
0.0
 10
149.4462584288624
 20
-119.4177603246929
 30
0.0
 10
149.5037033319217
 20
-119.3492018979066
 30
0.0
 10
149.5611482349773
 20
-119.2807185625005
 30
0.0
 10
149.5898331408117
 20
-119.1762664577308
 30
0.0
 10
149.5898331408117
 20
-119.0358455835936
 30
0.0
 10
149.5898331408117
 20
-118.9034594867445
 30
0.0
 10
149.5609980522212
 20
-118.8032124990568
 30
0.0
 10
149.5032527836578
 20
-118.735029529154
 30
0.0
 10
149.4454324237206
 20
-118.6668465592538
 30
0.0
 10
149.373645067743
 20
-118.6327550743031
 30
0.0
 10
149.2878156243551
 20
-118.6327550743031
 30
0.0
 10
149.2007096275602
 20
-118.6327550743031
 30
0.0
 10
149.1284717233277
 20
-118.6666963765009
 30
0.0
 10
149.0710268202716
 20
-118.7345038895188
 30
0.0
 10
149.0135819172154
 20
-118.8023864939157
 30
0.0
 10
148.9848219199987
 20
-118.9048111315209
 30
0.0
 10
148.9848219199987
 20
-119.0418528937133
 30
0.0
  0
HATCH
  5
61
330
1F
100
AcDbEntity
  8
Capa 1
 62
   255
100
AcDbHatch
 10
0.0
 20
0.0
 30
0.0
210
0.0
220
0.0
230
1.0
  2
SOLID
 70
     1
 71
     0
 91
        2
 92
        1
 93
        1
 72
     4
 94
        3
 73
     0
 74
     1
 95
       32
 96
       28
 40
0.0
 40
0.0
 40
0.0
 40
0.0
 40
1.0
 40
1.0
 40
1.0
 40
2.0
 40
2.0
 40
2.0
 40
3.0
 40
3.0
 40
3.0
 40
4.0
 40
4.0
 40
4.0
 40
5.0
 40
5.0
 40
5.0
 40
6.0
 40
6.0
 40
6.0
 40
7.0
 40
7.0
 40
7.0
 40
8.0
 40
8.0
 40
8.0
 40
9.0
 40
9.0
 40
9.0
 40
9.0
 10
148.8058040783194
 20
-119.0418528937133
 10
148.8058040783194
 20
-118.8436867510173
 10
148.8586684074064
 20
-118.6969582012481
 10
148.9645472483315
 20
-118.6015170616618
 10
149.0529297985238
 20
-118.522295659406
 10
149.1606859238662
 20
-118.4826474125917
 10
149.2878156243551
 20
-118.4826474125917
 10
149.4291375950105
 20
-118.4826474125917
 10
149.5447032235124
 20
-118.5308560763332
 10
149.6343623271045
 20
-118.6271983124383
 10
149.7240965220718
 20
-118.7236156399225
 10
149.7689260738723
 20
-118.8568277419101
 10
149.7689260738723
 20
-119.0267595270286
 10
149.7689260738723
 20
-119.1644771116143
 10
149.7491019504652
 20
-119.2728339679628
 10
149.7093786122719
 20
-119.3517550047128
 10
149.6697303654557
 20
-119.4306760414602
 10
149.6119850968937
 20
-119.4919506047167
 10
149.5361428065851
 20
-119.5356537858703
 10
149.4603005162759
 20
-119.5792818756423
 10
149.3775498193256
 20
-119.6011334662139
 10
149.2878156243551
 20
-119.6011334662139
 10
149.1439405468967
 20
-119.6011334662139
 10
149.0276240046257
 20
-119.5531500766045
 10
148.9388659975538
 20
-119.4570331146287
 10
148.8501079904792
 20
-119.3609912440294
 10
148.8058040783194
 20
-119.2225978370555
 10
148.8058040783194
 20
-119.0418528937133
 97
        0
 92
        1
 93
        1
 72
     4
 94
        3
 73
     0
 74
     1
 95
       29
 96
       25
 40
0.0
 40
0.0
 40
0.0
 40
0.0
 40
1.0
 40
1.0
 40
1.0
 40
2.0
 40
2.0
 40
2.0
 40
3.0
 40
3.0
 40
3.0
 40
4.0
 40
4.0
 40
4.0
 40
5.0
 40
5.0
 40
5.0
 40
6.0
 40
6.0
 40
6.0
 40
7.0
 40
7.0
 40
7.0
 40
8.0
 40
8.0
 40
8.0
 40
8.0
 10
148.9848219199987
 20
-119.0418528937133
 10
148.9848219199987
 20
-119.1788946559058
 10
149.0135819172154
 20
-119.2815445676416
 10
149.0710268202716
 20
-119.3497275375444
 10
149.1284717233277
 20
-119.4179105074459
 10
149.2007096275602
 20
-119.4520019923966
 10
149.2878156243551
 20
-119.4520019923966
 10
149.3743208901293
 20
-119.4520019923966
 10
149.4462584288624
 20
-119.4177603246929
 10
149.5037033319217
 20
-119.3492018979066
 10
149.5611482349773
 20
-119.2807185625005
 10
149.5898331408117
 20
-119.1762664577308
 10
149.5898331408117
 20
-119.0358455835936
 10
149.5898331408117
 20
-118.9034594867445
 10
149.5609980522212
 20
-118.8032124990568
 10
149.5032527836578
 20
-118.735029529154
 10
149.4454324237206
 20
-118.6668465592538
 10
149.373645067743
 20
-118.6327550743031
 10
149.2878156243551
 20
-118.6327550743031
 10
149.2007096275602
 20
-118.6327550743031
 10
149.1284717233277
 20
-118.6666963765009
 10
149.0710268202716
 20
-118.7345038895188
 10
149.0135819172154
 20
-118.8023864939157
 10
148.9848219199987
 20
-118.9048111315209
 10
148.9848219199987
 20
-119.0418528937133
 97
        0
 75
     2
 76
     1
 98
        0
  0
SPLINE
  5
62
330
1F
100
AcDbEntity
  8
Capa 1
370
     0
100
AcDbSpline
210
0.0
220
0.0
230
1.0
 70
    11
 71
     3
 72
    59
 73
    55
 74
     0
 42
0.0000000001
 43
0.0000000001
 12
1.0
 22
0.0
 32
0.0
 13
1.0
 23
0.0
 33
0.0
 40
0.0
 40
0.0
 40
0.0
 40
0.0
 40
1.0
 40
1.0
 40
1.0
 40
2.0
 40
2.0
 40
2.0
 40
3.0
 40
3.0
 40
3.0
 40
4.0
 40
4.0
 40
4.0
 40
5.0
 40
5.0
 40
5.0
 40
6.0
 40
6.0
 40
6.0
 40
7.0
 40
7.0
 40
7.0
 40
8.0
 40
8.0
 40
8.0
 40
9.0
 40
9.0
 40
9.0
 40
10.0
 40
10.0
 40
10.0
 40
11.0
 40
11.0
 40
11.0
 40
12.0
 40
12.0
 40
12.0
 40
13.0
 40
13.0
 40
13.0
 40
14.0
 40
14.0
 40
14.0
 40
15.0
 40
15.0
 40
15.0
 40
16.0
 40
16.0
 40
16.0
 40
17.0
 40
17.0
 40
17.0
 40
18.0
 40
18.0
 40
18.0
 40
18.0
 10
149.9731746180735
 20
-119.5769540429667
 30
0.0
 10
149.9731746180735
 20
-119.5769540429667
 30
0.0
 10
149.9731746180735
 20
-118.5068268358389
 30
0.0
 10
149.9731746180735
 20
-118.5068268358389
 30
0.0
 10
149.9731746180735
 20
-118.5068268358389
 30
0.0
 10
150.1300405036731
 20
-118.5068268358389
 30
0.0
 10
150.1300405036731
 20
-118.5068268358389
 30
0.0
 10
150.1300405036731
 20
-118.5068268358389
 30
0.0
 10
150.1300405036731
 20
-118.6589619647135
 30
0.0
 10
150.1300405036731
 20
-118.6589619647135
 30
0.0
 10
150.205507337098
 20
-118.5414439604249
 30
0.0
 10
150.3145400158397
 20
-118.4826474125917
 30
0.0
 10
150.4572136312747
 20
-118.4826474125917
 30
0.0
 10
150.5191640169245
 20
-118.4826474125917
 30
0.0
 10
150.5760832803448
 20
-118.4942114845749
 30
0.0
 10
150.6280465129127
 20
-118.5174147199306
 30
0.0
 10
150.6800097454799
 20
-118.5405428639073
 30
0.0
 10
150.7189070785314
 20
-118.5709548714049
 30
0.0
 10
150.7447385120608
 20
-118.6085756510559
 30
0.0
 10
150.7704948542163
 20
-118.6461964307017
 30
0.0
 10
150.7885918759629
 20
-118.6908757997481
 30
0.0
 10
150.79887939455
 20
-118.7426137581846
 30
0.0
 10
150.8053372529336
 20
-118.7761796035001
 30
0.0
 10
150.8085661821235
 20
-118.8349761513384
 30
0.0
 10
150.8085661821235
 20
-118.9189283103116
 30
0.0
 10
150.8085661821235
 20
-118.9189283103116
 30
0.0
 10
150.8085661821235
 20
-119.5769540429667
 30
0.0
 10
150.8085661821235
 20
-119.5769540429667
 30
0.0
 10
150.8085661821235
 20
-119.5769540429667
 30
0.0
 10
150.6343541885427
 20
-119.5769540429667
 30
0.0
 10
150.6343541885427
 20
-119.5769540429667
 30
0.0
 10
150.6343541885427
 20
-119.5769540429667
 30
0.0
 10
150.6343541885427
 20
-118.9259868997056
 30
0.0
 10
150.6343541885427
 20
-118.9259868997056
 30
0.0
 10
150.6343541885427
 20
-118.8520969851864
 30
0.0
 10
150.6275959646545
 20
-118.7968297320535
 30
0.0
 10
150.6140044254991
 20
-118.7602602316743
 30
0.0
 10
150.600487977722
 20
-118.7236156399225
 30
0.0
 10
150.5763836458494
 20
-118.694405094447
 30
0.0
 10
150.541916704015
 20
-118.6725535038741
 30
0.0
 10
150.5073746708068
 20
-118.6507770046763
 30
0.0
 10
150.4669004188521
 20
-118.6398136636997
 30
0.0
 10
150.4204188567693
 20
-118.6398136636997
 30
0.0
 10
150.3462285767423
 20
-118.6398136636997
 30
0.0
 10
150.2821756325476
 20
-118.6643685438279
 30
0.0
 10
150.2282600241904
 20
-118.713403212713
 30
0.0
 10
150.1743444158306
 20
-118.7624378815918
 30
0.0
 10
150.147461703032
 20
-118.8554760971299
 30
0.0
 10
150.147461703032
 20
-118.9925178593262
 30
0.0
 10
150.147461703032
 20
-118.9925178593262
 30
0.0
 10
150.147461703032
 20
-119.5769540429667
 30
0.0
 10
150.147461703032
 20
-119.5769540429667
 30
0.0
 10
150.147461703032
 20
-119.5769540429667
 30
0.0
 10
149.9731746180735
 20
-119.5769540429667
 30
0.0
 10
149.9731746180735
 20
-119.5769540429667
 30
0.0
  0
HATCH
  5
63
330
1F
100
AcDbEntity
  8
Capa 1
 62
   255
100
AcDbHatch
 10
0.0
 20
0.0
 30
0.0
210
0.0
220
0.0
230
1.0
  2
SOLID
 70
     1
 71
     0
 91
        1
 92
        1
 93
        1
 72
     4
 94
        3
 73
     0
 74
     1
 95
       59
 96
       55
 40
0.0
 40
0.0
 40
0.0
 40
0.0
 40
1.0
 40
1.0
 40
1.0
 40
2.0
 40
2.0
 40
2.0
 40
3.0
 40
3.0
 40
3.0
 40
4.0
 40
4.0
 40
4.0
 40
5.0
 40
5.0
 40
5.0
 40
6.0
 40
6.0
 40
6.0
 40
7.0
 40
7.0
 40
7.0
 40
8.0
 40
8.0
 40
8.0
 40
9.0
 40
9.0
 40
9.0
 40
10.0
 40
10.0
 40
10.0
 40
11.0
 40
11.0
 40
11.0
 40
12.0
 40
12.0
 40
12.0
 40
13.0
 40
13.0
 40
13.0
 40
14.0
 40
14.0
 40
14.0
 40
15.0
 40
15.0
 40
15.0
 40
16.0
 40
16.0
 40
16.0
 40
17.0
 40
17.0
 40
17.0
 40
18.0
 40
18.0
 40
18.0
 40
18.0
 10
149.9731746180735
 20
-119.5769540429667
 10
149.9731746180735
 20
-119.5769540429667
 10
149.9731746180735
 20
-118.5068268358389
 10
149.9731746180735
 20
-118.5068268358389
 10
149.9731746180735
 20
-118.5068268358389
 10
150.1300405036731
 20
-118.5068268358389
 10
150.1300405036731
 20
-118.5068268358389
 10
150.1300405036731
 20
-118.5068268358389
 10
150.1300405036731
 20
-118.6589619647135
 10
150.1300405036731
 20
-118.6589619647135
 10
150.205507337098
 20
-118.5414439604249
 10
150.3145400158397
 20
-118.4826474125917
 10
150.4572136312747
 20
-118.4826474125917
 10
150.5191640169245
 20
-118.4826474125917
 10
150.5760832803448
 20
-118.4942114845749
 10
150.6280465129127
 20
-118.5174147199306
 10
150.6800097454799
 20
-118.5405428639073
 10
150.7189070785314
 20
-118.5709548714049
 10
150.7447385120608
 20
-118.6085756510559
 10
150.7704948542163
 20
-118.6461964307017
 10
150.7885918759629
 20
-118.6908757997481
 10
150.79887939455
 20
-118.7426137581846
 10
150.8053372529336
 20
-118.7761796035001
 10
150.8085661821235
 20
-118.8349761513384
 10
150.8085661821235
 20
-118.9189283103116
 10
150.8085661821235
 20
-118.9189283103116
 10
150.8085661821235
 20
-119.5769540429667
 10
150.8085661821235
 20
-119.5769540429667
 10
150.8085661821235
 20
-119.5769540429667
 10
150.6343541885427
 20
-119.5769540429667
 10
150.6343541885427
 20
-119.5769540429667
 10
150.6343541885427
 20
-119.5769540429667
 10
150.6343541885427
 20
-118.9259868997056
 10
150.6343541885427
 20
-118.9259868997056
 10
150.6343541885427
 20
-118.8520969851864
 10
150.6275959646545
 20
-118.7968297320535
 10
150.6140044254991
 20
-118.7602602316743
 10
150.600487977722
 20
-118.7236156399225
 10
150.5763836458494
 20
-118.694405094447
 10
150.541916704015
 20
-118.6725535038741
 10
150.5073746708068
 20
-118.6507770046763
 10
150.4669004188521
 20
-118.6398136636997
 10
150.4204188567693
 20
-118.6398136636997
 10
150.3462285767423
 20
-118.6398136636997
 10
150.2821756325476
 20
-118.6643685438279
 10
150.2282600241904
 20
-118.713403212713
 10
150.1743444158306
 20
-118.7624378815918
 10
150.147461703032
 20
-118.8554760971299
 10
150.147461703032
 20
-118.9925178593262
 10
150.147461703032
 20
-118.9925178593262
 10
150.147461703032
 20
-119.5769540429667
 10
150.147461703032
 20
-119.5769540429667
 10
150.147461703032
 20
-119.5769540429667
 10
149.9731746180735
 20
-119.5769540429667
 10
149.9731746180735
 20
-119.5769540429667
 97
        0
 75
     2
 76
     1
 98
        0
  0
POLYLINE
  5
64
330
1F
100
AcDbEntity
  8
Capa 1
370
     0
100
AcDb2dPolyline
 66
     1
 10
0.0
 20
0.0
 30
0.0
  0
VERTEX
  5
65
330
64
100
AcDbEntity
  8
Capa 1
370
     0
100
AcDbVertex
100
AcDb2dVertex
 10
151.1251514256334
 20
-119.5769540429667
 30
0.0
  0
VERTEX
  5
66
330
64
100
AcDbEntity
  8
Capa 1
370
     0
100
AcDbVertex
100
AcDb2dVertex
 10
151.1251514256334
 20
-119.3703776660964
 30
0.0
  0
VERTEX
  5
67
330
64
100
AcDbEntity
  8
Capa 1
370
     0
100
AcDbVertex
100
AcDb2dVertex
 10
151.3235428424653
 20
-119.3703776660964
 30
0.0
  0
VERTEX
  5
68
330
64
100
AcDbEntity
  8
Capa 1
370
     0
100
AcDbVertex
100
AcDb2dVertex
 10
151.3235428424653
 20
-119.5769540429667
 30
0.0
  0
VERTEX
  5
69
330
64
100
AcDbEntity
  8
Capa 1
370
     0
100
AcDbVertex
100
AcDb2dVertex
 10
151.1251514256334
 20
-119.5769540429667
 30
0.0
  0
SEQEND
  5
6A
330
64
100
AcDbEntity
  8
Capa 1
370
     0
  0
HATCH
  5
6B
330
1F
100
AcDbEntity
  8
Capa 1
 62
   255
100
AcDbHatch
 10
0.0
 20
0.0
 30
0.0
210
0.0
220
0.0
230
1.0
  2
SOLID
 70
     1
 71
     0
 91
        1
 92
        1
 93
        4
 72
     1
 10
151.1251514256334
 20
-119.5769540429667
 11
151.1251514256334
 21
-119.3703776660964
 72
     1
 10
151.1251514256334
 20
-119.3703776660964
 11
151.3235428424653
 21
-119.3703776660964
 72
     1
 10
151.3235428424653
 20
-119.3703776660964
 11
151.3235428424653
 21
-119.5769540429667
 72
     1
 10
151.3235428424653
 20
-119.5769540429667
 11
151.1251514256334
 21
-119.5769540429667
 97
        0
 75
     2
 76
     1
 98
        0
  0
SPLINE
  5
6C
330
1F
100
AcDbEntity
  8
Capa 1
370
     0
100
AcDbSpline
210
0.0
220
0.0
230
1.0
 70
    11
 71
     3
 72
    62
 73
    58
 74
     0
 42
0.0000000001
 43
0.0000000001
 12
1.0
 22
0.0
 32
0.0
 13
1.0
 23
0.0
 33
0.0
 40
0.0
 40
0.0
 40
0.0
 40
0.0
 40
1.0
 40
1.0
 40
1.0
 40
2.0
 40
2.0
 40
2.0
 40
3.0
 40
3.0
 40
3.0
 40
4.0
 40
4.0
 40
4.0
 40
5.0
 40
5.0
 40
5.0
 40
6.0
 40
6.0
 40
6.0
 40
7.0
 40
7.0
 40
7.0
 40
8.0
 40
8.0
 40
8.0
 40
9.0
 40
9.0
 40
9.0
 40
10.0
 40
10.0
 40
10.0
 40
11.0
 40
11.0
 40
11.0
 40
12.0
 40
12.0
 40
12.0
 40
13.0
 40
13.0
 40
13.0
 40
14.0
 40
14.0
 40
14.0
 40
15.0
 40
15.0
 40
15.0
 40
16.0
 40
16.0
 40
16.0
 40
17.0
 40
17.0
 40
17.0
 40
18.0
 40
18.0
 40
18.0
 40
19.0
 40
19.0
 40
19.0
 40
19.0
 10
152.2974029048632
 20
-119.1849770574096
 30
0.0
 10
152.2974029048632
 20
-119.1849770574096
 30
0.0
 10
152.4687614261358
 20
-119.2081802927602
 30
0.0
 10
152.4687614261358
 20
-119.2081802927602
 30
0.0
 10
152.4499885820011
 20
-119.3311048761607
 30
0.0
 10
152.40208028377
 20
-119.4272969295129
 30
0.0
 10
152.3249614400551
 20
-119.4968315441971
 30
0.0
 10
152.2478425963428
 20
-119.566366158875
 30
0.0
 10
152.153152370525
 20
-119.6011334662139
 30
0.0
 10
152.0408907625902
 20
-119.6011334662139
 30
0.0
 10
151.9001695229484
 20
-119.6011334662139
 30
0.0
 10
151.7870819098699
 20
-119.5533002593548
 30
0.0
 10
151.7015528319885
 20
-119.457558754264
 30
0.0
 10
151.6160988454797
 20
-119.3618172491692
 30
0.0
 10
151.5732967608501
 20
-119.2246253042239
 30
0.0
 10
151.5732967608501
 20
-119.0459078280475
 30
0.0
 10
151.5732967608501
 20
-118.9303421995444
 30
0.0
 10
151.5916941481018
 20
-118.8292692067207
 30
0.0
 10
151.6284889226104
 20
-118.7426137581846
 30
0.0
 10
151.6652836971138
 20
-118.6559583096562
 30
0.0
 10
151.7212267726388
 20
-118.5909291775701
 30
0.0
 10
151.7964683319389
 20
-118.5476014532988
 30
0.0
 10
151.8716347998592
 20
-118.5042737290378
 30
0.0
 10
151.9534093089156
 20
-118.4826474125917
 30
0.0
 10
152.0418669504816
 20
-118.4826474125917
 30
0.0
 10
152.153452736029
 20
-118.4826474125917
 30
0.0
 10
152.2447638499071
 20
-118.5120081408188
 30
0.0
 10
152.3158002921149
 20
-118.570804688652
 30
0.0
 10
152.3867616429526
 20
-118.6296012364903
 30
0.0
 10
152.4322670171369
 20
-118.7130277558262
 30
0.0
 10
152.4522413232969
 20
-118.8212344294301
 30
0.0
 10
152.4522413232969
 20
-118.8212344294301
 30
0.0
 10
152.2828351778137
 20
-118.8484175077397
 30
0.0
 10
152.2828351778137
 20
-118.8484175077397
 30
0.0
 10
152.2667656232323
 20
-118.7765550603863
 30
0.0
 10
152.2381558087706
 20
-118.722414177899
 30
0.0
 10
152.1972310085532
 20
-118.6861450430244
 30
0.0
 10
152.1562311169626
 20
-118.6498759081562
 30
0.0
 10
152.1066708084448
 20
-118.631778886409
 30
0.0
 10
152.0486251743724
 20
-118.631778886409
 30
0.0
 10
151.9608433551932
 20
-118.631778886409
 30
0.0
 10
151.8895065474764
 20
-118.6645187265821
 30
0.0
 10
151.8346898425977
 20
-118.7299984069283
 30
0.0
 10
151.7797980463465
 20
-118.7954780872707
 30
0.0
 10
151.7523896939055
 20
-118.8991041868993
 30
0.0
 10
151.7523896939055
 20
-119.0408767058193
 30
0.0
 10
151.7523896939055
 20
-119.1846016005273
 30
0.0
 10
151.7788218584473
 20
-119.289128796676
 30
0.0
 10
151.831761278913
 20
-119.3542330201361
 30
0.0
 10
151.8847006993775
 20
-119.4194123349739
 30
0.0
 10
151.9537096744201
 20
-119.4520019923966
 30
0.0
 10
152.0389383867983
 20
-119.4520019923966
 30
0.0
 10
152.1073466308324
 20
-119.4520019923966
 30
0.0
 10
152.1644160770049
 20
-119.4301504018237
 30
0.0
 10
152.2102969080721
 20
-119.386522312053
 30
0.0
 10
152.2561026477642
 20
-119.3428191309045
 30
0.0
 10
152.2850879191102
 20
-119.2756874402722
 30
0.0
 10
152.2974029048632
 20
-119.1849770574096
 30
0.0
  0
HATCH
  5
6D
330
1F
100
AcDbEntity
  8
Capa 1
 62
   255
100
AcDbHatch
 10
0.0
 20
0.0
 30
0.0
210
0.0
220
0.0
230
1.0
  2
SOLID
 70
     1
 71
     0
 91
        1
 92
        1
 93
        1
 72
     4
 94
        3
 73
     0
 74
     1
 95
       62
 96
       58
 40
0.0
 40
0.0
 40
0.0
 40
0.0
 40
1.0
 40
1.0
 40
1.0
 40
2.0
 40
2.0
 40
2.0
 40
3.0
 40
3.0
 40
3.0
 40
4.0
 40
4.0
 40
4.0
 40
5.0
 40
5.0
 40
5.0
 40
6.0
 40
6.0
 40
6.0
 40
7.0
 40
7.0
 40
7.0
 40
8.0
 40
8.0
 40
8.0
 40
9.0
 40
9.0
 40
9.0
 40
10.0
 40
10.0
 40
10.0
 40
11.0
 40
11.0
 40
11.0
 40
12.0
 40
12.0
 40
12.0
 40
13.0
 40
13.0
 40
13.0
 40
14.0
 40
14.0
 40
14.0
 40
15.0
 40
15.0
 40
15.0
 40
16.0
 40
16.0
 40
16.0
 40
17.0
 40
17.0
 40
17.0
 40
18.0
 40
18.0
 40
18.0
 40
19.0
 40
19.0
 40
19.0
 40
19.0
 10
152.2974029048632
 20
-119.1849770574096
 10
152.2974029048632
 20
-119.1849770574096
 10
152.4687614261358
 20
-119.2081802927602
 10
152.4687614261358
 20
-119.2081802927602
 10
152.4499885820011
 20
-119.3311048761607
 10
152.40208028377
 20
-119.4272969295129
 10
152.3249614400551
 20
-119.4968315441971
 10
152.2478425963428
 20
-119.566366158875
 10
152.153152370525
 20
-119.6011334662139
 10
152.0408907625902
 20
-119.6011334662139
 10
151.9001695229484
 20
-119.6011334662139
 10
151.7870819098699
 20
-119.5533002593548
 10
151.7015528319885
 20
-119.457558754264
 10
151.6160988454797
 20
-119.3618172491692
 10
151.5732967608501
 20
-119.2246253042239
 10
151.5732967608501
 20
-119.0459078280475
 10
151.5732967608501
 20
-118.9303421995444
 10
151.5916941481018
 20
-118.8292692067207
 10
151.6284889226104
 20
-118.7426137581846
 10
151.6652836971138
 20
-118.6559583096562
 10
151.7212267726388
 20
-118.5909291775701
 10
151.7964683319389
 20
-118.5476014532988
 10
151.8716347998592
 20
-118.5042737290378
 10
151.9534093089156
 20
-118.4826474125917
 10
152.0418669504816
 20
-118.4826474125917
 10
152.153452736029
 20
-118.4826474125917
 10
152.2447638499071
 20
-118.5120081408188
 10
152.3158002921149
 20
-118.570804688652
 10
152.3867616429526
 20
-118.6296012364903
 10
152.4322670171369
 20
-118.7130277558262
 10
152.4522413232969
 20
-118.8212344294301
 10
152.4522413232969
 20
-118.8212344294301
 10
152.2828351778137
 20
-118.8484175077397
 10
152.2828351778137
 20
-118.8484175077397
 10
152.2667656232323
 20
-118.7765550603863
 10
152.2381558087706
 20
-118.722414177899
 10
152.1972310085532
 20
-118.6861450430244
 10
152.1562311169626
 20
-118.6498759081562
 10
152.1066708084448
 20
-118.631778886409
 10
152.0486251743724
 20
-118.631778886409
 10
151.9608433551932
 20
-118.631778886409
 10
151.8895065474764
 20
-118.6645187265821
 10
151.8346898425977
 20
-118.7299984069283
 10
151.7797980463465
 20
-118.7954780872707
 10
151.7523896939055
 20
-118.8991041868993
 10
151.7523896939055
 20
-119.0408767058193
 10
151.7523896939055
 20
-119.1846016005273
 10
151.7788218584473
 20
-119.289128796676
 10
151.831761278913
 20
-119.3542330201361
 10
151.8847006993775
 20
-119.4194123349739
 10
151.9537096744201
 20
-119.4520019923966
 10
152.0389383867983
 20
-119.4520019923966
 10
152.1073466308324
 20
-119.4520019923966
 10
152.1644160770049
 20
-119.4301504018237
 10
152.2102969080721
 20
-119.386522312053
 10
152.2561026477642
 20
-119.3428191309045
 10
152.2850879191102
 20
-119.2756874402722
 10
152.2974029048632
 20
-119.1849770574096
 97
        0
 75
     2
 76
     1
 98
        0
  0
SPLINE
  5
6E
330
1F
100
AcDbEntity
  8
Capa 1
370
     0
100
AcDbSpline
210
0.0
220
0.0
230
1.0
 70
    11
 71
     3
 72
    32
 73
    28
 74
     0
 42
0.0000000001
 43
0.0000000001
 12
1.0
 22
0.0
 32
0.0
 13
1.0
 23
0.0
 33
0.0
 40
0.0
 40
0.0
 40
0.0
 40
0.0
 40
1.0
 40
1.0
 40
1.0
 40
2.0
 40
2.0
 40
2.0
 40
3.0
 40
3.0
 40
3.0
 40
4.0
 40
4.0
 40
4.0
 40
5.0
 40
5.0
 40
5.0
 40
6.0
 40
6.0
 40
6.0
 40
7.0
 40
7.0
 40
7.0
 40
8.0
 40
8.0
 40
8.0
 40
9.0
 40
9.0
 40
9.0
 40
9.0
 10
152.5529388592421
 20
-119.0418528937133
 30
0.0
 10
152.5529388592421
 20
-118.8436867510173
 30
0.0
 10
152.6058031883295
 20
-118.6969582012481
 30
0.0
 10
152.7116820292584
 20
-118.6015170616618
 30
0.0
 10
152.8000645794519
 20
-118.522295659406
 30
0.0
 10
152.9078207047906
 20
-118.4826474125917
 30
0.0
 10
153.0349504052782
 20
-118.4826474125917
 30
0.0
 10
153.1762723759361
 20
-118.4826474125917
 30
0.0
 10
153.2918380044405
 20
-118.5308560763332
 30
0.0
 10
153.3814971080313
 20
-118.6271983124383
 30
0.0
 10
153.4712313030012
 20
-118.7236156399225
 30
0.0
 10
153.5160608547941
 20
-118.8568277419101
 30
0.0
 10
153.5160608547941
 20
-119.0267595270286
 30
0.0
 10
153.5160608547941
 20
-119.1644771116143
 30
0.0
 10
153.4962367313921
 20
-119.2728339679628
 30
0.0
 10
153.4565133931988
 20
-119.3517550047128
 30
0.0
 10
153.416865146382
 20
-119.4306760414602
 30
0.0
 10
153.3591198778219
 20
-119.4919506047167
 30
0.0
 10
153.2832775875133
 20
-119.5356537858703
 30
0.0
 10
153.2074352972022
 20
-119.5792818756423
 30
0.0
 10
153.1246846002474
 20
-119.6011334662139
 30
0.0
 10
153.0349504052782
 20
-119.6011334662139
 30
0.0
 10
152.8910753278185
 20
-119.6011334662139
 30
0.0
 10
152.7747587855526
 20
-119.5531500766045
 30
0.0
 10
152.6860007784794
 20
-119.4570331146287
 30
0.0
 10
152.5972427714061
 20
-119.3609912440294
 30
0.0
 10
152.5529388592421
 20
-119.2225978370555
 30
0.0
 10
152.5529388592421
 20
-119.0418528937133
 30
0.0
  0
SPLINE
  5
6F
330
1F
100
AcDbEntity
  8
Capa 1
370
     0
100
AcDbSpline
210
0.0
220
0.0
230
1.0
 70
    11
 71
     3
 72
    29
 73
    25
 74
     0
 42
0.0000000001
 43
0.0000000001
 12
1.0
 22
0.0
 32
0.0
 13
1.0
 23
0.0
 33
0.0
 40
0.0
 40
0.0
 40
0.0
 40
0.0
 40
1.0
 40
1.0
 40
1.0
 40
2.0
 40
2.0
 40
2.0
 40
3.0
 40
3.0
 40
3.0
 40
4.0
 40
4.0
 40
4.0
 40
5.0
 40
5.0
 40
5.0
 40
6.0
 40
6.0
 40
6.0
 40
7.0
 40
7.0
 40
7.0
 40
8.0
 40
8.0
 40
8.0
 40
8.0
 10
152.7319567009218
 20
-119.0418528937133
 30
0.0
 10
152.7319567009218
 20
-119.1788946559058
 30
0.0
 10
152.7607166981423
 20
-119.2815445676416
 30
0.0
 10
152.8181616011985
 20
-119.3497275375444
 30
0.0
 10
152.8756065042521
 20
-119.4179105074459
 30
0.0
 10
152.9478444084871
 20
-119.4520019923966
 30
0.0
 10
153.0349504052782
 20
-119.4520019923966
 30
0.0
 10
153.1214556710569
 20
-119.4520019923966
 30
0.0
 10
153.1933932097867
 20
-119.4177603246929
 30
0.0
 10
153.2508381128435
 20
-119.3492018979066
 30
0.0
 10
153.3082830159003
 20
-119.2807185625005
 30
0.0
 10
153.3369679217399
 20
-119.1762664577308
 30
0.0
 10
153.3369679217399
 20
-119.0358455835936
 30
0.0
 10
153.3369679217399
 20
-118.9034594867445
 30
0.0
 10
153.3081328331468
 20
-118.8032124990568
 30
0.0
 10
153.2503875645847
 20
-118.735029529154
 30
0.0
 10
153.1925672046449
 20
-118.6668465592538
 30
0.0
 10
153.1207798486712
 20
-118.6327550743031
 30
0.0
 10
153.0349504052782
 20
-118.6327550743031
 30
0.0
 10
152.9478444084871
 20
-118.6327550743031
 30
0.0
 10
152.8756065042521
 20
-118.6666963765009
 30
0.0
 10
152.8181616011985
 20
-118.7345038895188
 30
0.0
 10
152.7607166981423
 20
-118.8023864939157
 30
0.0
 10
152.7319567009218
 20
-118.9048111315209
 30
0.0
 10
152.7319567009218
 20
-119.0418528937133
 30
0.0
  0
HATCH
  5
70
330
1F
100
AcDbEntity
  8
Capa 1
 62
   255
100
AcDbHatch
 10
0.0
 20
0.0
 30
0.0
210
0.0
220
0.0
230
1.0
  2
SOLID
 70
     1
 71
     0
 91
        2
 92
        1
 93
        1
 72
     4
 94
        3
 73
     0
 74
     1
 95
       32
 96
       28
 40
0.0
 40
0.0
 40
0.0
 40
0.0
 40
1.0
 40
1.0
 40
1.0
 40
2.0
 40
2.0
 40
2.0
 40
3.0
 40
3.0
 40
3.0
 40
4.0
 40
4.0
 40
4.0
 40
5.0
 40
5.0
 40
5.0
 40
6.0
 40
6.0
 40
6.0
 40
7.0
 40
7.0
 40
7.0
 40
8.0
 40
8.0
 40
8.0
 40
9.0
 40
9.0
 40
9.0
 40
9.0
 10
152.5529388592421
 20
-119.0418528937133
 10
152.5529388592421
 20
-118.8436867510173
 10
152.6058031883295
 20
-118.6969582012481
 10
152.7116820292584
 20
-118.6015170616618
 10
152.8000645794519
 20
-118.522295659406
 10
152.9078207047906
 20
-118.4826474125917
 10
153.0349504052782
 20
-118.4826474125917
 10
153.1762723759361
 20
-118.4826474125917
 10
153.2918380044405
 20
-118.5308560763332
 10
153.3814971080313
 20
-118.6271983124383
 10
153.4712313030012
 20
-118.7236156399225
 10
153.5160608547941
 20
-118.8568277419101
 10
153.5160608547941
 20
-119.0267595270286
 10
153.5160608547941
 20
-119.1644771116143
 10
153.4962367313921
 20
-119.2728339679628
 10
153.4565133931988
 20
-119.3517550047128
 10
153.416865146382
 20
-119.4306760414602
 10
153.3591198778219
 20
-119.4919506047167
 10
153.2832775875133
 20
-119.5356537858703
 10
153.2074352972022
 20
-119.5792818756423
 10
153.1246846002474
 20
-119.6011334662139
 10
153.0349504052782
 20
-119.6011334662139
 10
152.8910753278185
 20
-119.6011334662139
 10
152.7747587855526
 20
-119.5531500766045
 10
152.6860007784794
 20
-119.4570331146287
 10
152.5972427714061
 20
-119.3609912440294
 10
152.5529388592421
 20
-119.2225978370555
 10
152.5529388592421
 20
-119.0418528937133
 97
        0
 92
        1
 93
        1
 72
     4
 94
        3
 73
     0
 74
     1
 95
       29
 96
       25
 40
0.0
 40
0.0
 40
0.0
 40
0.0
 40
1.0
 40
1.0
 40
1.0
 40
2.0
 40
2.0
 40
2.0
 40
3.0
 40
3.0
 40
3.0
 40
4.0
 40
4.0
 40
4.0
 40
5.0
 40
5.0
 40
5.0
 40
6.0
 40
6.0
 40
6.0
 40
7.0
 40
7.0
 40
7.0
 40
8.0
 40
8.0
 40
8.0
 40
8.0
 10
152.7319567009218
 20
-119.0418528937133
 10
152.7319567009218
 20
-119.1788946559058
 10
152.7607166981423
 20
-119.2815445676416
 10
152.8181616011985
 20
-119.3497275375444
 10
152.8756065042521
 20
-119.4179105074459
 10
152.9478444084871
 20
-119.4520019923966
 10
153.0349504052782
 20
-119.4520019923966
 10
153.1214556710569
 20
-119.4520019923966
 10
153.1933932097867
 20
-119.4177603246929
 10
153.2508381128435
 20
-119.3492018979066
 10
153.3082830159003
 20
-119.2807185625005
 10
153.3369679217399
 20
-119.1762664577308
 10
153.3369679217399
 20
-119.0358455835936
 10
153.3369679217399
 20
-118.9034594867445
 10
153.3081328331468
 20
-118.8032124990568
 10
153.2503875645847
 20
-118.735029529154
 10
153.1925672046449
 20
-118.6668465592538
 10
153.1207798486712
 20
-118.6327550743031
 10
153.0349504052782
 20
-118.6327550743031
 10
152.9478444084871
 20
-118.6327550743031
 10
152.8756065042521
 20
-118.6666963765009
 10
152.8181616011985
 20
-118.7345038895188
 10
152.7607166981423
 20
-118.8023864939157
 10
152.7319567009218
 20
-118.9048111315209
 10
152.7319567009218
 20
-119.0418528937133
 97
        0
 75
     2
 76
     1
 98
        0
  0
SPLINE
  5
71
330
1F
100
AcDbEntity
  8
Capa 1
370
     0
100
AcDbSpline
210
0.0
220
0.0
230
1.0
 70
    11
 71
     3
 72
    89
 73
    85
 74
     0
 42
0.0000000001
 43
0.0000000001
 12
1.0
 22
0.0
 32
0.0
 13
1.0
 23
0.0
 33
0.0
 40
0.0
 40
0.0
 40
0.0
 40
0.0
 40
1.0
 40
1.0
 40
1.0
 40
2.0
 40
2.0
 40
2.0
 40
3.0
 40
3.0
 40
3.0
 40
4.0
 40
4.0
 40
4.0
 40
5.0
 40
5.0
 40
5.0
 40
6.0
 40
6.0
 40
6.0
 40
7.0
 40
7.0
 40
7.0
 40
8.0
 40
8.0
 40
8.0
 40
9.0
 40
9.0
 40
9.0
 40
10.0
 40
10.0
 40
10.0
 40
11.0
 40
11.0
 40
11.0
 40
12.0
 40
12.0
 40
12.0
 40
13.0
 40
13.0
 40
13.0
 40
14.0
 40
14.0
 40
14.0
 40
15.0
 40
15.0
 40
15.0
 40
16.0
 40
16.0
 40
16.0
 40
17.0
 40
17.0
 40
17.0
 40
18.0
 40
18.0
 40
18.0
 40
19.0
 40
19.0
 40
19.0
 40
20.0
 40
20.0
 40
20.0
 40
21.0
 40
21.0
 40
21.0
 40
22.0
 40
22.0
 40
22.0
 40
23.0
 40
23.0
 40
23.0
 40
24.0
 40
24.0
 40
24.0
 40
25.0
 40
25.0
 40
25.0
 40
26.0
 40
26.0
 40
26.0
 40
27.0
 40
27.0
 40
27.0
 40
28.0
 40
28.0
 40
28.0
 40
28.0
 10
153.7203093989953
 20
-119.5769540429667
 30
0.0
 10
153.7203093989953
 20
-119.5769540429667
 30
0.0
 10
153.7203093989953
 20
-118.5068268358389
 30
0.0
 10
153.7203093989953
 20
-118.5068268358389
 30
0.0
 10
153.7203093989953
 20
-118.5068268358389
 30
0.0
 10
153.8761990967027
 20
-118.5068268358389
 30
0.0
 10
153.8761990967027
 20
-118.5068268358389
 30
0.0
 10
153.8761990967027
 20
-118.5068268358389
 30
0.0
 10
153.8761990967027
 20
-118.6569344975503
 30
0.0
 10
153.8761990967027
 20
-118.6569344975503
 30
0.0
 10
153.9084132972425
 20
-118.6045207167204
 30
0.0
 10
153.9513655646237
 20
-118.562394454479
 30
0.0
 10
154.0049057160993
 20
-118.5304806194495
 30
0.0
 10
154.0585209589526
 20
-118.4985667844163
 30
0.0
 10
154.119495156709
 20
-118.4826474125917
 30
0.0
 10
154.1879034007373
 20
-118.4826474125917
 30
0.0
 10
154.2640460565517
 20
-118.4826474125917
 30
0.0
 10
154.3264469904629
 20
-118.4990924240567
 30
0.0
 10
154.3751812938415
 20
-118.5319824469788
 30
0.0
 10
154.423915597215
 20
-118.5649475612801
 30
0.0
 10
154.4583074476754
 20
-118.6109034837301
 30
0.0
 10
154.4782817538342
 20
-118.6700754884431
 30
0.0
 10
154.5596057146285
 20
-118.5451234378768
 30
0.0
 10
154.6654094641797
 20
-118.4826474125917
 30
0.0
 10
154.795768093863
 20
-118.4826474125917
 30
0.0
 10
154.8977421832119
 20
-118.4826474125917
 30
0.0
 10
154.9761375803222
 20
-118.5120081408188
 30
0.0
 10
155.0310293765747
 20
-118.570804688652
 30
0.0
 10
155.0858460814515
 20
-118.6296012364903
 30
0.0
 10
155.1133295252656
 20
-118.7200863452235
 30
0.0
 10
155.1133295252656
 20
-118.8423351062371
 30
0.0
 10
155.1133295252656
 20
-118.8423351062371
 30
0.0
 10
155.1133295252656
 20
-119.5769540429667
 30
0.0
 10
155.1133295252656
 20
-119.5769540429667
 30
0.0
 10
155.1133295252656
 20
-119.5769540429667
 30
0.0
 10
154.9400186282011
 20
-119.5769540429667
 30
0.0
 10
154.9400186282011
 20
-119.5769540429667
 30
0.0
 10
154.9400186282011
 20
-119.5769540429667
 30
0.0
 10
154.9400186282011
 20
-118.9027836643563
 30
0.0
 10
154.9400186282011
 20
-118.9027836643563
 30
0.0
 10
154.9400186282011
 20
-118.8302453946148
 30
0.0
 10
154.9343867749637
 20
-118.7780568879156
 30
0.0
 10
154.9230479771061
 20
-118.7461430528836
 30
0.0
 10
154.9117842706249
 20
-118.7142292178542
 30
0.0
 10
154.8912843248283
 20
-118.6885479670726
 30
0.0
 10
154.8616232310915
 20
-118.6690242091713
 30
0.0
 10
154.831962137356
 20
-118.6495755426503
 30
0.0
 10
154.7970446472629
 20
-118.6398136636997
 30
0.0
 10
154.7570960349415
 20
-118.6398136636997
 30
0.0
 10
154.6847830393319
 20
-118.6398136636997
 30
0.0
 10
154.6247850294714
 20
-118.664819092088
 30
0.0
 10
154.57702691399
 20
-118.7149050402423
 30
0.0
 10
154.5292687985087
 20
-118.7649158970228
 30
0.0
 10
154.5053897407635
 20
-118.8450383957898
 30
0.0
 10
154.5053897407635
 20
-118.9551974451862
 30
0.0
 10
154.5053897407635
 20
-118.9551974451862
 30
0.0
 10
154.5053897407635
 20
-119.5769540429667
 30
0.0
 10
154.5053897407635
 20
-119.5769540429667
 30
0.0
 10
154.5053897407635
 20
-119.5769540429667
 30
0.0
 10
154.3311777471853
 20
-119.5769540429667
 30
0.0
 10
154.3311777471853
 20
-119.5769540429667
 30
0.0
 10
154.3311777471853
 20
-119.5769540429667
 30
0.0
 10
154.3311777471853
 20
-118.8816829875461
 30
0.0
 10
154.3311777471853
 20
-118.8816829875461
 30
0.0
 10
154.3311777471853
 20
-118.8010348491406
 30
0.0
 10
154.3169103856416
 20
-118.7405862910201
 30
0.0
 10
154.2885258453073
 20
-118.7002622218164
 30
0.0
 10
154.260141304973
 20
-118.6599381526088
 30
0.0
 10
154.2136597428915
 20
-118.6398136636997
 30
0.0
 10
154.1491562504393
 20
-118.6398136636997
 30
0.0
 10
154.1001215815574
 20
-118.6398136636997
 30
0.0
 10
154.0547663901261
 20
-118.6532550200984
 30
0.0
 10
154.0131657675206
 20
-118.6801377328996
 30
0.0
 10
153.9715651449145
 20
-118.7070204457046
 30
0.0
 10
153.9413784115398
 20
-118.7462932356416
 30
0.0
 10
153.9226806587842
 20
-118.7980311940756
 30
0.0
 10
153.9039078146482
 20
-118.8497691525122
 30
0.0
 10
153.8945964839551
 20
-118.9243348894247
 30
0.0
 10
153.8945964839551
 20
-119.0217284048016
 30
0.0
 10
153.8945964839551
 20
-119.0217284048016
 30
0.0
 10
153.8945964839551
 20
-119.5769540429667
 30
0.0
 10
153.8945964839551
 20
-119.5769540429667
 30
0.0
 10
153.8945964839551
 20
-119.5769540429667
 30
0.0
 10
153.7203093989953
 20
-119.5769540429667
 30
0.0
 10
153.7203093989953
 20
-119.5769540429667
 30
0.0
  0
HATCH
  5
72
330
1F
100
AcDbEntity
  8
Capa 1
 62
   255
100
AcDbHatch
 10
0.0
 20
0.0
 30
0.0
210
0.0
220
0.0
230
1.0
  2
SOLID
 70
     1
 71
     0
 91
        1
 92
        1
 93
        1
 72
     4
 94
        3
 73
     0
 74
     1
 95
       89
 96
       85
 40
0.0
 40
0.0
 40
0.0
 40
0.0
 40
1.0
 40
1.0
 40
1.0
 40
2.0
 40
2.0
 40
2.0
 40
3.0
 40
3.0
 40
3.0
 40
4.0
 40
4.0
 40
4.0
 40
5.0
 40
5.0
 40
5.0
 40
6.0
 40
6.0
 40
6.0
 40
7.0
 40
7.0
 40
7.0
 40
8.0
 40
8.0
 40
8.0
 40
9.0
 40
9.0
 40
9.0
 40
10.0
 40
10.0
 40
10.0
 40
11.0
 40
11.0
 40
11.0
 40
12.0
 40
12.0
 40
12.0
 40
13.0
 40
13.0
 40
13.0
 40
14.0
 40
14.0
 40
14.0
 40
15.0
 40
15.0
 40
15.0
 40
16.0
 40
16.0
 40
16.0
 40
17.0
 40
17.0
 40
17.0
 40
18.0
 40
18.0
 40
18.0
 40
19.0
 40
19.0
 40
19.0
 40
20.0
 40
20.0
 40
20.0
 40
21.0
 40
21.0
 40
21.0
 40
22.0
 40
22.0
 40
22.0
 40
23.0
 40
23.0
 40
23.0
 40
24.0
 40
24.0
 40
24.0
 40
25.0
 40
25.0
 40
25.0
 40
26.0
 40
26.0
 40
26.0
 40
27.0
 40
27.0
 40
27.0
 40
28.0
 40
28.0
 40
28.0
 40
28.0
 10
153.7203093989953
 20
-119.5769540429667
 10
153.7203093989953
 20
-119.5769540429667
 10
153.7203093989953
 20
-118.5068268358389
 10
153.7203093989953
 20
-118.5068268358389
 10
153.7203093989953
 20
-118.5068268358389
 10
153.8761990967027
 20
-118.5068268358389
 10
153.8761990967027
 20
-118.5068268358389
 10
153.8761990967027
 20
-118.5068268358389
 10
153.8761990967027
 20
-118.6569344975503
 10
153.8761990967027
 20
-118.6569344975503
 10
153.9084132972425
 20
-118.6045207167204
 10
153.9513655646237
 20
-118.562394454479
 10
154.0049057160993
 20
-118.5304806194495
 10
154.0585209589526
 20
-118.4985667844163
 10
154.119495156709
 20
-118.4826474125917
 10
154.1879034007373
 20
-118.4826474125917
 10
154.2640460565517
 20
-118.4826474125917
 10
154.3264469904629
 20
-118.4990924240567
 10
154.3751812938415
 20
-118.5319824469788
 10
154.423915597215
 20
-118.5649475612801
 10
154.4583074476754
 20
-118.6109034837301
 10
154.4782817538342
 20
-118.6700754884431
 10
154.5596057146285
 20
-118.5451234378768
 10
154.6654094641797
 20
-118.4826474125917
 10
154.795768093863
 20
-118.4826474125917
 10
154.8977421832119
 20
-118.4826474125917
 10
154.9761375803222
 20
-118.5120081408188
 10
155.0310293765747
 20
-118.570804688652
 10
155.0858460814515
 20
-118.6296012364903
 10
155.1133295252656
 20
-118.7200863452235
 10
155.1133295252656
 20
-118.8423351062371
 10
155.1133295252656
 20
-118.8423351062371
 10
155.1133295252656
 20
-119.5769540429667
 10
155.1133295252656
 20
-119.5769540429667
 10
155.1133295252656
 20
-119.5769540429667
 10
154.9400186282011
 20
-119.5769540429667
 10
154.9400186282011
 20
-119.5769540429667
 10
154.9400186282011
 20
-119.5769540429667
 10
154.9400186282011
 20
-118.9027836643563
 10
154.9400186282011
 20
-118.9027836643563
 10
154.9400186282011
 20
-118.8302453946148
 10
154.9343867749637
 20
-118.7780568879156
 10
154.9230479771061
 20
-118.7461430528836
 10
154.9117842706249
 20
-118.7142292178542
 10
154.8912843248283
 20
-118.6885479670726
 10
154.8616232310915
 20
-118.6690242091713
 10
154.831962137356
 20
-118.6495755426503
 10
154.7970446472629
 20
-118.6398136636997
 10
154.7570960349415
 20
-118.6398136636997
 10
154.6847830393319
 20
-118.6398136636997
 10
154.6247850294714
 20
-118.664819092088
 10
154.57702691399
 20
-118.7149050402423
 10
154.5292687985087
 20
-118.7649158970228
 10
154.5053897407635
 20
-118.8450383957898
 10
154.5053897407635
 20
-118.9551974451862
 10
154.5053897407635
 20
-118.9551974451862
 10
154.5053897407635
 20
-119.5769540429667
 10
154.5053897407635
 20
-119.5769540429667
 10
154.5053897407635
 20
-119.5769540429667
 10
154.3311777471853
 20
-119.5769540429667
 10
154.3311777471853
 20
-119.5769540429667
 10
154.3311777471853
 20
-119.5769540429667
 10
154.3311777471853
 20
-118.8816829875461
 10
154.3311777471853
 20
-118.8816829875461
 10
154.3311777471853
 20
-118.8010348491406
 10
154.3169103856416
 20
-118.7405862910201
 10
154.2885258453073
 20
-118.7002622218164
 10
154.260141304973
 20
-118.6599381526088
 10
154.2136597428915
 20
-118.6398136636997
 10
154.1491562504393
 20
-118.6398136636997
 10
154.1001215815574
 20
-118.6398136636997
 10
154.0547663901261
 20
-118.6532550200984
 10
154.0131657675206
 20
-118.6801377328996
 10
153.9715651449145
 20
-118.7070204457046
 10
153.9413784115398
 20
-118.7462932356416
 10
153.9226806587842
 20
-118.7980311940756
 10
153.9039078146482
 20
-118.8497691525122
 10
153.8945964839551
 20
-118.9243348894247
 10
153.8945964839551
 20
-119.0217284048016
 10
153.8945964839551
 20
-119.0217284048016
 10
153.8945964839551
 20
-119.5769540429667
 10
153.8945964839551
 20
-119.5769540429667
 10
153.8945964839551
 20
-119.5769540429667
 10
153.7203093989953
 20
-119.5769540429667
 10
153.7203093989953
 20
-119.5769540429667
 97
        0
 75
     2
 76
     1
 98
        0
  0
SPLINE
  5
73
330
1F
100
AcDbEntity
  8
Capa 1
370
     0
100
AcDbSpline
210
0.0
220
0.0
230
1.0
 70
    11
 71
     3
 72
    38
 73
    34
 74
     0
 42
0.0000000001
 43
0.0000000001
 12
1.0
 22
0.0
 32
0.0
 13
1.0
 23
0.0
 33
0.0
 40
0.0
 40
0.0
 40
0.0
 40
0.0
 40
1.0
 40
1.0
 40
1.0
 40
2.0
 40
2.0
 40
2.0
 40
3.0
 40
3.0
 40
3.0
 40
4.0
 40
4.0
 40
4.0
 40
5.0
 40
5.0
 40
5.0
 40
6.0
 40
6.0
 40
6.0
 40
7.0
 40
7.0
 40
7.0
 40
8.0
 40
8.0
 40
8.0
 40
9.0
 40
9.0
 40
9.0
 40
10.0
 40
10.0
 40
10.0
 40
11.0
 40
11.0
 40
11.0
 40
11.0
 10
135.8926408676552
 20
-124.5972022346518
 30
0.0
 10
135.8926408676552
 20
-124.5972022346518
 30
0.0
 10
135.8926408676552
 20
-123.4216479847745
 30
0.0
 10
135.8926408676552
 20
-123.4216479847745
 30
0.0
 10
135.8926408676552
 20
-123.4216479847745
 30
0.0
 10
136.3360715789689
 20
-123.4216479847745
 30
0.0
 10
136.3360715789689
 20
-123.4216479847745
 30
0.0
 10
136.4141148937043
 20
-123.4216479847745
 30
0.0
 10
136.4737355720889
 20
-123.4254183412986
 30
0.0
 10
136.5149029608147
 20
-123.43289774774
 30
0.0
 10
136.572623134282
 20
-123.4425228855343
 30
0.0
 10
136.6209940497017
 20
-123.4608229086687
 30
0.0
 10
136.6600463603754
 20
-123.4878284704451
 30
0.0
 10
136.6990373644371
 20
-123.5148033789182
 30
0.0
 10
136.7304570021467
 20
-123.5526295573889
 30
0.0
 10
136.7542439668899
 20
-123.6012763525537
 30
0.0
 10
136.7780309316344
 20
-123.6499231477161
 30
0.0
 10
136.7899244140029
 20
-123.7033825117762
 30
0.0
 10
136.7899244140029
 20
-123.7616544447418
 30
0.0
 10
136.7899244140029
 20
-123.8616148726126
 30
0.0
 10
136.7581369366343
 20
-123.9462179946372
 30
0.0
 10
136.694500675287
 20
-124.0154331575102
 30
0.0
 10
136.6308950672431
 20
-124.0846789736872
 30
0.0
 10
136.5159758264892
 20
-124.1192865551266
 30
0.0
 10
136.3497122997278
 20
-124.1192865551266
 30
0.0
 10
136.3497122997278
 20
-124.1192865551266
 30
0.0
 10
136.0482063909471
 20
-124.1192865551266
 30
0.0
 10
136.0482063909471
 20
-124.1192865551266
 30
0.0
 10
136.0482063909471
 20
-124.1192865551266
 30
0.0
 10
136.0482063909471
 20
-124.5972022346518
 30
0.0
 10
136.0482063909471
 20
-124.5972022346518
 30
0.0
 10
136.0482063909471
 20
-124.5972022346518
 30
0.0
 10
135.8926408676552
 20
-124.5972022346518
 30
0.0
 10
135.8926408676552
 20
-124.5972022346518
 30
0.0
  0
SPLINE
  5
74
330
1F
100
AcDbEntity
  8
Capa 1
370
     0
100
AcDbSpline
210
0.0
220
0.0
230
1.0
 70
    11
 71
     3
 72
    29
 73
    25
 74
     0
 42
0.0000000001
 43
0.0000000001
 12
1.0
 22
0.0
 32
0.0
 13
1.0
 23
0.0
 33
0.0
 40
0.0
 40
0.0
 40
0.0
 40
0.0
 40
1.0
 40
1.0
 40
1.0
 40
2.0
 40
2.0
 40
2.0
 40
3.0
 40
3.0
 40
3.0
 40
4.0
 40
4.0
 40
4.0
 40
5.0
 40
5.0
 40
5.0
 40
6.0
 40
6.0
 40
6.0
 40
7.0
 40
7.0
 40
7.0
 40
8.0
 40
8.0
 40
8.0
 40
8.0
 10
136.0482063909471
 20
-123.9805496963282
 30
0.0
 10
136.0482063909471
 20
-123.9805496963282
 30
0.0
 10
136.3521032575263
 20
-123.9805496963282
 30
0.0
 10
136.3521032575263
 20
-123.9805496963282
 30
0.0
 10
136.4526154448867
 20
-123.9805496963282
 30
0.0
 10
136.5239763391165
 20
-123.9618511802285
 30
0.0
 10
136.5662165935203
 20
-123.9244234947245
 30
0.0
 10
136.6084261946177
 20
-123.8870264625213
 30
0.0
 10
136.6295769751231
 20
-123.8343640843944
 30
0.0
 10
136.6295769751231
 20
-123.7664670136422
 30
0.0
 10
136.6295769751231
 20
-123.7172991122892
 30
0.0
 10
136.6171317332589
 20
-123.6751814711062
 30
0.0
 10
136.5922719028389
 20
-123.6401753967028
 30
0.0
 10
136.5674120724188
 20
-123.6051693222955
 30
0.0
 10
136.5346743425898
 20
-123.5820260769625
 30
0.0
 10
136.4940587133589
 20
-123.5708069673017
 30
0.0
 10
136.4678501375118
 20
-123.5638793203531
 30
0.0
 10
136.4194792220949
 20
-123.5603848435728
 30
0.0
 10
136.3489153137942
 20
-123.5603848435728
 30
0.0
 10
136.3489153137942
 20
-123.5603848435728
 30
0.0
 10
136.0482063909471
 20
-123.5603848435728
 30
0.0
 10
136.0482063909471
 20
-123.5603848435728
 30
0.0
 10
136.0482063909471
 20
-123.5603848435728
 30
0.0
 10
136.0482063909471
 20
-123.9805496963282
 30
0.0
 10
136.0482063909471
 20
-123.9805496963282
 30
0.0
  0
HATCH
  5
75
330
1F
100
AcDbEntity
  8
Capa 1
 62
   255
100
AcDbHatch
 10
0.0
 20
0.0
 30
0.0
210
0.0
220
0.0
230
1.0
  2
SOLID
 70
     1
 71
     0
 91
        2
 92
        1
 93
        1
 72
     4
 94
        3
 73
     0
 74
     1
 95
       38
 96
       34
 40
0.0
 40
0.0
 40
0.0
 40
0.0
 40
1.0
 40
1.0
 40
1.0
 40
2.0
 40
2.0
 40
2.0
 40
3.0
 40
3.0
 40
3.0
 40
4.0
 40
4.0
 40
4.0
 40
5.0
 40
5.0
 40
5.0
 40
6.0
 40
6.0
 40
6.0
 40
7.0
 40
7.0
 40
7.0
 40
8.0
 40
8.0
 40
8.0
 40
9.0
 40
9.0
 40
9.0
 40
10.0
 40
10.0
 40
10.0
 40
11.0
 40
11.0
 40
11.0
 40
11.0
 10
135.8926408676552
 20
-124.5972022346518
 10
135.8926408676552
 20
-124.5972022346518
 10
135.8926408676552
 20
-123.4216479847745
 10
135.8926408676552
 20
-123.4216479847745
 10
135.8926408676552
 20
-123.4216479847745
 10
136.3360715789689
 20
-123.4216479847745
 10
136.3360715789689
 20
-123.4216479847745
 10
136.4141148937043
 20
-123.4216479847745
 10
136.4737355720889
 20
-123.4254183412986
 10
136.5149029608147
 20
-123.43289774774
 10
136.572623134282
 20
-123.4425228855343
 10
136.6209940497017
 20
-123.4608229086687
 10
136.6600463603754
 20
-123.4878284704451
 10
136.6990373644371
 20
-123.5148033789182
 10
136.7304570021467
 20
-123.5526295573889
 10
136.7542439668899
 20
-123.6012763525537
 10
136.7780309316344
 20
-123.6499231477161
 10
136.7899244140029
 20
-123.7033825117762
 10
136.7899244140029
 20
-123.7616544447418
 10
136.7899244140029
 20
-123.8616148726126
 10
136.7581369366343
 20
-123.9462179946372
 10
136.694500675287
 20
-124.0154331575102
 10
136.6308950672431
 20
-124.0846789736872
 10
136.5159758264892
 20
-124.1192865551266
 10
136.3497122997278
 20
-124.1192865551266
 10
136.3497122997278
 20
-124.1192865551266
 10
136.0482063909471
 20
-124.1192865551266
 10
136.0482063909471
 20
-124.1192865551266
 10
136.0482063909471
 20
-124.1192865551266
 10
136.0482063909471
 20
-124.5972022346518
 10
136.0482063909471
 20
-124.5972022346518
 10
136.0482063909471
 20
-124.5972022346518
 10
135.8926408676552
 20
-124.5972022346518
 10
135.8926408676552
 20
-124.5972022346518
 97
        0
 92
        1
 93
        1
 72
     4
 94
        3
 73
     0
 74
     1
 95
       29
 96
       25
 40
0.0
 40
0.0
 40
0.0
 40
0.0
 40
1.0
 40
1.0
 40
1.0
 40
2.0
 40
2.0
 40
2.0
 40
3.0
 40
3.0
 40
3.0
 40
4.0
 40
4.0
 40
4.0
 40
5.0
 40
5.0
 40
5.0
 40
6.0
 40
6.0
 40
6.0
 40
7.0
 40
7.0
 40
7.0
 40
8.0
 40
8.0
 40
8.0
 40
8.0
 10
136.0482063909471
 20
-123.9805496963282
 10
136.0482063909471
 20
-123.9805496963282
 10
136.3521032575263
 20
-123.9805496963282
 10
136.3521032575263
 20
-123.9805496963282
 10
136.4526154448867
 20
-123.9805496963282
 10
136.5239763391165
 20
-123.9618511802285
 10
136.5662165935203
 20
-123.9244234947245
 10
136.6084261946177
 20
-123.8870264625213
 10
136.6295769751231
 20
-123.8343640843944
 10
136.6295769751231
 20
-123.7664670136422
 10
136.6295769751231
 20
-123.7172991122892
 10
136.6171317332589
 20
-123.6751814711062
 10
136.5922719028389
 20
-123.6401753967028
 10
136.5674120724188
 20
-123.6051693222955
 10
136.5346743425898
 20
-123.5820260769625
 10
136.4940587133589
 20
-123.5708069673017
 10
136.4678501375118
 20
-123.5638793203531
 10
136.4194792220949
 20
-123.5603848435728
 10
136.3489153137942
 20
-123.5603848435728
 10
136.3489153137942
 20
-123.5603848435728
 10
136.0482063909471
 20
-123.5603848435728
 10
136.0482063909471
 20
-123.5603848435728
 10
136.0482063909471
 20
-123.5603848435728
 10
136.0482063909471
 20
-123.9805496963282
 10
136.0482063909471
 20
-123.9805496963282
 97
        0
 75
     2
 76
     1
 98
        0
  0
SPLINE
  5
76
330
1F
100
AcDbEntity
  8
Capa 1
370
     0
100
AcDbSpline
210
0.0
220
0.0
230
1.0
 70
    11
 71
     3
 72
    41
 73
    37
 74
     0
 42
0.0000000001
 43
0.0000000001
 12
1.0
 22
0.0
 32
0.0
 13
1.0
 23
0.0
 33
0.0
 40
0.0
 40
0.0
 40
0.0
 40
0.0
 40
1.0
 40
1.0
 40
1.0
 40
2.0
 40
2.0
 40
2.0
 40
3.0
 40
3.0
 40
3.0
 40
4.0
 40
4.0
 40
4.0
 40
5.0
 40
5.0
 40
5.0
 40
6.0
 40
6.0
 40
6.0
 40
7.0
 40
7.0
 40
7.0
 40
8.0
 40
8.0
 40
8.0
 40
9.0
 40
9.0
 40
9.0
 40
10.0
 40
10.0
 40
10.0
 40
11.0
 40
11.0
 40
11.0
 40
12.0
 40
12.0
 40
12.0
 40
12.0
 10
135.8926408676552
 20
-128.3200330050166
 30
0.0
 10
135.8926408676552
 20
-128.1810509197753
 30
0.0
 10
135.9069253078218
 20
-128.0691663562316
 30
0.0
 10
135.9355248414635
 20
-127.9844406209856
 30
0.0
 10
135.9641243751051
 20
-127.8997148857389
 30
0.0
 10
136.0066098559468
 20
-127.8343620393023
 30
0.0
 10
136.0630119372976
 20
-127.7883820816785
 30
0.0
 10
136.1194140186483
 20
-127.7424327773645
 30
0.0
 10
136.1903764199105
 20
-127.7194121452478
 30
0.0
 10
136.2759297943929
 20
-127.7194121452478
 30
0.0
 10
136.3389836429465
 20
-127.7194121452478
 30
0.0
 10
136.3943128586196
 20
-127.7321332668571
 30
0.0
 10
136.4419174414095
 20
-127.7575142034643
 30
0.0
 10
136.4894913708976
 20
-127.7829257933749
 30
0.0
 10
136.5287582547057
 20
-127.8195258396435
 30
0.0
 10
136.5597793994474
 20
-127.8673756488765
 30
0.0
 10
136.5907698908894
 20
-127.9152254581094
 30
0.0
 10
136.6151086151198
 20
-127.9734973910705
 30
0.0
 10
136.6327649188499
 20
-128.0421914477593
 30
0.0
 10
136.6503905692684
 20
-128.1108855044409
 30
0.0
 10
136.6592187211346
 20
-128.2034891390969
 30
0.0
 10
136.6592187211346
 20
-128.3200330050166
 30
0.0
 10
136.6592187211346
 20
-128.4579422245777
 30
0.0
 10
136.6450568941843
 20
-128.5692750286342
 30
0.0
 10
136.6167025869856
 20
-128.6540007638803
 30
0.0
 10
136.5883789330891
 20
-128.738726499127
 30
0.0
 10
136.5460160654683
 20
-128.8042326120847
 30
0.0
 10
136.4896139841178
 20
-128.8504577961489
 30
0.0
 10
136.4332119027673
 20
-128.896713633516
 30
0.0
 10
136.3619736217552
 20
-128.9198262255449
 30
0.0
 10
136.2759297943929
 20
-128.9198262255449
 30
0.0
 10
136.1625738722024
 20
-128.9198262255449
 30
0.0
 10
136.0735873275511
 20
-128.8792105963143
 30
0.0
 10
136.0089088538288
 20
-128.7979486845406
 30
0.0
 10
135.9313866452761
 20
-128.7001033347231
 30
0.0
 10
135.8926408676552
 20
-128.5408287615207
 30
0.0
 10
135.8926408676552
 20
-128.3200330050166
 30
0.0
  0
SPLINE
  5
77
330
1F
100
AcDbEntity
  8
Capa 1
370
     0
100
AcDbSpline
210
0.0
220
0.0
230
1.0
 70
    11
 71
     3
 72
    29
 73
    25
 74
     0
 42
0.0000000001
 43
0.0000000001
 12
1.0
 22
0.0
 32
0.0
 13
1.0
 23
0.0
 33
0.0
 40
0.0
 40
0.0
 40
0.0
 40
0.0
 40
1.0
 40
1.0
 40
1.0
 40
2.0
 40
2.0
 40
2.0
 40
3.0
 40
3.0
 40
3.0
 40
4.0
 40
4.0
 40
4.0
 40
5.0
 40
5.0
 40
5.0
 40
6.0
 40
6.0
 40
6.0
 40
7.0
 40
7.0
 40
7.0
 40
8.0
 40
8.0
 40
8.0
 40
8.0
 10
136.0409722109416
 20
-128.3200330050166
 30
0.0
 10
136.0409722109416
 20
-128.5130262138071
 30
0.0
 10
136.0635636967885
 20
-128.6414635621032
 30
0.0
 10
136.1087160151747
 20
-128.7053143965849
 30
0.0
 10
136.153898986863
 20
-128.7692265376818
 30
0.0
 10
136.2096266955017
 20
-128.8011366282722
 30
0.0
 10
136.2759297943929
 20
-128.8011366282722
 30
0.0
 10
136.3422022399804
 20
-128.8011366282722
 30
0.0
 10
136.3979299486162
 20
-128.7690732711576
 30
0.0
 10
136.4431129203081
 20
-128.7049159036183
 30
0.0
 10
136.4882652386946
 20
-128.6407891893876
 30
0.0
 10
136.5108567245373
 20
-128.5124744543175
 30
0.0
 10
136.5108567245373
 20
-128.3200330050166
 30
0.0
 10
136.5108567245373
 20
-128.1265186900355
 30
0.0
 10
136.4882652386946
 20
-127.997958728523
 30
0.0
 10
136.4431129203081
 20
-127.9343224671757
 30
0.0
 10
136.3979299486162
 20
-127.8707168591318
 30
0.0
 10
136.3416811337939
 20
-127.838898728455
 30
0.0
 10
136.2743051692237
 20
-127.838898728455
 30
0.0
 10
136.2080327236365
 20
-127.838898728455
 30
0.0
 10
136.1550944657616
 20
-127.8669771559099
 30
0.0
 10
136.1155517022087
 20
-127.9231033575149
 30
0.0
 10
136.0658320413655
 20
-127.9947401314891
 30
0.0
 10
136.0409722109416
 20
-128.1270397962217
 30
0.0
 10
136.0409722109416
 20
-128.3200330050166
 30
0.0
  0
HATCH
  5
78
330
1F
100
AcDbEntity
  8
Capa 1
 62
   255
100
AcDbHatch
 10
0.0
 20
0.0
 30
0.0
210
0.0
220
0.0
230
1.0
  2
SOLID
 70
     1
 71
     0
 91
        2
 92
        1
 93
        1
 72
     4
 94
        3
 73
     0
 74
     1
 95
       41
 96
       37
 40
0.0
 40
0.0
 40
0.0
 40
0.0
 40
1.0
 40
1.0
 40
1.0
 40
2.0
 40
2.0
 40
2.0
 40
3.0
 40
3.0
 40
3.0
 40
4.0
 40
4.0
 40
4.0
 40
5.0
 40
5.0
 40
5.0
 40
6.0
 40
6.0
 40
6.0
 40
7.0
 40
7.0
 40
7.0
 40
8.0
 40
8.0
 40
8.0
 40
9.0
 40
9.0
 40
9.0
 40
10.0
 40
10.0
 40
10.0
 40
11.0
 40
11.0
 40
11.0
 40
12.0
 40
12.0
 40
12.0
 40
12.0
 10
135.8926408676552
 20
-128.3200330050166
 10
135.8926408676552
 20
-128.1810509197753
 10
135.9069253078218
 20
-128.0691663562316
 10
135.9355248414635
 20
-127.9844406209856
 10
135.9641243751051
 20
-127.8997148857389
 10
136.0066098559468
 20
-127.8343620393023
 10
136.0630119372976
 20
-127.7883820816785
 10
136.1194140186483
 20
-127.7424327773645
 10
136.1903764199105
 20
-127.7194121452478
 10
136.2759297943929
 20
-127.7194121452478
 10
136.3389836429465
 20
-127.7194121452478
 10
136.3943128586196
 20
-127.7321332668571
 10
136.4419174414095
 20
-127.7575142034643
 10
136.4894913708976
 20
-127.7829257933749
 10
136.5287582547057
 20
-127.8195258396435
 10
136.5597793994474
 20
-127.8673756488765
 10
136.5907698908894
 20
-127.9152254581094
 10
136.6151086151198
 20
-127.9734973910705
 10
136.6327649188499
 20
-128.0421914477593
 10
136.6503905692684
 20
-128.1108855044409
 10
136.6592187211346
 20
-128.2034891390969
 10
136.6592187211346
 20
-128.3200330050166
 10
136.6592187211346
 20
-128.4579422245777
 10
136.6450568941843
 20
-128.5692750286342
 10
136.6167025869856
 20
-128.6540007638803
 10
136.5883789330891
 20
-128.738726499127
 10
136.5460160654683
 20
-128.8042326120847
 10
136.4896139841178
 20
-128.8504577961489
 10
136.4332119027673
 20
-128.896713633516
 10
136.3619736217552
 20
-128.9198262255449
 10
136.2759297943929
 20
-128.9198262255449
 10
136.1625738722024
 20
-128.9198262255449
 10
136.0735873275511
 20
-128.8792105963143
 10
136.0089088538288
 20
-128.7979486845406
 10
135.9313866452761
 20
-128.7001033347231
 10
135.8926408676552
 20
-128.5408287615207
 10
135.8926408676552
 20
-128.3200330050166
 97
        0
 92
        1
 93
        1
 72
     4
 94
        3
 73
     0
 74
     1
 95
       29
 96
       25
 40
0.0
 40
0.0
 40
0.0
 40
0.0
 40
1.0
 40
1.0
 40
1.0
 40
2.0
 40
2.0
 40
2.0
 40
3.0
 40
3.0
 40
3.0
 40
4.0
 40
4.0
 40
4.0
 40
5.0
 40
5.0
 40
5.0
 40
6.0
 40
6.0
 40
6.0
 40
7.0
 40
7.0
 40
7.0
 40
8.0
 40
8.0
 40
8.0
 40
8.0
 10
136.0409722109416
 20
-128.3200330050166
 10
136.0409722109416
 20
-128.5130262138071
 10
136.0635636967885
 20
-128.6414635621032
 10
136.1087160151747
 20
-128.7053143965849
 10
136.153898986863
 20
-128.7692265376818
 10
136.2096266955017
 20
-128.8011366282722
 10
136.2759297943929
 20
-128.8011366282722
 10
136.3422022399804
 20
-128.8011366282722
 10
136.3979299486162
 20
-128.7690732711576
 10
136.4431129203081
 20
-128.7049159036183
 10
136.4882652386946
 20
-128.6407891893876
 10
136.5108567245373
 20
-128.5124744543175
 10
136.5108567245373
 20
-128.3200330050166
 10
136.5108567245373
 20
-128.1265186900355
 10
136.4882652386946
 20
-127.997958728523
 10
136.4431129203081
 20
-127.9343224671757
 10
136.3979299486162
 20
-127.8707168591318
 10
136.3416811337939
 20
-127.838898728455
 10
136.2743051692237
 20
-127.838898728455
 10
136.2080327236365
 20
-127.838898728455
 10
136.1550944657616
 20
-127.8669771559099
 10
136.1155517022087
 20
-127.9231033575149
 10
136.0658320413655
 20
-127.9947401314891
 10
136.0409722109416
 20
-128.1270397962217
 10
136.0409722109416
 20
-128.3200330050166
 97
        0
 75
     2
 76
     1
 98
        0
  0
SPLINE
  5
79
330
1F
100
AcDbEntity
  8
Capa 1
370
     0
100
AcDbSpline
210
0.0
220
0.0
230
1.0
 70
    11
 71
     3
 72
    41
 73
    37
 74
     0
 42
0.0000000001
 43
0.0000000001
 12
1.0
 22
0.0
 32
0.0
 13
1.0
 23
0.0
 33
0.0
 40
0.0
 40
0.0
 40
0.0
 40
0.0
 40
1.0
 40
1.0
 40
1.0
 40
2.0
 40
2.0
 40
2.0
 40
3.0
 40
3.0
 40
3.0
 40
4.0
 40
4.0
 40
4.0
 40
5.0
 40
5.0
 40
5.0
 40
6.0
 40
6.0
 40
6.0
 40
7.0
 40
7.0
 40
7.0
 40
8.0
 40
8.0
 40
8.0
 40
9.0
 40
9.0
 40
9.0
 40
10.0
 40
10.0
 40
10.0
 40
11.0
 40
11.0
 40
11.0
 40
12.0
 40
12.0
 40
12.0
 40
12.0
 10
136.8059560925599
 20
-128.3200330050166
 30
0.0
 10
136.8059560925599
 20
-128.1810509197753
 30
0.0
 10
136.8202405327277
 20
-128.0691663562316
 30
0.0
 10
136.8488400663694
 20
-127.9844406209856
 30
0.0
 10
136.8774396000108
 20
-127.8997148857389
 30
0.0
 10
136.9199250808527
 20
-127.8343620393023
 30
0.0
 10
136.9763271622035
 20
-127.7883820816785
 30
0.0
 10
137.032729243554
 20
-127.7424327773645
 30
0.0
 10
137.1036916448162
 20
-127.7194121452478
 30
0.0
 10
137.1892450192989
 20
-127.7194121452478
 30
0.0
 10
137.2522988678519
 20
-127.7194121452478
 30
0.0
 10
137.3076280835243
 20
-127.7321332668571
 30
0.0
 10
137.3552326663155
 20
-127.7575142034643
 30
0.0
 10
137.4028065958023
 20
-127.7829257933749
 30
0.0
 10
137.4420734796104
 20
-127.8195258396435
 30
0.0
 10
137.473094624353
 20
-127.8673756488765
 30
0.0
 10
137.5040851157932
 20
-127.9152254581094
 30
0.0
 10
137.5284238400261
 20
-127.9734973910705
 30
0.0
 10
137.5460801437505
 20
-128.0421914477593
 30
0.0
 10
137.563705794174
 20
-128.1108855044409
 30
0.0
 10
137.5725339460405
 20
-128.2034891390969
 30
0.0
 10
137.5725339460405
 20
-128.3200330050166
 30
0.0
 10
137.5725339460405
 20
-128.4579422245777
 30
0.0
 10
137.5583721190903
 20
-128.5692750286342
 30
0.0
 10
137.5300178118903
 20
-128.6540007638803
 30
0.0
 10
137.5016941579947
 20
-128.738726499127
 30
0.0
 10
137.459331290373
 20
-128.8042326120847
 30
0.0
 10
137.4029292090235
 20
-128.8504577961489
 30
0.0
 10
137.346527127673
 20
-128.896713633516
 30
0.0
 10
137.2752888466615
 20
-128.9198262255449
 30
0.0
 10
137.1892450192989
 20
-128.9198262255449
 30
0.0
 10
137.0758890971071
 20
-128.9198262255449
 30
0.0
 10
136.9869025524554
 20
-128.8792105963143
 30
0.0
 10
136.9222240787329
 20
-128.7979486845406
 30
0.0
 10
136.8447018701802
 20
-128.7001033347231
 30
0.0
 10
136.8059560925599
 20
-128.5408287615207
 30
0.0
 10
136.8059560925599
 20
-128.3200330050166
 30
0.0
  0
SPLINE
  5
7A
330
1F
100
AcDbEntity
  8
Capa 1
370
     0
100
AcDbSpline
210
0.0
220
0.0
230
1.0
 70
    11
 71
     3
 72
    29
 73
    25
 74
     0
 42
0.0000000001
 43
0.0000000001
 12
1.0
 22
0.0
 32
0.0
 13
1.0
 23
0.0
 33
0.0
 40
0.0
 40
0.0
 40
0.0
 40
0.0
 40
1.0
 40
1.0
 40
1.0
 40
2.0
 40
2.0
 40
2.0
 40
3.0
 40
3.0
 40
3.0
 40
4.0
 40
4.0
 40
4.0
 40
5.0
 40
5.0
 40
5.0
 40
6.0
 40
6.0
 40
6.0
 40
7.0
 40
7.0
 40
7.0
 40
8.0
 40
8.0
 40
8.0
 40
8.0
 10
136.9542874358472
 20
-128.3200330050166
 30
0.0
 10
136.9542874358472
 20
-128.5130262138071
 30
0.0
 10
136.9768789216928
 20
-128.6414635621032
 30
0.0
 10
137.0220312400791
 20
-128.7053143965849
 30
0.0
 10
137.0672142117687
 20
-128.7692265376818
 30
0.0
 10
137.1229419204074
 20
-128.8011366282722
 30
0.0
 10
137.1892450192989
 20
-128.8011366282722
 30
0.0
 10
137.2555174648861
 20
-128.8011366282722
 30
0.0
 10
137.3112451735244
 20
-128.7690732711576
 30
0.0
 10
137.3564281452141
 20
-128.7049159036183
 30
0.0
 10
137.4015804635993
 20
-128.6407891893876
 30
0.0
 10
137.424171949442
 20
-128.5124744543175
 30
0.0
 10
137.424171949442
 20
-128.3200330050166
 30
0.0
 10
137.424171949442
 20
-128.1265186900355
 30
0.0
 10
137.4015804635993
 20
-127.997958728523
 30
0.0
 10
137.3564281452141
 20
-127.9343224671757
 30
0.0
 10
137.3112451735244
 20
-127.8707168591318
 30
0.0
 10
137.2549963586983
 20
-127.838898728455
 30
0.0
 10
137.1876203941296
 20
-127.838898728455
 30
0.0
 10
137.1213479485419
 20
-127.838898728455
 30
0.0
 10
137.0684096906676
 20
-127.8669771559099
 30
0.0
 10
137.0288669271147
 20
-127.9231033575149
 30
0.0
 10
136.979147266266
 20
-127.9947401314891
 30
0.0
 10
136.9542874358472
 20
-128.1270397962217
 30
0.0
 10
136.9542874358472
 20
-128.3200330050166
 30
0.0
  0
HATCH
  5
7B
330
1F
100
AcDbEntity
  8
Capa 1
 62
   255
100
AcDbHatch
 10
0.0
 20
0.0
 30
0.0
210
0.0
220
0.0
230
1.0
  2
SOLID
 70
     1
 71
     0
 91
        2
 92
        1
 93
        1
 72
     4
 94
        3
 73
     0
 74
     1
 95
       41
 96
       37
 40
0.0
 40
0.0
 40
0.0
 40
0.0
 40
1.0
 40
1.0
 40
1.0
 40
2.0
 40
2.0
 40
2.0
 40
3.0
 40
3.0
 40
3.0
 40
4.0
 40
4.0
 40
4.0
 40
5.0
 40
5.0
 40
5.0
 40
6.0
 40
6.0
 40
6.0
 40
7.0
 40
7.0
 40
7.0
 40
8.0
 40
8.0
 40
8.0
 40
9.0
 40
9.0
 40
9.0
 40
10.0
 40
10.0
 40
10.0
 40
11.0
 40
11.0
 40
11.0
 40
12.0
 40
12.0
 40
12.0
 40
12.0
 10
136.8059560925599
 20
-128.3200330050166
 10
136.8059560925599
 20
-128.1810509197753
 10
136.8202405327277
 20
-128.0691663562316
 10
136.8488400663694
 20
-127.9844406209856
 10
136.8774396000108
 20
-127.8997148857389
 10
136.9199250808527
 20
-127.8343620393023
 10
136.9763271622035
 20
-127.7883820816785
 10
137.032729243554
 20
-127.7424327773645
 10
137.1036916448162
 20
-127.7194121452478
 10
137.1892450192989
 20
-127.7194121452478
 10
137.2522988678519
 20
-127.7194121452478
 10
137.3076280835243
 20
-127.7321332668571
 10
137.3552326663155
 20
-127.7575142034643
 10
137.4028065958023
 20
-127.7829257933749
 10
137.4420734796104
 20
-127.8195258396435
 10
137.473094624353
 20
-127.8673756488765
 10
137.5040851157932
 20
-127.9152254581094
 10
137.5284238400261
 20
-127.9734973910705
 10
137.5460801437505
 20
-128.0421914477593
 10
137.563705794174
 20
-128.1108855044409
 10
137.5725339460405
 20
-128.2034891390969
 10
137.5725339460405
 20
-128.3200330050166
 10
137.5725339460405
 20
-128.4579422245777
 10
137.5583721190903
 20
-128.5692750286342
 10
137.5300178118903
 20
-128.6540007638803
 10
137.5016941579947
 20
-128.738726499127
 10
137.459331290373
 20
-128.8042326120847
 10
137.4029292090235
 20
-128.8504577961489
 10
137.346527127673
 20
-128.896713633516
 10
137.2752888466615
 20
-128.9198262255449
 10
137.1892450192989
 20
-128.9198262255449
 10
137.0758890971071
 20
-128.9198262255449
 10
136.9869025524554
 20
-128.8792105963143
 10
136.9222240787329
 20
-128.7979486845406
 10
136.8447018701802
 20
-128.7001033347231
 10
136.8059560925599
 20
-128.5408287615207
 10
136.8059560925599
 20
-128.3200330050166
 97
        0
 92
        1
 93
        1
 72
     4
 94
        3
 73
     0
 74
     1
 95
       29
 96
       25
 40
0.0
 40
0.0
 40
0.0
 40
0.0
 40
1.0
 40
1.0
 40
1.0
 40
2.0
 40
2.0
 40
2.0
 40
3.0
 40
3.0
 40
3.0
 40
4.0
 40
4.0
 40
4.0
 40
5.0
 40
5.0
 40
5.0
 40
6.0
 40
6.0
 40
6.0
 40
7.0
 40
7.0
 40
7.0
 40
8.0
 40
8.0
 40
8.0
 40
8.0
 10
136.9542874358472
 20
-128.3200330050166
 10
136.9542874358472
 20
-128.5130262138071
 10
136.9768789216928
 20
-128.6414635621032
 10
137.0220312400791
 20
-128.7053143965849
 10
137.0672142117687
 20
-128.7692265376818
 10
137.1229419204074
 20
-128.8011366282722
 10
137.1892450192989
 20
-128.8011366282722
 10
137.2555174648861
 20
-128.8011366282722
 10
137.3112451735244
 20
-128.7690732711576
 10
137.3564281452141
 20
-128.7049159036183
 10
137.4015804635993
 20
-128.6407891893876
 10
137.424171949442
 20
-128.5124744543175
 10
137.424171949442
 20
-128.3200330050166
 10
137.424171949442
 20
-128.1265186900355
 10
137.4015804635993
 20
-127.997958728523
 10
137.3564281452141
 20
-127.9343224671757
 10
137.3112451735244
 20
-127.8707168591318
 10
137.2549963586983
 20
-127.838898728455
 10
137.1876203941296
 20
-127.838898728455
 10
137.1213479485419
 20
-127.838898728455
 10
137.0684096906676
 20
-127.8669771559099
 10
137.0288669271147
 20
-127.9231033575149
 10
136.979147266266
 20
-127.9947401314891
 10
136.9542874358472
 20
-128.1270397962217
 10
136.9542874358472
 20
-128.3200330050166
 97
        0
 75
     2
 76
     1
 98
        0
  0
SPLINE
  5
7C
330
1F
100
AcDbEntity
  8
Capa 1
370
     0
100
AcDbSpline
210
0.0
220
0.0
230
1.0
 70
    11
 71
     3
 72
    41
 73
    37
 74
     0
 42
0.0000000001
 43
0.0000000001
 12
1.0
 22
0.0
 32
0.0
 13
1.0
 23
0.0
 33
0.0
 40
0.0
 40
0.0
 40
0.0
 40
0.0
 40
1.0
 40
1.0
 40
1.0
 40
2.0
 40
2.0
 40
2.0
 40
3.0
 40
3.0
 40
3.0
 40
4.0
 40
4.0
 40
4.0
 40
5.0
 40
5.0
 40
5.0
 40
6.0
 40
6.0
 40
6.0
 40
7.0
 40
7.0
 40
7.0
 40
8.0
 40
8.0
 40
8.0
 40
9.0
 40
9.0
 40
9.0
 40
10.0
 40
10.0
 40
10.0
 40
11.0
 40
11.0
 40
11.0
 40
12.0
 40
12.0
 40
12.0
 40
12.0
 10
137.7193019707687
 20
-128.3200330050166
 30
0.0
 10
137.7193019707687
 20
-128.1810509197753
 30
0.0
 10
137.7335864109365
 20
-128.0691663562316
 30
0.0
 10
137.7621859445769
 20
-127.9844406209856
 30
0.0
 10
137.7907854782186
 20
-127.8997148857389
 30
0.0
 10
137.8332709590603
 20
-127.8343620393023
 30
0.0
 10
137.889673040411
 20
-127.7883820816785
 30
0.0
 10
137.9460751217618
 20
-127.7424327773645
 30
0.0
 10
138.0170375230288
 20
-127.7194121452478
 30
0.0
 10
138.1025908975103
 20
-127.7194121452478
 30
0.0
 10
138.1656447460648
 20
-127.7194121452478
 30
0.0
 10
138.220973961733
 20
-127.7321332668571
 30
0.0
 10
138.2685785445268
 20
-127.7575142034643
 30
0.0
 10
138.3161524740149
 20
-127.7829257933749
 30
0.0
 10
138.3554193578236
 20
-127.8195258396435
 30
0.0
 10
138.386440502566
 20
-127.8673756488765
 30
0.0
 10
138.4174309940023
 20
-127.9152254581094
 30
0.0
 10
138.4417697182387
 20
-127.9734973910705
 30
0.0
 10
138.4594260219634
 20
-128.0421914477593
 30
0.0
 10
138.4770516723857
 20
-128.1108855044409
 30
0.0
 10
138.485879824248
 20
-128.2034891390969
 30
0.0
 10
138.485879824248
 20
-128.3200330050166
 30
0.0
 10
138.485879824248
 20
-128.4579422245777
 30
0.0
 10
138.4717179973036
 20
-128.5692750286342
 30
0.0
 10
138.4433636900991
 20
-128.6540007638803
 30
0.0
 10
138.4150400362077
 20
-128.738726499127
 30
0.0
 10
138.3726771685818
 20
-128.8042326120847
 30
0.0
 10
138.3162750872326
 20
-128.8504577961489
 30
0.0
 10
138.2598730058863
 20
-128.896713633516
 30
0.0
 10
138.1886347248739
 20
-128.9198262255449
 30
0.0
 10
138.1025908975103
 20
-128.9198262255449
 30
0.0
 10
137.9892349753159
 20
-128.9198262255449
 30
0.0
 10
137.9002484306645
 20
-128.8792105963143
 30
0.0
 10
137.8355699569461
 20
-128.7979486845406
 30
0.0
 10
137.7580477483928
 20
-128.7001033347231
 30
0.0
 10
137.7193019707687
 20
-128.5408287615207
 30
0.0
 10
137.7193019707687
 20
-128.3200330050166
 30
0.0
  0
SPLINE
  5
7D
330
1F
100
AcDbEntity
  8
Capa 1
370
     0
100
AcDbSpline
210
0.0
220
0.0
230
1.0
 70
    11
 71
     3
 72
    29
 73
    25
 74
     0
 42
0.0000000001
 43
0.0000000001
 12
1.0
 22
0.0
 32
0.0
 13
1.0
 23
0.0
 33
0.0
 40
0.0
 40
0.0
 40
0.0
 40
0.0
 40
1.0
 40
1.0
 40
1.0
 40
2.0
 40
2.0
 40
2.0
 40
3.0
 40
3.0
 40
3.0
 40
4.0
 40
4.0
 40
4.0
 40
5.0
 40
5.0
 40
5.0
 40
6.0
 40
6.0
 40
6.0
 40
7.0
 40
7.0
 40
7.0
 40
8.0
 40
8.0
 40
8.0
 40
8.0
 10
137.8676333140602
 20
-128.3200330050166
 30
0.0
 10
137.8676333140602
 20
-128.5130262138071
 30
0.0
 10
137.8902247999019
 20
-128.6414635621032
 30
0.0
 10
137.9353771182882
 20
-128.7053143965849
 30
0.0
 10
137.9805600899803
 20
-128.7692265376818
 30
0.0
 10
138.03628779862
 20
-128.8011366282722
 30
0.0
 10
138.1025908975103
 20
-128.8011366282722
 30
0.0
 10
138.1688633430952
 20
-128.8011366282722
 30
0.0
 10
138.2245910517335
 20
-128.7690732711576
 30
0.0
 10
138.2697740234229
 20
-128.7049159036183
 30
0.0
 10
138.3149263418081
 20
-128.6407891893876
 30
0.0
 10
138.3375178276547
 20
-128.5124744543175
 30
0.0
 10
138.3375178276547
 20
-128.3200330050166
 30
0.0
 10
138.3375178276547
 20
-128.1265186900355
 30
0.0
 10
138.3149263418081
 20
-127.997958728523
 30
0.0
 10
138.2697740234229
 20
-127.9343224671757
 30
0.0
 10
138.2245910517335
 20
-127.8707168591318
 30
0.0
 10
138.1683422369074
 20
-127.838898728455
 30
0.0
 10
138.1009662723422
 20
-127.838898728455
 30
0.0
 10
138.0346938267542
 20
-127.838898728455
 30
0.0
 10
137.9817555688764
 20
-127.8669771559099
 30
0.0
 10
137.9422128053222
 20
-127.9231033575149
 30
0.0
 10
137.8924931444796
 20
-127.9947401314891
 30
0.0
 10
137.8676333140602
 20
-128.1270397962217
 30
0.0
 10
137.8676333140602
 20
-128.3200330050166
 30
0.0
  0
HATCH
  5
7E
330
1F
100
AcDbEntity
  8
Capa 1
 62
   255
100
AcDbHatch
 10
0.0
 20
0.0
 30
0.0
210
0.0
220
0.0
230
1.0
  2
SOLID
 70
     1
 71
     0
 91
        2
 92
        1
 93
        1
 72
     4
 94
        3
 73
     0
 74
     1
 95
       41
 96
       37
 40
0.0
 40
0.0
 40
0.0
 40
0.0
 40
1.0
 40
1.0
 40
1.0
 40
2.0
 40
2.0
 40
2.0
 40
3.0
 40
3.0
 40
3.0
 40
4.0
 40
4.0
 40
4.0
 40
5.0
 40
5.0
 40
5.0
 40
6.0
 40
6.0
 40
6.0
 40
7.0
 40
7.0
 40
7.0
 40
8.0
 40
8.0
 40
8.0
 40
9.0
 40
9.0
 40
9.0
 40
10.0
 40
10.0
 40
10.0
 40
11.0
 40
11.0
 40
11.0
 40
12.0
 40
12.0
 40
12.0
 40
12.0
 10
137.7193019707687
 20
-128.3200330050166
 10
137.7193019707687
 20
-128.1810509197753
 10
137.7335864109365
 20
-128.0691663562316
 10
137.7621859445769
 20
-127.9844406209856
 10
137.7907854782186
 20
-127.8997148857389
 10
137.8332709590603
 20
-127.8343620393023
 10
137.889673040411
 20
-127.7883820816785
 10
137.9460751217618
 20
-127.7424327773645
 10
138.0170375230288
 20
-127.7194121452478
 10
138.1025908975103
 20
-127.7194121452478
 10
138.1656447460648
 20
-127.7194121452478
 10
138.220973961733
 20
-127.7321332668571
 10
138.2685785445268
 20
-127.7575142034643
 10
138.3161524740149
 20
-127.7829257933749
 10
138.3554193578236
 20
-127.8195258396435
 10
138.386440502566
 20
-127.8673756488765
 10
138.4174309940023
 20
-127.9152254581094
 10
138.4417697182387
 20
-127.9734973910705
 10
138.4594260219634
 20
-128.0421914477593
 10
138.4770516723857
 20
-128.1108855044409
 10
138.485879824248
 20
-128.2034891390969
 10
138.485879824248
 20
-128.3200330050166
 10
138.485879824248
 20
-128.4579422245777
 10
138.4717179973036
 20
-128.5692750286342
 10
138.4433636900991
 20
-128.6540007638803
 10
138.4150400362077
 20
-128.738726499127
 10
138.3726771685818
 20
-128.8042326120847
 10
138.3162750872326
 20
-128.8504577961489
 10
138.2598730058863
 20
-128.896713633516
 10
138.1886347248739
 20
-128.9198262255449
 10
138.1025908975103
 20
-128.9198262255449
 10
137.9892349753159
 20
-128.9198262255449
 10
137.9002484306645
 20
-128.8792105963143
 10
137.8355699569461
 20
-128.7979486845406
 10
137.7580477483928
 20
-128.7001033347231
 10
137.7193019707687
 20
-128.5408287615207
 10
137.7193019707687
 20
-128.3200330050166
 97
        0
 92
        1
 93
        1
 72
     4
 94
        3
 73
     0
 74
     1
 95
       29
 96
       25
 40
0.0
 40
0.0
 40
0.0
 40
0.0
 40
1.0
 40
1.0
 40
1.0
 40
2.0
 40
2.0
 40
2.0
 40
3.0
 40
3.0
 40
3.0
 40
4.0
 40
4.0
 40
4.0
 40
5.0
 40
5.0
 40
5.0
 40
6.0
 40
6.0
 40
6.0
 40
7.0
 40
7.0
 40
7.0
 40
8.0
 40
8.0
 40
8.0
 40
8.0
 10
137.8676333140602
 20
-128.3200330050166
 10
137.8676333140602
 20
-128.5130262138071
 10
137.8902247999019
 20
-128.6414635621032
 10
137.9353771182882
 20
-128.7053143965849
 10
137.9805600899803
 20
-128.7692265376818
 10
138.03628779862
 20
-128.8011366282722
 10
138.1025908975103
 20
-128.8011366282722
 10
138.1688633430952
 20
-128.8011366282722
 10
138.2245910517335
 20
-128.7690732711576
 10
138.2697740234229
 20
-128.7049159036183
 10
138.3149263418081
 20
-128.6407891893876
 10
138.3375178276547
 20
-128.5124744543175
 10
138.3375178276547
 20
-128.3200330050166
 10
138.3375178276547
 20
-128.1265186900355
 10
138.3149263418081
 20
-127.997958728523
 10
138.2697740234229
 20
-127.9343224671757
 10
138.2245910517335
 20
-127.8707168591318
 10
138.1683422369074
 20
-127.838898728455
 10
138.1009662723422
 20
-127.838898728455
 10
138.0346938267542
 20
-127.838898728455
 10
137.9817555688764
 20
-127.8669771559099
 10
137.9422128053222
 20
-127.9231033575149
 10
137.8924931444796
 20
-127.9947401314891
 10
137.8676333140602
 20
-128.1270397962217
 10
137.8676333140602
 20
-128.3200330050166
 97
        0
 75
     2
 76
     1
 98
        0
  0
SPLINE
  5
7F
330
1F
100
AcDbEntity
  8
Capa 1
370
     0
100
AcDbSpline
210
0.0
220
0.0
230
1.0
 70
    11
 71
     3
 72
    41
 73
    37
 74
     0
 42
0.0000000001
 43
0.0000000001
 12
1.0
 22
0.0
 32
0.0
 13
1.0
 23
0.0
 33
0.0
 40
0.0
 40
0.0
 40
0.0
 40
0.0
 40
1.0
 40
1.0
 40
1.0
 40
2.0
 40
2.0
 40
2.0
 40
3.0
 40
3.0
 40
3.0
 40
4.0
 40
4.0
 40
4.0
 40
5.0
 40
5.0
 40
5.0
 40
6.0
 40
6.0
 40
6.0
 40
7.0
 40
7.0
 40
7.0
 40
8.0
 40
8.0
 40
8.0
 40
9.0
 40
9.0
 40
9.0
 40
10.0
 40
10.0
 40
10.0
 40
11.0
 40
11.0
 40
11.0
 40
12.0
 40
12.0
 40
12.0
 40
12.0
 10
138.6326171956746
 20
-128.3200330050166
 30
0.0
 10
138.6326171956746
 20
-128.1810509197753
 30
0.0
 10
138.6469016358412
 20
-128.0691663562316
 30
0.0
 10
138.6755011694829
 20
-127.9844406209856
 30
0.0
 10
138.7041007031243
 20
-127.8997148857389
 30
0.0
 10
138.7465861839662
 20
-127.8343620393023
 30
0.0
 10
138.8029882653215
 20
-127.7883820816785
 30
0.0
 10
138.8593903466675
 20
-127.7424327773645
 30
0.0
 10
138.9303527479296
 20
-127.7194121452478
 30
0.0
 10
139.0159061224163
 20
-127.7194121452478
 30
0.0
 10
139.0789599709653
 20
-127.7194121452478
 30
0.0
 10
139.1342891866429
 20
-127.7321332668571
 30
0.0
 10
139.1818937694328
 20
-127.7575142034643
 30
0.0
 10
139.2294676989206
 20
-127.7829257933749
 30
0.0
 10
139.2687345827274
 20
-127.8195258396435
 30
0.0
 10
139.2997557274707
 20
-127.8673756488765
 30
0.0
 10
139.3307462189067
 20
-127.9152254581094
 30
0.0
 10
139.355084943144
 20
-127.9734973910705
 30
0.0
 10
139.3727412468691
 20
-128.0421914477593
 30
0.0
 10
139.3903668972923
 20
-128.1108855044409
 30
0.0
 10
139.399195049154
 20
-128.2034891390969
 30
0.0
 10
139.399195049154
 20
-128.3200330050166
 30
0.0
 10
139.399195049154
 20
-128.4579422245777
 30
0.0
 10
139.3850332222086
 20
-128.5692750286342
 30
0.0
 10
139.3566789150089
 20
-128.6540007638803
 30
0.0
 10
139.3283552611082
 20
-128.738726499127
 30
0.0
 10
139.2859923934877
 20
-128.8042326120847
 30
0.0
 10
139.2295903121369
 20
-128.8504577961489
 30
0.0
 10
139.1731882307865
 20
-128.896713633516
 30
0.0
 10
139.1019499497785
 20
-128.9198262255449
 30
0.0
 10
139.0159061224163
 20
-128.9198262255449
 30
0.0
 10
138.9025502002225
 20
-128.9198262255449
 30
0.0
 10
138.8135636555747
 20
-128.8792105963143
 30
0.0
 10
138.7488851818514
 20
-128.7979486845406
 30
0.0
 10
138.6713629732988
 20
-128.7001033347231
 30
0.0
 10
138.6326171956746
 20
-128.5408287615207
 30
0.0
 10
138.6326171956746
 20
-128.3200330050166
 30
0.0
  0
SPLINE
  5
80
330
1F
100
AcDbEntity
  8
Capa 1
370
     0
100
AcDbSpline
210
0.0
220
0.0
230
1.0
 70
    11
 71
     3
 72
    29
 73
    25
 74
     0
 42
0.0000000001
 43
0.0000000001
 12
1.0
 22
0.0
 32
0.0
 13
1.0
 23
0.0
 33
0.0
 40
0.0
 40
0.0
 40
0.0
 40
0.0
 40
1.0
 40
1.0
 40
1.0
 40
2.0
 40
2.0
 40
2.0
 40
3.0
 40
3.0
 40
3.0
 40
4.0
 40
4.0
 40
4.0
 40
5.0
 40
5.0
 40
5.0
 40
6.0
 40
6.0
 40
6.0
 40
7.0
 40
7.0
 40
7.0
 40
8.0
 40
8.0
 40
8.0
 40
8.0
 10
138.7809485389646
 20
-128.3200330050166
 30
0.0
 10
138.7809485389646
 20
-128.5130262138071
 30
0.0
 10
138.8035400248076
 20
-128.6414635621032
 30
0.0
 10
138.8486923431925
 20
-128.7053143965849
 30
0.0
 10
138.8938753148828
 20
-128.7692265376818
 30
0.0
 10
138.9496030235247
 20
-128.8011366282722
 30
0.0
 10
139.0159061224163
 20
-128.8011366282722
 30
0.0
 10
139.0821785680008
 20
-128.8011366282722
 30
0.0
 10
139.1379062766392
 20
-128.7690732711576
 30
0.0
 10
139.1830892483288
 20
-128.7049159036183
 30
0.0
 10
139.228241566714
 20
-128.6407891893876
 30
0.0
 10
139.2508330525606
 20
-128.5124744543175
 30
0.0
 10
139.2508330525606
 20
-128.3200330050166
 30
0.0
 10
139.2508330525606
 20
-128.1265186900355
 30
0.0
 10
139.228241566714
 20
-127.997958728523
 30
0.0
 10
139.1830892483288
 20
-127.9343224671757
 30
0.0
 10
139.1379062766392
 20
-127.8707168591318
 30
0.0
 10
139.0816574618127
 20
-127.838898728455
 30
0.0
 10
139.0142814972444
 20
-127.838898728455
 30
0.0
 10
138.9480090516595
 20
-127.838898728455
 30
0.0
 10
138.8950707937823
 20
-127.8669771559099
 30
0.0
 10
138.8555280302282
 20
-127.9231033575149
 30
0.0
 10
138.8058083693846
 20
-127.9947401314891
 30
0.0
 10
138.7809485389646
 20
-128.1270397962217
 30
0.0
 10
138.7809485389646
 20
-128.3200330050166
 30
0.0
  0
HATCH
  5
81
330
1F
100
AcDbEntity
  8
Capa 1
 62
   255
100
AcDbHatch
 10
0.0
 20
0.0
 30
0.0
210
0.0
220
0.0
230
1.0
  2
SOLID
 70
     1
 71
     0
 91
        2
 92
        1
 93
        1
 72
     4
 94
        3
 73
     0
 74
     1
 95
       41
 96
       37
 40
0.0
 40
0.0
 40
0.0
 40
0.0
 40
1.0
 40
1.0
 40
1.0
 40
2.0
 40
2.0
 40
2.0
 40
3.0
 40
3.0
 40
3.0
 40
4.0
 40
4.0
 40
4.0
 40
5.0
 40
5.0
 40
5.0
 40
6.0
 40
6.0
 40
6.0
 40
7.0
 40
7.0
 40
7.0
 40
8.0
 40
8.0
 40
8.0
 40
9.0
 40
9.0
 40
9.0
 40
10.0
 40
10.0
 40
10.0
 40
11.0
 40
11.0
 40
11.0
 40
12.0
 40
12.0
 40
12.0
 40
12.0
 10
138.6326171956746
 20
-128.3200330050166
 10
138.6326171956746
 20
-128.1810509197753
 10
138.6469016358412
 20
-128.0691663562316
 10
138.6755011694829
 20
-127.9844406209856
 10
138.7041007031243
 20
-127.8997148857389
 10
138.7465861839662
 20
-127.8343620393023
 10
138.8029882653215
 20
-127.7883820816785
 10
138.8593903466675
 20
-127.7424327773645
 10
138.9303527479296
 20
-127.7194121452478
 10
139.0159061224163
 20
-127.7194121452478
 10
139.0789599709653
 20
-127.7194121452478
 10
139.1342891866429
 20
-127.7321332668571
 10
139.1818937694328
 20
-127.7575142034643
 10
139.2294676989206
 20
-127.7829257933749
 10
139.2687345827274
 20
-127.8195258396435
 10
139.2997557274707
 20
-127.8673756488765
 10
139.3307462189067
 20
-127.9152254581094
 10
139.355084943144
 20
-127.9734973910705
 10
139.3727412468691
 20
-128.0421914477593
 10
139.3903668972923
 20
-128.1108855044409
 10
139.399195049154
 20
-128.2034891390969
 10
139.399195049154
 20
-128.3200330050166
 10
139.399195049154
 20
-128.4579422245777
 10
139.3850332222086
 20
-128.5692750286342
 10
139.3566789150089
 20
-128.6540007638803
 10
139.3283552611082
 20
-128.738726499127
 10
139.2859923934877
 20
-128.8042326120847
 10
139.2295903121369
 20
-128.8504577961489
 10
139.1731882307865
 20
-128.896713633516
 10
139.1019499497785
 20
-128.9198262255449
 10
139.0159061224163
 20
-128.9198262255449
 10
138.9025502002225
 20
-128.9198262255449
 10
138.8135636555747
 20
-128.8792105963143
 10
138.7488851818514
 20
-128.7979486845406
 10
138.6713629732988
 20
-128.7001033347231
 10
138.6326171956746
 20
-128.5408287615207
 10
138.6326171956746
 20
-128.3200330050166
 97
        0
 92
        1
 93
        1
 72
     4
 94
        3
 73
     0
 74
     1
 95
       29
 96
       25
 40
0.0
 40
0.0
 40
0.0
 40
0.0
 40
1.0
 40
1.0
 40
1.0
 40
2.0
 40
2.0
 40
2.0
 40
3.0
 40
3.0
 40
3.0
 40
4.0
 40
4.0
 40
4.0
 40
5.0
 40
5.0
 40
5.0
 40
6.0
 40
6.0
 40
6.0
 40
7.0
 40
7.0
 40
7.0
 40
8.0
 40
8.0
 40
8.0
 40
8.0
 10
138.7809485389646
 20
-128.3200330050166
 10
138.7809485389646
 20
-128.5130262138071
 10
138.8035400248076
 20
-128.6414635621032
 10
138.8486923431925
 20
-128.7053143965849
 10
138.8938753148828
 20
-128.7692265376818
 10
138.9496030235247
 20
-128.8011366282722
 10
139.0159061224163
 20
-128.8011366282722
 10
139.0821785680008
 20
-128.8011366282722
 10
139.1379062766392
 20
-128.7690732711576
 10
139.1830892483288
 20
-128.7049159036183
 10
139.228241566714
 20
-128.6407891893876
 10
139.2508330525606
 20
-128.5124744543175
 10
139.2508330525606
 20
-128.3200330050166
 10
139.2508330525606
 20
-128.1265186900355
 10
139.228241566714
 20
-127.997958728523
 10
139.1830892483288
 20
-127.9343224671757
 10
139.1379062766392
 20
-127.8707168591318
 10
139.0816574618127
 20
-127.838898728455
 10
139.0142814972444
 20
-127.838898728455
 10
138.9480090516595
 20
-127.838898728455
 10
138.8950707937823
 20
-127.8669771559099
 10
138.8555280302282
 20
-127.9231033575149
 10
138.8058083693846
 20
-127.9947401314891
 10
138.7809485389646
 20
-128.1270397962217
 10
138.7809485389646
 20
-128.3200330050166
 97
        0
 75
     2
 76
     1
 98
        0
  0
SPLINE
  5
82
330
1F
100
AcDbEntity
  8
Capa 1
370
     0
100
AcDbSpline
210
0.0
220
0.0
230
1.0
 70
    11
 71
     3
 72
    41
 73
    37
 74
     0
 42
0.0000000001
 43
0.0000000001
 12
1.0
 22
0.0
 32
0.0
 13
1.0
 23
0.0
 33
0.0
 40
0.0
 40
0.0
 40
0.0
 40
0.0
 40
1.0
 40
1.0
 40
1.0
 40
2.0
 40
2.0
 40
2.0
 40
3.0
 40
3.0
 40
3.0
 40
4.0
 40
4.0
 40
4.0
 40
5.0
 40
5.0
 40
5.0
 40
6.0
 40
6.0
 40
6.0
 40
7.0
 40
7.0
 40
7.0
 40
8.0
 40
8.0
 40
8.0
 40
9.0
 40
9.0
 40
9.0
 40
10.0
 40
10.0
 40
10.0
 40
11.0
 40
11.0
 40
11.0
 40
12.0
 40
12.0
 40
12.0
 40
12.0
 10
139.545963073887
 20
-128.3200330050166
 30
0.0
 10
139.545963073887
 20
-128.1810509197753
 30
0.0
 10
139.5602475140538
 20
-128.0691663562316
 30
0.0
 10
139.5888470476962
 20
-127.9844406209856
 30
0.0
 10
139.6174465813372
 20
-127.8997148857389
 30
0.0
 10
139.6599320621785
 20
-127.8343620393023
 30
0.0
 10
139.7163341435293
 20
-127.7883820816785
 30
0.0
 10
139.7727362248801
 20
-127.7424327773645
 30
0.0
 10
139.8436986261423
 20
-127.7194121452478
 30
0.0
 10
139.9292520006254
 20
-127.7194121452478
 30
0.0
 10
139.9923058491783
 20
-127.7194121452478
 30
0.0
 10
140.0476350648504
 20
-127.7321332668571
 30
0.0
 10
140.0952396476419
 20
-127.7575142034643
 30
0.0
 10
140.1428135771284
 20
-127.7829257933749
 30
0.0
 10
140.1820804609403
 20
-127.8195258396435
 30
0.0
 10
140.2131016056794
 20
-127.8673756488765
 30
0.0
 10
140.2440920971196
 20
-127.9152254581094
 30
0.0
 10
140.2684308213515
 20
-127.9734973910705
 30
0.0
 10
140.2860871250782
 20
-128.0421914477593
 30
0.0
 10
140.303712775504
 20
-128.1108855044409
 30
0.0
 10
140.3125409273666
 20
-128.2034891390969
 30
0.0
 10
140.3125409273666
 20
-128.3200330050166
 30
0.0
 10
140.3125409273666
 20
-128.4579422245777
 30
0.0
 10
140.298379100418
 20
-128.5692750286342
 30
0.0
 10
140.2700247932177
 20
-128.6540007638803
 30
0.0
 10
140.2417011393221
 20
-128.738726499127
 30
0.0
 10
140.1993382717004
 20
-128.8042326120847
 30
0.0
 10
140.1429361903499
 20
-128.8504577961489
 30
0.0
 10
140.0865341089998
 20
-128.896713633516
 30
0.0
 10
140.0152958279912
 20
-128.9198262255449
 30
0.0
 10
139.9292520006254
 20
-128.9198262255449
 30
0.0
 10
139.8158960784332
 20
-128.9198262255449
 30
0.0
 10
139.7269095337822
 20
-128.8792105963143
 30
0.0
 10
139.6622310600596
 20
-128.7979486845406
 30
0.0
 10
139.5847088515079
 20
-128.7001033347231
 30
0.0
 10
139.545963073887
 20
-128.5408287615207
 30
0.0
 10
139.545963073887
 20
-128.3200330050166
 30
0.0
  0
SPLINE
  5
83
330
1F
100
AcDbEntity
  8
Capa 1
370
     0
100
AcDbSpline
210
0.0
220
0.0
230
1.0
 70
    11
 71
     3
 72
    29
 73
    25
 74
     0
 42
0.0000000001
 43
0.0000000001
 12
1.0
 22
0.0
 32
0.0
 13
1.0
 23
0.0
 33
0.0
 40
0.0
 40
0.0
 40
0.0
 40
0.0
 40
1.0
 40
1.0
 40
1.0
 40
2.0
 40
2.0
 40
2.0
 40
3.0
 40
3.0
 40
3.0
 40
4.0
 40
4.0
 40
4.0
 40
5.0
 40
5.0
 40
5.0
 40
6.0
 40
6.0
 40
6.0
 40
7.0
 40
7.0
 40
7.0
 40
8.0
 40
8.0
 40
8.0
 40
8.0
 10
139.6942944171737
 20
-128.3200330050166
 30
0.0
 10
139.6942944171737
 20
-128.5130262138071
 30
0.0
 10
139.7168859030206
 20
-128.6414635621032
 30
0.0
 10
139.7620382214058
 20
-128.7053143965849
 30
0.0
 10
139.8072211930951
 20
-128.7692265376818
 30
0.0
 10
139.8629489017335
 20
-128.8011366282722
 30
0.0
 10
139.9292520006254
 20
-128.8011366282722
 30
0.0
 10
139.9955244462125
 20
-128.8011366282722
 30
0.0
 10
140.0512521548521
 20
-128.7690732711576
 30
0.0
 10
140.0964351265402
 20
-128.7049159036183
 30
0.0
 10
140.1415874449267
 20
-128.6407891893876
 30
0.0
 10
140.1641789307681
 20
-128.5124744543175
 30
0.0
 10
140.1641789307681
 20
-128.3200330050166
 30
0.0
 10
140.1641789307681
 20
-128.1265186900355
 30
0.0
 10
140.1415874449267
 20
-127.997958728523
 30
0.0
 10
140.0964351265402
 20
-127.9343224671757
 30
0.0
 10
140.0512521548521
 20
-127.8707168591318
 30
0.0
 10
139.995003340026
 20
-127.838898728455
 30
0.0
 10
139.9276273754557
 20
-127.838898728455
 30
0.0
 10
139.8613549298686
 20
-127.838898728455
 30
0.0
 10
139.808416671995
 20
-127.8669771559099
 30
0.0
 10
139.7688739084369
 20
-127.9231033575149
 30
0.0
 10
139.7191542475972
 20
-127.9947401314891
 30
0.0
 10
139.6942944171737
 20
-128.1270397962217
 30
0.0
 10
139.6942944171737
 20
-128.3200330050166
 30
0.0
  0
HATCH
  5
84
330
1F
100
AcDbEntity
  8
Capa 1
 62
   255
100
AcDbHatch
 10
0.0
 20
0.0
 30
0.0
210
0.0
220
0.0
230
1.0
  2
SOLID
 70
     1
 71
     0
 91
        2
 92
        1
 93
        1
 72
     4
 94
        3
 73
     0
 74
     1
 95
       41
 96
       37
 40
0.0
 40
0.0
 40
0.0
 40
0.0
 40
1.0
 40
1.0
 40
1.0
 40
2.0
 40
2.0
 40
2.0
 40
3.0
 40
3.0
 40
3.0
 40
4.0
 40
4.0
 40
4.0
 40
5.0
 40
5.0
 40
5.0
 40
6.0
 40
6.0
 40
6.0
 40
7.0
 40
7.0
 40
7.0
 40
8.0
 40
8.0
 40
8.0
 40
9.0
 40
9.0
 40
9.0
 40
10.0
 40
10.0
 40
10.0
 40
11.0
 40
11.0
 40
11.0
 40
12.0
 40
12.0
 40
12.0
 40
12.0
 10
139.545963073887
 20
-128.3200330050166
 10
139.545963073887
 20
-128.1810509197753
 10
139.5602475140538
 20
-128.0691663562316
 10
139.5888470476962
 20
-127.9844406209856
 10
139.6174465813372
 20
-127.8997148857389
 10
139.6599320621785
 20
-127.8343620393023
 10
139.7163341435293
 20
-127.7883820816785
 10
139.7727362248801
 20
-127.7424327773645
 10
139.8436986261423
 20
-127.7194121452478
 10
139.9292520006254
 20
-127.7194121452478
 10
139.9923058491783
 20
-127.7194121452478
 10
140.0476350648504
 20
-127.7321332668571
 10
140.0952396476419
 20
-127.7575142034643
 10
140.1428135771284
 20
-127.7829257933749
 10
140.1820804609403
 20
-127.8195258396435
 10
140.2131016056794
 20
-127.8673756488765
 10
140.2440920971196
 20
-127.9152254581094
 10
140.2684308213515
 20
-127.9734973910705
 10
140.2860871250782
 20
-128.0421914477593
 10
140.303712775504
 20
-128.1108855044409
 10
140.3125409273666
 20
-128.2034891390969
 10
140.3125409273666
 20
-128.3200330050166
 10
140.3125409273666
 20
-128.4579422245777
 10
140.298379100418
 20
-128.5692750286342
 10
140.2700247932177
 20
-128.6540007638803
 10
140.2417011393221
 20
-128.738726499127
 10
140.1993382717004
 20
-128.8042326120847
 10
140.1429361903499
 20
-128.8504577961489
 10
140.0865341089998
 20
-128.896713633516
 10
140.0152958279912
 20
-128.9198262255449
 10
139.9292520006254
 20
-128.9198262255449
 10
139.8158960784332
 20
-128.9198262255449
 10
139.7269095337822
 20
-128.8792105963143
 10
139.6622310600596
 20
-128.7979486845406
 10
139.5847088515079
 20
-128.7001033347231
 10
139.545963073887
 20
-128.5408287615207
 10
139.545963073887
 20
-128.3200330050166
 97
        0
 92
        1
 93
        1
 72
     4
 94
        3
 73
     0
 74
     1
 95
       29
 96
       25
 40
0.0
 40
0.0
 40
0.0
 40
0.0
 40
1.0
 40
1.0
 40
1.0
 40
2.0
 40
2.0
 40
2.0
 40
3.0
 40
3.0
 40
3.0
 40
4.0
 40
4.0
 40
4.0
 40
5.0
 40
5.0
 40
5.0
 40
6.0
 40
6.0
 40
6.0
 40
7.0
 40
7.0
 40
7.0
 40
8.0
 40
8.0
 40
8.0
 40
8.0
 10
139.6942944171737
 20
-128.3200330050166
 10
139.6942944171737
 20
-128.5130262138071
 10
139.7168859030206
 20
-128.6414635621032
 10
139.7620382214058
 20
-128.7053143965849
 10
139.8072211930951
 20
-128.7692265376818
 10
139.8629489017335
 20
-128.8011366282722
 10
139.9292520006254
 20
-128.8011366282722
 10
139.9955244462125
 20
-128.8011366282722
 10
140.0512521548521
 20
-128.7690732711576
 10
140.0964351265402
 20
-128.7049159036183
 10
140.1415874449267
 20
-128.6407891893876
 10
140.1641789307681
 20
-128.5124744543175
 10
140.1641789307681
 20
-128.3200330050166
 10
140.1641789307681
 20
-128.1265186900355
 10
140.1415874449267
 20
-127.997958728523
 10
140.0964351265402
 20
-127.9343224671757
 10
140.0512521548521
 20
-127.8707168591318
 10
139.995003340026
 20
-127.838898728455
 10
139.9276273754557
 20
-127.838898728455
 10
139.8613549298686
 20
-127.838898728455
 10
139.808416671995
 20
-127.8669771559099
 10
139.7688739084369
 20
-127.9231033575149
 10
139.7191542475972
 20
-127.9947401314891
 10
139.6942944171737
 20
-128.1270397962217
 10
139.6942944171737
 20
-128.3200330050166
 97
        0
 75
     2
 76
     1
 98
        0
  0
SPLINE
  5
85
330
1F
100
AcDbEntity
  8
Capa 1
370
     0
100
AcDbSpline
210
0.0
220
0.0
230
1.0
 70
    11
 71
     3
 72
    41
 73
    37
 74
     0
 42
0.0000000001
 43
0.0000000001
 12
1.0
 22
0.0
 32
0.0
 13
1.0
 23
0.0
 33
0.0
 40
0.0
 40
0.0
 40
0.0
 40
0.0
 40
1.0
 40
1.0
 40
1.0
 40
2.0
 40
2.0
 40
2.0
 40
3.0
 40
3.0
 40
3.0
 40
4.0
 40
4.0
 40
4.0
 40
5.0
 40
5.0
 40
5.0
 40
6.0
 40
6.0
 40
6.0
 40
7.0
 40
7.0
 40
7.0
 40
8.0
 40
8.0
 40
8.0
 40
9.0
 40
9.0
 40
9.0
 40
10.0
 40
10.0
 40
10.0
 40
11.0
 40
11.0
 40
11.0
 40
12.0
 40
12.0
 40
12.0
 40
12.0
 10
140.459278298792
 20
-128.3200330050166
 30
0.0
 10
140.459278298792
 20
-128.1810509197753
 30
0.0
 10
140.4735627389598
 20
-128.0691663562316
 30
0.0
 10
140.5021622726005
 20
-127.9844406209856
 30
0.0
 10
140.5307618062429
 20
-127.8997148857389
 30
0.0
 10
140.5732472870848
 20
-127.8343620393023
 30
0.0
 10
140.6296493684356
 20
-127.7883820816785
 30
0.0
 10
140.6860514497848
 20
-127.7424327773645
 30
0.0
 10
140.7570138510479
 20
-127.7194121452478
 30
0.0
 10
140.842567225531
 20
-127.7194121452478
 30
0.0
 10
140.9056210740839
 20
-127.7194121452478
 30
0.0
 10
140.9609502897563
 20
-127.7321332668571
 30
0.0
 10
141.0085548725476
 20
-127.7575142034643
 30
0.0
 10
141.0561288020341
 20
-127.7829257933749
 30
0.0
 10
141.095395685846
 20
-127.8195258396435
 30
0.0
 10
141.1264168305854
 20
-127.8673756488765
 30
0.0
 10
141.1574073220253
 20
-127.9152254581094
 30
0.0
 10
141.1817460462575
 20
-127.9734973910705
 30
0.0
 10
141.1994023499864
 20
-128.0421914477593
 30
0.0
 10
141.2170280004061
 20
-128.1108855044409
 30
0.0
 10
141.2258561522726
 20
-128.2034891390969
 30
0.0
 10
141.2258561522726
 20
-128.3200330050166
 30
0.0
 10
141.2258561522726
 20
-128.4579422245777
 30
0.0
 10
141.2116943253221
 20
-128.5692750286342
 30
0.0
 10
141.1833400181224
 20
-128.6540007638803
 30
0.0
 10
141.1550163642268
 20
-128.738726499127
 30
0.0
 10
141.1126534966066
 20
-128.8042326120847
 30
0.0
 10
141.0562514152559
 20
-128.8504577961489
 30
0.0
 10
140.9998493339051
 20
-128.896713633516
 30
0.0
 10
140.9286110528971
 20
-128.9198262255449
 30
0.0
 10
140.842567225531
 20
-128.9198262255449
 30
0.0
 10
140.7292113033388
 20
-128.9198262255449
 30
0.0
 10
140.6402247586888
 20
-128.8792105963143
 30
0.0
 10
140.5755462849662
 20
-128.7979486845406
 30
0.0
 10
140.4980240764135
 20
-128.7001033347231
 30
0.0
 10
140.459278298792
 20
-128.5408287615207
 30
0.0
 10
140.459278298792
 20
-128.3200330050166
 30
0.0
  0
SPLINE
  5
86
330
1F
100
AcDbEntity
  8
Capa 1
370
     0
100
AcDbSpline
210
0.0
220
0.0
230
1.0
 70
    11
 71
     3
 72
    29
 73
    25
 74
     0
 42
0.0000000001
 43
0.0000000001
 12
1.0
 22
0.0
 32
0.0
 13
1.0
 23
0.0
 33
0.0
 40
0.0
 40
0.0
 40
0.0
 40
0.0
 40
1.0
 40
1.0
 40
1.0
 40
2.0
 40
2.0
 40
2.0
 40
3.0
 40
3.0
 40
3.0
 40
4.0
 40
4.0
 40
4.0
 40
5.0
 40
5.0
 40
5.0
 40
6.0
 40
6.0
 40
6.0
 40
7.0
 40
7.0
 40
7.0
 40
8.0
 40
8.0
 40
8.0
 40
8.0
 10
140.6076096420793
 20
-128.3200330050166
 30
0.0
 10
140.6076096420793
 20
-128.5130262138071
 30
0.0
 10
140.6302011279253
 20
-128.6414635621032
 30
0.0
 10
140.6753534463111
 20
-128.7053143965849
 30
0.0
 10
140.7205364180011
 20
-128.7692265376818
 30
0.0
 10
140.7762641266395
 20
-128.8011366282722
 30
0.0
 10
140.842567225531
 20
-128.8011366282722
 30
0.0
 10
140.9088396711181
 20
-128.8011366282722
 30
0.0
 10
140.9645673797565
 20
-128.7690732711576
 30
0.0
 10
141.0097503514461
 20
-128.7049159036183
 30
0.0
 10
141.0549026698314
 20
-128.6407891893876
 30
0.0
 10
141.0774941556757
 20
-128.5124744543175
 30
0.0
 10
141.0774941556757
 20
-128.3200330050166
 30
0.0
 10
141.0774941556757
 20
-128.1265186900355
 30
0.0
 10
141.0549026698314
 20
-127.997958728523
 30
0.0
 10
141.0097503514461
 20
-127.9343224671757
 30
0.0
 10
140.9645673797565
 20
-127.8707168591318
 30
0.0
 10
140.9083185649316
 20
-127.838898728455
 30
0.0
 10
140.8409426003617
 20
-127.838898728455
 30
0.0
 10
140.774670154773
 20
-127.838898728455
 30
0.0
 10
140.7217318969
 20
-127.8669771559099
 30
0.0
 10
140.6821891333471
 20
-127.9231033575149
 30
0.0
 10
140.6324694725032
 20
-127.9947401314891
 30
0.0
 10
140.6076096420793
 20
-128.1270397962217
 30
0.0
 10
140.6076096420793
 20
-128.3200330050166
 30
0.0
  0
HATCH
  5
87
330
1F
100
AcDbEntity
  8
Capa 1
 62
   255
100
AcDbHatch
 10
0.0
 20
0.0
 30
0.0
210
0.0
220
0.0
230
1.0
  2
SOLID
 70
     1
 71
     0
 91
        2
 92
        1
 93
        1
 72
     4
 94
        3
 73
     0
 74
     1
 95
       41
 96
       37
 40
0.0
 40
0.0
 40
0.0
 40
0.0
 40
1.0
 40
1.0
 40
1.0
 40
2.0
 40
2.0
 40
2.0
 40
3.0
 40
3.0
 40
3.0
 40
4.0
 40
4.0
 40
4.0
 40
5.0
 40
5.0
 40
5.0
 40
6.0
 40
6.0
 40
6.0
 40
7.0
 40
7.0
 40
7.0
 40
8.0
 40
8.0
 40
8.0
 40
9.0
 40
9.0
 40
9.0
 40
10.0
 40
10.0
 40
10.0
 40
11.0
 40
11.0
 40
11.0
 40
12.0
 40
12.0
 40
12.0
 40
12.0
 10
140.459278298792
 20
-128.3200330050166
 10
140.459278298792
 20
-128.1810509197753
 10
140.4735627389598
 20
-128.0691663562316
 10
140.5021622726005
 20
-127.9844406209856
 10
140.5307618062429
 20
-127.8997148857389
 10
140.5732472870848
 20
-127.8343620393023
 10
140.6296493684356
 20
-127.7883820816785
 10
140.6860514497848
 20
-127.7424327773645
 10
140.7570138510479
 20
-127.7194121452478
 10
140.842567225531
 20
-127.7194121452478
 10
140.9056210740839
 20
-127.7194121452478
 10
140.9609502897563
 20
-127.7321332668571
 10
141.0085548725476
 20
-127.7575142034643
 10
141.0561288020341
 20
-127.7829257933749
 10
141.095395685846
 20
-127.8195258396435
 10
141.1264168305854
 20
-127.8673756488765
 10
141.1574073220253
 20
-127.9152254581094
 10
141.1817460462575
 20
-127.9734973910705
 10
141.1994023499864
 20
-128.0421914477593
 10
141.2170280004061
 20
-128.1108855044409
 10
141.2258561522726
 20
-128.2034891390969
 10
141.2258561522726
 20
-128.3200330050166
 10
141.2258561522726
 20
-128.4579422245777
 10
141.2116943253221
 20
-128.5692750286342
 10
141.1833400181224
 20
-128.6540007638803
 10
141.1550163642268
 20
-128.738726499127
 10
141.1126534966066
 20
-128.8042326120847
 10
141.0562514152559
 20
-128.8504577961489
 10
140.9998493339051
 20
-128.896713633516
 10
140.9286110528971
 20
-128.9198262255449
 10
140.842567225531
 20
-128.9198262255449
 10
140.7292113033388
 20
-128.9198262255449
 10
140.6402247586888
 20
-128.8792105963143
 10
140.5755462849662
 20
-128.7979486845406
 10
140.4980240764135
 20
-128.7001033347231
 10
140.459278298792
 20
-128.5408287615207
 10
140.459278298792
 20
-128.3200330050166
 97
        0
 92
        1
 93
        1
 72
     4
 94
        3
 73
     0
 74
     1
 95
       29
 96
       25
 40
0.0
 40
0.0
 40
0.0
 40
0.0
 40
1.0
 40
1.0
 40
1.0
 40
2.0
 40
2.0
 40
2.0
 40
3.0
 40
3.0
 40
3.0
 40
4.0
 40
4.0
 40
4.0
 40
5.0
 40
5.0
 40
5.0
 40
6.0
 40
6.0
 40
6.0
 40
7.0
 40
7.0
 40
7.0
 40
8.0
 40
8.0
 40
8.0
 40
8.0
 10
140.6076096420793
 20
-128.3200330050166
 10
140.6076096420793
 20
-128.5130262138071
 10
140.6302011279253
 20
-128.6414635621032
 10
140.6753534463111
 20
-128.7053143965849
 10
140.7205364180011
 20
-128.7692265376818
 10
140.7762641266395
 20
-128.8011366282722
 10
140.842567225531
 20
-128.8011366282722
 10
140.9088396711181
 20
-128.8011366282722
 10
140.9645673797565
 20
-128.7690732711576
 10
141.0097503514461
 20
-128.7049159036183
 10
141.0549026698314
 20
-128.6407891893876
 10
141.0774941556757
 20
-128.5124744543175
 10
141.0774941556757
 20
-128.3200330050166
 10
141.0774941556757
 20
-128.1265186900355
 10
141.0549026698314
 20
-127.997958728523
 10
141.0097503514461
 20
-127.9343224671757
 10
140.9645673797565
 20
-127.8707168591318
 10
140.9083185649316
 20
-127.838898728455
 10
140.8409426003617
 20
-127.838898728455
 10
140.774670154773
 20
-127.838898728455
 10
140.7217318969
 20
-127.8669771559099
 10
140.6821891333471
 20
-127.9231033575149
 10
140.6324694725032
 20
-127.9947401314891
 10
140.6076096420793
 20
-128.1270397962217
 10
140.6076096420793
 20
-128.3200330050166
 97
        0
 75
     2
 76
     1
 98
        0
  0
SPLINE
  5
88
330
1F
100
AcDbEntity
  8
Capa 1
370
     0
100
AcDbSpline
210
0.0
220
0.0
230
1.0
 70
    11
 71
     3
 72
    41
 73
    37
 74
     0
 42
0.0000000001
 43
0.0000000001
 12
1.0
 22
0.0
 32
0.0
 13
1.0
 23
0.0
 33
0.0
 40
0.0
 40
0.0
 40
0.0
 40
0.0
 40
1.0
 40
1.0
 40
1.0
 40
2.0
 40
2.0
 40
2.0
 40
3.0
 40
3.0
 40
3.0
 40
4.0
 40
4.0
 40
4.0
 40
5.0
 40
5.0
 40
5.0
 40
6.0
 40
6.0
 40
6.0
 40
7.0
 40
7.0
 40
7.0
 40
8.0
 40
8.0
 40
8.0
 40
9.0
 40
9.0
 40
9.0
 40
10.0
 40
10.0
 40
10.0
 40
11.0
 40
11.0
 40
11.0
 40
12.0
 40
12.0
 40
12.0
 40
12.0
 10
135.8926408676552
 20
-121.8117587368013
 30
0.0
 10
135.8926408676552
 20
-121.6727766515651
 30
0.0
 10
135.9069253078218
 20
-121.5608920880144
 30
0.0
 10
135.9355248414635
 20
-121.4761663527715
 30
0.0
 10
135.9641243751051
 20
-121.3914406175254
 30
0.0
 10
136.0066098559468
 20
-121.3260877710908
 30
0.0
 10
136.0630119372976
 20
-121.280107813465
 30
0.0
 10
136.1194140186483
 20
-121.2341585091517
 30
0.0
 10
136.1903764199105
 20
-121.2111378770337
 30
0.0
 10
136.2759297943929
 20
-121.2111378770337
 30
0.0
 10
136.3389836429465
 20
-121.2111378770337
 30
0.0
 10
136.3943128586196
 20
-121.223858998643
 30
0.0
 10
136.4419174414095
 20
-121.2492399352509
 30
0.0
 10
136.4894913708976
 20
-121.2746515251647
 30
0.0
 10
136.5287582547057
 20
-121.3112515714333
 30
0.0
 10
136.5597793994474
 20
-121.3591013806624
 30
0.0
 10
136.5907698908894
 20
-121.4069511898953
 30
0.0
 10
136.6151086151198
 20
-121.465223122852
 30
0.0
 10
136.6327649188499
 20
-121.5339171795452
 30
0.0
 10
136.6503905692684
 20
-121.6026112362307
 30
0.0
 10
136.6592187211346
 20
-121.6952148708829
 30
0.0
 10
136.6592187211346
 20
-121.8117587368013
 30
0.0
 10
136.6592187211346
 20
-121.9496679563643
 30
0.0
 10
136.6450568941843
 20
-122.0610007604247
 30
0.0
 10
136.6167025869856
 20
-122.145726495665
 30
0.0
 10
136.5883789330891
 20
-122.2304522309129
 30
0.0
 10
136.5460160654683
 20
-122.2959583438706
 30
0.0
 10
136.4896139841178
 20
-122.3421835279348
 30
0.0
 10
136.4332119027673
 20
-122.3884393653025
 30
0.0
 10
136.3619736217552
 20
-122.411551957336
 30
0.0
 10
136.2759297943929
 20
-122.411551957336
 30
0.0
 10
136.1625738722024
 20
-122.411551957336
 30
0.0
 10
136.0735873275511
 20
-122.3709363281002
 30
0.0
 10
136.0089088538288
 20
-122.2896744163271
 30
0.0
 10
135.9313866452761
 20
-122.1918290665103
 30
0.0
 10
135.8926408676552
 20
-122.032554493306
 30
0.0
 10
135.8926408676552
 20
-121.8117587368013
 30
0.0
  0
SPLINE
  5
89
330
1F
100
AcDbEntity
  8
Capa 1
370
     0
100
AcDbSpline
210
0.0
220
0.0
230
1.0
 70
    11
 71
     3
 72
    29
 73
    25
 74
     0
 42
0.0000000001
 43
0.0000000001
 12
1.0
 22
0.0
 32
0.0
 13
1.0
 23
0.0
 33
0.0
 40
0.0
 40
0.0
 40
0.0
 40
0.0
 40
1.0
 40
1.0
 40
1.0
 40
2.0
 40
2.0
 40
2.0
 40
3.0
 40
3.0
 40
3.0
 40
4.0
 40
4.0
 40
4.0
 40
5.0
 40
5.0
 40
5.0
 40
6.0
 40
6.0
 40
6.0
 40
7.0
 40
7.0
 40
7.0
 40
8.0
 40
8.0
 40
8.0
 40
8.0
 10
136.0409722109416
 20
-121.8117587368013
 30
0.0
 10
136.0409722109416
 20
-122.0047519455969
 30
0.0
 10
136.0635636967885
 20
-122.1331892938892
 30
0.0
 10
136.1087160151747
 20
-122.197040128376
 30
0.0
 10
136.153898986863
 20
-122.2609522694684
 30
0.0
 10
136.2096266955017
 20
-122.2928623600582
 30
0.0
 10
136.2759297943929
 20
-122.2928623600582
 30
0.0
 10
136.3422022399804
 20
-122.2928623600582
 30
0.0
 10
136.3979299486162
 20
-122.2607990029435
 30
0.0
 10
136.4431129203081
 20
-122.1966416354081
 30
0.0
 10
136.4882652386946
 20
-122.1325149211774
 30
0.0
 10
136.5108567245373
 20
-122.0042001861066
 30
0.0
 10
136.5108567245373
 20
-121.8117587368013
 30
0.0
 10
136.5108567245373
 20
-121.6182444218253
 30
0.0
 10
136.4882652386946
 20
-121.4896844603128
 30
0.0
 10
136.4431129203081
 20
-121.4260481989616
 30
0.0
 10
136.3979299486162
 20
-121.3624425909165
 30
0.0
 10
136.3416811337939
 20
-121.3306244602422
 30
0.0
 10
136.2743051692237
 20
-121.3306244602422
 30
0.0
 10
136.2080327236365
 20
-121.3306244602422
 30
0.0
 10
136.1550944657616
 20
-121.3587028876958
 30
0.0
 10
136.1155517022087
 20
-121.4148290892995
 30
0.0
 10
136.0658320413655
 20
-121.486465863275
 30
0.0
 10
136.0409722109416
 20
-121.6187655280095
 30
0.0
 10
136.0409722109416
 20
-121.8117587368013
 30
0.0
  0
HATCH
  5
8A
330
1F
100
AcDbEntity
  8
Capa 1
 62
   255
100
AcDbHatch
 10
0.0
 20
0.0
 30
0.0
210
0.0
220
0.0
230
1.0
  2
SOLID
 70
     1
 71
     0
 91
        2
 92
        1
 93
        1
 72
     4
 94
        3
 73
     0
 74
     1
 95
       41
 96
       37
 40
0.0
 40
0.0
 40
0.0
 40
0.0
 40
1.0
 40
1.0
 40
1.0
 40
2.0
 40
2.0
 40
2.0
 40
3.0
 40
3.0
 40
3.0
 40
4.0
 40
4.0
 40
4.0
 40
5.0
 40
5.0
 40
5.0
 40
6.0
 40
6.0
 40
6.0
 40
7.0
 40
7.0
 40
7.0
 40
8.0
 40
8.0
 40
8.0
 40
9.0
 40
9.0
 40
9.0
 40
10.0
 40
10.0
 40
10.0
 40
11.0
 40
11.0
 40
11.0
 40
12.0
 40
12.0
 40
12.0
 40
12.0
 10
135.8926408676552
 20
-121.8117587368013
 10
135.8926408676552
 20
-121.6727766515651
 10
135.9069253078218
 20
-121.5608920880144
 10
135.9355248414635
 20
-121.4761663527715
 10
135.9641243751051
 20
-121.3914406175254
 10
136.0066098559468
 20
-121.3260877710908
 10
136.0630119372976
 20
-121.280107813465
 10
136.1194140186483
 20
-121.2341585091517
 10
136.1903764199105
 20
-121.2111378770337
 10
136.2759297943929
 20
-121.2111378770337
 10
136.3389836429465
 20
-121.2111378770337
 10
136.3943128586196
 20
-121.223858998643
 10
136.4419174414095
 20
-121.2492399352509
 10
136.4894913708976
 20
-121.2746515251647
 10
136.5287582547057
 20
-121.3112515714333
 10
136.5597793994474
 20
-121.3591013806624
 10
136.5907698908894
 20
-121.4069511898953
 10
136.6151086151198
 20
-121.465223122852
 10
136.6327649188499
 20
-121.5339171795452
 10
136.6503905692684
 20
-121.6026112362307
 10
136.6592187211346
 20
-121.6952148708829
 10
136.6592187211346
 20
-121.8117587368013
 10
136.6592187211346
 20
-121.9496679563643
 10
136.6450568941843
 20
-122.0610007604247
 10
136.6167025869856
 20
-122.145726495665
 10
136.5883789330891
 20
-122.2304522309129
 10
136.5460160654683
 20
-122.2959583438706
 10
136.4896139841178
 20
-122.3421835279348
 10
136.4332119027673
 20
-122.3884393653025
 10
136.3619736217552
 20
-122.411551957336
 10
136.2759297943929
 20
-122.411551957336
 10
136.1625738722024
 20
-122.411551957336
 10
136.0735873275511
 20
-122.3709363281002
 10
136.0089088538288
 20
-122.2896744163271
 10
135.9313866452761
 20
-122.1918290665103
 10
135.8926408676552
 20
-122.032554493306
 10
135.8926408676552
 20
-121.8117587368013
 97
        0
 92
        1
 93
        1
 72
     4
 94
        3
 73
     0
 74
     1
 95
       29
 96
       25
 40
0.0
 40
0.0
 40
0.0
 40
0.0
 40
1.0
 40
1.0
 40
1.0
 40
2.0
 40
2.0
 40
2.0
 40
3.0
 40
3.0
 40
3.0
 40
4.0
 40
4.0
 40
4.0
 40
5.0
 40
5.0
 40
5.0
 40
6.0
 40
6.0
 40
6.0
 40
7.0
 40
7.0
 40
7.0
 40
8.0
 40
8.0
 40
8.0
 40
8.0
 10
136.0409722109416
 20
-121.8117587368013
 10
136.0409722109416
 20
-122.0047519455969
 10
136.0635636967885
 20
-122.1331892938892
 10
136.1087160151747
 20
-122.197040128376
 10
136.153898986863
 20
-122.2609522694684
 10
136.2096266955017
 20
-122.2928623600582
 10
136.2759297943929
 20
-122.2928623600582
 10
136.3422022399804
 20
-122.2928623600582
 10
136.3979299486162
 20
-122.2607990029435
 10
136.4431129203081
 20
-122.1966416354081
 10
136.4882652386946
 20
-122.1325149211774
 10
136.5108567245373
 20
-122.0042001861066
 10
136.5108567245373
 20
-121.8117587368013
 10
136.5108567245373
 20
-121.6182444218253
 10
136.4882652386946
 20
-121.4896844603128
 10
136.4431129203081
 20
-121.4260481989616
 10
136.3979299486162
 20
-121.3624425909165
 10
136.3416811337939
 20
-121.3306244602422
 10
136.2743051692237
 20
-121.3306244602422
 10
136.2080327236365
 20
-121.3306244602422
 10
136.1550944657616
 20
-121.3587028876958
 10
136.1155517022087
 20
-121.4148290892995
 10
136.0658320413655
 20
-121.486465863275
 10
136.0409722109416
 20
-121.6187655280095
 10
136.0409722109416
 20
-121.8117587368013
 97
        0
 75
     2
 76
     1
 98
        0
  0
SPLINE
  5
8B
330
1F
100
AcDbEntity
  8
Capa 1
370
     0
100
AcDbSpline
210
0.0
220
0.0
230
1.0
 70
    11
 71
     3
 72
    41
 73
    37
 74
     0
 42
0.0000000001
 43
0.0000000001
 12
1.0
 22
0.0
 32
0.0
 13
1.0
 23
0.0
 33
0.0
 40
0.0
 40
0.0
 40
0.0
 40
0.0
 40
1.0
 40
1.0
 40
1.0
 40
2.0
 40
2.0
 40
2.0
 40
3.0
 40
3.0
 40
3.0
 40
4.0
 40
4.0
 40
4.0
 40
5.0
 40
5.0
 40
5.0
 40
6.0
 40
6.0
 40
6.0
 40
7.0
 40
7.0
 40
7.0
 40
8.0
 40
8.0
 40
8.0
 40
9.0
 40
9.0
 40
9.0
 40
10.0
 40
10.0
 40
10.0
 40
11.0
 40
11.0
 40
11.0
 40
12.0
 40
12.0
 40
12.0
 40
12.0
 10
136.8059560925599
 20
-121.8117587368013
 30
0.0
 10
136.8059560925599
 20
-121.6727766515651
 30
0.0
 10
136.8202405327277
 20
-121.5608920880144
 30
0.0
 10
136.8488400663694
 20
-121.4761663527715
 30
0.0
 10
136.8774396000108
 20
-121.3914406175254
 30
0.0
 10
136.9199250808527
 20
-121.3260877710908
 30
0.0
 10
136.9763271622035
 20
-121.280107813465
 30
0.0
 10
137.032729243554
 20
-121.2341585091517
 30
0.0
 10
137.1036916448162
 20
-121.2111378770337
 30
0.0
 10
137.1892450192989
 20
-121.2111378770337
 30
0.0
 10
137.2522988678519
 20
-121.2111378770337
 30
0.0
 10
137.3076280835243
 20
-121.223858998643
 30
0.0
 10
137.3552326663155
 20
-121.2492399352509
 30
0.0
 10
137.4028065958023
 20
-121.2746515251647
 30
0.0
 10
137.4420734796104
 20
-121.3112515714333
 30
0.0
 10
137.473094624353
 20
-121.3591013806624
 30
0.0
 10
137.5040851157932
 20
-121.4069511898953
 30
0.0
 10
137.5284238400261
 20
-121.465223122852
 30
0.0
 10
137.5460801437505
 20
-121.5339171795452
 30
0.0
 10
137.563705794174
 20
-121.6026112362307
 30
0.0
 10
137.5725339460405
 20
-121.6952148708829
 30
0.0
 10
137.5725339460405
 20
-121.8117587368013
 30
0.0
 10
137.5725339460405
 20
-121.9496679563643
 30
0.0
 10
137.5583721190903
 20
-122.0610007604247
 30
0.0
 10
137.5300178118903
 20
-122.145726495665
 30
0.0
 10
137.5016941579947
 20
-122.2304522309129
 30
0.0
 10
137.459331290373
 20
-122.2959583438706
 30
0.0
 10
137.4029292090235
 20
-122.3421835279348
 30
0.0
 10
137.346527127673
 20
-122.3884393653025
 30
0.0
 10
137.2752888466615
 20
-122.411551957336
 30
0.0
 10
137.1892450192989
 20
-122.411551957336
 30
0.0
 10
137.0758890971071
 20
-122.411551957336
 30
0.0
 10
136.9869025524554
 20
-122.3709363281002
 30
0.0
 10
136.9222240787329
 20
-122.2896744163271
 30
0.0
 10
136.8447018701802
 20
-122.1918290665103
 30
0.0
 10
136.8059560925599
 20
-122.032554493306
 30
0.0
 10
136.8059560925599
 20
-121.8117587368013
 30
0.0
  0
SPLINE
  5
8C
330
1F
100
AcDbEntity
  8
Capa 1
370
     0
100
AcDbSpline
210
0.0
220
0.0
230
1.0
 70
    11
 71
     3
 72
    29
 73
    25
 74
     0
 42
0.0000000001
 43
0.0000000001
 12
1.0
 22
0.0
 32
0.0
 13
1.0
 23
0.0
 33
0.0
 40
0.0
 40
0.0
 40
0.0
 40
0.0
 40
1.0
 40
1.0
 40
1.0
 40
2.0
 40
2.0
 40
2.0
 40
3.0
 40
3.0
 40
3.0
 40
4.0
 40
4.0
 40
4.0
 40
5.0
 40
5.0
 40
5.0
 40
6.0
 40
6.0
 40
6.0
 40
7.0
 40
7.0
 40
7.0
 40
8.0
 40
8.0
 40
8.0
 40
8.0
 10
136.9542874358472
 20
-121.8117587368013
 30
0.0
 10
136.9542874358472
 20
-122.0047519455969
 30
0.0
 10
136.9768789216928
 20
-122.1331892938892
 30
0.0
 10
137.0220312400791
 20
-122.197040128376
 30
0.0
 10
137.0672142117687
 20
-122.2609522694684
 30
0.0
 10
137.1229419204074
 20
-122.2928623600582
 30
0.0
 10
137.1892450192989
 20
-122.2928623600582
 30
0.0
 10
137.2555174648861
 20
-122.2928623600582
 30
0.0
 10
137.3112451735244
 20
-122.2607990029435
 30
0.0
 10
137.3564281452141
 20
-122.1966416354081
 30
0.0
 10
137.4015804635993
 20
-122.1325149211774
 30
0.0
 10
137.424171949442
 20
-122.0042001861066
 30
0.0
 10
137.424171949442
 20
-121.8117587368013
 30
0.0
 10
137.424171949442
 20
-121.6182444218253
 30
0.0
 10
137.4015804635993
 20
-121.4896844603128
 30
0.0
 10
137.3564281452141
 20
-121.4260481989616
 30
0.0
 10
137.3112451735244
 20
-121.3624425909165
 30
0.0
 10
137.2549963586983
 20
-121.3306244602422
 30
0.0
 10
137.1876203941296
 20
-121.3306244602422
 30
0.0
 10
137.1213479485419
 20
-121.3306244602422
 30
0.0
 10
137.0684096906676
 20
-121.3587028876958
 30
0.0
 10
137.0288669271147
 20
-121.4148290892995
 30
0.0
 10
136.979147266266
 20
-121.486465863275
 30
0.0
 10
136.9542874358472
 20
-121.6187655280095
 30
0.0
 10
136.9542874358472
 20
-121.8117587368013
 30
0.0
  0
HATCH
  5
8D
330
1F
100
AcDbEntity
  8
Capa 1
 62
   255
100
AcDbHatch
 10
0.0
 20
0.0
 30
0.0
210
0.0
220
0.0
230
1.0
  2
SOLID
 70
     1
 71
     0
 91
        2
 92
        1
 93
        1
 72
     4
 94
        3
 73
     0
 74
     1
 95
       41
 96
       37
 40
0.0
 40
0.0
 40
0.0
 40
0.0
 40
1.0
 40
1.0
 40
1.0
 40
2.0
 40
2.0
 40
2.0
 40
3.0
 40
3.0
 40
3.0
 40
4.0
 40
4.0
 40
4.0
 40
5.0
 40
5.0
 40
5.0
 40
6.0
 40
6.0
 40
6.0
 40
7.0
 40
7.0
 40
7.0
 40
8.0
 40
8.0
 40
8.0
 40
9.0
 40
9.0
 40
9.0
 40
10.0
 40
10.0
 40
10.0
 40
11.0
 40
11.0
 40
11.0
 40
12.0
 40
12.0
 40
12.0
 40
12.0
 10
136.8059560925599
 20
-121.8117587368013
 10
136.8059560925599
 20
-121.6727766515651
 10
136.8202405327277
 20
-121.5608920880144
 10
136.8488400663694
 20
-121.4761663527715
 10
136.8774396000108
 20
-121.3914406175254
 10
136.9199250808527
 20
-121.3260877710908
 10
136.9763271622035
 20
-121.280107813465
 10
137.032729243554
 20
-121.2341585091517
 10
137.1036916448162
 20
-121.2111378770337
 10
137.1892450192989
 20
-121.2111378770337
 10
137.2522988678519
 20
-121.2111378770337
 10
137.3076280835243
 20
-121.223858998643
 10
137.3552326663155
 20
-121.2492399352509
 10
137.4028065958023
 20
-121.2746515251647
 10
137.4420734796104
 20
-121.3112515714333
 10
137.473094624353
 20
-121.3591013806624
 10
137.5040851157932
 20
-121.4069511898953
 10
137.5284238400261
 20
-121.465223122852
 10
137.5460801437505
 20
-121.5339171795452
 10
137.563705794174
 20
-121.6026112362307
 10
137.5725339460405
 20
-121.6952148708829
 10
137.5725339460405
 20
-121.8117587368013
 10
137.5725339460405
 20
-121.9496679563643
 10
137.5583721190903
 20
-122.0610007604247
 10
137.5300178118903
 20
-122.145726495665
 10
137.5016941579947
 20
-122.2304522309129
 10
137.459331290373
 20
-122.2959583438706
 10
137.4029292090235
 20
-122.3421835279348
 10
137.346527127673
 20
-122.3884393653025
 10
137.2752888466615
 20
-122.411551957336
 10
137.1892450192989
 20
-122.411551957336
 10
137.0758890971071
 20
-122.411551957336
 10
136.9869025524554
 20
-122.3709363281002
 10
136.9222240787329
 20
-122.2896744163271
 10
136.8447018701802
 20
-122.1918290665103
 10
136.8059560925599
 20
-122.032554493306
 10
136.8059560925599
 20
-121.8117587368013
 97
        0
 92
        1
 93
        1
 72
     4
 94
        3
 73
     0
 74
     1
 95
       29
 96
       25
 40
0.0
 40
0.0
 40
0.0
 40
0.0
 40
1.0
 40
1.0
 40
1.0
 40
2.0
 40
2.0
 40
2.0
 40
3.0
 40
3.0
 40
3.0
 40
4.0
 40
4.0
 40
4.0
 40
5.0
 40
5.0
 40
5.0
 40
6.0
 40
6.0
 40
6.0
 40
7.0
 40
7.0
 40
7.0
 40
8.0
 40
8.0
 40
8.0
 40
8.0
 10
136.9542874358472
 20
-121.8117587368013
 10
136.9542874358472
 20
-122.0047519455969
 10
136.9768789216928
 20
-122.1331892938892
 10
137.0220312400791
 20
-122.197040128376
 10
137.0672142117687
 20
-122.2609522694684
 10
137.1229419204074
 20
-122.2928623600582
 10
137.1892450192989
 20
-122.2928623600582
 10
137.2555174648861
 20
-122.2928623600582
 10
137.3112451735244
 20
-122.2607990029435
 10
137.3564281452141
 20
-122.1966416354081
 10
137.4015804635993
 20
-122.1325149211774
 10
137.424171949442
 20
-122.0042001861066
 10
137.424171949442
 20
-121.8117587368013
 10
137.424171949442
 20
-121.6182444218253
 10
137.4015804635993
 20
-121.4896844603128
 10
137.3564281452141
 20
-121.4260481989616
 10
137.3112451735244
 20
-121.3624425909165
 10
137.2549963586983
 20
-121.3306244602422
 10
137.1876203941296
 20
-121.3306244602422
 10
137.1213479485419
 20
-121.3306244602422
 10
137.0684096906676
 20
-121.3587028876958
 10
137.0288669271147
 20
-121.4148290892995
 10
136.979147266266
 20
-121.486465863275
 10
136.9542874358472
 20
-121.6187655280095
 10
136.9542874358472
 20
-121.8117587368013
 97
        0
 75
     2
 76
     1
 98
        0
  0
SPLINE
  5
8E
330
1F
100
AcDbEntity
  8
Capa 1
370
     0
100
AcDbSpline
210
0.0
220
0.0
230
1.0
 70
    11
 71
     3
 72
    41
 73
    37
 74
     0
 42
0.0000000001
 43
0.0000000001
 12
1.0
 22
0.0
 32
0.0
 13
1.0
 23
0.0
 33
0.0
 40
0.0
 40
0.0
 40
0.0
 40
0.0
 40
1.0
 40
1.0
 40
1.0
 40
2.0
 40
2.0
 40
2.0
 40
3.0
 40
3.0
 40
3.0
 40
4.0
 40
4.0
 40
4.0
 40
5.0
 40
5.0
 40
5.0
 40
6.0
 40
6.0
 40
6.0
 40
7.0
 40
7.0
 40
7.0
 40
8.0
 40
8.0
 40
8.0
 40
9.0
 40
9.0
 40
9.0
 40
10.0
 40
10.0
 40
10.0
 40
11.0
 40
11.0
 40
11.0
 40
12.0
 40
12.0
 40
12.0
 40
12.0
 10
137.7193019707687
 20
-121.8117587368013
 30
0.0
 10
137.7193019707687
 20
-121.6727766515651
 30
0.0
 10
137.7335864109365
 20
-121.5608920880144
 30
0.0
 10
137.7621859445769
 20
-121.4761663527715
 30
0.0
 10
137.7907854782186
 20
-121.3914406175254
 30
0.0
 10
137.8332709590603
 20
-121.3260877710908
 30
0.0
 10
137.889673040411
 20
-121.280107813465
 30
0.0
 10
137.9460751217618
 20
-121.2341585091517
 30
0.0
 10
138.0170375230288
 20
-121.2111378770337
 30
0.0
 10
138.1025908975103
 20
-121.2111378770337
 30
0.0
 10
138.1656447460648
 20
-121.2111378770337
 30
0.0
 10
138.220973961733
 20
-121.223858998643
 30
0.0
 10
138.2685785445268
 20
-121.2492399352509
 30
0.0
 10
138.3161524740149
 20
-121.2746515251647
 30
0.0
 10
138.3554193578236
 20
-121.3112515714333
 30
0.0
 10
138.386440502566
 20
-121.3591013806624
 30
0.0
 10
138.4174309940023
 20
-121.4069511898953
 30
0.0
 10
138.4417697182387
 20
-121.465223122852
 30
0.0
 10
138.4594260219634
 20
-121.5339171795452
 30
0.0
 10
138.4770516723857
 20
-121.6026112362307
 30
0.0
 10
138.485879824248
 20
-121.6952148708829
 30
0.0
 10
138.485879824248
 20
-121.8117587368013
 30
0.0
 10
138.485879824248
 20
-121.9496679563643
 30
0.0
 10
138.4717179973036
 20
-122.0610007604247
 30
0.0
 10
138.4433636900991
 20
-122.145726495665
 30
0.0
 10
138.4150400362077
 20
-122.2304522309129
 30
0.0
 10
138.3726771685818
 20
-122.2959583438706
 30
0.0
 10
138.3162750872326
 20
-122.3421835279348
 30
0.0
 10
138.2598730058863
 20
-122.3884393653025
 30
0.0
 10
138.1886347248739
 20
-122.411551957336
 30
0.0
 10
138.1025908975103
 20
-122.411551957336
 30
0.0
 10
137.9892349753159
 20
-122.411551957336
 30
0.0
 10
137.9002484306645
 20
-122.3709363281002
 30
0.0
 10
137.8355699569461
 20
-122.2896744163271
 30
0.0
 10
137.7580477483928
 20
-122.1918290665103
 30
0.0
 10
137.7193019707687
 20
-122.032554493306
 30
0.0
 10
137.7193019707687
 20
-121.8117587368013
 30
0.0
  0
SPLINE
  5
8F
330
1F
100
AcDbEntity
  8
Capa 1
370
     0
100
AcDbSpline
210
0.0
220
0.0
230
1.0
 70
    11
 71
     3
 72
    29
 73
    25
 74
     0
 42
0.0000000001
 43
0.0000000001
 12
1.0
 22
0.0
 32
0.0
 13
1.0
 23
0.0
 33
0.0
 40
0.0
 40
0.0
 40
0.0
 40
0.0
 40
1.0
 40
1.0
 40
1.0
 40
2.0
 40
2.0
 40
2.0
 40
3.0
 40
3.0
 40
3.0
 40
4.0
 40
4.0
 40
4.0
 40
5.0
 40
5.0
 40
5.0
 40
6.0
 40
6.0
 40
6.0
 40
7.0
 40
7.0
 40
7.0
 40
8.0
 40
8.0
 40
8.0
 40
8.0
 10
137.8676333140602
 20
-121.8117587368013
 30
0.0
 10
137.8676333140602
 20
-122.0047519455969
 30
0.0
 10
137.8902247999019
 20
-122.1331892938892
 30
0.0
 10
137.9353771182882
 20
-122.197040128376
 30
0.0
 10
137.9805600899803
 20
-122.2609522694684
 30
0.0
 10
138.03628779862
 20
-122.2928623600582
 30
0.0
 10
138.1025908975103
 20
-122.2928623600582
 30
0.0
 10
138.1688633430952
 20
-122.2928623600582
 30
0.0
 10
138.2245910517335
 20
-122.2607990029435
 30
0.0
 10
138.2697740234229
 20
-122.1966416354081
 30
0.0
 10
138.3149263418081
 20
-122.1325149211774
 30
0.0
 10
138.3375178276547
 20
-122.0042001861066
 30
0.0
 10
138.3375178276547
 20
-121.8117587368013
 30
0.0
 10
138.3375178276547
 20
-121.6182444218253
 30
0.0
 10
138.3149263418081
 20
-121.4896844603128
 30
0.0
 10
138.2697740234229
 20
-121.4260481989616
 30
0.0
 10
138.2245910517335
 20
-121.3624425909165
 30
0.0
 10
138.1683422369074
 20
-121.3306244602422
 30
0.0
 10
138.1009662723422
 20
-121.3306244602422
 30
0.0
 10
138.0346938267542
 20
-121.3306244602422
 30
0.0
 10
137.9817555688764
 20
-121.3587028876958
 30
0.0
 10
137.9422128053222
 20
-121.4148290892995
 30
0.0
 10
137.8924931444796
 20
-121.486465863275
 30
0.0
 10
137.8676333140602
 20
-121.6187655280095
 30
0.0
 10
137.8676333140602
 20
-121.8117587368013
 30
0.0
  0
HATCH
  5
90
330
1F
100
AcDbEntity
  8
Capa 1
 62
   255
100
AcDbHatch
 10
0.0
 20
0.0
 30
0.0
210
0.0
220
0.0
230
1.0
  2
SOLID
 70
     1
 71
     0
 91
        2
 92
        1
 93
        1
 72
     4
 94
        3
 73
     0
 74
     1
 95
       41
 96
       37
 40
0.0
 40
0.0
 40
0.0
 40
0.0
 40
1.0
 40
1.0
 40
1.0
 40
2.0
 40
2.0
 40
2.0
 40
3.0
 40
3.0
 40
3.0
 40
4.0
 40
4.0
 40
4.0
 40
5.0
 40
5.0
 40
5.0
 40
6.0
 40
6.0
 40
6.0
 40
7.0
 40
7.0
 40
7.0
 40
8.0
 40
8.0
 40
8.0
 40
9.0
 40
9.0
 40
9.0
 40
10.0
 40
10.0
 40
10.0
 40
11.0
 40
11.0
 40
11.0
 40
12.0
 40
12.0
 40
12.0
 40
12.0
 10
137.7193019707687
 20
-121.8117587368013
 10
137.7193019707687
 20
-121.6727766515651
 10
137.7335864109365
 20
-121.5608920880144
 10
137.7621859445769
 20
-121.4761663527715
 10
137.7907854782186
 20
-121.3914406175254
 10
137.8332709590603
 20
-121.3260877710908
 10
137.889673040411
 20
-121.280107813465
 10
137.9460751217618
 20
-121.2341585091517
 10
138.0170375230288
 20
-121.2111378770337
 10
138.1025908975103
 20
-121.2111378770337
 10
138.1656447460648
 20
-121.2111378770337
 10
138.220973961733
 20
-121.223858998643
 10
138.2685785445268
 20
-121.2492399352509
 10
138.3161524740149
 20
-121.2746515251647
 10
138.3554193578236
 20
-121.3112515714333
 10
138.386440502566
 20
-121.3591013806624
 10
138.4174309940023
 20
-121.4069511898953
 10
138.4417697182387
 20
-121.465223122852
 10
138.4594260219634
 20
-121.5339171795452
 10
138.4770516723857
 20
-121.6026112362307
 10
138.485879824248
 20
-121.6952148708829
 10
138.485879824248
 20
-121.8117587368013
 10
138.485879824248
 20
-121.9496679563643
 10
138.4717179973036
 20
-122.0610007604247
 10
138.4433636900991
 20
-122.145726495665
 10
138.4150400362077
 20
-122.2304522309129
 10
138.3726771685818
 20
-122.2959583438706
 10
138.3162750872326
 20
-122.3421835279348
 10
138.2598730058863
 20
-122.3884393653025
 10
138.1886347248739
 20
-122.411551957336
 10
138.1025908975103
 20
-122.411551957336
 10
137.9892349753159
 20
-122.411551957336
 10
137.9002484306645
 20
-122.3709363281002
 10
137.8355699569461
 20
-122.2896744163271
 10
137.7580477483928
 20
-122.1918290665103
 10
137.7193019707687
 20
-122.032554493306
 10
137.7193019707687
 20
-121.8117587368013
 97
        0
 92
        1
 93
        1
 72
     4
 94
        3
 73
     0
 74
     1
 95
       29
 96
       25
 40
0.0
 40
0.0
 40
0.0
 40
0.0
 40
1.0
 40
1.0
 40
1.0
 40
2.0
 40
2.0
 40
2.0
 40
3.0
 40
3.0
 40
3.0
 40
4.0
 40
4.0
 40
4.0
 40
5.0
 40
5.0
 40
5.0
 40
6.0
 40
6.0
 40
6.0
 40
7.0
 40
7.0
 40
7.0
 40
8.0
 40
8.0
 40
8.0
 40
8.0
 10
137.8676333140602
 20
-121.8117587368013
 10
137.8676333140602
 20
-122.0047519455969
 10
137.8902247999019
 20
-122.1331892938892
 10
137.9353771182882
 20
-122.197040128376
 10
137.9805600899803
 20
-122.2609522694684
 10
138.03628779862
 20
-122.2928623600582
 10
138.1025908975103
 20
-122.2928623600582
 10
138.1688633430952
 20
-122.2928623600582
 10
138.2245910517335
 20
-122.2607990029435
 10
138.2697740234229
 20
-122.1966416354081
 10
138.3149263418081
 20
-122.1325149211774
 10
138.3375178276547
 20
-122.0042001861066
 10
138.3375178276547
 20
-121.8117587368013
 10
138.3375178276547
 20
-121.6182444218253
 10
138.3149263418081
 20
-121.4896844603128
 10
138.2697740234229
 20
-121.4260481989616
 10
138.2245910517335
 20
-121.3624425909165
 10
138.1683422369074
 20
-121.3306244602422
 10
138.1009662723422
 20
-121.3306244602422
 10
138.0346938267542
 20
-121.3306244602422
 10
137.9817555688764
 20
-121.3587028876958
 10
137.9422128053222
 20
-121.4148290892995
 10
137.8924931444796
 20
-121.486465863275
 10
137.8676333140602
 20
-121.6187655280095
 10
137.8676333140602
 20
-121.8117587368013
 97
        0
 75
     2
 76
     1
 98
        0
  0
SPLINE
  5
91
330
1F
100
AcDbEntity
  8
Capa 1
370
     0
100
AcDbSpline
210
0.0
220
0.0
230
1.0
 70
    11
 71
     3
 72
    41
 73
    37
 74
     0
 42
0.0000000001
 43
0.0000000001
 12
1.0
 22
0.0
 32
0.0
 13
1.0
 23
0.0
 33
0.0
 40
0.0
 40
0.0
 40
0.0
 40
0.0
 40
1.0
 40
1.0
 40
1.0
 40
2.0
 40
2.0
 40
2.0
 40
3.0
 40
3.0
 40
3.0
 40
4.0
 40
4.0
 40
4.0
 40
5.0
 40
5.0
 40
5.0
 40
6.0
 40
6.0
 40
6.0
 40
7.0
 40
7.0
 40
7.0
 40
8.0
 40
8.0
 40
8.0
 40
9.0
 40
9.0
 40
9.0
 40
10.0
 40
10.0
 40
10.0
 40
11.0
 40
11.0
 40
11.0
 40
12.0
 40
12.0
 40
12.0
 40
12.0
 10
138.6326171956746
 20
-121.8117587368013
 30
0.0
 10
138.6326171956746
 20
-121.6727766515651
 30
0.0
 10
138.6469016358412
 20
-121.5608920880144
 30
0.0
 10
138.6755011694829
 20
-121.4761663527715
 30
0.0
 10
138.7041007031243
 20
-121.3914406175254
 30
0.0
 10
138.7465861839662
 20
-121.3260877710908
 30
0.0
 10
138.8029882653215
 20
-121.280107813465
 30
0.0
 10
138.8593903466675
 20
-121.2341585091517
 30
0.0
 10
138.9303527479296
 20
-121.2111378770337
 30
0.0
 10
139.0159061224163
 20
-121.2111378770337
 30
0.0
 10
139.0789599709653
 20
-121.2111378770337
 30
0.0
 10
139.1342891866429
 20
-121.223858998643
 30
0.0
 10
139.1818937694328
 20
-121.2492399352509
 30
0.0
 10
139.2294676989206
 20
-121.2746515251647
 30
0.0
 10
139.2687345827274
 20
-121.3112515714333
 30
0.0
 10
139.2997557274707
 20
-121.3591013806624
 30
0.0
 10
139.3307462189067
 20
-121.4069511898953
 30
0.0
 10
139.355084943144
 20
-121.465223122852
 30
0.0
 10
139.3727412468691
 20
-121.5339171795452
 30
0.0
 10
139.3903668972923
 20
-121.6026112362307
 30
0.0
 10
139.399195049154
 20
-121.6952148708829
 30
0.0
 10
139.399195049154
 20
-121.8117587368013
 30
0.0
 10
139.399195049154
 20
-121.9496679563643
 30
0.0
 10
139.3850332222086
 20
-122.0610007604247
 30
0.0
 10
139.3566789150089
 20
-122.145726495665
 30
0.0
 10
139.3283552611082
 20
-122.2304522309129
 30
0.0
 10
139.2859923934877
 20
-122.2959583438706
 30
0.0
 10
139.2295903121369
 20
-122.3421835279348
 30
0.0
 10
139.1731882307865
 20
-122.3884393653025
 30
0.0
 10
139.1019499497785
 20
-122.411551957336
 30
0.0
 10
139.0159061224163
 20
-122.411551957336
 30
0.0
 10
138.9025502002225
 20
-122.411551957336
 30
0.0
 10
138.8135636555747
 20
-122.3709363281002
 30
0.0
 10
138.7488851818514
 20
-122.2896744163271
 30
0.0
 10
138.6713629732988
 20
-122.1918290665103
 30
0.0
 10
138.6326171956746
 20
-122.032554493306
 30
0.0
 10
138.6326171956746
 20
-121.8117587368013
 30
0.0
  0
SPLINE
  5
92
330
1F
100
AcDbEntity
  8
Capa 1
370
     0
100
AcDbSpline
210
0.0
220
0.0
230
1.0
 70
    11
 71
     3
 72
    29
 73
    25
 74
     0
 42
0.0000000001
 43
0.0000000001
 12
1.0
 22
0.0
 32
0.0
 13
1.0
 23
0.0
 33
0.0
 40
0.0
 40
0.0
 40
0.0
 40
0.0
 40
1.0
 40
1.0
 40
1.0
 40
2.0
 40
2.0
 40
2.0
 40
3.0
 40
3.0
 40
3.0
 40
4.0
 40
4.0
 40
4.0
 40
5.0
 40
5.0
 40
5.0
 40
6.0
 40
6.0
 40
6.0
 40
7.0
 40
7.0
 40
7.0
 40
8.0
 40
8.0
 40
8.0
 40
8.0
 10
138.7809485389646
 20
-121.8117587368013
 30
0.0
 10
138.7809485389646
 20
-122.0047519455969
 30
0.0
 10
138.8035400248076
 20
-122.1331892938892
 30
0.0
 10
138.8486923431925
 20
-122.197040128376
 30
0.0
 10
138.8938753148828
 20
-122.2609522694684
 30
0.0
 10
138.9496030235247
 20
-122.2928623600582
 30
0.0
 10
139.0159061224163
 20
-122.2928623600582
 30
0.0
 10
139.0821785680008
 20
-122.2928623600582
 30
0.0
 10
139.1379062766392
 20
-122.2607990029435
 30
0.0
 10
139.1830892483288
 20
-122.1966416354081
 30
0.0
 10
139.228241566714
 20
-122.1325149211774
 30
0.0
 10
139.2508330525606
 20
-122.0042001861066
 30
0.0
 10
139.2508330525606
 20
-121.8117587368013
 30
0.0
 10
139.2508330525606
 20
-121.6182444218253
 30
0.0
 10
139.228241566714
 20
-121.4896844603128
 30
0.0
 10
139.1830892483288
 20
-121.4260481989616
 30
0.0
 10
139.1379062766392
 20
-121.3624425909165
 30
0.0
 10
139.0816574618127
 20
-121.3306244602422
 30
0.0
 10
139.0142814972444
 20
-121.3306244602422
 30
0.0
 10
138.9480090516595
 20
-121.3306244602422
 30
0.0
 10
138.8950707937823
 20
-121.3587028876958
 30
0.0
 10
138.8555280302282
 20
-121.4148290892995
 30
0.0
 10
138.8058083693846
 20
-121.486465863275
 30
0.0
 10
138.7809485389646
 20
-121.6187655280095
 30
0.0
 10
138.7809485389646
 20
-121.8117587368013
 30
0.0
  0
HATCH
  5
93
330
1F
100
AcDbEntity
  8
Capa 1
 62
   255
100
AcDbHatch
 10
0.0
 20
0.0
 30
0.0
210
0.0
220
0.0
230
1.0
  2
SOLID
 70
     1
 71
     0
 91
        2
 92
        1
 93
        1
 72
     4
 94
        3
 73
     0
 74
     1
 95
       41
 96
       37
 40
0.0
 40
0.0
 40
0.0
 40
0.0
 40
1.0
 40
1.0
 40
1.0
 40
2.0
 40
2.0
 40
2.0
 40
3.0
 40
3.0
 40
3.0
 40
4.0
 40
4.0
 40
4.0
 40
5.0
 40
5.0
 40
5.0
 40
6.0
 40
6.0
 40
6.0
 40
7.0
 40
7.0
 40
7.0
 40
8.0
 40
8.0
 40
8.0
 40
9.0
 40
9.0
 40
9.0
 40
10.0
 40
10.0
 40
10.0
 40
11.0
 40
11.0
 40
11.0
 40
12.0
 40
12.0
 40
12.0
 40
12.0
 10
138.6326171956746
 20
-121.8117587368013
 10
138.6326171956746
 20
-121.6727766515651
 10
138.6469016358412
 20
-121.5608920880144
 10
138.6755011694829
 20
-121.4761663527715
 10
138.7041007031243
 20
-121.3914406175254
 10
138.7465861839662
 20
-121.3260877710908
 10
138.8029882653215
 20
-121.280107813465
 10
138.8593903466675
 20
-121.2341585091517
 10
138.9303527479296
 20
-121.2111378770337
 10
139.0159061224163
 20
-121.2111378770337
 10
139.0789599709653
 20
-121.2111378770337
 10
139.1342891866429
 20
-121.223858998643
 10
139.1818937694328
 20
-121.2492399352509
 10
139.2294676989206
 20
-121.2746515251647
 10
139.2687345827274
 20
-121.3112515714333
 10
139.2997557274707
 20
-121.3591013806624
 10
139.3307462189067
 20
-121.4069511898953
 10
139.355084943144
 20
-121.465223122852
 10
139.3727412468691
 20
-121.5339171795452
 10
139.3903668972923
 20
-121.6026112362307
 10
139.399195049154
 20
-121.6952148708829
 10
139.399195049154
 20
-121.8117587368013
 10
139.399195049154
 20
-121.9496679563643
 10
139.3850332222086
 20
-122.0610007604247
 10
139.3566789150089
 20
-122.145726495665
 10
139.3283552611082
 20
-122.2304522309129
 10
139.2859923934877
 20
-122.2959583438706
 10
139.2295903121369
 20
-122.3421835279348
 10
139.1731882307865
 20
-122.3884393653025
 10
139.1019499497785
 20
-122.411551957336
 10
139.0159061224163
 20
-122.411551957336
 10
138.9025502002225
 20
-122.411551957336
 10
138.8135636555747
 20
-122.3709363281002
 10
138.7488851818514
 20
-122.2896744163271
 10
138.6713629732988
 20
-122.1918290665103
 10
138.6326171956746
 20
-122.032554493306
 10
138.6326171956746
 20
-121.8117587368013
 97
        0
 92
        1
 93
        1
 72
     4
 94
        3
 73
     0
 74
     1
 95
       29
 96
       25
 40
0.0
 40
0.0
 40
0.0
 40
0.0
 40
1.0
 40
1.0
 40
1.0
 40
2.0
 40
2.0
 40
2.0
 40
3.0
 40
3.0
 40
3.0
 40
4.0
 40
4.0
 40
4.0
 40
5.0
 40
5.0
 40
5.0
 40
6.0
 40
6.0
 40
6.0
 40
7.0
 40
7.0
 40
7.0
 40
8.0
 40
8.0
 40
8.0
 40
8.0
 10
138.7809485389646
 20
-121.8117587368013
 10
138.7809485389646
 20
-122.0047519455969
 10
138.8035400248076
 20
-122.1331892938892
 10
138.8486923431925
 20
-122.197040128376
 10
138.8938753148828
 20
-122.2609522694684
 10
138.9496030235247
 20
-122.2928623600582
 10
139.0159061224163
 20
-122.2928623600582
 10
139.0821785680008
 20
-122.2928623600582
 10
139.1379062766392
 20
-122.2607990029435
 10
139.1830892483288
 20
-122.1966416354081
 10
139.228241566714
 20
-122.1325149211774
 10
139.2508330525606
 20
-122.0042001861066
 10
139.2508330525606
 20
-121.8117587368013
 10
139.2508330525606
 20
-121.6182444218253
 10
139.228241566714
 20
-121.4896844603128
 10
139.1830892483288
 20
-121.4260481989616
 10
139.1379062766392
 20
-121.3624425909165
 10
139.0816574618127
 20
-121.3306244602422
 10
139.0142814972444
 20
-121.3306244602422
 10
138.9480090516595
 20
-121.3306244602422
 10
138.8950707937823
 20
-121.3587028876958
 10
138.8555280302282
 20
-121.4148290892995
 10
138.8058083693846
 20
-121.486465863275
 10
138.7809485389646
 20
-121.6187655280095
 10
138.7809485389646
 20
-121.8117587368013
 97
        0
 75
     2
 76
     1
 98
        0
  0
SPLINE
  5
94
330
1F
100
AcDbEntity
  8
Capa 1
370
     0
100
AcDbSpline
210
0.0
220
0.0
230
1.0
 70
    11
 71
     3
 72
    41
 73
    37
 74
     0
 42
0.0000000001
 43
0.0000000001
 12
1.0
 22
0.0
 32
0.0
 13
1.0
 23
0.0
 33
0.0
 40
0.0
 40
0.0
 40
0.0
 40
0.0
 40
1.0
 40
1.0
 40
1.0
 40
2.0
 40
2.0
 40
2.0
 40
3.0
 40
3.0
 40
3.0
 40
4.0
 40
4.0
 40
4.0
 40
5.0
 40
5.0
 40
5.0
 40
6.0
 40
6.0
 40
6.0
 40
7.0
 40
7.0
 40
7.0
 40
8.0
 40
8.0
 40
8.0
 40
9.0
 40
9.0
 40
9.0
 40
10.0
 40
10.0
 40
10.0
 40
11.0
 40
11.0
 40
11.0
 40
12.0
 40
12.0
 40
12.0
 40
12.0
 10
139.545963073887
 20
-121.8117587368013
 30
0.0
 10
139.545963073887
 20
-121.6727766515651
 30
0.0
 10
139.5602475140538
 20
-121.5608920880144
 30
0.0
 10
139.5888470476962
 20
-121.4761663527715
 30
0.0
 10
139.6174465813372
 20
-121.3914406175254
 30
0.0
 10
139.6599320621785
 20
-121.3260877710908
 30
0.0
 10
139.7163341435293
 20
-121.280107813465
 30
0.0
 10
139.7727362248801
 20
-121.2341585091517
 30
0.0
 10
139.8436986261423
 20
-121.2111378770337
 30
0.0
 10
139.9292520006254
 20
-121.2111378770337
 30
0.0
 10
139.9923058491783
 20
-121.2111378770337
 30
0.0
 10
140.0476350648504
 20
-121.223858998643
 30
0.0
 10
140.0952396476419
 20
-121.2492399352509
 30
0.0
 10
140.1428135771284
 20
-121.2746515251647
 30
0.0
 10
140.1820804609403
 20
-121.3112515714333
 30
0.0
 10
140.2131016056794
 20
-121.3591013806624
 30
0.0
 10
140.2440920971196
 20
-121.4069511898953
 30
0.0
 10
140.2684308213515
 20
-121.465223122852
 30
0.0
 10
140.2860871250782
 20
-121.5339171795452
 30
0.0
 10
140.303712775504
 20
-121.6026112362307
 30
0.0
 10
140.3125409273666
 20
-121.6952148708829
 30
0.0
 10
140.3125409273666
 20
-121.8117587368013
 30
0.0
 10
140.3125409273666
 20
-121.9496679563643
 30
0.0
 10
140.298379100418
 20
-122.0610007604247
 30
0.0
 10
140.2700247932177
 20
-122.145726495665
 30
0.0
 10
140.2417011393221
 20
-122.2304522309129
 30
0.0
 10
140.1993382717004
 20
-122.2959583438706
 30
0.0
 10
140.1429361903499
 20
-122.3421835279348
 30
0.0
 10
140.0865341089998
 20
-122.3884393653025
 30
0.0
 10
140.0152958279912
 20
-122.411551957336
 30
0.0
 10
139.9292520006254
 20
-122.411551957336
 30
0.0
 10
139.8158960784332
 20
-122.411551957336
 30
0.0
 10
139.7269095337822
 20
-122.3709363281002
 30
0.0
 10
139.6622310600596
 20
-122.2896744163271
 30
0.0
 10
139.5847088515079
 20
-122.1918290665103
 30
0.0
 10
139.545963073887
 20
-122.032554493306
 30
0.0
 10
139.545963073887
 20
-121.8117587368013
 30
0.0
  0
SPLINE
  5
95
330
1F
100
AcDbEntity
  8
Capa 1
370
     0
100
AcDbSpline
210
0.0
220
0.0
230
1.0
 70
    11
 71
     3
 72
    29
 73
    25
 74
     0
 42
0.0000000001
 43
0.0000000001
 12
1.0
 22
0.0
 32
0.0
 13
1.0
 23
0.0
 33
0.0
 40
0.0
 40
0.0
 40
0.0
 40
0.0
 40
1.0
 40
1.0
 40
1.0
 40
2.0
 40
2.0
 40
2.0
 40
3.0
 40
3.0
 40
3.0
 40
4.0
 40
4.0
 40
4.0
 40
5.0
 40
5.0
 40
5.0
 40
6.0
 40
6.0
 40
6.0
 40
7.0
 40
7.0
 40
7.0
 40
8.0
 40
8.0
 40
8.0
 40
8.0
 10
139.6942944171737
 20
-121.8117587368013
 30
0.0
 10
139.6942944171737
 20
-122.0047519455969
 30
0.0
 10
139.7168859030206
 20
-122.1331892938892
 30
0.0
 10
139.7620382214058
 20
-122.197040128376
 30
0.0
 10
139.8072211930951
 20
-122.2609522694684
 30
0.0
 10
139.8629489017335
 20
-122.2928623600582
 30
0.0
 10
139.9292520006254
 20
-122.2928623600582
 30
0.0
 10
139.9955244462125
 20
-122.2928623600582
 30
0.0
 10
140.0512521548521
 20
-122.2607990029435
 30
0.0
 10
140.0964351265402
 20
-122.1966416354081
 30
0.0
 10
140.1415874449267
 20
-122.1325149211774
 30
0.0
 10
140.1641789307681
 20
-122.0042001861066
 30
0.0
 10
140.1641789307681
 20
-121.8117587368013
 30
0.0
 10
140.1641789307681
 20
-121.6182444218253
 30
0.0
 10
140.1415874449267
 20
-121.4896844603128
 30
0.0
 10
140.0964351265402
 20
-121.4260481989616
 30
0.0
 10
140.0512521548521
 20
-121.3624425909165
 30
0.0
 10
139.995003340026
 20
-121.3306244602422
 30
0.0
 10
139.9276273754557
 20
-121.3306244602422
 30
0.0
 10
139.8613549298686
 20
-121.3306244602422
 30
0.0
 10
139.808416671995
 20
-121.3587028876958
 30
0.0
 10
139.7688739084369
 20
-121.4148290892995
 30
0.0
 10
139.7191542475972
 20
-121.486465863275
 30
0.0
 10
139.6942944171737
 20
-121.6187655280095
 30
0.0
 10
139.6942944171737
 20
-121.8117587368013
 30
0.0
  0
HATCH
  5
96
330
1F
100
AcDbEntity
  8
Capa 1
 62
   255
100
AcDbHatch
 10
0.0
 20
0.0
 30
0.0
210
0.0
220
0.0
230
1.0
  2
SOLID
 70
     1
 71
     0
 91
        2
 92
        1
 93
        1
 72
     4
 94
        3
 73
     0
 74
     1
 95
       41
 96
       37
 40
0.0
 40
0.0
 40
0.0
 40
0.0
 40
1.0
 40
1.0
 40
1.0
 40
2.0
 40
2.0
 40
2.0
 40
3.0
 40
3.0
 40
3.0
 40
4.0
 40
4.0
 40
4.0
 40
5.0
 40
5.0
 40
5.0
 40
6.0
 40
6.0
 40
6.0
 40
7.0
 40
7.0
 40
7.0
 40
8.0
 40
8.0
 40
8.0
 40
9.0
 40
9.0
 40
9.0
 40
10.0
 40
10.0
 40
10.0
 40
11.0
 40
11.0
 40
11.0
 40
12.0
 40
12.0
 40
12.0
 40
12.0
 10
139.545963073887
 20
-121.8117587368013
 10
139.545963073887
 20
-121.6727766515651
 10
139.5602475140538
 20
-121.5608920880144
 10
139.5888470476962
 20
-121.4761663527715
 10
139.6174465813372
 20
-121.3914406175254
 10
139.6599320621785
 20
-121.3260877710908
 10
139.7163341435293
 20
-121.280107813465
 10
139.7727362248801
 20
-121.2341585091517
 10
139.8436986261423
 20
-121.2111378770337
 10
139.9292520006254
 20
-121.2111378770337
 10
139.9923058491783
 20
-121.2111378770337
 10
140.0476350648504
 20
-121.223858998643
 10
140.0952396476419
 20
-121.2492399352509
 10
140.1428135771284
 20
-121.2746515251647
 10
140.1820804609403
 20
-121.3112515714333
 10
140.2131016056794
 20
-121.3591013806624
 10
140.2440920971196
 20
-121.4069511898953
 10
140.2684308213515
 20
-121.465223122852
 10
140.2860871250782
 20
-121.5339171795452
 10
140.303712775504
 20
-121.6026112362307
 10
140.3125409273666
 20
-121.6952148708829
 10
140.3125409273666
 20
-121.8117587368013
 10
140.3125409273666
 20
-121.9496679563643
 10
140.298379100418
 20
-122.0610007604247
 10
140.2700247932177
 20
-122.145726495665
 10
140.2417011393221
 20
-122.2304522309129
 10
140.1993382717004
 20
-122.2959583438706
 10
140.1429361903499
 20
-122.3421835279348
 10
140.0865341089998
 20
-122.3884393653025
 10
140.0152958279912
 20
-122.411551957336
 10
139.9292520006254
 20
-122.411551957336
 10
139.8158960784332
 20
-122.411551957336
 10
139.7269095337822
 20
-122.3709363281002
 10
139.6622310600596
 20
-122.2896744163271
 10
139.5847088515079
 20
-122.1918290665103
 10
139.545963073887
 20
-122.032554493306
 10
139.545963073887
 20
-121.8117587368013
 97
        0
 92
        1
 93
        1
 72
     4
 94
        3
 73
     0
 74
     1
 95
       29
 96
       25
 40
0.0
 40
0.0
 40
0.0
 40
0.0
 40
1.0
 40
1.0
 40
1.0
 40
2.0
 40
2.0
 40
2.0
 40
3.0
 40
3.0
 40
3.0
 40
4.0
 40
4.0
 40
4.0
 40
5.0
 40
5.0
 40
5.0
 40
6.0
 40
6.0
 40
6.0
 40
7.0
 40
7.0
 40
7.0
 40
8.0
 40
8.0
 40
8.0
 40
8.0
 10
139.6942944171737
 20
-121.8117587368013
 10
139.6942944171737
 20
-122.0047519455969
 10
139.7168859030206
 20
-122.1331892938892
 10
139.7620382214058
 20
-122.197040128376
 10
139.8072211930951
 20
-122.2609522694684
 10
139.8629489017335
 20
-122.2928623600582
 10
139.9292520006254
 20
-122.2928623600582
 10
139.9955244462125
 20
-122.2928623600582
 10
140.0512521548521
 20
-122.2607990029435
 10
140.0964351265402
 20
-122.1966416354081
 10
140.1415874449267
 20
-122.1325149211774
 10
140.1641789307681
 20
-122.0042001861066
 10
140.1641789307681
 20
-121.8117587368013
 10
140.1641789307681
 20
-121.6182444218253
 10
140.1415874449267
 20
-121.4896844603128
 10
140.0964351265402
 20
-121.4260481989616
 10
140.0512521548521
 20
-121.3624425909165
 10
139.995003340026
 20
-121.3306244602422
 10
139.9276273754557
 20
-121.3306244602422
 10
139.8613549298686
 20
-121.3306244602422
 10
139.808416671995
 20
-121.3587028876958
 10
139.7688739084369
 20
-121.4148290892995
 10
139.7191542475972
 20
-121.486465863275
 10
139.6942944171737
 20
-121.6187655280095
 10
139.6942944171737
 20
-121.8117587368013
 97
        0
 75
     2
 76
     1
 98
        0
  0
SPLINE
  5
97
330
1F
100
AcDbEntity
  8
Capa 1
370
     0
100
AcDbSpline
210
0.0
220
0.0
230
1.0
 70
    11
 71
     3
 72
    41
 73
    37
 74
     0
 42
0.0000000001
 43
0.0000000001
 12
1.0
 22
0.0
 32
0.0
 13
1.0
 23
0.0
 33
0.0
 40
0.0
 40
0.0
 40
0.0
 40
0.0
 40
1.0
 40
1.0
 40
1.0
 40
2.0
 40
2.0
 40
2.0
 40
3.0
 40
3.0
 40
3.0
 40
4.0
 40
4.0
 40
4.0
 40
5.0
 40
5.0
 40
5.0
 40
6.0
 40
6.0
 40
6.0
 40
7.0
 40
7.0
 40
7.0
 40
8.0
 40
8.0
 40
8.0
 40
9.0
 40
9.0
 40
9.0
 40
10.0
 40
10.0
 40
10.0
 40
11.0
 40
11.0
 40
11.0
 40
12.0
 40
12.0
 40
12.0
 40
12.0
 10
140.459278298792
 20
-121.8117587368013
 30
0.0
 10
140.459278298792
 20
-121.6727766515651
 30
0.0
 10
140.4735627389598
 20
-121.5608920880144
 30
0.0
 10
140.5021622726005
 20
-121.4761663527715
 30
0.0
 10
140.5307618062429
 20
-121.3914406175254
 30
0.0
 10
140.5732472870848
 20
-121.3260877710908
 30
0.0
 10
140.6296493684356
 20
-121.280107813465
 30
0.0
 10
140.6860514497848
 20
-121.2341585091517
 30
0.0
 10
140.7570138510479
 20
-121.2111378770337
 30
0.0
 10
140.842567225531
 20
-121.2111378770337
 30
0.0
 10
140.9056210740839
 20
-121.2111378770337
 30
0.0
 10
140.9609502897563
 20
-121.223858998643
 30
0.0
 10
141.0085548725476
 20
-121.2492399352509
 30
0.0
 10
141.0561288020341
 20
-121.2746515251647
 30
0.0
 10
141.095395685846
 20
-121.3112515714333
 30
0.0
 10
141.1264168305854
 20
-121.3591013806624
 30
0.0
 10
141.1574073220253
 20
-121.4069511898953
 30
0.0
 10
141.1817460462575
 20
-121.465223122852
 30
0.0
 10
141.1994023499864
 20
-121.5339171795452
 30
0.0
 10
141.2170280004061
 20
-121.6026112362307
 30
0.0
 10
141.2258561522726
 20
-121.6952148708829
 30
0.0
 10
141.2258561522726
 20
-121.8117587368013
 30
0.0
 10
141.2258561522726
 20
-121.9496679563643
 30
0.0
 10
141.2116943253221
 20
-122.0610007604247
 30
0.0
 10
141.1833400181224
 20
-122.145726495665
 30
0.0
 10
141.1550163642268
 20
-122.2304522309129
 30
0.0
 10
141.1126534966066
 20
-122.2959583438706
 30
0.0
 10
141.0562514152559
 20
-122.3421835279348
 30
0.0
 10
140.9998493339051
 20
-122.3884393653025
 30
0.0
 10
140.9286110528971
 20
-122.411551957336
 30
0.0
 10
140.842567225531
 20
-122.411551957336
 30
0.0
 10
140.7292113033388
 20
-122.411551957336
 30
0.0
 10
140.6402247586888
 20
-122.3709363281002
 30
0.0
 10
140.5755462849662
 20
-122.2896744163271
 30
0.0
 10
140.4980240764135
 20
-122.1918290665103
 30
0.0
 10
140.459278298792
 20
-122.032554493306
 30
0.0
 10
140.459278298792
 20
-121.8117587368013
 30
0.0
  0
SPLINE
  5
98
330
1F
100
AcDbEntity
  8
Capa 1
370
     0
100
AcDbSpline
210
0.0
220
0.0
230
1.0
 70
    11
 71
     3
 72
    29
 73
    25
 74
     0
 42
0.0000000001
 43
0.0000000001
 12
1.0
 22
0.0
 32
0.0
 13
1.0
 23
0.0
 33
0.0
 40
0.0
 40
0.0
 40
0.0
 40
0.0
 40
1.0
 40
1.0
 40
1.0
 40
2.0
 40
2.0
 40
2.0
 40
3.0
 40
3.0
 40
3.0
 40
4.0
 40
4.0
 40
4.0
 40
5.0
 40
5.0
 40
5.0
 40
6.0
 40
6.0
 40
6.0
 40
7.0
 40
7.0
 40
7.0
 40
8.0
 40
8.0
 40
8.0
 40
8.0
 10
140.6076096420793
 20
-121.8117587368013
 30
0.0
 10
140.6076096420793
 20
-122.0047519455969
 30
0.0
 10
140.6302011279253
 20
-122.1331892938892
 30
0.0
 10
140.6753534463111
 20
-122.197040128376
 30
0.0
 10
140.7205364180011
 20
-122.2609522694684
 30
0.0
 10
140.7762641266395
 20
-122.2928623600582
 30
0.0
 10
140.842567225531
 20
-122.2928623600582
 30
0.0
 10
140.9088396711181
 20
-122.2928623600582
 30
0.0
 10
140.9645673797565
 20
-122.2607990029435
 30
0.0
 10
141.0097503514461
 20
-122.1966416354081
 30
0.0
 10
141.0549026698314
 20
-122.1325149211774
 30
0.0
 10
141.0774941556757
 20
-122.0042001861066
 30
0.0
 10
141.0774941556757
 20
-121.8117587368013
 30
0.0
 10
141.0774941556757
 20
-121.6182444218253
 30
0.0
 10
141.0549026698314
 20
-121.4896844603128
 30
0.0
 10
141.0097503514461
 20
-121.4260481989616
 30
0.0
 10
140.9645673797565
 20
-121.3624425909165
 30
0.0
 10
140.9083185649316
 20
-121.3306244602422
 30
0.0
 10
140.8409426003617
 20
-121.3306244602422
 30
0.0
 10
140.774670154773
 20
-121.3306244602422
 30
0.0
 10
140.7217318969
 20
-121.3587028876958
 30
0.0
 10
140.6821891333471
 20
-121.4148290892995
 30
0.0
 10
140.6324694725032
 20
-121.486465863275
 30
0.0
 10
140.6076096420793
 20
-121.6187655280095
 30
0.0
 10
140.6076096420793
 20
-121.8117587368013
 30
0.0
  0
HATCH
  5
99
330
1F
100
AcDbEntity
  8
Capa 1
 62
   255
100
AcDbHatch
 10
0.0
 20
0.0
 30
0.0
210
0.0
220
0.0
230
1.0
  2
SOLID
 70
     1
 71
     0
 91
        2
 92
        1
 93
        1
 72
     4
 94
        3
 73
     0
 74
     1
 95
       41
 96
       37
 40
0.0
 40
0.0
 40
0.0
 40
0.0
 40
1.0
 40
1.0
 40
1.0
 40
2.0
 40
2.0
 40
2.0
 40
3.0
 40
3.0
 40
3.0
 40
4.0
 40
4.0
 40
4.0
 40
5.0
 40
5.0
 40
5.0
 40
6.0
 40
6.0
 40
6.0
 40
7.0
 40
7.0
 40
7.0
 40
8.0
 40
8.0
 40
8.0
 40
9.0
 40
9.0
 40
9.0
 40
10.0
 40
10.0
 40
10.0
 40
11.0
 40
11.0
 40
11.0
 40
12.0
 40
12.0
 40
12.0
 40
12.0
 10
140.459278298792
 20
-121.8117587368013
 10
140.459278298792
 20
-121.6727766515651
 10
140.4735627389598
 20
-121.5608920880144
 10
140.5021622726005
 20
-121.4761663527715
 10
140.5307618062429
 20
-121.3914406175254
 10
140.5732472870848
 20
-121.3260877710908
 10
140.6296493684356
 20
-121.280107813465
 10
140.6860514497848
 20
-121.2341585091517
 10
140.7570138510479
 20
-121.2111378770337
 10
140.842567225531
 20
-121.2111378770337
 10
140.9056210740839
 20
-121.2111378770337
 10
140.9609502897563
 20
-121.223858998643
 10
141.0085548725476
 20
-121.2492399352509
 10
141.0561288020341
 20
-121.2746515251647
 10
141.095395685846
 20
-121.3112515714333
 10
141.1264168305854
 20
-121.3591013806624
 10
141.1574073220253
 20
-121.4069511898953
 10
141.1817460462575
 20
-121.465223122852
 10
141.1994023499864
 20
-121.5339171795452
 10
141.2170280004061
 20
-121.6026112362307
 10
141.2258561522726
 20
-121.6952148708829
 10
141.2258561522726
 20
-121.8117587368013
 10
141.2258561522726
 20
-121.9496679563643
 10
141.2116943253221
 20
-122.0610007604247
 10
141.1833400181224
 20
-122.145726495665
 10
141.1550163642268
 20
-122.2304522309129
 10
141.1126534966066
 20
-122.2959583438706
 10
141.0562514152559
 20
-122.3421835279348
 10
140.9998493339051
 20
-122.3884393653025
 10
140.9286110528971
 20
-122.411551957336
 10
140.842567225531
 20
-122.411551957336
 10
140.7292113033388
 20
-122.411551957336
 10
140.6402247586888
 20
-122.3709363281002
 10
140.5755462849662
 20
-122.2896744163271
 10
140.4980240764135
 20
-122.1918290665103
 10
140.459278298792
 20
-122.032554493306
 10
140.459278298792
 20
-121.8117587368013
 97
        0
 92
        1
 93
        1
 72
     4
 94
        3
 73
     0
 74
     1
 95
       29
 96
       25
 40
0.0
 40
0.0
 40
0.0
 40
0.0
 40
1.0
 40
1.0
 40
1.0
 40
2.0
 40
2.0
 40
2.0
 40
3.0
 40
3.0
 40
3.0
 40
4.0
 40
4.0
 40
4.0
 40
5.0
 40
5.0
 40
5.0
 40
6.0
 40
6.0
 40
6.0
 40
7.0
 40
7.0
 40
7.0
 40
8.0
 40
8.0
 40
8.0
 40
8.0
 10
140.6076096420793
 20
-121.8117587368013
 10
140.6076096420793
 20
-122.0047519455969
 10
140.6302011279253
 20
-122.1331892938892
 10
140.6753534463111
 20
-122.197040128376
 10
140.7205364180011
 20
-122.2609522694684
 10
140.7762641266395
 20
-122.2928623600582
 10
140.842567225531
 20
-122.2928623600582
 10
140.9088396711181
 20
-122.2928623600582
 10
140.9645673797565
 20
-122.2607990029435
 10
141.0097503514461
 20
-122.1966416354081
 10
141.0549026698314
 20
-122.1325149211774
 10
141.0774941556757
 20
-122.0042001861066
 10
141.0774941556757
 20
-121.8117587368013
 10
141.0774941556757
 20
-121.6182444218253
 10
141.0549026698314
 20
-121.4896844603128
 10
141.0097503514461
 20
-121.4260481989616
 10
140.9645673797565
 20
-121.3624425909165
 10
140.9083185649316
 20
-121.3306244602422
 10
140.8409426003617
 20
-121.3306244602422
 10
140.774670154773
 20
-121.3306244602422
 10
140.7217318969
 20
-121.3587028876958
 10
140.6821891333471
 20
-121.4148290892995
 10
140.6324694725032
 20
-121.486465863275
 10
140.6076096420793
 20
-121.6187655280095
 10
140.6076096420793
 20
-121.8117587368013
 97
        0
 75
     2
 76
     1
 98
        0
  0
SPLINE
  5
9A
330
1F
100
AcDbEntity
  8
Capa 1
370
     0
100
AcDbSpline
210
0.0
220
0.0
230
1.0
 70
    11
 71
     3
 72
    41
 73
    37
 74
     0
 42
0.0000000001
 43
0.0000000001
 12
1.0
 22
0.0
 32
0.0
 13
1.0
 23
0.0
 33
0.0
 40
0.0
 40
0.0
 40
0.0
 40
0.0
 40
1.0
 40
1.0
 40
1.0
 40
2.0
 40
2.0
 40
2.0
 40
3.0
 40
3.0
 40
3.0
 40
4.0
 40
4.0
 40
4.0
 40
5.0
 40
5.0
 40
5.0
 40
6.0
 40
6.0
 40
6.0
 40
7.0
 40
7.0
 40
7.0
 40
8.0
 40
8.0
 40
8.0
 40
9.0
 40
9.0
 40
9.0
 40
10.0
 40
10.0
 40
10.0
 40
11.0
 40
11.0
 40
11.0
 40
12.0
 40
12.0
 40
12.0
 40
12.0
 10
136.9355418842
 20
-124.009838929334
 30
0.0
 10
136.9355418842
 20
-123.8708568440933
 30
0.0
 10
136.9498263243666
 20
-123.7589722805491
 30
0.0
 10
136.978425858008
 20
-123.6742465452998
 30
0.0
 10
137.0070253916494
 20
-123.5895208100531
 30
0.0
 10
137.0495108724916
 20
-123.5241679636204
 30
0.0
 10
137.1059129538415
 20
-123.4781880060016
 30
0.0
 10
137.1623150351922
 20
-123.4322387016825
 30
0.0
 10
137.2332774364544
 20
-123.4092180695633
 30
0.0
 10
137.3188308109378
 20
-123.4092180695633
 30
0.0
 10
137.3818846594907
 20
-123.4092180695633
 30
0.0
 10
137.4372138751644
 20
-123.4219391911758
 30
0.0
 10
137.484818457954
 20
-123.4473201277817
 30
0.0
 10
137.5323923874421
 20
-123.472731717693
 30
0.0
 10
137.5716592712499
 20
-123.5093317639616
 30
0.0
 10
137.6026804159919
 20
-123.5571815731945
 30
0.0
 10
137.633670907433
 20
-123.6050313824268
 30
0.0
 10
137.6580096316643
 20
-123.6633033153867
 30
0.0
 10
137.6756659353942
 20
-123.7319973720747
 30
0.0
 10
137.6932915858125
 20
-123.8006914287628
 30
0.0
 10
137.7021197376794
 20
-123.893295063415
 30
0.0
 10
137.7021197376794
 20
-124.009838929334
 30
0.0
 10
137.7021197376794
 20
-124.1477481488951
 30
0.0
 10
137.6879579107286
 20
-124.2590809529516
 30
0.0
 10
137.6596036035301
 20
-124.3438066881984
 30
0.0
 10
137.6312799496333
 20
-124.4285324234399
 30
0.0
 10
137.5889170820134
 20
-124.4940385364001
 30
0.0
 10
137.5325150006627
 20
-124.540263720467
 30
0.0
 10
137.4761129193119
 20
-124.5865195578334
 30
0.0
 10
137.4048746383001
 20
-124.6096321498642
 30
0.0
 10
137.3188308109378
 20
-124.6096321498642
 30
0.0
 10
137.2054748887466
 20
-124.6096321498642
 30
0.0
 10
137.1164883440952
 20
-124.5690165206336
 30
0.0
 10
137.0518098703727
 20
-124.4877546088586
 30
0.0
 10
136.9742876618203
 20
-124.3899092590411
 30
0.0
 10
136.9355418842
 20
-124.2306346858375
 30
0.0
 10
136.9355418842
 20
-124.009838929334
 30
0.0
  0
SPLINE
  5
9B
330
1F
100
AcDbEntity
  8
Capa 1
370
     0
100
AcDbSpline
210
0.0
220
0.0
230
1.0
 70
    11
 71
     3
 72
    29
 73
    25
 74
     0
 42
0.0000000001
 43
0.0000000001
 12
1.0
 22
0.0
 32
0.0
 13
1.0
 23
0.0
 33
0.0
 40
0.0
 40
0.0
 40
0.0
 40
0.0
 40
1.0
 40
1.0
 40
1.0
 40
2.0
 40
2.0
 40
2.0
 40
3.0
 40
3.0
 40
3.0
 40
4.0
 40
4.0
 40
4.0
 40
5.0
 40
5.0
 40
5.0
 40
6.0
 40
6.0
 40
6.0
 40
7.0
 40
7.0
 40
7.0
 40
8.0
 40
8.0
 40
8.0
 40
8.0
 10
137.0838732274861
 20
-124.009838929334
 30
0.0
 10
137.0838732274861
 20
-124.2028321381264
 30
0.0
 10
137.1064647133327
 20
-124.3312694864213
 30
0.0
 10
137.1516170317192
 20
-124.395120320903
 30
0.0
 10
137.1968000034076
 20
-124.4590324619993
 30
0.0
 10
137.2525277120459
 20
-124.4909425525897
 30
0.0
 10
137.3188308109378
 20
-124.4909425525897
 30
0.0
 10
137.3851032565252
 20
-124.4909425525897
 30
0.0
 10
137.4408309651604
 20
-124.4588791954731
 30
0.0
 10
137.4860139368526
 20
-124.3947218279364
 30
0.0
 10
137.5311662552391
 20
-124.3305951137044
 30
0.0
 10
137.5537577410822
 20
-124.2022803786349
 30
0.0
 10
137.5537577410822
 20
-124.009838929334
 30
0.0
 10
137.5537577410822
 20
-123.8163246143535
 30
0.0
 10
137.5311662552391
 20
-123.6877646528423
 30
0.0
 10
137.4860139368526
 20
-123.624128391495
 30
0.0
 10
137.4408309651604
 20
-123.560522783446
 30
0.0
 10
137.3845821503384
 20
-123.5287046527743
 30
0.0
 10
137.3172061857685
 20
-123.5287046527743
 30
0.0
 10
137.250933740181
 20
-123.5287046527743
 30
0.0
 10
137.1979954823061
 20
-123.5567830802279
 30
0.0
 10
137.1584527187539
 20
-123.6129092818342
 30
0.0
 10
137.1087330579093
 20
-123.6845460558072
 30
0.0
 10
137.0838732274861
 20
-123.8168457205365
 30
0.0
 10
137.0838732274861
 20
-124.009838929334
 30
0.0
  0
HATCH
  5
9C
330
1F
100
AcDbEntity
  8
Capa 1
 62
   255
100
AcDbHatch
 10
0.0
 20
0.0
 30
0.0
210
0.0
220
0.0
230
1.0
  2
SOLID
 70
     1
 71
     0
 91
        2
 92
        1
 93
        1
 72
     4
 94
        3
 73
     0
 74
     1
 95
       41
 96
       37
 40
0.0
 40
0.0
 40
0.0
 40
0.0
 40
1.0
 40
1.0
 40
1.0
 40
2.0
 40
2.0
 40
2.0
 40
3.0
 40
3.0
 40
3.0
 40
4.0
 40
4.0
 40
4.0
 40
5.0
 40
5.0
 40
5.0
 40
6.0
 40
6.0
 40
6.0
 40
7.0
 40
7.0
 40
7.0
 40
8.0
 40
8.0
 40
8.0
 40
9.0
 40
9.0
 40
9.0
 40
10.0
 40
10.0
 40
10.0
 40
11.0
 40
11.0
 40
11.0
 40
12.0
 40
12.0
 40
12.0
 40
12.0
 10
136.9355418842
 20
-124.009838929334
 10
136.9355418842
 20
-123.8708568440933
 10
136.9498263243666
 20
-123.7589722805491
 10
136.978425858008
 20
-123.6742465452998
 10
137.0070253916494
 20
-123.5895208100531
 10
137.0495108724916
 20
-123.5241679636204
 10
137.1059129538415
 20
-123.4781880060016
 10
137.1623150351922
 20
-123.4322387016825
 10
137.2332774364544
 20
-123.4092180695633
 10
137.3188308109378
 20
-123.4092180695633
 10
137.3818846594907
 20
-123.4092180695633
 10
137.4372138751644
 20
-123.4219391911758
 10
137.484818457954
 20
-123.4473201277817
 10
137.5323923874421
 20
-123.472731717693
 10
137.5716592712499
 20
-123.5093317639616
 10
137.6026804159919
 20
-123.5571815731945
 10
137.633670907433
 20
-123.6050313824268
 10
137.6580096316643
 20
-123.6633033153867
 10
137.6756659353942
 20
-123.7319973720747
 10
137.6932915858125
 20
-123.8006914287628
 10
137.7021197376794
 20
-123.893295063415
 10
137.7021197376794
 20
-124.009838929334
 10
137.7021197376794
 20
-124.1477481488951
 10
137.6879579107286
 20
-124.2590809529516
 10
137.6596036035301
 20
-124.3438066881984
 10
137.6312799496333
 20
-124.4285324234399
 10
137.5889170820134
 20
-124.4940385364001
 10
137.5325150006627
 20
-124.540263720467
 10
137.4761129193119
 20
-124.5865195578334
 10
137.4048746383001
 20
-124.6096321498642
 10
137.3188308109378
 20
-124.6096321498642
 10
137.2054748887466
 20
-124.6096321498642
 10
137.1164883440952
 20
-124.5690165206336
 10
137.0518098703727
 20
-124.4877546088586
 10
136.9742876618203
 20
-124.3899092590411
 10
136.9355418842
 20
-124.2306346858375
 10
136.9355418842
 20
-124.009838929334
 97
        0
 92
        1
 93
        1
 72
     4
 94
        3
 73
     0
 74
     1
 95
       29
 96
       25
 40
0.0
 40
0.0
 40
0.0
 40
0.0
 40
1.0
 40
1.0
 40
1.0
 40
2.0
 40
2.0
 40
2.0
 40
3.0
 40
3.0
 40
3.0
 40
4.0
 40
4.0
 40
4.0
 40
5.0
 40
5.0
 40
5.0
 40
6.0
 40
6.0
 40
6.0
 40
7.0
 40
7.0
 40
7.0
 40
8.0
 40
8.0
 40
8.0
 40
8.0
 10
137.0838732274861
 20
-124.009838929334
 10
137.0838732274861
 20
-124.2028321381264
 10
137.1064647133327
 20
-124.3312694864213
 10
137.1516170317192
 20
-124.395120320903
 10
137.1968000034076
 20
-124.4590324619993
 10
137.2525277120459
 20
-124.4909425525897
 10
137.3188308109378
 20
-124.4909425525897
 10
137.3851032565252
 20
-124.4909425525897
 10
137.4408309651604
 20
-124.4588791954731
 10
137.4860139368526
 20
-124.3947218279364
 10
137.5311662552391
 20
-124.3305951137044
 10
137.5537577410822
 20
-124.2022803786349
 10
137.5537577410822
 20
-124.009838929334
 10
137.5537577410822
 20
-123.8163246143535
 10
137.5311662552391
 20
-123.6877646528423
 10
137.4860139368526
 20
-123.624128391495
 10
137.4408309651604
 20
-123.560522783446
 10
137.3845821503384
 20
-123.5287046527743
 10
137.3172061857685
 20
-123.5287046527743
 10
137.250933740181
 20
-123.5287046527743
 10
137.1979954823061
 20
-123.5567830802279
 10
137.1584527187539
 20
-123.6129092818342
 10
137.1087330579093
 20
-123.6845460558072
 10
137.0838732274861
 20
-123.8168457205365
 10
137.0838732274861
 20
-124.009838929334
 97
        0
 75
     2
 76
     1
 98
        0
  0
SPLINE
  5
9D
330
1F
100
AcDbEntity
  8
Capa 1
370
     0
100
AcDbSpline
210
0.0
220
0.0
230
1.0
 70
    11
 71
     3
 72
    41
 73
    37
 74
     0
 42
0.0000000001
 43
0.0000000001
 12
1.0
 22
0.0
 32
0.0
 13
1.0
 23
0.0
 33
0.0
 40
0.0
 40
0.0
 40
0.0
 40
0.0
 40
1.0
 40
1.0
 40
1.0
 40
2.0
 40
2.0
 40
2.0
 40
3.0
 40
3.0
 40
3.0
 40
4.0
 40
4.0
 40
4.0
 40
5.0
 40
5.0
 40
5.0
 40
6.0
 40
6.0
 40
6.0
 40
7.0
 40
7.0
 40
7.0
 40
8.0
 40
8.0
 40
8.0
 40
9.0
 40
9.0
 40
9.0
 40
10.0
 40
10.0
 40
10.0
 40
11.0
 40
11.0
 40
11.0
 40
12.0
 40
12.0
 40
12.0
 40
12.0
 10
137.8488571091044
 20
-124.009838929334
 30
0.0
 10
137.8488571091044
 20
-123.8708568440933
 30
0.0
 10
137.8631415492723
 20
-123.7589722805491
 30
0.0
 10
137.8917410829136
 20
-123.6742465452998
 30
0.0
 10
137.9203406165553
 20
-123.5895208100531
 30
0.0
 10
137.9628260973973
 20
-123.5241679636204
 30
0.0
 10
138.0192281787477
 20
-123.4781880060016
 30
0.0
 10
138.0756302600985
 20
-123.4322387016825
 30
0.0
 10
138.1465926613604
 20
-123.4092180695633
 30
0.0
 10
138.2321460358438
 20
-123.4092180695633
 30
0.0
 10
138.2951998843967
 20
-123.4092180695633
 30
0.0
 10
138.3505291000688
 20
-123.4219391911758
 30
0.0
 10
138.3981336828597
 20
-123.4473201277817
 30
0.0
 10
138.4457076123468
 20
-123.472731717693
 30
0.0
 10
138.4849744961546
 20
-123.5093317639616
 30
0.0
 10
138.5159956408976
 20
-123.5571815731945
 30
0.0
 10
138.5469861323377
 20
-123.6050313824268
 30
0.0
 10
138.57132485657
 20
-123.6633033153867
 30
0.0
 10
138.588981160295
 20
-123.7319973720747
 30
0.0
 10
138.6066068107185
 20
-123.8006914287628
 30
0.0
 10
138.6154349625847
 20
-123.893295063415
 30
0.0
 10
138.6154349625847
 20
-124.009838929334
 30
0.0
 10
138.6154349625847
 20
-124.1477481488951
 30
0.0
 10
138.6012731356345
 20
-124.2590809529516
 30
0.0
 10
138.5729188284345
 20
-124.3438066881984
 30
0.0
 10
138.5445951745396
 20
-124.4285324234399
 30
0.0
 10
138.5022323069181
 20
-124.4940385364001
 30
0.0
 10
138.445830225568
 20
-124.540263720467
 30
0.0
 10
138.3894281442175
 20
-124.5865195578334
 30
0.0
 10
138.3181898632054
 20
-124.6096321498642
 30
0.0
 10
138.2321460358438
 20
-124.6096321498642
 30
0.0
 10
138.1187901136513
 20
-124.6096321498642
 30
0.0
 10
138.0298035689996
 20
-124.5690165206336
 30
0.0
 10
137.965125095278
 20
-124.4877546088586
 30
0.0
 10
137.8876028867247
 20
-124.3899092590411
 30
0.0
 10
137.8488571091044
 20
-124.2306346858375
 30
0.0
 10
137.8488571091044
 20
-124.009838929334
 30
0.0
  0
SPLINE
  5
9E
330
1F
100
AcDbEntity
  8
Capa 1
370
     0
100
AcDbSpline
210
0.0
220
0.0
230
1.0
 70
    11
 71
     3
 72
    29
 73
    25
 74
     0
 42
0.0000000001
 43
0.0000000001
 12
1.0
 22
0.0
 32
0.0
 13
1.0
 23
0.0
 33
0.0
 40
0.0
 40
0.0
 40
0.0
 40
0.0
 40
1.0
 40
1.0
 40
1.0
 40
2.0
 40
2.0
 40
2.0
 40
3.0
 40
3.0
 40
3.0
 40
4.0
 40
4.0
 40
4.0
 40
5.0
 40
5.0
 40
5.0
 40
6.0
 40
6.0
 40
6.0
 40
7.0
 40
7.0
 40
7.0
 40
8.0
 40
8.0
 40
8.0
 40
8.0
 10
137.9971884523921
 20
-124.009838929334
 30
0.0
 10
137.9971884523921
 20
-124.2028321381264
 30
0.0
 10
138.0197799382371
 20
-124.3312694864213
 30
0.0
 10
138.0649322566239
 20
-124.395120320903
 30
0.0
 10
138.1101152283132
 20
-124.4590324619993
 30
0.0
 10
138.1658429369516
 20
-124.4909425525897
 30
0.0
 10
138.2321460358438
 20
-124.4909425525897
 30
0.0
 10
138.2984184814306
 20
-124.4909425525897
 30
0.0
 10
138.3541461900696
 20
-124.4588791954731
 30
0.0
 10
138.3993291617583
 20
-124.3947218279364
 30
0.0
 10
138.4444814801435
 20
-124.3305951137044
 30
0.0
 10
138.4670729659866
 20
-124.2022803786349
 30
0.0
 10
138.4670729659866
 20
-124.009838929334
 30
0.0
 10
138.4670729659866
 20
-123.8163246143535
 30
0.0
 10
138.4444814801435
 20
-123.6877646528423
 30
0.0
 10
138.3993291617583
 20
-123.624128391495
 30
0.0
 10
138.3541461900696
 20
-123.560522783446
 30
0.0
 10
138.2978973752431
 20
-123.5287046527743
 30
0.0
 10
138.2305214106742
 20
-123.5287046527743
 30
0.0
 10
138.1642489650857
 20
-123.5287046527743
 30
0.0
 10
138.1113107072121
 20
-123.5567830802279
 30
0.0
 10
138.0717679436592
 20
-123.6129092818342
 30
0.0
 10
138.0220482828105
 20
-123.6845460558072
 30
0.0
 10
137.9971884523921
 20
-123.8168457205365
 30
0.0
 10
137.9971884523921
 20
-124.009838929334
 30
0.0
  0
HATCH
  5
9F
330
1F
100
AcDbEntity
  8
Capa 1
 62
   255
100
AcDbHatch
 10
0.0
 20
0.0
 30
0.0
210
0.0
220
0.0
230
1.0
  2
SOLID
 70
     1
 71
     0
 91
        2
 92
        1
 93
        1
 72
     4
 94
        3
 73
     0
 74
     1
 95
       41
 96
       37
 40
0.0
 40
0.0
 40
0.0
 40
0.0
 40
1.0
 40
1.0
 40
1.0
 40
2.0
 40
2.0
 40
2.0
 40
3.0
 40
3.0
 40
3.0
 40
4.0
 40
4.0
 40
4.0
 40
5.0
 40
5.0
 40
5.0
 40
6.0
 40
6.0
 40
6.0
 40
7.0
 40
7.0
 40
7.0
 40
8.0
 40
8.0
 40
8.0
 40
9.0
 40
9.0
 40
9.0
 40
10.0
 40
10.0
 40
10.0
 40
11.0
 40
11.0
 40
11.0
 40
12.0
 40
12.0
 40
12.0
 40
12.0
 10
137.8488571091044
 20
-124.009838929334
 10
137.8488571091044
 20
-123.8708568440933
 10
137.8631415492723
 20
-123.7589722805491
 10
137.8917410829136
 20
-123.6742465452998
 10
137.9203406165553
 20
-123.5895208100531
 10
137.9628260973973
 20
-123.5241679636204
 10
138.0192281787477
 20
-123.4781880060016
 10
138.0756302600985
 20
-123.4322387016825
 10
138.1465926613604
 20
-123.4092180695633
 10
138.2321460358438
 20
-123.4092180695633
 10
138.2951998843967
 20
-123.4092180695633
 10
138.3505291000688
 20
-123.4219391911758
 10
138.3981336828597
 20
-123.4473201277817
 10
138.4457076123468
 20
-123.472731717693
 10
138.4849744961546
 20
-123.5093317639616
 10
138.5159956408976
 20
-123.5571815731945
 10
138.5469861323377
 20
-123.6050313824268
 10
138.57132485657
 20
-123.6633033153867
 10
138.588981160295
 20
-123.7319973720747
 10
138.6066068107185
 20
-123.8006914287628
 10
138.6154349625847
 20
-123.893295063415
 10
138.6154349625847
 20
-124.009838929334
 10
138.6154349625847
 20
-124.1477481488951
 10
138.6012731356345
 20
-124.2590809529516
 10
138.5729188284345
 20
-124.3438066881984
 10
138.5445951745396
 20
-124.4285324234399
 10
138.5022323069181
 20
-124.4940385364001
 10
138.445830225568
 20
-124.540263720467
 10
138.3894281442175
 20
-124.5865195578334
 10
138.3181898632054
 20
-124.6096321498642
 10
138.2321460358438
 20
-124.6096321498642
 10
138.1187901136513
 20
-124.6096321498642
 10
138.0298035689996
 20
-124.5690165206336
 10
137.965125095278
 20
-124.4877546088586
 10
137.8876028867247
 20
-124.3899092590411
 10
137.8488571091044
 20
-124.2306346858375
 10
137.8488571091044
 20
-124.009838929334
 97
        0
 92
        1
 93
        1
 72
     4
 94
        3
 73
     0
 74
     1
 95
       29
 96
       25
 40
0.0
 40
0.0
 40
0.0
 40
0.0
 40
1.0
 40
1.0
 40
1.0
 40
2.0
 40
2.0
 40
2.0
 40
3.0
 40
3.0
 40
3.0
 40
4.0
 40
4.0
 40
4.0
 40
5.0
 40
5.0
 40
5.0
 40
6.0
 40
6.0
 40
6.0
 40
7.0
 40
7.0
 40
7.0
 40
8.0
 40
8.0
 40
8.0
 40
8.0
 10
137.9971884523921
 20
-124.009838929334
 10
137.9971884523921
 20
-124.2028321381264
 10
138.0197799382371
 20
-124.3312694864213
 10
138.0649322566239
 20
-124.395120320903
 10
138.1101152283132
 20
-124.4590324619993
 10
138.1658429369516
 20
-124.4909425525897
 10
138.2321460358438
 20
-124.4909425525897
 10
138.2984184814306
 20
-124.4909425525897
 10
138.3541461900696
 20
-124.4588791954731
 10
138.3993291617583
 20
-124.3947218279364
 10
138.4444814801435
 20
-124.3305951137044
 10
138.4670729659866
 20
-124.2022803786349
 10
138.4670729659866
 20
-124.009838929334
 10
138.4670729659866
 20
-123.8163246143535
 10
138.4444814801435
 20
-123.6877646528423
 10
138.3993291617583
 20
-123.624128391495
 10
138.3541461900696
 20
-123.560522783446
 10
138.2978973752431
 20
-123.5287046527743
 10
138.2305214106742
 20
-123.5287046527743
 10
138.1642489650857
 20
-123.5287046527743
 10
138.1113107072121
 20
-123.5567830802279
 10
138.0717679436592
 20
-123.6129092818342
 10
138.0220482828105
 20
-123.6845460558072
 10
137.9971884523921
 20
-123.8168457205365
 10
137.9971884523921
 20
-124.009838929334
 97
        0
 75
     2
 76
     1
 98
        0
  0
SPLINE
  5
A0
330
1F
100
AcDbEntity
  8
Capa 1
370
     0
100
AcDbSpline
210
0.0
220
0.0
230
1.0
 70
    11
 71
     3
 72
    41
 73
    37
 74
     0
 42
0.0000000001
 43
0.0000000001
 12
1.0
 22
0.0
 32
0.0
 13
1.0
 23
0.0
 33
0.0
 40
0.0
 40
0.0
 40
0.0
 40
0.0
 40
1.0
 40
1.0
 40
1.0
 40
2.0
 40
2.0
 40
2.0
 40
3.0
 40
3.0
 40
3.0
 40
4.0
 40
4.0
 40
4.0
 40
5.0
 40
5.0
 40
5.0
 40
6.0
 40
6.0
 40
6.0
 40
7.0
 40
7.0
 40
7.0
 40
8.0
 40
8.0
 40
8.0
 40
9.0
 40
9.0
 40
9.0
 40
10.0
 40
10.0
 40
10.0
 40
11.0
 40
11.0
 40
11.0
 40
12.0
 40
12.0
 40
12.0
 40
12.0
 10
138.7622029873135
 20
-124.009838929334
 30
0.0
 10
138.7622029873135
 20
-123.8708568440933
 30
0.0
 10
138.776487427481
 20
-123.7589722805491
 30
0.0
 10
138.8050869611214
 20
-123.6742465452998
 30
0.0
 10
138.8336864947628
 20
-123.5895208100531
 30
0.0
 10
138.8761719756051
 20
-123.5241679636204
 30
0.0
 10
138.9325740569556
 20
-123.4781880060016
 30
0.0
 10
138.9889761383064
 20
-123.4322387016825
 30
0.0
 10
139.059938539573
 20
-123.4092180695633
 30
0.0
 10
139.1454919140548
 20
-123.4092180695633
 30
0.0
 10
139.2085457626093
 20
-123.4092180695633
 30
0.0
 10
139.2638749782788
 20
-123.4219391911758
 30
0.0
 10
139.3114795610714
 20
-123.4473201277817
 30
0.0
 10
139.3590534905595
 20
-123.472731717693
 30
0.0
 10
139.3983203743672
 20
-123.5093317639616
 30
0.0
 10
139.4293415191111
 20
-123.5571815731945
 30
0.0
 10
139.4603320105471
 20
-123.6050313824268
 30
0.0
 10
139.4846707347826
 20
-123.6633033153867
 30
0.0
 10
139.5023270385076
 20
-123.7319973720747
 30
0.0
 10
139.5199526889299
 20
-123.8006914287628
 30
0.0
 10
139.5287808407925
 20
-123.893295063415
 30
0.0
 10
139.5287808407925
 20
-124.009838929334
 30
0.0
 10
139.5287808407925
 20
-124.1477481488951
 30
0.0
 10
139.5146190138475
 20
-124.2590809529516
 30
0.0
 10
139.4862647066436
 20
-124.3438066881984
 30
0.0
 10
139.4579410527519
 20
-124.4285324234399
 30
0.0
 10
139.4155781851263
 20
-124.4940385364001
 30
0.0
 10
139.3591761037771
 20
-124.540263720467
 30
0.0
 10
139.3027740224302
 20
-124.5865195578334
 30
0.0
 10
139.2315357414184
 20
-124.6096321498642
 30
0.0
 10
139.1454919140548
 20
-124.6096321498642
 30
0.0
 10
139.0321359918601
 20
-124.6096321498642
 30
0.0
 10
138.9431494472087
 20
-124.5690165206336
 30
0.0
 10
138.87847097349
 20
-124.4877546088586
 30
0.0
 10
138.8009487649377
 20
-124.3899092590411
 30
0.0
 10
138.7622029873135
 20
-124.2306346858375
 30
0.0
 10
138.7622029873135
 20
-124.009838929334
 30
0.0
  0
SPLINE
  5
A1
330
1F
100
AcDbEntity
  8
Capa 1
370
     0
100
AcDbSpline
210
0.0
220
0.0
230
1.0
 70
    11
 71
     3
 72
    29
 73
    25
 74
     0
 42
0.0000000001
 43
0.0000000001
 12
1.0
 22
0.0
 32
0.0
 13
1.0
 23
0.0
 33
0.0
 40
0.0
 40
0.0
 40
0.0
 40
0.0
 40
1.0
 40
1.0
 40
1.0
 40
2.0
 40
2.0
 40
2.0
 40
3.0
 40
3.0
 40
3.0
 40
4.0
 40
4.0
 40
4.0
 40
5.0
 40
5.0
 40
5.0
 40
6.0
 40
6.0
 40
6.0
 40
7.0
 40
7.0
 40
7.0
 40
8.0
 40
8.0
 40
8.0
 40
8.0
 10
138.9105343306047
 20
-124.009838929334
 30
0.0
 10
138.9105343306047
 20
-124.2028321381264
 30
0.0
 10
138.9331258164462
 20
-124.3312694864213
 30
0.0
 10
138.9782781348327
 20
-124.395120320903
 30
0.0
 10
139.0234611065246
 20
-124.4590324619993
 30
0.0
 10
139.0791888151642
 20
-124.4909425525897
 30
0.0
 10
139.1454919140548
 20
-124.4909425525897
 30
0.0
 10
139.2117643596393
 20
-124.4909425525897
 30
0.0
 10
139.2674920682777
 20
-124.4588791954731
 30
0.0
 10
139.3126750399674
 20
-124.3947218279364
 30
0.0
 10
139.3578273583526
 20
-124.3305951137044
 30
0.0
 10
139.3804188441992
 20
-124.2022803786349
 30
0.0
 10
139.3804188441992
 20
-124.009838929334
 30
0.0
 10
139.3804188441992
 20
-123.8163246143535
 30
0.0
 10
139.3578273583526
 20
-123.6877646528423
 30
0.0
 10
139.3126750399674
 20
-123.624128391495
 30
0.0
 10
139.2674920682777
 20
-123.560522783446
 30
0.0
 10
139.2112432534519
 20
-123.5287046527743
 30
0.0
 10
139.1438672888868
 20
-123.5287046527743
 30
0.0
 10
139.0775948432984
 20
-123.5287046527743
 30
0.0
 10
139.0246565854209
 20
-123.5567830802279
 30
0.0
 10
138.9851138218674
 20
-123.6129092818342
 30
0.0
 10
138.9353941610235
 20
-123.6845460558072
 30
0.0
 10
138.9105343306047
 20
-123.8168457205365
 30
0.0
 10
138.9105343306047
 20
-124.009838929334
 30
0.0
  0
HATCH
  5
A2
330
1F
100
AcDbEntity
  8
Capa 1
 62
   255
100
AcDbHatch
 10
0.0
 20
0.0
 30
0.0
210
0.0
220
0.0
230
1.0
  2
SOLID
 70
     1
 71
     0
 91
        2
 92
        1
 93
        1
 72
     4
 94
        3
 73
     0
 74
     1
 95
       41
 96
       37
 40
0.0
 40
0.0
 40
0.0
 40
0.0
 40
1.0
 40
1.0
 40
1.0
 40
2.0
 40
2.0
 40
2.0
 40
3.0
 40
3.0
 40
3.0
 40
4.0
 40
4.0
 40
4.0
 40
5.0
 40
5.0
 40
5.0
 40
6.0
 40
6.0
 40
6.0
 40
7.0
 40
7.0
 40
7.0
 40
8.0
 40
8.0
 40
8.0
 40
9.0
 40
9.0
 40
9.0
 40
10.0
 40
10.0
 40
10.0
 40
11.0
 40
11.0
 40
11.0
 40
12.0
 40
12.0
 40
12.0
 40
12.0
 10
138.7622029873135
 20
-124.009838929334
 10
138.7622029873135
 20
-123.8708568440933
 10
138.776487427481
 20
-123.7589722805491
 10
138.8050869611214
 20
-123.6742465452998
 10
138.8336864947628
 20
-123.5895208100531
 10
138.8761719756051
 20
-123.5241679636204
 10
138.9325740569556
 20
-123.4781880060016
 10
138.9889761383064
 20
-123.4322387016825
 10
139.059938539573
 20
-123.4092180695633
 10
139.1454919140548
 20
-123.4092180695633
 10
139.2085457626093
 20
-123.4092180695633
 10
139.2638749782788
 20
-123.4219391911758
 10
139.3114795610714
 20
-123.4473201277817
 10
139.3590534905595
 20
-123.472731717693
 10
139.3983203743672
 20
-123.5093317639616
 10
139.4293415191111
 20
-123.5571815731945
 10
139.4603320105471
 20
-123.6050313824268
 10
139.4846707347826
 20
-123.6633033153867
 10
139.5023270385076
 20
-123.7319973720747
 10
139.5199526889299
 20
-123.8006914287628
 10
139.5287808407925
 20
-123.893295063415
 10
139.5287808407925
 20
-124.009838929334
 10
139.5287808407925
 20
-124.1477481488951
 10
139.5146190138475
 20
-124.2590809529516
 10
139.4862647066436
 20
-124.3438066881984
 10
139.4579410527519
 20
-124.4285324234399
 10
139.4155781851263
 20
-124.4940385364001
 10
139.3591761037771
 20
-124.540263720467
 10
139.3027740224302
 20
-124.5865195578334
 10
139.2315357414184
 20
-124.6096321498642
 10
139.1454919140548
 20
-124.6096321498642
 10
139.0321359918601
 20
-124.6096321498642
 10
138.9431494472087
 20
-124.5690165206336
 10
138.87847097349
 20
-124.4877546088586
 10
138.8009487649377
 20
-124.3899092590411
 10
138.7622029873135
 20
-124.2306346858375
 10
138.7622029873135
 20
-124.009838929334
 97
        0
 92
        1
 93
        1
 72
     4
 94
        3
 73
     0
 74
     1
 95
       29
 96
       25
 40
0.0
 40
0.0
 40
0.0
 40
0.0
 40
1.0
 40
1.0
 40
1.0
 40
2.0
 40
2.0
 40
2.0
 40
3.0
 40
3.0
 40
3.0
 40
4.0
 40
4.0
 40
4.0
 40
5.0
 40
5.0
 40
5.0
 40
6.0
 40
6.0
 40
6.0
 40
7.0
 40
7.0
 40
7.0
 40
8.0
 40
8.0
 40
8.0
 40
8.0
 10
138.9105343306047
 20
-124.009838929334
 10
138.9105343306047
 20
-124.2028321381264
 10
138.9331258164462
 20
-124.3312694864213
 10
138.9782781348327
 20
-124.395120320903
 10
139.0234611065246
 20
-124.4590324619993
 10
139.0791888151642
 20
-124.4909425525897
 10
139.1454919140548
 20
-124.4909425525897
 10
139.2117643596393
 20
-124.4909425525897
 10
139.2674920682777
 20
-124.4588791954731
 10
139.3126750399674
 20
-124.3947218279364
 10
139.3578273583526
 20
-124.3305951137044
 10
139.3804188441992
 20
-124.2022803786349
 10
139.3804188441992
 20
-124.009838929334
 10
139.3804188441992
 20
-123.8163246143535
 10
139.3578273583526
 20
-123.6877646528423
 10
139.3126750399674
 20
-123.624128391495
 10
139.2674920682777
 20
-123.560522783446
 10
139.2112432534519
 20
-123.5287046527743
 10
139.1438672888868
 20
-123.5287046527743
 10
139.0775948432984
 20
-123.5287046527743
 10
139.0246565854209
 20
-123.5567830802279
 10
138.9851138218674
 20
-123.6129092818342
 10
138.9353941610235
 20
-123.6845460558072
 10
138.9105343306047
 20
-123.8168457205365
 10
138.9105343306047
 20
-124.009838929334
 97
        0
 75
     2
 76
     1
 98
        0
  0
SPLINE
  5
A3
330
1F
100
AcDbEntity
  8
Capa 1
370
     0
100
AcDbSpline
210
0.0
220
0.0
230
1.0
 70
    11
 71
     3
 72
    41
 73
    37
 74
     0
 42
0.0000000001
 43
0.0000000001
 12
1.0
 22
0.0
 32
0.0
 13
1.0
 23
0.0
 33
0.0
 40
0.0
 40
0.0
 40
0.0
 40
0.0
 40
1.0
 40
1.0
 40
1.0
 40
2.0
 40
2.0
 40
2.0
 40
3.0
 40
3.0
 40
3.0
 40
4.0
 40
4.0
 40
4.0
 40
5.0
 40
5.0
 40
5.0
 40
6.0
 40
6.0
 40
6.0
 40
7.0
 40
7.0
 40
7.0
 40
8.0
 40
8.0
 40
8.0
 40
9.0
 40
9.0
 40
9.0
 40
10.0
 40
10.0
 40
10.0
 40
11.0
 40
11.0
 40
11.0
 40
12.0
 40
12.0
 40
12.0
 40
12.0
 10
139.6755182122192
 20
-124.009838929334
 30
0.0
 10
139.6755182122192
 20
-123.8708568440933
 30
0.0
 10
139.6898026523857
 20
-123.7589722805491
 30
0.0
 10
139.7184021860271
 20
-123.6742465452998
 30
0.0
 10
139.7470017196688
 20
-123.5895208100531
 30
0.0
 10
139.7894872005108
 20
-123.5241679636204
 30
0.0
 10
139.8458892818651
 20
-123.4781880060016
 30
0.0
 10
139.902291363212
 20
-123.4322387016825
 30
0.0
 10
139.9732537644738
 20
-123.4092180695633
 30
0.0
 10
140.0588071389604
 20
-123.4092180695633
 30
0.0
 10
140.1218609875102
 20
-123.4092180695633
 30
0.0
 10
140.1771902031874
 20
-123.4219391911758
 30
0.0
 10
140.2247947859777
 20
-123.4473201277817
 30
0.0
 10
140.2723687154657
 20
-123.472731717693
 30
0.0
 10
140.3116355992719
 20
-123.5093317639616
 30
0.0
 10
140.3426567440149
 20
-123.5571815731945
 30
0.0
 10
140.3736472354512
 20
-123.6050313824268
 30
0.0
 10
140.3979859596886
 20
-123.6633033153867
 30
0.0
 10
140.4156422634136
 20
-123.7319973720747
 30
0.0
 10
140.4332679138371
 20
-123.8006914287628
 30
0.0
 10
140.4420960656979
 20
-123.893295063415
 30
0.0
 10
140.4420960656979
 20
-124.009838929334
 30
0.0
 10
140.4420960656979
 20
-124.1477481488951
 30
0.0
 10
140.4279342387531
 20
-124.2590809529516
 30
0.0
 10
140.3995799315531
 20
-124.3438066881984
 30
0.0
 10
140.371256277653
 20
-124.4285324234399
 30
0.0
 10
140.3288934100323
 20
-124.4940385364001
 30
0.0
 10
140.2724913286818
 20
-124.540263720467
 30
0.0
 10
140.216089247331
 20
-124.5865195578334
 30
0.0
 10
140.1448509663227
 20
-124.6096321498642
 30
0.0
 10
140.0588071389604
 20
-124.6096321498642
 30
0.0
 10
139.945451216766
 20
-124.6096321498642
 30
0.0
 10
139.8564646721182
 20
-124.5690165206336
 30
0.0
 10
139.791786198396
 20
-124.4877546088586
 30
0.0
 10
139.7142639898433
 20
-124.3899092590411
 30
0.0
 10
139.6755182122192
 20
-124.2306346858375
 30
0.0
 10
139.6755182122192
 20
-124.009838929334
 30
0.0
  0
SPLINE
  5
A4
330
1F
100
AcDbEntity
  8
Capa 1
370
     0
100
AcDbSpline
210
0.0
220
0.0
230
1.0
 70
    11
 71
     3
 72
    29
 73
    25
 74
     0
 42
0.0000000001
 43
0.0000000001
 12
1.0
 22
0.0
 32
0.0
 13
1.0
 23
0.0
 33
0.0
 40
0.0
 40
0.0
 40
0.0
 40
0.0
 40
1.0
 40
1.0
 40
1.0
 40
2.0
 40
2.0
 40
2.0
 40
3.0
 40
3.0
 40
3.0
 40
4.0
 40
4.0
 40
4.0
 40
5.0
 40
5.0
 40
5.0
 40
6.0
 40
6.0
 40
6.0
 40
7.0
 40
7.0
 40
7.0
 40
8.0
 40
8.0
 40
8.0
 40
8.0
 10
139.82384955551
 20
-124.009838929334
 30
0.0
 10
139.82384955551
 20
-124.2028321381264
 30
0.0
 10
139.8464410413521
 20
-124.3312694864213
 30
0.0
 10
139.8915933597374
 20
-124.395120320903
 30
0.0
 10
139.9367763314267
 20
-124.4590324619993
 30
0.0
 10
139.9925040400689
 20
-124.4909425525897
 30
0.0
 10
140.0588071389604
 20
-124.4909425525897
 30
0.0
 10
140.1250795845453
 20
-124.4909425525897
 30
0.0
 10
140.1808072931837
 20
-124.4588791954731
 30
0.0
 10
140.2259902648734
 20
-124.3947218279364
 30
0.0
 10
140.2711425832583
 20
-124.3305951137044
 30
0.0
 10
140.2937340691052
 20
-124.2022803786349
 30
0.0
 10
140.2937340691052
 20
-124.009838929334
 30
0.0
 10
140.2937340691052
 20
-123.8163246143535
 30
0.0
 10
140.2711425832583
 20
-123.6877646528423
 30
0.0
 10
140.2259902648734
 20
-123.624128391495
 30
0.0
 10
140.1808072931837
 20
-123.560522783446
 30
0.0
 10
140.1245584783579
 20
-123.5287046527743
 30
0.0
 10
140.0571825137889
 20
-123.5287046527743
 30
0.0
 10
139.9909100682044
 20
-123.5287046527743
 30
0.0
 10
139.9379718103266
 20
-123.5567830802279
 30
0.0
 10
139.8984290467727
 20
-123.6129092818342
 30
0.0
 10
139.8487093859291
 20
-123.6845460558072
 30
0.0
 10
139.82384955551
 20
-123.8168457205365
 30
0.0
 10
139.82384955551
 20
-124.009838929334
 30
0.0
  0
HATCH
  5
A5
330
1F
100
AcDbEntity
  8
Capa 1
 62
   255
100
AcDbHatch
 10
0.0
 20
0.0
 30
0.0
210
0.0
220
0.0
230
1.0
  2
SOLID
 70
     1
 71
     0
 91
        2
 92
        1
 93
        1
 72
     4
 94
        3
 73
     0
 74
     1
 95
       41
 96
       37
 40
0.0
 40
0.0
 40
0.0
 40
0.0
 40
1.0
 40
1.0
 40
1.0
 40
2.0
 40
2.0
 40
2.0
 40
3.0
 40
3.0
 40
3.0
 40
4.0
 40
4.0
 40
4.0
 40
5.0
 40
5.0
 40
5.0
 40
6.0
 40
6.0
 40
6.0
 40
7.0
 40
7.0
 40
7.0
 40
8.0
 40
8.0
 40
8.0
 40
9.0
 40
9.0
 40
9.0
 40
10.0
 40
10.0
 40
10.0
 40
11.0
 40
11.0
 40
11.0
 40
12.0
 40
12.0
 40
12.0
 40
12.0
 10
139.6755182122192
 20
-124.009838929334
 10
139.6755182122192
 20
-123.8708568440933
 10
139.6898026523857
 20
-123.7589722805491
 10
139.7184021860271
 20
-123.6742465452998
 10
139.7470017196688
 20
-123.5895208100531
 10
139.7894872005108
 20
-123.5241679636204
 10
139.8458892818651
 20
-123.4781880060016
 10
139.902291363212
 20
-123.4322387016825
 10
139.9732537644738
 20
-123.4092180695633
 10
140.0588071389604
 20
-123.4092180695633
 10
140.1218609875102
 20
-123.4092180695633
 10
140.1771902031874
 20
-123.4219391911758
 10
140.2247947859777
 20
-123.4473201277817
 10
140.2723687154657
 20
-123.472731717693
 10
140.3116355992719
 20
-123.5093317639616
 10
140.3426567440149
 20
-123.5571815731945
 10
140.3736472354512
 20
-123.6050313824268
 10
140.3979859596886
 20
-123.6633033153867
 10
140.4156422634136
 20
-123.7319973720747
 10
140.4332679138371
 20
-123.8006914287628
 10
140.4420960656979
 20
-123.893295063415
 10
140.4420960656979
 20
-124.009838929334
 10
140.4420960656979
 20
-124.1477481488951
 10
140.4279342387531
 20
-124.2590809529516
 10
140.3995799315531
 20
-124.3438066881984
 10
140.371256277653
 20
-124.4285324234399
 10
140.3288934100323
 20
-124.4940385364001
 10
140.2724913286818
 20
-124.540263720467
 10
140.216089247331
 20
-124.5865195578334
 10
140.1448509663227
 20
-124.6096321498642
 10
140.0588071389604
 20
-124.6096321498642
 10
139.945451216766
 20
-124.6096321498642
 10
139.8564646721182
 20
-124.5690165206336
 10
139.791786198396
 20
-124.4877546088586
 10
139.7142639898433
 20
-124.3899092590411
 10
139.6755182122192
 20
-124.2306346858375
 10
139.6755182122192
 20
-124.009838929334
 97
        0
 92
        1
 93
        1
 72
     4
 94
        3
 73
     0
 74
     1
 95
       29
 96
       25
 40
0.0
 40
0.0
 40
0.0
 40
0.0
 40
1.0
 40
1.0
 40
1.0
 40
2.0
 40
2.0
 40
2.0
 40
3.0
 40
3.0
 40
3.0
 40
4.0
 40
4.0
 40
4.0
 40
5.0
 40
5.0
 40
5.0
 40
6.0
 40
6.0
 40
6.0
 40
7.0
 40
7.0
 40
7.0
 40
8.0
 40
8.0
 40
8.0
 40
8.0
 10
139.82384955551
 20
-124.009838929334
 10
139.82384955551
 20
-124.2028321381264
 10
139.8464410413521
 20
-124.3312694864213
 10
139.8915933597374
 20
-124.395120320903
 10
139.9367763314267
 20
-124.4590324619993
 10
139.9925040400689
 20
-124.4909425525897
 10
140.0588071389604
 20
-124.4909425525897
 10
140.1250795845453
 20
-124.4909425525897
 10
140.1808072931837
 20
-124.4588791954731
 10
140.2259902648734
 20
-124.3947218279364
 10
140.2711425832583
 20
-124.3305951137044
 10
140.2937340691052
 20
-124.2022803786349
 10
140.2937340691052
 20
-124.009838929334
 10
140.2937340691052
 20
-123.8163246143535
 10
140.2711425832583
 20
-123.6877646528423
 10
140.2259902648734
 20
-123.624128391495
 10
140.1808072931837
 20
-123.560522783446
 10
140.1245584783579
 20
-123.5287046527743
 10
140.0571825137889
 20
-123.5287046527743
 10
139.9909100682044
 20
-123.5287046527743
 10
139.9379718103266
 20
-123.5567830802279
 10
139.8984290467727
 20
-123.6129092818342
 10
139.8487093859291
 20
-123.6845460558072
 10
139.82384955551
 20
-123.8168457205365
 10
139.82384955551
 20
-124.009838929334
 97
        0
 75
     2
 76
     1
 98
        0
  0
SPLINE
  5
A6
330
1F
100
AcDbEntity
  8
Capa 1
370
     0
100
AcDbSpline
210
0.0
220
0.0
230
1.0
 70
    11
 71
     3
 72
    41
 73
    37
 74
     0
 42
0.0000000001
 43
0.0000000001
 12
1.0
 22
0.0
 32
0.0
 13
1.0
 23
0.0
 33
0.0
 40
0.0
 40
0.0
 40
0.0
 40
0.0
 40
1.0
 40
1.0
 40
1.0
 40
2.0
 40
2.0
 40
2.0
 40
3.0
 40
3.0
 40
3.0
 40
4.0
 40
4.0
 40
4.0
 40
5.0
 40
5.0
 40
5.0
 40
6.0
 40
6.0
 40
6.0
 40
7.0
 40
7.0
 40
7.0
 40
8.0
 40
8.0
 40
8.0
 40
9.0
 40
9.0
 40
9.0
 40
10.0
 40
10.0
 40
10.0
 40
11.0
 40
11.0
 40
11.0
 40
12.0
 40
12.0
 40
12.0
 40
12.0
 10
140.5888640904318
 20
-124.009838929334
 30
0.0
 10
140.5888640904318
 20
-123.8708568440933
 30
0.0
 10
140.6031485305987
 20
-123.7589722805491
 30
0.0
 10
140.63174806424
 20
-123.6742465452998
 30
0.0
 10
140.6603475978818
 20
-123.5895208100531
 30
0.0
 10
140.7028330787234
 20
-123.5241679636204
 30
0.0
 10
140.7592351600738
 20
-123.4781880060016
 30
0.0
 10
140.8156372414246
 20
-123.4322387016825
 30
0.0
 10
140.8865996426865
 20
-123.4092180695633
 30
0.0
 10
140.9721530171695
 20
-123.4092180695633
 30
0.0
 10
141.0352068657228
 20
-123.4092180695633
 30
0.0
 10
141.0905360813949
 20
-123.4219391911758
 30
0.0
 10
141.1381406641861
 20
-123.4473201277817
 30
0.0
 10
141.1857145936729
 20
-123.472731717693
 30
0.0
 10
141.2249814774845
 20
-123.5093317639616
 30
0.0
 10
141.256002622224
 20
-123.5571815731945
 30
0.0
 10
141.2869931136638
 20
-123.6050313824268
 30
0.0
 10
141.3113318378961
 20
-123.6633033153867
 30
0.0
 10
141.3289881416233
 20
-123.7319973720747
 30
0.0
 10
141.3466137920481
 20
-123.8006914287628
 30
0.0
 10
141.3554419439112
 20
-123.893295063415
 30
0.0
 10
141.3554419439112
 20
-124.009838929334
 30
0.0
 10
141.3554419439112
 20
-124.1477481488951
 30
0.0
 10
141.3412801169619
 20
-124.2590809529516
 30
0.0
 10
141.3129258097622
 20
-124.3438066881984
 30
0.0
 10
141.2846021558653
 20
-124.4285324234399
 30
0.0
 10
141.2422392882449
 20
-124.4940385364001
 30
0.0
 10
141.1858372068944
 20
-124.540263720467
 30
0.0
 10
141.1294351255436
 20
-124.5865195578334
 30
0.0
 10
141.0581968445357
 20
-124.6096321498642
 30
0.0
 10
140.9721530171695
 20
-124.6096321498642
 30
0.0
 10
140.8587970949774
 20
-124.6096321498642
 30
0.0
 10
140.769810550326
 20
-124.5690165206336
 30
0.0
 10
140.7051320766035
 20
-124.4877546088586
 30
0.0
 10
140.6276098680521
 20
-124.3899092590411
 30
0.0
 10
140.5888640904318
 20
-124.2306346858375
 30
0.0
 10
140.5888640904318
 20
-124.009838929334
 30
0.0
  0
SPLINE
  5
A7
330
1F
100
AcDbEntity
  8
Capa 1
370
     0
100
AcDbSpline
210
0.0
220
0.0
230
1.0
 70
    11
 71
     3
 72
    29
 73
    25
 74
     0
 42
0.0000000001
 43
0.0000000001
 12
1.0
 22
0.0
 32
0.0
 13
1.0
 23
0.0
 33
0.0
 40
0.0
 40
0.0
 40
0.0
 40
0.0
 40
1.0
 40
1.0
 40
1.0
 40
2.0
 40
2.0
 40
2.0
 40
3.0
 40
3.0
 40
3.0
 40
4.0
 40
4.0
 40
4.0
 40
5.0
 40
5.0
 40
5.0
 40
6.0
 40
6.0
 40
6.0
 40
7.0
 40
7.0
 40
7.0
 40
8.0
 40
8.0
 40
8.0
 40
8.0
 10
140.7371954337182
 20
-124.009838929334
 30
0.0
 10
140.7371954337182
 20
-124.2028321381264
 30
0.0
 10
140.7597869195648
 20
-124.3312694864213
 30
0.0
 10
140.80493923795
 20
-124.395120320903
 30
0.0
 10
140.8501222096393
 20
-124.4590324619993
 30
0.0
 10
140.905849918278
 20
-124.4909425525897
 30
0.0
 10
140.9721530171695
 20
-124.4909425525897
 30
0.0
 10
141.0384254627567
 20
-124.4909425525897
 30
0.0
 10
141.094153171397
 20
-124.4588791954731
 30
0.0
 10
141.1393361430847
 20
-124.3947218279364
 30
0.0
 10
141.1844884614712
 20
-124.3305951137044
 30
0.0
 10
141.2070799473127
 20
-124.2022803786349
 30
0.0
 10
141.2070799473127
 20
-124.009838929334
 30
0.0
 10
141.2070799473127
 20
-123.8163246143535
 30
0.0
 10
141.1844884614712
 20
-123.6877646528423
 30
0.0
 10
141.1393361430847
 20
-123.624128391495
 30
0.0
 10
141.094153171397
 20
-123.560522783446
 30
0.0
 10
141.0379043565705
 20
-123.5287046527743
 30
0.0
 10
140.9705283920012
 20
-123.5287046527743
 30
0.0
 10
140.9042559464131
 20
-123.5287046527743
 30
0.0
 10
140.8513176885392
 20
-123.5567830802279
 30
0.0
 10
140.8117749249815
 20
-123.6129092818342
 30
0.0
 10
140.7620552641417
 20
-123.6845460558072
 30
0.0
 10
140.7371954337182
 20
-123.8168457205365
 30
0.0
 10
140.7371954337182
 20
-124.009838929334
 30
0.0
  0
HATCH
  5
A8
330
1F
100
AcDbEntity
  8
Capa 1
 62
   255
100
AcDbHatch
 10
0.0
 20
0.0
 30
0.0
210
0.0
220
0.0
230
1.0
  2
SOLID
 70
     1
 71
     0
 91
        2
 92
        1
 93
        1
 72
     4
 94
        3
 73
     0
 74
     1
 95
       41
 96
       37
 40
0.0
 40
0.0
 40
0.0
 40
0.0
 40
1.0
 40
1.0
 40
1.0
 40
2.0
 40
2.0
 40
2.0
 40
3.0
 40
3.0
 40
3.0
 40
4.0
 40
4.0
 40
4.0
 40
5.0
 40
5.0
 40
5.0
 40
6.0
 40
6.0
 40
6.0
 40
7.0
 40
7.0
 40
7.0
 40
8.0
 40
8.0
 40
8.0
 40
9.0
 40
9.0
 40
9.0
 40
10.0
 40
10.0
 40
10.0
 40
11.0
 40
11.0
 40
11.0
 40
12.0
 40
12.0
 40
12.0
 40
12.0
 10
140.5888640904318
 20
-124.009838929334
 10
140.5888640904318
 20
-123.8708568440933
 10
140.6031485305987
 20
-123.7589722805491
 10
140.63174806424
 20
-123.6742465452998
 10
140.6603475978818
 20
-123.5895208100531
 10
140.7028330787234
 20
-123.5241679636204
 10
140.7592351600738
 20
-123.4781880060016
 10
140.8156372414246
 20
-123.4322387016825
 10
140.8865996426865
 20
-123.4092180695633
 10
140.9721530171695
 20
-123.4092180695633
 10
141.0352068657228
 20
-123.4092180695633
 10
141.0905360813949
 20
-123.4219391911758
 10
141.1381406641861
 20
-123.4473201277817
 10
141.1857145936729
 20
-123.472731717693
 10
141.2249814774845
 20
-123.5093317639616
 10
141.256002622224
 20
-123.5571815731945
 10
141.2869931136638
 20
-123.6050313824268
 10
141.3113318378961
 20
-123.6633033153867
 10
141.3289881416233
 20
-123.7319973720747
 10
141.3466137920481
 20
-123.8006914287628
 10
141.3554419439112
 20
-123.893295063415
 10
141.3554419439112
 20
-124.009838929334
 10
141.3554419439112
 20
-124.1477481488951
 10
141.3412801169619
 20
-124.2590809529516
 10
141.3129258097622
 20
-124.3438066881984
 10
141.2846021558653
 20
-124.4285324234399
 10
141.2422392882449
 20
-124.4940385364001
 10
141.1858372068944
 20
-124.540263720467
 10
141.1294351255436
 20
-124.5865195578334
 10
141.0581968445357
 20
-124.6096321498642
 10
140.9721530171695
 20
-124.6096321498642
 10
140.8587970949774
 20
-124.6096321498642
 10
140.769810550326
 20
-124.5690165206336
 10
140.7051320766035
 20
-124.4877546088586
 10
140.6276098680521
 20
-124.3899092590411
 10
140.5888640904318
 20
-124.2306346858375
 10
140.5888640904318
 20
-124.009838929334
 97
        0
 92
        1
 93
        1
 72
     4
 94
        3
 73
     0
 74
     1
 95
       29
 96
       25
 40
0.0
 40
0.0
 40
0.0
 40
0.0
 40
1.0
 40
1.0
 40
1.0
 40
2.0
 40
2.0
 40
2.0
 40
3.0
 40
3.0
 40
3.0
 40
4.0
 40
4.0
 40
4.0
 40
5.0
 40
5.0
 40
5.0
 40
6.0
 40
6.0
 40
6.0
 40
7.0
 40
7.0
 40
7.0
 40
8.0
 40
8.0
 40
8.0
 40
8.0
 10
140.7371954337182
 20
-124.009838929334
 10
140.7371954337182
 20
-124.2028321381264
 10
140.7597869195648
 20
-124.3312694864213
 10
140.80493923795
 20
-124.395120320903
 10
140.8501222096393
 20
-124.4590324619993
 10
140.905849918278
 20
-124.4909425525897
 10
140.9721530171695
 20
-124.4909425525897
 10
141.0384254627567
 20
-124.4909425525897
 10
141.094153171397
 20
-124.4588791954731
 10
141.1393361430847
 20
-124.3947218279364
 10
141.1844884614712
 20
-124.3305951137044
 10
141.2070799473127
 20
-124.2022803786349
 10
141.2070799473127
 20
-124.009838929334
 10
141.2070799473127
 20
-123.8163246143535
 10
141.1844884614712
 20
-123.6877646528423
 10
141.1393361430847
 20
-123.624128391495
 10
141.094153171397
 20
-123.560522783446
 10
141.0379043565705
 20
-123.5287046527743
 10
140.9705283920012
 20
-123.5287046527743
 10
140.9042559464131
 20
-123.5287046527743
 10
140.8513176885392
 20
-123.5567830802279
 10
140.8117749249815
 20
-123.6129092818342
 10
140.7620552641417
 20
-123.6845460558072
 10
140.7371954337182
 20
-123.8168457205365
 10
140.7371954337182
 20
-124.009838929334
 97
        0
 75
     2
 76
     1
 98
        0
  0
SPLINE
  5
A9
330
1F
100
AcDbEntity
  8
Capa 1
370
     0
100
AcDbSpline
210
0.0
220
0.0
230
1.0
 70
    11
 71
     3
 72
    41
 73
    37
 74
     0
 42
0.0000000001
 43
0.0000000001
 12
1.0
 22
0.0
 32
0.0
 13
1.0
 23
0.0
 33
0.0
 40
0.0
 40
0.0
 40
0.0
 40
0.0
 40
1.0
 40
1.0
 40
1.0
 40
2.0
 40
2.0
 40
2.0
 40
3.0
 40
3.0
 40
3.0
 40
4.0
 40
4.0
 40
4.0
 40
5.0
 40
5.0
 40
5.0
 40
6.0
 40
6.0
 40
6.0
 40
7.0
 40
7.0
 40
7.0
 40
8.0
 40
8.0
 40
8.0
 40
9.0
 40
9.0
 40
9.0
 40
10.0
 40
10.0
 40
10.0
 40
11.0
 40
11.0
 40
11.0
 40
12.0
 40
12.0
 40
12.0
 40
12.0
 10
141.5021793153362
 20
-124.009838929334
 30
0.0
 10
141.5021793153362
 20
-123.8708568440933
 30
0.0
 10
141.5164637555037
 20
-123.7589722805491
 30
0.0
 10
141.5450632891438
 20
-123.6742465452998
 30
0.0
 10
141.5736628227864
 20
-123.5895208100531
 30
0.0
 10
141.6161483036284
 20
-123.5241679636204
 30
0.0
 10
141.6725503849792
 20
-123.4781880060016
 30
0.0
 10
141.7289524663287
 20
-123.4322387016825
 30
0.0
 10
141.7999148675918
 20
-123.4092180695633
 30
0.0
 10
141.8854682420746
 20
-123.4092180695633
 30
0.0
 10
141.9485220906281
 20
-123.4092180695633
 30
0.0
 10
142.0038513063002
 20
-123.4219391911758
 30
0.0
 10
142.0514558890911
 20
-123.4473201277817
 30
0.0
 10
142.0990298185779
 20
-123.472731717693
 30
0.0
 10
142.1382967023899
 20
-123.5093317639616
 30
0.0
 10
142.169317847129
 20
-123.5571815731945
 30
0.0
 10
142.2003083385691
 20
-123.6050313824268
 30
0.0
 10
142.2246470628014
 20
-123.6633033153867
 30
0.0
 10
142.2423033665303
 20
-123.7319973720747
 30
0.0
 10
142.2599290169506
 20
-123.8006914287628
 30
0.0
 10
142.2687571688162
 20
-123.893295063415
 30
0.0
 10
142.2687571688162
 20
-124.009838929334
 30
0.0
 10
142.2687571688162
 20
-124.1477481488951
 30
0.0
 10
142.2545953418666
 20
-124.2590809529516
 30
0.0
 10
142.2262410346659
 20
-124.3438066881984
 30
0.0
 10
142.1979173807707
 20
-124.4285324234399
 30
0.0
 10
142.1555545131499
 20
-124.4940385364001
 30
0.0
 10
142.0991524317994
 20
-124.540263720467
 30
0.0
 10
142.042750350449
 20
-124.5865195578334
 30
0.0
 10
141.9715120694407
 20
-124.6096321498642
 30
0.0
 10
141.8854682420746
 20
-124.6096321498642
 30
0.0
 10
141.7721123198827
 20
-124.6096321498642
 30
0.0
 10
141.6831257752323
 20
-124.5690165206336
 30
0.0
 10
141.6184473015101
 20
-124.4877546088586
 30
0.0
 10
141.5409250929574
 20
-124.3899092590411
 30
0.0
 10
141.5021793153362
 20
-124.2306346858375
 30
0.0
 10
141.5021793153362
 20
-124.009838929334
 30
0.0
  0
SPLINE
  5
AA
330
1F
100
AcDbEntity
  8
Capa 1
370
     0
100
AcDbSpline
210
0.0
220
0.0
230
1.0
 70
    11
 71
     3
 72
    29
 73
    25
 74
     0
 42
0.0000000001
 43
0.0000000001
 12
1.0
 22
0.0
 32
0.0
 13
1.0
 23
0.0
 33
0.0
 40
0.0
 40
0.0
 40
0.0
 40
0.0
 40
1.0
 40
1.0
 40
1.0
 40
2.0
 40
2.0
 40
2.0
 40
3.0
 40
3.0
 40
3.0
 40
4.0
 40
4.0
 40
4.0
 40
5.0
 40
5.0
 40
5.0
 40
6.0
 40
6.0
 40
6.0
 40
7.0
 40
7.0
 40
7.0
 40
8.0
 40
8.0
 40
8.0
 40
8.0
 10
141.6505106586235
 20
-124.009838929334
 30
0.0
 10
141.6505106586235
 20
-124.2028321381264
 30
0.0
 10
141.6731021444688
 20
-124.3312694864213
 30
0.0
 10
141.7182544628553
 20
-124.395120320903
 30
0.0
 10
141.7634374345446
 20
-124.4590324619993
 30
0.0
 10
141.819165143183
 20
-124.4909425525897
 30
0.0
 10
141.8854682420746
 20
-124.4909425525897
 30
0.0
 10
141.951740687662
 20
-124.4909425525897
 30
0.0
 10
142.0074683963004
 20
-124.4588791954731
 30
0.0
 10
142.0526513679904
 20
-124.3947218279364
 30
0.0
 10
142.0978036863749
 20
-124.3305951137044
 30
0.0
 10
142.1203951722193
 20
-124.2022803786349
 30
0.0
 10
142.1203951722193
 20
-124.009838929334
 30
0.0
 10
142.1203951722193
 20
-123.8163246143535
 30
0.0
 10
142.0978036863749
 20
-123.6877646528423
 30
0.0
 10
142.0526513679904
 20
-123.624128391495
 30
0.0
 10
142.0074683963004
 20
-123.560522783446
 30
0.0
 10
141.9512195814755
 20
-123.5287046527743
 30
0.0
 10
141.8838436169056
 20
-123.5287046527743
 30
0.0
 10
141.8175711713172
 20
-123.5287046527743
 30
0.0
 10
141.7646329134432
 20
-123.5567830802279
 30
0.0
 10
141.7250901498907
 20
-123.6129092818342
 30
0.0
 10
141.6753704890471
 20
-123.6845460558072
 30
0.0
 10
141.6505106586235
 20
-123.8168457205365
 30
0.0
 10
141.6505106586235
 20
-124.009838929334
 30
0.0
  0
HATCH
  5
AB
330
1F
100
AcDbEntity
  8
Capa 1
 62
   255
100
AcDbHatch
 10
0.0
 20
0.0
 30
0.0
210
0.0
220
0.0
230
1.0
  2
SOLID
 70
     1
 71
     0
 91
        2
 92
        1
 93
        1
 72
     4
 94
        3
 73
     0
 74
     1
 95
       41
 96
       37
 40
0.0
 40
0.0
 40
0.0
 40
0.0
 40
1.0
 40
1.0
 40
1.0
 40
2.0
 40
2.0
 40
2.0
 40
3.0
 40
3.0
 40
3.0
 40
4.0
 40
4.0
 40
4.0
 40
5.0
 40
5.0
 40
5.0
 40
6.0
 40
6.0
 40
6.0
 40
7.0
 40
7.0
 40
7.0
 40
8.0
 40
8.0
 40
8.0
 40
9.0
 40
9.0
 40
9.0
 40
10.0
 40
10.0
 40
10.0
 40
11.0
 40
11.0
 40
11.0
 40
12.0
 40
12.0
 40
12.0
 40
12.0
 10
141.5021793153362
 20
-124.009838929334
 10
141.5021793153362
 20
-123.8708568440933
 10
141.5164637555037
 20
-123.7589722805491
 10
141.5450632891438
 20
-123.6742465452998
 10
141.5736628227864
 20
-123.5895208100531
 10
141.6161483036284
 20
-123.5241679636204
 10
141.6725503849792
 20
-123.4781880060016
 10
141.7289524663287
 20
-123.4322387016825
 10
141.7999148675918
 20
-123.4092180695633
 10
141.8854682420746
 20
-123.4092180695633
 10
141.9485220906281
 20
-123.4092180695633
 10
142.0038513063002
 20
-123.4219391911758
 10
142.0514558890911
 20
-123.4473201277817
 10
142.0990298185779
 20
-123.472731717693
 10
142.1382967023899
 20
-123.5093317639616
 10
142.169317847129
 20
-123.5571815731945
 10
142.2003083385691
 20
-123.6050313824268
 10
142.2246470628014
 20
-123.6633033153867
 10
142.2423033665303
 20
-123.7319973720747
 10
142.2599290169506
 20
-123.8006914287628
 10
142.2687571688162
 20
-123.893295063415
 10
142.2687571688162
 20
-124.009838929334
 10
142.2687571688162
 20
-124.1477481488951
 10
142.2545953418666
 20
-124.2590809529516
 10
142.2262410346659
 20
-124.3438066881984
 10
142.1979173807707
 20
-124.4285324234399
 10
142.1555545131499
 20
-124.4940385364001
 10
142.0991524317994
 20
-124.540263720467
 10
142.042750350449
 20
-124.5865195578334
 10
141.9715120694407
 20
-124.6096321498642
 10
141.8854682420746
 20
-124.6096321498642
 10
141.7721123198827
 20
-124.6096321498642
 10
141.6831257752323
 20
-124.5690165206336
 10
141.6184473015101
 20
-124.4877546088586
 10
141.5409250929574
 20
-124.3899092590411
 10
141.5021793153362
 20
-124.2306346858375
 10
141.5021793153362
 20
-124.009838929334
 97
        0
 92
        1
 93
        1
 72
     4
 94
        3
 73
     0
 74
     1
 95
       29
 96
       25
 40
0.0
 40
0.0
 40
0.0
 40
0.0
 40
1.0
 40
1.0
 40
1.0
 40
2.0
 40
2.0
 40
2.0
 40
3.0
 40
3.0
 40
3.0
 40
4.0
 40
4.0
 40
4.0
 40
5.0
 40
5.0
 40
5.0
 40
6.0
 40
6.0
 40
6.0
 40
7.0
 40
7.0
 40
7.0
 40
8.0
 40
8.0
 40
8.0
 40
8.0
 10
141.6505106586235
 20
-124.009838929334
 10
141.6505106586235
 20
-124.2028321381264
 10
141.6731021444688
 20
-124.3312694864213
 10
141.7182544628553
 20
-124.395120320903
 10
141.7634374345446
 20
-124.4590324619993
 10
141.819165143183
 20
-124.4909425525897
 10
141.8854682420746
 20
-124.4909425525897
 10
141.951740687662
 20
-124.4909425525897
 10
142.0074683963004
 20
-124.4588791954731
 10
142.0526513679904
 20
-124.3947218279364
 10
142.0978036863749
 20
-124.3305951137044
 10
142.1203951722193
 20
-124.2022803786349
 10
142.1203951722193
 20
-124.009838929334
 10
142.1203951722193
 20
-123.8163246143535
 10
142.0978036863749
 20
-123.6877646528423
 10
142.0526513679904
 20
-123.624128391495
 10
142.0074683963004
 20
-123.560522783446
 10
141.9512195814755
 20
-123.5287046527743
 10
141.8838436169056
 20
-123.5287046527743
 10
141.8175711713172
 20
-123.5287046527743
 10
141.7646329134432
 20
-123.5567830802279
 10
141.7250901498907
 20
-123.6129092818342
 10
141.6753704890471
 20
-123.6845460558072
 10
141.6505106586235
 20
-123.8168457205365
 10
141.6505106586235
 20
-124.009838929334
 97
        0
 75
     2
 76
     1
 98
        0
  0
SPLINE
  5
AC
330
1F
100
AcDbEntity
  8
Capa 1
370
     0
100
AcDbSpline
210
0.0
220
0.0
230
1.0
 70
    11
 71
     3
 72
    47
 73
    43
 74
     0
 42
0.0000000001
 43
0.0000000001
 12
1.0
 22
0.0
 32
0.0
 13
1.0
 23
0.0
 33
0.0
 40
0.0
 40
0.0
 40
0.0
 40
0.0
 40
1.0
 40
1.0
 40
1.0
 40
2.0
 40
2.0
 40
2.0
 40
3.0
 40
3.0
 40
3.0
 40
4.0
 40
4.0
 40
4.0
 40
5.0
 40
5.0
 40
5.0
 40
6.0
 40
6.0
 40
6.0
 40
7.0
 40
7.0
 40
7.0
 40
8.0
 40
8.0
 40
8.0
 40
9.0
 40
9.0
 40
9.0
 40
10.0
 40
10.0
 40
10.0
 40
11.0
 40
11.0
 40
11.0
 40
12.0
 40
12.0
 40
12.0
 40
13.0
 40
13.0
 40
13.0
 40
14.0
 40
14.0
 40
14.0
 40
14.0
 10
135.8926408676552
 20
-126.7520006892168
 30
0.0
 10
135.8926408676552
 20
-126.7520006892168
 30
0.0
 10
135.8926408676552
 20
-125.5767450226173
 30
0.0
 10
135.8926408676552
 20
-125.5767450226173
 30
0.0
 10
135.8926408676552
 20
-125.5767450226173
 30
0.0
 10
136.3335621614006
 20
-125.5767450226173
 30
0.0
 10
136.3335621614006
 20
-125.5767450226173
 30
0.0
 10
136.4233497703082
 20
-125.5767450226173
 30
0.0
 10
136.495366914953
 20
-125.5886365362984
 30
0.0
 10
136.5496135953347
 20
-125.6124195636565
 30
0.0
 10
136.6038602757167
 20
-125.6362025910172
 30
0.0
 10
136.6463490549318
 20
-125.6728124196495
 30
0.0
 10
136.677079932981
 20
-125.7222490495528
 30
0.0
 10
136.7078108110302
 20
-125.7716856794581
 30
0.0
 10
136.7231762500544
 20
-125.8233937220882
 30
0.0
 10
136.7231762500544
 20
-125.8773731774432
 30
0.0
 10
136.7231762500544
 20
-125.9276114824281
 30
0.0
 10
136.7095477737024
 20
-125.97491031212
 30
0.0
 10
136.682290820998
 20
-126.019269666522
 30
0.0
 10
136.6550338682941
 20
-126.0636290209229
 30
0.0
 10
136.6138812142107
 20
-126.0994371744749
 30
0.0
 10
136.55883285875
 20
-126.12669412718
 30
0.0
 10
136.6299147158013
 20
-126.1475376792465
 30
0.0
 10
136.6845622337229
 20
-126.183078607774
 30
0.0
 10
136.7227754125145
 20
-126.2333169127576
 30
0.0
 10
136.7609885913065
 20
-126.2835552177419
 30
0.0
 10
136.7800951807011
 20
-126.3428791736277
 30
0.0
 10
136.7800951807011
 20
-126.4112887804149
 30
0.0
 10
136.7800951807011
 20
-126.4663371358753
 30
0.0
 10
136.768470892048
 20
-126.5175107284527
 30
0.0
 10
136.7452223147419
 20
-126.5648095581452
 30
0.0
 10
136.7219737374348
 20
-126.6121083878378
 30
0.0
 10
136.6932470470852
 20
-126.6485846039566
 30
0.0
 10
136.6590422436919
 20
-126.6742382065011
 30
0.0
 10
136.6248374402985
 20
-126.6998918090475
 30
0.0
 10
136.5819478235429
 20
-126.7192656234687
 30
0.0
 10
136.5303733934257
 20
-126.7323596497673
 30
0.0
 10
136.4787989633097
 20
-126.7454536760678
 30
0.0
 10
136.4156002445391
 20
-126.7520006892168
 30
0.0
 10
136.3407772371157
 20
-126.7520006892168
 30
0.0
 10
136.3407772371157
 20
-126.7520006892168
 30
0.0
 10
135.8926408676552
 20
-126.7520006892168
 30
0.0
 10
135.8926408676552
 20
-126.7520006892168
 30
0.0
  0
SPLINE
  5
AD
330
1F
100
AcDbEntity
  8
Capa 1
370
     0
100
AcDbSpline
210
0.0
220
0.0
230
1.0
 70
    11
 71
     3
 72
    32
 73
    28
 74
     0
 42
0.0000000001
 43
0.0000000001
 12
1.0
 22
0.0
 32
0.0
 13
1.0
 23
0.0
 33
0.0
 40
0.0
 40
0.0
 40
0.0
 40
0.0
 40
1.0
 40
1.0
 40
1.0
 40
2.0
 40
2.0
 40
2.0
 40
3.0
 40
3.0
 40
3.0
 40
4.0
 40
4.0
 40
4.0
 40
5.0
 40
5.0
 40
5.0
 40
6.0
 40
6.0
 40
6.0
 40
7.0
 40
7.0
 40
7.0
 40
8.0
 40
8.0
 40
8.0
 40
9.0
 40
9.0
 40
9.0
 40
9.0
 10
136.048165833086
 20
-126.0705768716117
 30
0.0
 10
136.048165833086
 20
-126.0705768716117
 30
0.0
 10
136.3022968332983
 20
-126.0705768716117
 30
0.0
 10
136.3022968332983
 20
-126.0705768716117
 30
0.0
 10
136.3712408901383
 20
-126.0705768716117
 30
0.0
 10
136.4206775200435
 20
-126.0660340461606
 30
0.0
 10
136.4506067230121
 20
-126.0569483952598
 30
0.0
 10
136.4901560269361
 20
-126.0451904940929
 30
0.0
 10
136.5199516173925
 20
-126.0256830671588
 30
0.0
 10
136.5399934943802
 20
-125.9984261144537
 30
0.0
 10
136.5600353713686
 20
-125.9711691617486
 30
0.0
 10
136.5700563098626
 20
-125.9369643583559
 30
0.0
 10
136.5700563098626
 20
-125.8958117042731
 30
0.0
 10
136.5700563098626
 20
-125.8567968504024
 30
0.0
 10
136.5607034339347
 20
-125.8224584344956
 30
0.0
 10
136.5419976820787
 20
-125.7927964565528
 30
0.0
 10
136.5232919302237
 20
-125.7631344786099
 30
0.0
 10
136.4965694275726
 20
-125.7428253765949
 30
0.0
 10
136.4618301741262
 20
-125.7318691505077
 30
0.0
 10
136.4270909206796
 20
-125.7209129244218
 30
0.0
 10
136.3674997397675
 20
-125.7154348113782
 30
0.0
 10
136.28305663139
 20
-125.7154348113782
 30
0.0
 10
136.28305663139
 20
-125.7154348113782
 30
0.0
 10
136.048165833086
 20
-125.7154348113782
 30
0.0
 10
136.048165833086
 20
-125.7154348113782
 30
0.0
 10
136.048165833086
 20
-125.7154348113782
 30
0.0
 10
136.048165833086
 20
-126.0705768716117
 30
0.0
 10
136.048165833086
 20
-126.0705768716117
 30
0.0
  0
SPLINE
  5
AE
330
1F
100
AcDbEntity
  8
Capa 1
370
     0
100
AcDbSpline
210
0.0
220
0.0
230
1.0
 70
    11
 71
     3
 72
    35
 73
    31
 74
     0
 42
0.0000000001
 43
0.0000000001
 12
1.0
 22
0.0
 32
0.0
 13
1.0
 23
0.0
 33
0.0
 40
0.0
 40
0.0
 40
0.0
 40
0.0
 40
1.0
 40
1.0
 40
1.0
 40
2.0
 40
2.0
 40
2.0
 40
3.0
 40
3.0
 40
3.0
 40
4.0
 40
4.0
 40
4.0
 40
5.0
 40
5.0
 40
5.0
 40
6.0
 40
6.0
 40
6.0
 40
7.0
 40
7.0
 40
7.0
 40
8.0
 40
8.0
 40
8.0
 40
9.0
 40
9.0
 40
9.0
 40
10.0
 40
10.0
 40
10.0
 40
10.0
 10
136.048165833086
 20
-126.6133109004573
 30
0.0
 10
136.048165833086
 20
-126.6133109004573
 30
0.0
 10
136.3407772371157
 20
-126.6133109004573
 30
0.0
 10
136.3407772371157
 20
-126.6133109004573
 30
0.0
 10
136.3910155421
 20
-126.6133109004573
 30
0.0
 10
136.4262892455999
 20
-126.6114403252709
 30
0.0
 10
136.446598347615
 20
-126.6076991749002
 30
0.0
 10
136.482406501167
 20
-126.6012857742634
 30
0.0
 10
136.5123357041368
 20
-126.5905967732045
 30
0.0
 10
136.5363859565226
 20
-126.5756321717189
 30
0.0
 10
136.5604362089084
 20
-126.5606675702346
 30
0.0
 10
136.5802108608707
 20
-126.5388887305744
 30
0.0
 10
136.5957099124084
 20
-126.5102956527369
 30
0.0
 10
136.611208963946
 20
-126.4817025749007
 30
0.0
 10
136.6189584897151
 20
-126.4487002841262
 30
0.0
 10
136.6189584897151
 20
-126.4112887804149
 30
0.0
 10
136.6189584897151
 20
-126.3674638760674
 30
0.0
 10
136.6077350386009
 20
-126.3293843097879
 30
0.0
 10
136.5852881363742
 20
-126.297050081581
 30
0.0
 10
136.5628412341471
 20
-126.2647158533727
 30
0.0
 10
136.5317095185587
 20
-126.2420017261187
 30
0.0
 10
136.4918929896086
 20
-126.2289076998201
 30
0.0
 10
136.4520764606579
 20
-126.2158136735215
 30
0.0
 10
136.394756692471
 20
-126.2092666603712
 30
0.0
 10
136.319933685048
 20
-126.2092666603712
 30
0.0
 10
136.319933685048
 20
-126.2092666603712
 30
0.0
 10
136.048165833086
 20
-126.2092666603712
 30
0.0
 10
136.048165833086
 20
-126.2092666603712
 30
0.0
 10
136.048165833086
 20
-126.2092666603712
 30
0.0
 10
136.048165833086
 20
-126.6133109004573
 30
0.0
 10
136.048165833086
 20
-126.6133109004573
 30
0.0
  0
HATCH
  5
AF
330
1F
100
AcDbEntity
  8
Capa 1
 62
   255
100
AcDbHatch
 10
0.0
 20
0.0
 30
0.0
210
0.0
220
0.0
230
1.0
  2
SOLID
 70
     1
 71
     0
 91
        3
 92
        1
 93
        1
 72
     4
 94
        3
 73
     0
 74
     1
 95
       47
 96
       43
 40
0.0
 40
0.0
 40
0.0
 40
0.0
 40
1.0
 40
1.0
 40
1.0
 40
2.0
 40
2.0
 40
2.0
 40
3.0
 40
3.0
 40
3.0
 40
4.0
 40
4.0
 40
4.0
 40
5.0
 40
5.0
 40
5.0
 40
6.0
 40
6.0
 40
6.0
 40
7.0
 40
7.0
 40
7.0
 40
8.0
 40
8.0
 40
8.0
 40
9.0
 40
9.0
 40
9.0
 40
10.0
 40
10.0
 40
10.0
 40
11.0
 40
11.0
 40
11.0
 40
12.0
 40
12.0
 40
12.0
 40
13.0
 40
13.0
 40
13.0
 40
14.0
 40
14.0
 40
14.0
 40
14.0
 10
135.8926408676552
 20
-126.7520006892168
 10
135.8926408676552
 20
-126.7520006892168
 10
135.8926408676552
 20
-125.5767450226173
 10
135.8926408676552
 20
-125.5767450226173
 10
135.8926408676552
 20
-125.5767450226173
 10
136.3335621614006
 20
-125.5767450226173
 10
136.3335621614006
 20
-125.5767450226173
 10
136.4233497703082
 20
-125.5767450226173
 10
136.495366914953
 20
-125.5886365362984
 10
136.5496135953347
 20
-125.6124195636565
 10
136.6038602757167
 20
-125.6362025910172
 10
136.6463490549318
 20
-125.6728124196495
 10
136.677079932981
 20
-125.7222490495528
 10
136.7078108110302
 20
-125.7716856794581
 10
136.7231762500544
 20
-125.8233937220882
 10
136.7231762500544
 20
-125.8773731774432
 10
136.7231762500544
 20
-125.9276114824281
 10
136.7095477737024
 20
-125.97491031212
 10
136.682290820998
 20
-126.019269666522
 10
136.6550338682941
 20
-126.0636290209229
 10
136.6138812142107
 20
-126.0994371744749
 10
136.55883285875
 20
-126.12669412718
 10
136.6299147158013
 20
-126.1475376792465
 10
136.6845622337229
 20
-126.183078607774
 10
136.7227754125145
 20
-126.2333169127576
 10
136.7609885913065
 20
-126.2835552177419
 10
136.7800951807011
 20
-126.3428791736277
 10
136.7800951807011
 20
-126.4112887804149
 10
136.7800951807011
 20
-126.4663371358753
 10
136.768470892048
 20
-126.5175107284527
 10
136.7452223147419
 20
-126.5648095581452
 10
136.7219737374348
 20
-126.6121083878378
 10
136.6932470470852
 20
-126.6485846039566
 10
136.6590422436919
 20
-126.6742382065011
 10
136.6248374402985
 20
-126.6998918090475
 10
136.5819478235429
 20
-126.7192656234687
 10
136.5303733934257
 20
-126.7323596497673
 10
136.4787989633097
 20
-126.7454536760678
 10
136.4156002445391
 20
-126.7520006892168
 10
136.3407772371157
 20
-126.7520006892168
 10
136.3407772371157
 20
-126.7520006892168
 10
135.8926408676552
 20
-126.7520006892168
 10
135.8926408676552
 20
-126.7520006892168
 97
        0
 92
        1
 93
        1
 72
     4
 94
        3
 73
     0
 74
     1
 95
       32
 96
       28
 40
0.0
 40
0.0
 40
0.0
 40
0.0
 40
1.0
 40
1.0
 40
1.0
 40
2.0
 40
2.0
 40
2.0
 40
3.0
 40
3.0
 40
3.0
 40
4.0
 40
4.0
 40
4.0
 40
5.0
 40
5.0
 40
5.0
 40
6.0
 40
6.0
 40
6.0
 40
7.0
 40
7.0
 40
7.0
 40
8.0
 40
8.0
 40
8.0
 40
9.0
 40
9.0
 40
9.0
 40
9.0
 10
136.048165833086
 20
-126.0705768716117
 10
136.048165833086
 20
-126.0705768716117
 10
136.3022968332983
 20
-126.0705768716117
 10
136.3022968332983
 20
-126.0705768716117
 10
136.3712408901383
 20
-126.0705768716117
 10
136.4206775200435
 20
-126.0660340461606
 10
136.4506067230121
 20
-126.0569483952598
 10
136.4901560269361
 20
-126.0451904940929
 10
136.5199516173925
 20
-126.0256830671588
 10
136.5399934943802
 20
-125.9984261144537
 10
136.5600353713686
 20
-125.9711691617486
 10
136.5700563098626
 20
-125.9369643583559
 10
136.5700563098626
 20
-125.8958117042731
 10
136.5700563098626
 20
-125.8567968504024
 10
136.5607034339347
 20
-125.8224584344956
 10
136.5419976820787
 20
-125.7927964565528
 10
136.5232919302237
 20
-125.7631344786099
 10
136.4965694275726
 20
-125.7428253765949
 10
136.4618301741262
 20
-125.7318691505077
 10
136.4270909206796
 20
-125.7209129244218
 10
136.3674997397675
 20
-125.7154348113782
 10
136.28305663139
 20
-125.7154348113782
 10
136.28305663139
 20
-125.7154348113782
 10
136.048165833086
 20
-125.7154348113782
 10
136.048165833086
 20
-125.7154348113782
 10
136.048165833086
 20
-125.7154348113782
 10
136.048165833086
 20
-126.0705768716117
 10
136.048165833086
 20
-126.0705768716117
 97
        0
 92
        1
 93
        1
 72
     4
 94
        3
 73
     0
 74
     1
 95
       35
 96
       31
 40
0.0
 40
0.0
 40
0.0
 40
0.0
 40
1.0
 40
1.0
 40
1.0
 40
2.0
 40
2.0
 40
2.0
 40
3.0
 40
3.0
 40
3.0
 40
4.0
 40
4.0
 40
4.0
 40
5.0
 40
5.0
 40
5.0
 40
6.0
 40
6.0
 40
6.0
 40
7.0
 40
7.0
 40
7.0
 40
8.0
 40
8.0
 40
8.0
 40
9.0
 40
9.0
 40
9.0
 40
10.0
 40
10.0
 40
10.0
 40
10.0
 10
136.048165833086
 20
-126.6133109004573
 10
136.048165833086
 20
-126.6133109004573
 10
136.3407772371157
 20
-126.6133109004573
 10
136.3407772371157
 20
-126.6133109004573
 10
136.3910155421
 20
-126.6133109004573
 10
136.4262892455999
 20
-126.6114403252709
 10
136.446598347615
 20
-126.6076991749002
 10
136.482406501167
 20
-126.6012857742634
 10
136.5123357041368
 20
-126.5905967732045
 10
136.5363859565226
 20
-126.5756321717189
 10
136.5604362089084
 20
-126.5606675702346
 10
136.5802108608707
 20
-126.5388887305744
 10
136.5957099124084
 20
-126.5102956527369
 10
136.611208963946
 20
-126.4817025749007
 10
136.6189584897151
 20
-126.4487002841262
 10
136.6189584897151
 20
-126.4112887804149
 10
136.6189584897151
 20
-126.3674638760674
 10
136.6077350386009
 20
-126.3293843097879
 10
136.5852881363742
 20
-126.297050081581
 10
136.5628412341471
 20
-126.2647158533727
 10
136.5317095185587
 20
-126.2420017261187
 10
136.4918929896086
 20
-126.2289076998201
 10
136.4520764606579
 20
-126.2158136735215
 10
136.394756692471
 20
-126.2092666603712
 10
136.319933685048
 20
-126.2092666603712
 10
136.319933685048
 20
-126.2092666603712
 10
136.048165833086
 20
-126.2092666603712
 10
136.048165833086
 20
-126.2092666603712
 10
136.048165833086
 20
-126.2092666603712
 10
136.048165833086
 20
-126.6133109004573
 10
136.048165833086
 20
-126.6133109004573
 97
        0
 75
     2
 76
     1
 98
        0
  0
SPLINE
  5
B0
330
1F
100
AcDbEntity
  8
Capa 1
370
     0
100
AcDbSpline
210
0.0
220
0.0
230
1.0
 70
    11
 71
     3
 72
    41
 73
    37
 74
     0
 42
0.0000000001
 43
0.0000000001
 12
1.0
 22
0.0
 32
0.0
 13
1.0
 23
0.0
 33
0.0
 40
0.0
 40
0.0
 40
0.0
 40
0.0
 40
1.0
 40
1.0
 40
1.0
 40
2.0
 40
2.0
 40
2.0
 40
3.0
 40
3.0
 40
3.0
 40
4.0
 40
4.0
 40
4.0
 40
5.0
 40
5.0
 40
5.0
 40
6.0
 40
6.0
 40
6.0
 40
7.0
 40
7.0
 40
7.0
 40
8.0
 40
8.0
 40
8.0
 40
9.0
 40
9.0
 40
9.0
 40
10.0
 40
10.0
 40
10.0
 40
11.0
 40
11.0
 40
11.0
 40
12.0
 40
12.0
 40
12.0
 40
12.0
 10
136.9356201461312
 20
-126.1723896067126
 30
0.0
 10
136.9356201461312
 20
-126.033432592926
 30
0.0
 10
136.9499166850497
 20
-125.9215989193318
 30
0.0
 10
136.9785097628862
 20
-125.8368885859272
 30
0.0
 10
137.0071028407231
 20
-125.7521782525227
 30
0.0
 10
137.0495916199388
 20
-125.686841733542
 30
0.0
 10
137.1059761005328
 20
-125.6408790289811
 30
0.0
 10
137.1623605811269
 20
-125.5949163244203
 30
0.0
 10
137.2333088256653
 20
-125.5719349721406
 30
0.0
 10
137.3188208341489
 20
-125.5719349721406
 30
0.0
 10
137.3818859404054
 20
-125.5719349721406
 30
0.0
 10
137.4372015208941
 20
-125.5846281609
 30
0.0
 10
137.4847675756129
 20
-125.6100145384188
 30
0.0
 10
137.5323336303321
 20
-125.6354009159376
 30
0.0
 10
137.5716157092292
 20
-125.6720107445692
 30
0.0
 10
137.6026138123048
 20
-125.7198440243151
 30
0.0
 10
137.63361191538
 20
-125.767677304061
 30
0.0
 10
137.6579293927921
 20
-125.8259323598401
 30
0.0
 10
137.6755662445424
 20
-125.8946091916536
 30
0.0
 10
137.6932030962921
 20
-125.9632860234672
 30
0.0
 10
137.7020215221673
 20
-126.0558794951531
 30
0.0
 10
137.7020215221673
 20
-126.1723896067126
 30
0.0
 10
137.7020215221673
 20
-126.3102777203924
 30
0.0
 10
137.687858595762
 20
-126.4215769439346
 30
0.0
 10
137.6595327429525
 20
-126.5062872773385
 30
0.0
 10
137.6312068901416
 20
-126.590997610743
 30
0.0
 10
137.5888517234397
 20
-126.6564677422386
 30
0.0
 10
137.5324672428457
 20
-126.7026976718257
 30
0.0
 10
137.4760827622516
 20
-126.7489276014122
 30
0.0
 10
137.4048672926862
 20
-126.7720425662061
 30
0.0
 10
137.3188208341489
 20
-126.7720425662061
 30
0.0
 10
137.2055174229082
 20
-126.7720425662061
 30
0.0
 10
137.1165314890796
 20
-126.7314243621761
 30
0.0
 10
137.0518630326637
 20
-126.6501879541159
 30
0.0
 10
136.974367774975
 20
-126.5523835944135
 30
0.0
 10
136.9356201461312
 20
-126.3931174786119
 30
0.0
 10
136.9356201461312
 20
-126.1723896067126
 30
0.0
  0
SPLINE
  5
B1
330
1F
100
AcDbEntity
  8
Capa 1
370
     0
100
AcDbSpline
210
0.0
220
0.0
230
1.0
 70
    11
 71
     3
 72
    29
 73
    25
 74
     0
 42
0.0000000001
 43
0.0000000001
 12
1.0
 22
0.0
 32
0.0
 13
1.0
 23
0.0
 33
0.0
 40
0.0
 40
0.0
 40
0.0
 40
0.0
 40
1.0
 40
1.0
 40
1.0
 40
2.0
 40
2.0
 40
2.0
 40
3.0
 40
3.0
 40
3.0
 40
4.0
 40
4.0
 40
4.0
 40
5.0
 40
5.0
 40
5.0
 40
6.0
 40
6.0
 40
6.0
 40
7.0
 40
7.0
 40
7.0
 40
8.0
 40
8.0
 40
8.0
 40
8.0
 10
137.083930035845
 20
-126.1723896067126
 30
0.0
 10
137.083930035845
 20
-126.3653260758541
 30
0.0
 10
137.1065105505855
 20
-126.4937277010932
 30
0.0
 10
137.1516715800657
 20
-126.5575944824301
 30
0.0
 10
137.1968326095472
 20
-126.6214612637656
 30
0.0
 10
137.2525490275744
 20
-126.6533946544346
 30
0.0
 10
137.3188208341489
 20
-126.6533946544346
 30
0.0
 10
137.3850926407238
 20
-126.6533946544346
 30
0.0
 10
137.440809058752
 20
-126.6213276512527
 30
0.0
 10
137.4859700882325
 20
-126.5571936448896
 30
0.0
 10
137.5311311177126
 20
-126.4930596385277
 30
0.0
 10
137.5537116324529
 20
-126.3647916258014
 30
0.0
 10
137.5537116324529
 20
-126.1723896067126
 30
0.0
 10
137.5537116324529
 20
-125.9789186875183
 30
0.0
 10
137.5311311177126
 20
-125.8503834497663
 30
0.0
 10
137.4859700882325
 20
-125.7867838934552
 30
0.0
 10
137.440809058752
 20
-125.7231843371466
 30
0.0
 10
137.3845581906708
 20
-125.6913845589917
 30
0.0
 10
137.3172174839902
 20
-125.6913845589917
 30
0.0
 10
137.250945677415
 20
-125.6913845589917
 30
0.0
 10
137.1980351221657
 20
-125.7194431867753
 30
0.0
 10
137.158485818242
 20
-125.775560442343
 30
0.0
 10
137.1087819633107
 20
-125.8471767494489
 30
0.0
 10
137.083930035845
 20
-125.979453137571
 30
0.0
 10
137.083930035845
 20
-126.1723896067126
 30
0.0
  0
HATCH
  5
B2
330
1F
100
AcDbEntity
  8
Capa 1
 62
   255
100
AcDbHatch
 10
0.0
 20
0.0
 30
0.0
210
0.0
220
0.0
230
1.0
  2
SOLID
 70
     1
 71
     0
 91
        2
 92
        1
 93
        1
 72
     4
 94
        3
 73
     0
 74
     1
 95
       41
 96
       37
 40
0.0
 40
0.0
 40
0.0
 40
0.0
 40
1.0
 40
1.0
 40
1.0
 40
2.0
 40
2.0
 40
2.0
 40
3.0
 40
3.0
 40
3.0
 40
4.0
 40
4.0
 40
4.0
 40
5.0
 40
5.0
 40
5.0
 40
6.0
 40
6.0
 40
6.0
 40
7.0
 40
7.0
 40
7.0
 40
8.0
 40
8.0
 40
8.0
 40
9.0
 40
9.0
 40
9.0
 40
10.0
 40
10.0
 40
10.0
 40
11.0
 40
11.0
 40
11.0
 40
12.0
 40
12.0
 40
12.0
 40
12.0
 10
136.9356201461312
 20
-126.1723896067126
 10
136.9356201461312
 20
-126.033432592926
 10
136.9499166850497
 20
-125.9215989193318
 10
136.9785097628862
 20
-125.8368885859272
 10
137.0071028407231
 20
-125.7521782525227
 10
137.0495916199388
 20
-125.686841733542
 10
137.1059761005328
 20
-125.6408790289811
 10
137.1623605811269
 20
-125.5949163244203
 10
137.2333088256653
 20
-125.5719349721406
 10
137.3188208341489
 20
-125.5719349721406
 10
137.3818859404054
 20
-125.5719349721406
 10
137.4372015208941
 20
-125.5846281609
 10
137.4847675756129
 20
-125.6100145384188
 10
137.5323336303321
 20
-125.6354009159376
 10
137.5716157092292
 20
-125.6720107445692
 10
137.6026138123048
 20
-125.7198440243151
 10
137.63361191538
 20
-125.767677304061
 10
137.6579293927921
 20
-125.8259323598401
 10
137.6755662445424
 20
-125.8946091916536
 10
137.6932030962921
 20
-125.9632860234672
 10
137.7020215221673
 20
-126.0558794951531
 10
137.7020215221673
 20
-126.1723896067126
 10
137.7020215221673
 20
-126.3102777203924
 10
137.687858595762
 20
-126.4215769439346
 10
137.6595327429525
 20
-126.5062872773385
 10
137.6312068901416
 20
-126.590997610743
 10
137.5888517234397
 20
-126.6564677422386
 10
137.5324672428457
 20
-126.7026976718257
 10
137.4760827622516
 20
-126.7489276014122
 10
137.4048672926862
 20
-126.7720425662061
 10
137.3188208341489
 20
-126.7720425662061
 10
137.2055174229082
 20
-126.7720425662061
 10
137.1165314890796
 20
-126.7314243621761
 10
137.0518630326637
 20
-126.6501879541159
 10
136.974367774975
 20
-126.5523835944135
 10
136.9356201461312
 20
-126.3931174786119
 10
136.9356201461312
 20
-126.1723896067126
 97
        0
 92
        1
 93
        1
 72
     4
 94
        3
 73
     0
 74
     1
 95
       29
 96
       25
 40
0.0
 40
0.0
 40
0.0
 40
0.0
 40
1.0
 40
1.0
 40
1.0
 40
2.0
 40
2.0
 40
2.0
 40
3.0
 40
3.0
 40
3.0
 40
4.0
 40
4.0
 40
4.0
 40
5.0
 40
5.0
 40
5.0
 40
6.0
 40
6.0
 40
6.0
 40
7.0
 40
7.0
 40
7.0
 40
8.0
 40
8.0
 40
8.0
 40
8.0
 10
137.083930035845
 20
-126.1723896067126
 10
137.083930035845
 20
-126.3653260758541
 10
137.1065105505855
 20
-126.4937277010932
 10
137.1516715800657
 20
-126.5575944824301
 10
137.1968326095472
 20
-126.6214612637656
 10
137.2525490275744
 20
-126.6533946544346
 10
137.3188208341489
 20
-126.6533946544346
 10
137.3850926407238
 20
-126.6533946544346
 10
137.440809058752
 20
-126.6213276512527
 10
137.4859700882325
 20
-126.5571936448896
 10
137.5311311177126
 20
-126.4930596385277
 10
137.5537116324529
 20
-126.3647916258014
 10
137.5537116324529
 20
-126.1723896067126
 10
137.5537116324529
 20
-125.9789186875183
 10
137.5311311177126
 20
-125.8503834497663
 10
137.4859700882325
 20
-125.7867838934552
 10
137.440809058752
 20
-125.7231843371466
 10
137.3845581906708
 20
-125.6913845589917
 10
137.3172174839902
 20
-125.6913845589917
 10
137.250945677415
 20
-125.6913845589917
 10
137.1980351221657
 20
-125.7194431867753
 10
137.158485818242
 20
-125.775560442343
 10
137.1087819633107
 20
-125.8471767494489
 10
137.083930035845
 20
-125.979453137571
 10
137.083930035845
 20
-126.1723896067126
 97
        0
 75
     2
 76
     1
 98
        0
  0
SPLINE
  5
B3
330
1F
100
AcDbEntity
  8
Capa 1
370
     0
100
AcDbSpline
210
0.0
220
0.0
230
1.0
 70
    11
 71
     3
 72
    41
 73
    37
 74
     0
 42
0.0000000001
 43
0.0000000001
 12
1.0
 22
0.0
 32
0.0
 13
1.0
 23
0.0
 33
0.0
 40
0.0
 40
0.0
 40
0.0
 40
0.0
 40
1.0
 40
1.0
 40
1.0
 40
2.0
 40
2.0
 40
2.0
 40
3.0
 40
3.0
 40
3.0
 40
4.0
 40
4.0
 40
4.0
 40
5.0
 40
5.0
 40
5.0
 40
6.0
 40
6.0
 40
6.0
 40
7.0
 40
7.0
 40
7.0
 40
8.0
 40
8.0
 40
8.0
 40
9.0
 40
9.0
 40
9.0
 40
10.0
 40
10.0
 40
10.0
 40
11.0
 40
11.0
 40
11.0
 40
12.0
 40
12.0
 40
12.0
 40
12.0
 10
137.8487280617219
 20
-126.1723896067126
 30
0.0
 10
137.8487280617219
 20
-126.033432592926
 30
0.0
 10
137.8630246006404
 20
-125.9215989193318
 30
0.0
 10
137.8916176784769
 20
-125.8368885859272
 30
0.0
 10
137.9202107563141
 20
-125.7521782525227
 30
0.0
 10
137.9626995355292
 20
-125.686841733542
 30
0.0
 10
138.0190840161232
 20
-125.6408790289811
 30
0.0
 10
138.0754684967173
 20
-125.5949163244203
 30
0.0
 10
138.1464167412564
 20
-125.5719349721406
 30
0.0
 10
138.2319287497396
 20
-125.5719349721406
 30
0.0
 10
138.2949938559971
 20
-125.5719349721406
 30
0.0
 10
138.3503094364845
 20
-125.5846281609
 30
0.0
 10
138.3978754912033
 20
-125.6100145384188
 30
0.0
 10
138.4454415459228
 20
-125.6354009159376
 30
0.0
 10
138.4847236248202
 20
-125.6720107445692
 30
0.0
 10
138.5157217278958
 20
-125.7198440243151
 30
0.0
 10
138.546719830971
 20
-125.767677304061
 30
0.0
 10
138.5710373083835
 20
-125.8259323598401
 30
0.0
 10
138.5886741601331
 20
-125.8946091916536
 30
0.0
 10
138.6063110118834
 20
-125.9632860234672
 30
0.0
 10
138.615129437758
 20
-126.0558794951531
 30
0.0
 10
138.615129437758
 20
-126.1723896067126
 30
0.0
 10
138.615129437758
 20
-126.3102777203924
 30
0.0
 10
138.600966511353
 20
-126.4215769439346
 30
0.0
 10
138.5726406585428
 20
-126.5062872773385
 30
0.0
 10
138.5443148057323
 20
-126.590997610743
 30
0.0
 10
138.5019596390304
 20
-126.6564677422386
 30
0.0
 10
138.4455751584364
 20
-126.7026976718257
 30
0.0
 10
138.3891906778423
 20
-126.7489276014122
 30
0.0
 10
138.3179752082769
 20
-126.7720425662061
 30
0.0
 10
138.2319287497396
 20
-126.7720425662061
 30
0.0
 10
138.1186253384986
 20
-126.7720425662061
 30
0.0
 10
138.0296394046706
 20
-126.7314243621761
 30
0.0
 10
137.9649709482547
 20
-126.6501879541159
 30
0.0
 10
137.8874756905663
 20
-126.5523835944135
 30
0.0
 10
137.8487280617219
 20
-126.3931174786119
 30
0.0
 10
137.8487280617219
 20
-126.1723896067126
 30
0.0
  0
SPLINE
  5
B4
330
1F
100
AcDbEntity
  8
Capa 1
370
     0
100
AcDbSpline
210
0.0
220
0.0
230
1.0
 70
    11
 71
     3
 72
    29
 73
    25
 74
     0
 42
0.0000000001
 43
0.0000000001
 12
1.0
 22
0.0
 32
0.0
 13
1.0
 23
0.0
 33
0.0
 40
0.0
 40
0.0
 40
0.0
 40
0.0
 40
1.0
 40
1.0
 40
1.0
 40
2.0
 40
2.0
 40
2.0
 40
3.0
 40
3.0
 40
3.0
 40
4.0
 40
4.0
 40
4.0
 40
5.0
 40
5.0
 40
5.0
 40
6.0
 40
6.0
 40
6.0
 40
7.0
 40
7.0
 40
7.0
 40
8.0
 40
8.0
 40
8.0
 40
8.0
 10
137.997037951436
 20
-126.1723896067126
 30
0.0
 10
137.997037951436
 20
-126.3653260758541
 30
0.0
 10
138.0196184661766
 20
-126.4937277010932
 30
0.0
 10
138.0647794956571
 20
-126.5575944824301
 30
0.0
 10
138.1099405251375
 20
-126.6214612637656
 30
0.0
 10
138.1656569431654
 20
-126.6533946544346
 30
0.0
 10
138.2319287497396
 20
-126.6533946544346
 30
0.0
 10
138.2982005563152
 20
-126.6533946544346
 30
0.0
 10
138.353916974343
 20
-126.6213276512527
 30
0.0
 10
138.3990780038229
 20
-126.5571936448896
 30
0.0
 10
138.4442390333033
 20
-126.4930596385277
 30
0.0
 10
138.4668195480436
 20
-126.3647916258014
 30
0.0
 10
138.4668195480436
 20
-126.1723896067126
 30
0.0
 10
138.4668195480436
 20
-125.9789186875183
 30
0.0
 10
138.4442390333033
 20
-125.8503834497663
 30
0.0
 10
138.3990780038229
 20
-125.7867838934552
 30
0.0
 10
138.353916974343
 20
-125.7231843371466
 30
0.0
 10
138.2976661062615
 20
-125.6913845589917
 30
0.0
 10
138.2303253995812
 20
-125.6913845589917
 30
0.0
 10
138.1640535930067
 20
-125.6913845589917
 30
0.0
 10
138.1111430377571
 20
-125.7194431867753
 30
0.0
 10
138.0715937338327
 20
-125.775560442343
 30
0.0
 10
138.0218898789014
 20
-125.8471767494489
 30
0.0
 10
137.997037951436
 20
-125.979453137571
 30
0.0
 10
137.997037951436
 20
-126.1723896067126
 30
0.0
  0
HATCH
  5
B5
330
1F
100
AcDbEntity
  8
Capa 1
 62
   255
100
AcDbHatch
 10
0.0
 20
0.0
 30
0.0
210
0.0
220
0.0
230
1.0
  2
SOLID
 70
     1
 71
     0
 91
        2
 92
        1
 93
        1
 72
     4
 94
        3
 73
     0
 74
     1
 95
       41
 96
       37
 40
0.0
 40
0.0
 40
0.0
 40
0.0
 40
1.0
 40
1.0
 40
1.0
 40
2.0
 40
2.0
 40
2.0
 40
3.0
 40
3.0
 40
3.0
 40
4.0
 40
4.0
 40
4.0
 40
5.0
 40
5.0
 40
5.0
 40
6.0
 40
6.0
 40
6.0
 40
7.0
 40
7.0
 40
7.0
 40
8.0
 40
8.0
 40
8.0
 40
9.0
 40
9.0
 40
9.0
 40
10.0
 40
10.0
 40
10.0
 40
11.0
 40
11.0
 40
11.0
 40
12.0
 40
12.0
 40
12.0
 40
12.0
 10
137.8487280617219
 20
-126.1723896067126
 10
137.8487280617219
 20
-126.033432592926
 10
137.8630246006404
 20
-125.9215989193318
 10
137.8916176784769
 20
-125.8368885859272
 10
137.9202107563141
 20
-125.7521782525227
 10
137.9626995355292
 20
-125.686841733542
 10
138.0190840161232
 20
-125.6408790289811
 10
138.0754684967173
 20
-125.5949163244203
 10
138.1464167412564
 20
-125.5719349721406
 10
138.2319287497396
 20
-125.5719349721406
 10
138.2949938559971
 20
-125.5719349721406
 10
138.3503094364845
 20
-125.5846281609
 10
138.3978754912033
 20
-125.6100145384188
 10
138.4454415459228
 20
-125.6354009159376
 10
138.4847236248202
 20
-125.6720107445692
 10
138.5157217278958
 20
-125.7198440243151
 10
138.546719830971
 20
-125.767677304061
 10
138.5710373083835
 20
-125.8259323598401
 10
138.5886741601331
 20
-125.8946091916536
 10
138.6063110118834
 20
-125.9632860234672
 10
138.615129437758
 20
-126.0558794951531
 10
138.615129437758
 20
-126.1723896067126
 10
138.615129437758
 20
-126.3102777203924
 10
138.600966511353
 20
-126.4215769439346
 10
138.5726406585428
 20
-126.5062872773385
 10
138.5443148057323
 20
-126.590997610743
 10
138.5019596390304
 20
-126.6564677422386
 10
138.4455751584364
 20
-126.7026976718257
 10
138.3891906778423
 20
-126.7489276014122
 10
138.3179752082769
 20
-126.7720425662061
 10
138.2319287497396
 20
-126.7720425662061
 10
138.1186253384986
 20
-126.7720425662061
 10
138.0296394046706
 20
-126.7314243621761
 10
137.9649709482547
 20
-126.6501879541159
 10
137.8874756905663
 20
-126.5523835944135
 10
137.8487280617219
 20
-126.3931174786119
 10
137.8487280617219
 20
-126.1723896067126
 97
        0
 92
        1
 93
        1
 72
     4
 94
        3
 73
     0
 74
     1
 95
       29
 96
       25
 40
0.0
 40
0.0
 40
0.0
 40
0.0
 40
1.0
 40
1.0
 40
1.0
 40
2.0
 40
2.0
 40
2.0
 40
3.0
 40
3.0
 40
3.0
 40
4.0
 40
4.0
 40
4.0
 40
5.0
 40
5.0
 40
5.0
 40
6.0
 40
6.0
 40
6.0
 40
7.0
 40
7.0
 40
7.0
 40
8.0
 40
8.0
 40
8.0
 40
8.0
 10
137.997037951436
 20
-126.1723896067126
 10
137.997037951436
 20
-126.3653260758541
 10
138.0196184661766
 20
-126.4937277010932
 10
138.0647794956571
 20
-126.5575944824301
 10
138.1099405251375
 20
-126.6214612637656
 10
138.1656569431654
 20
-126.6533946544346
 10
138.2319287497396
 20
-126.6533946544346
 10
138.2982005563152
 20
-126.6533946544346
 10
138.353916974343
 20
-126.6213276512527
 10
138.3990780038229
 20
-126.5571936448896
 10
138.4442390333033
 20
-126.4930596385277
 10
138.4668195480436
 20
-126.3647916258014
 10
138.4668195480436
 20
-126.1723896067126
 10
138.4668195480436
 20
-125.9789186875183
 10
138.4442390333033
 20
-125.8503834497663
 10
138.3990780038229
 20
-125.7867838934552
 10
138.353916974343
 20
-125.7231843371466
 10
138.2976661062615
 20
-125.6913845589917
 10
138.2303253995812
 20
-125.6913845589917
 10
138.1640535930067
 20
-125.6913845589917
 10
138.1111430377571
 20
-125.7194431867753
 10
138.0715937338327
 20
-125.775560442343
 10
138.0218898789014
 20
-125.8471767494489
 10
137.997037951436
 20
-125.979453137571
 10
137.997037951436
 20
-126.1723896067126
 97
        0
 75
     2
 76
     1
 98
        0
  0
SPLINE
  5
B6
330
1F
100
AcDbEntity
  8
Capa 1
370
     0
100
AcDbSpline
210
0.0
220
0.0
230
1.0
 70
    11
 71
     3
 72
    41
 73
    37
 74
     0
 42
0.0000000001
 43
0.0000000001
 12
1.0
 22
0.0
 32
0.0
 13
1.0
 23
0.0
 33
0.0
 40
0.0
 40
0.0
 40
0.0
 40
0.0
 40
1.0
 40
1.0
 40
1.0
 40
2.0
 40
2.0
 40
2.0
 40
3.0
 40
3.0
 40
3.0
 40
4.0
 40
4.0
 40
4.0
 40
5.0
 40
5.0
 40
5.0
 40
6.0
 40
6.0
 40
6.0
 40
7.0
 40
7.0
 40
7.0
 40
8.0
 40
8.0
 40
8.0
 40
9.0
 40
9.0
 40
9.0
 40
10.0
 40
10.0
 40
10.0
 40
11.0
 40
11.0
 40
11.0
 40
12.0
 40
12.0
 40
12.0
 40
12.0
 10
138.761835977313
 20
-126.1723896067126
 30
0.0
 10
138.761835977313
 20
-126.033432592926
 30
0.0
 10
138.7761325162307
 20
-125.9215989193318
 30
0.0
 10
138.8047255940683
 20
-125.8368885859272
 30
0.0
 10
138.8333186719045
 20
-125.7521782525227
 30
0.0
 10
138.8758074511202
 20
-125.686841733542
 30
0.0
 10
138.9321919317139
 20
-125.6408790289811
 30
0.0
 10
138.988576412308
 20
-125.5949163244203
 30
0.0
 10
139.0595246568468
 20
-125.5719349721406
 30
0.0
 10
139.145036665331
 20
-125.5719349721406
 30
0.0
 10
139.2081017715884
 20
-125.5719349721406
 30
0.0
 10
139.2634173520752
 20
-125.5846281609
 30
0.0
 10
139.3109834067947
 20
-125.6100145384188
 30
0.0
 10
139.3585494615135
 20
-125.6354009159376
 30
0.0
 10
139.3978315404109
 20
-125.6720107445692
 30
0.0
 10
139.4288296434862
 20
-125.7198440243151
 30
0.0
 10
139.4598277465617
 20
-125.767677304061
 30
0.0
 10
139.4842120302309
 20
-125.8259323598401
 30
0.0
 10
139.5018488819806
 20
-125.8946091916536
 30
0.0
 10
139.5194857337309
 20
-125.9632860234672
 30
0.0
 10
139.5283041596054
 20
-126.0558794951531
 30
0.0
 10
139.5283041596054
 20
-126.1723896067126
 30
0.0
 10
139.5283041596054
 20
-126.3102777203924
 30
0.0
 10
139.5141412332001
 20
-126.4215769439346
 30
0.0
 10
139.48581538039
 20
-126.5062872773385
 30
0.0
 10
139.457422721323
 20
-126.590997610743
 30
0.0
 10
139.4150675546207
 20
-126.6564677422386
 30
0.0
 10
139.3586830740267
 20
-126.7026976718257
 30
0.0
 10
139.3022985934327
 20
-126.7489276014122
 30
0.0
 10
139.2310831238679
 20
-126.7720425662061
 30
0.0
 10
139.145036665331
 20
-126.7720425662061
 30
0.0
 10
139.0317332540893
 20
-126.7720425662061
 30
0.0
 10
138.9427473202616
 20
-126.7314243621761
 30
0.0
 10
138.8780788638451
 20
-126.6501879541159
 30
0.0
 10
138.8005836061577
 20
-126.5523835944135
 30
0.0
 10
138.761835977313
 20
-126.3931174786119
 30
0.0
 10
138.761835977313
 20
-126.1723896067126
 30
0.0
  0
SPLINE
  5
B7
330
1F
100
AcDbEntity
  8
Capa 1
370
     0
100
AcDbSpline
210
0.0
220
0.0
230
1.0
 70
    11
 71
     3
 72
    29
 73
    25
 74
     0
 42
0.0000000001
 43
0.0000000001
 12
1.0
 22
0.0
 32
0.0
 13
1.0
 23
0.0
 33
0.0
 40
0.0
 40
0.0
 40
0.0
 40
0.0
 40
1.0
 40
1.0
 40
1.0
 40
2.0
 40
2.0
 40
2.0
 40
3.0
 40
3.0
 40
3.0
 40
4.0
 40
4.0
 40
4.0
 40
5.0
 40
5.0
 40
5.0
 40
6.0
 40
6.0
 40
6.0
 40
7.0
 40
7.0
 40
7.0
 40
8.0
 40
8.0
 40
8.0
 40
8.0
 10
138.9101458670273
 20
-126.1723896067126
 30
0.0
 10
138.9101458670273
 20
-126.3653260758541
 30
0.0
 10
138.9327263817669
 20
-126.4937277010932
 30
0.0
 10
138.9778874112481
 20
-126.5575944824301
 30
0.0
 10
139.0230484407279
 20
-126.6214612637656
 30
0.0
 10
139.0787648587554
 20
-126.6533946544346
 30
0.0
 10
139.145036665331
 20
-126.6533946544346
 30
0.0
 10
139.2113084719062
 20
-126.6533946544346
 30
0.0
 10
139.2670248899334
 20
-126.6213276512527
 30
0.0
 10
139.3121859194136
 20
-126.5571936448896
 30
0.0
 10
139.357346948895
 20
-126.4930596385277
 30
0.0
 10
139.3799274636349
 20
-126.3647916258014
 30
0.0
 10
139.3799274636349
 20
-126.1723896067126
 30
0.0
 10
139.3799274636349
 20
-125.9789186875183
 30
0.0
 10
139.357346948895
 20
-125.8503834497663
 30
0.0
 10
139.3121859194136
 20
-125.7867838934552
 30
0.0
 10
139.2670248899334
 20
-125.7231843371466
 30
0.0
 10
139.2107740218528
 20
-125.6913845589917
 30
0.0
 10
139.1434333151716
 20
-125.6913845589917
 30
0.0
 10
139.0771615085971
 20
-125.6913845589917
 30
0.0
 10
139.0242509533474
 20
-125.7194431867753
 30
0.0
 10
138.9847016494234
 20
-125.775560442343
 30
0.0
 10
138.9349977944925
 20
-125.8471767494489
 30
0.0
 10
138.9101458670273
 20
-125.979453137571
 30
0.0
 10
138.9101458670273
 20
-126.1723896067126
 30
0.0
  0
HATCH
  5
B8
330
1F
100
AcDbEntity
  8
Capa 1
 62
   255
100
AcDbHatch
 10
0.0
 20
0.0
 30
0.0
210
0.0
220
0.0
230
1.0
  2
SOLID
 70
     1
 71
     0
 91
        2
 92
        1
 93
        1
 72
     4
 94
        3
 73
     0
 74
     1
 95
       41
 96
       37
 40
0.0
 40
0.0
 40
0.0
 40
0.0
 40
1.0
 40
1.0
 40
1.0
 40
2.0
 40
2.0
 40
2.0
 40
3.0
 40
3.0
 40
3.0
 40
4.0
 40
4.0
 40
4.0
 40
5.0
 40
5.0
 40
5.0
 40
6.0
 40
6.0
 40
6.0
 40
7.0
 40
7.0
 40
7.0
 40
8.0
 40
8.0
 40
8.0
 40
9.0
 40
9.0
 40
9.0
 40
10.0
 40
10.0
 40
10.0
 40
11.0
 40
11.0
 40
11.0
 40
12.0
 40
12.0
 40
12.0
 40
12.0
 10
138.761835977313
 20
-126.1723896067126
 10
138.761835977313
 20
-126.033432592926
 10
138.7761325162307
 20
-125.9215989193318
 10
138.8047255940683
 20
-125.8368885859272
 10
138.8333186719045
 20
-125.7521782525227
 10
138.8758074511202
 20
-125.686841733542
 10
138.9321919317139
 20
-125.6408790289811
 10
138.988576412308
 20
-125.5949163244203
 10
139.0595246568468
 20
-125.5719349721406
 10
139.145036665331
 20
-125.5719349721406
 10
139.2081017715884
 20
-125.5719349721406
 10
139.2634173520752
 20
-125.5846281609
 10
139.3109834067947
 20
-125.6100145384188
 10
139.3585494615135
 20
-125.6354009159376
 10
139.3978315404109
 20
-125.6720107445692
 10
139.4288296434862
 20
-125.7198440243151
 10
139.4598277465617
 20
-125.767677304061
 10
139.4842120302309
 20
-125.8259323598401
 10
139.5018488819806
 20
-125.8946091916536
 10
139.5194857337309
 20
-125.9632860234672
 10
139.5283041596054
 20
-126.0558794951531
 10
139.5283041596054
 20
-126.1723896067126
 10
139.5283041596054
 20
-126.3102777203924
 10
139.5141412332001
 20
-126.4215769439346
 10
139.48581538039
 20
-126.5062872773385
 10
139.457422721323
 20
-126.590997610743
 10
139.4150675546207
 20
-126.6564677422386
 10
139.3586830740267
 20
-126.7026976718257
 10
139.3022985934327
 20
-126.7489276014122
 10
139.2310831238679
 20
-126.7720425662061
 10
139.145036665331
 20
-126.7720425662061
 10
139.0317332540893
 20
-126.7720425662061
 10
138.9427473202616
 20
-126.7314243621761
 10
138.8780788638451
 20
-126.6501879541159
 10
138.8005836061577
 20
-126.5523835944135
 10
138.761835977313
 20
-126.3931174786119
 10
138.761835977313
 20
-126.1723896067126
 97
        0
 92
        1
 93
        1
 72
     4
 94
        3
 73
     0
 74
     1
 95
       29
 96
       25
 40
0.0
 40
0.0
 40
0.0
 40
0.0
 40
1.0
 40
1.0
 40
1.0
 40
2.0
 40
2.0
 40
2.0
 40
3.0
 40
3.0
 40
3.0
 40
4.0
 40
4.0
 40
4.0
 40
5.0
 40
5.0
 40
5.0
 40
6.0
 40
6.0
 40
6.0
 40
7.0
 40
7.0
 40
7.0
 40
8.0
 40
8.0
 40
8.0
 40
8.0
 10
138.9101458670273
 20
-126.1723896067126
 10
138.9101458670273
 20
-126.3653260758541
 10
138.9327263817669
 20
-126.4937277010932
 10
138.9778874112481
 20
-126.5575944824301
 10
139.0230484407279
 20
-126.6214612637656
 10
139.0787648587554
 20
-126.6533946544346
 10
139.145036665331
 20
-126.6533946544346
 10
139.2113084719062
 20
-126.6533946544346
 10
139.2670248899334
 20
-126.6213276512527
 10
139.3121859194136
 20
-126.5571936448896
 10
139.357346948895
 20
-126.4930596385277
 10
139.3799274636349
 20
-126.3647916258014
 10
139.3799274636349
 20
-126.1723896067126
 10
139.3799274636349
 20
-125.9789186875183
 10
139.357346948895
 20
-125.8503834497663
 10
139.3121859194136
 20
-125.7867838934552
 10
139.2670248899334
 20
-125.7231843371466
 10
139.2107740218528
 20
-125.6913845589917
 10
139.1434333151716
 20
-125.6913845589917
 10
139.0771615085971
 20
-125.6913845589917
 10
139.0242509533474
 20
-125.7194431867753
 10
138.9847016494234
 20
-125.775560442343
 10
138.9349977944925
 20
-125.8471767494489
 10
138.9101458670273
 20
-125.979453137571
 10
138.9101458670273
 20
-126.1723896067126
 97
        0
 75
     2
 76
     1
 98
        0
  0
SPLINE
  5
B9
330
1F
100
AcDbEntity
  8
Capa 1
370
     0
100
AcDbSpline
210
0.0
220
0.0
230
1.0
 70
    11
 71
     3
 72
    41
 73
    37
 74
     0
 42
0.0000000001
 43
0.0000000001
 12
1.0
 22
0.0
 32
0.0
 13
1.0
 23
0.0
 33
0.0
 40
0.0
 40
0.0
 40
0.0
 40
0.0
 40
1.0
 40
1.0
 40
1.0
 40
2.0
 40
2.0
 40
2.0
 40
3.0
 40
3.0
 40
3.0
 40
4.0
 40
4.0
 40
4.0
 40
5.0
 40
5.0
 40
5.0
 40
6.0
 40
6.0
 40
6.0
 40
7.0
 40
7.0
 40
7.0
 40
8.0
 40
8.0
 40
8.0
 40
9.0
 40
9.0
 40
9.0
 40
10.0
 40
10.0
 40
10.0
 40
11.0
 40
11.0
 40
11.0
 40
12.0
 40
12.0
 40
12.0
 40
12.0
 10
139.6750106991601
 20
-126.1723896067126
 30
0.0
 10
139.6750106991601
 20
-126.033432592926
 30
0.0
 10
139.6893072380788
 20
-125.9215989193318
 30
0.0
 10
139.7179003159157
 20
-125.8368885859272
 30
0.0
 10
139.7464933937516
 20
-125.7521782525227
 30
0.0
 10
139.7889821729673
 20
-125.686841733542
 30
0.0
 10
139.8453666535614
 20
-125.6408790289811
 30
0.0
 10
139.9017511341561
 20
-125.5949163244203
 30
0.0
 10
139.9726993786942
 20
-125.5719349721406
 30
0.0
 10
140.0582113871784
 20
-125.5719349721406
 30
0.0
 10
140.1212764934349
 20
-125.5719349721406
 30
0.0
 10
140.1765920739226
 20
-125.5846281609
 30
0.0
 10
140.2241581286421
 20
-125.6100145384188
 30
0.0
 10
140.271724183361
 20
-125.6354009159376
 30
0.0
 10
140.3110062622584
 20
-125.6720107445692
 30
0.0
 10
140.3420043653336
 20
-125.7198440243151
 30
0.0
 10
140.3730024684095
 20
-125.767677304061
 30
0.0
 10
140.3973199458223
 20
-125.8259323598401
 30
0.0
 10
140.4149567975716
 20
-125.8946091916536
 30
0.0
 10
140.4325936493216
 20
-125.9632860234672
 30
0.0
 10
140.4414120751968
 20
-126.0558794951531
 30
0.0
 10
140.4414120751968
 20
-126.1723896067126
 30
0.0
 10
140.4414120751968
 20
-126.3102777203924
 30
0.0
 10
140.4272491487908
 20
-126.4215769439346
 30
0.0
 10
140.3989232959807
 20
-126.5062872773385
 30
0.0
 10
140.3705974431711
 20
-126.590997610743
 30
0.0
 10
140.3282422764685
 20
-126.6564677422386
 30
0.0
 10
140.2718577958739
 20
-126.7026976718257
 30
0.0
 10
140.2154733152801
 20
-126.7489276014122
 30
0.0
 10
140.144257845715
 20
-126.7720425662061
 30
0.0
 10
140.0582113871784
 20
-126.7720425662061
 30
0.0
 10
139.944907975937
 20
-126.7720425662061
 30
0.0
 10
139.8559220421091
 20
-126.7314243621761
 30
0.0
 10
139.7912535856926
 20
-126.6501879541159
 30
0.0
 10
139.7137583280051
 20
-126.5523835944135
 30
0.0
 10
139.6750106991601
 20
-126.3931174786119
 30
0.0
 10
139.6750106991601
 20
-126.1723896067126
 30
0.0
  0
SPLINE
  5
BA
330
1F
100
AcDbEntity
  8
Capa 1
370
     0
100
AcDbSpline
210
0.0
220
0.0
230
1.0
 70
    11
 71
     3
 72
    29
 73
    25
 74
     0
 42
0.0000000001
 43
0.0000000001
 12
1.0
 22
0.0
 32
0.0
 13
1.0
 23
0.0
 33
0.0
 40
0.0
 40
0.0
 40
0.0
 40
0.0
 40
1.0
 40
1.0
 40
1.0
 40
2.0
 40
2.0
 40
2.0
 40
3.0
 40
3.0
 40
3.0
 40
4.0
 40
4.0
 40
4.0
 40
5.0
 40
5.0
 40
5.0
 40
6.0
 40
6.0
 40
6.0
 40
7.0
 40
7.0
 40
7.0
 40
8.0
 40
8.0
 40
8.0
 40
8.0
 10
139.8233205888745
 20
-126.1723896067126
 30
0.0
 10
139.8233205888745
 20
-126.3653260758541
 30
0.0
 10
139.8459011036144
 20
-126.4937277010932
 30
0.0
 10
139.8910621330955
 20
-126.5575944824301
 30
0.0
 10
139.9362231625754
 20
-126.6214612637656
 30
0.0
 10
139.9919395806029
 20
-126.6533946544346
 30
0.0
 10
140.0582113871784
 20
-126.6533946544346
 30
0.0
 10
140.124483193753
 20
-126.6533946544346
 30
0.0
 10
140.1801996117808
 20
-126.6213276512527
 30
0.0
 10
140.225360641261
 20
-126.5571936448896
 30
0.0
 10
140.2705216707425
 20
-126.4930596385277
 30
0.0
 10
140.2931021854824
 20
-126.3647916258014
 30
0.0
 10
140.2931021854824
 20
-126.1723896067126
 30
0.0
 10
140.2931021854824
 20
-125.9789186875183
 30
0.0
 10
140.2705216707425
 20
-125.8503834497663
 30
0.0
 10
140.225360641261
 20
-125.7867838934552
 30
0.0
 10
140.1801996117808
 20
-125.7231843371466
 30
0.0
 10
140.1239487437009
 20
-125.6913845589917
 30
0.0
 10
140.0566080370191
 20
-125.6913845589917
 30
0.0
 10
139.9903362304445
 20
-125.6913845589917
 30
0.0
 10
139.9374256751949
 20
-125.7194431867753
 30
0.0
 10
139.8978763712709
 20
-125.775560442343
 30
0.0
 10
139.8481725163399
 20
-125.8471767494489
 30
0.0
 10
139.8233205888745
 20
-125.979453137571
 30
0.0
 10
139.8233205888745
 20
-126.1723896067126
 30
0.0
  0
HATCH
  5
BB
330
1F
100
AcDbEntity
  8
Capa 1
 62
   255
100
AcDbHatch
 10
0.0
 20
0.0
 30
0.0
210
0.0
220
0.0
230
1.0
  2
SOLID
 70
     1
 71
     0
 91
        2
 92
        1
 93
        1
 72
     4
 94
        3
 73
     0
 74
     1
 95
       41
 96
       37
 40
0.0
 40
0.0
 40
0.0
 40
0.0
 40
1.0
 40
1.0
 40
1.0
 40
2.0
 40
2.0
 40
2.0
 40
3.0
 40
3.0
 40
3.0
 40
4.0
 40
4.0
 40
4.0
 40
5.0
 40
5.0
 40
5.0
 40
6.0
 40
6.0
 40
6.0
 40
7.0
 40
7.0
 40
7.0
 40
8.0
 40
8.0
 40
8.0
 40
9.0
 40
9.0
 40
9.0
 40
10.0
 40
10.0
 40
10.0
 40
11.0
 40
11.0
 40
11.0
 40
12.0
 40
12.0
 40
12.0
 40
12.0
 10
139.6750106991601
 20
-126.1723896067126
 10
139.6750106991601
 20
-126.033432592926
 10
139.6893072380788
 20
-125.9215989193318
 10
139.7179003159157
 20
-125.8368885859272
 10
139.7464933937516
 20
-125.7521782525227
 10
139.7889821729673
 20
-125.686841733542
 10
139.8453666535614
 20
-125.6408790289811
 10
139.9017511341561
 20
-125.5949163244203
 10
139.9726993786942
 20
-125.5719349721406
 10
140.0582113871784
 20
-125.5719349721406
 10
140.1212764934349
 20
-125.5719349721406
 10
140.1765920739226
 20
-125.5846281609
 10
140.2241581286421
 20
-125.6100145384188
 10
140.271724183361
 20
-125.6354009159376
 10
140.3110062622584
 20
-125.6720107445692
 10
140.3420043653336
 20
-125.7198440243151
 10
140.3730024684095
 20
-125.767677304061
 10
140.3973199458223
 20
-125.8259323598401
 10
140.4149567975716
 20
-125.8946091916536
 10
140.4325936493216
 20
-125.9632860234672
 10
140.4414120751968
 20
-126.0558794951531
 10
140.4414120751968
 20
-126.1723896067126
 10
140.4414120751968
 20
-126.3102777203924
 10
140.4272491487908
 20
-126.4215769439346
 10
140.3989232959807
 20
-126.5062872773385
 10
140.3705974431711
 20
-126.590997610743
 10
140.3282422764685
 20
-126.6564677422386
 10
140.2718577958739
 20
-126.7026976718257
 10
140.2154733152801
 20
-126.7489276014122
 10
140.144257845715
 20
-126.7720425662061
 10
140.0582113871784
 20
-126.7720425662061
 10
139.944907975937
 20
-126.7720425662061
 10
139.8559220421091
 20
-126.7314243621761
 10
139.7912535856926
 20
-126.6501879541159
 10
139.7137583280051
 20
-126.5523835944135
 10
139.6750106991601
 20
-126.3931174786119
 10
139.6750106991601
 20
-126.1723896067126
 97
        0
 92
        1
 93
        1
 72
     4
 94
        3
 73
     0
 74
     1
 95
       29
 96
       25
 40
0.0
 40
0.0
 40
0.0
 40
0.0
 40
1.0
 40
1.0
 40
1.0
 40
2.0
 40
2.0
 40
2.0
 40
3.0
 40
3.0
 40
3.0
 40
4.0
 40
4.0
 40
4.0
 40
5.0
 40
5.0
 40
5.0
 40
6.0
 40
6.0
 40
6.0
 40
7.0
 40
7.0
 40
7.0
 40
8.0
 40
8.0
 40
8.0
 40
8.0
 10
139.8233205888745
 20
-126.1723896067126
 10
139.8233205888745
 20
-126.3653260758541
 10
139.8459011036144
 20
-126.4937277010932
 10
139.8910621330955
 20
-126.5575944824301
 10
139.9362231625754
 20
-126.6214612637656
 10
139.9919395806029
 20
-126.6533946544346
 10
140.0582113871784
 20
-126.6533946544346
 10
140.124483193753
 20
-126.6533946544346
 10
140.1801996117808
 20
-126.6213276512527
 10
140.225360641261
 20
-126.5571936448896
 10
140.2705216707425
 20
-126.4930596385277
 10
140.2931021854824
 20
-126.3647916258014
 10
140.2931021854824
 20
-126.1723896067126
 10
140.2931021854824
 20
-125.9789186875183
 10
140.2705216707425
 20
-125.8503834497663
 10
140.225360641261
 20
-125.7867838934552
 10
140.1801996117808
 20
-125.7231843371466
 10
140.1239487437009
 20
-125.6913845589917
 10
140.0566080370191
 20
-125.6913845589917
 10
139.9903362304445
 20
-125.6913845589917
 10
139.9374256751949
 20
-125.7194431867753
 10
139.8978763712709
 20
-125.775560442343
 10
139.8481725163399
 20
-125.8471767494489
 10
139.8233205888745
 20
-125.979453137571
 10
139.8233205888745
 20
-126.1723896067126
 97
        0
 75
     2
 76
     1
 98
        0
  0
SPLINE
  5
BC
330
1F
100
AcDbEntity
  8
Capa 1
370
     0
100
AcDbSpline
210
0.0
220
0.0
230
1.0
 70
    11
 71
     3
 72
    41
 73
    37
 74
     0
 42
0.0000000001
 43
0.0000000001
 12
1.0
 22
0.0
 32
0.0
 13
1.0
 23
0.0
 33
0.0
 40
0.0
 40
0.0
 40
0.0
 40
0.0
 40
1.0
 40
1.0
 40
1.0
 40
2.0
 40
2.0
 40
2.0
 40
3.0
 40
3.0
 40
3.0
 40
4.0
 40
4.0
 40
4.0
 40
5.0
 40
5.0
 40
5.0
 40
6.0
 40
6.0
 40
6.0
 40
7.0
 40
7.0
 40
7.0
 40
8.0
 40
8.0
 40
8.0
 40
9.0
 40
9.0
 40
9.0
 40
10.0
 40
10.0
 40
10.0
 40
11.0
 40
11.0
 40
11.0
 40
12.0
 40
12.0
 40
12.0
 40
12.0
 10
140.5881186147511
 20
-126.1723896067126
 30
0.0
 10
140.5881186147511
 20
-126.033432592926
 30
0.0
 10
140.6024151536695
 20
-125.9215989193318
 30
0.0
 10
140.6310082315074
 20
-125.8368885859272
 30
0.0
 10
140.6596013093433
 20
-125.7521782525227
 30
0.0
 10
140.702090088558
 20
-125.686841733542
 30
0.0
 10
140.7584745691521
 20
-125.6408790289811
 30
0.0
 10
140.8148590497461
 20
-125.5949163244203
 30
0.0
 10
140.8858072942852
 20
-125.5719349721406
 30
0.0
 10
140.9713193027694
 20
-125.5719349721406
 30
0.0
 10
141.0343844090259
 20
-125.5719349721406
 30
0.0
 10
141.0896999895149
 20
-125.5846281609
 30
0.0
 10
141.1372660442328
 20
-125.6100145384188
 30
0.0
 10
141.1848320989523
 20
-125.6354009159376
 30
0.0
 10
141.2241141778488
 20
-125.6720107445692
 30
0.0
 10
141.2551122809243
 20
-125.7198440243151
 30
0.0
 10
141.2861103840005
 20
-125.767677304061
 30
0.0
 10
141.3104278614126
 20
-125.8259323598401
 30
0.0
 10
141.3280647131623
 20
-125.8946091916536
 30
0.0
 10
141.345701564912
 20
-125.9632860234672
 30
0.0
 10
141.3545199907871
 20
-126.0558794951531
 30
0.0
 10
141.3545199907871
 20
-126.1723896067126
 30
0.0
 10
141.3545199907871
 20
-126.3102777203924
 30
0.0
 10
141.3403570643819
 20
-126.4215769439346
 30
0.0
 10
141.3120312115714
 20
-126.5062872773385
 30
0.0
 10
141.2837053587609
 20
-126.590997610743
 30
0.0
 10
141.2413501920589
 20
-126.6564677422386
 30
0.0
 10
141.1849657114649
 20
-126.7026976718257
 30
0.0
 10
141.1285812308709
 20
-126.7489276014122
 30
0.0
 10
141.0573657613054
 20
-126.7720425662061
 30
0.0
 10
140.9713193027694
 20
-126.7720425662061
 30
0.0
 10
140.8580158915281
 20
-126.7720425662061
 30
0.0
 10
140.7690299576994
 20
-126.7314243621761
 30
0.0
 10
140.7043615012836
 20
-126.6501879541159
 30
0.0
 10
140.6268662435955
 20
-126.5523835944135
 30
0.0
 10
140.5881186147511
 20
-126.3931174786119
 30
0.0
 10
140.5881186147511
 20
-126.1723896067126
 30
0.0
  0
SPLINE
  5
BD
330
1F
100
AcDbEntity
  8
Capa 1
370
     0
100
AcDbSpline
210
0.0
220
0.0
230
1.0
 70
    11
 71
     3
 72
    29
 73
    25
 74
     0
 42
0.0000000001
 43
0.0000000001
 12
1.0
 22
0.0
 32
0.0
 13
1.0
 23
0.0
 33
0.0
 40
0.0
 40
0.0
 40
0.0
 40
0.0
 40
1.0
 40
1.0
 40
1.0
 40
2.0
 40
2.0
 40
2.0
 40
3.0
 40
3.0
 40
3.0
 40
4.0
 40
4.0
 40
4.0
 40
5.0
 40
5.0
 40
5.0
 40
6.0
 40
6.0
 40
6.0
 40
7.0
 40
7.0
 40
7.0
 40
8.0
 40
8.0
 40
8.0
 40
8.0
 10
140.7364285044655
 20
-126.1723896067126
 30
0.0
 10
140.7364285044655
 20
-126.3653260758541
 30
0.0
 10
140.7590090192057
 20
-126.4937277010932
 30
0.0
 10
140.8041700486859
 20
-126.5575944824301
 30
0.0
 10
140.8493310781661
 20
-126.6214612637656
 30
0.0
 10
140.9050474961942
 20
-126.6533946544346
 30
0.0
 10
140.9713193027694
 20
-126.6533946544346
 30
0.0
 10
141.0375911093437
 20
-126.6533946544346
 30
0.0
 10
141.0933075273715
 20
-126.6213276512527
 30
0.0
 10
141.1384685568523
 20
-126.5571936448896
 30
0.0
 10
141.1836295863328
 20
-126.4930596385277
 30
0.0
 10
141.2062101010728
 20
-126.3647916258014
 30
0.0
 10
141.2062101010728
 20
-126.1723896067126
 30
0.0
 10
141.2062101010728
 20
-125.9789186875183
 30
0.0
 10
141.1836295863328
 20
-125.8503834497663
 30
0.0
 10
141.1384685568523
 20
-125.7867838934552
 30
0.0
 10
141.0933075273715
 20
-125.7231843371466
 30
0.0
 10
141.0370566592913
 20
-125.6913845589917
 30
0.0
 10
140.9697159526098
 20
-125.6913845589917
 30
0.0
 10
140.9034441460349
 20
-125.6913845589917
 30
0.0
 10
140.8505335907856
 20
-125.7194431867753
 30
0.0
 10
140.8109842868619
 20
-125.775560442343
 30
0.0
 10
140.7612804319309
 20
-125.8471767494489
 30
0.0
 10
140.7364285044655
 20
-125.979453137571
 30
0.0
 10
140.7364285044655
 20
-126.1723896067126
 30
0.0
  0
HATCH
  5
BE
330
1F
100
AcDbEntity
  8
Capa 1
 62
   255
100
AcDbHatch
 10
0.0
 20
0.0
 30
0.0
210
0.0
220
0.0
230
1.0
  2
SOLID
 70
     1
 71
     0
 91
        2
 92
        1
 93
        1
 72
     4
 94
        3
 73
     0
 74
     1
 95
       41
 96
       37
 40
0.0
 40
0.0
 40
0.0
 40
0.0
 40
1.0
 40
1.0
 40
1.0
 40
2.0
 40
2.0
 40
2.0
 40
3.0
 40
3.0
 40
3.0
 40
4.0
 40
4.0
 40
4.0
 40
5.0
 40
5.0
 40
5.0
 40
6.0
 40
6.0
 40
6.0
 40
7.0
 40
7.0
 40
7.0
 40
8.0
 40
8.0
 40
8.0
 40
9.0
 40
9.0
 40
9.0
 40
10.0
 40
10.0
 40
10.0
 40
11.0
 40
11.0
 40
11.0
 40
12.0
 40
12.0
 40
12.0
 40
12.0
 10
140.5881186147511
 20
-126.1723896067126
 10
140.5881186147511
 20
-126.033432592926
 10
140.6024151536695
 20
-125.9215989193318
 10
140.6310082315074
 20
-125.8368885859272
 10
140.6596013093433
 20
-125.7521782525227
 10
140.702090088558
 20
-125.686841733542
 10
140.7584745691521
 20
-125.6408790289811
 10
140.8148590497461
 20
-125.5949163244203
 10
140.8858072942852
 20
-125.5719349721406
 10
140.9713193027694
 20
-125.5719349721406
 10
141.0343844090259
 20
-125.5719349721406
 10
141.0896999895149
 20
-125.5846281609
 10
141.1372660442328
 20
-125.6100145384188
 10
141.1848320989523
 20
-125.6354009159376
 10
141.2241141778488
 20
-125.6720107445692
 10
141.2551122809243
 20
-125.7198440243151
 10
141.2861103840005
 20
-125.767677304061
 10
141.3104278614126
 20
-125.8259323598401
 10
141.3280647131623
 20
-125.8946091916536
 10
141.345701564912
 20
-125.9632860234672
 10
141.3545199907871
 20
-126.0558794951531
 10
141.3545199907871
 20
-126.1723896067126
 10
141.3545199907871
 20
-126.3102777203924
 10
141.3403570643819
 20
-126.4215769439346
 10
141.3120312115714
 20
-126.5062872773385
 10
141.2837053587609
 20
-126.590997610743
 10
141.2413501920589
 20
-126.6564677422386
 10
141.1849657114649
 20
-126.7026976718257
 10
141.1285812308709
 20
-126.7489276014122
 10
141.0573657613054
 20
-126.7720425662061
 10
140.9713193027694
 20
-126.7720425662061
 10
140.8580158915281
 20
-126.7720425662061
 10
140.7690299576994
 20
-126.7314243621761
 10
140.7043615012836
 20
-126.6501879541159
 10
140.6268662435955
 20
-126.5523835944135
 10
140.5881186147511
 20
-126.3931174786119
 10
140.5881186147511
 20
-126.1723896067126
 97
        0
 92
        1
 93
        1
 72
     4
 94
        3
 73
     0
 74
     1
 95
       29
 96
       25
 40
0.0
 40
0.0
 40
0.0
 40
0.0
 40
1.0
 40
1.0
 40
1.0
 40
2.0
 40
2.0
 40
2.0
 40
3.0
 40
3.0
 40
3.0
 40
4.0
 40
4.0
 40
4.0
 40
5.0
 40
5.0
 40
5.0
 40
6.0
 40
6.0
 40
6.0
 40
7.0
 40
7.0
 40
7.0
 40
8.0
 40
8.0
 40
8.0
 40
8.0
 10
140.7364285044655
 20
-126.1723896067126
 10
140.7364285044655
 20
-126.3653260758541
 10
140.7590090192057
 20
-126.4937277010932
 10
140.8041700486859
 20
-126.5575944824301
 10
140.8493310781661
 20
-126.6214612637656
 10
140.9050474961942
 20
-126.6533946544346
 10
140.9713193027694
 20
-126.6533946544346
 10
141.0375911093437
 20
-126.6533946544346
 10
141.0933075273715
 20
-126.6213276512527
 10
141.1384685568523
 20
-126.5571936448896
 10
141.1836295863328
 20
-126.4930596385277
 10
141.2062101010728
 20
-126.3647916258014
 10
141.2062101010728
 20
-126.1723896067126
 10
141.2062101010728
 20
-125.9789186875183
 10
141.1836295863328
 20
-125.8503834497663
 10
141.1384685568523
 20
-125.7867838934552
 10
141.0933075273715
 20
-125.7231843371466
 10
141.0370566592913
 20
-125.6913845589917
 10
140.9697159526098
 20
-125.6913845589917
 10
140.9034441460349
 20
-125.6913845589917
 10
140.8505335907856
 20
-125.7194431867753
 10
140.8109842868619
 20
-125.775560442343
 10
140.7612804319309
 20
-125.8471767494489
 10
140.7364285044655
 20
-125.979453137571
 10
140.7364285044655
 20
-126.1723896067126
 97
        0
 75
     2
 76
     1
 98
        0
  0
SPLINE
  5
BF
330
1F
100
AcDbEntity
  8
Capa 1
370
     0
100
AcDbSpline
210
0.0
220
0.0
230
1.0
 70
    11
 71
     3
 72
    41
 73
    37
 74
     0
 42
0.0000000001
 43
0.0000000001
 12
1.0
 22
0.0
 32
0.0
 13
1.0
 23
0.0
 33
0.0
 40
0.0
 40
0.0
 40
0.0
 40
0.0
 40
1.0
 40
1.0
 40
1.0
 40
2.0
 40
2.0
 40
2.0
 40
3.0
 40
3.0
 40
3.0
 40
4.0
 40
4.0
 40
4.0
 40
5.0
 40
5.0
 40
5.0
 40
6.0
 40
6.0
 40
6.0
 40
7.0
 40
7.0
 40
7.0
 40
8.0
 40
8.0
 40
8.0
 40
9.0
 40
9.0
 40
9.0
 40
10.0
 40
10.0
 40
10.0
 40
11.0
 40
11.0
 40
11.0
 40
12.0
 40
12.0
 40
12.0
 40
12.0
 10
141.5012265303418
 20
-126.1723896067126
 30
0.0
 10
141.5012265303418
 20
-126.033432592926
 30
0.0
 10
141.5155230692606
 20
-125.9215989193318
 30
0.0
 10
141.5441161470971
 20
-125.8368885859272
 30
0.0
 10
141.572709224934
 20
-125.7521782525227
 30
0.0
 10
141.6151980041491
 20
-125.686841733542
 30
0.0
 10
141.6715824847431
 20
-125.6408790289811
 30
0.0
 10
141.7279669653371
 20
-125.5949163244203
 30
0.0
 10
141.7989152098766
 20
-125.5719349721406
 30
0.0
 10
141.8844272183598
 20
-125.5719349721406
 30
0.0
 10
141.9474923246166
 20
-125.5719349721406
 30
0.0
 10
142.0028079051053
 20
-125.5846281609
 30
0.0
 10
142.0503739598238
 20
-125.6100145384188
 30
0.0
 10
142.0979400145427
 20
-125.6354009159376
 30
0.0
 10
142.1372220934401
 20
-125.6720107445692
 30
0.0
 10
142.1682201965157
 20
-125.7198440243151
 30
0.0
 10
142.1992182995903
 20
-125.767677304061
 30
0.0
 10
142.2235357770033
 20
-125.8259323598401
 30
0.0
 10
142.2411726287533
 20
-125.8946091916536
 30
0.0
 10
142.2588094805024
 20
-125.9632860234672
 30
0.0
 10
142.2676279063775
 20
-126.0558794951531
 30
0.0
 10
142.2676279063775
 20
-126.1723896067126
 30
0.0
 10
142.2676279063775
 20
-126.3102777203924
 30
0.0
 10
142.2534649799732
 20
-126.4215769439346
 30
0.0
 10
142.2251391271624
 20
-126.5062872773385
 30
0.0
 10
142.1968132743522
 20
-126.590997610743
 30
0.0
 10
142.1544581076499
 20
-126.6564677422386
 30
0.0
 10
142.0980736270559
 20
-126.7026976718257
 30
0.0
 10
142.0416891464622
 20
-126.7489276014122
 30
0.0
 10
141.9704736768958
 20
-126.7720425662061
 30
0.0
 10
141.8844272183598
 20
-126.7720425662061
 30
0.0
 10
141.7711238071191
 20
-126.7720425662061
 30
0.0
 10
141.6821378732905
 20
-126.7314243621761
 30
0.0
 10
141.6174694168749
 20
-126.6501879541159
 30
0.0
 10
141.5399741591862
 20
-126.5523835944135
 30
0.0
 10
141.5012265303418
 20
-126.3931174786119
 30
0.0
 10
141.5012265303418
 20
-126.1723896067126
 30
0.0
  0
SPLINE
  5
C0
330
1F
100
AcDbEntity
  8
Capa 1
370
     0
100
AcDbSpline
210
0.0
220
0.0
230
1.0
 70
    11
 71
     3
 72
    29
 73
    25
 74
     0
 42
0.0000000001
 43
0.0000000001
 12
1.0
 22
0.0
 32
0.0
 13
1.0
 23
0.0
 33
0.0
 40
0.0
 40
0.0
 40
0.0
 40
0.0
 40
1.0
 40
1.0
 40
1.0
 40
2.0
 40
2.0
 40
2.0
 40
3.0
 40
3.0
 40
3.0
 40
4.0
 40
4.0
 40
4.0
 40
5.0
 40
5.0
 40
5.0
 40
6.0
 40
6.0
 40
6.0
 40
7.0
 40
7.0
 40
7.0
 40
8.0
 40
8.0
 40
8.0
 40
8.0
 10
141.6495364200559
 20
-126.1723896067126
 30
0.0
 10
141.6495364200559
 20
-126.3653260758541
 30
0.0
 10
141.6721169347964
 20
-126.4937277010932
 30
0.0
 10
141.7172779642766
 20
-126.5575944824301
 30
0.0
 10
141.7624389937574
 20
-126.6214612637656
 30
0.0
 10
141.8181554117853
 20
-126.6533946544346
 30
0.0
 10
141.8844272183598
 20
-126.6533946544346
 30
0.0
 10
141.9506990249347
 20
-126.6533946544346
 30
0.0
 10
142.0064154429622
 20
-126.6213276512527
 30
0.0
 10
142.051576472444
 20
-126.5571936448896
 30
0.0
 10
142.0967375019232
 20
-126.4930596385277
 30
0.0
 10
142.1193180166638
 20
-126.3647916258014
 30
0.0
 10
142.1193180166638
 20
-126.1723896067126
 30
0.0
 10
142.1193180166638
 20
-125.9789186875183
 30
0.0
 10
142.0967375019232
 20
-125.8503834497663
 30
0.0
 10
142.051576472444
 20
-125.7867838934552
 30
0.0
 10
142.0064154429622
 20
-125.7231843371466
 30
0.0
 10
141.950164574882
 20
-125.6913845589917
 30
0.0
 10
141.8828238682011
 20
-125.6913845589917
 30
0.0
 10
141.8165520616256
 20
-125.6913845589917
 30
0.0
 10
141.7636415063763
 20
-125.7194431867753
 30
0.0
 10
141.7240922024529
 20
-125.775560442343
 30
0.0
 10
141.6743883475226
 20
-125.8471767494489
 30
0.0
 10
141.6495364200559
 20
-125.979453137571
 30
0.0
 10
141.6495364200559
 20
-126.1723896067126
 30
0.0
  0
HATCH
  5
C1
330
1F
100
AcDbEntity
  8
Capa 1
 62
   255
100
AcDbHatch
 10
0.0
 20
0.0
 30
0.0
210
0.0
220
0.0
230
1.0
  2
SOLID
 70
     1
 71
     0
 91
        2
 92
        1
 93
        1
 72
     4
 94
        3
 73
     0
 74
     1
 95
       41
 96
       37
 40
0.0
 40
0.0
 40
0.0
 40
0.0
 40
1.0
 40
1.0
 40
1.0
 40
2.0
 40
2.0
 40
2.0
 40
3.0
 40
3.0
 40
3.0
 40
4.0
 40
4.0
 40
4.0
 40
5.0
 40
5.0
 40
5.0
 40
6.0
 40
6.0
 40
6.0
 40
7.0
 40
7.0
 40
7.0
 40
8.0
 40
8.0
 40
8.0
 40
9.0
 40
9.0
 40
9.0
 40
10.0
 40
10.0
 40
10.0
 40
11.0
 40
11.0
 40
11.0
 40
12.0
 40
12.0
 40
12.0
 40
12.0
 10
141.5012265303418
 20
-126.1723896067126
 10
141.5012265303418
 20
-126.033432592926
 10
141.5155230692606
 20
-125.9215989193318
 10
141.5441161470971
 20
-125.8368885859272
 10
141.572709224934
 20
-125.7521782525227
 10
141.6151980041491
 20
-125.686841733542
 10
141.6715824847431
 20
-125.6408790289811
 10
141.7279669653371
 20
-125.5949163244203
 10
141.7989152098766
 20
-125.5719349721406
 10
141.8844272183598
 20
-125.5719349721406
 10
141.9474923246166
 20
-125.5719349721406
 10
142.0028079051053
 20
-125.5846281609
 10
142.0503739598238
 20
-125.6100145384188
 10
142.0979400145427
 20
-125.6354009159376
 10
142.1372220934401
 20
-125.6720107445692
 10
142.1682201965157
 20
-125.7198440243151
 10
142.1992182995903
 20
-125.767677304061
 10
142.2235357770033
 20
-125.8259323598401
 10
142.2411726287533
 20
-125.8946091916536
 10
142.2588094805024
 20
-125.9632860234672
 10
142.2676279063775
 20
-126.0558794951531
 10
142.2676279063775
 20
-126.1723896067126
 10
142.2676279063775
 20
-126.3102777203924
 10
142.2534649799732
 20
-126.4215769439346
 10
142.2251391271624
 20
-126.5062872773385
 10
142.1968132743522
 20
-126.590997610743
 10
142.1544581076499
 20
-126.6564677422386
 10
142.0980736270559
 20
-126.7026976718257
 10
142.0416891464622
 20
-126.7489276014122
 10
141.9704736768958
 20
-126.7720425662061
 10
141.8844272183598
 20
-126.7720425662061
 10
141.7711238071191
 20
-126.7720425662061
 10
141.6821378732905
 20
-126.7314243621761
 10
141.6174694168749
 20
-126.6501879541159
 10
141.5399741591862
 20
-126.5523835944135
 10
141.5012265303418
 20
-126.3931174786119
 10
141.5012265303418
 20
-126.1723896067126
 97
        0
 92
        1
 93
        1
 72
     4
 94
        3
 73
     0
 74
     1
 95
       29
 96
       25
 40
0.0
 40
0.0
 40
0.0
 40
0.0
 40
1.0
 40
1.0
 40
1.0
 40
2.0
 40
2.0
 40
2.0
 40
3.0
 40
3.0
 40
3.0
 40
4.0
 40
4.0
 40
4.0
 40
5.0
 40
5.0
 40
5.0
 40
6.0
 40
6.0
 40
6.0
 40
7.0
 40
7.0
 40
7.0
 40
8.0
 40
8.0
 40
8.0
 40
8.0
 10
141.6495364200559
 20
-126.1723896067126
 10
141.6495364200559
 20
-126.3653260758541
 10
141.6721169347964
 20
-126.4937277010932
 10
141.7172779642766
 20
-126.5575944824301
 10
141.7624389937574
 20
-126.6214612637656
 10
141.8181554117853
 20
-126.6533946544346
 10
141.8844272183598
 20
-126.6533946544346
 10
141.9506990249347
 20
-126.6533946544346
 10
142.0064154429622
 20
-126.6213276512527
 10
142.051576472444
 20
-126.5571936448896
 10
142.0967375019232
 20
-126.4930596385277
 10
142.1193180166638
 20
-126.3647916258014
 10
142.1193180166638
 20
-126.1723896067126
 10
142.1193180166638
 20
-125.9789186875183
 10
142.0967375019232
 20
-125.8503834497663
 10
142.051576472444
 20
-125.7867838934552
 10
142.0064154429622
 20
-125.7231843371466
 10
141.950164574882
 20
-125.6913845589917
 10
141.8828238682011
 20
-125.6913845589917
 10
141.8165520616256
 20
-125.6913845589917
 10
141.7636415063763
 20
-125.7194431867753
 10
141.7240922024529
 20
-125.775560442343
 10
141.6743883475226
 20
-125.8471767494489
 10
141.6495364200559
 20
-125.979453137571
 10
141.6495364200559
 20
-126.1723896067126
 97
        0
 75
     2
 76
     1
 98
        0
  0
SPLINE
  5
C2
330
1F
100
AcDbEntity
  8
Capa 1
370
     0
100
AcDbSpline
210
0.0
220
0.0
230
1.0
 70
    11
 71
     3
 72
   110
 73
   106
 74
     0
 42
0.0000000001
 43
0.0000000001
 12
1.0
 22
0.0
 32
0.0
 13
1.0
 23
0.0
 33
0.0
 40
0.0
 40
0.0
 40
0.0
 40
0.0
 40
1.0
 40
1.0
 40
1.0
 40
2.0
 40
2.0
 40
2.0
 40
3.0
 40
3.0
 40
3.0
 40
4.0
 40
4.0
 40
4.0
 40
5.0
 40
5.0
 40
5.0
 40
6.0
 40
6.0
 40
6.0
 40
7.0
 40
7.0
 40
7.0
 40
8.0
 40
8.0
 40
8.0
 40
9.0
 40
9.0
 40
9.0
 40
10.0
 40
10.0
 40
10.0
 40
11.0
 40
11.0
 40
11.0
 40
12.0
 40
12.0
 40
12.0
 40
13.0
 40
13.0
 40
13.0
 40
14.0
 40
14.0
 40
14.0
 40
15.0
 40
15.0
 40
15.0
 40
16.0
 40
16.0
 40
16.0
 40
17.0
 40
17.0
 40
17.0
 40
18.0
 40
18.0
 40
18.0
 40
19.0
 40
19.0
 40
19.0
 40
20.0
 40
20.0
 40
20.0
 40
21.0
 40
21.0
 40
21.0
 40
22.0
 40
22.0
 40
22.0
 40
23.0
 40
23.0
 40
23.0
 40
24.0
 40
24.0
 40
24.0
 40
25.0
 40
25.0
 40
25.0
 40
26.0
 40
26.0
 40
26.0
 40
27.0
 40
27.0
 40
27.0
 40
28.0
 40
28.0
 40
28.0
 40
29.0
 40
29.0
 40
29.0
 40
30.0
 40
30.0
 40
30.0
 40
31.0
 40
31.0
 40
31.0
 40
32.0
 40
32.0
 40
32.0
 40
33.0
 40
33.0
 40
33.0
 40
34.0
 40
34.0
 40
34.0
 40
35.0
 40
35.0
 40
35.0
 40
35.0
 10
131.224319425274
 20
-122.02334279136
 30
0.0
 10
131.224319425274
 20
-122.02334279136
 30
0.0
 10
131.3705053644223
 20
-122.0105615070634
 30
0.0
 10
131.3705053644223
 20
-122.0105615070634
 30
0.0
 10
131.3774285600833
 20
-122.0691423934253
 30
0.0
 10
131.3935383038318
 20
-122.117205347916
 30
0.0
 10
131.4188345956699
 20
-122.1547503705381
 30
0.0
 10
131.444130887508
 20
-122.1922953931615
 30
0.0
 10
131.4834067090456
 20
-122.2226509433674
 30
0.0
 10
131.5366620602838
 20
-122.2458170211549
 30
0.0
 10
131.5899174115216
 20
-122.2689830989445
 30
0.0
 10
131.6498296816636
 20
-122.280566137838
 30
0.0
 10
131.7163988707111
 20
-122.280566137838
 30
0.0
 10
131.7755123105847
 20
-122.280566137838
 30
0.0
 10
131.8277025547976
 20
-122.2717790048836
 30
0.0
 10
131.8729696033498
 20
-122.2542047389762
 30
0.0
 10
131.918236651902
 20
-122.2366304730675
 30
0.0
 10
131.9519206615601
 20
-122.2125324266325
 30
0.0
 10
131.9740216323234
 20
-122.1819105996711
 30
0.0
 10
131.9961226030867
 20
-122.1512887727097
 30
0.0
 10
132.007173088469
 20
-122.1178710398078
 30
0.0
 10
132.007173088469
 20
-122.0816574009656
 30
0.0
 10
132.007173088469
 20
-122.0449112086121
 30
0.0
 10
131.9965220182214
 20
-122.0128248594901
 30
0.0
 10
131.9752198777271
 20
-121.9853983536022
 30
0.0
 10
131.9539177372318
 20
-121.9579718477168
 30
0.0
 10
131.9187692054138
 20
-121.9349389083054
 30
0.0
 10
131.869774282275
 20
-121.9162995353718
 30
0.0
 10
131.8383536250449
 20
-121.9040508045878
 30
0.0
 10
131.7688553916796
 20
-121.8850120165211
 30
0.0
 10
131.6612795821796
 20
-121.8591831711693
 30
0.0
 10
131.5537037726796
 20
-121.83335432582
 30
0.0
 10
131.4783474506785
 20
-121.8089900026275
 30
0.0
 10
131.4352106161755
 20
-121.7860902015967
 30
0.0
 10
131.379292497376
 20
-121.7567997584152
 30
0.0
 10
131.3376201850329
 20
-121.7204529811961
 30
0.0
 10
131.310193679145
 20
-121.6770498699369
 30
0.0
 10
131.2827671732577
 20
-121.6336467586789
 30
0.0
 10
131.2690539203143
 20
-121.5850512506732
 30
0.0
 10
131.2690539203143
 20
-121.5312633459242
 30
0.0
 10
131.2690539203143
 20
-121.4721499060493
 30
0.0
 10
131.2858293559543
 20
-121.4168974791403
 30
0.0
 10
131.319380227234
 20
-121.3655060651967
 30
0.0
 10
131.3529310985136
 20
-121.3141146512519
 30
0.0
 10
131.4019260216524
 20
-121.2751051064692
 30
0.0
 10
131.4663649966503
 20
-121.2484774308512
 30
0.0
 10
131.530803971647
 20
-121.221849755232
 30
0.0
 10
131.6024324190622
 20
-121.208535917423
 30
0.0
 10
131.6812503388937
 20
-121.208535917423
 30
0.0
 10
131.7680565614115
 20
-121.208535917423
 30
0.0
 10
131.8446111288157
 20
-121.2225154471226
 30
0.0
 10
131.9109140411069
 20
-121.2504745065242
 30
0.0
 10
131.9772169533982
 20
-121.2784335659234
 30
0.0
 10
132.0282089522074
 20
-121.3195733247533
 30
0.0
 10
132.0638900375372
 20
-121.3738937830167
 30
0.0
 10
132.0995711228664
 20
-121.4282142412776
 30
0.0
 10
132.1187430493118
 20
-121.4897241719592
 30
0.0
 10
132.1214058168734
 20
-121.5584235750552
 30
0.0
 10
132.1214058168734
 20
-121.5584235750552
 30
0.0
 10
131.972823386921
 20
-121.5696071988144
 30
0.0
 10
131.972823386921
 20
-121.5696071988144
 30
0.0
 10
131.9648350842353
 20
-121.495582260595
 30
0.0
 10
131.9378079934821
 20
-121.4396641417942
 30
0.0
 10
131.8917421146609
 20
-121.4018528424158
 30
0.0
 10
131.845676235841
 20
-121.3640415430375
 30
0.0
 10
131.7776425246345
 20
-121.3451358933476
 30
0.0
 10
131.6876409810423
 20
-121.3451358933476
 30
0.0
 10
131.5939115628644
 20
-121.3451358933476
 30
0.0
 10
131.5256115749024
 20
-121.362310744122
 30
0.0
 10
131.482741017156
 20
-121.3966604456706
 30
0.0
 10
131.4398704594089
 20
-121.431010147218
 30
0.0
 10
131.4184351805358
 20
-121.4724161828068
 30
0.0
 10
131.4184351805358
 20
-121.5208785524318
 30
0.0
 10
131.4184351805358
 20
-121.5629502799099
 30
0.0
 10
131.4336129556388
 20
-121.5975662582148
 30
0.0
 10
131.463968505844
 20
-121.6247264873465
 30
0.0
 10
131.4937915025373
 20
-121.6518867164769
 30
0.0
 10
131.5716774537223
 20
-121.6797126374992
 30
0.0
 10
131.6976263594006
 20
-121.7082042504107
 30
0.0
 10
131.8235752650767
 20
-121.7366958633223
 30
0.0
 10
131.9099820724601
 20
-121.761592740026
 30
0.0
 10
131.9568467815494
 20
-121.782894880522
 30
0.0
 10
132.0250136311349
 20
-121.8143155377533
 30
0.0
 10
132.0753399380532
 20
-121.8541239128022
 30
0.0
 10
132.1078257023082
 20
-121.9023200056723
 30
0.0
 10
132.1403114665627
 20
-121.9505160985424
 30
0.0
 10
132.1565543486908
 20
-122.0060348022082
 30
0.0
 10
132.1565543486908
 20
-122.068876116669
 30
0.0
 10
132.1565543486908
 20
-122.1311848776168
 30
0.0
 10
132.1387138060253
 20
-122.1898989023567
 30
0.0
 10
132.1030327206967
 20
-122.2450181908875
 30
0.0
 10
132.0673516353676
 20
-122.3001374794184
 30
0.0
 10
132.0160933598008
 20
-122.3430080371651
 30
0.0
 10
131.9492578939978
 20
-122.3736298641259
 30
0.0
 10
131.8824224281947
 20
-122.4042516910873
 30
0.0
 10
131.8071992445714
 20
-122.419562604568
 30
0.0
 10
131.7235883431287
 20
-122.419562604568
 30
0.0
 10
131.6176101941648
 20
-122.419562604568
 30
0.0
 10
131.5288068959759
 20
-122.4041185527098
 30
0.0
 10
131.457178448561
 20
-122.3732304489922
 30
0.0
 10
131.3855500011468
 20
-122.3423423452745
 30
0.0
 10
131.3293656055914
 20
-122.2958770513187
 30
0.0
 10
131.2886252618935
 20
-122.2338345671271
 30
0.0
 10
131.2478849181972
 20
-122.1717920829356
 30
0.0
 10
131.2264496393245
 20
-122.1016281576803
 30
0.0
 10
131.224319425274
 20
-122.02334279136
 30
0.0
  0
HATCH
  5
C3
330
1F
100
AcDbEntity
  8
Capa 1
 62
   255
100
AcDbHatch
 10
0.0
 20
0.0
 30
0.0
210
0.0
220
0.0
230
1.0
  2
SOLID
 70
     1
 71
     0
 91
        1
 92
        1
 93
        1
 72
     4
 94
        3
 73
     0
 74
     1
 95
      110
 96
      106
 40
0.0
 40
0.0
 40
0.0
 40
0.0
 40
1.0
 40
1.0
 40
1.0
 40
2.0
 40
2.0
 40
2.0
 40
3.0
 40
3.0
 40
3.0
 40
4.0
 40
4.0
 40
4.0
 40
5.0
 40
5.0
 40
5.0
 40
6.0
 40
6.0
 40
6.0
 40
7.0
 40
7.0
 40
7.0
 40
8.0
 40
8.0
 40
8.0
 40
9.0
 40
9.0
 40
9.0
 40
10.0
 40
10.0
 40
10.0
 40
11.0
 40
11.0
 40
11.0
 40
12.0
 40
12.0
 40
12.0
 40
13.0
 40
13.0
 40
13.0
 40
14.0
 40
14.0
 40
14.0
 40
15.0
 40
15.0
 40
15.0
 40
16.0
 40
16.0
 40
16.0
 40
17.0
 40
17.0
 40
17.0
 40
18.0
 40
18.0
 40
18.0
 40
19.0
 40
19.0
 40
19.0
 40
20.0
 40
20.0
 40
20.0
 40
21.0
 40
21.0
 40
21.0
 40
22.0
 40
22.0
 40
22.0
 40
23.0
 40
23.0
 40
23.0
 40
24.0
 40
24.0
 40
24.0
 40
25.0
 40
25.0
 40
25.0
 40
26.0
 40
26.0
 40
26.0
 40
27.0
 40
27.0
 40
27.0
 40
28.0
 40
28.0
 40
28.0
 40
29.0
 40
29.0
 40
29.0
 40
30.0
 40
30.0
 40
30.0
 40
31.0
 40
31.0
 40
31.0
 40
32.0
 40
32.0
 40
32.0
 40
33.0
 40
33.0
 40
33.0
 40
34.0
 40
34.0
 40
34.0
 40
35.0
 40
35.0
 40
35.0
 40
35.0
 10
131.224319425274
 20
-122.02334279136
 10
131.224319425274
 20
-122.02334279136
 10
131.3705053644223
 20
-122.0105615070634
 10
131.3705053644223
 20
-122.0105615070634
 10
131.3774285600833
 20
-122.0691423934253
 10
131.3935383038318
 20
-122.117205347916
 10
131.4188345956699
 20
-122.1547503705381
 10
131.444130887508
 20
-122.1922953931615
 10
131.4834067090456
 20
-122.2226509433674
 10
131.5366620602838
 20
-122.2458170211549
 10
131.5899174115216
 20
-122.2689830989445
 10
131.6498296816636
 20
-122.280566137838
 10
131.7163988707111
 20
-122.280566137838
 10
131.7755123105847
 20
-122.280566137838
 10
131.8277025547976
 20
-122.2717790048836
 10
131.8729696033498
 20
-122.2542047389762
 10
131.918236651902
 20
-122.2366304730675
 10
131.9519206615601
 20
-122.2125324266325
 10
131.9740216323234
 20
-122.1819105996711
 10
131.9961226030867
 20
-122.1512887727097
 10
132.007173088469
 20
-122.1178710398078
 10
132.007173088469
 20
-122.0816574009656
 10
132.007173088469
 20
-122.0449112086121
 10
131.9965220182214
 20
-122.0128248594901
 10
131.9752198777271
 20
-121.9853983536022
 10
131.9539177372318
 20
-121.9579718477168
 10
131.9187692054138
 20
-121.9349389083054
 10
131.869774282275
 20
-121.9162995353718
 10
131.8383536250449
 20
-121.9040508045878
 10
131.7688553916796
 20
-121.8850120165211
 10
131.6612795821796
 20
-121.8591831711693
 10
131.5537037726796
 20
-121.83335432582
 10
131.4783474506785
 20
-121.8089900026275
 10
131.4352106161755
 20
-121.7860902015967
 10
131.379292497376
 20
-121.7567997584152
 10
131.3376201850329
 20
-121.7204529811961
 10
131.310193679145
 20
-121.6770498699369
 10
131.2827671732577
 20
-121.6336467586789
 10
131.2690539203143
 20
-121.5850512506732
 10
131.2690539203143
 20
-121.5312633459242
 10
131.2690539203143
 20
-121.4721499060493
 10
131.2858293559543
 20
-121.4168974791403
 10
131.319380227234
 20
-121.3655060651967
 10
131.3529310985136
 20
-121.3141146512519
 10
131.4019260216524
 20
-121.2751051064692
 10
131.4663649966503
 20
-121.2484774308512
 10
131.530803971647
 20
-121.221849755232
 10
131.6024324190622
 20
-121.208535917423
 10
131.6812503388937
 20
-121.208535917423
 10
131.7680565614115
 20
-121.208535917423
 10
131.8446111288157
 20
-121.2225154471226
 10
131.9109140411069
 20
-121.2504745065242
 10
131.9772169533982
 20
-121.2784335659234
 10
132.0282089522074
 20
-121.3195733247533
 10
132.0638900375372
 20
-121.3738937830167
 10
132.0995711228664
 20
-121.4282142412776
 10
132.1187430493118
 20
-121.4897241719592
 10
132.1214058168734
 20
-121.5584235750552
 10
132.1214058168734
 20
-121.5584235750552
 10
131.972823386921
 20
-121.5696071988144
 10
131.972823386921
 20
-121.5696071988144
 10
131.9648350842353
 20
-121.495582260595
 10
131.9378079934821
 20
-121.4396641417942
 10
131.8917421146609
 20
-121.4018528424158
 10
131.845676235841
 20
-121.3640415430375
 10
131.7776425246345
 20
-121.3451358933476
 10
131.6876409810423
 20
-121.3451358933476
 10
131.5939115628644
 20
-121.3451358933476
 10
131.5256115749024
 20
-121.362310744122
 10
131.482741017156
 20
-121.3966604456706
 10
131.4398704594089
 20
-121.431010147218
 10
131.4184351805358
 20
-121.4724161828068
 10
131.4184351805358
 20
-121.5208785524318
 10
131.4184351805358
 20
-121.5629502799099
 10
131.4336129556388
 20
-121.5975662582148
 10
131.463968505844
 20
-121.6247264873465
 10
131.4937915025373
 20
-121.6518867164769
 10
131.5716774537223
 20
-121.6797126374992
 10
131.6976263594006
 20
-121.7082042504107
 10
131.8235752650767
 20
-121.7366958633223
 10
131.9099820724601
 20
-121.761592740026
 10
131.9568467815494
 20
-121.782894880522
 10
132.0250136311349
 20
-121.8143155377533
 10
132.0753399380532
 20
-121.8541239128022
 10
132.1078257023082
 20
-121.9023200056723
 10
132.1403114665627
 20
-121.9505160985424
 10
132.1565543486908
 20
-122.0060348022082
 10
132.1565543486908
 20
-122.068876116669
 10
132.1565543486908
 20
-122.1311848776168
 10
132.1387138060253
 20
-122.1898989023567
 10
132.1030327206967
 20
-122.2450181908875
 10
132.0673516353676
 20
-122.3001374794184
 10
132.0160933598008
 20
-122.3430080371651
 10
131.9492578939978
 20
-122.3736298641259
 10
131.8824224281947
 20
-122.4042516910873
 10
131.8071992445714
 20
-122.419562604568
 10
131.7235883431287
 20
-122.419562604568
 10
131.6176101941648
 20
-122.419562604568
 10
131.5288068959759
 20
-122.4041185527098
 10
131.457178448561
 20
-122.3732304489922
 10
131.3855500011468
 20
-122.3423423452745
 10
131.3293656055914
 20
-122.2958770513187
 10
131.2886252618935
 20
-122.2338345671271
 10
131.2478849181972
 20
-122.1717920829356
 10
131.2264496393245
 20
-122.1016281576803
 10
131.224319425274
 20
-122.02334279136
 97
        0
 75
     2
 76
     1
 98
        0
  0
POLYLINE
  5
C4
330
1F
100
AcDbEntity
  8
Capa 1
370
     0
100
AcDb2dPolyline
 66
     1
 10
0.0
 20
0.0
 30
0.0
  0
VERTEX
  5
C5
330
C4
100
AcDbEntity
  8
Capa 1
370
     0
100
AcDbVertex
100
AcDb2dVertex
 10
132.2420291874268
 20
-122.419562604568
 30
0.0
  0
VERTEX
  5
C6
330
C4
100
AcDbEntity
  8
Capa 1
370
     0
100
AcDbVertex
100
AcDb2dVertex
 10
132.5815320515676
 20
-121.208535917423
 30
0.0
  0
VERTEX
  5
C7
330
C4
100
AcDbEntity
  8
Capa 1
370
     0
100
AcDbVertex
100
AcDb2dVertex
 10
132.6965636102405
 20
-121.208535917423
 30
0.0
  0
VERTEX
  5
C8
330
C4
100
AcDbEntity
  8
Capa 1
370
     0
100
AcDbVertex
100
AcDb2dVertex
 10
132.3578595763693
 20
-122.419562604568
 30
0.0
  0
VERTEX
  5
C9
330
C4
100
AcDbEntity
  8
Capa 1
370
     0
100
AcDbVertex
100
AcDb2dVertex
 10
132.2420291874268
 20
-122.419562604568
 30
0.0
  0
SEQEND
  5
CA
330
C4
100
AcDbEntity
  8
Capa 1
370
     0
  0
HATCH
  5
CB
330
1F
100
AcDbEntity
  8
Capa 1
 62
   255
100
AcDbHatch
 10
0.0
 20
0.0
 30
0.0
210
0.0
220
0.0
230
1.0
  2
SOLID
 70
     1
 71
     0
 91
        1
 92
        1
 93
        4
 72
     1
 10
132.2420291874268
 20
-122.419562604568
 11
132.5815320515676
 21
-121.208535917423
 72
     1
 10
132.5815320515676
 20
-121.208535917423
 11
132.6965636102405
 21
-121.208535917423
 72
     1
 10
132.6965636102405
 20
-121.208535917423
 11
132.3578595763693
 21
-122.419562604568
 72
     1
 10
132.3578595763693
 20
-122.419562604568
 11
132.2420291874268
 21
-122.419562604568
 97
        0
 75
     2
 76
     1
 98
        0
  0
POLYLINE
  5
CC
330
1F
100
AcDbEntity
  8
Capa 1
370
     0
100
AcDb2dPolyline
 66
     1
 10
0.0
 20
0.0
 30
0.0
  0
VERTEX
  5
CD
330
CC
100
AcDbEntity
  8
Capa 1
370
     0
100
AcDbVertex
100
AcDb2dVertex
 10
132.8211811321373
 20
-122.3995918478539
 30
0.0
  0
VERTEX
  5
CE
330
CC
100
AcDbEntity
  8
Capa 1
370
     0
100
AcDbVertex
100
AcDb2dVertex
 10
132.8211811321373
 20
-121.2285066741365
 30
0.0
  0
VERTEX
  5
CF
330
CC
100
AcDbEntity
  8
Capa 1
370
     0
100
AcDbVertex
100
AcDb2dVertex
 10
132.9801483555818
 20
-121.2285066741365
 30
0.0
  0
VERTEX
  5
D0
330
CC
100
AcDbEntity
  8
Capa 1
370
     0
100
AcDbVertex
100
AcDb2dVertex
 10
133.5952476623777
 20
-122.1479603132555
 30
0.0
  0
VERTEX
  5
D1
330
CC
100
AcDbEntity
  8
Capa 1
370
     0
100
AcDbVertex
100
AcDb2dVertex
 10
133.5952476623777
 20
-121.2285066741365
 30
0.0
  0
VERTEX
  5
D2
330
CC
100
AcDbEntity
  8
Capa 1
370
     0
100
AcDbVertex
100
AcDb2dVertex
 10
133.7438300923311
 20
-121.2285066741365
 30
0.0
  0
VERTEX
  5
D3
330
CC
100
AcDbEntity
  8
Capa 1
370
     0
100
AcDbVertex
100
AcDb2dVertex
 10
133.7438300923311
 20
-122.3995918478539
 30
0.0
  0
VERTEX
  5
D4
330
CC
100
AcDbEntity
  8
Capa 1
370
     0
100
AcDbVertex
100
AcDb2dVertex
 10
133.5848628688863
 20
-122.3995918478539
 30
0.0
  0
VERTEX
  5
D5
330
CC
100
AcDbEntity
  8
Capa 1
370
     0
100
AcDbVertex
100
AcDb2dVertex
 10
132.9697635620904
 20
-121.4793393784662
 30
0.0
  0
VERTEX
  5
D6
330
CC
100
AcDbEntity
  8
Capa 1
370
     0
100
AcDbVertex
100
AcDb2dVertex
 10
132.9697635620904
 20
-122.3995918478539
 30
0.0
  0
VERTEX
  5
D7
330
CC
100
AcDbEntity
  8
Capa 1
370
     0
100
AcDbVertex
100
AcDb2dVertex
 10
132.8211811321373
 20
-122.3995918478539
 30
0.0
  0
SEQEND
  5
D8
330
CC
100
AcDbEntity
  8
Capa 1
370
     0
  0
HATCH
  5
D9
330
1F
100
AcDbEntity
  8
Capa 1
 62
   255
100
AcDbHatch
 10
0.0
 20
0.0
 30
0.0
210
0.0
220
0.0
230
1.0
  2
SOLID
 70
     1
 71
     0
 91
        1
 92
        1
 93
       10
 72
     1
 10
132.8211811321373
 20
-122.3995918478539
 11
132.8211811321373
 21
-121.2285066741365
 72
     1
 10
132.8211811321373
 20
-121.2285066741365
 11
132.9801483555818
 21
-121.2285066741365
 72
     1
 10
132.9801483555818
 20
-121.2285066741365
 11
133.5952476623777
 21
-122.1479603132555
 72
     1
 10
133.5952476623777
 20
-122.1479603132555
 11
133.5952476623777
 21
-121.2285066741365
 72
     1
 10
133.5952476623777
 20
-121.2285066741365
 11
133.7438300923311
 21
-121.2285066741365
 72
     1
 10
133.7438300923311
 20
-121.2285066741365
 11
133.7438300923311
 21
-122.3995918478539
 72
     1
 10
133.7438300923311
 20
-122.3995918478539
 11
133.5848628688863
 21
-122.3995918478539
 72
     1
 10
133.5848628688863
 20
-122.3995918478539
 11
132.9697635620904
 21
-121.4793393784662
 72
     1
 10
132.9697635620904
 20
-121.4793393784662
 11
132.9697635620904
 21
-122.3995918478539
 72
     1
 10
132.9697635620904
 20
-122.3995918478539
 11
132.8211811321373
 21
-122.3995918478539
 97
        0
 75
     2
 76
     1
 98
        0
  0
SPLINE
  5
DA
330
1F
100
AcDbEntity
  8
Capa 1
370
     0
100
AcDbSpline
210
0.0
220
0.0
230
1.0
 70
    11
 71
     3
 72
    38
 73
    34
 74
     0
 42
0.0000000001
 43
0.0000000001
 12
1.0
 22
0.0
 32
0.0
 13
1.0
 23
0.0
 33
0.0
 40
0.0
 40
0.0
 40
0.0
 40
0.0
 40
1.0
 40
1.0
 40
1.0
 40
2.0
 40
2.0
 40
2.0
 40
3.0
 40
3.0
 40
3.0
 40
4.0
 40
4.0
 40
4.0
 40
5.0
 40
5.0
 40
5.0
 40
6.0
 40
6.0
 40
6.0
 40
7.0
 40
7.0
 40
7.0
 40
8.0
 40
8.0
 40
8.0
 40
9.0
 40
9.0
 40
9.0
 40
10.0
 40
10.0
 40
10.0
 40
11.0
 40
11.0
 40
11.0
 40
11.0
 10
131.2614925334768
 20
-124.5934017986925
 30
0.0
 10
131.2614925334768
 20
-124.5934017986925
 30
0.0
 10
131.2614925334768
 20
-123.422238616094
 30
0.0
 10
131.2614925334768
 20
-123.422238616094
 30
0.0
 10
131.2614925334768
 20
-123.422238616094
 30
0.0
 10
131.7032750982636
 20
-123.422238616094
 30
0.0
 10
131.7032750982636
 20
-123.422238616094
 30
0.0
 10
131.7810330903774
 20
-123.422238616094
 30
0.0
 10
131.8404167624373
 20
-123.4259667390046
 30
0.0
 10
131.8814261144425
 20
-123.4334229848233
 30
0.0
 10
131.9389457250489
 20
-123.4430095865895
 30
0.0
 10
131.9871450283798
 20
-123.4612507593984
 30
0.0
 10
132.0260240244359
 20
-123.4881465032449
 30
0.0
 10
132.0649030204933
 20
-123.5150422470926
 30
0.0
 10
132.0961926234843
 20
-123.5527229179293
 30
0.0
 10
132.1198928334102
 20
-123.6011885157548
 30
0.0
 10
132.1435930433348
 20
-123.6496541135791
 30
0.0
 10
132.1554431482981
 20
-123.7029130122877
 30
0.0
 10
132.1554431482981
 20
-123.7609652118794
 30
0.0
 10
132.1554431482981
 20
-123.8605593524648
 30
0.0
 10
132.1237541035666
 20
-123.944841559671
 30
0.0
 10
132.060376014103
 20
-124.013811833498
 30
0.0
 10
131.9969979246407
 20
-124.0827821073251
 30
0.0
 10
131.8824912924165
 20
-124.1172672442392
 30
0.0
 10
131.7168561174332
 20
-124.1172672442392
 30
0.0
 10
131.7168561174332
 20
-124.1172672442392
 30
0.0
 10
131.4164759287176
 20
-124.1172672442392
 30
0.0
 10
131.4164759287176
 20
-124.1172672442392
 30
0.0
 10
131.4164759287176
 20
-124.1172672442392
 30
0.0
 10
131.4164759287176
 20
-124.5934017986925
 30
0.0
 10
131.4164759287176
 20
-124.5934017986925
 30
0.0
 10
131.4164759287176
 20
-124.5934017986925
 30
0.0
 10
131.2614925334768
 20
-124.5934017986925
 30
0.0
 10
131.2614925334768
 20
-124.5934017986925
 30
0.0
  0
SPLINE
  5
DB
330
1F
100
AcDbEntity
  8
Capa 1
370
     0
100
AcDbSpline
210
0.0
220
0.0
230
1.0
 70
    11
 71
     3
 72
    29
 73
    25
 74
     0
 42
0.0000000001
 43
0.0000000001
 12
1.0
 22
0.0
 32
0.0
 13
1.0
 23
0.0
 33
0.0
 40
0.0
 40
0.0
 40
0.0
 40
0.0
 40
1.0
 40
1.0
 40
1.0
 40
2.0
 40
2.0
 40
2.0
 40
3.0
 40
3.0
 40
3.0
 40
4.0
 40
4.0
 40
4.0
 40
5.0
 40
5.0
 40
5.0
 40
6.0
 40
6.0
 40
6.0
 40
7.0
 40
7.0
 40
7.0
 40
8.0
 40
8.0
 40
8.0
 40
8.0
 10
131.4164759287176
 20
-123.9790604020905
 30
0.0
 10
131.4164759287176
 20
-123.9790604020905
 30
0.0
 10
131.719252767876
 20
-123.9790604020905
 30
0.0
 10
131.719252767876
 20
-123.9790604020905
 30
0.0
 10
131.8193794974489
 20
-123.9790604020905
 30
0.0
 10
131.8904801272241
 20
-123.960419787543
 30
0.0
 10
131.9325546572033
 20
-123.9231385584469
 30
0.0
 10
131.9746291871826
 20
-123.8858573293507
 30
0.0
 10
131.9956664521729
 20
-123.833397314123
 30
0.0
 10
131.9956664521729
 20
-123.7657585127632
 30
0.0
 10
131.9956664521729
 20
-123.7167603259527
 30
0.0
 10
131.9832837582227
 20
-123.6748189432192
 30
0.0
 10
131.9585183703244
 20
-123.6399343645652
 30
0.0
 10
131.9337529824234
 20
-123.6050497859106
 30
0.0
 10
131.9011319069646
 20
-123.5820153122199
 30
0.0
 10
131.8606551439463
 20
-123.5708309434918
 30
0.0
 10
131.8345582835792
 20
-123.5639072866586
 30
0.0
 10
131.7863589802477
 20
-123.5604454582421
 30
0.0
 10
131.7160572339538
 20
-123.5604454582421
 30
0.0
 10
131.7160572339538
 20
-123.5604454582421
 30
0.0
 10
131.4164759287176
 20
-123.5604454582421
 30
0.0
 10
131.4164759287176
 20
-123.5604454582421
 30
0.0
 10
131.4164759287176
 20
-123.5604454582421
 30
0.0
 10
131.4164759287176
 20
-123.9790604020905
 30
0.0
 10
131.4164759287176
 20
-123.9790604020905
 30
0.0
  0
HATCH
  5
DC
330
1F
100
AcDbEntity
  8
Capa 1
 62
   255
100
AcDbHatch
 10
0.0
 20
0.0
 30
0.0
210
0.0
220
0.0
230
1.0
  2
SOLID
 70
     1
 71
     0
 91
        2
 92
        1
 93
        1
 72
     4
 94
        3
 73
     0
 74
     1
 95
       38
 96
       34
 40
0.0
 40
0.0
 40
0.0
 40
0.0
 40
1.0
 40
1.0
 40
1.0
 40
2.0
 40
2.0
 40
2.0
 40
3.0
 40
3.0
 40
3.0
 40
4.0
 40
4.0
 40
4.0
 40
5.0
 40
5.0
 40
5.0
 40
6.0
 40
6.0
 40
6.0
 40
7.0
 40
7.0
 40
7.0
 40
8.0
 40
8.0
 40
8.0
 40
9.0
 40
9.0
 40
9.0
 40
10.0
 40
10.0
 40
10.0
 40
11.0
 40
11.0
 40
11.0
 40
11.0
 10
131.2614925334768
 20
-124.5934017986925
 10
131.2614925334768
 20
-124.5934017986925
 10
131.2614925334768
 20
-123.422238616094
 10
131.2614925334768
 20
-123.422238616094
 10
131.2614925334768
 20
-123.422238616094
 10
131.7032750982636
 20
-123.422238616094
 10
131.7032750982636
 20
-123.422238616094
 10
131.7810330903774
 20
-123.422238616094
 10
131.8404167624373
 20
-123.4259667390046
 10
131.8814261144425
 20
-123.4334229848233
 10
131.9389457250489
 20
-123.4430095865895
 10
131.9871450283798
 20
-123.4612507593984
 10
132.0260240244359
 20
-123.4881465032449
 10
132.0649030204933
 20
-123.5150422470926
 10
132.0961926234843
 20
-123.5527229179293
 10
132.1198928334102
 20
-123.6011885157548
 10
132.1435930433348
 20
-123.6496541135791
 10
132.1554431482981
 20
-123.7029130122877
 10
132.1554431482981
 20
-123.7609652118794
 10
132.1554431482981
 20
-123.8605593524648
 10
132.1237541035666
 20
-123.944841559671
 10
132.060376014103
 20
-124.013811833498
 10
131.9969979246407
 20
-124.0827821073251
 10
131.8824912924165
 20
-124.1172672442392
 10
131.7168561174332
 20
-124.1172672442392
 10
131.7168561174332
 20
-124.1172672442392
 10
131.4164759287176
 20
-124.1172672442392
 10
131.4164759287176
 20
-124.1172672442392
 10
131.4164759287176
 20
-124.1172672442392
 10
131.4164759287176
 20
-124.5934017986925
 10
131.4164759287176
 20
-124.5934017986925
 10
131.4164759287176
 20
-124.5934017986925
 10
131.2614925334768
 20
-124.5934017986925
 10
131.2614925334768
 20
-124.5934017986925
 97
        0
 92
        1
 93
        1
 72
     4
 94
        3
 73
     0
 74
     1
 95
       29
 96
       25
 40
0.0
 40
0.0
 40
0.0
 40
0.0
 40
1.0
 40
1.0
 40
1.0
 40
2.0
 40
2.0
 40
2.0
 40
3.0
 40
3.0
 40
3.0
 40
4.0
 40
4.0
 40
4.0
 40
5.0
 40
5.0
 40
5.0
 40
6.0
 40
6.0
 40
6.0
 40
7.0
 40
7.0
 40
7.0
 40
8.0
 40
8.0
 40
8.0
 40
8.0
 10
131.4164759287176
 20
-123.9790604020905
 10
131.4164759287176
 20
-123.9790604020905
 10
131.719252767876
 20
-123.9790604020905
 10
131.719252767876
 20
-123.9790604020905
 10
131.8193794974489
 20
-123.9790604020905
 10
131.8904801272241
 20
-123.960419787543
 10
131.9325546572033
 20
-123.9231385584469
 10
131.9746291871826
 20
-123.8858573293507
 10
131.9956664521729
 20
-123.833397314123
 10
131.9956664521729
 20
-123.7657585127632
 10
131.9956664521729
 20
-123.7167603259527
 10
131.9832837582227
 20
-123.6748189432192
 10
131.9585183703244
 20
-123.6399343645652
 10
131.9337529824234
 20
-123.6050497859106
 10
131.9011319069646
 20
-123.5820153122199
 10
131.8606551439463
 20
-123.5708309434918
 10
131.8345582835792
 20
-123.5639072866586
 10
131.7863589802477
 20
-123.5604454582421
 10
131.7160572339538
 20
-123.5604454582421
 10
131.7160572339538
 20
-123.5604454582421
 10
131.4164759287176
 20
-123.5604454582421
 10
131.4164759287176
 20
-123.5604454582421
 10
131.4164759287176
 20
-123.5604454582421
 10
131.4164759287176
 20
-123.9790604020905
 10
131.4164759287176
 20
-123.9790604020905
 97
        0
 75
     2
 76
     1
 98
        0
  0
POLYLINE
  5
DD
330
1F
100
AcDbEntity
  8
Capa 1
370
     0
100
AcDb2dPolyline
 66
     1
 10
0.0
 20
0.0
 30
0.0
  0
VERTEX
  5
DE
330
DD
100
AcDbEntity
  8
Capa 1
370
     0
100
AcDbVertex
100
AcDb2dVertex
 10
132.2265437780732
 20
-124.6133738857077
 30
0.0
  0
VERTEX
  5
DF
330
DD
100
AcDbEntity
  8
Capa 1
370
     0
100
AcDbVertex
100
AcDb2dVertex
 10
132.5660692573396
 20
-123.4022665290794
 30
0.0
  0
VERTEX
  5
E0
330
DD
100
AcDbEntity
  8
Capa 1
370
     0
100
AcDbVertex
100
AcDb2dVertex
 10
132.6811084785493
 20
-123.4022665290794
 30
0.0
  0
VERTEX
  5
E1
330
DD
100
AcDbEntity
  8
Capa 1
370
     0
100
AcDbVertex
100
AcDb2dVertex
 10
132.3423818827645
 20
-124.6133738857077
 30
0.0
  0
VERTEX
  5
E2
330
DD
100
AcDbEntity
  8
Capa 1
370
     0
100
AcDbVertex
100
AcDb2dVertex
 10
132.2265437780732
 20
-124.6133738857077
 30
0.0
  0
SEQEND
  5
E3
330
DD
100
AcDbEntity
  8
Capa 1
370
     0
  0
HATCH
  5
E4
330
1F
100
AcDbEntity
  8
Capa 1
 62
   255
100
AcDbHatch
 10
0.0
 20
0.0
 30
0.0
210
0.0
220
0.0
230
1.0
  2
SOLID
 70
     1
 71
     0
 91
        1
 92
        1
 93
        4
 72
     1
 10
132.2265437780732
 20
-124.6133738857077
 11
132.5660692573396
 21
-123.4022665290794
 72
     1
 10
132.5660692573396
 20
-123.4022665290794
 11
132.6811084785493
 21
-123.4022665290794
 72
     1
 10
132.6811084785493
 20
-123.4022665290794
 11
132.3423818827645
 21
-124.6133738857077
 72
     1
 10
132.3423818827645
 20
-124.6133738857077
 11
132.2265437780732
 21
-124.6133738857077
 97
        0
 75
     2
 76
     1
 98
        0
  0
POLYLINE
  5
E5
330
1F
100
AcDbEntity
  8
Capa 1
370
     0
100
AcDb2dPolyline
 66
     1
 10
0.0
 20
0.0
 30
0.0
  0
VERTEX
  5
E6
330
E5
100
AcDbEntity
  8
Capa 1
370
     0
100
AcDbVertex
100
AcDb2dVertex
 10
132.8057343015278
 20
-124.5934017986925
 30
0.0
  0
VERTEX
  5
E7
330
E5
100
AcDbEntity
  8
Capa 1
370
     0
100
AcDbVertex
100
AcDb2dVertex
 10
132.8057343015278
 20
-123.422238616094
 30
0.0
  0
VERTEX
  5
E8
330
E5
100
AcDbEntity
  8
Capa 1
370
     0
100
AcDbVertex
100
AcDb2dVertex
 10
132.9647121141724
 20
-123.422238616094
 30
0.0
  0
VERTEX
  5
E9
330
E5
100
AcDbEntity
  8
Capa 1
370
     0
100
AcDbVertex
100
AcDb2dVertex
 10
133.5798523942544
 20
-124.3417535022946
 30
0.0
  0
VERTEX
  5
EA
330
E5
100
AcDbEntity
  8
Capa 1
370
     0
100
AcDbVertex
100
AcDb2dVertex
 10
133.5798523942544
 20
-123.422238616094
 30
0.0
  0
VERTEX
  5
EB
330
E5
100
AcDbEntity
  8
Capa 1
370
     0
100
AcDbVertex
100
AcDb2dVertex
 10
133.728444721651
 20
-123.422238616094
 30
0.0
  0
VERTEX
  5
EC
330
E5
100
AcDbEntity
  8
Capa 1
370
     0
100
AcDbVertex
100
AcDb2dVertex
 10
133.728444721651
 20
-124.5934017986925
 30
0.0
  0
VERTEX
  5
ED
330
E5
100
AcDbEntity
  8
Capa 1
370
     0
100
AcDbVertex
100
AcDb2dVertex
 10
133.5694669090073
 20
-124.5934017986925
 30
0.0
  0
VERTEX
  5
EE
330
E5
100
AcDbEntity
  8
Capa 1
370
     0
100
AcDbVertex
100
AcDb2dVertex
 10
132.954326628925
 20
-123.6730880290115
 30
0.0
  0
VERTEX
  5
EF
330
E5
100
AcDbEntity
  8
Capa 1
370
     0
100
AcDbVertex
100
AcDb2dVertex
 10
132.954326628925
 20
-124.5934017986925
 30
0.0
  0
VERTEX
  5
F0
330
E5
100
AcDbEntity
  8
Capa 1
370
     0
100
AcDbVertex
100
AcDb2dVertex
 10
132.8057343015278
 20
-124.5934017986925
 30
0.0
  0
SEQEND
  5
F1
330
E5
100
AcDbEntity
  8
Capa 1
370
     0
  0
HATCH
  5
F2
330
1F
100
AcDbEntity
  8
Capa 1
 62
   255
100
AcDbHatch
 10
0.0
 20
0.0
 30
0.0
210
0.0
220
0.0
230
1.0
  2
SOLID
 70
     1
 71
     0
 91
        1
 92
        1
 93
       10
 72
     1
 10
132.8057343015278
 20
-124.5934017986925
 11
132.8057343015278
 21
-123.422238616094
 72
     1
 10
132.8057343015278
 20
-123.422238616094
 11
132.9647121141724
 21
-123.422238616094
 72
     1
 10
132.9647121141724
 20
-123.422238616094
 11
133.5798523942544
 21
-124.3417535022946
 72
     1
 10
133.5798523942544
 20
-124.3417535022946
 11
133.5798523942544
 21
-123.422238616094
 72
     1
 10
133.5798523942544
 20
-123.422238616094
 11
133.728444721651
 21
-123.422238616094
 72
     1
 10
133.728444721651
 20
-123.422238616094
 11
133.728444721651
 21
-124.5934017986925
 72
     1
 10
133.728444721651
 20
-124.5934017986925
 11
133.5694669090073
 21
-124.5934017986925
 72
     1
 10
133.5694669090073
 20
-124.5934017986925
 11
132.954326628925
 21
-123.6730880290115
 72
     1
 10
132.954326628925
 20
-123.6730880290115
 11
132.954326628925
 21
-124.5934017986925
 72
     1
 10
132.954326628925
 20
-124.5934017986925
 11
132.8057343015278
 21
-124.5934017986925
 97
        0
 75
     2
 76
     1
 98
        0
  0
SPLINE
  5
F3
330
1F
100
AcDbEntity
  8
Capa 1
370
     0
100
AcDbSpline
210
0.0
220
0.0
230
1.0
 70
    11
 71
     3
 72
    50
 73
    46
 74
     0
 42
0.0000000001
 43
0.0000000001
 12
1.0
 22
0.0
 32
0.0
 13
1.0
 23
0.0
 33
0.0
 40
0.0
 40
0.0
 40
0.0
 40
0.0
 40
1.0
 40
1.0
 40
1.0
 40
2.0
 40
2.0
 40
2.0
 40
3.0
 40
3.0
 40
3.0
 40
4.0
 40
4.0
 40
4.0
 40
5.0
 40
5.0
 40
5.0
 40
6.0
 40
6.0
 40
6.0
 40
7.0
 40
7.0
 40
7.0
 40
8.0
 40
8.0
 40
8.0
 40
9.0
 40
9.0
 40
9.0
 40
10.0
 40
10.0
 40
10.0
 40
11.0
 40
11.0
 40
11.0
 40
12.0
 40
12.0
 40
12.0
 40
13.0
 40
13.0
 40
13.0
 40
14.0
 40
14.0
 40
14.0
 40
15.0
 40
15.0
 40
15.0
 40
15.0
 10
131.2614925334768
 20
-128.9029272341777
 30
0.0
 10
131.2614925334768
 20
-128.9029272341777
 30
0.0
 10
131.2614925334768
 20
-127.7318420604602
 30
0.0
 10
131.2614925334768
 20
-127.7318420604602
 30
0.0
 10
131.2614925334768
 20
-127.7318420604602
 30
0.0
 10
131.4947509718991
 20
-127.7318420604602
 30
0.0
 10
131.4947509718991
 20
-127.7318420604602
 30
0.0
 10
131.4947509718991
 20
-127.7318420604602
 30
0.0
 10
131.7719450750912
 20
-128.5610278792324
 30
0.0
 10
131.7719450750912
 20
-128.5610278792324
 30
0.0
 10
131.7975076436849
 20
-128.6382481385265
 30
0.0
 10
131.8161470166178
 20
-128.6960301946183
 30
0.0
 10
131.8278631938901
 20
-128.7343740475105
 30
0.0
 10
131.8411770316997
 20
-128.6917697665199
 30
0.0
 10
131.8619466186828
 20
-128.6291947288153
 30
0.0
 10
131.8901719548385
 20
-128.5466489343972
 30
0.0
 10
131.8901719548385
 20
-128.5466489343972
 30
0.0
 10
132.1705613791054
 20
-127.7318420604602
 30
0.0
 10
132.1705613791054
 20
-127.7318420604602
 30
0.0
 10
132.1705613791054
 20
-127.7318420604602
 30
0.0
 10
132.3790560792008
 20
-127.7318420604602
 30
0.0
 10
132.3790560792008
 20
-127.7318420604602
 30
0.0
 10
132.3790560792008
 20
-127.7318420604602
 30
0.0
 10
132.3790560792008
 20
-128.9029272341777
 30
0.0
 10
132.3790560792008
 20
-128.9029272341777
 30
0.0
 10
132.3790560792008
 20
-128.9029272341777
 30
0.0
 10
132.2296748189784
 20
-128.9029272341777
 30
0.0
 10
132.2296748189784
 20
-128.9029272341777
 30
0.0
 10
132.2296748189784
 20
-128.9029272341777
 30
0.0
 10
132.2296748189784
 20
-127.9227624946483
 30
0.0
 10
132.2296748189784
 20
-127.9227624946483
 30
0.0
 10
132.2296748189784
 20
-127.9227624946483
 30
0.0
 10
131.8893731245704
 20
-128.9029272341777
 30
0.0
 10
131.8893731245704
 20
-128.9029272341777
 30
0.0
 10
131.8893731245704
 20
-128.9029272341777
 30
0.0
 10
131.7495778275717
 20
-128.9029272341777
 30
0.0
 10
131.7495778275717
 20
-128.9029272341777
 30
0.0
 10
131.7495778275717
 20
-128.9029272341777
 30
0.0
 10
131.4108737936992
 20
-127.9059870590083
 30
0.0
 10
131.4108737936992
 20
-127.9059870590083
 30
0.0
 10
131.4108737936992
 20
-127.9059870590083
 30
0.0
 10
131.4108737936992
 20
-128.9029272341777
 30
0.0
 10
131.4108737936992
 20
-128.9029272341777
 30
0.0
 10
131.4108737936992
 20
-128.9029272341777
 30
0.0
 10
131.2614925334768
 20
-128.9029272341777
 30
0.0
 10
131.2614925334768
 20
-128.9029272341777
 30
0.0
  0
HATCH
  5
F4
330
1F
100
AcDbEntity
  8
Capa 1
 62
   255
100
AcDbHatch
 10
0.0
 20
0.0
 30
0.0
210
0.0
220
0.0
230
1.0
  2
SOLID
 70
     1
 71
     0
 91
        1
 92
        1
 93
        1
 72
     4
 94
        3
 73
     0
 74
     1
 95
       50
 96
       46
 40
0.0
 40
0.0
 40
0.0
 40
0.0
 40
1.0
 40
1.0
 40
1.0
 40
2.0
 40
2.0
 40
2.0
 40
3.0
 40
3.0
 40
3.0
 40
4.0
 40
4.0
 40
4.0
 40
5.0
 40
5.0
 40
5.0
 40
6.0
 40
6.0
 40
6.0
 40
7.0
 40
7.0
 40
7.0
 40
8.0
 40
8.0
 40
8.0
 40
9.0
 40
9.0
 40
9.0
 40
10.0
 40
10.0
 40
10.0
 40
11.0
 40
11.0
 40
11.0
 40
12.0
 40
12.0
 40
12.0
 40
13.0
 40
13.0
 40
13.0
 40
14.0
 40
14.0
 40
14.0
 40
15.0
 40
15.0
 40
15.0
 40
15.0
 10
131.2614925334768
 20
-128.9029272341777
 10
131.2614925334768
 20
-128.9029272341777
 10
131.2614925334768
 20
-127.7318420604602
 10
131.2614925334768
 20
-127.7318420604602
 10
131.2614925334768
 20
-127.7318420604602
 10
131.4947509718991
 20
-127.7318420604602
 10
131.4947509718991
 20
-127.7318420604602
 10
131.4947509718991
 20
-127.7318420604602
 10
131.7719450750912
 20
-128.5610278792324
 10
131.7719450750912
 20
-128.5610278792324
 10
131.7975076436849
 20
-128.6382481385265
 10
131.8161470166178
 20
-128.6960301946183
 10
131.8278631938901
 20
-128.7343740475105
 10
131.8411770316997
 20
-128.6917697665199
 10
131.8619466186828
 20
-128.6291947288153
 10
131.8901719548385
 20
-128.5466489343972
 10
131.8901719548385
 20
-128.5466489343972
 10
132.1705613791054
 20
-127.7318420604602
 10
132.1705613791054
 20
-127.7318420604602
 10
132.1705613791054
 20
-127.7318420604602
 10
132.3790560792008
 20
-127.7318420604602
 10
132.3790560792008
 20
-127.7318420604602
 10
132.3790560792008
 20
-127.7318420604602
 10
132.3790560792008
 20
-128.9029272341777
 10
132.3790560792008
 20
-128.9029272341777
 10
132.3790560792008
 20
-128.9029272341777
 10
132.2296748189784
 20
-128.9029272341777
 10
132.2296748189784
 20
-128.9029272341777
 10
132.2296748189784
 20
-128.9029272341777
 10
132.2296748189784
 20
-127.9227624946483
 10
132.2296748189784
 20
-127.9227624946483
 10
132.2296748189784
 20
-127.9227624946483
 10
131.8893731245704
 20
-128.9029272341777
 10
131.8893731245704
 20
-128.9029272341777
 10
131.8893731245704
 20
-128.9029272341777
 10
131.7495778275717
 20
-128.9029272341777
 10
131.7495778275717
 20
-128.9029272341777
 10
131.7495778275717
 20
-128.9029272341777
 10
131.4108737936992
 20
-127.9059870590083
 10
131.4108737936992
 20
-127.9059870590083
 10
131.4108737936992
 20
-127.9059870590083
 10
131.4108737936992
 20
-128.9029272341777
 10
131.4108737936992
 20
-128.9029272341777
 10
131.4108737936992
 20
-128.9029272341777
 10
131.2614925334768
 20
-128.9029272341777
 10
131.2614925334768
 20
-128.9029272341777
 97
        0
 75
     2
 76
     1
 98
        0
  0
POLYLINE
  5
F5
330
1F
100
AcDbEntity
  8
Capa 1
370
     0
100
AcDb2dPolyline
 66
     1
 10
0.0
 20
0.0
 30
0.0
  0
VERTEX
  5
F6
330
F5
100
AcDbEntity
  8
Capa 1
370
     0
100
AcDbVertex
100
AcDb2dVertex
 10
132.5028747708276
 20
-128.9228979908912
 30
0.0
  0
VERTEX
  5
F7
330
F5
100
AcDbEntity
  8
Capa 1
370
     0
100
AcDbVertex
100
AcDb2dVertex
 10
132.8423776349688
 20
-127.7118713037468
 30
0.0
  0
VERTEX
  5
F8
330
F5
100
AcDbEntity
  8
Capa 1
370
     0
100
AcDbVertex
100
AcDb2dVertex
 10
132.9574091936426
 20
-127.7118713037468
 30
0.0
  0
VERTEX
  5
F9
330
F5
100
AcDbEntity
  8
Capa 1
370
     0
100
AcDbVertex
100
AcDb2dVertex
 10
132.6187051597707
 20
-128.9228979908912
 30
0.0
  0
VERTEX
  5
FA
330
F5
100
AcDbEntity
  8
Capa 1
370
     0
100
AcDbVertex
100
AcDb2dVertex
 10
132.5028747708276
 20
-128.9228979908912
 30
0.0
  0
SEQEND
  5
FB
330
F5
100
AcDbEntity
  8
Capa 1
370
     0
  0
HATCH
  5
FC
330
1F
100
AcDbEntity
  8
Capa 1
 62
   255
100
AcDbHatch
 10
0.0
 20
0.0
 30
0.0
210
0.0
220
0.0
230
1.0
  2
SOLID
 70
     1
 71
     0
 91
        1
 92
        1
 93
        4
 72
     1
 10
132.5028747708276
 20
-128.9228979908912
 11
132.8423776349688
 21
-127.7118713037468
 72
     1
 10
132.8423776349688
 20
-127.7118713037468
 11
132.9574091936426
 21
-127.7118713037468
 72
     1
 10
132.9574091936426
 20
-127.7118713037468
 11
132.6187051597707
 21
-128.9228979908912
 72
     1
 10
132.6187051597707
 20
-128.9228979908912
 11
132.5028747708276
 21
-128.9228979908912
 97
        0
 75
     2
 76
     1
 98
        0
  0
SPLINE
  5
FD
330
1F
100
AcDbEntity
  8
Capa 1
370
     0
100
AcDbSpline
210
0.0
220
0.0
230
1.0
 70
    11
 71
     3
 72
    41
 73
    37
 74
     0
 42
0.0000000001
 43
0.0000000001
 12
1.0
 22
0.0
 32
0.0
 13
1.0
 23
0.0
 33
0.0
 40
0.0
 40
0.0
 40
0.0
 40
0.0
 40
1.0
 40
1.0
 40
1.0
 40
2.0
 40
2.0
 40
2.0
 40
3.0
 40
3.0
 40
3.0
 40
4.0
 40
4.0
 40
4.0
 40
5.0
 40
5.0
 40
5.0
 40
6.0
 40
6.0
 40
6.0
 40
7.0
 40
7.0
 40
7.0
 40
8.0
 40
8.0
 40
8.0
 40
9.0
 40
9.0
 40
9.0
 40
10.0
 40
10.0
 40
10.0
 40
11.0
 40
11.0
 40
11.0
 40
12.0
 40
12.0
 40
12.0
 40
12.0
 10
133.0836243760761
 20
-128.9029272341777
 30
0.0
 10
133.0836243760761
 20
-128.9029272341777
 30
0.0
 10
133.0836243760761
 20
-127.7318420604602
 30
0.0
 10
133.0836243760761
 20
-127.7318420604602
 30
0.0
 10
133.0836243760761
 20
-127.7318420604602
 30
0.0
 10
133.4870336617011
 20
-127.7318420604602
 30
0.0
 10
133.4870336617011
 20
-127.7318420604602
 30
0.0
 10
133.578100312318
 20
-127.7318420604602
 30
0.0
 10
133.6475985456827
 20
-127.7374338723411
 30
0.0
 10
133.6955283617972
 20
-127.7486174961002
 30
0.0
 10
133.7626301043565
 20
-127.764061547959
 30
0.0
 10
133.8198796069372
 20
-127.7920206073594
 30
0.0
 10
133.8672768695389
 20
-127.8324946743001
 30
0.0
 10
133.9290530769739
 20
-127.8846849185137
 30
0.0
 10
133.9752520941742
 20
-127.951387245938
 30
0.0
 10
134.0058739211349
 20
-128.0326016565762
 30
0.0
 10
134.0364957480973
 20
-128.1138160672132
 30
0.0
 10
134.0518066615777
 20
-128.2066135167442
 30
0.0
 10
134.0518066615777
 20
-128.3109940051701
 30
0.0
 10
134.0518066615777
 20
-128.3999304417371
 30
0.0
 10
134.041421868085
 20
-128.4787483615686
 30
0.0
 10
134.0206522811025
 20
-128.5474477646665
 30
0.0
 10
133.9998826941194
 20
-128.6161471677632
 30
0.0
 10
133.9732550185011
 20
-128.6729972552095
 30
0.0
 10
133.9407692542468
 20
-128.7179980270049
 30
0.0
 10
133.9082834899911
 20
-128.7629987988014
 30
0.0
 10
133.8727355430403
 20
-128.7984136073731
 30
0.0
 10
133.8341254133929
 20
-128.8242424527243
 30
0.0
 10
133.7955152837459
 20
-128.8500712980735
 30
0.0
 10
133.7489168514129
 20
-128.869642639654
 30
0.0
 10
133.6943301163939
 20
-128.8829564774636
 30
0.0
 10
133.6397433813752
 20
-128.8962703152732
 30
0.0
 10
133.5770352052934
 20
-128.9029272341777
 30
0.0
 10
133.5062055881472
 20
-128.9029272341777
 30
0.0
 10
133.5062055881472
 20
-128.9029272341777
 30
0.0
 10
133.0836243760761
 20
-128.9029272341777
 30
0.0
 10
133.0836243760761
 20
-128.9029272341777
 30
0.0
  0
SPLINE
  5
FE
330
1F
100
AcDbEntity
  8
Capa 1
370
     0
100
AcDbSpline
210
0.0
220
0.0
230
1.0
 70
    11
 71
     3
 72
    35
 73
    31
 74
     0
 42
0.0000000001
 43
0.0000000001
 12
1.0
 22
0.0
 32
0.0
 13
1.0
 23
0.0
 33
0.0
 40
0.0
 40
0.0
 40
0.0
 40
0.0
 40
1.0
 40
1.0
 40
1.0
 40
2.0
 40
2.0
 40
2.0
 40
3.0
 40
3.0
 40
3.0
 40
4.0
 40
4.0
 40
4.0
 40
5.0
 40
5.0
 40
5.0
 40
6.0
 40
6.0
 40
6.0
 40
7.0
 40
7.0
 40
7.0
 40
8.0
 40
8.0
 40
8.0
 40
9.0
 40
9.0
 40
9.0
 40
10.0
 40
10.0
 40
10.0
 40
10.0
 10
133.2385974481775
 20
-128.7647295977157
 30
0.0
 10
133.2385974481775
 20
-128.7647295977157
 30
0.0
 10
133.4886313222382
 20
-128.7647295977157
 30
0.0
 10
133.4886313222382
 20
-128.7647295977157
 30
0.0
 10
133.5658515815333
 20
-128.7647295977157
 30
0.0
 10
133.6264295435656
 20
-128.7575401252994
 30
0.0
 10
133.6703652083372
 20
-128.7431611804648
 30
0.0
 10
133.7143008731083
 20
-128.7287822356309
 30
0.0
 10
133.7493162665469
 20
-128.7085452021599
 30
0.0
 10
133.7754113886537
 20
-128.6824500800538
 30
0.0
 10
133.8121575810078
 20
-128.6457038876997
 30
0.0
 10
133.8407823322971
 20
-128.5963095494272
 30
0.0
 10
133.861285642524
 20
-128.5342670652337
 30
0.0
 10
133.8817889527506
 20
-128.4722245810422
 30
0.0
 10
133.8920406078642
 20
-128.3970013974198
 30
0.0
 10
133.8920406078642
 20
-128.3085975143653
 30
0.0
 10
133.8920406078642
 20
-128.1861102065183
 30
0.0
 10
133.871936712772
 20
-128.0919813732061
 30
0.0
 10
133.8317289225869
 20
-128.0262110144273
 30
0.0
 10
133.7915211324031
 20
-127.9604406556485
 30
0.0
 10
133.7426593476427
 20
-127.9163718524987
 30
0.0
 10
133.6851435683058
 20
-127.8940046049798
 30
0.0
 10
133.6436043943402
 20
-127.8780279996092
 30
0.0
 10
133.5767689285372
 20
-127.8700396969235
 30
0.0
 10
133.484637170896
 20
-127.8700396969235
 30
0.0
 10
133.484637170896
 20
-127.8700396969235
 30
0.0
 10
133.2385974481775
 20
-127.8700396969235
 30
0.0
 10
133.2385974481775
 20
-127.8700396969235
 30
0.0
 10
133.2385974481775
 20
-127.8700396969235
 30
0.0
 10
133.2385974481775
 20
-128.7647295977157
 30
0.0
 10
133.2385974481775
 20
-128.7647295977157
 30
0.0
  0
HATCH
  5
FF
330
1F
100
AcDbEntity
  8
Capa 1
 62
   255
100
AcDbHatch
 10
0.0
 20
0.0
 30
0.0
210
0.0
220
0.0
230
1.0
  2
SOLID
 70
     1
 71
     0
 91
        2
 92
        1
 93
        1
 72
     4
 94
        3
 73
     0
 74
     1
 95
       41
 96
       37
 40
0.0
 40
0.0
 40
0.0
 40
0.0
 40
1.0
 40
1.0
 40
1.0
 40
2.0
 40
2.0
 40
2.0
 40
3.0
 40
3.0
 40
3.0
 40
4.0
 40
4.0
 40
4.0
 40
5.0
 40
5.0
 40
5.0
 40
6.0
 40
6.0
 40
6.0
 40
7.0
 40
7.0
 40
7.0
 40
8.0
 40
8.0
 40
8.0
 40
9.0
 40
9.0
 40
9.0
 40
10.0
 40
10.0
 40
10.0
 40
11.0
 40
11.0
 40
11.0
 40
12.0
 40
12.0
 40
12.0
 40
12.0
 10
133.0836243760761
 20
-128.9029272341777
 10
133.0836243760761
 20
-128.9029272341777
 10
133.0836243760761
 20
-127.7318420604602
 10
133.0836243760761
 20
-127.7318420604602
 10
133.0836243760761
 20
-127.7318420604602
 10
133.4870336617011
 20
-127.7318420604602
 10
133.4870336617011
 20
-127.7318420604602
 10
133.578100312318
 20
-127.7318420604602
 10
133.6475985456827
 20
-127.7374338723411
 10
133.6955283617972
 20
-127.7486174961002
 10
133.7626301043565
 20
-127.764061547959
 10
133.8198796069372
 20
-127.7920206073594
 10
133.8672768695389
 20
-127.8324946743001
 10
133.9290530769739
 20
-127.8846849185137
 10
133.9752520941742
 20
-127.951387245938
 10
134.0058739211349
 20
-128.0326016565762
 10
134.0364957480973
 20
-128.1138160672132
 10
134.0518066615777
 20
-128.2066135167442
 10
134.0518066615777
 20
-128.3109940051701
 10
134.0518066615777
 20
-128.3999304417371
 10
134.041421868085
 20
-128.4787483615686
 10
134.0206522811025
 20
-128.5474477646665
 10
133.9998826941194
 20
-128.6161471677632
 10
133.9732550185011
 20
-128.6729972552095
 10
133.9407692542468
 20
-128.7179980270049
 10
133.9082834899911
 20
-128.7629987988014
 10
133.8727355430403
 20
-128.7984136073731
 10
133.8341254133929
 20
-128.8242424527243
 10
133.7955152837459
 20
-128.8500712980735
 10
133.7489168514129
 20
-128.869642639654
 10
133.6943301163939
 20
-128.8829564774636
 10
133.6397433813752
 20
-128.8962703152732
 10
133.5770352052934
 20
-128.9029272341777
 10
133.5062055881472
 20
-128.9029272341777
 10
133.5062055881472
 20
-128.9029272341777
 10
133.0836243760761
 20
-128.9029272341777
 10
133.0836243760761
 20
-128.9029272341777
 97
        0
 92
        1
 93
        1
 72
     4
 94
        3
 73
     0
 74
     1
 95
       35
 96
       31
 40
0.0
 40
0.0
 40
0.0
 40
0.0
 40
1.0
 40
1.0
 40
1.0
 40
2.0
 40
2.0
 40
2.0
 40
3.0
 40
3.0
 40
3.0
 40
4.0
 40
4.0
 40
4.0
 40
5.0
 40
5.0
 40
5.0
 40
6.0
 40
6.0
 40
6.0
 40
7.0
 40
7.0
 40
7.0
 40
8.0
 40
8.0
 40
8.0
 40
9.0
 40
9.0
 40
9.0
 40
10.0
 40
10.0
 40
10.0
 40
10.0
 10
133.2385974481775
 20
-128.7647295977157
 10
133.2385974481775
 20
-128.7647295977157
 10
133.4886313222382
 20
-128.7647295977157
 10
133.4886313222382
 20
-128.7647295977157
 10
133.5658515815333
 20
-128.7647295977157
 10
133.6264295435656
 20
-128.7575401252994
 10
133.6703652083372
 20
-128.7431611804648
 10
133.7143008731083
 20
-128.7287822356309
 10
133.7493162665469
 20
-128.7085452021599
 10
133.7754113886537
 20
-128.6824500800538
 10
133.8121575810078
 20
-128.6457038876997
 10
133.8407823322971
 20
-128.5963095494272
 10
133.861285642524
 20
-128.5342670652337
 10
133.8817889527506
 20
-128.4722245810422
 10
133.8920406078642
 20
-128.3970013974198
 10
133.8920406078642
 20
-128.3085975143653
 10
133.8920406078642
 20
-128.1861102065183
 10
133.871936712772
 20
-128.0919813732061
 10
133.8317289225869
 20
-128.0262110144273
 10
133.7915211324031
 20
-127.9604406556485
 10
133.7426593476427
 20
-127.9163718524987
 10
133.6851435683058
 20
-127.8940046049798
 10
133.6436043943402
 20
-127.8780279996092
 10
133.5767689285372
 20
-127.8700396969235
 10
133.484637170896
 20
-127.8700396969235
 10
133.484637170896
 20
-127.8700396969235
 10
133.2385974481775
 20
-127.8700396969235
 10
133.2385974481775
 20
-127.8700396969235
 10
133.2385974481775
 20
-127.8700396969235
 10
133.2385974481775
 20
-128.7647295977157
 10
133.2385974481775
 20
-128.7647295977157
 97
        0
 75
     2
 76
     1
 98
        0
  0
SPLINE
  5
100
330
1F
100
AcDbEntity
  8
Capa 1
370
     0
100
AcDbSpline
210
0.0
220
0.0
230
1.0
 70
    11
 71
     3
 72
    62
 73
    58
 74
     0
 42
0.0000000001
 43
0.0000000001
 12
1.0
 22
0.0
 32
0.0
 13
1.0
 23
0.0
 33
0.0
 40
0.0
 40
0.0
 40
0.0
 40
0.0
 40
1.0
 40
1.0
 40
1.0
 40
2.0
 40
2.0
 40
2.0
 40
3.0
 40
3.0
 40
3.0
 40
4.0
 40
4.0
 40
4.0
 40
5.0
 40
5.0
 40
5.0
 40
6.0
 40
6.0
 40
6.0
 40
7.0
 40
7.0
 40
7.0
 40
8.0
 40
8.0
 40
8.0
 40
9.0
 40
9.0
 40
9.0
 40
10.0
 40
10.0
 40
10.0
 40
11.0
 40
11.0
 40
11.0
 40
12.0
 40
12.0
 40
12.0
 40
13.0
 40
13.0
 40
13.0
 40
14.0
 40
14.0
 40
14.0
 40
15.0
 40
15.0
 40
15.0
 40
16.0
 40
16.0
 40
16.0
 40
17.0
 40
17.0
 40
17.0
 40
18.0
 40
18.0
 40
18.0
 40
19.0
 40
19.0
 40
19.0
 40
19.0
 10
158.9148060213591
 20
-123.6921073687704
 30
0.0
 10
158.9148060213591
 20
-123.6921073687704
 30
0.0
 10
158.7815475895517
 20
-123.7029623535381
 30
0.0
 10
158.7815475895517
 20
-123.7029623535381
 30
0.0
 10
158.7696730758245
 20
-123.6482076513629
 30
0.0
 10
158.7527608896132
 20
-123.608386049779
 30
0.0
 10
158.7309309754914
 20
-123.5836174933704
 30
0.0
 10
158.6947077113996
 20
-123.5438558640752
 30
0.0
 10
158.6500283542004
 20
-123.5239450632859
 30
0.0
 10
158.5968929038954
 20
-123.5239450632859
 30
0.0
 10
158.5541926323141
 20
-123.5239450632859
 30
0.0
 10
158.5167699223911
 20
-123.5363593276346
 30
0.0
 10
158.4845048295437
 20
-123.5611278840419
 30
0.0
 10
158.4422843362958
 20
-123.5931530877236
 30
0.0
 10
158.4090596867809
 20
-123.6399314751266
 30
0.0
 10
158.3847109364176
 20
-123.7014030739591
 30
0.0
 10
158.3604221583443
 20
-123.7629346450816
 30
0.0
 10
158.3477680048292
 20
-123.8504941907341
 30
0.0
 10
158.3467484758698
 20
-123.964141683206
 30
0.0
 10
158.3790135687204
 20
-123.9129853185203
 30
0.0
 10
158.4184753365579
 20
-123.8750228579712
 30
0.0
 10
158.4651337793726
 20
-123.8501943292739
 30
0.0
 10
158.5117922221937
 20
-123.8254257728665
 30
0.0
 10
158.5606696397992
 20
-123.8130115085204
 30
0.0
 10
158.61182600449
 20
-123.8130115085204
 30
0.0
 10
158.7011247465948
 20
-123.8130115085204
 30
0.0
 10
158.7772295845591
 20
-123.8472556869897
 30
0.0
 10
158.8400205738055
 20
-123.9156840716381
 30
0.0
 10
158.9028115630513
 20
-123.9841724285817
 30
0.0
 10
158.9341770715269
 20
-124.0726315586034
 30
0.0
 10
158.9341770715269
 20
-124.1811814062947
 30
0.0
 10
158.9341770715269
 20
-124.2524884609387
 30
0.0
 10
158.9194238878068
 20
-124.3186978708022
 30
0.0
 10
158.8898575480753
 20
-124.3799295804664
 30
0.0
 10
158.8603511806389
 20
-124.4411612901319
 30
0.0
 10
158.819749939262
 20
-124.4880596221174
 30
0.0
 10
158.7681737685361
 20
-124.5206245764245
 30
0.0
 10
158.7165376255189
 20
-124.5531895307328
 30
0.0
 10
158.6579446966839
 20
-124.56944202174
 30
0.0
 10
158.592454954317
 20
-124.56944202174
 30
0.0
 10
158.4807865474664
 20
-124.56944202174
 30
0.0
 10
158.3896886366156
 20
-124.526681777868
 30
0.0
 10
158.3192211940508
 20
-124.4411612901319
 30
0.0
 10
158.2486937791998
 20
-124.3557007746837
 30
0.0
 10
158.2134900440637
 20
-124.2147658895638
 30
0.0
 10
158.2134900440637
 20
-124.0184166070497
 30
0.0
 10
158.2134900440637
 20
-123.7987980754244
 30
0.0
 10
158.2524720335645
 20
-123.6391518353374
 30
0.0
 10
158.3303760402787
 20
-123.5394179145065
 30
0.0
 10
158.398384618887
 20
-123.4526380086419
 30
0.0
 10
158.4899623080712
 20
-123.4092180695633
 30
0.0
 10
158.6051091078347
 20
-123.4092180695633
 30
0.0
 10
158.6909894293205
 20
-123.4092180695633
 30
0.0
 10
158.7613369273021
 20
-123.4342864874296
 30
0.0
 10
158.8161516017699
 20
-123.4844233231571
 30
0.0
 10
158.8710262485328
 20
-123.5345001865998
 30
0.0
 10
158.9038910642962
 20
-123.6037681833274
 30
0.0
 10
158.9148060213591
 20
-123.6921073687704
 30
0.0
  0
SPLINE
  5
101
330
1F
100
AcDbEntity
  8
Capa 1
370
     0
100
AcDbSpline
210
0.0
220
0.0
230
1.0
 70
    11
 71
     3
 72
    32
 73
    28
 74
     0
 42
0.0000000001
 43
0.0000000001
 12
1.0
 22
0.0
 32
0.0
 13
1.0
 23
0.0
 33
0.0
 40
0.0
 40
0.0
 40
0.0
 40
0.0
 40
1.0
 40
1.0
 40
1.0
 40
2.0
 40
2.0
 40
2.0
 40
3.0
 40
3.0
 40
3.0
 40
4.0
 40
4.0
 40
4.0
 40
5.0
 40
5.0
 40
5.0
 40
6.0
 40
6.0
 40
6.0
 40
7.0
 40
7.0
 40
7.0
 40
8.0
 40
8.0
 40
8.0
 40
9.0
 40
9.0
 40
9.0
 40
9.0
 10
158.3676188333273
 20
-124.1819610460878
 30
0.0
 10
158.3676188333273
 20
-124.2299988516141
 30
0.0
 10
158.3773943168495
 20
-124.275997599226
 30
0.0
 10
158.3970052561812
 20
-124.3198973166303
 30
0.0
 10
158.4166161955167
 20
-124.3637970340443
 30
0.0
 10
158.4440235327544
 20
-124.397261572723
 30
0.0
 10
158.4792872401767
 20
-124.4202309603831
 30
0.0
 10
158.5144909753141
 20
-124.4432603203369
 30
0.0
 10
158.5514938791976
 20
-124.4547150280213
 30
0.0
 10
158.590235979532
 20
-124.4547150280213
 30
0.0
 10
158.6467898504559
 20
-124.4547150280213
 30
0.0
 10
158.6954273788937
 20
-124.4309660005676
 30
0.0
 10
158.7361485648519
 20
-124.3834679456672
 30
0.0
 10
158.7768097785214
 20
-124.3359099184737
 30
0.0
 10
158.7972003576423
 20
-124.2713197604838
 30
0.0
 10
158.7972003576423
 20
-124.1896974716962
 30
0.0
 10
158.7972003576423
 20
-124.1111337697727
 30
0.0
 10
158.7771096399778
 20
-124.0493023371919
 30
0.0
 10
158.7368682323511
 20
-124.0040832293724
 30
0.0
 10
158.696686797017
 20
-123.9588641215509
 30
0.0
 10
158.646070182958
 20
-123.936254567638
 30
0.0
 10
158.5850183901689
 20
-123.936254567638
 30
0.0
 10
158.5244463757101
 20
-123.936254567638
 30
0.0
 10
158.4730501218593
 20
-123.9588641215509
 30
0.0
 10
158.4308896009053
 20
-124.0040832293724
 30
0.0
 10
158.3886691076568
 20
-124.0493023371919
 30
0.0
 10
158.3676188333273
 20
-124.1085549612375
 30
0.0
 10
158.3676188333273
 20
-124.1819610460878
 30
0.0
  0
HATCH
  5
102
330
1F
100
AcDbEntity
  8
Capa 1
 62
   255
100
AcDbHatch
 10
0.0
 20
0.0
 30
0.0
210
0.0
220
0.0
230
1.0
  2
SOLID
 70
     1
 71
     0
 91
        2
 92
        1
 93
        1
 72
     4
 94
        3
 73
     0
 74
     1
 95
       62
 96
       58
 40
0.0
 40
0.0
 40
0.0
 40
0.0
 40
1.0
 40
1.0
 40
1.0
 40
2.0
 40
2.0
 40
2.0
 40
3.0
 40
3.0
 40
3.0
 40
4.0
 40
4.0
 40
4.0
 40
5.0
 40
5.0
 40
5.0
 40
6.0
 40
6.0
 40
6.0
 40
7.0
 40
7.0
 40
7.0
 40
8.0
 40
8.0
 40
8.0
 40
9.0
 40
9.0
 40
9.0
 40
10.0
 40
10.0
 40
10.0
 40
11.0
 40
11.0
 40
11.0
 40
12.0
 40
12.0
 40
12.0
 40
13.0
 40
13.0
 40
13.0
 40
14.0
 40
14.0
 40
14.0
 40
15.0
 40
15.0
 40
15.0
 40
16.0
 40
16.0
 40
16.0
 40
17.0
 40
17.0
 40
17.0
 40
18.0
 40
18.0
 40
18.0
 40
19.0
 40
19.0
 40
19.0
 40
19.0
 10
158.9148060213591
 20
-123.6921073687704
 10
158.9148060213591
 20
-123.6921073687704
 10
158.7815475895517
 20
-123.7029623535381
 10
158.7815475895517
 20
-123.7029623535381
 10
158.7696730758245
 20
-123.6482076513629
 10
158.7527608896132
 20
-123.608386049779
 10
158.7309309754914
 20
-123.5836174933704
 10
158.6947077113996
 20
-123.5438558640752
 10
158.6500283542004
 20
-123.5239450632859
 10
158.5968929038954
 20
-123.5239450632859
 10
158.5541926323141
 20
-123.5239450632859
 10
158.5167699223911
 20
-123.5363593276346
 10
158.4845048295437
 20
-123.5611278840419
 10
158.4422843362958
 20
-123.5931530877236
 10
158.4090596867809
 20
-123.6399314751266
 10
158.3847109364176
 20
-123.7014030739591
 10
158.3604221583443
 20
-123.7629346450816
 10
158.3477680048292
 20
-123.8504941907341
 10
158.3467484758698
 20
-123.964141683206
 10
158.3790135687204
 20
-123.9129853185203
 10
158.4184753365579
 20
-123.8750228579712
 10
158.4651337793726
 20
-123.8501943292739
 10
158.5117922221937
 20
-123.8254257728665
 10
158.5606696397992
 20
-123.8130115085204
 10
158.61182600449
 20
-123.8130115085204
 10
158.7011247465948
 20
-123.8130115085204
 10
158.7772295845591
 20
-123.8472556869897
 10
158.8400205738055
 20
-123.9156840716381
 10
158.9028115630513
 20
-123.9841724285817
 10
158.9341770715269
 20
-124.0726315586034
 10
158.9341770715269
 20
-124.1811814062947
 10
158.9341770715269
 20
-124.2524884609387
 10
158.9194238878068
 20
-124.3186978708022
 10
158.8898575480753
 20
-124.3799295804664
 10
158.8603511806389
 20
-124.4411612901319
 10
158.819749939262
 20
-124.4880596221174
 10
158.7681737685361
 20
-124.5206245764245
 10
158.7165376255189
 20
-124.5531895307328
 10
158.6579446966839
 20
-124.56944202174
 10
158.592454954317
 20
-124.56944202174
 10
158.4807865474664
 20
-124.56944202174
 10
158.3896886366156
 20
-124.526681777868
 10
158.3192211940508
 20
-124.4411612901319
 10
158.2486937791998
 20
-124.3557007746837
 10
158.2134900440637
 20
-124.2147658895638
 10
158.2134900440637
 20
-124.0184166070497
 10
158.2134900440637
 20
-123.7987980754244
 10
158.2524720335645
 20
-123.6391518353374
 10
158.3303760402787
 20
-123.5394179145065
 10
158.398384618887
 20
-123.4526380086419
 10
158.4899623080712
 20
-123.4092180695633
 10
158.6051091078347
 20
-123.4092180695633
 10
158.6909894293205
 20
-123.4092180695633
 10
158.7613369273021
 20
-123.4342864874296
 10
158.8161516017699
 20
-123.4844233231571
 10
158.8710262485328
 20
-123.5345001865998
 10
158.9038910642962
 20
-123.6037681833274
 10
158.9148060213591
 20
-123.6921073687704
 97
        0
 92
        1
 93
        1
 72
     4
 94
        3
 73
     0
 74
     1
 95
       32
 96
       28
 40
0.0
 40
0.0
 40
0.0
 40
0.0
 40
1.0
 40
1.0
 40
1.0
 40
2.0
 40
2.0
 40
2.0
 40
3.0
 40
3.0
 40
3.0
 40
4.0
 40
4.0
 40
4.0
 40
5.0
 40
5.0
 40
5.0
 40
6.0
 40
6.0
 40
6.0
 40
7.0
 40
7.0
 40
7.0
 40
8.0
 40
8.0
 40
8.0
 40
9.0
 40
9.0
 40
9.0
 40
9.0
 10
158.3676188333273
 20
-124.1819610460878
 10
158.3676188333273
 20
-124.2299988516141
 10
158.3773943168495
 20
-124.275997599226
 10
158.3970052561812
 20
-124.3198973166303
 10
158.4166161955167
 20
-124.3637970340443
 10
158.4440235327544
 20
-124.397261572723
 10
158.4792872401767
 20
-124.4202309603831
 10
158.5144909753141
 20
-124.4432603203369
 10
158.5514938791976
 20
-124.4547150280213
 10
158.590235979532
 20
-124.4547150280213
 10
158.6467898504559
 20
-124.4547150280213
 10
158.6954273788937
 20
-124.4309660005676
 10
158.7361485648519
 20
-124.3834679456672
 10
158.7768097785214
 20
-124.3359099184737
 10
158.7972003576423
 20
-124.2713197604838
 10
158.7972003576423
 20
-124.1896974716962
 10
158.7972003576423
 20
-124.1111337697727
 10
158.7771096399778
 20
-124.0493023371919
 10
158.7368682323511
 20
-124.0040832293724
 10
158.696686797017
 20
-123.9588641215509
 10
158.646070182958
 20
-123.936254567638
 10
158.5850183901689
 20
-123.936254567638
 10
158.5244463757101
 20
-123.936254567638
 10
158.4730501218593
 20
-123.9588641215509
 10
158.4308896009053
 20
-124.0040832293724
 10
158.3886691076568
 20
-124.0493023371919
 10
158.3676188333273
 20
-124.1085549612375
 10
158.3676188333273
 20
-124.1819610460878
 97
        0
 75
     2
 76
     1
 98
        0
  0
POLYLINE
  5
103
330
1F
100
AcDbEntity
  8
Capa 1
370
     0
100
AcDb2dPolyline
 66
     1
 10
0.0
 20
0.0
 30
0.0
  0
VERTEX
  5
104
330
103
100
AcDbEntity
  8
Capa 1
370
     0
100
AcDbVertex
100
AcDb2dVertex
 10
159.1426407569255
 20
-124.5500709715696
 30
0.0
  0
VERTEX
  5
105
330
103
100
AcDbEntity
  8
Capa 1
370
     0
100
AcDbVertex
100
AcDb2dVertex
 10
159.1426407569255
 20
-124.3912043712756
 30
0.0
  0
VERTEX
  5
106
330
103
100
AcDbEntity
  8
Capa 1
370
     0
100
AcDbVertex
100
AcDb2dVertex
 10
159.2952702389034
 20
-124.3912043712756
 30
0.0
  0
VERTEX
  5
107
330
103
100
AcDbEntity
  8
Capa 1
370
     0
100
AcDbVertex
100
AcDb2dVertex
 10
159.2952702389034
 20
-124.5500709715696
 30
0.0
  0
VERTEX
  5
108
330
103
100
AcDbEntity
  8
Capa 1
370
     0
100
AcDbVertex
100
AcDb2dVertex
 10
159.1426407569255
 20
-124.5500709715696
 30
0.0
  0
SEQEND
  5
109
330
103
100
AcDbEntity
  8
Capa 1
370
     0
  0
HATCH
  5
10A
330
1F
100
AcDbEntity
  8
Capa 1
 62
   255
100
AcDbHatch
 10
0.0
 20
0.0
 30
0.0
210
0.0
220
0.0
230
1.0
  2
SOLID
 70
     1
 71
     0
 91
        1
 92
        1
 93
        4
 72
     1
 10
159.1426407569255
 20
-124.5500709715696
 11
159.1426407569255
 21
-124.3912043712756
 72
     1
 10
159.1426407569255
 20
-124.3912043712756
 11
159.2952702389034
 21
-124.3912043712756
 72
     1
 10
159.2952702389034
 20
-124.3912043712756
 11
159.2952702389034
 21
-124.5500709715696
 72
     1
 10
159.2952702389034
 20
-124.5500709715696
 11
159.1426407569255
 21
-124.5500709715696
 97
        0
 75
     2
 76
     1
 98
        0
  0
SPLINE
  5
10B
330
1F
100
AcDbEntity
  8
Capa 1
370
     0
100
AcDbSpline
210
0.0
220
0.0
230
1.0
 70
    11
 71
     3
 72
    71
 73
    67
 74
     0
 42
0.0000000001
 43
0.0000000001
 12
1.0
 22
0.0
 32
0.0
 13
1.0
 23
0.0
 33
0.0
 40
0.0
 40
0.0
 40
0.0
 40
0.0
 40
1.0
 40
1.0
 40
1.0
 40
2.0
 40
2.0
 40
2.0
 40
3.0
 40
3.0
 40
3.0
 40
4.0
 40
4.0
 40
4.0
 40
5.0
 40
5.0
 40
5.0
 40
6.0
 40
6.0
 40
6.0
 40
7.0
 40
7.0
 40
7.0
 40
8.0
 40
8.0
 40
8.0
 40
9.0
 40
9.0
 40
9.0
 40
10.0
 40
10.0
 40
10.0
 40
11.0
 40
11.0
 40
11.0
 40
12.0
 40
12.0
 40
12.0
 40
13.0
 40
13.0
 40
13.0
 40
14.0
 40
14.0
 40
14.0
 40
15.0
 40
15.0
 40
15.0
 40
16.0
 40
16.0
 40
16.0
 40
17.0
 40
17.0
 40
17.0
 40
18.0
 40
18.0
 40
18.0
 40
19.0
 40
19.0
 40
19.0
 40
20.0
 40
20.0
 40
20.0
 40
21.0
 40
21.0
 40
21.0
 40
22.0
 40
22.0
 40
22.0
 40
22.0
 10
159.4910797707869
 20
-124.2524884609387
 30
0.0
 10
159.4910797707869
 20
-124.2524884609387
 30
0.0
 10
159.631834739035
 20
-124.2400741965914
 30
0.0
 10
159.631834739035
 20
-124.2400741965914
 30
0.0
 10
159.6422099454725
 20
-124.3113812512353
 30
0.0
 10
159.6664387512551
 20
-124.3649964798763
 30
0.0
 10
159.7044012118023
 20
-124.4008599102139
 30
0.0
 10
159.7423636723462
 20
-124.4367833128505
 30
0.0
 10
159.7881825030862
 20
-124.4547150280213
 30
0.0
 10
159.8417377594333
 20
-124.4547150280213
 30
0.0
 10
159.9062679451326
 20
-124.4547150280213
 30
0.0
 10
159.9609027027272
 20
-124.4294067209898
 30
0.0
 10
160.0055820599259
 20
-124.3787901069282
 30
0.0
 10
160.050201444832
 20
-124.3281734928641
 30
0.0
 10
160.0725711095805
 20
-124.2610045263376
 30
0.0
 10
160.0725711095805
 20
-124.1772832073449
 30
0.0
 10
160.0725711095805
 20
-124.0976999764698
 30
0.0
 10
160.0511010292063
 20
-124.0349689595159
 30
0.0
 10
160.0081608684631
 20
-123.9889702119033
 30
0.0
 10
159.9652207077186
 20
-123.9429714642946
 30
0.0
 10
159.9090266705449
 20
-123.9199421043356
 30
0.0
 10
159.8395187846483
 20
-123.9199421043356
 30
0.0
 10
159.7963387347336
 20
-123.9199421043356
 30
0.0
 10
159.7573567452327
 20
-123.9301973661918
 30
0.0
 10
159.7226327884307
 20
-123.9505879453166
 30
0.0
 10
159.6879088316248
 20
-123.9709785244413
 30
0.0
 10
159.6605614666848
 20
-123.9974862773009
 30
0.0
 10
159.6407706104767
 20
-124.0300512316092
 30
0.0
 10
159.6407706104767
 20
-124.0300512316092
 30
0.0
 10
159.5148887705287
 20
-124.0129591285202
 30
0.0
 10
159.5148887705287
 20
-124.0129591285202
 30
0.0
 10
159.5148887705287
 20
-124.0129591285202
 30
0.0
 10
159.6206199205158
 20
-123.4293687595229
 30
0.0
 10
159.6206199205158
 20
-123.4293687595229
 30
0.0
 10
159.6206199205158
 20
-123.4293687595229
 30
0.0
 10
160.1633691589742
 20
-123.4293687595229
 30
0.0
 10
160.1633691589742
 20
-123.4293687595229
 30
0.0
 10
160.1633691589742
 20
-123.4293687595229
 30
0.0
 10
160.1633691589742
 20
-123.5626871636216
 30
0.0
 10
160.1633691589742
 20
-123.5626871636216
 30
0.0
 10
160.1633691589742
 20
-123.5626871636216
 30
0.0
 10
159.7278503777951
 20
-123.5626871636216
 30
0.0
 10
159.7278503777951
 20
-123.5626871636216
 30
0.0
 10
159.7278503777951
 20
-123.5626871636216
 30
0.0
 10
159.6690175597936
 20
-123.8680660721572
 30
0.0
 10
159.6690175597936
 20
-123.8680660721572
 30
0.0
 10
159.7345672744466
 20
-123.8205080449598
 30
0.0
 10
159.8032955205527
 20
-123.7967590175119
 30
0.0
 10
159.8752622704059
 20
-123.7967590175119
 30
0.0
 10
159.9705582416681
 20
-123.7967590175119
 30
0.0
 10
160.0509810846224
 20
-123.8311231405643
 30
0.0
 10
160.1164708269893
 20
-123.8997914143799
 30
0.0
 10
160.1820205416422
 20
-123.9685196604873
 30
0.0
 10
160.2147654128244
 20
-124.0569188182203
 30
0.0
 10
160.2147654128244
 20
-124.1648689429975
 30
0.0
 10
160.2147654128244
 20
-124.2677214229929
 30
0.0
 10
160.1859787128872
 20
-124.3566003590549
 30
0.0
 10
160.1284053130026
 20
-124.4315057511923
 30
0.0
 10
160.0584176487757
 20
-124.5234432741274
 30
0.0
 10
159.9628817883484
 20
-124.56944202174
 30
0.0
 10
159.8417377594333
 20
-124.56944202174
 30
0.0
 10
159.7424836169288
 20
-124.56944202174
 30
0.0
 10
159.6614610510565
 20
-124.5405353772151
 30
0.0
 10
159.5986700618114
 20
-124.4826621158767
 30
0.0
 10
159.5358790725707
 20
-124.4247888545408
 30
0.0
 10
159.5000156422273
 20
-124.3480842936567
 30
0.0
 10
159.4910797707869
 20
-124.2524884609387
 30
0.0
  0
HATCH
  5
10C
330
1F
100
AcDbEntity
  8
Capa 1
 62
   255
100
AcDbHatch
 10
0.0
 20
0.0
 30
0.0
210
0.0
220
0.0
230
1.0
  2
SOLID
 70
     1
 71
     0
 91
        1
 92
        1
 93
        1
 72
     4
 94
        3
 73
     0
 74
     1
 95
       71
 96
       67
 40
0.0
 40
0.0
 40
0.0
 40
0.0
 40
1.0
 40
1.0
 40
1.0
 40
2.0
 40
2.0
 40
2.0
 40
3.0
 40
3.0
 40
3.0
 40
4.0
 40
4.0
 40
4.0
 40
5.0
 40
5.0
 40
5.0
 40
6.0
 40
6.0
 40
6.0
 40
7.0
 40
7.0
 40
7.0
 40
8.0
 40
8.0
 40
8.0
 40
9.0
 40
9.0
 40
9.0
 40
10.0
 40
10.0
 40
10.0
 40
11.0
 40
11.0
 40
11.0
 40
12.0
 40
12.0
 40
12.0
 40
13.0
 40
13.0
 40
13.0
 40
14.0
 40
14.0
 40
14.0
 40
15.0
 40
15.0
 40
15.0
 40
16.0
 40
16.0
 40
16.0
 40
17.0
 40
17.0
 40
17.0
 40
18.0
 40
18.0
 40
18.0
 40
19.0
 40
19.0
 40
19.0
 40
20.0
 40
20.0
 40
20.0
 40
21.0
 40
21.0
 40
21.0
 40
22.0
 40
22.0
 40
22.0
 40
22.0
 10
159.4910797707869
 20
-124.2524884609387
 10
159.4910797707869
 20
-124.2524884609387
 10
159.631834739035
 20
-124.2400741965914
 10
159.631834739035
 20
-124.2400741965914
 10
159.6422099454725
 20
-124.3113812512353
 10
159.6664387512551
 20
-124.3649964798763
 10
159.7044012118023
 20
-124.4008599102139
 10
159.7423636723462
 20
-124.4367833128505
 10
159.7881825030862
 20
-124.4547150280213
 10
159.8417377594333
 20
-124.4547150280213
 10
159.9062679451326
 20
-124.4547150280213
 10
159.9609027027272
 20
-124.4294067209898
 10
160.0055820599259
 20
-124.3787901069282
 10
160.050201444832
 20
-124.3281734928641
 10
160.0725711095805
 20
-124.2610045263376
 10
160.0725711095805
 20
-124.1772832073449
 10
160.0725711095805
 20
-124.0976999764698
 10
160.0511010292063
 20
-124.0349689595159
 10
160.0081608684631
 20
-123.9889702119033
 10
159.9652207077186
 20
-123.9429714642946
 10
159.9090266705449
 20
-123.9199421043356
 10
159.8395187846483
 20
-123.9199421043356
 10
159.7963387347336
 20
-123.9199421043356
 10
159.7573567452327
 20
-123.9301973661918
 10
159.7226327884307
 20
-123.9505879453166
 10
159.6879088316248
 20
-123.9709785244413
 10
159.6605614666848
 20
-123.9974862773009
 10
159.6407706104767
 20
-124.0300512316092
 10
159.6407706104767
 20
-124.0300512316092
 10
159.5148887705287
 20
-124.0129591285202
 10
159.5148887705287
 20
-124.0129591285202
 10
159.5148887705287
 20
-124.0129591285202
 10
159.6206199205158
 20
-123.4293687595229
 10
159.6206199205158
 20
-123.4293687595229
 10
159.6206199205158
 20
-123.4293687595229
 10
160.1633691589742
 20
-123.4293687595229
 10
160.1633691589742
 20
-123.4293687595229
 10
160.1633691589742
 20
-123.4293687595229
 10
160.1633691589742
 20
-123.5626871636216
 10
160.1633691589742
 20
-123.5626871636216
 10
160.1633691589742
 20
-123.5626871636216
 10
159.7278503777951
 20
-123.5626871636216
 10
159.7278503777951
 20
-123.5626871636216
 10
159.7278503777951
 20
-123.5626871636216
 10
159.6690175597936
 20
-123.8680660721572
 10
159.6690175597936
 20
-123.8680660721572
 10
159.7345672744466
 20
-123.8205080449598
 10
159.8032955205527
 20
-123.7967590175119
 10
159.8752622704059
 20
-123.7967590175119
 10
159.9705582416681
 20
-123.7967590175119
 10
160.0509810846224
 20
-123.8311231405643
 10
160.1164708269893
 20
-123.8997914143799
 10
160.1820205416422
 20
-123.9685196604873
 10
160.2147654128244
 20
-124.0569188182203
 10
160.2147654128244
 20
-124.1648689429975
 10
160.2147654128244
 20
-124.2677214229929
 10
160.1859787128872
 20
-124.3566003590549
 10
160.1284053130026
 20
-124.4315057511923
 10
160.0584176487757
 20
-124.5234432741274
 10
159.9628817883484
 20
-124.56944202174
 10
159.8417377594333
 20
-124.56944202174
 10
159.7424836169288
 20
-124.56944202174
 10
159.6614610510565
 20
-124.5405353772151
 10
159.5986700618114
 20
-124.4826621158767
 10
159.5358790725707
 20
-124.4247888545408
 10
159.5000156422273
 20
-124.3480842936567
 10
159.4910797707869
 20
-124.2524884609387
 97
        0
 75
     2
 76
     1
 98
        0
  0
POLYLINE
  5
10D
330
1F
100
AcDbEntity
  8
Capa 1
370
     0
100
AcDb2dPolyline
 66
     1
 10
0.0
 20
0.0
 30
0.0
  0
VERTEX
  5
10E
330
10D
100
AcDbEntity
  8
Capa 1
370
     0
100
AcDbVertex
100
AcDb2dVertex
 10
160.3247545955128
 20
-124.227420043075
 30
0.0
  0
VERTEX
  5
10F
330
10D
100
AcDbEntity
  8
Capa 1
370
     0
100
AcDbVertex
100
AcDb2dVertex
 10
160.3247545955128
 20
-124.0871448531571
 30
0.0
  0
VERTEX
  5
110
330
10D
100
AcDbEntity
  8
Capa 1
370
     0
100
AcDbVertex
100
AcDb2dVertex
 10
160.7364643769521
 20
-124.0871448531571
 30
0.0
  0
VERTEX
  5
111
330
10D
100
AcDbEntity
  8
Capa 1
370
     0
100
AcDbVertex
100
AcDb2dVertex
 10
160.7364643769521
 20
-124.227420043075
 30
0.0
  0
VERTEX
  5
112
330
10D
100
AcDbEntity
  8
Capa 1
370
     0
100
AcDbVertex
100
AcDb2dVertex
 10
160.3247545955128
 20
-124.227420043075
 30
0.0
  0
SEQEND
  5
113
330
10D
100
AcDbEntity
  8
Capa 1
370
     0
  0
HATCH
  5
114
330
1F
100
AcDbEntity
  8
Capa 1
 62
   255
100
AcDbHatch
 10
0.0
 20
0.0
 30
0.0
210
0.0
220
0.0
230
1.0
  2
SOLID
 70
     1
 71
     0
 91
        1
 92
        1
 93
        4
 72
     1
 10
160.3247545955128
 20
-124.227420043075
 11
160.3247545955128
 21
-124.0871448531571
 72
     1
 10
160.3247545955128
 20
-124.0871448531571
 11
160.7364643769521
 21
-124.0871448531571
 72
     1
 10
160.7364643769521
 20
-124.0871448531571
 11
160.7364643769521
 21
-124.227420043075
 72
     1
 10
160.7364643769521
 20
-124.227420043075
 11
160.3247545955128
 21
-124.227420043075
 97
        0
 75
     2
 76
     1
 98
        0
  0
SPLINE
  5
115
330
1F
100
AcDbEntity
  8
Capa 1
370
     0
100
AcDbSpline
210
0.0
220
0.0
230
1.0
 70
    11
 71
     3
 72
    95
 73
    91
 74
     0
 42
0.0000000001
 43
0.0000000001
 12
1.0
 22
0.0
 32
0.0
 13
1.0
 23
0.0
 33
0.0
 40
0.0
 40
0.0
 40
0.0
 40
0.0
 40
1.0
 40
1.0
 40
1.0
 40
2.0
 40
2.0
 40
2.0
 40
3.0
 40
3.0
 40
3.0
 40
4.0
 40
4.0
 40
4.0
 40
5.0
 40
5.0
 40
5.0
 40
6.0
 40
6.0
 40
6.0
 40
7.0
 40
7.0
 40
7.0
 40
8.0
 40
8.0
 40
8.0
 40
9.0
 40
9.0
 40
9.0
 40
10.0
 40
10.0
 40
10.0
 40
11.0
 40
11.0
 40
11.0
 40
12.0
 40
12.0
 40
12.0
 40
13.0
 40
13.0
 40
13.0
 40
14.0
 40
14.0
 40
14.0
 40
15.0
 40
15.0
 40
15.0
 40
16.0
 40
16.0
 40
16.0
 40
17.0
 40
17.0
 40
17.0
 40
18.0
 40
18.0
 40
18.0
 40
19.0
 40
19.0
 40
19.0
 40
20.0
 40
20.0
 40
20.0
 40
21.0
 40
21.0
 40
21.0
 40
22.0
 40
22.0
 40
22.0
 40
23.0
 40
23.0
 40
23.0
 40
24.0
 40
24.0
 40
24.0
 40
25.0
 40
25.0
 40
25.0
 40
26.0
 40
26.0
 40
26.0
 40
27.0
 40
27.0
 40
27.0
 40
28.0
 40
28.0
 40
28.0
 40
29.0
 40
29.0
 40
29.0
 40
30.0
 40
30.0
 40
30.0
 40
30.0
 10
160.8464535596392
 20
-124.2501495415699
 30
0.0
 10
160.8464535596392
 20
-124.2501495415699
 30
0.0
 10
160.9804316589445
 20
-124.2315581311918
 30
0.0
 10
160.9804316589445
 20
-124.2315581311918
 30
0.0
 10
160.9958445378693
 20
-124.3106016114461
 30
0.0
 10
161.0219924569845
 20
-124.3675752884103
 30
0.0
 10
161.0589953608641
 20
-124.4024191897936
 30
0.0
 10
161.0959382924531
 20
-124.4373230634746
 30
0.0
 10
161.140977483402
 20
-124.4547150280213
 30
0.0
 10
161.1941129337101
 20
-124.4547150280213
 30
0.0
 10
161.2571438121191
 20
-124.4547150280213
 30
0.0
 10
161.3103992070085
 20
-124.4319855295264
 30
0.0
 10
161.3538191460839
 20
-124.3865265325366
 30
0.0
 10
161.3972390851631
 20
-124.3410675355455
 30
0.0
 10
161.4189490546973
 20
-124.2847535537855
 30
0.0
 10
161.4189490546973
 20
-124.2175845872629
 30
0.0
 10
161.4189490546973
 20
-124.153534179897
 30
0.0
 10
161.3988583370341
 20
-124.1006985910465
 30
0.0
 10
161.3586769017012
 20
-124.0590778207205
 30
0.0
 10
161.3184354940771
 20
-124.0175170226805
 30
0.0
 10
161.2673391016821
 20
-123.996706637513
 30
0.0
 10
161.2052677799362
 20
-123.996706637513
 30
0.0
 10
161.1799594729041
 20
-123.996706637513
 30
0.0
 10
161.1484740198478
 20
-124.0018642545874
 30
0.0
 10
161.1107514484638
 20
-124.012179488731
 30
0.0
 10
161.1107514484638
 20
-124.012179488731
 30
0.0
 10
161.1256245767678
 20
-123.8897160694013
 30
0.0
 10
161.1256245767678
 20
-123.8897160694013
 30
0.0
 10
161.1345604482082
 20
-123.8907955706501
 30
0.0
 10
161.141757123195
 20
-123.8912753489849
 30
0.0
 10
161.1472146017239
 20
-123.8912753489849
 30
0.0
 10
161.2043082232699
 20
-123.8912753489849
 30
0.0
 10
161.2556445048307
 20
-123.8758024977617
 30
0.0
 10
161.3013433909843
 20
-123.8447968230369
 30
0.0
 10
161.3469823048505
 20
-123.8137911483096
 30
0.0
 10
161.3698317479286
 20
-123.7659932319484
 30
0.0
 10
161.3698317479286
 20
-123.7014030739591
 30
0.0
 10
161.3698317479286
 20
-123.6502467092754
 30
0.0
 10
161.3532194231717
 20
-123.6079062714449
 30
0.0
 10
161.3199348013668
 20
-123.5743217881823
 30
0.0
 10
161.2867101518506
 20
-123.5407373049159
 30
0.0
 10
161.2437699911074
 20
-123.5239450632859
 30
0.0
 10
161.1911742914233
 20
-123.5239450632859
 30
0.0
 10
161.1390583700721
 20
-123.5239450632859
 30
0.0
 10
161.0955784587073
 20
-123.5409771940823
 30
0.0
 10
161.0608545019027
 20
-123.5751014279728
 30
0.0
 10
161.0261305451007
 20
-123.609165689567
 30
0.0
 10
161.0037608803535
 20
-123.6603220542526
 30
0.0
 10
160.9938654522501
 20
-123.7285105497334
 30
0.0
 10
160.9938654522501
 20
-123.7285105497334
 30
0.0
 10
160.8598273806535
 20
-123.7037419933273
 30
0.0
 10
160.8598273806535
 20
-123.7037419933273
 30
0.0
 10
160.8761998162458
 20
-123.6102451908164
 30
0.0
 10
160.9134426092906
 20
-123.5377386903417
 30
0.0
 10
160.9714957875067
 20
-123.4863424364877
 30
0.0
 10
161.0296089380103
 20
-123.4349461826388
 30
0.0
 10
161.101815577026
 20
-123.4092180695633
 30
0.0
 10
161.1881756768427
 20
-123.4092180695633
 30
0.0
 10
161.2477281623459
 20
-123.4092180695633
 30
0.0
 10
161.3025428368163
 20
-123.4225319182863
 30
0.0
 10
161.3526796725477
 20
-123.4491596157297
 30
0.0
 10
161.4028165082726
 20
-123.4757873131796
 30
0.0
 10
161.4411987748632
 20
-123.5120705495626
 30
0.0
 10
161.4677665000153
 20
-123.5580093248787
 30
0.0
 10
161.4942742528762
 20
-123.6040080724951
 30
0.0
 10
161.5075881015973
 20
-123.6528255178081
 30
0.0
 10
161.5075881015973
 20
-123.7045216331178
 30
0.0
 10
161.5075881015973
 20
-123.7535789676023
 30
0.0
 10
161.4949339480841
 20
-123.7983182970929
 30
0.0
 10
161.4696256410527
 20
-123.838619677007
 30
0.0
 10
161.44425736173
 20
-123.8789210569236
 30
0.0
 10
161.4067746795176
 20
-123.9109462606066
 30
0.0
 10
161.3571775944116
 20
-123.9346952880583
 30
0.0
 10
161.4217077801102
 20
-123.9501681392789
 30
0.0
 10
161.4718446158403
 20
-123.9823732598344
 30
0.0
 10
161.5075881015973
 20
-124.031190705146
 30
0.0
 10
161.5433315873581
 20
-124.0800081504654
 30
0.0
 10
161.5612033302376
 20
-124.1411199155458
 30
0.0
 10
161.5612033302376
 20
-124.2144660281035
 30
0.0
 10
161.5612033302376
 20
-124.3136601983136
 30
0.0
 10
161.5264194011436
 20
-124.3978013233471
 30
0.0
 10
161.4569115152476
 20
-124.466769458621
 30
0.0
 10
161.3874636016403
 20
-124.535737593891
 30
0.0
 10
161.2996041945308
 20
-124.5702216615292
 30
0.0
 10
161.1933932662109
 20
-124.5702216615292
 30
0.0
 10
161.0975575443253
 20
-124.5702216615292
 30
0.0
 10
161.0180342857395
 20
-124.5405353772151
 30
0.0
 10
160.9547635181641
 20
-124.4811028362983
 30
0.0
 10
160.8914927505849
 20
-124.4216702953776
 30
0.0
 10
160.8553894310783
 20
-124.3446658730377
 30
0.0
 10
160.8464535596392
 20
-124.2501495415699
 30
0.0
  0
HATCH
  5
116
330
1F
100
AcDbEntity
  8
Capa 1
 62
   255
100
AcDbHatch
 10
0.0
 20
0.0
 30
0.0
210
0.0
220
0.0
230
1.0
  2
SOLID
 70
     1
 71
     0
 91
        1
 92
        1
 93
        1
 72
     4
 94
        3
 73
     0
 74
     1
 95
       95
 96
       91
 40
0.0
 40
0.0
 40
0.0
 40
0.0
 40
1.0
 40
1.0
 40
1.0
 40
2.0
 40
2.0
 40
2.0
 40
3.0
 40
3.0
 40
3.0
 40
4.0
 40
4.0
 40
4.0
 40
5.0
 40
5.0
 40
5.0
 40
6.0
 40
6.0
 40
6.0
 40
7.0
 40
7.0
 40
7.0
 40
8.0
 40
8.0
 40
8.0
 40
9.0
 40
9.0
 40
9.0
 40
10.0
 40
10.0
 40
10.0
 40
11.0
 40
11.0
 40
11.0
 40
12.0
 40
12.0
 40
12.0
 40
13.0
 40
13.0
 40
13.0
 40
14.0
 40
14.0
 40
14.0
 40
15.0
 40
15.0
 40
15.0
 40
16.0
 40
16.0
 40
16.0
 40
17.0
 40
17.0
 40
17.0
 40
18.0
 40
18.0
 40
18.0
 40
19.0
 40
19.0
 40
19.0
 40
20.0
 40
20.0
 40
20.0
 40
21.0
 40
21.0
 40
21.0
 40
22.0
 40
22.0
 40
22.0
 40
23.0
 40
23.0
 40
23.0
 40
24.0
 40
24.0
 40
24.0
 40
25.0
 40
25.0
 40
25.0
 40
26.0
 40
26.0
 40
26.0
 40
27.0
 40
27.0
 40
27.0
 40
28.0
 40
28.0
 40
28.0
 40
29.0
 40
29.0
 40
29.0
 40
30.0
 40
30.0
 40
30.0
 40
30.0
 10
160.8464535596392
 20
-124.2501495415699
 10
160.8464535596392
 20
-124.2501495415699
 10
160.9804316589445
 20
-124.2315581311918
 10
160.9804316589445
 20
-124.2315581311918
 10
160.9958445378693
 20
-124.3106016114461
 10
161.0219924569845
 20
-124.3675752884103
 10
161.0589953608641
 20
-124.4024191897936
 10
161.0959382924531
 20
-124.4373230634746
 10
161.140977483402
 20
-124.4547150280213
 10
161.1941129337101
 20
-124.4547150280213
 10
161.2571438121191
 20
-124.4547150280213
 10
161.3103992070085
 20
-124.4319855295264
 10
161.3538191460839
 20
-124.3865265325366
 10
161.3972390851631
 20
-124.3410675355455
 10
161.4189490546973
 20
-124.2847535537855
 10
161.4189490546973
 20
-124.2175845872629
 10
161.4189490546973
 20
-124.153534179897
 10
161.3988583370341
 20
-124.1006985910465
 10
161.3586769017012
 20
-124.0590778207205
 10
161.3184354940771
 20
-124.0175170226805
 10
161.2673391016821
 20
-123.996706637513
 10
161.2052677799362
 20
-123.996706637513
 10
161.1799594729041
 20
-123.996706637513
 10
161.1484740198478
 20
-124.0018642545874
 10
161.1107514484638
 20
-124.012179488731
 10
161.1107514484638
 20
-124.012179488731
 10
161.1256245767678
 20
-123.8897160694013
 10
161.1256245767678
 20
-123.8897160694013
 10
161.1345604482082
 20
-123.8907955706501
 10
161.141757123195
 20
-123.8912753489849
 10
161.1472146017239
 20
-123.8912753489849
 10
161.2043082232699
 20
-123.8912753489849
 10
161.2556445048307
 20
-123.8758024977617
 10
161.3013433909843
 20
-123.8447968230369
 10
161.3469823048505
 20
-123.8137911483096
 10
161.3698317479286
 20
-123.7659932319484
 10
161.3698317479286
 20
-123.7014030739591
 10
161.3698317479286
 20
-123.6502467092754
 10
161.3532194231717
 20
-123.6079062714449
 10
161.3199348013668
 20
-123.5743217881823
 10
161.2867101518506
 20
-123.5407373049159
 10
161.2437699911074
 20
-123.5239450632859
 10
161.1911742914233
 20
-123.5239450632859
 10
161.1390583700721
 20
-123.5239450632859
 10
161.0955784587073
 20
-123.5409771940823
 10
161.0608545019027
 20
-123.5751014279728
 10
161.0261305451007
 20
-123.609165689567
 10
161.0037608803535
 20
-123.6603220542526
 10
160.9938654522501
 20
-123.7285105497334
 10
160.9938654522501
 20
-123.7285105497334
 10
160.8598273806535
 20
-123.7037419933273
 10
160.8598273806535
 20
-123.7037419933273
 10
160.8761998162458
 20
-123.6102451908164
 10
160.9134426092906
 20
-123.5377386903417
 10
160.9714957875067
 20
-123.4863424364877
 10
161.0296089380103
 20
-123.4349461826388
 10
161.101815577026
 20
-123.4092180695633
 10
161.1881756768427
 20
-123.4092180695633
 10
161.2477281623459
 20
-123.4092180695633
 10
161.3025428368163
 20
-123.4225319182863
 10
161.3526796725477
 20
-123.4491596157297
 10
161.4028165082726
 20
-123.4757873131796
 10
161.4411987748632
 20
-123.5120705495626
 10
161.4677665000153
 20
-123.5580093248787
 10
161.4942742528762
 20
-123.6040080724951
 10
161.5075881015973
 20
-123.6528255178081
 10
161.5075881015973
 20
-123.7045216331178
 10
161.5075881015973
 20
-123.7535789676023
 10
161.4949339480841
 20
-123.7983182970929
 10
161.4696256410527
 20
-123.838619677007
 10
161.44425736173
 20
-123.8789210569236
 10
161.4067746795176
 20
-123.9109462606066
 10
161.3571775944116
 20
-123.9346952880583
 10
161.4217077801102
 20
-123.9501681392789
 10
161.4718446158403
 20
-123.9823732598344
 10
161.5075881015973
 20
-124.031190705146
 10
161.5433315873581
 20
-124.0800081504654
 10
161.5612033302376
 20
-124.1411199155458
 10
161.5612033302376
 20
-124.2144660281035
 10
161.5612033302376
 20
-124.3136601983136
 10
161.5264194011436
 20
-124.3978013233471
 10
161.4569115152476
 20
-124.466769458621
 10
161.3874636016403
 20
-124.535737593891
 10
161.2996041945308
 20
-124.5702216615292
 10
161.1933932662109
 20
-124.5702216615292
 10
161.0975575443253
 20
-124.5702216615292
 10
161.0180342857395
 20
-124.5405353772151
 10
160.9547635181641
 20
-124.4811028362983
 10
160.8914927505849
 20
-124.4216702953776
 10
160.8553894310783
 20
-124.3446658730377
 10
160.8464535596392
 20
-124.2501495415699
 97
        0
 75
     2
 76
     1
 98
        0
  0
SPLINE
  5
117
330
1F
100
AcDbEntity
  8
Capa 1
370
     0
100
AcDbSpline
210
0.0
220
0.0
230
1.0
 70
    11
 71
     3
 72
    62
 73
    58
 74
     0
 42
0.0000000001
 43
0.0000000001
 12
1.0
 22
0.0
 32
0.0
 13
1.0
 23
0.0
 33
0.0
 40
0.0
 40
0.0
 40
0.0
 40
0.0
 40
1.0
 40
1.0
 40
1.0
 40
2.0
 40
2.0
 40
2.0
 40
3.0
 40
3.0
 40
3.0
 40
4.0
 40
4.0
 40
4.0
 40
5.0
 40
5.0
 40
5.0
 40
6.0
 40
6.0
 40
6.0
 40
7.0
 40
7.0
 40
7.0
 40
8.0
 40
8.0
 40
8.0
 40
9.0
 40
9.0
 40
9.0
 40
10.0
 40
10.0
 40
10.0
 40
11.0
 40
11.0
 40
11.0
 40
12.0
 40
12.0
 40
12.0
 40
13.0
 40
13.0
 40
13.0
 40
14.0
 40
14.0
 40
14.0
 40
15.0
 40
15.0
 40
15.0
 40
16.0
 40
16.0
 40
16.0
 40
17.0
 40
17.0
 40
17.0
 40
18.0
 40
18.0
 40
18.0
 40
19.0
 40
19.0
 40
19.0
 40
19.0
 10
162.3890608426888
 20
-123.6921073687704
 30
0.0
 10
162.3890608426888
 20
-123.6921073687704
 30
0.0
 10
162.2558024108827
 20
-123.7029623535381
 30
0.0
 10
162.2558024108827
 20
-123.7029623535381
 30
0.0
 10
162.2439278971543
 20
-123.6482076513629
 30
0.0
 10
162.2270157109404
 20
-123.608386049779
 30
0.0
 10
162.2051857968198
 20
-123.5836174933704
 30
0.0
 10
162.1689625327281
 20
-123.5438558640752
 30
0.0
 10
162.1242831755301
 20
-123.5239450632859
 30
0.0
 10
162.0711477252233
 20
-123.5239450632859
 30
0.0
 10
162.0284474536426
 20
-123.5239450632859
 30
0.0
 10
161.9910247437202
 20
-123.5363593276346
 30
0.0
 10
161.9587596508721
 20
-123.5611278840419
 30
0.0
 10
161.9165391576243
 20
-123.5931530877236
 30
0.0
 10
161.8833145081119
 20
-123.6399314751266
 30
0.0
 10
161.8589657577461
 20
-123.7014030739591
 30
0.0
 10
161.8346769796702
 20
-123.7629346450816
 30
0.0
 10
161.8220228261565
 20
-123.8504941907341
 30
0.0
 10
161.8210032972021
 20
-123.964141683206
 30
0.0
 10
161.8532683900502
 20
-123.9129853185203
 30
0.0
 10
161.8927301578864
 20
-123.8750228579712
 30
0.0
 10
161.9393886007017
 20
-123.8501943292739
 30
0.0
 10
161.9860470435222
 20
-123.8254257728665
 30
0.0
 10
162.034924461129
 20
-123.8130115085204
 30
0.0
 10
162.0860808258159
 20
-123.8130115085204
 30
0.0
 10
162.1753795679232
 20
-123.8130115085204
 30
0.0
 10
162.2514844058888
 20
-123.8472556869897
 30
0.0
 10
162.314275395134
 20
-123.9156840716381
 30
0.0
 10
162.3770663843804
 20
-123.9841724285817
 30
0.0
 10
162.4084318928541
 20
-124.0726315586034
 30
0.0
 10
162.4084318928541
 20
-124.1811814062947
 30
0.0
 10
162.4084318928541
 20
-124.2524884609387
 30
0.0
 10
162.393678709134
 20
-124.3186978708022
 30
0.0
 10
162.3641123694057
 20
-124.3799295804664
 30
0.0
 10
162.3346060019687
 20
-124.4411612901319
 30
0.0
 10
162.2940047605905
 20
-124.4880596221174
 30
0.0
 10
162.2424285898697
 20
-124.5206245764245
 30
0.0
 10
162.1907924468461
 20
-124.5531895307328
 30
0.0
 10
162.1321995180124
 20
-124.56944202174
 30
0.0
 10
162.0667097756507
 20
-124.56944202174
 30
0.0
 10
161.9550413687987
 20
-124.56944202174
 30
0.0
 10
161.8639434579428
 20
-124.526681777868
 30
0.0
 10
161.7934760153818
 20
-124.4411612901319
 30
0.0
 10
161.7229486005283
 20
-124.3557007746837
 30
0.0
 10
161.6877448653922
 20
-124.2147658895638
 30
0.0
 10
161.6877448653922
 20
-124.0184166070497
 30
0.0
 10
161.6877448653922
 20
-123.7987980754244
 30
0.0
 10
161.726726854893
 20
-123.6391518353374
 30
0.0
 10
161.8046308616072
 20
-123.5394179145065
 30
0.0
 10
161.8726394402167
 20
-123.4526380086419
 30
0.0
 10
161.9642171294003
 20
-123.4092180695633
 30
0.0
 10
162.0793639291632
 20
-123.4092180695633
 30
0.0
 10
162.1652442506509
 20
-123.4092180695633
 30
0.0
 10
162.2355917486306
 20
-123.4342864874296
 30
0.0
 10
162.2904064230996
 20
-123.4844233231571
 30
0.0
 10
162.3452810698619
 20
-123.5345001865998
 30
0.0
 10
162.3781458856272
 20
-123.6037681833274
 30
0.0
 10
162.3890608426888
 20
-123.6921073687704
 30
0.0
  0
SPLINE
  5
118
330
1F
100
AcDbEntity
  8
Capa 1
370
     0
100
AcDbSpline
210
0.0
220
0.0
230
1.0
 70
    11
 71
     3
 72
    32
 73
    28
 74
     0
 42
0.0000000001
 43
0.0000000001
 12
1.0
 22
0.0
 32
0.0
 13
1.0
 23
0.0
 33
0.0
 40
0.0
 40
0.0
 40
0.0
 40
0.0
 40
1.0
 40
1.0
 40
1.0
 40
2.0
 40
2.0
 40
2.0
 40
3.0
 40
3.0
 40
3.0
 40
4.0
 40
4.0
 40
4.0
 40
5.0
 40
5.0
 40
5.0
 40
6.0
 40
6.0
 40
6.0
 40
7.0
 40
7.0
 40
7.0
 40
8.0
 40
8.0
 40
8.0
 40
9.0
 40
9.0
 40
9.0
 40
9.0
 10
161.8418736546571
 20
-124.1819610460878
 30
0.0
 10
161.8418736546571
 20
-124.2299988516141
 30
0.0
 10
161.8516491381754
 20
-124.275997599226
 30
0.0
 10
161.8712600775109
 20
-124.3198973166303
 30
0.0
 10
161.8908710168477
 20
-124.3637970340443
 30
0.0
 10
161.9182783540829
 20
-124.397261572723
 30
0.0
 10
161.9535420615103
 20
-124.4202309603831
 30
0.0
 10
161.9887457966439
 20
-124.4432603203369
 30
0.0
 10
162.0257487005241
 20
-124.4547150280213
 30
0.0
 10
162.0644908008605
 20
-124.4547150280213
 30
0.0
 10
162.1210446717837
 20
-124.4547150280213
 30
0.0
 10
162.1696822002273
 20
-124.4309660005676
 30
0.0
 10
162.2104033861829
 20
-124.3834679456672
 30
0.0
 10
162.2510645998499
 20
-124.3359099184737
 30
0.0
 10
162.271455178972
 20
-124.2713197604838
 30
0.0
 10
162.271455178972
 20
-124.1896974716962
 30
0.0
 10
162.271455178972
 20
-124.1111337697727
 30
0.0
 10
162.251364461305
 20
-124.0493023371919
 30
0.0
 10
162.2111230536809
 20
-124.0040832293724
 30
0.0
 10
162.1709416183493
 20
-123.9588641215509
 30
0.0
 10
162.1203250042865
 20
-123.936254567638
 30
0.0
 10
162.0592732114987
 20
-123.936254567638
 30
0.0
 10
161.9987011970373
 20
-123.936254567638
 30
0.0
 10
161.9473049431891
 20
-123.9588641215509
 30
0.0
 10
161.9051444222325
 20
-124.0040832293724
 30
0.0
 10
161.8629239289885
 20
-124.0493023371919
 30
0.0
 10
161.8418736546571
 20
-124.1085549612375
 30
0.0
 10
161.8418736546571
 20
-124.1819610460878
 30
0.0
  0
HATCH
  5
119
330
1F
100
AcDbEntity
  8
Capa 1
 62
   255
100
AcDbHatch
 10
0.0
 20
0.0
 30
0.0
210
0.0
220
0.0
230
1.0
  2
SOLID
 70
     1
 71
     0
 91
        2
 92
        1
 93
        1
 72
     4
 94
        3
 73
     0
 74
     1
 95
       62
 96
       58
 40
0.0
 40
0.0
 40
0.0
 40
0.0
 40
1.0
 40
1.0
 40
1.0
 40
2.0
 40
2.0
 40
2.0
 40
3.0
 40
3.0
 40
3.0
 40
4.0
 40
4.0
 40
4.0
 40
5.0
 40
5.0
 40
5.0
 40
6.0
 40
6.0
 40
6.0
 40
7.0
 40
7.0
 40
7.0
 40
8.0
 40
8.0
 40
8.0
 40
9.0
 40
9.0
 40
9.0
 40
10.0
 40
10.0
 40
10.0
 40
11.0
 40
11.0
 40
11.0
 40
12.0
 40
12.0
 40
12.0
 40
13.0
 40
13.0
 40
13.0
 40
14.0
 40
14.0
 40
14.0
 40
15.0
 40
15.0
 40
15.0
 40
16.0
 40
16.0
 40
16.0
 40
17.0
 40
17.0
 40
17.0
 40
18.0
 40
18.0
 40
18.0
 40
19.0
 40
19.0
 40
19.0
 40
19.0
 10
162.3890608426888
 20
-123.6921073687704
 10
162.3890608426888
 20
-123.6921073687704
 10
162.2558024108827
 20
-123.7029623535381
 10
162.2558024108827
 20
-123.7029623535381
 10
162.2439278971543
 20
-123.6482076513629
 10
162.2270157109404
 20
-123.608386049779
 10
162.2051857968198
 20
-123.5836174933704
 10
162.1689625327281
 20
-123.5438558640752
 10
162.1242831755301
 20
-123.5239450632859
 10
162.0711477252233
 20
-123.5239450632859
 10
162.0284474536426
 20
-123.5239450632859
 10
161.9910247437202
 20
-123.5363593276346
 10
161.9587596508721
 20
-123.5611278840419
 10
161.9165391576243
 20
-123.5931530877236
 10
161.8833145081119
 20
-123.6399314751266
 10
161.8589657577461
 20
-123.7014030739591
 10
161.8346769796702
 20
-123.7629346450816
 10
161.8220228261565
 20
-123.8504941907341
 10
161.8210032972021
 20
-123.964141683206
 10
161.8532683900502
 20
-123.9129853185203
 10
161.8927301578864
 20
-123.8750228579712
 10
161.9393886007017
 20
-123.8501943292739
 10
161.9860470435222
 20
-123.8254257728665
 10
162.034924461129
 20
-123.8130115085204
 10
162.0860808258159
 20
-123.8130115085204
 10
162.1753795679232
 20
-123.8130115085204
 10
162.2514844058888
 20
-123.8472556869897
 10
162.314275395134
 20
-123.9156840716381
 10
162.3770663843804
 20
-123.9841724285817
 10
162.4084318928541
 20
-124.0726315586034
 10
162.4084318928541
 20
-124.1811814062947
 10
162.4084318928541
 20
-124.2524884609387
 10
162.393678709134
 20
-124.3186978708022
 10
162.3641123694057
 20
-124.3799295804664
 10
162.3346060019687
 20
-124.4411612901319
 10
162.2940047605905
 20
-124.4880596221174
 10
162.2424285898697
 20
-124.5206245764245
 10
162.1907924468461
 20
-124.5531895307328
 10
162.1321995180124
 20
-124.56944202174
 10
162.0667097756507
 20
-124.56944202174
 10
161.9550413687987
 20
-124.56944202174
 10
161.8639434579428
 20
-124.526681777868
 10
161.7934760153818
 20
-124.4411612901319
 10
161.7229486005283
 20
-124.3557007746837
 10
161.6877448653922
 20
-124.2147658895638
 10
161.6877448653922
 20
-124.0184166070497
 10
161.6877448653922
 20
-123.7987980754244
 10
161.726726854893
 20
-123.6391518353374
 10
161.8046308616072
 20
-123.5394179145065
 10
161.8726394402167
 20
-123.4526380086419
 10
161.9642171294003
 20
-123.4092180695633
 10
162.0793639291632
 20
-123.4092180695633
 10
162.1652442506509
 20
-123.4092180695633
 10
162.2355917486306
 20
-123.4342864874296
 10
162.2904064230996
 20
-123.4844233231571
 10
162.3452810698619
 20
-123.5345001865998
 10
162.3781458856272
 20
-123.6037681833274
 10
162.3890608426888
 20
-123.6921073687704
 97
        0
 92
        1
 93
        1
 72
     4
 94
        3
 73
     0
 74
     1
 95
       32
 96
       28
 40
0.0
 40
0.0
 40
0.0
 40
0.0
 40
1.0
 40
1.0
 40
1.0
 40
2.0
 40
2.0
 40
2.0
 40
3.0
 40
3.0
 40
3.0
 40
4.0
 40
4.0
 40
4.0
 40
5.0
 40
5.0
 40
5.0
 40
6.0
 40
6.0
 40
6.0
 40
7.0
 40
7.0
 40
7.0
 40
8.0
 40
8.0
 40
8.0
 40
9.0
 40
9.0
 40
9.0
 40
9.0
 10
161.8418736546571
 20
-124.1819610460878
 10
161.8418736546571
 20
-124.2299988516141
 10
161.8516491381754
 20
-124.275997599226
 10
161.8712600775109
 20
-124.3198973166303
 10
161.8908710168477
 20
-124.3637970340443
 10
161.9182783540829
 20
-124.397261572723
 10
161.9535420615103
 20
-124.4202309603831
 10
161.9887457966439
 20
-124.4432603203369
 10
162.0257487005241
 20
-124.4547150280213
 10
162.0644908008605
 20
-124.4547150280213
 10
162.1210446717837
 20
-124.4547150280213
 10
162.1696822002273
 20
-124.4309660005676
 10
162.2104033861829
 20
-124.3834679456672
 10
162.2510645998499
 20
-124.3359099184737
 10
162.271455178972
 20
-124.2713197604838
 10
162.271455178972
 20
-124.1896974716962
 10
162.271455178972
 20
-124.1111337697727
 10
162.251364461305
 20
-124.0493023371919
 10
162.2111230536809
 20
-124.0040832293724
 10
162.1709416183493
 20
-123.9588641215509
 10
162.1203250042865
 20
-123.936254567638
 10
162.0592732114987
 20
-123.936254567638
 10
161.9987011970373
 20
-123.936254567638
 10
161.9473049431891
 20
-123.9588641215509
 10
161.9051444222325
 20
-124.0040832293724
 10
161.8629239289885
 20
-124.0493023371919
 10
161.8418736546571
 20
-124.1085549612375
 10
161.8418736546571
 20
-124.1819610460878
 97
        0
 75
     2
 76
     1
 98
        0
  0
SPLINE
  5
11A
330
1F
100
AcDbEntity
  8
Capa 1
370
     0
100
AcDbSpline
210
0.0
220
0.0
230
1.0
 70
    11
 71
     3
 72
    32
 73
    28
 74
     0
 42
0.0000000001
 43
0.0000000001
 12
1.0
 22
0.0
 32
0.0
 13
1.0
 23
0.0
 33
0.0
 40
0.0
 40
0.0
 40
0.0
 40
0.0
 40
1.0
 40
1.0
 40
1.0
 40
2.0
 40
2.0
 40
2.0
 40
3.0
 40
3.0
 40
3.0
 40
4.0
 40
4.0
 40
4.0
 40
5.0
 40
5.0
 40
5.0
 40
6.0
 40
6.0
 40
6.0
 40
7.0
 40
7.0
 40
7.0
 40
8.0
 40
8.0
 40
8.0
 40
9.0
 40
9.0
 40
9.0
 40
9.0
 10
162.9080010813998
 20
-124.5500709715696
 30
0.0
 10
162.9080010813998
 20
-124.5500709715696
 30
0.0
 10
162.4851364537363
 20
-123.4138959083049
 30
0.0
 10
162.4851364537363
 20
-123.4138959083049
 30
0.0
 10
162.4851364537363
 20
-123.4138959083049
 30
0.0
 10
162.6414842177876
 20
-123.4138959083049
 30
0.0
 10
162.6414842177876
 20
-123.4138959083049
 30
0.0
 10
162.6414842177876
 20
-123.4138959083049
 30
0.0
 10
162.9251531567839
 20
-124.2392945568022
 30
0.0
 10
162.9251531567839
 20
-124.2392945568022
 30
0.0
 10
162.9479426275694
 20
-124.3054439943718
 30
0.0
 10
162.9670737885702
 20
-124.3674553438277
 30
0.0
 10
162.9824866674957
 20
-124.4252686328749
 30
0.0
 10
162.9993388814183
 20
-124.3633172557102
 30
0.0
 10
163.0189498207538
 20
-124.3013059062581
 30
0.0
 10
163.0412595132097
 20
-124.2392945568022
 30
0.0
 10
163.0412595132097
 20
-124.2392945568022
 30
0.0
 10
163.3360832984289
 20
-123.4138959083049
 30
0.0
 10
163.3360832984289
 20
-123.4138959083049
 30
0.0
 10
163.3360832984289
 20
-123.4138959083049
 30
0.0
 10
163.4835551633297
 20
-123.4138959083049
 30
0.0
 10
163.4835551633297
 20
-123.4138959083049
 30
0.0
 10
163.4835551633297
 20
-123.4138959083049
 30
0.0
 10
163.0561926138024
 20
-124.5500709715696
 30
0.0
 10
163.0561926138024
 20
-124.5500709715696
 30
0.0
 10
163.0561926138024
 20
-124.5500709715696
 30
0.0
 10
162.9080010813998
 20
-124.5500709715696
 30
0.0
 10
162.9080010813998
 20
-124.5500709715696
 30
0.0
  0
HATCH
  5
11B
330
1F
100
AcDbEntity
  8
Capa 1
 62
   255
100
AcDbHatch
 10
0.0
 20
0.0
 30
0.0
210
0.0
220
0.0
230
1.0
  2
SOLID
 70
     1
 71
     0
 91
        1
 92
        1
 93
        1
 72
     4
 94
        3
 73
     0
 74
     1
 95
       32
 96
       28
 40
0.0
 40
0.0
 40
0.0
 40
0.0
 40
1.0
 40
1.0
 40
1.0
 40
2.0
 40
2.0
 40
2.0
 40
3.0
 40
3.0
 40
3.0
 40
4.0
 40
4.0
 40
4.0
 40
5.0
 40
5.0
 40
5.0
 40
6.0
 40
6.0
 40
6.0
 40
7.0
 40
7.0
 40
7.0
 40
8.0
 40
8.0
 40
8.0
 40
9.0
 40
9.0
 40
9.0
 40
9.0
 10
162.9080010813998
 20
-124.5500709715696
 10
162.9080010813998
 20
-124.5500709715696
 10
162.4851364537363
 20
-123.4138959083049
 10
162.4851364537363
 20
-123.4138959083049
 10
162.4851364537363
 20
-123.4138959083049
 10
162.6414842177876
 20
-123.4138959083049
 10
162.6414842177876
 20
-123.4138959083049
 10
162.6414842177876
 20
-123.4138959083049
 10
162.9251531567839
 20
-124.2392945568022
 10
162.9251531567839
 20
-124.2392945568022
 10
162.9479426275694
 20
-124.3054439943718
 10
162.9670737885702
 20
-124.3674553438277
 10
162.9824866674957
 20
-124.4252686328749
 10
162.9993388814183
 20
-124.3633172557102
 10
163.0189498207538
 20
-124.3013059062581
 10
163.0412595132097
 20
-124.2392945568022
 10
163.0412595132097
 20
-124.2392945568022
 10
163.3360832984289
 20
-123.4138959083049
 10
163.3360832984289
 20
-123.4138959083049
 10
163.3360832984289
 20
-123.4138959083049
 10
163.4835551633297
 20
-123.4138959083049
 10
163.4835551633297
 20
-123.4138959083049
 10
163.4835551633297
 20
-123.4138959083049
 10
163.0561926138024
 20
-124.5500709715696
 10
163.0561926138024
 20
-124.5500709715696
 10
163.0561926138024
 20
-124.5500709715696
 10
162.9080010813998
 20
-124.5500709715696
 10
162.9080010813998
 20
-124.5500709715696
 97
        0
 75
     2
 76
     1
 98
        0
  0
SPLINE
  5
11C
330
1F
100
AcDbEntity
  8
Capa 1
370
     0
100
AcDbSpline
210
0.0
220
0.0
230
1.0
 70
    11
 71
     3
 72
    41
 73
    37
 74
     0
 42
0.0000000001
 43
0.0000000001
 12
1.0
 22
0.0
 32
0.0
 13
1.0
 23
0.0
 33
0.0
 40
0.0
 40
0.0
 40
0.0
 40
0.0
 40
1.0
 40
1.0
 40
1.0
 40
2.0
 40
2.0
 40
2.0
 40
3.0
 40
3.0
 40
3.0
 40
4.0
 40
4.0
 40
4.0
 40
5.0
 40
5.0
 40
5.0
 40
6.0
 40
6.0
 40
6.0
 40
7.0
 40
7.0
 40
7.0
 40
8.0
 40
8.0
 40
8.0
 40
9.0
 40
9.0
 40
9.0
 40
10.0
 40
10.0
 40
10.0
 40
11.0
 40
11.0
 40
11.0
 40
12.0
 40
12.0
 40
12.0
 40
12.0
 10
163.6151943432648
 20
-124.5699817723653
 30
0.0
 10
163.6151943432648
 20
-124.5699817723653
 30
0.0
 10
163.6151943432648
 20
-123.4287090643156
 30
0.0
 10
163.6151943432648
 20
-123.4287090643156
 30
0.0
 10
163.6151943432648
 20
-123.4287090643156
 30
0.0
 10
163.9928998354
 20
-123.4287090643156
 30
0.0
 10
163.9928998354
 20
-123.4287090643156
 30
0.0
 10
164.0781204616798
 20
-123.4287090643156
 30
0.0
 10
164.1431903980019
 20
-123.4341665428483
 30
0.0
 10
164.188049672075
 20
-123.4450215276161
 30
0.0
 10
164.2509006336108
 20
-123.4600745727964
 30
0.0
 10
164.3044558899579
 20
-123.4873619654465
 30
0.0
 10
164.3488353856995
 20
-123.526763760985
 30
0.0
 10
164.4067086470393
 20
-123.5776802365068
 30
0.0
 10
164.4499486692401
 20
-123.642630228247
 30
0.0
 10
164.4786154245999
 20
-123.7217936530826
 30
0.0
 10
164.5072821799545
 20
-123.8009570779194
 30
0.0
 10
164.5216155576331
 20
-123.8913952935661
 30
0.0
 10
164.5216155576331
 20
-123.9931083000195
 30
0.0
 10
164.5216155576331
 20
-124.0797682612965
 30
0.0
 10
164.511900046401
 20
-124.1565927667586
 30
0.0
 10
164.4924690239444
 20
-124.2235218441252
 30
0.0
 10
164.4730380014853
 20
-124.2905108937778
 30
0.0
 10
164.4480895282002
 20
-124.3459252911648
 30
0.0
 10
164.4176835763895
 20
-124.3897650362785
 30
0.0
 10
164.3872776245801
 20
-124.4336047813973
 30
0.0
 10
164.3539930027713
 20
-124.4681488213255
 30
0.0
 10
164.3178297109722
 20
-124.4932772114793
 30
0.0
 10
164.2816664191705
 20
-124.5184655739294
 30
0.0
 10
164.2380665632219
 20
-124.5375367626409
 30
0.0
 10
164.1869701708301
 20
-124.5504907776111
 30
0.0
 10
164.1358138061419
 20
-124.5635047648783
 30
0.0
 10
164.0771609050117
 20
-124.5699817723653
 30
0.0
 10
164.0108315505708
 20
-124.5699817723653
 30
0.0
 10
164.0108315505708
 20
-124.5699817723653
 30
0.0
 10
163.6151943432648
 20
-124.5699817723653
 30
0.0
 10
163.6151943432648
 20
-124.5699817723653
 30
0.0
  0
SPLINE
  5
11D
330
1F
100
AcDbEntity
  8
Capa 1
370
     0
100
AcDbSpline
210
0.0
220
0.0
230
1.0
 70
    11
 71
     3
 72
    35
 73
    31
 74
     0
 42
0.0000000001
 43
0.0000000001
 12
1.0
 22
0.0
 32
0.0
 13
1.0
 23
0.0
 33
0.0
 40
0.0
 40
0.0
 40
0.0
 40
0.0
 40
1.0
 40
1.0
 40
1.0
 40
2.0
 40
2.0
 40
2.0
 40
3.0
 40
3.0
 40
3.0
 40
4.0
 40
4.0
 40
4.0
 40
5.0
 40
5.0
 40
5.0
 40
6.0
 40
6.0
 40
6.0
 40
7.0
 40
7.0
 40
7.0
 40
8.0
 40
8.0
 40
8.0
 40
9.0
 40
9.0
 40
9.0
 40
10.0
 40
10.0
 40
10.0
 40
10.0
 10
163.7602673165055
 20
-124.4352840055583
 30
0.0
 10
163.7602673165055
 20
-124.4352840055583
 30
0.0
 10
163.9943991426871
 20
-124.4352840055583
 30
0.0
 10
163.9943991426871
 20
-124.4352840055583
 30
0.0
 10
164.0666657539955
 20
-124.4352840055583
 30
0.0
 10
164.1233995417945
 20
-124.4282672474478
 30
0.0
 10
164.1645405337916
 20
-124.4142937035207
 30
0.0
 10
164.2056215534975
 20
-124.4002601872998
 30
0.0
 10
164.2384263969683
 20
-124.3805293033824
 30
0.0
 10
164.2628351196293
 20
-124.3551010517665
 30
0.0
 10
164.2972592149711
 20
-124.319297593715
 30
0.0
 10
164.3240668292935
 20
-124.27113984361
 30
0.0
 10
164.3432579625849
 20
-124.2106877737324
 30
0.0
 10
164.3624490958789
 20
-124.15023570386
 30
0.0
 10
164.3720446625272
 20
-124.0769495635935
 30
0.0
 10
164.3720446625272
 20
-123.9907693806468
 30
0.0
 10
164.3720446625272
 20
-123.8714245204791
 30
0.0
 10
164.3532133629822
 20
-123.7796669144216
 30
0.0
 10
164.3156107361859
 20
-123.7155565347619
 30
0.0
 10
164.2779481370958
 20
-123.6515061273948
 30
0.0
 10
164.2321892786509
 20
-123.6085059943616
 30
0.0
 10
164.1783341608448
 20
-123.5867360525336
 30
0.0
 10
164.1394721159253
 20
-123.5711432567292
 30
0.0
 10
164.0768610435553
 20
-123.5633468588334
 30
0.0
 10
163.9906208883173
 20
-123.5633468588334
 30
0.0
 10
163.9906208883173
 20
-123.5633468588334
 30
0.0
 10
163.7602673165055
 20
-123.5633468588334
 30
0.0
 10
163.7602673165055
 20
-123.5633468588334
 30
0.0
 10
163.7602673165055
 20
-123.5633468588334
 30
0.0
 10
163.7602673165055
 20
-124.4352840055583
 30
0.0
 10
163.7602673165055
 20
-124.4352840055583
 30
0.0
  0
HATCH
  5
11E
330
1F
100
AcDbEntity
  8
Capa 1
 62
   255
100
AcDbHatch
 10
0.0
 20
0.0
 30
0.0
210
0.0
220
0.0
230
1.0
  2
SOLID
 70
     1
 71
     0
 91
        2
 92
        1
 93
        1
 72
     4
 94
        3
 73
     0
 74
     1
 95
       41
 96
       37
 40
0.0
 40
0.0
 40
0.0
 40
0.0
 40
1.0
 40
1.0
 40
1.0
 40
2.0
 40
2.0
 40
2.0
 40
3.0
 40
3.0
 40
3.0
 40
4.0
 40
4.0
 40
4.0
 40
5.0
 40
5.0
 40
5.0
 40
6.0
 40
6.0
 40
6.0
 40
7.0
 40
7.0
 40
7.0
 40
8.0
 40
8.0
 40
8.0
 40
9.0
 40
9.0
 40
9.0
 40
10.0
 40
10.0
 40
10.0
 40
11.0
 40
11.0
 40
11.0
 40
12.0
 40
12.0
 40
12.0
 40
12.0
 10
163.6151943432648
 20
-124.5699817723653
 10
163.6151943432648
 20
-124.5699817723653
 10
163.6151943432648
 20
-123.4287090643156
 10
163.6151943432648
 20
-123.4287090643156
 10
163.6151943432648
 20
-123.4287090643156
 10
163.9928998354
 20
-123.4287090643156
 10
163.9928998354
 20
-123.4287090643156
 10
164.0781204616798
 20
-123.4287090643156
 10
164.1431903980019
 20
-123.4341665428483
 10
164.188049672075
 20
-123.4450215276161
 10
164.2509006336108
 20
-123.4600745727964
 10
164.3044558899579
 20
-123.4873619654465
 10
164.3488353856995
 20
-123.526763760985
 10
164.4067086470393
 20
-123.5776802365068
 10
164.4499486692401
 20
-123.642630228247
 10
164.4786154245999
 20
-123.7217936530826
 10
164.5072821799545
 20
-123.8009570779194
 10
164.5216155576331
 20
-123.8913952935661
 10
164.5216155576331
 20
-123.9931083000195
 10
164.5216155576331
 20
-124.0797682612965
 10
164.511900046401
 20
-124.1565927667586
 10
164.4924690239444
 20
-124.2235218441252
 10
164.4730380014853
 20
-124.2905108937778
 10
164.4480895282002
 20
-124.3459252911648
 10
164.4176835763895
 20
-124.3897650362785
 10
164.3872776245801
 20
-124.4336047813973
 10
164.3539930027713
 20
-124.4681488213255
 10
164.3178297109722
 20
-124.4932772114793
 10
164.2816664191705
 20
-124.5184655739294
 10
164.2380665632219
 20
-124.5375367626409
 10
164.1869701708301
 20
-124.5504907776111
 10
164.1358138061419
 20
-124.5635047648783
 10
164.0771609050117
 20
-124.5699817723653
 10
164.0108315505708
 20
-124.5699817723653
 10
164.0108315505708
 20
-124.5699817723653
 10
163.6151943432648
 20
-124.5699817723653
 10
163.6151943432648
 20
-124.5699817723653
 97
        0
 92
        1
 93
        1
 72
     4
 94
        3
 73
     0
 74
     1
 95
       35
 96
       31
 40
0.0
 40
0.0
 40
0.0
 40
0.0
 40
1.0
 40
1.0
 40
1.0
 40
2.0
 40
2.0
 40
2.0
 40
3.0
 40
3.0
 40
3.0
 40
4.0
 40
4.0
 40
4.0
 40
5.0
 40
5.0
 40
5.0
 40
6.0
 40
6.0
 40
6.0
 40
7.0
 40
7.0
 40
7.0
 40
8.0
 40
8.0
 40
8.0
 40
9.0
 40
9.0
 40
9.0
 40
10.0
 40
10.0
 40
10.0
 40
10.0
 10
163.7602673165055
 20
-124.4352840055583
 10
163.7602673165055
 20
-124.4352840055583
 10
163.9943991426871
 20
-124.4352840055583
 10
163.9943991426871
 20
-124.4352840055583
 10
164.0666657539955
 20
-124.4352840055583
 10
164.1233995417945
 20
-124.4282672474478
 10
164.1645405337916
 20
-124.4142937035207
 10
164.2056215534975
 20
-124.4002601872998
 10
164.2384263969683
 20
-124.3805293033824
 10
164.2628351196293
 20
-124.3551010517665
 10
164.2972592149711
 20
-124.319297593715
 10
164.3240668292935
 20
-124.27113984361
 10
164.3432579625849
 20
-124.2106877737324
 10
164.3624490958789
 20
-124.15023570386
 10
164.3720446625272
 20
-124.0769495635935
 10
164.3720446625272
 20
-123.9907693806468
 10
164.3720446625272
 20
-123.8714245204791
 10
164.3532133629822
 20
-123.7796669144216
 10
164.3156107361859
 20
-123.7155565347619
 10
164.2779481370958
 20
-123.6515061273948
 10
164.2321892786509
 20
-123.6085059943616
 10
164.1783341608448
 20
-123.5867360525336
 10
164.1394721159253
 20
-123.5711432567292
 10
164.0768610435553
 20
-123.5633468588334
 10
163.9906208883173
 20
-123.5633468588334
 10
163.9906208883173
 20
-123.5633468588334
 10
163.7602673165055
 20
-123.5633468588334
 10
163.7602673165055
 20
-123.5633468588334
 10
163.7602673165055
 20
-123.5633468588334
 10
163.7602673165055
 20
-124.4352840055583
 10
163.7602673165055
 20
-124.4352840055583
 97
        0
 75
     2
 76
     1
 98
        0
  0
SPLINE
  5
11F
330
1F
100
AcDbEntity
  8
Capa 1
370
     0
100
AcDbSpline
210
0.0
220
0.0
230
1.0
 70
    11
 71
     3
 72
    71
 73
    67
 74
     0
 42
0.0000000001
 43
0.0000000001
 12
1.0
 22
0.0
 32
0.0
 13
1.0
 23
0.0
 33
0.0
 40
0.0
 40
0.0
 40
0.0
 40
0.0
 40
1.0
 40
1.0
 40
1.0
 40
2.0
 40
2.0
 40
2.0
 40
3.0
 40
3.0
 40
3.0
 40
4.0
 40
4.0
 40
4.0
 40
5.0
 40
5.0
 40
5.0
 40
6.0
 40
6.0
 40
6.0
 40
7.0
 40
7.0
 40
7.0
 40
8.0
 40
8.0
 40
8.0
 40
9.0
 40
9.0
 40
9.0
 40
10.0
 40
10.0
 40
10.0
 40
11.0
 40
11.0
 40
11.0
 40
12.0
 40
12.0
 40
12.0
 40
13.0
 40
13.0
 40
13.0
 40
14.0
 40
14.0
 40
14.0
 40
15.0
 40
15.0
 40
15.0
 40
16.0
 40
16.0
 40
16.0
 40
17.0
 40
17.0
 40
17.0
 40
18.0
 40
18.0
 40
18.0
 40
19.0
 40
19.0
 40
19.0
 40
20.0
 40
20.0
 40
20.0
 40
21.0
 40
21.0
 40
21.0
 40
22.0
 40
22.0
 40
22.0
 40
22.0
 10
165.5035418870528
 20
-124.1698466431917
 30
0.0
 10
165.5035418870528
 20
-124.1698466431917
 30
0.0
 10
165.6486148602935
 20
-124.2079890206184
 30
0.0
 10
165.6486148602935
 20
-124.2079890206184
 30
0.0
 10
165.6182089084816
 20
-124.3320117195252
 30
0.0
 10
165.563514178597
 20
-124.4265880232894
 30
0.0
 10
165.4844706983427
 20
-124.4917179319009
 30
0.0
 10
165.4054272180877
 20
-124.5569078128062
 30
0.0
 10
165.3088718287075
 20
-124.589472767117
 30
0.0
 10
165.1946845856102
 20
-124.589472767117
 30
0.0
 10
165.0765391712732
 20
-124.589472767117
 30
0.0
 10
164.9804035879293
 20
-124.5644043492507
 30
0.0
 10
164.9063977801687
 20
-124.5143274858158
 30
0.0
 10
164.8323320001137
 20
-124.4642506223731
 30
0.0
 10
164.776018018353
 20
-124.3916841496097
 30
0.0
 10
164.7373358903112
 20
-124.2967480120978
 30
0.0
 10
164.6987137345567
 20
-124.2017519022959
 30
0.0
 10
164.6794026566802
 20
-124.0997390343784
 30
0.0
 10
164.6794026566802
 20
-123.9907693806468
 30
0.0
 10
164.6794026566802
 20
-123.8719042988132
 30
0.0
 10
164.701232570802
 20
-123.7682721790266
 30
0.0
 10
164.7448324267519
 20
-123.6797530767137
 30
0.0
 10
164.7884322827043
 20
-123.5912939466901
 30
0.0
 10
164.8505036044515
 20
-123.5240650078672
 30
0.0
 10
164.9310463919935
 20
-123.4781262325446
 30
0.0
 10
165.0115891795317
 20
-123.4321874572246
 30
0.0
 10
165.1001682541385
 20
-123.4092180695633
 30
0.0
 10
165.1969035603978
 20
-123.4092180695633
 30
0.0
 10
165.3065928816299
 20
-123.4092180695633
 30
0.0
 10
165.3988302660214
 20
-123.4383046309614
 30
0.0
 10
165.473615713575
 20
-123.4964177814656
 30
0.0
 10
165.5484011611273
 20
-123.5545309319743
 30
0.0
 10
165.6005170824772
 20
-123.6362731653432
 30
0.0
 10
165.6299634776223
 20
-123.7416444815826
 30
0.0
 10
165.6299634776223
 20
-123.7416444815826
 30
0.0
 10
165.4871094791718
 20
-123.7766682998455
 30
0.0
 10
165.4871094791718
 20
-123.7766682998455
 30
0.0
 10
165.4616812275565
 20
-123.6936666483475
 30
0.0
 10
165.4247382959669
 20
-123.6331546061813
 30
0.0
 10
165.3764006289829
 20
-123.5953120902199
 30
0.0
 10
165.3280629619995
 20
-123.5574096019672
 30
0.0
 10
165.2671910860843
 20
-123.5384583578396
 30
0.0
 10
165.193904945821
 20
-123.5384583578396
 30
0.0
 10
165.1096438762056
 20
-123.5384583578396
 30
0.0
 10
165.0392364059333
 20
-123.5595086321671
 30
0.0
 10
164.9826825350082
 20
-123.6014892362499
 30
0.0
 10
164.926068691793
 20
-123.6435298126239
 30
0.0
 10
164.8863070625004
 20
-123.7000237112526
 30
0.0
 10
164.8633976471317
 20
-123.7708509875638
 30
0.0
 10
164.8404282594704
 20
-123.8416782638763
 30
0.0
 10
164.828973551786
 20
-123.9147245149751
 30
0.0
 10
164.828973551786
 20
-123.9899897408602
 30
0.0
 10
164.828973551786
 20
-124.0870249085759
 30
0.0
 10
164.8425272896729
 20
-124.1717657565216
 30
0.0
 10
164.8697547100355
 20
-124.2441523124124
 30
0.0
 10
164.896922158103
 20
-124.3165988405997
 30
0.0
 10
164.9391426513509
 20
-124.3706938475722
 30
0.0
 10
164.9964761620639
 20
-124.4064973056198
 30
0.0
 10
165.0538096727796
 20
-124.4423007636726
 30
0.0
 10
165.1158809945268
 20
-124.4602324788433
 30
0.0
 10
165.1826901273018
 20
-124.4602324788433
 30
0.0
 10
165.2639525823417
 20
-124.4602324788433
 30
0.0
 10
165.3328007730317
 20
-124.4358237561823
 30
0.0
 10
165.3891147547892
 20
-124.387006310872
 30
0.0
 10
165.445428736548
 20
-124.3382488378439
 30
0.0
 10
165.4835711139709
 20
-124.2658622819556
 30
0.0
 10
165.5035418870528
 20
-124.1698466431917
 30
0.0
  0
HATCH
  5
120
330
1F
100
AcDbEntity
  8
Capa 1
 62
   255
100
AcDbHatch
 10
0.0
 20
0.0
 30
0.0
210
0.0
220
0.0
230
1.0
  2
SOLID
 70
     1
 71
     0
 91
        1
 92
        1
 93
        1
 72
     4
 94
        3
 73
     0
 74
     1
 95
       71
 96
       67
 40
0.0
 40
0.0
 40
0.0
 40
0.0
 40
1.0
 40
1.0
 40
1.0
 40
2.0
 40
2.0
 40
2.0
 40
3.0
 40
3.0
 40
3.0
 40
4.0
 40
4.0
 40
4.0
 40
5.0
 40
5.0
 40
5.0
 40
6.0
 40
6.0
 40
6.0
 40
7.0
 40
7.0
 40
7.0
 40
8.0
 40
8.0
 40
8.0
 40
9.0
 40
9.0
 40
9.0
 40
10.0
 40
10.0
 40
10.0
 40
11.0
 40
11.0
 40
11.0
 40
12.0
 40
12.0
 40
12.0
 40
13.0
 40
13.0
 40
13.0
 40
14.0
 40
14.0
 40
14.0
 40
15.0
 40
15.0
 40
15.0
 40
16.0
 40
16.0
 40
16.0
 40
17.0
 40
17.0
 40
17.0
 40
18.0
 40
18.0
 40
18.0
 40
19.0
 40
19.0
 40
19.0
 40
20.0
 40
20.0
 40
20.0
 40
21.0
 40
21.0
 40
21.0
 40
22.0
 40
22.0
 40
22.0
 40
22.0
 10
165.5035418870528
 20
-124.1698466431917
 10
165.5035418870528
 20
-124.1698466431917
 10
165.6486148602935
 20
-124.2079890206184
 10
165.6486148602935
 20
-124.2079890206184
 10
165.6182089084816
 20
-124.3320117195252
 10
165.563514178597
 20
-124.4265880232894
 10
165.4844706983427
 20
-124.4917179319009
 10
165.4054272180877
 20
-124.5569078128062
 10
165.3088718287075
 20
-124.589472767117
 10
165.1946845856102
 20
-124.589472767117
 10
165.0765391712732
 20
-124.589472767117
 10
164.9804035879293
 20
-124.5644043492507
 10
164.9063977801687
 20
-124.5143274858158
 10
164.8323320001137
 20
-124.4642506223731
 10
164.776018018353
 20
-124.3916841496097
 10
164.7373358903112
 20
-124.2967480120978
 10
164.6987137345567
 20
-124.2017519022959
 10
164.6794026566802
 20
-124.0997390343784
 10
164.6794026566802
 20
-123.9907693806468
 10
164.6794026566802
 20
-123.8719042988132
 10
164.701232570802
 20
-123.7682721790266
 10
164.7448324267519
 20
-123.6797530767137
 10
164.7884322827043
 20
-123.5912939466901
 10
164.8505036044515
 20
-123.5240650078672
 10
164.9310463919935
 20
-123.4781262325446
 10
165.0115891795317
 20
-123.4321874572246
 10
165.1001682541385
 20
-123.4092180695633
 10
165.1969035603978
 20
-123.4092180695633
 10
165.3065928816299
 20
-123.4092180695633
 10
165.3988302660214
 20
-123.4383046309614
 10
165.473615713575
 20
-123.4964177814656
 10
165.5484011611273
 20
-123.5545309319743
 10
165.6005170824772
 20
-123.6362731653432
 10
165.6299634776223
 20
-123.7416444815826
 10
165.6299634776223
 20
-123.7416444815826
 10
165.4871094791718
 20
-123.7766682998455
 10
165.4871094791718
 20
-123.7766682998455
 10
165.4616812275565
 20
-123.6936666483475
 10
165.4247382959669
 20
-123.6331546061813
 10
165.3764006289829
 20
-123.5953120902199
 10
165.3280629619995
 20
-123.5574096019672
 10
165.2671910860843
 20
-123.5384583578396
 10
165.193904945821
 20
-123.5384583578396
 10
165.1096438762056
 20
-123.5384583578396
 10
165.0392364059333
 20
-123.5595086321671
 10
164.9826825350082
 20
-123.6014892362499
 10
164.926068691793
 20
-123.6435298126239
 10
164.8863070625004
 20
-123.7000237112526
 10
164.8633976471317
 20
-123.7708509875638
 10
164.8404282594704
 20
-123.8416782638763
 10
164.828973551786
 20
-123.9147245149751
 10
164.828973551786
 20
-123.9899897408602
 10
164.828973551786
 20
-124.0870249085759
 10
164.8425272896729
 20
-124.1717657565216
 10
164.8697547100355
 20
-124.2441523124124
 10
164.896922158103
 20
-124.3165988405997
 10
164.9391426513509
 20
-124.3706938475722
 10
164.9964761620639
 20
-124.4064973056198
 10
165.0538096727796
 20
-124.4423007636726
 10
165.1158809945268
 20
-124.4602324788433
 10
165.1826901273018
 20
-124.4602324788433
 10
165.2639525823417
 20
-124.4602324788433
 10
165.3328007730317
 20
-124.4358237561823
 10
165.3891147547892
 20
-124.387006310872
 10
165.445428736548
 20
-124.3382488378439
 10
165.4835711139709
 20
-124.2658622819556
 10
165.5035418870528
 20
-124.1698466431917
 97
        0
 75
     2
 76
     1
 98
        0
  0
INSERT
  5
122
330
1F
100
AcDbEntity
  8
Capa 1
100
AcDbBlockReference
  2
block 2
 10
0.0
 20
0.0
 30
0.0
  0
SPLINE
  5
146
330
1F
100
AcDbEntity
  8
Capa 1
370
     0
100
AcDbSpline
210
0.0
220
0.0
230
1.0
 70
    11
 71
     3
 72
   143
 73
   139
 74
     0
 42
0.0000000001
 43
0.0000000001
 12
1.0
 22
0.0
 32
0.0
 13
1.0
 23
0.0
 33
0.0
 40
0.0
 40
0.0
 40
0.0
 40
0.0
 40
1.0
 40
1.0
 40
1.0
 40
2.0
 40
2.0
 40
2.0
 40
3.0
 40
3.0
 40
3.0
 40
4.0
 40
4.0
 40
4.0
 40
5.0
 40
5.0
 40
5.0
 40
6.0
 40
6.0
 40
6.0
 40
7.0
 40
7.0
 40
7.0
 40
8.0
 40
8.0
 40
8.0
 40
9.0
 40
9.0
 40
9.0
 40
10.0
 40
10.0
 40
10.0
 40
11.0
 40
11.0
 40
11.0
 40
12.0
 40
12.0
 40
12.0
 40
13.0
 40
13.0
 40
13.0
 40
14.0
 40
14.0
 40
14.0
 40
15.0
 40
15.0
 40
15.0
 40
16.0
 40
16.0
 40
16.0
 40
17.0
 40
17.0
 40
17.0
 40
18.0
 40
18.0
 40
18.0
 40
19.0
 40
19.0
 40
19.0
 40
20.0
 40
20.0
 40
20.0
 40
21.0
 40
21.0
 40
21.0
 40
22.0
 40
22.0
 40
22.0
 40
23.0
 40
23.0
 40
23.0
 40
24.0
 40
24.0
 40
24.0
 40
25.0
 40
25.0
 40
25.0
 40
26.0
 40
26.0
 40
26.0
 40
27.0
 40
27.0
 40
27.0
 40
28.0
 40
28.0
 40
28.0
 40
29.0
 40
29.0
 40
29.0
 40
30.0
 40
30.0
 40
30.0
 40
31.0
 40
31.0
 40
31.0
 40
32.0
 40
32.0
 40
32.0
 40
33.0
 40
33.0
 40
33.0
 40
34.0
 40
34.0
 40
34.0
 40
35.0
 40
35.0
 40
35.0
 40
36.0
 40
36.0
 40
36.0
 40
37.0
 40
37.0
 40
37.0
 40
38.0
 40
38.0
 40
38.0
 40
39.0
 40
39.0
 40
39.0
 40
40.0
 40
40.0
 40
40.0
 40
41.0
 40
41.0
 40
41.0
 40
42.0
 40
42.0
 40
42.0
 40
43.0
 40
43.0
 40
43.0
 40
44.0
 40
44.0
 40
44.0
 40
45.0
 40
45.0
 40
45.0
 40
46.0
 40
46.0
 40
46.0
 40
46.0
 10
165.7756805004666
 20
-125.5101367238487
 30
0.0
 10
165.7756805004666
 20
-125.5101367238487
 30
0.0
 10
165.1780368712508
 20
-126.1163117199309
 30
0.0
 10
165.1780368712508
 20
-126.1163117199309
 30
0.0
 10
165.1780368712508
 20
-126.1163117199309
 30
0.0
 10
165.128204929783
 20
-126.1163117199309
 30
0.0
 10
165.128204929783
 20
-126.1163117199309
 30
0.0
 10
165.128204929783
 20
-126.1163117199309
 30
0.0
 10
165.1378659958355
 20
-126.0071560878813
 30
0.0
 10
165.1378659958355
 20
-126.0071560878813
 30
0.0
 10
165.1378659958355
 20
-126.0071560878813
 30
0.0
 10
165.1378659958355
 20
-126.0070433248678
 30
0.0
 10
165.1378659958355
 20
-126.0070433248678
 30
0.0
 10
165.1504088983064
 20
-126.0136535824065
 30
0.0
 10
165.1645901404661
 20
-126.0174389022973
 30
0.0
 10
165.179731764872
 20
-126.0174389022973
 30
0.0
 10
165.2295071524115
 20
-126.0174389022973
 30
0.0
 10
165.2698473447694
 20
-125.9770987099406
 30
0.0
 10
165.2698473447694
 20
-125.9273233223999
 30
0.0
 10
165.2698473447694
 20
-125.8775479348591
 30
0.0
 10
165.2295071524115
 20
-125.8372080873438
 30
0.0
 10
165.179731764872
 20
-125.8372080873438
 30
0.0
 10
165.1479229393831
 20
-125.8372080873438
 30
0.0
 10
165.1200125416392
 20
-125.8537621805726
 30
0.0
 10
165.1039667440769
 20
-125.8786779788859
 30
0.0
 10
165.0579204673399
 20
-125.8203146705496
 30
0.0
 10
164.947239258613
 20
-125.7718951979041
 30
0.0
 10
164.7975175633383
 20
-125.7499739990208
 30
0.0
 10
164.7975175633383
 20
-125.7499739990208
 30
0.0
 10
164.7975175633383
 20
-125.7257358133135
 30
0.0
 10
164.7975175633383
 20
-125.7257358133135
 30
0.0
 10
164.7975175633383
 20
-125.7257358133135
 30
0.0
 10
164.4705027537704
 20
-125.7257358133135
 30
0.0
 10
164.4705027537704
 20
-125.7257358133135
 30
0.0
 10
164.4705027537704
 20
-125.7257358133135
 30
0.0
 10
164.4705027537704
 20
-125.7460755712745
 30
0.0
 10
164.4705027537704
 20
-125.7460755712745
 30
0.0
 10
164.4073371893733
 20
-125.7531941244772
 30
0.0
 10
164.345358222927
 20
-125.7644938750644
 30
0.0
 10
164.2890287869352
 20
-125.7791272038037
 30
0.0
 10
164.2890287869352
 20
-125.7791272038037
 30
0.0
 10
164.2890287869352
 20
-125.7596350650733
 30
0.0
 10
164.2890287869352
 20
-125.7596350650733
 30
0.0
 10
164.2890287869352
 20
-125.7596350650733
 30
0.0
 10
164.1714548958747
 20
-125.7596350650733
 30
0.0
 10
164.1714548958747
 20
-125.7596350650733
 30
0.0
 10
164.1714548958747
 20
-125.7596350650733
 30
0.0
 10
164.1714548958747
 20
-125.8184504599885
 30
0.0
 10
164.1714548958747
 20
-125.8184504599885
 30
0.0
 10
164.0934866857932
 20
-125.8520107330244
 30
0.0
 10
164.0428074699361
 20
-125.8938196032911
 30
0.0
 10
164.0428074699361
 20
-125.9398662248682
 30
0.0
 10
164.0428074699361
 20
-125.9398662248682
 30
0.0
 10
163.9581721035506
 20
-125.9398662248682
 30
0.0
 10
163.9581721035506
 20
-125.9398662248682
 30
0.0
 10
163.9581721035506
 20
-125.9398662248682
 30
0.0
 10
163.9581721035506
 20
-126.006817109158
 30
0.0
 10
163.9581721035506
 20
-126.006817109158
 30
0.0
 10
163.9581721035506
 20
-126.006817109158
 30
0.0
 10
164.0545027531738
 20
-126.006817109158
 30
0.0
 10
164.0545027531738
 20
-126.006817109158
 30
0.0
 10
164.0545027531738
 20
-126.006817109158
 30
0.0
 10
164.0728082939496
 20
-126.2258628846303
 30
0.0
 10
164.0728082939496
 20
-126.2258628846303
 30
0.0
 10
164.0728082939496
 20
-126.2258628846303
 30
0.0
 10
163.3913203636519
 20
-125.5101367238487
 30
0.0
 10
163.3913203636519
 20
-125.5101367238487
 30
0.0
 10
163.3913203636519
 20
-125.5101367238487
 30
0.0
 10
163.3913203636519
 20
-125.5920033616739
 30
0.0
 10
163.3913203636519
 20
-125.5920033616739
 30
0.0
 10
163.3913203636519
 20
-125.5920033616739
 30
0.0
 10
164.0802661707183
 20
-126.3156394858037
 30
0.0
 10
164.0802661707183
 20
-126.3156394858037
 30
0.0
 10
164.0802661707183
 20
-126.3156394858037
 30
0.0
 10
164.1506633961755
 20
-127.1587702654849
 30
0.0
 10
164.1506633961755
 20
-127.1587702654849
 30
0.0
 10
164.1506633961755
 20
-127.1587702654849
 30
0.0
 10
163.4395701745141
 20
-127.8803156185036
 30
0.0
 10
163.4395701745141
 20
-127.8803156185036
 30
0.0
 10
163.4395701745141
 20
-127.8803156185036
 30
0.0
 10
163.4797972590152
 20
-127.9199778534104
 30
0.0
 10
163.4797972590152
 20
-127.9199778534104
 30
0.0
 10
163.4797972590152
 20
-127.9199778534104
 30
0.0
 10
164.1568784659039
 20
-127.2330097096027
 30
0.0
 10
164.1568784659039
 20
-127.2330097096027
 30
0.0
 10
164.1568784659039
 20
-127.2330097096027
 30
0.0
 10
164.1866530742064
 20
-127.5901381061971
 30
0.0
 10
164.1866530742064
 20
-127.5901381061971
 30
0.0
 10
164.1866530742064
 20
-127.5901381061971
 30
0.0
 10
164.204902061055
 20
-127.5901381061971
 30
0.0
 10
164.204902061055
 20
-127.5901381061971
 30
0.0
 10
164.204902061055
 20
-127.5901381061971
 30
0.0
 10
164.204902061055
 20
-127.6910447961745
 30
0.0
 10
164.204902061055
 20
-127.6910447961745
 30
0.0
 10
164.204902061055
 20
-127.6910447961745
 30
0.0
 10
164.334962300658
 20
-127.6910447961745
 30
0.0
 10
164.334962300658
 20
-127.6910447961745
 30
0.0
 10
164.334962300658
 20
-127.6910447961745
 30
0.0
 10
164.334962300658
 20
-127.5901381061971
 30
0.0
 10
164.334962300658
 20
-127.5901381061971
 30
0.0
 10
164.334962300658
 20
-127.5901381061971
 30
0.0
 10
164.8093259544323
 20
-127.5901381061971
 30
0.0
 10
164.8093259544323
 20
-127.5901381061971
 30
0.0
 10
164.8424906948164
 20
-127.6501397542261
 30
0.0
 10
164.9064473245182
 20
-127.6909320331603
 30
0.0
 10
164.9797260415499
 20
-127.6909320331603
 30
0.0
 10
165.0870171181957
 20
-127.6909320331603
 30
0.0
 10
165.1742512065187
 20
-127.6036413909102
 30
0.0
 10
165.1742512065187
 20
-127.4964068681915
 30
0.0
 10
165.1742512065187
 20
-127.4843726062298
 30
0.0
 10
165.1730083994783
 20
-127.4726207690637
 30
0.0
 10
165.1709179732068
 20
-127.4612079106216
 30
0.0
 10
165.1709179732068
 20
-127.4612079106216
 30
0.0
 10
165.6077098183432
 20
-127.9199778534104
 30
0.0
 10
165.6077098183432
 20
-127.9199778534104
 30
0.0
 10
165.6077098183432
 20
-127.9199778534104
 30
0.0
 10
165.6486148602935
 20
-127.8809935759503
 30
0.0
 10
165.6486148602935
 20
-127.8809935759503
 30
0.0
 10
165.6486148602935
 20
-127.8809935759503
 30
0.0
 10
165.0297838538875
 20
-127.2309754924175
 30
0.0
 10
165.0297838538875
 20
-127.2309754924175
 30
0.0
 10
165.0297838538875
 20
-127.2309754924175
 30
0.0
 10
165.1076393009535
 20
-126.3493125218557
 30
0.0
 10
165.1076393009535
 20
-126.3493125218557
 30
0.0
 10
165.1076393009535
 20
-126.3493125218557
 30
0.0
 10
165.2751016874116
 20
-126.3493125218557
 30
0.0
 10
165.2751016874116
 20
-126.3493125218557
 30
0.0
 10
165.2751016874116
 20
-126.3493125218557
 30
0.0
 10
165.2751016874116
 20
-126.1163117199309
 30
0.0
 10
165.2751016874116
 20
-126.1163117199309
 30
0.0
 10
165.2751016874116
 20
-126.1163117199309
 30
0.0
 10
165.2573609962282
 20
-126.1163117199309
 30
0.0
 10
165.2573609962282
 20
-126.1163117199309
 30
0.0
 10
165.2573609962282
 20
-126.1163117199309
 30
0.0
 10
165.7756805004666
 20
-125.5905908928516
 30
0.0
 10
165.7756805004666
 20
-125.5905908928516
 30
0.0
 10
165.7756805004666
 20
-125.5905908928516
 30
0.0
 10
165.7756805004666
 20
-125.5101367238487
 30
0.0
 10
165.7756805004666
 20
-125.5101367238487
 30
0.0
  0
POLYLINE
  5
147
330
1F
100
AcDbEntity
  8
Capa 1
370
     0
100
AcDb2dPolyline
 66
     1
 10
0.0
 20
0.0
 30
0.0
  0
VERTEX
  5
148
330
147
100
AcDbEntity
  8
Capa 1
370
     0
100
AcDbVertex
100
AcDb2dVertex
 10
164.5383012572914
 20
-125.7935343168332
 30
0.0
  0
VERTEX
  5
149
330
147
100
AcDbEntity
  8
Capa 1
370
     0
100
AcDbVertex
100
AcDb2dVertex
 10
164.7297190598186
 20
-125.7935343168332
 30
0.0
  0
VERTEX
  5
14A
330
147
100
AcDbEntity
  8
Capa 1
370
     0
100
AcDbVertex
100
AcDb2dVertex
 10
164.7297190598186
 20
-125.8107101584229
 30
0.0
  0
VERTEX
  5
14B
330
147
100
AcDbEntity
  8
Capa 1
370
     0
100
AcDbVertex
100
AcDb2dVertex
 10
164.5383012572914
 20
-125.8107101584229
 30
0.0
  0
VERTEX
  5
14C
330
147
100
AcDbEntity
  8
Capa 1
370
     0
100
AcDbVertex
100
AcDb2dVertex
 10
164.5383012572914
 20
-125.7935343168332
 30
0.0
  0
SEQEND
  5
14D
330
147
100
AcDbEntity
  8
Capa 1
370
     0
  0
SPLINE
  5
14E
330
1F
100
AcDbEntity
  8
Capa 1
370
     0
100
AcDbSpline
210
0.0
220
0.0
230
1.0
 70
    11
 71
     3
 72
    29
 73
    25
 74
     0
 42
0.0000000001
 43
0.0000000001
 12
1.0
 22
0.0
 32
0.0
 13
1.0
 23
0.0
 33
0.0
 40
0.0
 40
0.0
 40
0.0
 40
0.0
 40
1.0
 40
1.0
 40
1.0
 40
2.0
 40
2.0
 40
2.0
 40
3.0
 40
3.0
 40
3.0
 40
4.0
 40
4.0
 40
4.0
 40
5.0
 40
5.0
 40
5.0
 40
6.0
 40
6.0
 40
6.0
 40
7.0
 40
7.0
 40
7.0
 40
8.0
 40
8.0
 40
8.0
 40
8.0
 10
164.2890287869352
 20
-125.8378294908646
 30
0.0
 10
164.3451320072172
 20
-125.822122672025
 30
0.0
 10
164.406941656721
 20
-125.8101449639892
 30
0.0
 10
164.4705027537704
 20
-125.8027436411489
 30
0.0
 10
164.4705027537704
 20
-125.8027436411489
 30
0.0
 10
164.4705027537704
 20
-125.8785086619452
 30
0.0
 10
164.4705027537704
 20
-125.8785086619452
 30
0.0
 10
164.4705027537704
 20
-125.8785086619452
 30
0.0
 10
164.7975175633383
 20
-125.8785086619452
 30
0.0
 10
164.7975175633383
 20
-125.8785086619452
 30
0.0
 10
164.7975175633383
 20
-125.8785086619452
 30
0.0
 10
164.7975175633383
 20
-125.8068117306779
 30
0.0
 10
164.7975175633383
 20
-125.8068117306779
 30
0.0
 10
164.860344149014
 20
-125.8163600337175
 30
0.0
 10
164.9185943494941
 20
-125.8310495715438
 30
0.0
 10
164.9687087157601
 20
-125.8503720484916
 30
0.0
 10
165.0585418708607
 20
-125.8848927037723
 30
0.0
 10
165.0709716654735
 20
-125.9228034911327
 30
0.0
 10
165.0709716654735
 20
-125.9398662248682
 30
0.0
 10
165.0709716654735
 20
-125.9398662248682
 30
0.0
 10
164.2890287869352
 20
-125.9398662248682
 30
0.0
 10
164.2890287869352
 20
-125.9398662248682
 30
0.0
 10
164.2890287869352
 20
-125.9398662248682
 30
0.0
 10
164.2890287869352
 20
-125.8378294908646
 30
0.0
 10
164.2890287869352
 20
-125.8378294908646
 30
0.0
  0
SPLINE
  5
14F
330
1F
100
AcDbEntity
  8
Capa 1
370
     0
100
AcDbSpline
210
0.0
220
0.0
230
1.0
 70
    11
 71
     3
 72
    14
 73
    10
 74
     0
 42
0.0000000001
 43
0.0000000001
 12
1.0
 22
0.0
 32
0.0
 13
1.0
 23
0.0
 33
0.0
 40
0.0
 40
0.0
 40
0.0
 40
0.0
 40
1.0
 40
1.0
 40
1.0
 40
2.0
 40
2.0
 40
2.0
 40
3.0
 40
3.0
 40
3.0
 40
3.0
 10
164.1714548958747
 20
-125.8811073838802
 30
0.0
 10
164.1714548958747
 20
-125.8811073838802
 30
0.0
 10
164.1714548958747
 20
-125.9398662248682
 30
0.0
 10
164.1714548958747
 20
-125.9398662248682
 30
0.0
 10
164.1714548958747
 20
-125.9398662248682
 30
0.0
 10
164.0993062228692
 20
-125.9398662248682
 30
0.0
 10
164.0993062228692
 20
-125.9398662248682
 30
0.0
 10
164.0993062228692
 20
-125.9304310296841
 30
0.0
 10
164.1183462750213
 20
-125.9073794419313
 30
0.0
 10
164.1714548958747
 20
-125.8811073838802
 30
0.0
  0
POLYLINE
  5
150
330
1F
100
AcDbEntity
  8
Capa 1
370
     0
100
AcDb2dPolyline
 66
     1
 10
0.0
 20
0.0
 30
0.0
  0
VERTEX
  5
151
330
150
100
AcDbEntity
  8
Capa 1
370
     0
100
AcDbVertex
100
AcDb2dVertex
 10
164.2029247426383
 20
-127.1057744076457
 30
0.0
  0
VERTEX
  5
152
330
150
100
AcDbEntity
  8
Capa 1
370
     0
100
AcDbVertex
100
AcDb2dVertex
 10
164.1424147989447
 20
-126.3809520304027
 30
0.0
  0
VERTEX
  5
153
330
150
100
AcDbEntity
  8
Capa 1
370
     0
100
AcDbVertex
100
AcDb2dVertex
 10
164.5231596328856
 20
-126.78085002435
 30
0.0
  0
VERTEX
  5
154
330
150
100
AcDbEntity
  8
Capa 1
370
     0
100
AcDbVertex
100
AcDb2dVertex
 10
164.2029247426383
 20
-127.1057744076457
 30
0.0
  0
SEQEND
  5
155
330
150
100
AcDbEntity
  8
Capa 1
370
     0
  0
SPLINE
  5
156
330
1F
100
AcDbEntity
  8
Capa 1
370
     0
100
AcDbSpline
210
0.0
220
0.0
230
1.0
 70
    11
 71
     3
 72
    26
 73
    22
 74
     0
 42
0.0000000001
 43
0.0000000001
 12
1.0
 22
0.0
 32
0.0
 13
1.0
 23
0.0
 33
0.0
 40
0.0
 40
0.0
 40
0.0
 40
0.0
 40
1.0
 40
1.0
 40
1.0
 40
2.0
 40
2.0
 40
2.0
 40
3.0
 40
3.0
 40
3.0
 40
4.0
 40
4.0
 40
4.0
 40
5.0
 40
5.0
 40
5.0
 40
6.0
 40
6.0
 40
6.0
 40
7.0
 40
7.0
 40
7.0
 40
7.0
 10
164.7852008765798
 20
-127.4964068681915
 30
0.0
 10
164.7852008765798
 20
-127.5091190876012
 30
0.0
 10
164.7864440284628
 20
-127.5216050913023
 30
0.0
 10
164.7888168795306
 20
-127.533639353264
 30
0.0
 10
164.7888168795306
 20
-127.533639353264
 30
0.0
 10
164.2386319958736
 20
-127.533639353264
 30
0.0
 10
164.2386319958736
 20
-127.533639353264
 30
0.0
 10
164.2386319958736
 20
-127.533639353264
 30
0.0
 10
164.2091394675253
 20
-127.1799572978351
 30
0.0
 10
164.2091394675253
 20
-127.1799572978351
 30
0.0
 10
164.2091394675253
 20
-127.1799572978351
 30
0.0
 10
164.5621439103464
 20
-126.821755066299
 30
0.0
 10
164.5621439103464
 20
-126.821755066299
 30
0.0
 10
164.5621439103464
 20
-126.821755066299
 30
0.0
 10
164.9711946746828
 20
-127.2514283582328
 30
0.0
 10
164.9711946746828
 20
-127.2514283582328
 30
0.0
 10
164.9711946746828
 20
-127.2514283582328
 30
0.0
 10
164.9667313973434
 20
-127.3023334449596
 30
0.0
 10
164.9667313973434
 20
-127.3023334449596
 30
0.0
 10
164.8655422825679
 20
-127.3090006012649
 30
0.0
 10
164.7852008765798
 20
-127.3934659610289
 30
0.0
 10
164.7852008765798
 20
-127.4964068681915
 30
0.0
  0
SPLINE
  5
157
330
1F
100
AcDbEntity
  8
Capa 1
370
     0
100
AcDbSpline
210
0.0
220
0.0
230
1.0
 70
    11
 71
     3
 72
    29
 73
    25
 74
     0
 42
0.0000000001
 43
0.0000000001
 12
1.0
 22
0.0
 32
0.0
 13
1.0
 23
0.0
 33
0.0
 40
0.0
 40
0.0
 40
0.0
 40
0.0
 40
1.0
 40
1.0
 40
1.0
 40
2.0
 40
2.0
 40
2.0
 40
3.0
 40
3.0
 40
3.0
 40
4.0
 40
4.0
 40
4.0
 40
5.0
 40
5.0
 40
5.0
 40
6.0
 40
6.0
 40
6.0
 40
7.0
 40
7.0
 40
7.0
 40
8.0
 40
8.0
 40
8.0
 40
8.0
 10
165.0838532018257
 20
-127.4964068681915
 30
0.0
 10
165.0838532018257
 20
-127.5538094494423
 30
0.0
 10
165.037128967642
 20
-127.6005340284673
 30
0.0
 10
164.9797260415499
 20
-127.6005340284673
 30
0.0
 10
164.963510927045
 20
-127.6005340284673
 30
0.0
 10
164.9480868778437
 20
-127.5968049176623
 30
0.0
 10
164.9344142761892
 20
-127.5901381061971
 30
0.0
 10
164.9106847309885
 20
-127.5786124847414
 30
0.0
 10
164.8919836575616
 20
-127.5583858346359
 30
0.0
 10
164.8824919084491
 20
-127.533639353264
 30
0.0
 10
164.878028286269
 20
-127.5220571778805
 30
0.0
 10
164.8755988812741
 20
-127.5095146202523
 30
0.0
 10
164.8755988812741
 20
-127.4964068681915
 30
0.0
 10
164.8755988812741
 20
-127.4461793940713
 30
0.0
 10
164.9113061345093
 20
-127.4042008620219
 30
0.0
 10
164.9585955631268
 20
-127.3944266881151
 30
0.0
 10
164.9654320363747
 20
-127.3930142192908
 30
0.0
 10
164.972494380491
 20
-127.3922797079157
 30
0.0
 10
164.9797260415499
 20
-127.3922797079157
 30
0.0
 10
164.9920992822356
 20
-127.3922797079157
 30
0.0
 10
165.0039642272572
 20
-127.3944266881151
 30
0.0
 10
165.0149812082057
 20
-127.398437878873
 30
0.0
 10
165.0550955296939
 20
-127.4129015458322
 30
0.0
 10
165.0838532018257
 20
-127.4513206288586
 30
0.0
 10
165.0838532018257
 20
-127.4964068681915
 30
0.0
  0
POLYLINE
  5
158
330
1F
100
AcDbEntity
  8
Capa 1
370
     0
100
AcDb2dPolyline
 66
     1
 10
0.0
 20
0.0
 30
0.0
  0
VERTEX
  5
159
330
158
100
AcDbEntity
  8
Capa 1
370
     0
100
AcDbVertex
100
AcDb2dVertex
 10
164.9778618309888
 20
-127.1764544027412
 30
0.0
  0
VERTEX
  5
15A
330
158
100
AcDbEntity
  8
Capa 1
370
     0
100
AcDbVertex
100
AcDb2dVertex
 10
164.601805800415
 20
-126.7815279817979
 30
0.0
  0
VERTEX
  5
15B
330
158
100
AcDbEntity
  8
Capa 1
370
     0
100
AcDbVertex
100
AcDb2dVertex
 10
165.0421008854874
 20
-126.334736091883
 30
0.0
  0
VERTEX
  5
15C
330
158
100
AcDbEntity
  8
Capa 1
370
     0
100
AcDbVertex
100
AcDb2dVertex
 10
165.0421008854874
 20
-126.3493125218557
 30
0.0
  0
VERTEX
  5
15D
330
158
100
AcDbEntity
  8
Capa 1
370
     0
100
AcDbVertex
100
AcDb2dVertex
 10
165.0509146771507
 20
-126.3493125218557
 30
0.0
  0
VERTEX
  5
15E
330
158
100
AcDbEntity
  8
Capa 1
370
     0
100
AcDbVertex
100
AcDb2dVertex
 10
164.9778618309888
 20
-127.1764544027412
 30
0.0
  0
SEQEND
  5
15F
330
158
100
AcDbEntity
  8
Capa 1
370
     0
  0
POLYLINE
  5
160
330
1F
100
AcDbEntity
  8
Capa 1
370
     0
100
AcDb2dPolyline
 66
     1
 10
0.0
 20
0.0
 30
0.0
  0
VERTEX
  5
161
330
160
100
AcDbEntity
  8
Capa 1
370
     0
100
AcDbVertex
100
AcDb2dVertex
 10
165.0715365150672
 20
-126.1163117199309
 30
0.0
  0
VERTEX
  5
162
330
160
100
AcDbEntity
  8
Capa 1
370
     0
100
AcDbVertex
100
AcDb2dVertex
 10
165.0421008854874
 20
-126.1163117199309
 30
0.0
  0
VERTEX
  5
163
330
160
100
AcDbEntity
  8
Capa 1
370
     0
100
AcDbVertex
100
AcDb2dVertex
 10
165.0421008854874
 20
-126.2542253689537
 30
0.0
  0
VERTEX
  5
164
330
160
100
AcDbEntity
  8
Capa 1
370
     0
100
AcDbVertex
100
AcDb2dVertex
 10
164.8828870962588
 20
-126.4158116644074
 30
0.0
  0
VERTEX
  5
165
330
160
100
AcDbEntity
  8
Capa 1
370
     0
100
AcDbVertex
100
AcDb2dVertex
 10
164.8828870962588
 20
-126.3522505673566
 30
0.0
  0
VERTEX
  5
166
330
160
100
AcDbEntity
  8
Capa 1
370
     0
100
AcDbVertex
100
AcDb2dVertex
 10
164.4589771323153
 20
-126.3522505673566
 30
0.0
  0
VERTEX
  5
167
330
160
100
AcDbEntity
  8
Capa 1
370
     0
100
AcDbVertex
100
AcDb2dVertex
 10
164.4589771323153
 20
-126.4882431070485
 30
0.0
  0
VERTEX
  5
168
330
160
100
AcDbEntity
  8
Capa 1
370
     0
100
AcDbVertex
100
AcDb2dVertex
 10
164.8114729346297
 20
-126.4882431070485
 30
0.0
  0
VERTEX
  5
169
330
160
100
AcDbEntity
  8
Capa 1
370
     0
100
AcDbVertex
100
AcDb2dVertex
 10
164.5628218677943
 20
-126.7405663859204
 30
0.0
  0
VERTEX
  5
16A
330
160
100
AcDbEntity
  8
Capa 1
370
     0
100
AcDbVertex
100
AcDb2dVertex
 10
164.1349569221773
 20
-126.2911188753021
 30
0.0
  0
VERTEX
  5
16B
330
160
100
AcDbEntity
  8
Capa 1
370
     0
100
AcDbVertex
100
AcDb2dVertex
 10
164.1112273769766
 20
-126.006817109158
 30
0.0
  0
VERTEX
  5
16C
330
160
100
AcDbEntity
  8
Capa 1
370
     0
100
AcDbVertex
100
AcDb2dVertex
 10
165.0811979259611
 20
-126.006817109158
 30
0.0
  0
VERTEX
  5
16D
330
160
100
AcDbEntity
  8
Capa 1
370
     0
100
AcDbVertex
100
AcDb2dVertex
 10
165.0715365150672
 20
-126.1163117199309
 30
0.0
  0
SEQEND
  5
16E
330
160
100
AcDbEntity
  8
Capa 1
370
     0
  0
POLYLINE
  5
16F
330
1F
100
AcDbEntity
  8
Capa 1
370
     0
100
AcDb2dPolyline
 66
     1
 10
0.0
 20
0.0
 30
0.0
  0
VERTEX
  5
170
330
16F
100
AcDbEntity
  8
Capa 1
370
     0
100
AcDbVertex
100
AcDb2dVertex
 10
165.2073031838893
 20
-126.2815140183341
 30
0.0
  0
VERTEX
  5
171
330
16F
100
AcDbEntity
  8
Capa 1
370
     0
100
AcDbVertex
100
AcDb2dVertex
 10
165.1136281549708
 20
-126.2815140183341
 30
0.0
  0
VERTEX
  5
172
330
16F
100
AcDbEntity
  8
Capa 1
370
     0
100
AcDbVertex
100
AcDb2dVertex
 10
165.1154927103746
 20
-126.2602704320567
 30
0.0
  0
VERTEX
  5
173
330
16F
100
AcDbEntity
  8
Capa 1
370
     0
100
AcDbVertex
100
AcDb2dVertex
 10
165.1905228749507
 20
-126.1841102234519
 30
0.0
  0
VERTEX
  5
174
330
16F
100
AcDbEntity
  8
Capa 1
370
     0
100
AcDbVertex
100
AcDb2dVertex
 10
165.2073031838893
 20
-126.1841102234519
 30
0.0
  0
VERTEX
  5
175
330
16F
100
AcDbEntity
  8
Capa 1
370
     0
100
AcDbVertex
100
AcDb2dVertex
 10
165.2073031838893
 20
-126.2815140183341
 30
0.0
  0
SEQEND
  5
176
330
16F
100
AcDbEntity
  8
Capa 1
370
     0
  0
HATCH
  5
177
330
1F
100
AcDbEntity
  8
Capa 1
 62
   255
100
AcDbHatch
 10
0.0
 20
0.0
 30
0.0
210
0.0
220
0.0
230
1.0
  2
SOLID
 70
     1
 71
     0
 91
       10
 92
        1
 93
        1
 72
     4
 94
        3
 73
     0
 74
     1
 95
      143
 96
      139
 40
0.0
 40
0.0
 40
0.0
 40
0.0
 40
1.0
 40
1.0
 40
1.0
 40
2.0
 40
2.0
 40
2.0
 40
3.0
 40
3.0
 40
3.0
 40
4.0
 40
4.0
 40
4.0
 40
5.0
 40
5.0
 40
5.0
 40
6.0
 40
6.0
 40
6.0
 40
7.0
 40
7.0
 40
7.0
 40
8.0
 40
8.0
 40
8.0
 40
9.0
 40
9.0
 40
9.0
 40
10.0
 40
10.0
 40
10.0
 40
11.0
 40
11.0
 40
11.0
 40
12.0
 40
12.0
 40
12.0
 40
13.0
 40
13.0
 40
13.0
 40
14.0
 40
14.0
 40
14.0
 40
15.0
 40
15.0
 40
15.0
 40
16.0
 40
16.0
 40
16.0
 40
17.0
 40
17.0
 40
17.0
 40
18.0
 40
18.0
 40
18.0
 40
19.0
 40
19.0
 40
19.0
 40
20.0
 40
20.0
 40
20.0
 40
21.0
 40
21.0
 40
21.0
 40
22.0
 40
22.0
 40
22.0
 40
23.0
 40
23.0
 40
23.0
 40
24.0
 40
24.0
 40
24.0
 40
25.0
 40
25.0
 40
25.0
 40
26.0
 40
26.0
 40
26.0
 40
27.0
 40
27.0
 40
27.0
 40
28.0
 40
28.0
 40
28.0
 40
29.0
 40
29.0
 40
29.0
 40
30.0
 40
30.0
 40
30.0
 40
31.0
 40
31.0
 40
31.0
 40
32.0
 40
32.0
 40
32.0
 40
33.0
 40
33.0
 40
33.0
 40
34.0
 40
34.0
 40
34.0
 40
35.0
 40
35.0
 40
35.0
 40
36.0
 40
36.0
 40
36.0
 40
37.0
 40
37.0
 40
37.0
 40
38.0
 40
38.0
 40
38.0
 40
39.0
 40
39.0
 40
39.0
 40
40.0
 40
40.0
 40
40.0
 40
41.0
 40
41.0
 40
41.0
 40
42.0
 40
42.0
 40
42.0
 40
43.0
 40
43.0
 40
43.0
 40
44.0
 40
44.0
 40
44.0
 40
45.0
 40
45.0
 40
45.0
 40
46.0
 40
46.0
 40
46.0
 40
46.0
 10
165.7756805004666
 20
-125.5101367238487
 10
165.7756805004666
 20
-125.5101367238487
 10
165.1780368712508
 20
-126.1163117199309
 10
165.1780368712508
 20
-126.1163117199309
 10
165.1780368712508
 20
-126.1163117199309
 10
165.128204929783
 20
-126.1163117199309
 10
165.128204929783
 20
-126.1163117199309
 10
165.128204929783
 20
-126.1163117199309
 10
165.1378659958355
 20
-126.0071560878813
 10
165.1378659958355
 20
-126.0071560878813
 10
165.1378659958355
 20
-126.0071560878813
 10
165.1378659958355
 20
-126.0070433248678
 10
165.1378659958355
 20
-126.0070433248678
 10
165.1504088983064
 20
-126.0136535824065
 10
165.1645901404661
 20
-126.0174389022973
 10
165.179731764872
 20
-126.0174389022973
 10
165.2295071524115
 20
-126.0174389022973
 10
165.2698473447694
 20
-125.9770987099406
 10
165.2698473447694
 20
-125.9273233223999
 10
165.2698473447694
 20
-125.8775479348591
 10
165.2295071524115
 20
-125.8372080873438
 10
165.179731764872
 20
-125.8372080873438
 10
165.1479229393831
 20
-125.8372080873438
 10
165.1200125416392
 20
-125.8537621805726
 10
165.1039667440769
 20
-125.8786779788859
 10
165.0579204673399
 20
-125.8203146705496
 10
164.947239258613
 20
-125.7718951979041
 10
164.7975175633383
 20
-125.7499739990208
 10
164.7975175633383
 20
-125.7499739990208
 10
164.7975175633383
 20
-125.7257358133135
 10
164.7975175633383
 20
-125.7257358133135
 10
164.7975175633383
 20
-125.7257358133135
 10
164.4705027537704
 20
-125.7257358133135
 10
164.4705027537704
 20
-125.7257358133135
 10
164.4705027537704
 20
-125.7257358133135
 10
164.4705027537704
 20
-125.7460755712745
 10
164.4705027537704
 20
-125.7460755712745
 10
164.4073371893733
 20
-125.7531941244772
 10
164.345358222927
 20
-125.7644938750644
 10
164.2890287869352
 20
-125.7791272038037
 10
164.2890287869352
 20
-125.7791272038037
 10
164.2890287869352
 20
-125.7596350650733
 10
164.2890287869352
 20
-125.7596350650733
 10
164.2890287869352
 20
-125.7596350650733
 10
164.1714548958747
 20
-125.7596350650733
 10
164.1714548958747
 20
-125.7596350650733
 10
164.1714548958747
 20
-125.7596350650733
 10
164.1714548958747
 20
-125.8184504599885
 10
164.1714548958747
 20
-125.8184504599885
 10
164.0934866857932
 20
-125.8520107330244
 10
164.0428074699361
 20
-125.8938196032911
 10
164.0428074699361
 20
-125.9398662248682
 10
164.0428074699361
 20
-125.9398662248682
 10
163.9581721035506
 20
-125.9398662248682
 10
163.9581721035506
 20
-125.9398662248682
 10
163.9581721035506
 20
-125.9398662248682
 10
163.9581721035506
 20
-126.006817109158
 10
163.9581721035506
 20
-126.006817109158
 10
163.9581721035506
 20
-126.006817109158
 10
164.0545027531738
 20
-126.006817109158
 10
164.0545027531738
 20
-126.006817109158
 10
164.0545027531738
 20
-126.006817109158
 10
164.0728082939496
 20
-126.2258628846303
 10
164.0728082939496
 20
-126.2258628846303
 10
164.0728082939496
 20
-126.2258628846303
 10
163.3913203636519
 20
-125.5101367238487
 10
163.3913203636519
 20
-125.5101367238487
 10
163.3913203636519
 20
-125.5101367238487
 10
163.3913203636519
 20
-125.5920033616739
 10
163.3913203636519
 20
-125.5920033616739
 10
163.3913203636519
 20
-125.5920033616739
 10
164.0802661707183
 20
-126.3156394858037
 10
164.0802661707183
 20
-126.3156394858037
 10
164.0802661707183
 20
-126.3156394858037
 10
164.1506633961755
 20
-127.1587702654849
 10
164.1506633961755
 20
-127.1587702654849
 10
164.1506633961755
 20
-127.1587702654849
 10
163.4395701745141
 20
-127.8803156185036
 10
163.4395701745141
 20
-127.8803156185036
 10
163.4395701745141
 20
-127.8803156185036
 10
163.4797972590152
 20
-127.9199778534104
 10
163.4797972590152
 20
-127.9199778534104
 10
163.4797972590152
 20
-127.9199778534104
 10
164.1568784659039
 20
-127.2330097096027
 10
164.1568784659039
 20
-127.2330097096027
 10
164.1568784659039
 20
-127.2330097096027
 10
164.1866530742064
 20
-127.5901381061971
 10
164.1866530742064
 20
-127.5901381061971
 10
164.1866530742064
 20
-127.5901381061971
 10
164.204902061055
 20
-127.5901381061971
 10
164.204902061055
 20
-127.5901381061971
 10
164.204902061055
 20
-127.5901381061971
 10
164.204902061055
 20
-127.6910447961745
 10
164.204902061055
 20
-127.6910447961745
 10
164.204902061055
 20
-127.6910447961745
 10
164.334962300658
 20
-127.6910447961745
 10
164.334962300658
 20
-127.6910447961745
 10
164.334962300658
 20
-127.6910447961745
 10
164.334962300658
 20
-127.5901381061971
 10
164.334962300658
 20
-127.5901381061971
 10
164.334962300658
 20
-127.5901381061971
 10
164.8093259544323
 20
-127.5901381061971
 10
164.8093259544323
 20
-127.5901381061971
 10
164.8424906948164
 20
-127.6501397542261
 10
164.9064473245182
 20
-127.6909320331603
 10
164.9797260415499
 20
-127.6909320331603
 10
165.0870171181957
 20
-127.6909320331603
 10
165.1742512065187
 20
-127.6036413909102
 10
165.1742512065187
 20
-127.4964068681915
 10
165.1742512065187
 20
-127.4843726062298
 10
165.1730083994783
 20
-127.4726207690637
 10
165.1709179732068
 20
-127.4612079106216
 10
165.1709179732068
 20
-127.4612079106216
 10
165.6077098183432
 20
-127.9199778534104
 10
165.6077098183432
 20
-127.9199778534104
 10
165.6077098183432
 20
-127.9199778534104
 10
165.6486148602935
 20
-127.8809935759503
 10
165.6486148602935
 20
-127.8809935759503
 10
165.6486148602935
 20
-127.8809935759503
 10
165.0297838538875
 20
-127.2309754924175
 10
165.0297838538875
 20
-127.2309754924175
 10
165.0297838538875
 20
-127.2309754924175
 10
165.1076393009535
 20
-126.3493125218557
 10
165.1076393009535
 20
-126.3493125218557
 10
165.1076393009535
 20
-126.3493125218557
 10
165.2751016874116
 20
-126.3493125218557
 10
165.2751016874116
 20
-126.3493125218557
 10
165.2751016874116
 20
-126.3493125218557
 10
165.2751016874116
 20
-126.1163117199309
 10
165.2751016874116
 20
-126.1163117199309
 10
165.2751016874116
 20
-126.1163117199309
 10
165.2573609962282
 20
-126.1163117199309
 10
165.2573609962282
 20
-126.1163117199309
 10
165.2573609962282
 20
-126.1163117199309
 10
165.7756805004666
 20
-125.5905908928516
 10
165.7756805004666
 20
-125.5905908928516
 10
165.7756805004666
 20
-125.5905908928516
 10
165.7756805004666
 20
-125.5101367238487
 10
165.7756805004666
 20
-125.5101367238487
 97
        0
 92
        1
 93
        4
 72
     1
 10
164.5383012572914
 20
-125.7935343168332
 11
164.7297190598186
 21
-125.7935343168332
 72
     1
 10
164.7297190598186
 20
-125.7935343168332
 11
164.7297190598186
 21
-125.8107101584229
 72
     1
 10
164.7297190598186
 20
-125.8107101584229
 11
164.5383012572914
 21
-125.8107101584229
 72
     1
 10
164.5383012572914
 20
-125.8107101584229
 11
164.5383012572914
 21
-125.7935343168332
 97
        0
 92
        1
 93
        1
 72
     4
 94
        3
 73
     0
 74
     1
 95
       29
 96
       25
 40
0.0
 40
0.0
 40
0.0
 40
0.0
 40
1.0
 40
1.0
 40
1.0
 40
2.0
 40
2.0
 40
2.0
 40
3.0
 40
3.0
 40
3.0
 40
4.0
 40
4.0
 40
4.0
 40
5.0
 40
5.0
 40
5.0
 40
6.0
 40
6.0
 40
6.0
 40
7.0
 40
7.0
 40
7.0
 40
8.0
 40
8.0
 40
8.0
 40
8.0
 10
164.2890287869352
 20
-125.8378294908646
 10
164.3451320072172
 20
-125.822122672025
 10
164.406941656721
 20
-125.8101449639892
 10
164.4705027537704
 20
-125.8027436411489
 10
164.4705027537704
 20
-125.8027436411489
 10
164.4705027537704
 20
-125.8785086619452
 10
164.4705027537704
 20
-125.8785086619452
 10
164.4705027537704
 20
-125.8785086619452
 10
164.7975175633383
 20
-125.8785086619452
 10
164.7975175633383
 20
-125.8785086619452
 10
164.7975175633383
 20
-125.8785086619452
 10
164.7975175633383
 20
-125.8068117306779
 10
164.7975175633383
 20
-125.8068117306779
 10
164.860344149014
 20
-125.8163600337175
 10
164.9185943494941
 20
-125.8310495715438
 10
164.9687087157601
 20
-125.8503720484916
 10
165.0585418708607
 20
-125.8848927037723
 10
165.0709716654735
 20
-125.9228034911327
 10
165.0709716654735
 20
-125.9398662248682
 10
165.0709716654735
 20
-125.9398662248682
 10
164.2890287869352
 20
-125.9398662248682
 10
164.2890287869352
 20
-125.9398662248682
 10
164.2890287869352
 20
-125.9398662248682
 10
164.2890287869352
 20
-125.8378294908646
 10
164.2890287869352
 20
-125.8378294908646
 97
        0
 92
        1
 93
        1
 72
     4
 94
        3
 73
     0
 74
     1
 95
       14
 96
       10
 40
0.0
 40
0.0
 40
0.0
 40
0.0
 40
1.0
 40
1.0
 40
1.0
 40
2.0
 40
2.0
 40
2.0
 40
3.0
 40
3.0
 40
3.0
 40
3.0
 10
164.1714548958747
 20
-125.8811073838802
 10
164.1714548958747
 20
-125.8811073838802
 10
164.1714548958747
 20
-125.9398662248682
 10
164.1714548958747
 20
-125.9398662248682
 10
164.1714548958747
 20
-125.9398662248682
 10
164.0993062228692
 20
-125.9398662248682
 10
164.0993062228692
 20
-125.9398662248682
 10
164.0993062228692
 20
-125.9304310296841
 10
164.1183462750213
 20
-125.9073794419313
 10
164.1714548958747
 20
-125.8811073838802
 97
        0
 92
        1
 93
        3
 72
     1
 10
164.2029247426383
 20
-127.1057744076457
 11
164.1424147989447
 21
-126.3809520304027
 72
     1
 10
164.1424147989447
 20
-126.3809520304027
 11
164.5231596328856
 21
-126.78085002435
 72
     1
 10
164.5231596328856
 20
-126.78085002435
 11
164.2029247426383
 21
-127.1057744076457
 97
        0
 92
        1
 93
        1
 72
     4
 94
        3
 73
     0
 74
     1
 95
       26
 96
       22
 40
0.0
 40
0.0
 40
0.0
 40
0.0
 40
1.0
 40
1.0
 40
1.0
 40
2.0
 40
2.0
 40
2.0
 40
3.0
 40
3.0
 40
3.0
 40
4.0
 40
4.0
 40
4.0
 40
5.0
 40
5.0
 40
5.0
 40
6.0
 40
6.0
 40
6.0
 40
7.0
 40
7.0
 40
7.0
 40
7.0
 10
164.7852008765798
 20
-127.4964068681915
 10
164.7852008765798
 20
-127.5091190876012
 10
164.7864440284628
 20
-127.5216050913023
 10
164.7888168795306
 20
-127.533639353264
 10
164.7888168795306
 20
-127.533639353264
 10
164.2386319958736
 20
-127.533639353264
 10
164.2386319958736
 20
-127.533639353264
 10
164.2386319958736
 20
-127.533639353264
 10
164.2091394675253
 20
-127.1799572978351
 10
164.2091394675253
 20
-127.1799572978351
 10
164.2091394675253
 20
-127.1799572978351
 10
164.5621439103464
 20
-126.821755066299
 10
164.5621439103464
 20
-126.821755066299
 10
164.5621439103464
 20
-126.821755066299
 10
164.9711946746828
 20
-127.2514283582328
 10
164.9711946746828
 20
-127.2514283582328
 10
164.9711946746828
 20
-127.2514283582328
 10
164.9667313973434
 20
-127.3023334449596
 10
164.9667313973434
 20
-127.3023334449596
 10
164.8655422825679
 20
-127.3090006012649
 10
164.7852008765798
 20
-127.3934659610289
 10
164.7852008765798
 20
-127.4964068681915
 97
        0
 92
        1
 93
        1
 72
     4
 94
        3
 73
     0
 74
     1
 95
       29
 96
       25
 40
0.0
 40
0.0
 40
0.0
 40
0.0
 40
1.0
 40
1.0
 40
1.0
 40
2.0
 40
2.0
 40
2.0
 40
3.0
 40
3.0
 40
3.0
 40
4.0
 40
4.0
 40
4.0
 40
5.0
 40
5.0
 40
5.0
 40
6.0
 40
6.0
 40
6.0
 40
7.0
 40
7.0
 40
7.0
 40
8.0
 40
8.0
 40
8.0
 40
8.0
 10
165.0838532018257
 20
-127.4964068681915
 10
165.0838532018257
 20
-127.5538094494423
 10
165.037128967642
 20
-127.6005340284673
 10
164.9797260415499
 20
-127.6005340284673
 10
164.963510927045
 20
-127.6005340284673
 10
164.9480868778437
 20
-127.5968049176623
 10
164.9344142761892
 20
-127.5901381061971
 10
164.9106847309885
 20
-127.5786124847414
 10
164.8919836575616
 20
-127.5583858346359
 10
164.8824919084491
 20
-127.533639353264
 10
164.878028286269
 20
-127.5220571778805
 10
164.8755988812741
 20
-127.5095146202523
 10
164.8755988812741
 20
-127.4964068681915
 10
164.8755988812741
 20
-127.4461793940713
 10
164.9113061345093
 20
-127.4042008620219
 10
164.9585955631268
 20
-127.3944266881151
 10
164.9654320363747
 20
-127.3930142192908
 10
164.972494380491
 20
-127.3922797079157
 10
164.9797260415499
 20
-127.3922797079157
 10
164.9920992822356
 20
-127.3922797079157
 10
165.0039642272572
 20
-127.3944266881151
 10
165.0149812082057
 20
-127.398437878873
 10
165.0550955296939
 20
-127.4129015458322
 10
165.0838532018257
 20
-127.4513206288586
 10
165.0838532018257
 20
-127.4964068681915
 97
        0
 92
        1
 93
        5
 72
     1
 10
164.9778618309888
 20
-127.1764544027412
 11
164.601805800415
 21
-126.7815279817979
 72
     1
 10
164.601805800415
 20
-126.7815279817979
 11
165.0421008854874
 21
-126.334736091883
 72
     1
 10
165.0421008854874
 20
-126.334736091883
 11
165.0421008854874
 21
-126.3493125218557
 72
     1
 10
165.0421008854874
 20
-126.3493125218557
 11
165.0509146771507
 21
-126.3493125218557
 72
     1
 10
165.0509146771507
 20
-126.3493125218557
 11
164.9778618309888
 21
-127.1764544027412
 97
        0
 92
        1
 93
       12
 72
     1
 10
165.0715365150672
 20
-126.1163117199309
 11
165.0421008854874
 21
-126.1163117199309
 72
     1
 10
165.0421008854874
 20
-126.1163117199309
 11
165.0421008854874
 21
-126.2542253689537
 72
     1
 10
165.0421008854874
 20
-126.2542253689537
 11
164.8828870962588
 21
-126.4158116644074
 72
     1
 10
164.8828870962588
 20
-126.4158116644074
 11
164.8828870962588
 21
-126.3522505673566
 72
     1
 10
164.8828870962588
 20
-126.3522505673566
 11
164.4589771323153
 21
-126.3522505673566
 72
     1
 10
164.4589771323153
 20
-126.3522505673566
 11
164.4589771323153
 21
-126.4882431070485
 72
     1
 10
164.4589771323153
 20
-126.4882431070485
 11
164.8114729346297
 21
-126.4882431070485
 72
     1
 10
164.8114729346297
 20
-126.4882431070485
 11
164.5628218677943
 21
-126.7405663859204
 72
     1
 10
164.5628218677943
 20
-126.7405663859204
 11
164.1349569221773
 21
-126.2911188753021
 72
     1
 10
164.1349569221773
 20
-126.2911188753021
 11
164.1112273769766
 21
-126.006817109158
 72
     1
 10
164.1112273769766
 20
-126.006817109158
 11
165.0811979259611
 21
-126.006817109158
 72
     1
 10
165.0811979259611
 20
-126.006817109158
 11
165.0715365150672
 21
-126.1163117199309
 97
        0
 92
        1
 93
        5
 72
     1
 10
165.2073031838893
 20
-126.2815140183341
 11
165.1136281549708
 21
-126.2815140183341
 72
     1
 10
165.1136281549708
 20
-126.2815140183341
 11
165.1154927103746
 21
-126.2602704320567
 72
     1
 10
165.1154927103746
 20
-126.2602704320567
 11
165.1905228749507
 21
-126.1841102234519
 72
     1
 10
165.1905228749507
 20
-126.1841102234519
 11
165.2073031838893
 21
-126.1841102234519
 72
     1
 10
165.2073031838893
 20
-126.1841102234519
 11
165.2073031838893
 21
-126.2815140183341
 97
        0
 75
     2
 76
     1
 98
        0
  0
SPLINE
  5
178
330
1F
100
AcDbEntity
  8
Capa 1
370
     0
100
AcDbSpline
210
0.0
220
0.0
230
1.0
 70
    11
 71
     3
 72
    29
 73
    25
 74
     0
 42
0.0000000001
 43
0.0000000001
 12
1.0
 22
0.0
 32
0.0
 13
1.0
 23
0.0
 33
0.0
 40
0.0
 40
0.0
 40
0.0
 40
0.0
 40
1.0
 40
1.0
 40
1.0
 40
2.0
 40
2.0
 40
2.0
 40
3.0
 40
3.0
 40
3.0
 40
4.0
 40
4.0
 40
4.0
 40
5.0
 40
5.0
 40
5.0
 40
6.0
 40
6.0
 40
6.0
 40
7.0
 40
7.0
 40
7.0
 40
8.0
 40
8.0
 40
8.0
 40
8.0
 10
164.9797260415499
 20
-127.4237495546807
 30
0.0
 10
164.9712512286099
 20
-127.4237495546807
 30
0.0
 10
164.9631153943939
 20
-127.4252182325907
 30
0.0
 10
164.9556013085382
 20
-127.4278738532955
 30
0.0
 10
164.9273519320716
 20
-127.4378176889862
 30
0.0
 10
164.907068728039
 20
-127.4647673596439
 30
0.0
 10
164.907068728039
 20
-127.4964068681915
 30
0.0
 10
164.907068728039
 20
-127.5100229159175
 30
0.0
 10
164.9107974940027
 20
-127.5227916892569
 30
0.0
 10
164.9173515424531
 20
-127.533639353264
 30
0.0
 10
164.9300637618647
 20
-127.5548263856142
 30
0.0
 10
164.9532281126297
 20
-127.5690076277753
 30
0.0
 10
164.9797260415499
 20
-127.5690076277753
 30
0.0
 10
164.9868449395946
 20
-127.5690076277753
 30
0.0
 10
164.9936814128412
 20
-127.5679906916034
 30
0.0
 10
165.0001785625251
 20
-127.5660699271138
 30
0.0
 10
165.0303490483213
 20
-127.5572557906091
 30
0.0
 10
165.0523833550608
 20
-127.5294019467937
 30
0.0
 10
165.0523833550608
 20
-127.4964068681915
 30
0.0
 10
165.0523833550608
 20
-127.4678750669281
 30
0.0
 10
165.0359423696875
 20
-127.4431851394827
 30
0.0
 10
165.0120435075442
 20
-127.4313201944636
 30
0.0
 10
165.0023255427232
 20
-127.4264613844724
 30
0.0
 10
164.9913082169321
 20
-127.4237495546807
 30
0.0
 10
164.9797260415499
 20
-127.4237495546807
 30
0.0
  0
HATCH
  5
179
330
1F
100
AcDbEntity
  8
Capa 1
 62
   255
100
AcDbHatch
 10
0.0
 20
0.0
 30
0.0
210
0.0
220
0.0
230
1.0
  2
SOLID
 70
     1
 71
     0
 91
        1
 92
        1
 93
        1
 72
     4
 94
        3
 73
     0
 74
     1
 95
       29
 96
       25
 40
0.0
 40
0.0
 40
0.0
 40
0.0
 40
1.0
 40
1.0
 40
1.0
 40
2.0
 40
2.0
 40
2.0
 40
3.0
 40
3.0
 40
3.0
 40
4.0
 40
4.0
 40
4.0
 40
5.0
 40
5.0
 40
5.0
 40
6.0
 40
6.0
 40
6.0
 40
7.0
 40
7.0
 40
7.0
 40
8.0
 40
8.0
 40
8.0
 40
8.0
 10
164.9797260415499
 20
-127.4237495546807
 10
164.9712512286099
 20
-127.4237495546807
 10
164.9631153943939
 20
-127.4252182325907
 10
164.9556013085382
 20
-127.4278738532955
 10
164.9273519320716
 20
-127.4378176889862
 10
164.907068728039
 20
-127.4647673596439
 10
164.907068728039
 20
-127.4964068681915
 10
164.907068728039
 20
-127.5100229159175
 10
164.9107974940027
 20
-127.5227916892569
 10
164.9173515424531
 20
-127.533639353264
 10
164.9300637618647
 20
-127.5548263856142
 10
164.9532281126297
 20
-127.5690076277753
 10
164.9797260415499
 20
-127.5690076277753
 10
164.9868449395946
 20
-127.5690076277753
 10
164.9936814128412
 20
-127.5679906916034
 10
165.0001785625251
 20
-127.5660699271138
 10
165.0303490483213
 20
-127.5572557906091
 10
165.0523833550608
 20
-127.5294019467937
 10
165.0523833550608
 20
-127.4964068681915
 10
165.0523833550608
 20
-127.4678750669281
 10
165.0359423696875
 20
-127.4431851394827
 10
165.0120435075442
 20
-127.4313201944636
 10
165.0023255427232
 20
-127.4264613844724
 10
164.9913082169321
 20
-127.4237495546807
 10
164.9797260415499
 20
-127.4237495546807
 97
        0
 75
     2
 76
     1
 98
        0
  0
POLYLINE
  5
17A
330
1F
100
AcDbEntity
  8
Capa 1
370
     0
100
AcDb2dPolyline
 66
     1
 10
0.0
 20
0.0
 30
0.0
  0
VERTEX
  5
17B
330
17A
100
AcDbEntity
  8
Capa 1
370
     0
100
AcDbVertex
100
AcDb2dVertex
 10
165.5610451587719
 20
-128.8837412499409
 30
0.0
  0
VERTEX
  5
17C
330
17A
100
AcDbEntity
  8
Capa 1
370
     0
100
AcDbVertex
100
AcDb2dVertex
 10
163.589271074565
 20
-128.8837412499409
 30
0.0
  0
VERTEX
  5
17D
330
17A
100
AcDbEntity
  8
Capa 1
370
     0
100
AcDbVertex
100
AcDb2dVertex
 10
163.589271074565
 20
-128.4037803472078
 30
0.0
  0
VERTEX
  5
17E
330
17A
100
AcDbEntity
  8
Capa 1
370
     0
100
AcDbVertex
100
AcDb2dVertex
 10
165.5610451587719
 20
-128.4037803472078
 30
0.0
  0
VERTEX
  5
17F
330
17A
100
AcDbEntity
  8
Capa 1
370
     0
100
AcDbVertex
100
AcDb2dVertex
 10
165.5610451587719
 20
-128.8837412499409
 30
0.0
  0
SEQEND
  5
181
330
17A
100
AcDbEntity
  8
Capa 1
370
     0
  0
HATCH
  5
180
330
1F
100
AcDbEntity
  8
Capa 1
 62
   255
100
AcDbHatch
 10
0.0
 20
0.0
 30
0.0
210
0.0
220
0.0
230
1.0
  2
SOLID
 70
     1
 71
     0
 91
        1
 92
        1
 93
        4
 72
     1
 10
165.5610451587719
 20
-128.8837412499409
 11
163.589271074565
 21
-128.8837412499409
 72
     1
 10
163.589271074565
 20
-128.8837412499409
 11
163.589271074565
 21
-128.4037803472078
 72
     1
 10
163.589271074565
 20
-128.4037803472078
 11
165.5610451587719
 21
-128.4037803472078
 72
     1
 10
165.5610451587719
 20
-128.4037803472078
 11
165.5610451587719
 21
-128.8837412499409
 97
        0
 75
     2
 76
     1
 98
        0
  0
SPLINE
  5
182
330
1F
100
AcDbEntity
  8
Capa 1
370
     0
100
AcDbSpline
210
0.0
220
0.0
230
1.0
 70
    11
 71
     3
 72
    53
 73
    49
 74
     0
 42
0.0000000001
 43
0.0000000001
 12
1.0
 22
0.0
 32
0.0
 13
1.0
 23
0.0
 33
0.0
 40
0.0
 40
0.0
 40
0.0
 40
0.0
 40
1.0
 40
1.0
 40
1.0
 40
2.0
 40
2.0
 40
2.0
 40
3.0
 40
3.0
 40
3.0
 40
4.0
 40
4.0
 40
4.0
 40
5.0
 40
5.0
 40
5.0
 40
6.0
 40
6.0
 40
6.0
 40
7.0
 40
7.0
 40
7.0
 40
8.0
 40
8.0
 40
8.0
 40
9.0
 40
9.0
 40
9.0
 40
10.0
 40
10.0
 40
10.0
 40
11.0
 40
11.0
 40
11.0
 40
12.0
 40
12.0
 40
12.0
 40
13.0
 40
13.0
 40
13.0
 40
14.0
 40
14.0
 40
14.0
 40
15.0
 40
15.0
 40
15.0
 40
16.0
 40
16.0
 40
16.0
 40
16.0
 10
163.9519377604519
 20
-98.9165135976334
 30
0.0
 10
163.9519377604519
 20
-98.9165135976334
 30
0.0
 10
165.7756805004666
 20
-98.9165135976334
 30
0.0
 10
165.7756805004666
 20
-98.9165135976334
 30
0.0
 10
165.7756805004666
 20
-98.9165135976334
 30
0.0
 10
165.7756805004666
 20
-98.49567109587267
 30
0.0
 10
165.7756805004666
 20
-98.49567109587267
 30
0.0
 10
165.7756805004666
 20
-98.49567109587267
 30
0.0
 10
163.9519377604519
 20
-98.49567109587267
 30
0.0
 10
163.9519377604519
 20
-98.49567109587267
 30
0.0
 10
163.8583661494748
 20
-98.49567109587267
 30
0.0
 10
163.811577280688
 20
-98.44894349311298
 30
0.0
 10
163.811577280688
 20
-98.35536575553583
 30
0.0
 10
163.811577280688
 20
-98.35536575553583
 30
0.0
 10
163.811577280688
 20
-98.28518551565742
 30
0.0
 10
163.811577280688
 20
-98.28518551565742
 30
0.0
 10
163.811577280688
 20
-98.28518551565742
 30
0.0
 10
165.2847128982519
 20
-98.28518551565742
 30
0.0
 10
165.2847128982519
 20
-98.28518551565742
 30
0.0
 10
165.2847128982519
 20
-98.28518551565742
 30
0.0
 10
165.2847128982519
 20
-97.86434301389251
 30
0.0
 10
165.2847128982519
 20
-97.86434301389251
 30
0.0
 10
165.2847128982519
 20
-97.86434301389251
 30
0.0
 10
163.811577280688
 20
-97.86434301389251
 30
0.0
 10
163.811577280688
 20
-97.86434301389251
 30
0.0
 10
163.811577280688
 20
-97.86434301389251
 30
0.0
 10
163.811577280688
 20
-97.79416277401475
 30
0.0
 10
163.811577280688
 20
-97.79416277401475
 30
0.0
 10
163.811577280688
 20
-97.7006463024689
 30
0.0
 10
163.8583661494748
 20
-97.65391869971114
 30
0.0
 10
163.9519377604519
 20
-97.65391869971114
 30
0.0
 10
163.9519377604519
 20
-97.65391869971114
 30
0.0
 10
165.7756805004666
 20
-97.65391869971114
 30
0.0
 10
165.7756805004666
 20
-97.65391869971114
 30
0.0
 10
165.7756805004666
 20
-97.65391869971114
 30
0.0
 10
165.7756805004666
 20
-97.2330761979488
 30
0.0
 10
165.7756805004666
 20
-97.2330761979488
 30
0.0
 10
165.7756805004666
 20
-97.2330761979488
 30
0.0
 10
163.9519377604519
 20
-97.2330761979488
 30
0.0
 10
163.9519377604519
 20
-97.2330761979488
 30
0.0
 10
163.4841838578376
 20
-97.2330761979488
 30
0.0
 10
163.2503681725569
 20
-97.42010301443625
 30
0.0
 10
163.2503681725569
 20
-97.79416277401475
 30
0.0
 10
163.2503681725569
 20
-97.79416277401475
 30
0.0
 10
163.2503681725569
 20
-98.35536575553583
 30
0.0
 10
163.2503681725569
 20
-98.35536575553583
 30
0.0
 10
163.2503681725569
 20
-98.72954804717918
 30
0.0
 10
163.4841838578376
 20
-98.9165135976334
 30
0.0
 10
163.9519377604519
 20
-98.9165135976334
 30
0.0
  0
HATCH
  5
183
330
1F
100
AcDbEntity
  8
Capa 1
 62
   255
100
AcDbHatch
 10
0.0
 20
0.0
 30
0.0
210
0.0
220
0.0
230
1.0
  2
SOLID
 70
     1
 71
     0
 91
        1
 92
        1
 93
        2
 72
     4
 94
        3
 73
     0
 74
     0
 95
       53
 96
       49
 40
0.0
 40
0.0
 40
0.0
 40
0.0
 40
0.3527777776895833
 40
0.3527777776895833
 40
0.3527777776895833
 40
0.7055555553791667
 40
0.7055555553791667
 40
0.7055555553791667
 40
1.05833333306875
 40
1.05833333306875
 40
1.05833333306875
 40
1.411111110758333
 40
1.411111110758333
 40
1.411111110758333
 40
1.763888888447917
 40
1.763888888447917
 40
1.763888888447917
 40
2.1166666661375
 40
2.1166666661375
 40
2.1166666661375
 40
2.469444443827083
 40
2.469444443827083
 40
2.469444443827083
 40
2.822222221516667
 40
2.822222221516667
 40
2.822222221516667
 40
3.17499999920625
 40
3.17499999920625
 40
3.17499999920625
 40
3.527777776895833
 40
3.527777776895833
 40
3.527777776895833
 40
3.880555554585417
 40
3.880555554585417
 40
3.880555554585417
 40
4.233333332275
 40
4.233333332275
 40
4.233333332275
 40
4.586111109964584
 40
4.586111109964584
 40
4.586111109964584
 40
4.938888887654167
 40
4.938888887654167
 40
4.938888887654167
 40
5.29166666534375
 40
5.29166666534375
 40
5.29166666534375
 40
5.644444443033334
 40
5.644444443033334
 40
5.644444443033334
 40
5.644444443033334
 10
163.9519377604519
 20
-98.9165135976334
 10
163.9519377604519
 20
-98.9165135976334
 10
165.7756805004666
 20
-98.9165135976334
 10
165.7756805004666
 20
-98.9165135976334
 10
165.7756805004666
 20
-98.9165135976334
 10
165.7756805004666
 20
-98.49567109587267
 10
165.7756805004666
 20
-98.49567109587267
 10
165.7756805004666
 20
-98.49567109587267
 10
163.9519377604519
 20
-98.49567109587267
 10
163.9519377604519
 20
-98.49567109587267
 10
163.8583661494748
 20
-98.49567109587267
 10
163.811577280688
 20
-98.44894349311298
 10
163.811577280688
 20
-98.35536575553583
 10
163.811577280688
 20
-98.35536575553583
 10
163.811577280688
 20
-98.28518551565742
 10
163.811577280688
 20
-98.28518551565742
 10
163.811577280688
 20
-98.28518551565742
 10
165.2847128982519
 20
-98.28518551565742
 10
165.2847128982519
 20
-98.28518551565742
 10
165.2847128982519
 20
-98.28518551565742
 10
165.2847128982519
 20
-97.86434301389251
 10
165.2847128982519
 20
-97.86434301389251
 10
165.2847128982519
 20
-97.86434301389251
 10
163.811577280688
 20
-97.86434301389251
 10
163.811577280688
 20
-97.86434301389251
 10
163.811577280688
 20
-97.86434301389251
 10
163.811577280688
 20
-97.79416277401475
 10
163.811577280688
 20
-97.79416277401475
 10
163.811577280688
 20
-97.7006463024689
 10
163.8583661494748
 20
-97.65391869971114
 10
163.9519377604519
 20
-97.65391869971114
 10
163.9519377604519
 20
-97.65391869971114
 10
165.7756805004666
 20
-97.65391869971114
 10
165.7756805004666
 20
-97.65391869971114
 10
165.7756805004666
 20
-97.65391869971114
 10
165.7756805004666
 20
-97.2330761979488
 10
165.7756805004666
 20
-97.2330761979488
 10
165.7756805004666
 20
-97.2330761979488
 10
163.9519377604519
 20
-97.2330761979488
 10
163.9519377604519
 20
-97.2330761979488
 10
163.4841838578376
 20
-97.2330761979488
 10
163.2503681725569
 20
-97.42010301443625
 10
163.2503681725569
 20
-97.79416277401475
 10
163.2503681725569
 20
-97.79416277401475
 10
163.2503681725569
 20
-98.35536575553583
 10
163.2503681725569
 20
-98.35536575553583
 10
163.2503681725569
 20
-98.72954804717918
 10
163.4841838578376
 20
-98.9165135976334
 10
163.9519377604519
 20
-98.9165135976334
 72
     1
 10
163.9519377604519
 20
-98.9165135976334
 11
163.9519377604519
 21
-98.9165135976334
 97
        0
 75
     2
 76
     1
 98
        0
  0
POLYLINE
  5
184
330
1F
100
AcDbEntity
  8
Capa 1
370
     0
100
AcDb2dPolyline
 66
     1
 10
0.0
 20
0.0
 30
0.0
  0
VERTEX
  5
185
330
184
100
AcDbEntity
  8
Capa 1
370
     0
100
AcDbVertex
100
AcDb2dVertex
 10
161.4518792910116
 20
-97.65391869971114
 30
0.0
  0
VERTEX
  5
186
330
184
100
AcDbEntity
  8
Capa 1
370
     0
100
AcDbVertex
100
AcDb2dVertex
 10
161.4518792910116
 20
-98.9165135976334
 30
0.0
  0
VERTEX
  5
187
330
184
100
AcDbEntity
  8
Capa 1
370
     0
100
AcDbVertex
100
AcDb2dVertex
 10
162.0130822725424
 20
-98.9165135976334
 30
0.0
  0
VERTEX
  5
188
330
184
100
AcDbEntity
  8
Capa 1
370
     0
100
AcDbVertex
100
AcDb2dVertex
 10
162.0130822725424
 20
-97.65391869971114
 30
0.0
  0
VERTEX
  5
189
330
184
100
AcDbEntity
  8
Capa 1
370
     0
100
AcDbVertex
100
AcDb2dVertex
 10
162.8548959347281
 20
-97.65391869971114
 30
0.0
  0
VERTEX
  5
18A
330
184
100
AcDbEntity
  8
Capa 1
370
     0
100
AcDbVertex
100
AcDb2dVertex
 10
162.8548959347281
 20
-97.2330761979488
 30
0.0
  0
VERTEX
  5
18B
330
184
100
AcDbEntity
  8
Capa 1
370
     0
100
AcDbVertex
100
AcDb2dVertex
 10
160.6101871193628
 20
-97.2330761979488
 30
0.0
  0
VERTEX
  5
18C
330
184
100
AcDbEntity
  8
Capa 1
370
     0
100
AcDbVertex
100
AcDb2dVertex
 10
160.6101871193628
 20
-97.65391869971114
 30
0.0
  0
VERTEX
  5
18D
330
184
100
AcDbEntity
  8
Capa 1
370
     0
100
AcDbVertex
100
AcDb2dVertex
 10
161.4518792910116
 20
-97.65391869971114
 30
0.0
  0
SEQEND
  5
18F
330
184
100
AcDbEntity
  8
Capa 1
370
     0
  0
HATCH
  5
18E
330
1F
100
AcDbEntity
  8
Capa 1
 62
   255
100
AcDbHatch
 10
0.0
 20
0.0
 30
0.0
210
0.0
220
0.0
230
1.0
  2
SOLID
 70
     1
 71
     0
 91
        1
 92
        1
 93
        8
 72
     1
 10
161.4518792910116
 20
-97.65391869971114
 11
161.4518792910116
 21
-98.9165135976334
 72
     1
 10
161.4518792910116
 20
-98.9165135976334
 11
162.0130822725424
 21
-98.9165135976334
 72
     1
 10
162.0130822725424
 20
-98.9165135976334
 11
162.0130822725424
 21
-97.65391869971114
 72
     1
 10
162.0130822725424
 20
-97.65391869971114
 11
162.8548959347281
 21
-97.65391869971114
 72
     1
 10
162.8548959347281
 20
-97.65391869971114
 11
162.8548959347281
 21
-97.2330761979488
 72
     1
 10
162.8548959347281
 20
-97.2330761979488
 11
160.6101871193628
 21
-97.2330761979488
 72
     1
 10
160.6101871193628
 20
-97.2330761979488
 11
160.6101871193628
 21
-97.65391869971114
 72
     1
 10
160.6101871193628
 20
-97.65391869971114
 11
161.4518792910116
 21
-97.65391869971114
 97
        0
 75
     2
 76
     1
 98
        0
  0
SPLINE
  5
190
330
1F
100
AcDbEntity
  8
Capa 1
370
     0
100
AcDbSpline
210
0.0
220
0.0
230
1.0
 70
    11
 71
     3
 72
    35
 73
    31
 74
     0
 42
0.0000000001
 43
0.0000000001
 12
1.0
 22
0.0
 32
0.0
 13
1.0
 23
0.0
 33
0.0
 40
0.0
 40
0.0
 40
0.0
 40
0.0
 40
1.0
 40
1.0
 40
1.0
 40
2.0
 40
2.0
 40
2.0
 40
3.0
 40
3.0
 40
3.0
 40
4.0
 40
4.0
 40
4.0
 40
5.0
 40
5.0
 40
5.0
 40
6.0
 40
6.0
 40
6.0
 40
7.0
 40
7.0
 40
7.0
 40
8.0
 40
8.0
 40
8.0
 40
9.0
 40
9.0
 40
9.0
 40
10.0
 40
10.0
 40
10.0
 40
10.0
 10
160.2147097964555
 20
-97.79416277401475
 30
0.0
 10
160.2147097964555
 20
-97.42010301443625
 30
0.0
 10
159.9807746424191
 20
-97.2330761979488
 30
0.0
 10
159.5131402085637
 20
-97.2330761979488
 30
0.0
 10
159.5131402085637
 20
-97.2330761979488
 30
0.0
 10
157.6894035951526
 20
-97.2330761979488
 30
0.0
 10
157.6894035951526
 20
-97.2330761979488
 30
0.0
 10
157.6894035951526
 20
-97.2330761979488
 30
0.0
 10
157.6894035951526
 20
-98.9165135976334
 30
0.0
 10
157.6894035951526
 20
-98.9165135976334
 30
0.0
 10
157.6894035951526
 20
-98.9165135976334
 30
0.0
 10
158.250606576675
 20
-98.9165135976334
 30
0.0
 10
158.250606576675
 20
-98.9165135976334
 30
0.0
 10
158.250606576675
 20
-98.9165135976334
 30
0.0
 10
158.250606576675
 20
-97.65391869971114
 30
0.0
 10
158.250606576675
 20
-97.65391869971114
 30
0.0
 10
158.250606576675
 20
-97.65391869971114
 30
0.0
 10
159.5131402085637
 20
-97.65391869971114
 30
0.0
 10
159.5131402085637
 20
-97.65391869971114
 30
0.0
 10
159.6067179461411
 20
-97.65391869971114
 30
0.0
 10
159.6535006883308
 20
-97.7006463024689
 30
0.0
 10
159.6535006883308
 20
-97.79416277401475
 30
0.0
 10
159.6535006883308
 20
-97.79416277401475
 30
0.0
 10
159.6535006883308
 20
-98.9165135976334
 30
0.0
 10
159.6535006883308
 20
-98.9165135976334
 30
0.0
 10
159.6535006883308
 20
-98.9165135976334
 30
0.0
 10
160.2147097964555
 20
-98.9165135976334
 30
0.0
 10
160.2147097964555
 20
-98.9165135976334
 30
0.0
 10
160.2147097964555
 20
-98.9165135976334
 30
0.0
 10
160.2147097964555
 20
-97.79416277401475
 30
0.0
 10
160.2147097964555
 20
-97.79416277401475
 30
0.0
  0
HATCH
  5
191
330
1F
100
AcDbEntity
  8
Capa 1
 62
   255
100
AcDbHatch
 10
0.0
 20
0.0
 30
0.0
210
0.0
220
0.0
230
1.0
  2
SOLID
 70
     1
 71
     0
 91
        1
 92
        1
 93
        1
 72
     4
 94
        3
 73
     0
 74
     1
 95
       35
 96
       31
 40
0.0
 40
0.0
 40
0.0
 40
0.0
 40
1.0
 40
1.0
 40
1.0
 40
2.0
 40
2.0
 40
2.0
 40
3.0
 40
3.0
 40
3.0
 40
4.0
 40
4.0
 40
4.0
 40
5.0
 40
5.0
 40
5.0
 40
6.0
 40
6.0
 40
6.0
 40
7.0
 40
7.0
 40
7.0
 40
8.0
 40
8.0
 40
8.0
 40
9.0
 40
9.0
 40
9.0
 40
10.0
 40
10.0
 40
10.0
 40
10.0
 10
160.2147097964555
 20
-97.79416277401475
 10
160.2147097964555
 20
-97.42010301443625
 10
159.9807746424191
 20
-97.2330761979488
 10
159.5131402085637
 20
-97.2330761979488
 10
159.5131402085637
 20
-97.2330761979488
 10
157.6894035951526
 20
-97.2330761979488
 10
157.6894035951526
 20
-97.2330761979488
 10
157.6894035951526
 20
-97.2330761979488
 10
157.6894035951526
 20
-98.9165135976334
 10
157.6894035951526
 20
-98.9165135976334
 10
157.6894035951526
 20
-98.9165135976334
 10
158.250606576675
 20
-98.9165135976334
 10
158.250606576675
 20
-98.9165135976334
 10
158.250606576675
 20
-98.9165135976334
 10
158.250606576675
 20
-97.65391869971114
 10
158.250606576675
 20
-97.65391869971114
 10
158.250606576675
 20
-97.65391869971114
 10
159.5131402085637
 20
-97.65391869971114
 10
159.5131402085637
 20
-97.65391869971114
 10
159.6067179461411
 20
-97.65391869971114
 10
159.6535006883308
 20
-97.7006463024689
 10
159.6535006883308
 20
-97.79416277401475
 10
159.6535006883308
 20
-97.79416277401475
 10
159.6535006883308
 20
-98.9165135976334
 10
159.6535006883308
 20
-98.9165135976334
 10
159.6535006883308
 20
-98.9165135976334
 10
160.2147097964555
 20
-98.9165135976334
 10
160.2147097964555
 20
-98.9165135976334
 10
160.2147097964555
 20
-98.9165135976334
 10
160.2147097964555
 20
-97.79416277401475
 10
160.2147097964555
 20
-97.79416277401475
 97
        0
 75
     2
 76
     1
 98
        0
  0
SPLINE
  5
192
330
1F
100
AcDbEntity
  8
Capa 1
370
     0
100
AcDbSpline
210
0.0
220
0.0
230
1.0
 70
    11
 71
     3
 72
    29
 73
    25
 74
     0
 42
0.0000000001
 43
0.0000000001
 12
1.0
 22
0.0
 32
0.0
 13
1.0
 23
0.0
 33
0.0
 40
0.0
 40
0.0
 40
0.0
 40
0.0
 40
1.0
 40
1.0
 40
1.0
 40
2.0
 40
2.0
 40
2.0
 40
3.0
 40
3.0
 40
3.0
 40
4.0
 40
4.0
 40
4.0
 40
5.0
 40
5.0
 40
5.0
 40
6.0
 40
6.0
 40
6.0
 40
7.0
 40
7.0
 40
7.0
 40
8.0
 40
8.0
 40
8.0
 40
8.0
 10
156.591620737746
 20
-97.23406016834953
 30
0.0
 10
156.591620737746
 20
-97.23406016834953
 30
0.0
 10
154.6273811694687
 20
-97.23406016834953
 30
0.0
 10
154.6273811694687
 20
-97.23406016834953
 30
0.0
 10
154.1612168521342
 20
-97.23406016834953
 30
0.0
 10
153.926146695191
 20
-97.41932701680919
 30
0.0
 10
153.926146695191
 20
-97.79384886929861
 30
0.0
 10
153.926146695191
 20
-97.79384886929861
 30
0.0
 10
153.926146695191
 20
-98.35563164803017
 30
0.0
 10
153.926146695191
 20
-98.35563164803017
 30
0.0
 10
153.926146695191
 20
-98.73015350052279
 30
0.0
 10
154.1612168521342
 20
-98.91740226775495
 30
0.0
 10
154.6273811694687
 20
-98.91740226775495
 30
0.0
 10
154.6273811694687
 20
-98.91740226775495
 30
0.0
 10
156.591620737746
 20
-98.91740226775495
 30
0.0
 10
156.591620737746
 20
-98.91740226775495
 30
0.0
 10
157.0597791328632
 20
-98.91740226775495
 30
0.0
 10
157.2928552120243
 20
-98.73015350052279
 30
0.0
 10
157.2928552120243
 20
-98.35563164803017
 30
0.0
 10
157.2928552120243
 20
-98.35563164803017
 30
0.0
 10
157.2928552120243
 20
-97.79384886929861
 30
0.0
 10
157.2928552120243
 20
-97.79384886929861
 30
0.0
 10
157.2928552120243
 20
-97.41932701680919
 30
0.0
 10
157.0597791328632
 20
-97.23406016834953
 30
0.0
 10
156.591620737746
 20
-97.23406016834953
 30
0.0
  0
SPLINE
  5
193
330
1F
100
AcDbEntity
  8
Capa 1
370
     0
100
AcDbSpline
210
0.0
220
0.0
230
1.0
 70
    11
 71
     3
 72
    29
 73
    25
 74
     0
 42
0.0000000001
 43
0.0000000001
 12
1.0
 22
0.0
 32
0.0
 13
1.0
 23
0.0
 33
0.0
 40
0.0
 40
0.0
 40
0.0
 40
0.0
 40
1.0
 40
1.0
 40
1.0
 40
2.0
 40
2.0
 40
2.0
 40
3.0
 40
3.0
 40
3.0
 40
4.0
 40
4.0
 40
4.0
 40
5.0
 40
5.0
 40
5.0
 40
6.0
 40
6.0
 40
6.0
 40
7.0
 40
7.0
 40
7.0
 40
8.0
 40
8.0
 40
8.0
 40
8.0
 10
156.7330665110704
 20
-98.35563164803017
 30
0.0
 10
156.7330665110704
 20
-98.44925603164737
 30
0.0
 10
156.6852572803738
 20
-98.4950711845641
 30
0.0
 10
156.591620737746
 20
-98.4950711845641
 30
0.0
 10
156.591620737746
 20
-98.4950711845641
 30
0.0
 10
154.6273811694687
 20
-98.4950711845641
 30
0.0
 10
154.6273811694687
 20
-98.4950711845641
 30
0.0
 10
154.5337567858544
 20
-98.4950711845641
 30
0.0
 10
154.4879294739264
 20
-98.44925603164737
 30
0.0
 10
154.4879294739264
 20
-98.35563164803017
 30
0.0
 10
154.4879294739264
 20
-98.35563164803017
 30
0.0
 10
154.4879294739264
 20
-97.79384886929861
 30
0.0
 10
154.4879294739264
 20
-97.79384886929861
 30
0.0
 10
154.4859353961449
 20
-97.70021232667271
 30
0.0
 10
154.5317627080728
 20
-97.654397173756
 30
0.0
 10
154.6253870916891
 20
-97.654397173756
 30
0.0
 10
154.6253870916891
 20
-97.654397173756
 30
0.0
 10
156.591620737746
 20
-97.654397173756
 30
0.0
 10
156.591620737746
 20
-97.654397173756
 30
0.0
 10
156.6852572803738
 20
-97.654397173756
 30
0.0
 10
156.7330665110704
 20
-97.70021232667271
 30
0.0
 10
156.7330665110704
 20
-97.79384886929861
 30
0.0
 10
156.7330665110704
 20
-97.79384886929861
 30
0.0
 10
156.7330665110704
 20
-98.35563164803017
 30
0.0
 10
156.7330665110704
 20
-98.35563164803017
 30
0.0
  0
HATCH
  5
194
330
1F
100
AcDbEntity
  8
Capa 1
 62
   255
100
AcDbHatch
 10
0.0
 20
0.0
 30
0.0
210
0.0
220
0.0
230
1.0
  2
SOLID
 70
     1
 71
     0
 91
        2
 92
        1
 93
        1
 72
     4
 94
        3
 73
     0
 74
     1
 95
       29
 96
       25
 40
0.0
 40
0.0
 40
0.0
 40
0.0
 40
1.0
 40
1.0
 40
1.0
 40
2.0
 40
2.0
 40
2.0
 40
3.0
 40
3.0
 40
3.0
 40
4.0
 40
4.0
 40
4.0
 40
5.0
 40
5.0
 40
5.0
 40
6.0
 40
6.0
 40
6.0
 40
7.0
 40
7.0
 40
7.0
 40
8.0
 40
8.0
 40
8.0
 40
8.0
 10
156.591620737746
 20
-97.23406016834953
 10
156.591620737746
 20
-97.23406016834953
 10
154.6273811694687
 20
-97.23406016834953
 10
154.6273811694687
 20
-97.23406016834953
 10
154.1612168521342
 20
-97.23406016834953
 10
153.926146695191
 20
-97.41932701680919
 10
153.926146695191
 20
-97.79384886929861
 10
153.926146695191
 20
-97.79384886929861
 10
153.926146695191
 20
-98.35563164803017
 10
153.926146695191
 20
-98.35563164803017
 10
153.926146695191
 20
-98.73015350052279
 10
154.1612168521342
 20
-98.91740226775495
 10
154.6273811694687
 20
-98.91740226775495
 10
154.6273811694687
 20
-98.91740226775495
 10
156.591620737746
 20
-98.91740226775495
 10
156.591620737746
 20
-98.91740226775495
 10
157.0597791328632
 20
-98.91740226775495
 10
157.2928552120243
 20
-98.73015350052279
 10
157.2928552120243
 20
-98.35563164803017
 10
157.2928552120243
 20
-98.35563164803017
 10
157.2928552120243
 20
-97.79384886929861
 10
157.2928552120243
 20
-97.79384886929861
 10
157.2928552120243
 20
-97.41932701680919
 10
157.0597791328632
 20
-97.23406016834953
 10
156.591620737746
 20
-97.23406016834953
 97
        0
 92
        1
 93
        1
 72
     4
 94
        3
 73
     0
 74
     1
 95
       29
 96
       25
 40
0.0
 40
0.0
 40
0.0
 40
0.0
 40
1.0
 40
1.0
 40
1.0
 40
2.0
 40
2.0
 40
2.0
 40
3.0
 40
3.0
 40
3.0
 40
4.0
 40
4.0
 40
4.0
 40
5.0
 40
5.0
 40
5.0
 40
6.0
 40
6.0
 40
6.0
 40
7.0
 40
7.0
 40
7.0
 40
8.0
 40
8.0
 40
8.0
 40
8.0
 10
156.7330665110704
 20
-98.35563164803017
 10
156.7330665110704
 20
-98.44925603164737
 10
156.6852572803738
 20
-98.4950711845641
 10
156.591620737746
 20
-98.4950711845641
 10
156.591620737746
 20
-98.4950711845641
 10
154.6273811694687
 20
-98.4950711845641
 10
154.6273811694687
 20
-98.4950711845641
 10
154.5337567858544
 20
-98.4950711845641
 10
154.4879294739264
 20
-98.44925603164737
 10
154.4879294739264
 20
-98.35563164803017
 10
154.4879294739264
 20
-98.35563164803017
 10
154.4879294739264
 20
-97.79384886929861
 10
154.4879294739264
 20
-97.79384886929861
 10
154.4859353961449
 20
-97.70021232667271
 10
154.5317627080728
 20
-97.654397173756
 10
154.6253870916891
 20
-97.654397173756
 10
154.6253870916891
 20
-97.654397173756
 10
156.591620737746
 20
-97.654397173756
 10
156.591620737746
 20
-97.654397173756
 10
156.6852572803738
 20
-97.654397173756
 10
156.7330665110704
 20
-97.70021232667271
 10
156.7330665110704
 20
-97.79384886929861
 10
156.7330665110704
 20
-97.79384886929861
 10
156.7330665110704
 20
-98.35563164803017
 10
156.7330665110704
 20
-98.35563164803017
 97
        0
 75
     2
 76
     1
 98
        0
  0
SPLINE
  5
195
330
1F
100
AcDbEntity
  8
Capa 1
370
     0
100
AcDbSpline
210
0.0
220
0.0
230
1.0
 70
    11
 71
     3
 72
    44
 73
    40
 74
     0
 42
0.0000000001
 43
0.0000000001
 12
1.0
 22
0.0
 32
0.0
 13
1.0
 23
0.0
 33
0.0
 40
0.0
 40
0.0
 40
0.0
 40
0.0
 40
1.0
 40
1.0
 40
1.0
 40
2.0
 40
2.0
 40
2.0
 40
3.0
 40
3.0
 40
3.0
 40
4.0
 40
4.0
 40
4.0
 40
5.0
 40
5.0
 40
5.0
 40
6.0
 40
6.0
 40
6.0
 40
7.0
 40
7.0
 40
7.0
 40
8.0
 40
8.0
 40
8.0
 40
9.0
 40
9.0
 40
9.0
 40
10.0
 40
10.0
 40
10.0
 40
11.0
 40
11.0
 40
11.0
 40
12.0
 40
12.0
 40
12.0
 40
13.0
 40
13.0
 40
13.0
 40
13.0
 10
153.5317083829166
 20
-97.7241169420236
 30
0.0
 10
153.4838991522174
 20
-97.39741647924528
 30
0.0
 10
153.2508230730563
 20
-97.23406016834953
 30
0.0
 10
152.8304739086389
 20
-97.23406016834953
 30
0.0
 10
152.8304739086389
 20
-97.23406016834953
 30
0.0
 10
151.0056860359077
 20
-97.23406016834953
 30
0.0
 10
151.0056860359077
 20
-97.23406016834953
 30
0.0
 10
151.0056860359077
 20
-97.23406016834953
 30
0.0
 10
151.0056860359077
 20
-98.91740226775495
 30
0.0
 10
151.0056860359077
 20
-98.91740226775495
 30
0.0
 10
151.0056860359077
 20
-98.91740226775495
 30
0.0
 10
151.5674688146425
 20
-98.91740226775495
 30
0.0
 10
151.5674688146425
 20
-98.91740226775495
 30
0.0
 10
151.5674688146425
 20
-98.91740226775495
 30
0.0
 10
151.5674688146425
 20
-98.28589972075451
 30
0.0
 10
151.5674688146425
 20
-98.28589972075451
 30
0.0
 10
151.5674688146425
 20
-98.28589972075451
 30
0.0
 10
152.8304739086389
 20
-98.28589972075451
 30
0.0
 10
152.8304739086389
 20
-98.28589972075451
 30
0.0
 10
152.9241104512674
 20
-98.28589972075451
 30
0.0
 10
152.9699256041844
 20
-98.33172703268313
 30
0.0
 10
152.9699256041844
 20
-98.42535141630066
 30
0.0
 10
152.9699256041844
 20
-98.42535141630066
 30
0.0
 10
152.9699256041844
 20
-98.91740226775495
 30
0.0
 10
152.9699256041844
 20
-98.91740226775495
 30
0.0
 10
152.9699256041844
 20
-98.91740226775495
 30
0.0
 10
153.5317083829166
 20
-98.91740226775495
 30
0.0
 10
153.5317083829166
 20
-98.91740226775495
 30
0.0
 10
153.5317083829166
 20
-98.91740226775495
 30
0.0
 10
153.5317083829166
 20
-98.35563164803017
 30
0.0
 10
153.5317083829166
 20
-98.35563164803017
 30
0.0
 10
153.5317083829166
 20
-98.21418587470859
 30
0.0
 10
153.4938573821121
 20
-98.12054933208013
 30
0.0
 10
153.4181553805045
 20
-98.07473417916181
 30
0.0
 10
153.4759350001048
 20
-98.00102625533117
 30
0.0
 10
153.5117919231297
 20
-97.90540779393211
 30
0.0
 10
153.5317083829166
 20
-97.79384886929861
 30
0.0
 10
153.5317083829166
 20
-97.79384886929861
 30
0.0
 10
153.5317083829166
 20
-97.7241169420236
 30
0.0
 10
153.5317083829166
 20
-97.7241169420236
 30
0.0
  0
SPLINE
  5
196
330
1F
100
AcDbEntity
  8
Capa 1
370
     0
100
AcDbSpline
210
0.0
220
0.0
230
1.0
 70
    11
 71
     3
 72
    20
 73
    16
 74
     0
 42
0.0000000001
 43
0.0000000001
 12
1.0
 22
0.0
 32
0.0
 13
1.0
 23
0.0
 33
0.0
 40
0.0
 40
0.0
 40
0.0
 40
0.0
 40
1.0
 40
1.0
 40
1.0
 40
2.0
 40
2.0
 40
2.0
 40
3.0
 40
3.0
 40
3.0
 40
4.0
 40
4.0
 40
4.0
 40
5.0
 40
5.0
 40
5.0
 40
5.0
 10
152.8304739086389
 20
-97.86356863756846
 30
0.0
 10
152.8304739086389
 20
-97.86356863756846
 30
0.0
 10
151.5674688146425
 20
-97.86356863756846
 30
0.0
 10
151.5674688146425
 20
-97.86356863756846
 30
0.0
 10
151.5674688146425
 20
-97.86356863756846
 30
0.0
 10
151.5674688146425
 20
-97.654397173756
 30
0.0
 10
151.5674688146425
 20
-97.654397173756
 30
0.0
 10
151.5674688146425
 20
-97.654397173756
 30
0.0
 10
152.8304739086389
 20
-97.654397173756
 30
0.0
 10
152.8304739086389
 20
-97.654397173756
 30
0.0
 10
152.9241104512674
 20
-97.654397173756
 30
0.0
 10
152.9699256041844
 20
-97.69025409677991
 30
0.0
 10
152.9699256041844
 20
-97.75997386504655
 30
0.0
 10
152.9699256041844
 20
-97.82970579232541
 30
0.0
 10
152.9241104512674
 20
-97.86356863756846
 30
0.0
 10
152.8304739086389
 20
-97.86356863756846
 30
0.0
  0
HATCH
  5
197
330
1F
100
AcDbEntity
  8
Capa 1
 62
   255
100
AcDbHatch
 10
0.0
 20
0.0
 30
0.0
210
0.0
220
0.0
230
1.0
  2
SOLID
 70
     1
 71
     0
 91
        2
 92
        1
 93
        1
 72
     4
 94
        3
 73
     0
 74
     1
 95
       44
 96
       40
 40
0.0
 40
0.0
 40
0.0
 40
0.0
 40
1.0
 40
1.0
 40
1.0
 40
2.0
 40
2.0
 40
2.0
 40
3.0
 40
3.0
 40
3.0
 40
4.0
 40
4.0
 40
4.0
 40
5.0
 40
5.0
 40
5.0
 40
6.0
 40
6.0
 40
6.0
 40
7.0
 40
7.0
 40
7.0
 40
8.0
 40
8.0
 40
8.0
 40
9.0
 40
9.0
 40
9.0
 40
10.0
 40
10.0
 40
10.0
 40
11.0
 40
11.0
 40
11.0
 40
12.0
 40
12.0
 40
12.0
 40
13.0
 40
13.0
 40
13.0
 40
13.0
 10
153.5317083829166
 20
-97.7241169420236
 10
153.4838991522174
 20
-97.39741647924528
 10
153.2508230730563
 20
-97.23406016834953
 10
152.8304739086389
 20
-97.23406016834953
 10
152.8304739086389
 20
-97.23406016834953
 10
151.0056860359077
 20
-97.23406016834953
 10
151.0056860359077
 20
-97.23406016834953
 10
151.0056860359077
 20
-97.23406016834953
 10
151.0056860359077
 20
-98.91740226775495
 10
151.0056860359077
 20
-98.91740226775495
 10
151.0056860359077
 20
-98.91740226775495
 10
151.5674688146425
 20
-98.91740226775495
 10
151.5674688146425
 20
-98.91740226775495
 10
151.5674688146425
 20
-98.91740226775495
 10
151.5674688146425
 20
-98.28589972075451
 10
151.5674688146425
 20
-98.28589972075451
 10
151.5674688146425
 20
-98.28589972075451
 10
152.8304739086389
 20
-98.28589972075451
 10
152.8304739086389
 20
-98.28589972075451
 10
152.9241104512674
 20
-98.28589972075451
 10
152.9699256041844
 20
-98.33172703268313
 10
152.9699256041844
 20
-98.42535141630066
 10
152.9699256041844
 20
-98.42535141630066
 10
152.9699256041844
 20
-98.91740226775495
 10
152.9699256041844
 20
-98.91740226775495
 10
152.9699256041844
 20
-98.91740226775495
 10
153.5317083829166
 20
-98.91740226775495
 10
153.5317083829166
 20
-98.91740226775495
 10
153.5317083829166
 20
-98.91740226775495
 10
153.5317083829166
 20
-98.35563164803017
 10
153.5317083829166
 20
-98.35563164803017
 10
153.5317083829166
 20
-98.21418587470859
 10
153.4938573821121
 20
-98.12054933208013
 10
153.4181553805045
 20
-98.07473417916181
 10
153.4759350001048
 20
-98.00102625533117
 10
153.5117919231297
 20
-97.90540779393211
 10
153.5317083829166
 20
-97.79384886929861
 10
153.5317083829166
 20
-97.79384886929861
 10
153.5317083829166
 20
-97.7241169420236
 10
153.5317083829166
 20
-97.7241169420236
 97
        0
 92
        1
 93
        1
 72
     4
 94
        3
 73
     0
 74
     1
 95
       20
 96
       16
 40
0.0
 40
0.0
 40
0.0
 40
0.0
 40
1.0
 40
1.0
 40
1.0
 40
2.0
 40
2.0
 40
2.0
 40
3.0
 40
3.0
 40
3.0
 40
4.0
 40
4.0
 40
4.0
 40
5.0
 40
5.0
 40
5.0
 40
5.0
 10
152.8304739086389
 20
-97.86356863756846
 10
152.8304739086389
 20
-97.86356863756846
 10
151.5674688146425
 20
-97.86356863756846
 10
151.5674688146425
 20
-97.86356863756846
 10
151.5674688146425
 20
-97.86356863756846
 10
151.5674688146425
 20
-97.654397173756
 10
151.5674688146425
 20
-97.654397173756
 10
151.5674688146425
 20
-97.654397173756
 10
152.8304739086389
 20
-97.654397173756
 10
152.8304739086389
 20
-97.654397173756
 10
152.9241104512674
 20
-97.654397173756
 10
152.9699256041844
 20
-97.69025409677991
 10
152.9699256041844
 20
-97.75997386504655
 10
152.9699256041844
 20
-97.82970579232541
 10
152.9241104512674
 20
-97.86356863756846
 10
152.8304739086389
 20
-97.86356863756846
 97
        0
 75
     2
 76
     1
 98
        0
  0
SPLINE
  5
198
330
1F
100
AcDbEntity
  8
Capa 1
370
     0
100
AcDbSpline
210
0.0
220
0.0
230
1.0
 70
    11
 71
     3
 72
    53
 73
    49
 74
     0
 42
0.0000000001
 43
0.0000000001
 12
1.0
 22
0.0
 32
0.0
 13
1.0
 23
0.0
 33
0.0
 40
0.0
 40
0.0
 40
0.0
 40
0.0
 40
1.0
 40
1.0
 40
1.0
 40
2.0
 40
2.0
 40
2.0
 40
3.0
 40
3.0
 40
3.0
 40
4.0
 40
4.0
 40
4.0
 40
5.0
 40
5.0
 40
5.0
 40
6.0
 40
6.0
 40
6.0
 40
7.0
 40
7.0
 40
7.0
 40
8.0
 40
8.0
 40
8.0
 40
9.0
 40
9.0
 40
9.0
 40
10.0
 40
10.0
 40
10.0
 40
11.0
 40
11.0
 40
11.0
 40
12.0
 40
12.0
 40
12.0
 40
13.0
 40
13.0
 40
13.0
 40
14.0
 40
14.0
 40
14.0
 40
15.0
 40
15.0
 40
15.0
 40
16.0
 40
16.0
 40
16.0
 40
16.0
 10
148.7865607595139
 20
-98.9165135976334
 30
0.0
 10
148.7865607595139
 20
-98.9165135976334
 30
0.0
 10
150.6103034995315
 20
-98.9165135976334
 30
0.0
 10
150.6103034995315
 20
-98.9165135976334
 30
0.0
 10
150.6103034995315
 20
-98.9165135976334
 30
0.0
 10
150.6103034995315
 20
-98.49567109587267
 30
0.0
 10
150.6103034995315
 20
-98.49567109587267
 30
0.0
 10
150.6103034995315
 20
-98.49567109587267
 30
0.0
 10
148.7865607595139
 20
-98.49567109587267
 30
0.0
 10
148.7865607595139
 20
-98.49567109587267
 30
0.0
 10
148.6928666164777
 20
-98.49567109587267
 30
0.0
 10
148.64620027975
 20
-98.44894349311298
 30
0.0
 10
148.64620027975
 20
-98.35536575553583
 30
0.0
 10
148.64620027975
 20
-98.35536575553583
 30
0.0
 10
148.64620027975
 20
-98.28518551565742
 30
0.0
 10
148.64620027975
 20
-98.28518551565742
 30
0.0
 10
148.64620027975
 20
-98.28518551565742
 30
0.0
 10
150.1193358973161
 20
-98.28518551565742
 30
0.0
 10
150.1193358973161
 20
-98.28518551565742
 30
0.0
 10
150.1193358973161
 20
-98.28518551565742
 30
0.0
 10
150.1193358973161
 20
-97.86434301389251
 30
0.0
 10
150.1193358973161
 20
-97.86434301389251
 30
0.0
 10
150.1193358973161
 20
-97.86434301389251
 30
0.0
 10
148.64620027975
 20
-97.86434301389251
 30
0.0
 10
148.64620027975
 20
-97.86434301389251
 30
0.0
 10
148.64620027975
 20
-97.86434301389251
 30
0.0
 10
148.64620027975
 20
-97.79416277401475
 30
0.0
 10
148.64620027975
 20
-97.79416277401475
 30
0.0
 10
148.64620027975
 20
-97.7006463024689
 30
0.0
 10
148.6928666164777
 20
-97.65391869971114
 30
0.0
 10
148.7865607595139
 20
-97.65391869971114
 30
0.0
 10
148.7865607595139
 20
-97.65391869971114
 30
0.0
 10
150.6103034995315
 20
-97.65391869971114
 30
0.0
 10
150.6103034995315
 20
-97.65391869971114
 30
0.0
 10
150.6103034995315
 20
-97.65391869971114
 30
0.0
 10
150.6103034995315
 20
-97.2330761979488
 30
0.0
 10
150.6103034995315
 20
-97.2330761979488
 30
0.0
 10
150.6103034995315
 20
-97.2330761979488
 30
0.0
 10
148.7865607595139
 20
-97.2330761979488
 30
0.0
 10
148.7865607595139
 20
-97.2330761979488
 30
0.0
 10
148.3188068568992
 20
-97.2330761979488
 30
0.0
 10
148.0851137036892
 20
-97.42010301443625
 30
0.0
 10
148.0851137036892
 20
-97.79416277401475
 30
0.0
 10
148.0851137036892
 20
-97.79416277401475
 30
0.0
 10
148.0851137036892
 20
-98.35536575553583
 30
0.0
 10
148.0851137036892
 20
-98.35536575553583
 30
0.0
 10
148.0851137036892
 20
-98.72954804717918
 30
0.0
 10
148.3188068568992
 20
-98.9165135976334
 30
0.0
 10
148.7865607595139
 20
-98.9165135976334
 30
0.0
  0
HATCH
  5
199
330
1F
100
AcDbEntity
  8
Capa 1
 62
   255
100
AcDbHatch
 10
0.0
 20
0.0
 30
0.0
210
0.0
220
0.0
230
1.0
  2
SOLID
 70
     1
 71
     0
 91
        1
 92
        1
 93
        2
 72
     4
 94
        3
 73
     0
 74
     0
 95
       53
 96
       49
 40
0.0
 40
0.0
 40
0.0
 40
0.0
 40
0.3527777776895833
 40
0.3527777776895833
 40
0.3527777776895833
 40
0.7055555553791667
 40
0.7055555553791667
 40
0.7055555553791667
 40
1.05833333306875
 40
1.05833333306875
 40
1.05833333306875
 40
1.411111110758333
 40
1.411111110758333
 40
1.411111110758333
 40
1.763888888447917
 40
1.763888888447917
 40
1.763888888447917
 40
2.1166666661375
 40
2.1166666661375
 40
2.1166666661375
 40
2.469444443827083
 40
2.469444443827083
 40
2.469444443827083
 40
2.822222221516667
 40
2.822222221516667
 40
2.822222221516667
 40
3.17499999920625
 40
3.17499999920625
 40
3.17499999920625
 40
3.527777776895833
 40
3.527777776895833
 40
3.527777776895833
 40
3.880555554585417
 40
3.880555554585417
 40
3.880555554585417
 40
4.233333332275
 40
4.233333332275
 40
4.233333332275
 40
4.586111109964584
 40
4.586111109964584
 40
4.586111109964584
 40
4.938888887654167
 40
4.938888887654167
 40
4.938888887654167
 40
5.29166666534375
 40
5.29166666534375
 40
5.29166666534375
 40
5.644444443033334
 40
5.644444443033334
 40
5.644444443033334
 40
5.644444443033334
 10
148.7865607595139
 20
-98.9165135976334
 10
148.7865607595139
 20
-98.9165135976334
 10
150.6103034995315
 20
-98.9165135976334
 10
150.6103034995315
 20
-98.9165135976334
 10
150.6103034995315
 20
-98.9165135976334
 10
150.6103034995315
 20
-98.49567109587267
 10
150.6103034995315
 20
-98.49567109587267
 10
150.6103034995315
 20
-98.49567109587267
 10
148.7865607595139
 20
-98.49567109587267
 10
148.7865607595139
 20
-98.49567109587267
 10
148.6928666164777
 20
-98.49567109587267
 10
148.64620027975
 20
-98.44894349311298
 10
148.64620027975
 20
-98.35536575553583
 10
148.64620027975
 20
-98.35536575553583
 10
148.64620027975
 20
-98.28518551565742
 10
148.64620027975
 20
-98.28518551565742
 10
148.64620027975
 20
-98.28518551565742
 10
150.1193358973161
 20
-98.28518551565742
 10
150.1193358973161
 20
-98.28518551565742
 10
150.1193358973161
 20
-98.28518551565742
 10
150.1193358973161
 20
-97.86434301389251
 10
150.1193358973161
 20
-97.86434301389251
 10
150.1193358973161
 20
-97.86434301389251
 10
148.64620027975
 20
-97.86434301389251
 10
148.64620027975
 20
-97.86434301389251
 10
148.64620027975
 20
-97.86434301389251
 10
148.64620027975
 20
-97.79416277401475
 10
148.64620027975
 20
-97.79416277401475
 10
148.64620027975
 20
-97.7006463024689
 10
148.6928666164777
 20
-97.65391869971114
 10
148.7865607595139
 20
-97.65391869971114
 10
148.7865607595139
 20
-97.65391869971114
 10
150.6103034995315
 20
-97.65391869971114
 10
150.6103034995315
 20
-97.65391869971114
 10
150.6103034995315
 20
-97.65391869971114
 10
150.6103034995315
 20
-97.2330761979488
 10
150.6103034995315
 20
-97.2330761979488
 10
150.6103034995315
 20
-97.2330761979488
 10
148.7865607595139
 20
-97.2330761979488
 10
148.7865607595139
 20
-97.2330761979488
 10
148.3188068568992
 20
-97.2330761979488
 10
148.0851137036892
 20
-97.42010301443625
 10
148.0851137036892
 20
-97.79416277401475
 10
148.0851137036892
 20
-97.79416277401475
 10
148.0851137036892
 20
-98.35536575553583
 10
148.0851137036892
 20
-98.35536575553583
 10
148.0851137036892
 20
-98.72954804717918
 10
148.3188068568992
 20
-98.9165135976334
 10
148.7865607595139
 20
-98.9165135976334
 72
     1
 10
148.7865607595139
 20
-98.9165135976334
 11
148.7865607595139
 21
-98.9165135976334
 97
        0
 75
     2
 76
     1
 98
        0
  0
SPLINE
  5
19A
330
1F
100
AcDbEntity
  8
Capa 1
370
     0
100
AcDbSpline
210
0.0
220
0.0
230
1.0
 70
    11
 71
     3
 72
    35
 73
    31
 74
     0
 42
0.0000000001
 43
0.0000000001
 12
1.0
 22
0.0
 32
0.0
 13
1.0
 23
0.0
 33
0.0
 40
0.0
 40
0.0
 40
0.0
 40
0.0
 40
1.0
 40
1.0
 40
1.0
 40
2.0
 40
2.0
 40
2.0
 40
3.0
 40
3.0
 40
3.0
 40
4.0
 40
4.0
 40
4.0
 40
5.0
 40
5.0
 40
5.0
 40
6.0
 40
6.0
 40
6.0
 40
7.0
 40
7.0
 40
7.0
 40
8.0
 40
8.0
 40
8.0
 40
9.0
 40
9.0
 40
9.0
 40
10.0
 40
10.0
 40
10.0
 40
10.0
 10
147.128426231126
 20
-97.2330761979488
 30
0.0
 10
147.128426231126
 20
-97.2330761979488
 30
0.0
 10
147.128426231126
 20
-98.35536575553583
 30
0.0
 10
147.128426231126
 20
-98.35536575553583
 30
0.0
 10
147.128426231126
 20
-98.44894349311298
 30
0.0
 10
147.0815209568754
 20
-98.49567109587267
 30
0.0
 10
146.9880657513653
 20
-98.49567109587267
 30
0.0
 10
146.9880657513653
 20
-98.49567109587267
 30
0.0
 10
145.7254157140151
 20
-98.49567109587267
 30
0.0
 10
145.7254157140151
 20
-98.49567109587267
 30
0.0
 10
145.7254157140151
 20
-98.49567109587267
 30
0.0
 10
145.7254157140151
 20
-97.2330761979488
 30
0.0
 10
145.7254157140151
 20
-97.2330761979488
 30
0.0
 10
145.7254157140151
 20
-97.2330761979488
 30
0.0
 10
145.164175972873
 20
-97.2330761979488
 30
0.0
 10
145.164175972873
 20
-97.2330761979488
 30
0.0
 10
145.164175972873
 20
-97.2330761979488
 30
0.0
 10
145.164175972873
 20
-98.9165135976334
 30
0.0
 10
145.164175972873
 20
-98.9165135976334
 30
0.0
 10
145.164175972873
 20
-98.9165135976334
 30
0.0
 10
146.9880657513653
 20
-98.9165135976334
 30
0.0
 10
146.9880657513653
 20
-98.9165135976334
 30
0.0
 10
147.45581965398
 20
-98.9165135976334
 30
0.0
 10
147.6895189337956
 20
-98.72954804717918
 30
0.0
 10
147.6895189337956
 20
-98.35536575553583
 30
0.0
 10
147.6895189337956
 20
-98.35536575553583
 30
0.0
 10
147.6895189337956
 20
-97.2330761979488
 30
0.0
 10
147.6895189337956
 20
-97.2330761979488
 30
0.0
 10
147.6895189337956
 20
-97.2330761979488
 30
0.0
 10
147.128426231126
 20
-97.2330761979488
 30
0.0
 10
147.128426231126
 20
-97.2330761979488
 30
0.0
  0
HATCH
  5
19B
330
1F
100
AcDbEntity
  8
Capa 1
 62
   255
100
AcDbHatch
 10
0.0
 20
0.0
 30
0.0
210
0.0
220
0.0
230
1.0
  2
SOLID
 70
     1
 71
     0
 91
        1
 92
        1
 93
        1
 72
     4
 94
        3
 73
     0
 74
     1
 95
       35
 96
       31
 40
0.0
 40
0.0
 40
0.0
 40
0.0
 40
1.0
 40
1.0
 40
1.0
 40
2.0
 40
2.0
 40
2.0
 40
3.0
 40
3.0
 40
3.0
 40
4.0
 40
4.0
 40
4.0
 40
5.0
 40
5.0
 40
5.0
 40
6.0
 40
6.0
 40
6.0
 40
7.0
 40
7.0
 40
7.0
 40
8.0
 40
8.0
 40
8.0
 40
9.0
 40
9.0
 40
9.0
 40
10.0
 40
10.0
 40
10.0
 40
10.0
 10
147.128426231126
 20
-97.2330761979488
 10
147.128426231126
 20
-97.2330761979488
 10
147.128426231126
 20
-98.35536575553583
 10
147.128426231126
 20
-98.35536575553583
 10
147.128426231126
 20
-98.44894349311298
 10
147.0815209568754
 20
-98.49567109587267
 10
146.9880657513653
 20
-98.49567109587267
 10
146.9880657513653
 20
-98.49567109587267
 10
145.7254157140151
 20
-98.49567109587267
 10
145.7254157140151
 20
-98.49567109587267
 10
145.7254157140151
 20
-98.49567109587267
 10
145.7254157140151
 20
-97.2330761979488
 10
145.7254157140151
 20
-97.2330761979488
 10
145.7254157140151
 20
-97.2330761979488
 10
145.164175972873
 20
-97.2330761979488
 10
145.164175972873
 20
-97.2330761979488
 10
145.164175972873
 20
-97.2330761979488
 10
145.164175972873
 20
-98.9165135976334
 10
145.164175972873
 20
-98.9165135976334
 10
145.164175972873
 20
-98.9165135976334
 10
146.9880657513653
 20
-98.9165135976334
 10
146.9880657513653
 20
-98.9165135976334
 10
147.45581965398
 20
-98.9165135976334
 10
147.6895189337956
 20
-98.72954804717918
 10
147.6895189337956
 20
-98.35536575553583
 10
147.6895189337956
 20
-98.35536575553583
 10
147.6895189337956
 20
-97.2330761979488
 10
147.6895189337956
 20
-97.2330761979488
 10
147.6895189337956
 20
-97.2330761979488
 10
147.128426231126
 20
-97.2330761979488
 10
147.128426231126
 20
-97.2330761979488
 97
        0
 75
     2
 76
     1
 98
        0
  0
POLYLINE
  5
19C
330
1F
100
AcDbEntity
  8
Capa 1
370
     0
100
AcDb2dPolyline
 66
     1
 10
0.0
 20
0.0
 30
0.0
  0
VERTEX
  5
19D
330
19C
100
AcDbEntity
  8
Capa 1
370
     0
100
AcDbVertex
100
AcDb2dVertex
 10
147.7182040872796
 20
-100.2791231614865
 30
0.0
  0
VERTEX
  5
19E
330
19C
100
AcDbEntity
  8
Capa 1
370
     0
100
AcDbVertex
100
AcDb2dVertex
 10
147.4655100070551
 20
-100.2791231614865
 30
0.0
  0
VERTEX
  5
19F
330
19C
100
AcDbEntity
  8
Capa 1
370
     0
100
AcDbVertex
100
AcDb2dVertex
 10
147.8555267288587
 20
-99.52614585173309
 30
0.0
  0
VERTEX
  5
1A0
330
19C
100
AcDbEntity
  8
Capa 1
370
     0
100
AcDbVertex
100
AcDb2dVertex
 10
148.1352769429242
 20
-99.52614585173309
 30
0.0
  0
VERTEX
  5
1A1
330
19C
100
AcDbEntity
  8
Capa 1
370
     0
100
AcDbVertex
100
AcDb2dVertex
 10
148.5074264065238
 20
-100.2791231614865
 30
0.0
  0
VERTEX
  5
1A2
330
19C
100
AcDbEntity
  8
Capa 1
370
     0
100
AcDbVertex
100
AcDb2dVertex
 10
148.2266552062754
 20
-100.2791231614865
 30
0.0
  0
VERTEX
  5
1A3
330
19C
100
AcDbEntity
  8
Capa 1
370
     0
100
AcDbVertex
100
AcDb2dVertex
 10
148.169990473133
 20
-100.1433319991875
 30
0.0
  0
VERTEX
  5
1A4
330
19C
100
AcDbEntity
  8
Capa 1
370
     0
100
AcDbVertex
100
AcDb2dVertex
 10
147.7789527651564
 20
-100.1433319991875
 30
0.0
  0
VERTEX
  5
1A5
330
19C
100
AcDbEntity
  8
Capa 1
370
     0
100
AcDbVertex
100
AcDb2dVertex
 10
147.7182040872796
 20
-100.2791231614865
 30
0.0
  0
SEQEND
  5
1A6
330
19C
100
AcDbEntity
  8
Capa 1
370
     0
  0
POLYLINE
  5
1A7
330
1F
100
AcDbEntity
  8
Capa 1
370
     0
100
AcDb2dPolyline
 66
     1
 10
0.0
 20
0.0
 30
0.0
  0
VERTEX
  5
1A8
330
1A7
100
AcDbEntity
  8
Capa 1
370
     0
100
AcDbVertex
100
AcDb2dVertex
 10
148.1020948919814
 20
-99.97895322376614
 30
0.0
  0
VERTEX
  5
1A9
330
1A7
100
AcDbEntity
  8
Capa 1
370
     0
100
AcDbVertex
100
AcDb2dVertex
 10
147.9816185224228
 20
-99.70532892680114
 30
0.0
  0
VERTEX
  5
1AA
330
1A7
100
AcDbEntity
  8
Capa 1
370
     0
100
AcDbVertex
100
AcDb2dVertex
 10
147.8539952495802
 20
-99.97895322376614
 30
0.0
  0
VERTEX
  5
1AB
330
1A7
100
AcDbEntity
  8
Capa 1
370
     0
100
AcDbVertex
100
AcDb2dVertex
 10
148.1020948919814
 20
-99.97895322376614
 30
0.0
  0
SEQEND
  5
1AC
330
1A7
100
AcDbEntity
  8
Capa 1
370
     0
  0
HATCH
  5
1AD
330
1F
100
AcDbEntity
  8
Capa 1
 62
   255
100
AcDbHatch
 10
0.0
 20
0.0
 30
0.0
210
0.0
220
0.0
230
1.0
  2
SOLID
 70
     1
 71
     0
 91
        2
 92
        1
 93
        8
 72
     1
 10
147.7182040872796
 20
-100.2791231614865
 11
147.4655100070551
 21
-100.2791231614865
 72
     1
 10
147.4655100070551
 20
-100.2791231614865
 11
147.8555267288587
 21
-99.52614585173309
 72
     1
 10
147.8555267288587
 20
-99.52614585173309
 11
148.1352769429242
 21
-99.52614585173309
 72
     1
 10
148.1352769429242
 20
-99.52614585173309
 11
148.5074264065238
 21
-100.2791231614865
 72
     1
 10
148.5074264065238
 20
-100.2791231614865
 11
148.2266552062754
 21
-100.2791231614865
 72
     1
 10
148.2266552062754
 20
-100.2791231614865
 11
148.169990473133
 21
-100.1433319991875
 72
     1
 10
148.169990473133
 20
-100.1433319991875
 11
147.7789527651564
 21
-100.1433319991875
 72
     1
 10
147.7789527651564
 20
-100.1433319991875
 11
147.7182040872796
 21
-100.2791231614865
 97
        0
 92
        1
 93
        3
 72
     1
 10
148.1020948919814
 20
-99.97895322376614
 11
147.9816185224228
 21
-99.70532892680114
 72
     1
 10
147.9816185224228
 20
-99.70532892680114
 11
147.8539952495802
 21
-99.97895322376614
 72
     1
 10
147.8539952495802
 20
-99.97895322376614
 11
148.1020948919814
 21
-99.97895322376614
 97
        0
 75
     2
 76
     1
 98
        0
  0
SPLINE
  5
1AE
330
1F
100
AcDbEntity
  8
Capa 1
370
     0
100
AcDbSpline
210
0.0
220
0.0
230
1.0
 70
    11
 71
     3
 72
    47
 73
    43
 74
     0
 42
0.0000000001
 43
0.0000000001
 12
1.0
 22
0.0
 32
0.0
 13
1.0
 23
0.0
 33
0.0
 40
0.0
 40
0.0
 40
0.0
 40
0.0
 40
1.0
 40
1.0
 40
1.0
 40
2.0
 40
2.0
 40
2.0
 40
3.0
 40
3.0
 40
3.0
 40
4.0
 40
4.0
 40
4.0
 40
5.0
 40
5.0
 40
5.0
 40
6.0
 40
6.0
 40
6.0
 40
7.0
 40
7.0
 40
7.0
 40
8.0
 40
8.0
 40
8.0
 40
9.0
 40
9.0
 40
9.0
 40
10.0
 40
10.0
 40
10.0
 40
11.0
 40
11.0
 40
11.0
 40
12.0
 40
12.0
 40
12.0
 40
13.0
 40
13.0
 40
13.0
 40
14.0
 40
14.0
 40
14.0
 40
14.0
 10
149.3423094967171
 20
-99.52614585173309
 30
0.0
 10
149.3423094967171
 20
-99.52614585173309
 30
0.0
 10
149.5919406183891
 20
-99.52614585173309
 30
0.0
 10
149.5919406183891
 20
-99.52614585173309
 30
0.0
 10
149.5919406183891
 20
-99.52614585173309
 30
0.0
 10
149.5919406183891
 20
-99.95496004847573
 30
0.0
 10
149.5919406183891
 20
-99.95496004847573
 30
0.0
 10
149.5919406183891
 20
-100.017580534348
 30
0.0
 10
149.606291146405
 20
-100.0639786842067
 30
0.0
 10
149.63504892388
 20
-100.0940977765983
 30
0.0
 10
149.6638067013641
 20
-100.1242168689863
 30
0.0
 10
149.7081628788528
 20
-100.139248054455
 30
0.0
 10
149.7680607349081
 20
-100.139248054455
 30
0.0
 10
149.8265972760508
 20
-100.139248054455
 30
0.0
 10
149.8703295175458
 20
-100.1239332617146
 30
0.0
 10
149.8992574593854
 20
-100.0933036762316
 30
0.0
 10
149.9281854012321
 20
-100.0626740907515
 30
0.0
 10
149.9426493721564
 20
-100.0165595481645
 30
0.0
 10
149.9426493721564
 20
-99.95496004847573
 30
0.0
 10
149.9426493721564
 20
-99.95496004847573
 30
0.0
 10
149.9426493721564
 20
-99.52614585173309
 30
0.0
 10
149.9426493721564
 20
-99.52614585173309
 30
0.0
 10
149.9426493721564
 20
-99.52614585173309
 30
0.0
 10
150.1851335905502
 20
-99.52614585173309
 30
0.0
 10
150.1851335905502
 20
-99.52614585173309
 30
0.0
 10
150.1851335905502
 20
-99.52614585173309
 30
0.0
 10
150.1851335905502
 20
-99.95189708992771
 30
0.0
 10
150.1851335905502
 20
-99.95189708992771
 30
0.0
 10
150.1851335905502
 20
-100.0693105009376
 30
0.0
 10
150.1509872748871
 20
-100.1553569475576
 30
0.0
 10
150.0828080864635
 20
-100.2099797083361
 30
0.0
 10
150.0145154551289
 20
-100.2646024691102
 30
0.0
 10
149.9067446913947
 20
-100.2918854887706
 30
0.0
 10
149.7593823523591
 20
-100.2918854887706
 30
0.0
 10
149.6130409995006
 20
-100.2918854887706
 30
0.0
 10
149.5069718794056
 20
-100.2649427978374
 30
0.0
 10
149.4410615491666
 20
-100.2110006945151
 30
0.0
 10
149.3752646618366
 20
-100.1570585911977
 30
0.0
 10
149.3423094967171
 20
-100.0706718158496
 30
0.0
 10
149.3423094967171
 20
-99.95189708992771
 30
0.0
 10
149.3423094967171
 20
-99.95189708992771
 30
0.0
 10
149.3423094967171
 20
-99.52614585173309
 30
0.0
 10
149.3423094967171
 20
-99.52614585173309
 30
0.0
  0
HATCH
  5
1AF
330
1F
100
AcDbEntity
  8
Capa 1
 62
   255
100
AcDbHatch
 10
0.0
 20
0.0
 30
0.0
210
0.0
220
0.0
230
1.0
  2
SOLID
 70
     1
 71
     0
 91
        1
 92
        1
 93
        1
 72
     4
 94
        3
 73
     0
 74
     1
 95
       47
 96
       43
 40
0.0
 40
0.0
 40
0.0
 40
0.0
 40
1.0
 40
1.0
 40
1.0
 40
2.0
 40
2.0
 40
2.0
 40
3.0
 40
3.0
 40
3.0
 40
4.0
 40
4.0
 40
4.0
 40
5.0
 40
5.0
 40
5.0
 40
6.0
 40
6.0
 40
6.0
 40
7.0
 40
7.0
 40
7.0
 40
8.0
 40
8.0
 40
8.0
 40
9.0
 40
9.0
 40
9.0
 40
10.0
 40
10.0
 40
10.0
 40
11.0
 40
11.0
 40
11.0
 40
12.0
 40
12.0
 40
12.0
 40
13.0
 40
13.0
 40
13.0
 40
14.0
 40
14.0
 40
14.0
 40
14.0
 10
149.3423094967171
 20
-99.52614585173309
 10
149.3423094967171
 20
-99.52614585173309
 10
149.5919406183891
 20
-99.52614585173309
 10
149.5919406183891
 20
-99.52614585173309
 10
149.5919406183891
 20
-99.52614585173309
 10
149.5919406183891
 20
-99.95496004847573
 10
149.5919406183891
 20
-99.95496004847573
 10
149.5919406183891
 20
-100.017580534348
 10
149.606291146405
 20
-100.0639786842067
 10
149.63504892388
 20
-100.0940977765983
 10
149.6638067013641
 20
-100.1242168689863
 10
149.7081628788528
 20
-100.139248054455
 10
149.7680607349081
 20
-100.139248054455
 10
149.8265972760508
 20
-100.139248054455
 10
149.8703295175458
 20
-100.1239332617146
 10
149.8992574593854
 20
-100.0933036762316
 10
149.9281854012321
 20
-100.0626740907515
 10
149.9426493721564
 20
-100.0165595481645
 10
149.9426493721564
 20
-99.95496004847573
 10
149.9426493721564
 20
-99.95496004847573
 10
149.9426493721564
 20
-99.52614585173309
 10
149.9426493721564
 20
-99.52614585173309
 10
149.9426493721564
 20
-99.52614585173309
 10
150.1851335905502
 20
-99.52614585173309
 10
150.1851335905502
 20
-99.52614585173309
 10
150.1851335905502
 20
-99.52614585173309
 10
150.1851335905502
 20
-99.95189708992771
 10
150.1851335905502
 20
-99.95189708992771
 10
150.1851335905502
 20
-100.0693105009376
 10
150.1509872748871
 20
-100.1553569475576
 10
150.0828080864635
 20
-100.2099797083361
 10
150.0145154551289
 20
-100.2646024691102
 10
149.9067446913947
 20
-100.2918854887706
 10
149.7593823523591
 20
-100.2918854887706
 10
149.6130409995006
 20
-100.2918854887706
 10
149.5069718794056
 20
-100.2649427978374
 10
149.4410615491666
 20
-100.2110006945151
 10
149.3752646618366
 20
-100.1570585911977
 10
149.3423094967171
 20
-100.0706718158496
 10
149.3423094967171
 20
-99.95189708992771
 10
149.3423094967171
 20
-99.95189708992771
 10
149.3423094967171
 20
-99.52614585173309
 10
149.3423094967171
 20
-99.52614585173309
 97
        0
 75
     2
 76
     1
 98
        0
  0
POLYLINE
  5
1B0
330
1F
100
AcDbEntity
  8
Capa 1
370
     0
100
AcDb2dPolyline
 66
     1
 10
0.0
 20
0.0
 30
0.0
  0
VERTEX
  5
1B1
330
1B0
100
AcDbEntity
  8
Capa 1
370
     0
100
AcDbVertex
100
AcDb2dVertex
 10
151.3844520265195
 20
-100.2791231614865
 30
0.0
  0
VERTEX
  5
1B2
330
1B0
100
AcDbEntity
  8
Capa 1
370
     0
100
AcDbVertex
100
AcDb2dVertex
 10
151.3844520265195
 20
-99.69154561332995
 30
0.0
  0
VERTEX
  5
1B3
330
1B0
100
AcDbEntity
  8
Capa 1
370
     0
100
AcDbVertex
100
AcDb2dVertex
 10
151.1041913193596
 20
-99.69154561332995
 30
0.0
  0
VERTEX
  5
1B4
330
1B0
100
AcDbEntity
  8
Capa 1
370
     0
100
AcDbVertex
100
AcDb2dVertex
 10
151.1041913193596
 20
-99.52614585173309
 30
0.0
  0
VERTEX
  5
1B5
330
1B0
100
AcDbEntity
  8
Capa 1
370
     0
100
AcDbVertex
100
AcDb2dVertex
 10
151.9214907586257
 20
-99.52614585173309
 30
0.0
  0
VERTEX
  5
1B6
330
1B0
100
AcDbEntity
  8
Capa 1
370
     0
100
AcDbVertex
100
AcDb2dVertex
 10
151.9214907586257
 20
-99.69154561332995
 30
0.0
  0
VERTEX
  5
1B7
330
1B0
100
AcDbEntity
  8
Capa 1
370
     0
100
AcDbVertex
100
AcDb2dVertex
 10
151.6412300514717
 20
-99.69154561332995
 30
0.0
  0
VERTEX
  5
1B8
330
1B0
100
AcDbEntity
  8
Capa 1
370
     0
100
AcDbVertex
100
AcDb2dVertex
 10
151.6412300514717
 20
-100.2791231614865
 30
0.0
  0
VERTEX
  5
1B9
330
1B0
100
AcDbEntity
  8
Capa 1
370
     0
100
AcDbVertex
100
AcDb2dVertex
 10
151.3844520265195
 20
-100.2791231614865
 30
0.0
  0
SEQEND
  5
1BA
330
1B0
100
AcDbEntity
  8
Capa 1
370
     0
  0
HATCH
  5
1BB
330
1F
100
AcDbEntity
  8
Capa 1
 62
   255
100
AcDbHatch
 10
0.0
 20
0.0
 30
0.0
210
0.0
220
0.0
230
1.0
  2
SOLID
 70
     1
 71
     0
 91
        1
 92
        1
 93
        8
 72
     1
 10
151.3844520265195
 20
-100.2791231614865
 11
151.3844520265195
 21
-99.69154561332995
 72
     1
 10
151.3844520265195
 20
-99.69154561332995
 11
151.1041913193596
 21
-99.69154561332995
 72
     1
 10
151.1041913193596
 20
-99.69154561332995
 11
151.1041913193596
 21
-99.52614585173309
 72
     1
 10
151.1041913193596
 20
-99.52614585173309
 11
151.9214907586257
 21
-99.52614585173309
 72
     1
 10
151.9214907586257
 20
-99.52614585173309
 11
151.9214907586257
 21
-99.69154561332995
 72
     1
 10
151.9214907586257
 20
-99.69154561332995
 11
151.6412300514717
 21
-99.69154561332995
 72
     1
 10
151.6412300514717
 20
-99.69154561332995
 11
151.6412300514717
 21
-100.2791231614865
 72
     1
 10
151.6412300514717
 20
-100.2791231614865
 11
151.3844520265195
 21
-100.2791231614865
 97
        0
 75
     2
 76
     1
 98
        0
  0
SPLINE
  5
1BC
330
1F
100
AcDbEntity
  8
Capa 1
370
     0
100
AcDbSpline
210
0.0
220
0.0
230
1.0
 70
    11
 71
     3
 72
    29
 73
    25
 74
     0
 42
0.0000000001
 43
0.0000000001
 12
1.0
 22
0.0
 32
0.0
 13
1.0
 23
0.0
 33
0.0
 40
0.0
 40
0.0
 40
0.0
 40
0.0
 40
1.0
 40
1.0
 40
1.0
 40
2.0
 40
2.0
 40
2.0
 40
3.0
 40
3.0
 40
3.0
 40
4.0
 40
4.0
 40
4.0
 40
5.0
 40
5.0
 40
5.0
 40
6.0
 40
6.0
 40
6.0
 40
7.0
 40
7.0
 40
7.0
 40
8.0
 40
8.0
 40
8.0
 40
8.0
 10
153.2704403918197
 20
-100.2918854887706
 30
0.0
 10
153.1213764091423
 20
-100.2918854887706
 30
0.0
 10
153.0081036643155
 20
-100.2585332734687
 30
0.0
 10
152.9307356002479
 20
-100.1918288428646
 30
0.0
 10
152.8532540932667
 20
-100.1251244122592
 30
0.0
 10
152.8145700612377
 20
-100.0277903961755
 30
0.0
 10
152.8145700612377
 20
-99.89982679460635
 30
0.0
 10
152.8145700612377
 20
-99.77526648031944
 30
0.0
 10
152.8554662300002
 20
-99.67963410787151
 30
0.0
 10
152.9373152889821
 20
-99.61292967726708
 30
0.0
 10
153.0191643479614
 20
-99.54622524666198
 30
0.0
 10
153.1365210375171
 20
-99.51287303135719
 30
0.0
 10
153.2893286362002
 20
-99.51287303135719
 30
0.0
 10
153.4407749199706
 20
-99.51287303135719
 30
0.0
 10
153.5561463586199
 20
-99.54656557538918
 30
0.0
 10
153.6354429521372
 20
-99.61395066344225
 30
0.0
 10
153.7147395456654
 20
-99.68133575150719
 30
0.0
 10
153.7543878424282
 20
-99.7793504250481
 30
0.0
 10
153.7543878424282
 20
-99.90799468406463
 30
0.0
 10
153.7543878424282
 20
-100.0339163132684
 30
0.0
 10
153.7135483951218
 20
-100.1293785213562
 30
0.0
 10
153.6318695005013
 20
-100.1943813083221
 30
0.0
 10
153.5501906058865
 20
-100.2593840952893
 30
0.0
 10
153.4297142363228
 20
-100.2918854887706
 30
0.0
 10
153.2704403918197
 20
-100.2918854887706
 30
0.0
  0
SPLINE
  5
1BD
330
1F
100
AcDbEntity
  8
Capa 1
370
     0
100
AcDbSpline
210
0.0
220
0.0
230
1.0
 70
    11
 71
     3
 72
    29
 73
    25
 74
     0
 42
0.0000000001
 43
0.0000000001
 12
1.0
 22
0.0
 32
0.0
 13
1.0
 23
0.0
 33
0.0
 40
0.0
 40
0.0
 40
0.0
 40
0.0
 40
1.0
 40
1.0
 40
1.0
 40
2.0
 40
2.0
 40
2.0
 40
3.0
 40
3.0
 40
3.0
 40
4.0
 40
4.0
 40
4.0
 40
5.0
 40
5.0
 40
5.0
 40
6.0
 40
6.0
 40
6.0
 40
7.0
 40
7.0
 40
7.0
 40
8.0
 40
8.0
 40
8.0
 40
8.0
 10
153.0759425240151
 20
-99.9090156702504
 30
0.0
 10
153.0759425240151
 20
-99.98558963395713
 30
0.0
 10
153.0931858462081
 20
-100.043105188915
 30
0.0
 10
153.1277859335145
 20
-100.0815623351316
 30
0.0
 10
153.1622725779055
 20
-100.1200194813502
 30
0.0
 10
153.2139458230409
 20
-100.139248054455
 30
0.0
 10
153.2826922260137
 20
-100.139248054455
 30
0.0
 10
153.3524596151642
 20
-100.139248054455
 30
0.0
 10
153.4049269606683
 20
-100.1203598100742
 30
0.0
 10
153.4402077054233
 20
-100.0825833213158
 30
0.0
 10
153.47537500727
 20
-100.0448068325558
 30
0.0
 10
153.4930153796508
 20
-99.98865259250546
 30
0.0
 10
153.4930153796508
 20
-99.91412060116258
 30
0.0
 10
153.4930153796508
 20
-99.83312236400609
 30
0.0
 10
153.4749779570911
 20
-99.77146614286121
 30
0.0
 10
153.4389031119662
 20
-99.72909521627759
 30
0.0
 10
153.4028282668444
 20
-99.68672428969172
 30
0.0
 10
153.3500773140706
 20
-99.66551046567184
 30
0.0
 10
153.2806502536441
 20
-99.66551046567184
 30
0.0
 10
153.2159877954067
 20
-99.66551046567184
 30
0.0
 10
153.165675865182
 20
-99.68678101114978
 30
0.0
 10
153.1298279058777
 20
-99.72932210209187
 30
0.0
 10
153.0938665036618
 20
-99.77186319304295
 30
0.0
 10
153.0759425240151
 20
-99.83176104909312
 30
0.0
 10
153.0759425240151
 20
-99.9090156702504
 30
0.0
  0
HATCH
  5
1BE
330
1F
100
AcDbEntity
  8
Capa 1
 62
   255
100
AcDbHatch
 10
0.0
 20
0.0
 30
0.0
210
0.0
220
0.0
230
1.0
  2
SOLID
 70
     1
 71
     0
 91
        2
 92
        1
 93
        1
 72
     4
 94
        3
 73
     0
 74
     1
 95
       29
 96
       25
 40
0.0
 40
0.0
 40
0.0
 40
0.0
 40
1.0
 40
1.0
 40
1.0
 40
2.0
 40
2.0
 40
2.0
 40
3.0
 40
3.0
 40
3.0
 40
4.0
 40
4.0
 40
4.0
 40
5.0
 40
5.0
 40
5.0
 40
6.0
 40
6.0
 40
6.0
 40
7.0
 40
7.0
 40
7.0
 40
8.0
 40
8.0
 40
8.0
 40
8.0
 10
153.2704403918197
 20
-100.2918854887706
 10
153.1213764091423
 20
-100.2918854887706
 10
153.0081036643155
 20
-100.2585332734687
 10
152.9307356002479
 20
-100.1918288428646
 10
152.8532540932667
 20
-100.1251244122592
 10
152.8145700612377
 20
-100.0277903961755
 10
152.8145700612377
 20
-99.89982679460635
 10
152.8145700612377
 20
-99.77526648031944
 10
152.8554662300002
 20
-99.67963410787151
 10
152.9373152889821
 20
-99.61292967726708
 10
153.0191643479614
 20
-99.54622524666198
 10
153.1365210375171
 20
-99.51287303135719
 10
153.2893286362002
 20
-99.51287303135719
 10
153.4407749199706
 20
-99.51287303135719
 10
153.5561463586199
 20
-99.54656557538918
 10
153.6354429521372
 20
-99.61395066344225
 10
153.7147395456654
 20
-99.68133575150719
 10
153.7543878424282
 20
-99.7793504250481
 10
153.7543878424282
 20
-99.90799468406463
 10
153.7543878424282
 20
-100.0339163132684
 10
153.7135483951218
 20
-100.1293785213562
 10
153.6318695005013
 20
-100.1943813083221
 10
153.5501906058865
 20
-100.2593840952893
 10
153.4297142363228
 20
-100.2918854887706
 10
153.2704403918197
 20
-100.2918854887706
 97
        0
 92
        1
 93
        1
 72
     4
 94
        3
 73
     0
 74
     1
 95
       29
 96
       25
 40
0.0
 40
0.0
 40
0.0
 40
0.0
 40
1.0
 40
1.0
 40
1.0
 40
2.0
 40
2.0
 40
2.0
 40
3.0
 40
3.0
 40
3.0
 40
4.0
 40
4.0
 40
4.0
 40
5.0
 40
5.0
 40
5.0
 40
6.0
 40
6.0
 40
6.0
 40
7.0
 40
7.0
 40
7.0
 40
8.0
 40
8.0
 40
8.0
 40
8.0
 10
153.0759425240151
 20
-99.9090156702504
 10
153.0759425240151
 20
-99.98558963395713
 10
153.0931858462081
 20
-100.043105188915
 10
153.1277859335145
 20
-100.0815623351316
 10
153.1622725779055
 20
-100.1200194813502
 10
153.2139458230409
 20
-100.139248054455
 10
153.2826922260137
 20
-100.139248054455
 10
153.3524596151642
 20
-100.139248054455
 10
153.4049269606683
 20
-100.1203598100742
 10
153.4402077054233
 20
-100.0825833213158
 10
153.47537500727
 20
-100.0448068325558
 10
153.4930153796508
 20
-99.98865259250546
 10
153.4930153796508
 20
-99.91412060116258
 10
153.4930153796508
 20
-99.83312236400609
 10
153.4749779570911
 20
-99.77146614286121
 10
153.4389031119662
 20
-99.72909521627759
 10
153.4028282668444
 20
-99.68672428969172
 10
153.3500773140706
 20
-99.66551046567184
 10
153.2806502536441
 20
-99.66551046567184
 10
153.2159877954067
 20
-99.66551046567184
 10
153.165675865182
 20
-99.68678101114978
 10
153.1298279058777
 20
-99.72932210209187
 10
153.0938665036618
 20
-99.77186319304295
 10
153.0759425240151
 20
-99.83176104909312
 10
153.0759425240151
 20
-99.9090156702504
 97
        0
 75
     2
 76
     1
 98
        0
  0
SPLINE
  5
1BF
330
1F
100
AcDbEntity
  8
Capa 1
370
     0
100
AcDbSpline
210
0.0
220
0.0
230
1.0
 70
    11
 71
     3
 72
    32
 73
    28
 74
     0
 42
0.0000000001
 43
0.0000000001
 12
1.0
 22
0.0
 32
0.0
 13
1.0
 23
0.0
 33
0.0
 40
0.0
 40
0.0
 40
0.0
 40
0.0
 40
1.0
 40
1.0
 40
1.0
 40
2.0
 40
2.0
 40
2.0
 40
3.0
 40
3.0
 40
3.0
 40
4.0
 40
4.0
 40
4.0
 40
5.0
 40
5.0
 40
5.0
 40
6.0
 40
6.0
 40
6.0
 40
7.0
 40
7.0
 40
7.0
 40
8.0
 40
8.0
 40
8.0
 40
9.0
 40
9.0
 40
9.0
 40
9.0
 10
154.6974387465351
 20
-100.2791231614865
 30
0.0
 10
154.6974387465351
 20
-100.2791231614865
 30
0.0
 10
154.6974387465351
 20
-99.52614585173309
 30
0.0
 10
154.6974387465351
 20
-99.52614585173309
 30
0.0
 10
154.6974387465351
 20
-99.52614585173309
 30
0.0
 10
155.1594349942131
 20
-99.52614585173309
 30
0.0
 10
155.1594349942131
 20
-99.52614585173309
 30
0.0
 10
155.2608529550267
 20
-99.52614585173309
 30
0.0
 10
155.3345341245468
 20
-99.54429671720432
 30
0.0
 10
155.3804785027753
 20
-99.58054172668999
 30
0.0
 10
155.4264228809948
 20
-99.61678673617855
 30
0.0
 10
155.4493950701036
 20
-99.6743590125906
 30
0.0
 10
155.4493950701036
 20
-99.75331527738999
 30
0.0
 10
155.4493950701036
 20
-99.83261187091496
 30
0.0
 10
155.4252884519029
 20
-99.89438153496602
 30
0.0
 10
155.3771319369485
 20
-99.9386242695486
 30
0.0
 10
155.3289754219993
 20
-99.98286700413568
 30
0.0
 10
155.2617037768534
 20
-100.0049883714246
 30
0.0
 10
155.1752602800475
 20
-100.0049883714246
 30
0.0
 10
155.1752602800475
 20
-100.0049883714246
 30
0.0
 10
154.950643319845
 20
-100.0049883714246
 30
0.0
 10
154.950643319845
 20
-100.0049883714246
 30
0.0
 10
154.950643319845
 20
-100.0049883714246
 30
0.0
 10
154.950643319845
 20
-100.2791231614865
 30
0.0
 10
154.950643319845
 20
-100.2791231614865
 30
0.0
 10
154.950643319845
 20
-100.2791231614865
 30
0.0
 10
154.6974387465351
 20
-100.2791231614865
 30
0.0
 10
154.6974387465351
 20
-100.2791231614865
 30
0.0
  0
SPLINE
  5
1C0
330
1F
100
AcDbEntity
  8
Capa 1
370
     0
100
AcDbSpline
210
0.0
220
0.0
230
1.0
 70
    11
 71
     3
 72
    26
 73
    22
 74
     0
 42
0.0000000001
 43
0.0000000001
 12
1.0
 22
0.0
 32
0.0
 13
1.0
 23
0.0
 33
0.0
 40
0.0
 40
0.0
 40
0.0
 40
0.0
 40
1.0
 40
1.0
 40
1.0
 40
2.0
 40
2.0
 40
2.0
 40
3.0
 40
3.0
 40
3.0
 40
4.0
 40
4.0
 40
4.0
 40
5.0
 40
5.0
 40
5.0
 40
6.0
 40
6.0
 40
6.0
 40
7.0
 40
7.0
 40
7.0
 40
7.0
 10
154.950643319845
 20
-99.68337772387264
 30
0.0
 10
154.950643319845
 20
-99.68337772387264
 30
0.0
 10
154.950643319845
 20
-99.84112008909979
 30
0.0
 10
154.950643319845
 20
-99.84112008909979
 30
0.0
 10
154.950643319845
 20
-99.84112008909979
 30
0.0
 10
155.0935813854251
 20
-99.84112008909979
 30
0.0
 10
155.0935813854251
 20
-99.84112008909979
 30
0.0
 10
155.127273929459
 20
-99.84112008909979
 30
0.0
 10
155.1522880909323
 20
-99.83459712182524
 30
0.0
 10
155.1686238698585
 20
-99.82149446580941
 30
0.0
 10
155.1849596487814
 20
-99.80839180979936
 30
0.0
 10
155.1931275382413
 20
-99.78836913632597
 30
0.0
 10
155.1931275382413
 20
-99.76148316685082
 30
0.0
 10
155.1931275382413
 20
-99.73561818355631
 30
0.0
 10
155.1847894844162
 20
-99.71616272462761
 30
0.0
 10
155.1681133767693
 20
-99.70306006861627
 30
0.0
 10
155.1514372691172
 20
-99.68995741260494
 30
0.0
 10
155.1265932720059
 20
-99.68337772387264
 30
0.0
 10
155.0935813854251
 20
-99.68337772387264
 30
0.0
 10
155.0935813854251
 20
-99.68337772387264
 30
0.0
 10
154.950643319845
 20
-99.68337772387264
 30
0.0
 10
154.950643319845
 20
-99.68337772387264
 30
0.0
  0
HATCH
  5
1C1
330
1F
100
AcDbEntity
  8
Capa 1
 62
   255
100
AcDbHatch
 10
0.0
 20
0.0
 30
0.0
210
0.0
220
0.0
230
1.0
  2
SOLID
 70
     1
 71
     0
 91
        2
 92
        1
 93
        1
 72
     4
 94
        3
 73
     0
 74
     1
 95
       32
 96
       28
 40
0.0
 40
0.0
 40
0.0
 40
0.0
 40
1.0
 40
1.0
 40
1.0
 40
2.0
 40
2.0
 40
2.0
 40
3.0
 40
3.0
 40
3.0
 40
4.0
 40
4.0
 40
4.0
 40
5.0
 40
5.0
 40
5.0
 40
6.0
 40
6.0
 40
6.0
 40
7.0
 40
7.0
 40
7.0
 40
8.0
 40
8.0
 40
8.0
 40
9.0
 40
9.0
 40
9.0
 40
9.0
 10
154.6974387465351
 20
-100.2791231614865
 10
154.6974387465351
 20
-100.2791231614865
 10
154.6974387465351
 20
-99.52614585173309
 10
154.6974387465351
 20
-99.52614585173309
 10
154.6974387465351
 20
-99.52614585173309
 10
155.1594349942131
 20
-99.52614585173309
 10
155.1594349942131
 20
-99.52614585173309
 10
155.2608529550267
 20
-99.52614585173309
 10
155.3345341245468
 20
-99.54429671720432
 10
155.3804785027753
 20
-99.58054172668999
 10
155.4264228809948
 20
-99.61678673617855
 10
155.4493950701036
 20
-99.6743590125906
 10
155.4493950701036
 20
-99.75331527738999
 10
155.4493950701036
 20
-99.83261187091496
 10
155.4252884519029
 20
-99.89438153496602
 10
155.3771319369485
 20
-99.9386242695486
 10
155.3289754219993
 20
-99.98286700413568
 10
155.2617037768534
 20
-100.0049883714246
 10
155.1752602800475
 20
-100.0049883714246
 10
155.1752602800475
 20
-100.0049883714246
 10
154.950643319845
 20
-100.0049883714246
 10
154.950643319845
 20
-100.0049883714246
 10
154.950643319845
 20
-100.0049883714246
 10
154.950643319845
 20
-100.2791231614865
 10
154.950643319845
 20
-100.2791231614865
 10
154.950643319845
 20
-100.2791231614865
 10
154.6974387465351
 20
-100.2791231614865
 10
154.6974387465351
 20
-100.2791231614865
 97
        0
 92
        1
 93
        1
 72
     4
 94
        3
 73
     0
 74
     1
 95
       26
 96
       22
 40
0.0
 40
0.0
 40
0.0
 40
0.0
 40
1.0
 40
1.0
 40
1.0
 40
2.0
 40
2.0
 40
2.0
 40
3.0
 40
3.0
 40
3.0
 40
4.0
 40
4.0
 40
4.0
 40
5.0
 40
5.0
 40
5.0
 40
6.0
 40
6.0
 40
6.0
 40
7.0
 40
7.0
 40
7.0
 40
7.0
 10
154.950643319845
 20
-99.68337772387264
 10
154.950643319845
 20
-99.68337772387264
 10
154.950643319845
 20
-99.84112008909979
 10
154.950643319845
 20
-99.84112008909979
 10
154.950643319845
 20
-99.84112008909979
 10
155.0935813854251
 20
-99.84112008909979
 10
155.0935813854251
 20
-99.84112008909979
 10
155.127273929459
 20
-99.84112008909979
 10
155.1522880909323
 20
-99.83459712182524
 10
155.1686238698585
 20
-99.82149446580941
 10
155.1849596487814
 20
-99.80839180979936
 10
155.1931275382413
 20
-99.78836913632597
 10
155.1931275382413
 20
-99.76148316685082
 10
155.1931275382413
 20
-99.73561818355631
 10
155.1847894844162
 20
-99.71616272462761
 10
155.1681133767693
 20
-99.70306006861627
 10
155.1514372691172
 20
-99.68995741260494
 10
155.1265932720059
 20
-99.68337772387264
 10
155.0935813854251
 20
-99.68337772387264
 10
155.0935813854251
 20
-99.68337772387264
 10
154.950643319845
 20
-99.68337772387264
 10
154.950643319845
 20
-99.68337772387264
 97
        0
 75
     2
 76
     1
 98
        0
  0
POLYLINE
  5
1C2
330
1F
100
AcDbEntity
  8
Capa 1
370
     0
100
AcDb2dPolyline
 66
     1
 10
0.0
 20
0.0
 30
0.0
  0
VERTEX
  5
1C3
330
1C2
100
AcDbEntity
  8
Capa 1
370
     0
100
AcDbVertex
100
AcDb2dVertex
 10
156.376677409833
 20
-100.2791231614865
 30
0.0
  0
VERTEX
  5
1C4
330
1C2
100
AcDbEntity
  8
Capa 1
370
     0
100
AcDbVertex
100
AcDb2dVertex
 10
156.376677409833
 20
-99.52614585173309
 30
0.0
  0
VERTEX
  5
1C5
330
1C2
100
AcDbEntity
  8
Capa 1
370
     0
100
AcDbVertex
100
AcDb2dVertex
 10
156.6339659278788
 20
-99.52614585173309
 30
0.0
  0
VERTEX
  5
1C6
330
1C2
100
AcDbEntity
  8
Capa 1
370
     0
100
AcDbVertex
100
AcDb2dVertex
 10
156.6339659278788
 20
-100.2791231614865
 30
0.0
  0
VERTEX
  5
1C7
330
1C2
100
AcDbEntity
  8
Capa 1
370
     0
100
AcDbVertex
100
AcDb2dVertex
 10
156.376677409833
 20
-100.2791231614865
 30
0.0
  0
SEQEND
  5
1C8
330
1C2
100
AcDbEntity
  8
Capa 1
370
     0
  0
HATCH
  5
1C9
330
1F
100
AcDbEntity
  8
Capa 1
 62
   255
100
AcDbHatch
 10
0.0
 20
0.0
 30
0.0
210
0.0
220
0.0
230
1.0
  2
SOLID
 70
     1
 71
     0
 91
        1
 92
        1
 93
        4
 72
     1
 10
156.376677409833
 20
-100.2791231614865
 11
156.376677409833
 21
-99.52614585173309
 72
     1
 10
156.376677409833
 20
-99.52614585173309
 11
156.6339659278788
 21
-99.52614585173309
 72
     1
 10
156.6339659278788
 20
-99.52614585173309
 11
156.6339659278788
 21
-100.2791231614865
 72
     1
 10
156.6339659278788
 20
-100.2791231614865
 11
156.376677409833
 21
-100.2791231614865
 97
        0
 75
     2
 76
     1
 98
        0
  0
POLYLINE
  5
1CA
330
1F
100
AcDbEntity
  8
Capa 1
370
     0
100
AcDb2dPolyline
 66
     1
 10
0.0
 20
0.0
 30
0.0
  0
VERTEX
  5
1CB
330
1CA
100
AcDbEntity
  8
Capa 1
370
     0
100
AcDbVertex
100
AcDb2dVertex
 10
158.2575608442213
 20
-100.114744386069
 30
0.0
  0
VERTEX
  5
1CC
330
1CA
100
AcDbEntity
  8
Capa 1
370
     0
100
AcDbVertex
100
AcDb2dVertex
 10
158.2575608442213
 20
-100.2791231614865
 30
0.0
  0
VERTEX
  5
1CD
330
1CA
100
AcDbEntity
  8
Capa 1
370
     0
100
AcDbVertex
100
AcDb2dVertex
 10
157.6071926458328
 20
-100.2791231614865
 30
0.0
  0
VERTEX
  5
1CE
330
1CA
100
AcDbEntity
  8
Capa 1
370
     0
100
AcDbVertex
100
AcDb2dVertex
 10
157.6071926458328
 20
-99.52614585173309
 30
0.0
  0
VERTEX
  5
1CF
330
1CA
100
AcDbEntity
  8
Capa 1
370
     0
100
AcDbVertex
100
AcDb2dVertex
 10
157.8644811638749
 20
-99.52614585173309
 30
0.0
  0
VERTEX
  5
1D0
330
1CA
100
AcDbEntity
  8
Capa 1
370
     0
100
AcDbVertex
100
AcDb2dVertex
 10
157.8644811638749
 20
-100.114744386069
 30
0.0
  0
VERTEX
  5
1D1
330
1CA
100
AcDbEntity
  8
Capa 1
370
     0
100
AcDbVertex
100
AcDb2dVertex
 10
158.2575608442213
 20
-100.114744386069
 30
0.0
  0
SEQEND
  5
1D2
330
1CA
100
AcDbEntity
  8
Capa 1
370
     0
  0
HATCH
  5
1D3
330
1F
100
AcDbEntity
  8
Capa 1
 62
   255
100
AcDbHatch
 10
0.0
 20
0.0
 30
0.0
210
0.0
220
0.0
230
1.0
  2
SOLID
 70
     1
 71
     0
 91
        1
 92
        1
 93
        6
 72
     1
 10
158.2575608442213
 20
-100.114744386069
 11
158.2575608442213
 21
-100.2791231614865
 72
     1
 10
158.2575608442213
 20
-100.2791231614865
 11
157.6071926458328
 21
-100.2791231614865
 72
     1
 10
157.6071926458328
 20
-100.2791231614865
 11
157.6071926458328
 21
-99.52614585173309
 72
     1
 10
157.6071926458328
 20
-99.52614585173309
 11
157.8644811638749
 21
-99.52614585173309
 72
     1
 10
157.8644811638749
 20
-99.52614585173309
 11
157.8644811638749
 21
-100.114744386069
 72
     1
 10
157.8644811638749
 20
-100.114744386069
 11
158.2575608442213
 21
-100.114744386069
 97
        0
 75
     2
 76
     1
 98
        0
  0
SPLINE
  5
1D4
330
1F
100
AcDbEntity
  8
Capa 1
370
     0
100
AcDbSpline
210
0.0
220
0.0
230
1.0
 70
    11
 71
     3
 72
    29
 73
    25
 74
     0
 42
0.0000000001
 43
0.0000000001
 12
1.0
 22
0.0
 32
0.0
 13
1.0
 23
0.0
 33
0.0
 40
0.0
 40
0.0
 40
0.0
 40
0.0
 40
1.0
 40
1.0
 40
1.0
 40
2.0
 40
2.0
 40
2.0
 40
3.0
 40
3.0
 40
3.0
 40
4.0
 40
4.0
 40
4.0
 40
5.0
 40
5.0
 40
5.0
 40
6.0
 40
6.0
 40
6.0
 40
7.0
 40
7.0
 40
7.0
 40
8.0
 40
8.0
 40
8.0
 40
8.0
 10
159.5977753734069
 20
-100.2918854887706
 30
0.0
 10
159.4487113907237
 20
-100.2918854887706
 30
0.0
 10
159.3354386458963
 20
-100.2585332734687
 30
0.0
 10
159.2580705818325
 20
-100.1918288428646
 30
0.0
 10
159.18058907485
 20
-100.1251244122592
 30
0.0
 10
159.1419050428185
 20
-100.0277903961755
 30
0.0
 10
159.1419050428185
 20
-99.89982679460635
 30
0.0
 10
159.1419050428185
 20
-99.77526648031944
 30
0.0
 10
159.1828012115849
 20
-99.67963410787151
 30
0.0
 10
159.2646502705661
 20
-99.61292967726708
 30
0.0
 10
159.346499329548
 20
-99.54622524666198
 30
0.0
 10
159.4638560191037
 20
-99.51287303135719
 30
0.0
 10
159.6166636177848
 20
-99.51287303135719
 30
0.0
 10
159.7681099015527
 20
-99.51287303135719
 30
0.0
 10
159.8834813402007
 20
-99.54656557538918
 30
0.0
 10
159.9627779337256
 20
-99.61395066344225
 30
0.0
 10
160.0420745272526
 20
-99.68133575150719
 30
0.0
 10
160.0817228240109
 20
-99.7793504250481
 30
0.0
 10
160.0817228240109
 20
-99.90799468406463
 30
0.0
 10
160.0817228240109
 20
-100.0339163132684
 30
0.0
 10
160.0408833767045
 20
-100.1293785213562
 30
0.0
 10
159.9592044820872
 20
-100.1943813083221
 30
0.0
 10
159.8775255874705
 20
-100.2593840952893
 30
0.0
 10
159.7570492179061
 20
-100.2918854887706
 30
0.0
 10
159.5977753734069
 20
-100.2918854887706
 30
0.0
  0
SPLINE
  5
1D5
330
1F
100
AcDbEntity
  8
Capa 1
370
     0
100
AcDbSpline
210
0.0
220
0.0
230
1.0
 70
    11
 71
     3
 72
    29
 73
    25
 74
     0
 42
0.0000000001
 43
0.0000000001
 12
1.0
 22
0.0
 32
0.0
 13
1.0
 23
0.0
 33
0.0
 40
0.0
 40
0.0
 40
0.0
 40
0.0
 40
1.0
 40
1.0
 40
1.0
 40
2.0
 40
2.0
 40
2.0
 40
3.0
 40
3.0
 40
3.0
 40
4.0
 40
4.0
 40
4.0
 40
5.0
 40
5.0
 40
5.0
 40
6.0
 40
6.0
 40
6.0
 40
7.0
 40
7.0
 40
7.0
 40
8.0
 40
8.0
 40
8.0
 40
8.0
 10
159.4032775055927
 20
-99.9090156702504
 30
0.0
 10
159.4032775055927
 20
-99.98558963395713
 30
0.0
 10
159.4205208277933
 20
-100.043105188915
 30
0.0
 10
159.4551209150953
 20
-100.0815623351316
 30
0.0
 10
159.489607559492
 20
-100.1200194813502
 30
0.0
 10
159.5412808046236
 20
-100.139248054455
 30
0.0
 10
159.6100272075983
 20
-100.139248054455
 30
0.0
 10
159.6797945967501
 20
-100.139248054455
 30
0.0
 10
159.7322619422484
 20
-100.1203598100742
 30
0.0
 10
159.7675426870073
 20
-100.0825833213158
 30
0.0
 10
159.8027099888572
 20
-100.0448068325558
 30
0.0
 10
159.8203503612379
 20
-99.98865259250546
 30
0.0
 10
159.8203503612379
 20
-99.91412060116258
 30
0.0
 10
159.8203503612379
 20
-99.83312236400609
 30
0.0
 10
159.8023129386783
 20
-99.77146614286121
 30
0.0
 10
159.7662380935534
 20
-99.72909521627759
 30
0.0
 10
159.7301632484291
 20
-99.68672428969172
 30
0.0
 10
159.6774122956578
 20
-99.66551046567184
 30
0.0
 10
159.6079852352319
 20
-99.66551046567184
 30
0.0
 10
159.5433227769907
 20
-99.66551046567184
 30
0.0
 10
159.4930108467647
 20
-99.68678101114978
 30
0.0
 10
159.457162887461
 20
-99.72932210209187
 30
0.0
 10
159.4212014852496
 20
-99.77186319304295
 30
0.0
 10
159.4032775055927
 20
-99.83176104909312
 30
0.0
 10
159.4032775055927
 20
-99.9090156702504
 30
0.0
  0
HATCH
  5
1D6
330
1F
100
AcDbEntity
  8
Capa 1
 62
   255
100
AcDbHatch
 10
0.0
 20
0.0
 30
0.0
210
0.0
220
0.0
230
1.0
  2
SOLID
 70
     1
 71
     0
 91
        2
 92
        1
 93
        1
 72
     4
 94
        3
 73
     0
 74
     1
 95
       29
 96
       25
 40
0.0
 40
0.0
 40
0.0
 40
0.0
 40
1.0
 40
1.0
 40
1.0
 40
2.0
 40
2.0
 40
2.0
 40
3.0
 40
3.0
 40
3.0
 40
4.0
 40
4.0
 40
4.0
 40
5.0
 40
5.0
 40
5.0
 40
6.0
 40
6.0
 40
6.0
 40
7.0
 40
7.0
 40
7.0
 40
8.0
 40
8.0
 40
8.0
 40
8.0
 10
159.5977753734069
 20
-100.2918854887706
 10
159.4487113907237
 20
-100.2918854887706
 10
159.3354386458963
 20
-100.2585332734687
 10
159.2580705818325
 20
-100.1918288428646
 10
159.18058907485
 20
-100.1251244122592
 10
159.1419050428185
 20
-100.0277903961755
 10
159.1419050428185
 20
-99.89982679460635
 10
159.1419050428185
 20
-99.77526648031944
 10
159.1828012115849
 20
-99.67963410787151
 10
159.2646502705661
 20
-99.61292967726708
 10
159.346499329548
 20
-99.54622524666198
 10
159.4638560191037
 20
-99.51287303135719
 10
159.6166636177848
 20
-99.51287303135719
 10
159.7681099015527
 20
-99.51287303135719
 10
159.8834813402007
 20
-99.54656557538918
 10
159.9627779337256
 20
-99.61395066344225
 10
160.0420745272526
 20
-99.68133575150719
 10
160.0817228240109
 20
-99.7793504250481
 10
160.0817228240109
 20
-99.90799468406463
 10
160.0817228240109
 20
-100.0339163132684
 10
160.0408833767045
 20
-100.1293785213562
 10
159.9592044820872
 20
-100.1943813083221
 10
159.8775255874705
 20
-100.2593840952893
 10
159.7570492179061
 20
-100.2918854887706
 10
159.5977753734069
 20
-100.2918854887706
 97
        0
 92
        1
 93
        1
 72
     4
 94
        3
 73
     0
 74
     1
 95
       29
 96
       25
 40
0.0
 40
0.0
 40
0.0
 40
0.0
 40
1.0
 40
1.0
 40
1.0
 40
2.0
 40
2.0
 40
2.0
 40
3.0
 40
3.0
 40
3.0
 40
4.0
 40
4.0
 40
4.0
 40
5.0
 40
5.0
 40
5.0
 40
6.0
 40
6.0
 40
6.0
 40
7.0
 40
7.0
 40
7.0
 40
8.0
 40
8.0
 40
8.0
 40
8.0
 10
159.4032775055927
 20
-99.9090156702504
 10
159.4032775055927
 20
-99.98558963395713
 10
159.4205208277933
 20
-100.043105188915
 10
159.4551209150953
 20
-100.0815623351316
 10
159.489607559492
 20
-100.1200194813502
 10
159.5412808046236
 20
-100.139248054455
 10
159.6100272075983
 20
-100.139248054455
 10
159.6797945967501
 20
-100.139248054455
 10
159.7322619422484
 20
-100.1203598100742
 10
159.7675426870073
 20
-100.0825833213158
 10
159.8027099888572
 20
-100.0448068325558
 10
159.8203503612379
 20
-99.98865259250546
 10
159.8203503612379
 20
-99.91412060116258
 10
159.8203503612379
 20
-99.83312236400609
 10
159.8023129386783
 20
-99.77146614286121
 10
159.7662380935534
 20
-99.72909521627759
 10
159.7301632484291
 20
-99.68672428969172
 10
159.6774122956578
 20
-99.66551046567184
 10
159.6079852352319
 20
-99.66551046567184
 10
159.5433227769907
 20
-99.66551046567184
 10
159.4930108467647
 20
-99.68678101114978
 10
159.457162887461
 20
-99.72932210209187
 10
159.4212014852496
 20
-99.77186319304295
 10
159.4032775055927
 20
-99.83176104909312
 10
159.4032775055927
 20
-99.9090156702504
 97
        0
 75
     2
 76
     1
 98
        0
  0
POLYLINE
  5
1D7
330
1F
100
AcDbEntity
  8
Capa 1
370
     0
100
AcDb2dPolyline
 66
     1
 10
0.0
 20
0.0
 30
0.0
  0
VERTEX
  5
1D8
330
1D7
100
AcDbEntity
  8
Capa 1
370
     0
100
AcDbVertex
100
AcDb2dVertex
 10
161.255062833775
 20
-100.2791231614865
 30
0.0
  0
VERTEX
  5
1D9
330
1D7
100
AcDbEntity
  8
Capa 1
370
     0
100
AcDbVertex
100
AcDb2dVertex
 10
161.255062833775
 20
-99.69154561332995
 30
0.0
  0
VERTEX
  5
1DA
330
1D7
100
AcDbEntity
  8
Capa 1
370
     0
100
AcDbVertex
100
AcDb2dVertex
 10
160.9748021266177
 20
-99.69154561332995
 30
0.0
  0
VERTEX
  5
1DB
330
1D7
100
AcDbEntity
  8
Capa 1
370
     0
100
AcDbVertex
100
AcDb2dVertex
 10
160.9748021266177
 20
-99.52614585173309
 30
0.0
  0
VERTEX
  5
1DC
330
1D7
100
AcDbEntity
  8
Capa 1
370
     0
100
AcDbVertex
100
AcDb2dVertex
 10
161.7921015658864
 20
-99.52614585173309
 30
0.0
  0
VERTEX
  5
1DD
330
1D7
100
AcDbEntity
  8
Capa 1
370
     0
100
AcDbVertex
100
AcDb2dVertex
 10
161.7921015658864
 20
-99.69154561332995
 30
0.0
  0
VERTEX
  5
1DE
330
1D7
100
AcDbEntity
  8
Capa 1
370
     0
100
AcDbVertex
100
AcDb2dVertex
 10
161.5118408587291
 20
-99.69154561332995
 30
0.0
  0
VERTEX
  5
1DF
330
1D7
100
AcDbEntity
  8
Capa 1
370
     0
100
AcDbVertex
100
AcDb2dVertex
 10
161.5118408587291
 20
-100.2791231614865
 30
0.0
  0
VERTEX
  5
1E0
330
1D7
100
AcDbEntity
  8
Capa 1
370
     0
100
AcDbVertex
100
AcDb2dVertex
 10
161.255062833775
 20
-100.2791231614865
 30
0.0
  0
SEQEND
  5
1E1
330
1D7
100
AcDbEntity
  8
Capa 1
370
     0
  0
HATCH
  5
1E2
330
1F
100
AcDbEntity
  8
Capa 1
 62
   255
100
AcDbHatch
 10
0.0
 20
0.0
 30
0.0
210
0.0
220
0.0
230
1.0
  2
SOLID
 70
     1
 71
     0
 91
        1
 92
        1
 93
        8
 72
     1
 10
161.255062833775
 20
-100.2791231614865
 11
161.255062833775
 21
-99.69154561332995
 72
     1
 10
161.255062833775
 20
-99.69154561332995
 11
160.9748021266177
 21
-99.69154561332995
 72
     1
 10
160.9748021266177
 20
-99.69154561332995
 11
160.9748021266177
 21
-99.52614585173309
 72
     1
 10
160.9748021266177
 20
-99.52614585173309
 11
161.7921015658864
 21
-99.52614585173309
 72
     1
 10
161.7921015658864
 20
-99.52614585173309
 11
161.7921015658864
 21
-99.69154561332995
 72
     1
 10
161.7921015658864
 20
-99.69154561332995
 11
161.5118408587291
 21
-99.69154561332995
 72
     1
 10
161.5118408587291
 20
-99.69154561332995
 11
161.5118408587291
 21
-100.2791231614865
 72
     1
 10
161.5118408587291
 20
-100.2791231614865
 11
161.255062833775
 21
-100.2791231614865
 97
        0
 75
     2
 76
     1
 98
        0
  0
SPLINE
  5
1E3
330
1F
100
AcDbEntity
  8
Capa 1
370
     0
100
AcDbSpline
210
0.0
220
0.0
230
1.0
 70
    11
 71
     3
 72
   110
 73
   106
 74
     0
 42
0.0000000001
 43
0.0000000001
 12
1.0
 22
0.0
 32
0.0
 13
1.0
 23
0.0
 33
0.0
 40
0.0
 40
0.0
 40
0.0
 40
0.0
 40
1.0
 40
1.0
 40
1.0
 40
2.0
 40
2.0
 40
2.0
 40
3.0
 40
3.0
 40
3.0
 40
4.0
 40
4.0
 40
4.0
 40
5.0
 40
5.0
 40
5.0
 40
6.0
 40
6.0
 40
6.0
 40
7.0
 40
7.0
 40
7.0
 40
8.0
 40
8.0
 40
8.0
 40
9.0
 40
9.0
 40
9.0
 40
10.0
 40
10.0
 40
10.0
 40
11.0
 40
11.0
 40
11.0
 40
12.0
 40
12.0
 40
12.0
 40
13.0
 40
13.0
 40
13.0
 40
14.0
 40
14.0
 40
14.0
 40
15.0
 40
15.0
 40
15.0
 40
16.0
 40
16.0
 40
16.0
 40
17.0
 40
17.0
 40
17.0
 40
18.0
 40
18.0
 40
18.0
 40
19.0
 40
19.0
 40
19.0
 40
20.0
 40
20.0
 40
20.0
 40
21.0
 40
21.0
 40
21.0
 40
22.0
 40
22.0
 40
22.0
 40
23.0
 40
23.0
 40
23.0
 40
24.0
 40
24.0
 40
24.0
 40
25.0
 40
25.0
 40
25.0
 40
26.0
 40
26.0
 40
26.0
 40
27.0
 40
27.0
 40
27.0
 40
28.0
 40
28.0
 40
28.0
 40
29.0
 40
29.0
 40
29.0
 40
30.0
 40
30.0
 40
30.0
 40
31.0
 40
31.0
 40
31.0
 40
32.0
 40
32.0
 40
32.0
 40
33.0
 40
33.0
 40
33.0
 40
34.0
 40
34.0
 40
34.0
 40
35.0
 40
35.0
 40
35.0
 40
35.0
 10
162.9327132963491
 20
-100.0305130259996
 30
0.0
 10
162.9327132963491
 20
-100.03085335472
 30
0.0
 10
162.9327132963491
 20
-100.0315340121799
 30
0.0
 10
162.9327132963491
 20
-100.0325549983609
 30
0.0
 10
162.9313519814364
 20
-100.0420842027308
 30
0.0
 10
162.9306713239859
 20
-100.0490609416477
 30
0.0
 10
162.9306713239859
 20
-100.0534852151061
 30
0.0
 10
162.9306713239859
 20
-100.0827534856771
 30
0.0
 10
162.9432067654465
 20
-100.1045345242424
 30
0.0
 10
162.96816420547
 20
-100.1188283307989
 30
0.0
 10
162.9932350883982
 20
-100.1331221373622
 30
0.0
 10
163.0319191204329
 20
-100.1402690406392
 30
0.0
 10
163.0843297444834
 20
-100.1402690406392
 30
0.0
 10
163.124148205605
 20
-100.1402690406392
 30
0.0
 10
163.1553450056356
 20
-100.1344267308129
 30
0.0
 10
163.178033587474
 20
-100.1226853897101
 30
0.0
 10
163.2006087264008
 20
-100.1109440486114
 30
0.0
 10
163.2119530173209
 20
-100.094835155504
 30
0.0
 10
163.2119530173209
 20
-100.0744154318505
 30
0.0
 10
163.2119530173209
 20
-100.0434455176438
 30
0.0
 10
163.1671997896456
 20
-100.0182611918037
 30
0.0
 10
163.0776933342937
 20
-99.99886245433143
 30
0.0
 10
163.0671431437396
 20
-99.99648015323942
 30
0.0
 10
163.0593155830057
 20
-99.99477850959828
 30
0.0
 10
163.0542106520931
 20
-99.99375752341508
 30
0.0
 10
163.0484250637218
 20
-99.99239620850692
 30
0.0
 10
163.0400870098954
 20
-99.9905244005057
 30
0.0
 10
163.0291964906147
 20
-99.98814209941274
 30
0.0
 10
162.8869390824916
 20
-99.9571721852051
 30
0.0
 10
162.7955608191365
 20
-99.92347964117343
 30
0.0
 10
162.7550617005541
 20
-99.88706446732063
 30
0.0
 10
162.735322634356
 20
-99.86936737349144
 30
0.0
 10
162.7204048917992
 20
-99.84843715674583
 30
0.0
 10
162.7104219157891
 20
-99.82427381708636
 30
0.0
 10
162.7003254968674
 20
-99.80011047742946
 30
0.0
 10
162.6953340088679
 20
-99.7728841792223
 30
0.0
 10
162.6953340088679
 20
-99.74259492247099
 30
0.0
 10
162.6953340088679
 20
-99.66840325985721
 30
0.0
 10
162.7280055667131
 20
-99.61190869108194
 30
0.0
 10
162.7933486824075
 20
-99.57311121614033
 30
0.0
 10
162.8586917981018
 20
-99.5343137411952
 30
0.0
 10
162.9543241705517
 20
-99.51491500372265
 30
0.0
 10
163.0802457997487
 20
-99.51491500372265
 30
0.0
 10
163.2044657853187
 20
-99.51491500372265
 30
0.0
 10
163.2965247061249
 20
-99.53312259064968
 30
0.0
 10
163.3564225621776
 20
-99.56953776450024
 30
0.0
 10
163.4163204182265
 20
-99.60595293834822
 30
0.0
 10
163.4462693462586
 20
-99.661937014034
 30
0.0
 10
163.4462693462586
 20
-99.7374899915572
 30
0.0
 10
163.4462693462586
 20
-99.7374899915572
 30
0.0
 10
163.4462693462586
 20
-99.74616837411268
 30
0.0
 10
163.4462693462586
 20
-99.74616837411268
 30
0.0
 10
163.4462693462586
 20
-99.74616837411268
 30
0.0
 10
163.2109320311348
 20
-99.74616837411268
 30
0.0
 10
163.2109320311348
 20
-99.74616837411268
 30
0.0
 10
163.2109320311348
 20
-99.74616837411268
 30
0.0
 10
163.2109320311348
 20
-99.74259492247099
 30
0.0
 10
163.2109320311348
 20
-99.74259492247099
 30
0.0
 10
163.2109320311348
 20
-99.71672993917744
 30
0.0
 10
163.1990205256732
 20
-99.69710431588224
 30
0.0
 10
163.1751975147454
 20
-99.68366133114723
 30
0.0
 10
163.1513745038125
 20
-99.67021834640357
 30
0.0
 10
163.116490809235
 20
-99.6634684933112
 30
0.0
 10
163.0705464310161
 20
-99.6634684933112
 30
0.0
 10
163.0348119146177
 20
-99.6634684933112
 30
0.0
 10
163.0072452876849
 20
-99.66823309549522
 30
0.0
 10
162.9878465502153
 20
-99.67776229986677
 30
0.0
 10
162.9684478127372
 20
-99.68729150423769
 30
0.0
 10
162.9587484440079
 20
-99.7009046533408
 30
0.0
 10
162.9587484440079
 20
-99.71860174717415
 30
0.0
 10
162.9587484440079
 20
-99.74991199011316
 30
0.0
 10
163.0101380818684
 20
-99.77662779522728
 30
0.0
 10
163.1129173575972
 20
-99.79874916251681
 30
0.0
 10
163.1326564237966
 20
-99.80283310724707
 30
0.0
 10
163.1481413809006
 20
-99.806066230159
 30
0.0
 10
163.1593722289117
 20
-99.80844853125485
 30
0.0
 10
163.2325429053374
 20
-99.82478431017653
 30
0.0
 10
163.2846132006575
 20
-99.83885123091748
 30
0.0
 10
163.3155831148667
 20
-99.85059257202131
 30
0.0
 10
163.3465530290734
 20
-99.86233391312095
 30
0.0
 10
163.3732688341917
 20
-99.87617394804154
 30
0.0
 10
163.3957305302113
 20
-99.89216939823729
 30
0.0
 10
163.4209148560479
 20
-99.91054714952632
 30
0.0
 10
163.4403135935189
 20
-99.93368950299906
 30
0.0
 10
163.4539267426236
 20
-99.96159645866159
 30
0.0
 10
163.4675398917257
 20
-99.98950341432058
 30
0.0
 10
163.4743464662787
 20
-100.0201329998055
 30
0.0
 10
163.4743464662787
 20
-100.0534852151061
 30
0.0
 10
163.4743464662787
 20
-100.1300591788084
 30
0.0
 10
163.4387821142481
 20
-100.1889360486795
 30
0.0
 10
163.3676534101849
 20
-100.2301158247134
 30
0.0
 10
163.2965247061249
 20
-100.271295600756
 30
0.0
 10
163.1940857591233
 20
-100.2918854887706
 30
0.0
 10
163.0603365691879
 20
-100.2918854887706
 30
0.0
 10
162.9282890228872
 20
-100.2918854887706
 30
0.0
 10
162.8327133718986
 20
-100.2720897011195
 30
0.0
 10
162.7737230591171
 20
-100.2324414043532
 30
0.0
 10
162.7146193034278
 20
-100.1927931075907
 30
0.0
 10
162.685124147039
 20
-100.1292083569926
 30
0.0
 10
162.685124147039
 20
-100.0417438740033
 30
0.0
 10
162.685124147039
 20
-100.0417438740033
 30
0.0
 10
162.685124147039
 20
-100.0305130259996
 30
0.0
 10
162.685124147039
 20
-100.0305130259996
 30
0.0
 10
162.685124147039
 20
-100.0305130259996
 30
0.0
 10
162.9327132963491
 20
-100.0305130259996
 30
0.0
 10
162.9327132963491
 20
-100.0305130259996
 30
0.0
  0
HATCH
  5
1E4
330
1F
100
AcDbEntity
  8
Capa 1
 62
   255
100
AcDbHatch
 10
0.0
 20
0.0
 30
0.0
210
0.0
220
0.0
230
1.0
  2
SOLID
 70
     1
 71
     0
 91
        1
 92
        1
 93
        1
 72
     4
 94
        3
 73
     0
 74
     1
 95
      110
 96
      106
 40
0.0
 40
0.0
 40
0.0
 40
0.0
 40
1.0
 40
1.0
 40
1.0
 40
2.0
 40
2.0
 40
2.0
 40
3.0
 40
3.0
 40
3.0
 40
4.0
 40
4.0
 40
4.0
 40
5.0
 40
5.0
 40
5.0
 40
6.0
 40
6.0
 40
6.0
 40
7.0
 40
7.0
 40
7.0
 40
8.0
 40
8.0
 40
8.0
 40
9.0
 40
9.0
 40
9.0
 40
10.0
 40
10.0
 40
10.0
 40
11.0
 40
11.0
 40
11.0
 40
12.0
 40
12.0
 40
12.0
 40
13.0
 40
13.0
 40
13.0
 40
14.0
 40
14.0
 40
14.0
 40
15.0
 40
15.0
 40
15.0
 40
16.0
 40
16.0
 40
16.0
 40
17.0
 40
17.0
 40
17.0
 40
18.0
 40
18.0
 40
18.0
 40
19.0
 40
19.0
 40
19.0
 40
20.0
 40
20.0
 40
20.0
 40
21.0
 40
21.0
 40
21.0
 40
22.0
 40
22.0
 40
22.0
 40
23.0
 40
23.0
 40
23.0
 40
24.0
 40
24.0
 40
24.0
 40
25.0
 40
25.0
 40
25.0
 40
26.0
 40
26.0
 40
26.0
 40
27.0
 40
27.0
 40
27.0
 40
28.0
 40
28.0
 40
28.0
 40
29.0
 40
29.0
 40
29.0
 40
30.0
 40
30.0
 40
30.0
 40
31.0
 40
31.0
 40
31.0
 40
32.0
 40
32.0
 40
32.0
 40
33.0
 40
33.0
 40
33.0
 40
34.0
 40
34.0
 40
34.0
 40
35.0
 40
35.0
 40
35.0
 40
35.0
 10
162.9327132963491
 20
-100.0305130259996
 10
162.9327132963491
 20
-100.03085335472
 10
162.9327132963491
 20
-100.0315340121799
 10
162.9327132963491
 20
-100.0325549983609
 10
162.9313519814364
 20
-100.0420842027308
 10
162.9306713239859
 20
-100.0490609416477
 10
162.9306713239859
 20
-100.0534852151061
 10
162.9306713239859
 20
-100.0827534856771
 10
162.9432067654465
 20
-100.1045345242424
 10
162.96816420547
 20
-100.1188283307989
 10
162.9932350883982
 20
-100.1331221373622
 10
163.0319191204329
 20
-100.1402690406392
 10
163.0843297444834
 20
-100.1402690406392
 10
163.124148205605
 20
-100.1402690406392
 10
163.1553450056356
 20
-100.1344267308129
 10
163.178033587474
 20
-100.1226853897101
 10
163.2006087264008
 20
-100.1109440486114
 10
163.2119530173209
 20
-100.094835155504
 10
163.2119530173209
 20
-100.0744154318505
 10
163.2119530173209
 20
-100.0434455176438
 10
163.1671997896456
 20
-100.0182611918037
 10
163.0776933342937
 20
-99.99886245433143
 10
163.0671431437396
 20
-99.99648015323942
 10
163.0593155830057
 20
-99.99477850959828
 10
163.0542106520931
 20
-99.99375752341508
 10
163.0484250637218
 20
-99.99239620850692
 10
163.0400870098954
 20
-99.9905244005057
 10
163.0291964906147
 20
-99.98814209941274
 10
162.8869390824916
 20
-99.9571721852051
 10
162.7955608191365
 20
-99.92347964117343
 10
162.7550617005541
 20
-99.88706446732063
 10
162.735322634356
 20
-99.86936737349144
 10
162.7204048917992
 20
-99.84843715674583
 10
162.7104219157891
 20
-99.82427381708636
 10
162.7003254968674
 20
-99.80011047742946
 10
162.6953340088679
 20
-99.7728841792223
 10
162.6953340088679
 20
-99.74259492247099
 10
162.6953340088679
 20
-99.66840325985721
 10
162.7280055667131
 20
-99.61190869108194
 10
162.7933486824075
 20
-99.57311121614033
 10
162.8586917981018
 20
-99.5343137411952
 10
162.9543241705517
 20
-99.51491500372265
 10
163.0802457997487
 20
-99.51491500372265
 10
163.2044657853187
 20
-99.51491500372265
 10
163.2965247061249
 20
-99.53312259064968
 10
163.3564225621776
 20
-99.56953776450024
 10
163.4163204182265
 20
-99.60595293834822
 10
163.4462693462586
 20
-99.661937014034
 10
163.4462693462586
 20
-99.7374899915572
 10
163.4462693462586
 20
-99.7374899915572
 10
163.4462693462586
 20
-99.74616837411268
 10
163.4462693462586
 20
-99.74616837411268
 10
163.4462693462586
 20
-99.74616837411268
 10
163.2109320311348
 20
-99.74616837411268
 10
163.2109320311348
 20
-99.74616837411268
 10
163.2109320311348
 20
-99.74616837411268
 10
163.2109320311348
 20
-99.74259492247099
 10
163.2109320311348
 20
-99.74259492247099
 10
163.2109320311348
 20
-99.71672993917744
 10
163.1990205256732
 20
-99.69710431588224
 10
163.1751975147454
 20
-99.68366133114723
 10
163.1513745038125
 20
-99.67021834640357
 10
163.116490809235
 20
-99.6634684933112
 10
163.0705464310161
 20
-99.6634684933112
 10
163.0348119146177
 20
-99.6634684933112
 10
163.0072452876849
 20
-99.66823309549522
 10
162.9878465502153
 20
-99.67776229986677
 10
162.9684478127372
 20
-99.68729150423769
 10
162.9587484440079
 20
-99.7009046533408
 10
162.9587484440079
 20
-99.71860174717415
 10
162.9587484440079
 20
-99.74991199011316
 10
163.0101380818684
 20
-99.77662779522728
 10
163.1129173575972
 20
-99.79874916251681
 10
163.1326564237966
 20
-99.80283310724707
 10
163.1481413809006
 20
-99.806066230159
 10
163.1593722289117
 20
-99.80844853125485
 10
163.2325429053374
 20
-99.82478431017653
 10
163.2846132006575
 20
-99.83885123091748
 10
163.3155831148667
 20
-99.85059257202131
 10
163.3465530290734
 20
-99.86233391312095
 10
163.3732688341917
 20
-99.87617394804154
 10
163.3957305302113
 20
-99.89216939823729
 10
163.4209148560479
 20
-99.91054714952632
 10
163.4403135935189
 20
-99.93368950299906
 10
163.4539267426236
 20
-99.96159645866159
 10
163.4675398917257
 20
-99.98950341432058
 10
163.4743464662787
 20
-100.0201329998055
 10
163.4743464662787
 20
-100.0534852151061
 10
163.4743464662787
 20
-100.1300591788084
 10
163.4387821142481
 20
-100.1889360486795
 10
163.3676534101849
 20
-100.2301158247134
 10
163.2965247061249
 20
-100.271295600756
 10
163.1940857591233
 20
-100.2918854887706
 10
163.0603365691879
 20
-100.2918854887706
 10
162.9282890228872
 20
-100.2918854887706
 10
162.8327133718986
 20
-100.2720897011195
 10
162.7737230591171
 20
-100.2324414043532
 10
162.7146193034278
 20
-100.1927931075907
 10
162.685124147039
 20
-100.1292083569926
 10
162.685124147039
 20
-100.0417438740033
 10
162.685124147039
 20
-100.0417438740033
 10
162.685124147039
 20
-100.0305130259996
 10
162.685124147039
 20
-100.0305130259996
 10
162.685124147039
 20
-100.0305130259996
 10
162.9327132963491
 20
-100.0305130259996
 10
162.9327132963491
 20
-100.0305130259996
 97
        0
 75
     2
 76
     1
 98
        0
  0
INSERT
  5
1E6
330
1F
100
AcDbEntity
  8
Capa 1
100
AcDbBlockReference
  2
block 3
 10
0.0
 20
0.0
 30
0.0
  0
SPLINE
  5
1F1
330
1F
100
AcDbEntity
  8
Capa 1
370
     0
100
AcDbSpline
210
0.0
220
0.0
230
1.0
 70
    11
 71
     3
 72
    32
 73
    28
 74
     0
 42
0.0000000001
 43
0.0000000001
 12
1.0
 22
0.0
 32
0.0
 13
1.0
 23
0.0
 33
0.0
 40
0.0
 40
0.0
 40
0.0
 40
0.0
 40
1.0
 40
1.0
 40
1.0
 40
2.0
 40
2.0
 40
2.0
 40
3.0
 40
3.0
 40
3.0
 40
4.0
 40
4.0
 40
4.0
 40
5.0
 40
5.0
 40
5.0
 40
6.0
 40
6.0
 40
6.0
 40
7.0
 40
7.0
 40
7.0
 40
8.0
 40
8.0
 40
8.0
 40
9.0
 40
9.0
 40
9.0
 40
9.0
 10
135.1143398708624
 20
-97.23355201514144
 30
0.0
 10
135.1143398708624
 20
-97.23355201514144
 30
0.0
 10
133.1653201375826
 20
-100.2791231614865
 30
0.0
 10
133.1653201375826
 20
-100.2791231614865
 30
0.0
 10
133.1653201375826
 20
-100.2791231614865
 30
0.0
 10
131.224319425274
 20
-97.23355201514144
 30
0.0
 10
131.224319425274
 20
-97.23355201514144
 30
0.0
 10
131.224319425274
 20
-97.23355201514144
 30
0.0
 10
132.0287398925642
 20
-97.23355201514144
 30
0.0
 10
132.0287398925642
 20
-97.23355201514144
 30
0.0
 10
132.0287398925642
 20
-97.23355201514144
 30
0.0
 10
133.0092474567066
 20
-98.87837913473906
 30
0.0
 10
133.0092474567066
 20
-98.87837913473906
 30
0.0
 10
133.0678989737238
 20
-98.97712575661023
 30
0.0
 10
133.118630879121
 20
-99.08117421052724
 30
0.0
 10
133.1613437635472
 20
-99.19052449649102
 30
0.0
 10
133.1826505010855
 20
-99.13717481152067
 30
0.0
 10
133.2079667491092
 20
-99.085150584562
 30
0.0
 10
133.2373587805179
 20
-99.03445181561504
 30
0.0
 10
133.2666845390263
 20
-98.98381931956929
 30
0.0
 10
133.2960102975353
 20
-98.93312055062232
 30
0.0
 10
133.325402328944
 20
-98.88235550877415
 30
0.0
 10
133.325402328944
 20
-98.88235550877415
 30
0.0
 10
134.3099194035718
 20
-97.23355201514144
 30
0.0
 10
134.3099194035718
 20
-97.23355201514144
 30
0.0
 10
134.3099194035718
 20
-97.23355201514144
 30
0.0
 10
135.1143398708624
 20
-97.23355201514144
 30
0.0
 10
135.1143398708624
 20
-97.23355201514144
 30
0.0
  0
HATCH
  5
1F2
330
1F
100
AcDbEntity
  8
Capa 1
 62
   255
100
AcDbHatch
 10
0.0
 20
0.0
 30
0.0
210
0.0
220
0.0
230
1.0
  2
SOLID
 70
     1
 71
     0
 91
        1
 92
        1
 93
        1
 72
     4
 94
        3
 73
     0
 74
     1
 95
       32
 96
       28
 40
0.0
 40
0.0
 40
0.0
 40
0.0
 40
1.0
 40
1.0
 40
1.0
 40
2.0
 40
2.0
 40
2.0
 40
3.0
 40
3.0
 40
3.0
 40
4.0
 40
4.0
 40
4.0
 40
5.0
 40
5.0
 40
5.0
 40
6.0
 40
6.0
 40
6.0
 40
7.0
 40
7.0
 40
7.0
 40
8.0
 40
8.0
 40
8.0
 40
9.0
 40
9.0
 40
9.0
 40
9.0
 10
135.1143398708624
 20
-97.23355201514144
 10
135.1143398708624
 20
-97.23355201514144
 10
133.1653201375826
 20
-100.2791231614865
 10
133.1653201375826
 20
-100.2791231614865
 10
133.1653201375826
 20
-100.2791231614865
 10
131.224319425274
 20
-97.23355201514144
 10
131.224319425274
 20
-97.23355201514144
 10
131.224319425274
 20
-97.23355201514144
 10
132.0287398925642
 20
-97.23355201514144
 10
132.0287398925642
 20
-97.23355201514144
 10
132.0287398925642
 20
-97.23355201514144
 10
133.0092474567066
 20
-98.87837913473906
 10
133.0092474567066
 20
-98.87837913473906
 10
133.0678989737238
 20
-98.97712575661023
 10
133.118630879121
 20
-99.08117421052724
 10
133.1613437635472
 20
-99.19052449649102
 10
133.1826505010855
 20
-99.13717481152067
 10
133.2079667491092
 20
-99.085150584562
 10
133.2373587805179
 20
-99.03445181561504
 10
133.2666845390263
 20
-98.98381931956929
 10
133.2960102975353
 20
-98.93312055062232
 10
133.325402328944
 20
-98.88235550877415
 10
133.325402328944
 20
-98.88235550877415
 10
134.3099194035718
 20
-97.23355201514144
 10
134.3099194035718
 20
-97.23355201514144
 10
134.3099194035718
 20
-97.23355201514144
 10
135.1143398708624
 20
-97.23355201514144
 10
135.1143398708624
 20
-97.23355201514144
 97
        0
 75
     2
 76
     1
 98
        0
  0
SPLINE
  5
1F3
330
1F
100
AcDbEntity
  8
Capa 1
370
     0
100
AcDbSpline
210
0.0
220
0.0
230
1.0
 70
    11
 71
     3
 72
    29
 73
    25
 74
     0
 42
0.0000000001
 43
0.0000000001
 12
1.0
 22
0.0
 32
0.0
 13
1.0
 23
0.0
 33
0.0
 40
0.0
 40
0.0
 40
0.0
 40
0.0
 40
1.0
 40
1.0
 40
1.0
 40
2.0
 40
2.0
 40
2.0
 40
3.0
 40
3.0
 40
3.0
 40
4.0
 40
4.0
 40
4.0
 40
5.0
 40
5.0
 40
5.0
 40
6.0
 40
6.0
 40
6.0
 40
7.0
 40
7.0
 40
7.0
 40
8.0
 40
8.0
 40
8.0
 40
8.0
 10
135.4544855331104
 20
-97.23355201514144
 30
0.0
 10
135.4544855331104
 20
-97.23355201514144
 30
0.0
 10
138.4120131310302
 20
-97.23355201514144
 30
0.0
 10
138.4120131310302
 20
-97.23355201514144
 30
0.0
 10
138.9242695160948
 20
-97.23355201514144
 30
0.0
 10
139.1804142768527
 20
-97.46968235992213
 30
0.0
 10
139.1804142768527
 20
-97.94187677658452
 30
0.0
 10
139.1804142768527
 20
-98.32877797019503
 30
0.0
 10
139.0189403545794
 20
-98.55019573104688
 30
0.0
 10
138.6961581922849
 20
-98.60626260494088
 30
0.0
 10
138.8508722786979
 20
-98.63827241592266
 30
0.0
 10
138.9702960455507
 20
-98.71296197488095
 30
0.0
 10
139.0543300834911
 20
-98.83033128181613
 30
0.0
 10
139.1383972578825
 20
-98.9477668616509
 30
0.0
 10
139.1804142768527
 20
-99.11185856349763
 30
0.0
 10
139.1804142768527
 20
-99.3226063873547
 30
0.0
 10
139.1804142768527
 20
-99.79751799294138
 30
0.0
 10
138.9242695160948
 20
-100.0349737957344
 30
0.0
 10
138.4120131310302
 20
-100.0349737957344
 30
0.0
 10
138.4120131310302
 20
-100.0349737957344
 30
0.0
 10
135.4544855331104
 20
-100.0349737957344
 30
0.0
 10
135.4544855331104
 20
-100.0349737957344
 30
0.0
 10
135.4544855331104
 20
-100.0349737957344
 30
0.0
 10
135.4544855331104
 20
-97.23355201514144
 30
0.0
 10
135.4544855331104
 20
-97.23355201514144
 30
0.0
  0
SPLINE
  5
1F4
330
1F
100
AcDbEntity
  8
Capa 1
370
     0
100
AcDbSpline
210
0.0
220
0.0
230
1.0
 70
    11
 71
     3
 72
    35
 73
    31
 74
     0
 42
0.0000000001
 43
0.0000000001
 12
1.0
 22
0.0
 32
0.0
 13
1.0
 23
0.0
 33
0.0
 40
0.0
 40
0.0
 40
0.0
 40
0.0
 40
1.0
 40
1.0
 40
1.0
 40
2.0
 40
2.0
 40
2.0
 40
3.0
 40
3.0
 40
3.0
 40
4.0
 40
4.0
 40
4.0
 40
5.0
 40
5.0
 40
5.0
 40
6.0
 40
6.0
 40
6.0
 40
7.0
 40
7.0
 40
7.0
 40
8.0
 40
8.0
 40
8.0
 40
9.0
 40
9.0
 40
9.0
 40
10.0
 40
10.0
 40
10.0
 40
10.0
 10
136.1348431305077
 20
-99.38662600931855
 30
0.0
 10
136.1348431305077
 20
-99.38662600931855
 30
0.0
 10
138.231916523692
 20
-99.38662600931855
 30
0.0
 10
138.231916523692
 20
-99.38662600931855
 30
0.0
 10
138.3840128305332
 20
-99.38662600931855
 30
0.0
 10
138.4600278475032
 20
-99.31458736638396
 30
0.0
 10
138.4600278475032
 20
-99.17051008051445
 30
0.0
 10
138.4600278475032
 20
-99.01311194162645
 30
0.0
 10
138.3840128305332
 20
-98.9343797357328
 30
0.0
 10
138.231916523692
 20
-98.9343797357328
 30
0.0
 10
138.231916523692
 20
-98.9343797357328
 30
0.0
 10
136.6150897045908
 20
-98.9343797357328
 30
0.0
 10
136.6150897045908
 20
-98.9343797357328
 30
0.0
 10
136.6150897045908
 20
-98.9343797357328
 30
0.0
 10
136.6150897045908
 20
-98.33812244917684
 30
0.0
 10
136.6150897045908
 20
-98.33812244917684
 30
0.0
 10
136.6150897045908
 20
-98.33812244917684
 30
0.0
 10
138.231916523692
 20
-98.33812244917684
 30
0.0
 10
138.231916523692
 20
-98.33812244917684
 30
0.0
 10
138.3840128305332
 20
-98.33812244917684
 30
0.0
 10
138.4600278475032
 20
-98.25673932725948
 30
0.0
 10
138.4600278475032
 20
-98.09397308342541
 30
0.0
 10
138.4600278475032
 20
-97.957914818526
 30
0.0
 10
138.3840128305332
 20
-97.88985254962522
 30
0.0
 10
138.231916523692
 20
-97.88985254962522
 30
0.0
 10
138.231916523692
 20
-97.88985254962522
 30
0.0
 10
136.1348431305077
 20
-97.88985254962522
 30
0.0
 10
136.1348431305077
 20
-97.88985254962522
 30
0.0
 10
136.1348431305077
 20
-97.88985254962522
 30
0.0
 10
136.1348431305077
 20
-99.38662600931855
 30
0.0
 10
136.1348431305077
 20
-99.38662600931855
 30
0.0
  0
HATCH
  5
1F5
330
1F
100
AcDbEntity
  8
Capa 1
 62
   255
100
AcDbHatch
 10
0.0
 20
0.0
 30
0.0
210
0.0
220
0.0
230
1.0
  2
SOLID
 70
     1
 71
     0
 91
        2
 92
        1
 93
        1
 72
     4
 94
        3
 73
     0
 74
     1
 95
       29
 96
       25
 40
0.0
 40
0.0
 40
0.0
 40
0.0
 40
1.0
 40
1.0
 40
1.0
 40
2.0
 40
2.0
 40
2.0
 40
3.0
 40
3.0
 40
3.0
 40
4.0
 40
4.0
 40
4.0
 40
5.0
 40
5.0
 40
5.0
 40
6.0
 40
6.0
 40
6.0
 40
7.0
 40
7.0
 40
7.0
 40
8.0
 40
8.0
 40
8.0
 40
8.0
 10
135.4544855331104
 20
-97.23355201514144
 10
135.4544855331104
 20
-97.23355201514144
 10
138.4120131310302
 20
-97.23355201514144
 10
138.4120131310302
 20
-97.23355201514144
 10
138.9242695160948
 20
-97.23355201514144
 10
139.1804142768527
 20
-97.46968235992213
 10
139.1804142768527
 20
-97.94187677658452
 10
139.1804142768527
 20
-98.32877797019503
 10
139.0189403545794
 20
-98.55019573104688
 10
138.6961581922849
 20
-98.60626260494088
 10
138.8508722786979
 20
-98.63827241592266
 10
138.9702960455507
 20
-98.71296197488095
 10
139.0543300834911
 20
-98.83033128181613
 10
139.1383972578825
 20
-98.9477668616509
 10
139.1804142768527
 20
-99.11185856349763
 10
139.1804142768527
 20
-99.3226063873547
 10
139.1804142768527
 20
-99.79751799294138
 10
138.9242695160948
 20
-100.0349737957344
 10
138.4120131310302
 20
-100.0349737957344
 10
138.4120131310302
 20
-100.0349737957344
 10
135.4544855331104
 20
-100.0349737957344
 10
135.4544855331104
 20
-100.0349737957344
 10
135.4544855331104
 20
-100.0349737957344
 10
135.4544855331104
 20
-97.23355201514144
 10
135.4544855331104
 20
-97.23355201514144
 97
        0
 92
        1
 93
        1
 72
     4
 94
        3
 73
     0
 74
     1
 95
       35
 96
       31
 40
0.0
 40
0.0
 40
0.0
 40
0.0
 40
1.0
 40
1.0
 40
1.0
 40
2.0
 40
2.0
 40
2.0
 40
3.0
 40
3.0
 40
3.0
 40
4.0
 40
4.0
 40
4.0
 40
5.0
 40
5.0
 40
5.0
 40
6.0
 40
6.0
 40
6.0
 40
7.0
 40
7.0
 40
7.0
 40
8.0
 40
8.0
 40
8.0
 40
9.0
 40
9.0
 40
9.0
 40
10.0
 40
10.0
 40
10.0
 40
10.0
 10
136.1348431305077
 20
-99.38662600931855
 10
136.1348431305077
 20
-99.38662600931855
 10
138.231916523692
 20
-99.38662600931855
 10
138.231916523692
 20
-99.38662600931855
 10
138.3840128305332
 20
-99.38662600931855
 10
138.4600278475032
 20
-99.31458736638396
 10
138.4600278475032
 20
-99.17051008051445
 10
138.4600278475032
 20
-99.01311194162645
 10
138.3840128305332
 20
-98.9343797357328
 10
138.231916523692
 20
-98.9343797357328
 10
138.231916523692
 20
-98.9343797357328
 10
136.6150897045908
 20
-98.9343797357328
 10
136.6150897045908
 20
-98.9343797357328
 10
136.6150897045908
 20
-98.9343797357328
 10
136.6150897045908
 20
-98.33812244917684
 10
136.6150897045908
 20
-98.33812244917684
 10
136.6150897045908
 20
-98.33812244917684
 10
138.231916523692
 20
-98.33812244917684
 10
138.231916523692
 20
-98.33812244917684
 10
138.3840128305332
 20
-98.33812244917684
 10
138.4600278475032
 20
-98.25673932725948
 10
138.4600278475032
 20
-98.09397308342541
 10
138.4600278475032
 20
-97.957914818526
 10
138.3840128305332
 20
-97.88985254962522
 10
138.231916523692
 20
-97.88985254962522
 10
138.231916523692
 20
-97.88985254962522
 10
136.1348431305077
 20
-97.88985254962522
 10
136.1348431305077
 20
-97.88985254962522
 10
136.1348431305077
 20
-97.88985254962522
 10
136.1348431305077
 20
-99.38662600931855
 10
136.1348431305077
 20
-99.38662600931855
 97
        0
 75
     2
 76
     1
 98
        0
  0
SPLINE
  5
1F6
330
1F
100
AcDbEntity
  8
Capa 1
370
     0
100
AcDbSpline
210
0.0
220
0.0
230
1.0
 70
    11
 71
     3
 72
    62
 73
    58
 74
     0
 42
0.0000000001
 43
0.0000000001
 12
1.0
 22
0.0
 32
0.0
 13
1.0
 23
0.0
 33
0.0
 40
0.0
 40
0.0
 40
0.0
 40
0.0
 40
1.0
 40
1.0
 40
1.0
 40
2.0
 40
2.0
 40
2.0
 40
3.0
 40
3.0
 40
3.0
 40
4.0
 40
4.0
 40
4.0
 40
5.0
 40
5.0
 40
5.0
 40
6.0
 40
6.0
 40
6.0
 40
7.0
 40
7.0
 40
7.0
 40
8.0
 40
8.0
 40
8.0
 40
9.0
 40
9.0
 40
9.0
 40
10.0
 40
10.0
 40
10.0
 40
11.0
 40
11.0
 40
11.0
 40
12.0
 40
12.0
 40
12.0
 40
13.0
 40
13.0
 40
13.0
 40
14.0
 40
14.0
 40
14.0
 40
15.0
 40
15.0
 40
15.0
 40
16.0
 40
16.0
 40
16.0
 40
17.0
 40
17.0
 40
17.0
 40
18.0
 40
18.0
 40
18.0
 40
19.0
 40
19.0
 40
19.0
 40
19.0
 10
143.4746000066542
 20
-100.0349737957344
 30
0.0
 10
143.4746000066542
 20
-100.0349737957344
 30
0.0
 10
142.7542467137544
 20
-100.0349737957344
 30
0.0
 10
142.7542467137544
 20
-100.0349737957344
 30
0.0
 10
142.3673455201439
 20
-99.506712505178
 30
0.0
 10
141.9891592129604
 20
-99.0744806475682
 30
0.0
 10
141.619654655753
 20
-98.73827822290464
 30
0.0
 10
141.2500838256457
 20
-98.40214207114197
 30
0.0
 10
140.8825674554561
 20
-98.16468626834799
 30
0.0
 10
140.5170724087347
 20
-98.02591081452526
 30
0.0
 10
140.49039756625
 20
-98.01795806645477
 30
0.0
 10
140.461668263847
 20
-98.00795085846761
 30
0.0
 10
140.4310501837763
 20
-97.99595546346113
 30
0.0
 10
140.4003326943559
 20
-97.98389379555441
 30
0.0
 10
140.3676270179172
 20
-97.97130194444475
 30
0.0
 10
140.3329994273623
 20
-97.957914818526
 30
0.0
 10
140.3409853118825
 20
-98.05931235642026
 30
0.0
 10
140.3449948223682
 20
-98.12465743639581
 30
0.0
 10
140.3449948223682
 20
-98.1540163313545
 30
0.0
 10
140.3449948223682
 20
-98.1540163313545
 30
0.0
 10
140.3449948223682
 20
-100.0349737957344
 30
0.0
 10
140.3449948223682
 20
-100.0349737957344
 30
0.0
 10
140.3449948223682
 20
-100.0349737957344
 30
0.0
 10
139.6806421304624
 20
-100.0349737957344
 30
0.0
 10
139.6806421304624
 20
-100.0349737957344
 30
0.0
 10
139.6806421304624
 20
-100.0349737957344
 30
0.0
 10
139.6806421304624
 20
-97.23355201514144
 30
0.0
 10
139.6806421304624
 20
-97.23355201514144
 30
0.0
 10
139.6806421304624
 20
-97.23355201514144
 30
0.0
 10
140.2689466689479
 20
-97.23355201514144
 30
0.0
 10
140.2689466689479
 20
-97.23355201514144
 30
0.0
 10
140.4930816187224
 20
-97.30559065807604
 30
0.0
 10
140.7125111925572
 20
-97.39896917499922
 30
0.0
 10
140.9273016633509
 20
-97.51368756591036
 30
0.0
 10
141.1420258612437
 20
-97.62840595682054
 30
0.0
 10
141.3515144999899
 20
-97.75916238967413
 30
0.0
 10
141.5556018973386
 20
-97.9058905915667
 30
0.0
 10
141.7597224311381
 20
-98.0526187934612
 30
0.0
 10
141.9571494019787
 20
-98.2127341212719
 30
0.0
 10
142.1479159463098
 20
-98.38610402920017
 30
0.0
 10
142.3386493541912
 20
-98.5596064829299
 30
0.0
 10
142.5221258794585
 20
-98.74099541182828
 30
0.0
 10
142.6982129763107
 20
-98.93040336169771
 30
0.0
 10
142.6982129763107
 20
-98.93040336169771
 30
0.0
 10
142.822275846204
 20
-99.06248525256235
 30
0.0
 10
142.822275846204
 20
-99.06248525256235
 30
0.0
 10
142.8142568252335
 20
-98.97977667263395
 30
0.0
 10
142.8102473147475
 20
-98.91840796669221
 30
0.0
 10
142.8102473147475
 20
-98.87837913473906
 30
0.0
 10
142.8102473147475
 20
-98.87837913473906
 30
0.0
 10
142.8102473147475
 20
-97.23355201514144
 30
0.0
 10
142.8102473147475
 20
-97.23355201514144
 30
0.0
 10
142.8102473147475
 20
-97.23355201514144
 30
0.0
 10
143.4746000066542
 20
-97.23355201514144
 30
0.0
 10
143.4746000066542
 20
-97.23355201514144
 30
0.0
 10
143.4746000066542
 20
-97.23355201514144
 30
0.0
 10
143.4746000066542
 20
-100.0349737957344
 30
0.0
 10
143.4746000066542
 20
-100.0349737957344
 30
0.0
  0
HATCH
  5
1F7
330
1F
100
AcDbEntity
  8
Capa 1
 62
   255
100
AcDbHatch
 10
0.0
 20
0.0
 30
0.0
210
0.0
220
0.0
230
1.0
  2
SOLID
 70
     1
 71
     0
 91
        1
 92
        1
 93
        1
 72
     4
 94
        3
 73
     0
 74
     1
 95
       62
 96
       58
 40
0.0
 40
0.0
 40
0.0
 40
0.0
 40
1.0
 40
1.0
 40
1.0
 40
2.0
 40
2.0
 40
2.0
 40
3.0
 40
3.0
 40
3.0
 40
4.0
 40
4.0
 40
4.0
 40
5.0
 40
5.0
 40
5.0
 40
6.0
 40
6.0
 40
6.0
 40
7.0
 40
7.0
 40
7.0
 40
8.0
 40
8.0
 40
8.0
 40
9.0
 40
9.0
 40
9.0
 40
10.0
 40
10.0
 40
10.0
 40
11.0
 40
11.0
 40
11.0
 40
12.0
 40
12.0
 40
12.0
 40
13.0
 40
13.0
 40
13.0
 40
14.0
 40
14.0
 40
14.0
 40
15.0
 40
15.0
 40
15.0
 40
16.0
 40
16.0
 40
16.0
 40
17.0
 40
17.0
 40
17.0
 40
18.0
 40
18.0
 40
18.0
 40
19.0
 40
19.0
 40
19.0
 40
19.0
 10
143.4746000066542
 20
-100.0349737957344
 10
143.4746000066542
 20
-100.0349737957344
 10
142.7542467137544
 20
-100.0349737957344
 10
142.7542467137544
 20
-100.0349737957344
 10
142.3673455201439
 20
-99.506712505178
 10
141.9891592129604
 20
-99.0744806475682
 10
141.619654655753
 20
-98.73827822290464
 10
141.2500838256457
 20
-98.40214207114197
 10
140.8825674554561
 20
-98.16468626834799
 10
140.5170724087347
 20
-98.02591081452526
 10
140.49039756625
 20
-98.01795806645477
 10
140.461668263847
 20
-98.00795085846761
 10
140.4310501837763
 20
-97.99595546346113
 10
140.4003326943559
 20
-97.98389379555441
 10
140.3676270179172
 20
-97.97130194444475
 10
140.3329994273623
 20
-97.957914818526
 10
140.3409853118825
 20
-98.05931235642026
 10
140.3449948223682
 20
-98.12465743639581
 10
140.3449948223682
 20
-98.1540163313545
 10
140.3449948223682
 20
-98.1540163313545
 10
140.3449948223682
 20
-100.0349737957344
 10
140.3449948223682
 20
-100.0349737957344
 10
140.3449948223682
 20
-100.0349737957344
 10
139.6806421304624
 20
-100.0349737957344
 10
139.6806421304624
 20
-100.0349737957344
 10
139.6806421304624
 20
-100.0349737957344
 10
139.6806421304624
 20
-97.23355201514144
 10
139.6806421304624
 20
-97.23355201514144
 10
139.6806421304624
 20
-97.23355201514144
 10
140.2689466689479
 20
-97.23355201514144
 10
140.2689466689479
 20
-97.23355201514144
 10
140.4930816187224
 20
-97.30559065807604
 10
140.7125111925572
 20
-97.39896917499922
 10
140.9273016633509
 20
-97.51368756591036
 10
141.1420258612437
 20
-97.62840595682054
 10
141.3515144999899
 20
-97.75916238967413
 10
141.5556018973386
 20
-97.9058905915667
 10
141.7597224311381
 20
-98.0526187934612
 10
141.9571494019787
 20
-98.2127341212719
 10
142.1479159463098
 20
-98.38610402920017
 10
142.3386493541912
 20
-98.5596064829299
 10
142.5221258794585
 20
-98.74099541182828
 10
142.6982129763107
 20
-98.93040336169771
 10
142.6982129763107
 20
-98.93040336169771
 10
142.822275846204
 20
-99.06248525256235
 10
142.822275846204
 20
-99.06248525256235
 10
142.8142568252335
 20
-98.97977667263395
 10
142.8102473147475
 20
-98.91840796669221
 10
142.8102473147475
 20
-98.87837913473906
 10
142.8102473147475
 20
-98.87837913473906
 10
142.8102473147475
 20
-97.23355201514144
 10
142.8102473147475
 20
-97.23355201514144
 10
142.8102473147475
 20
-97.23355201514144
 10
143.4746000066542
 20
-97.23355201514144
 10
143.4746000066542
 20
-97.23355201514144
 10
143.4746000066542
 20
-97.23355201514144
 10
143.4746000066542
 20
-100.0349737957344
 10
143.4746000066542
 20
-100.0349737957344
 97
        0
 75
     2
 76
     1
 98
        0
  0
POLYLINE
  5
1F8
330
1F
100
AcDbEntity
  8
Capa 1
370
     0
100
AcDb2dPolyline
 66
     1
 10
0.0
 20
0.0
 30
0.0
  0
VERTEX
  5
1F9
330
1F8
100
AcDbEntity
  8
Capa 1
370
     0
100
AcDbVertex
100
AcDb2dVertex
 10
155.6121932886265
 20
-88.17421379589416
 30
0.0
  0
VERTEX
  5
1FA
330
1F8
100
AcDbEntity
  8
Capa 1
370
     0
100
AcDbVertex
100
AcDb2dVertex
 10
148.5322844633907
 20
-93.53376983998228
 30
0.0
  0
VERTEX
  5
1FB
330
1F8
100
AcDbEntity
  8
Capa 1
370
     0
100
AcDbVertex
100
AcDb2dVertex
 10
141.4523756381493
 20
-88.17421379589416
 30
0.0
  0
VERTEX
  5
1FC
330
1F8
100
AcDbEntity
  8
Capa 1
370
     0
100
AcDbVertex
100
AcDb2dVertex
 10
148.5322844633907
 20
-89.96079436395691
 30
0.0
  0
VERTEX
  5
1FD
330
1F8
100
AcDbEntity
  8
Capa 1
370
     0
100
AcDbVertex
100
AcDb2dVertex
 10
155.6121932886265
 20
-88.17421379589416
 30
0.0
  0
SEQEND
  5
1FF
330
1F8
100
AcDbEntity
  8
Capa 1
370
     0
  0
HATCH
  5
1FE
330
1F
100
AcDbEntity
  8
Capa 1
 62
   255
100
AcDbHatch
 10
0.0
 20
0.0
 30
0.0
210
0.0
220
0.0
230
1.0
  2
SOLID
 70
     1
 71
     0
 91
        1
 92
        1
 93
        4
 72
     1
 10
155.6121932886265
 20
-88.17421379589416
 11
148.5322844633907
 21
-93.53376983998228
 72
     1
 10
148.5322844633907
 20
-93.53376983998228
 11
141.4523756381493
 21
-88.17421379589416
 72
     1
 10
141.4523756381493
 20
-88.17421379589416
 11
148.5322844633907
 21
-89.96079436395691
 72
     1
 10
148.5322844633907
 20
-89.96079436395691
 11
155.6121932886265
 21
-88.17421379589416
 97
        0
 75
     0
 76
     1
 98
        0
  0
SPLINE
  5
200
330
1F
100
AcDbEntity
  8
Capa 1
370
     0
100
AcDbSpline
210
0.0
220
0.0
230
1.0
 70
    11
 71
     3
 72
    41
 73
    37
 74
     0
 42
0.0000000001
 43
0.0000000001
 12
1.0
 22
0.0
 32
0.0
 13
1.0
 23
0.0
 33
0.0
 40
0.0
 40
0.0
 40
0.0
 40
0.0
 40
1.0
 40
1.0
 40
1.0
 40
2.0
 40
2.0
 40
2.0
 40
3.0
 40
3.0
 40
3.0
 40
4.0
 40
4.0
 40
4.0
 40
5.0
 40
5.0
 40
5.0
 40
6.0
 40
6.0
 40
6.0
 40
7.0
 40
7.0
 40
7.0
 40
8.0
 40
8.0
 40
8.0
 40
9.0
 40
9.0
 40
9.0
 40
10.0
 40
10.0
 40
10.0
 40
11.0
 40
11.0
 40
11.0
 40
12.0
 40
12.0
 40
12.0
 40
12.0
 10
148.5322837299598
 20
-80.9999999797534
 30
0.0
 10
145.8373502142895
 20
-81.01256810538064
 30
0.0
 10
143.5923167541079
 20
-83.5346690855491
 30
0.0
 10
143.5923167541079
 20
-86.64415653740348
 30
0.0
 10
143.5923167541079
 20
-87.20857080595559
 30
0.0
 10
143.6638690631316
 20
-87.75318958304854
 30
0.0
 10
143.7976238835234
 20
-88.26765040747799
 30
0.0
 10
143.7976238835234
 20
-88.26765040747799
 30
0.0
 10
144.9733401299222
 20
-88.60876542858252
 30
0.0
 10
144.9733401299222
 20
-88.60876542858252
 30
0.0
 10
144.7229764088598
 20
-88.01512957434822
 30
0.0
 10
144.5826462114812
 20
-87.34840160761516
 30
0.0
 10
144.5826462114812
 20
-86.64415653740348
 30
0.0
 10
144.5826462114812
 20
-86.62108722955301
 30
0.0
 10
144.583090118788
 20
-86.59785145645543
 30
0.0
 10
144.583090118788
 20
-86.57453938679518
 30
0.0
 10
145.8078026341754
 20
-86.82008948799862
 30
0.0
 10
147.2056944876493
 20
-86.94322521328978
 30
0.0
 10
148.5322837299598
 20
-86.94322521328978
 30
0.0
 10
149.8588729722709
 20
-86.94322521328978
 30
0.0
 10
151.2567648257435
 20
-86.82008948799862
 30
0.0
 10
152.4814773411319
 20
-86.57453938679518
 30
0.0
 10
152.4814773411319
 20
-86.59785145645543
 30
0.0
 10
152.4819212484383
 20
-86.62108722955301
 30
0.0
 10
152.4819212484383
 20
-86.64415653740348
 30
0.0
 10
152.4819212484383
 20
-87.34840160761516
 30
0.0
 10
152.341591051063
 20
-88.01512957434822
 30
0.0
 10
152.0912273299973
 20
-88.60876542858252
 30
0.0
 10
152.0912273299973
 20
-88.60876542858252
 30
0.0
 10
153.2669435763929
 20
-88.26765040747799
 30
0.0
 10
153.2669435763929
 20
-88.26765040747799
 30
0.0
 10
153.4006983967876
 20
-87.75318958304854
 30
0.0
 10
153.4722507058084
 20
-87.20857080595559
 30
0.0
 10
153.4722507058084
 20
-86.64415653740348
 30
0.0
 10
153.4722507058084
 20
-83.5346690855491
 30
0.0
 10
151.2272172456304
 20
-81.01256810538064
 30
0.0
 10
148.5322837299598
 20
-80.9999999797534
 30
0.0
  0
POLYLINE
  5
201
330
1F
100
AcDbEntity
  8
Capa 1
370
     0
100
AcDb2dPolyline
 66
     1
 10
0.0
 20
0.0
 30
0.0
  0
VERTEX
  5
202
330
201
100
AcDbEntity
  8
Capa 1
370
     0
100
AcDbVertex
100
AcDb2dVertex
 10
148.9458388747034
 20
-86.00594267908329
 30
0.0
  0
VERTEX
  5
203
330
201
100
AcDbEntity
  8
Capa 1
370
     0
100
AcDbVertex
100
AcDb2dVertex
 10
148.5322837299598
 20
-86.00594267908329
 30
0.0
  0
VERTEX
  5
204
330
201
100
AcDbEntity
  8
Capa 1
370
     0
100
AcDbVertex
100
AcDb2dVertex
 10
148.1187285852161
 20
-86.00594267908329
 30
0.0
  0
VERTEX
  5
205
330
201
100
AcDbEntity
  8
Capa 1
370
     0
100
AcDbVertex
100
AcDb2dVertex
 10
148.1187285852161
 20
-82.13371149724007
 30
0.0
  0
VERTEX
  5
206
330
201
100
AcDbEntity
  8
Capa 1
370
     0
100
AcDbVertex
100
AcDb2dVertex
 10
148.5322837299598
 20
-82.13371149724007
 30
0.0
  0
VERTEX
  5
207
330
201
100
AcDbEntity
  8
Capa 1
370
     0
100
AcDbVertex
100
AcDb2dVertex
 10
148.9458388747034
 20
-82.13371149724007
 30
0.0
  0
VERTEX
  5
208
330
201
100
AcDbEntity
  8
Capa 1
370
     0
100
AcDbVertex
100
AcDb2dVertex
 10
148.9458388747034
 20
-86.00594267908329
 30
0.0
  0
SEQEND
  5
209
330
201
100
AcDbEntity
  8
Capa 1
370
     0
  0
HATCH
  5
20A
330
1F
100
AcDbEntity
  8
Capa 1
 62
   255
100
AcDbHatch
 10
0.0
 20
0.0
 30
0.0
210
0.0
220
0.0
230
1.0
  2
SOLID
 70
     1
 71
     0
 91
        2
 92
        1
 93
        1
 72
     4
 94
        3
 73
     0
 74
     1
 95
       41
 96
       37
 40
0.0
 40
0.0
 40
0.0
 40
0.0
 40
1.0
 40
1.0
 40
1.0
 40
2.0
 40
2.0
 40
2.0
 40
3.0
 40
3.0
 40
3.0
 40
4.0
 40
4.0
 40
4.0
 40
5.0
 40
5.0
 40
5.0
 40
6.0
 40
6.0
 40
6.0
 40
7.0
 40
7.0
 40
7.0
 40
8.0
 40
8.0
 40
8.0
 40
9.0
 40
9.0
 40
9.0
 40
10.0
 40
10.0
 40
10.0
 40
11.0
 40
11.0
 40
11.0
 40
12.0
 40
12.0
 40
12.0
 40
12.0
 10
148.5322837299598
 20
-80.9999999797534
 10
145.8373502142895
 20
-81.01256810538064
 10
143.5923167541079
 20
-83.5346690855491
 10
143.5923167541079
 20
-86.64415653740348
 10
143.5923167541079
 20
-87.20857080595559
 10
143.6638690631316
 20
-87.75318958304854
 10
143.7976238835234
 20
-88.26765040747799
 10
143.7976238835234
 20
-88.26765040747799
 10
144.9733401299222
 20
-88.60876542858252
 10
144.9733401299222
 20
-88.60876542858252
 10
144.7229764088598
 20
-88.01512957434822
 10
144.5826462114812
 20
-87.34840160761516
 10
144.5826462114812
 20
-86.64415653740348
 10
144.5826462114812
 20
-86.62108722955301
 10
144.583090118788
 20
-86.59785145645543
 10
144.583090118788
 20
-86.57453938679518
 10
145.8078026341754
 20
-86.82008948799862
 10
147.2056944876493
 20
-86.94322521328978
 10
148.5322837299598
 20
-86.94322521328978
 10
149.8588729722709
 20
-86.94322521328978
 10
151.2567648257435
 20
-86.82008948799862
 10
152.4814773411319
 20
-86.57453938679518
 10
152.4814773411319
 20
-86.59785145645543
 10
152.4819212484383
 20
-86.62108722955301
 10
152.4819212484383
 20
-86.64415653740348
 10
152.4819212484383
 20
-87.34840160761516
 10
152.341591051063
 20
-88.01512957434822
 10
152.0912273299973
 20
-88.60876542858252
 10
152.0912273299973
 20
-88.60876542858252
 10
153.2669435763929
 20
-88.26765040747799
 10
153.2669435763929
 20
-88.26765040747799
 10
153.4006983967876
 20
-87.75318958304854
 10
153.4722507058084
 20
-87.20857080595559
 10
153.4722507058084
 20
-86.64415653740348
 10
153.4722507058084
 20
-83.5346690855491
 10
151.2272172456304
 20
-81.01256810538064
 10
148.5322837299598
 20
-80.9999999797534
 97
        0
 92
        1
 93
        6
 72
     1
 10
148.9458388747034
 20
-86.00594267908329
 11
148.5322837299598
 21
-86.00594267908329
 72
     1
 10
148.5322837299598
 20
-86.00594267908329
 11
148.1187285852161
 21
-86.00594267908329
 72
     1
 10
148.1187285852161
 20
-86.00594267908329
 11
148.1187285852161
 21
-82.13371149724007
 72
     1
 10
148.1187285852161
 20
-82.13371149724007
 11
148.5322837299598
 21
-82.13371149724007
 72
     1
 10
148.5322837299598
 20
-82.13371149724007
 11
148.9458388747034
 21
-82.13371149724007
 72
     1
 10
148.9458388747034
 20
-82.13371149724007
 11
148.9458388747034
 21
-86.00594267908329
 97
        0
 75
     2
 76
     1
 98
        0
  0
SPLINE
  5
20B
330
1F
100
AcDbEntity
  8
Capa 1
370
     0
100
AcDbSpline
210
0.0
220
0.0
230
1.0
 70
    11
 71
     3
 72
    77
 73
    73
 74
     0
 42
0.0000000001
 43
0.0000000001
 12
1.0
 22
0.0
 32
0.0
 13
1.0
 23
0.0
 33
0.0
 40
0.0
 40
0.0
 40
0.0
 40
0.0
 40
1.0
 40
1.0
 40
1.0
 40
2.0
 40
2.0
 40
2.0
 40
3.0
 40
3.0
 40
3.0
 40
4.0
 40
4.0
 40
4.0
 40
5.0
 40
5.0
 40
5.0
 40
6.0
 40
6.0
 40
6.0
 40
7.0
 40
7.0
 40
7.0
 40
8.0
 40
8.0
 40
8.0
 40
9.0
 40
9.0
 40
9.0
 40
10.0
 40
10.0
 40
10.0
 40
11.0
 40
11.0
 40
11.0
 40
12.0
 40
12.0
 40
12.0
 40
13.0
 40
13.0
 40
13.0
 40
14.0
 40
14.0
 40
14.0
 40
15.0
 40
15.0
 40
15.0
 40
16.0
 40
16.0
 40
16.0
 40
17.0
 40
17.0
 40
17.0
 40
18.0
 40
18.0
 40
18.0
 40
19.0
 40
19.0
 40
19.0
 40
20.0
 40
20.0
 40
20.0
 40
21.0
 40
21.0
 40
21.0
 40
22.0
 40
22.0
 40
22.0
 40
23.0
 40
23.0
 40
23.0
 40
24.0
 40
24.0
 40
24.0
 40
24.0
 10
154.4531085020822
 20
-84.69729224861514
 30
0.0
 10
154.423773660973
 20
-84.68481802921733
 30
0.0
 10
154.3903000437242
 20
-84.66649968162191
 30
0.0
 10
154.3699619756212
 20
-84.64920529997674
 30
0.0
 10
154.3699619756212
 20
-84.64920529997674
 30
0.0
 10
153.5542525437151
 20
-83.97130835773493
 30
0.0
 10
153.5542525437151
 20
-83.97130835773493
 30
0.0
 10
153.5542525437151
 20
-83.97130835773493
 30
0.0
 10
153.5265981219299
 20
-83.9478814771701
 30
0.0
 10
153.5265981219299
 20
-83.9478814771701
 30
0.0
 10
153.5265981219299
 20
-83.9478814771701
 30
0.0
 10
153.4920413675361
 20
-83.91908339433036
 30
0.0
 10
153.4920413675361
 20
-83.91908339433036
 30
0.0
 10
153.4920413675361
 20
-83.91908339433036
 30
0.0
 10
153.4914374245076
 20
-83.91889083093719
 30
0.0
 10
153.4914374245076
 20
-83.91889083093719
 30
0.0
 10
153.4914374245076
 20
-83.91889083093719
 30
0.0
 10
153.4639876262189
 20
-83.8958458775921
 30
0.0
 10
153.4639876262189
 20
-83.8958458775921
 30
0.0
 10
153.4589196683758
 20
-83.89202340121123
 30
0.0
 10
153.4548392848192
 20
-83.88816337387796
 30
0.0
 10
153.4519589431816
 20
-83.88466809807134
 30
0.0
 10
153.4497153214334
 20
-83.88235551774072
 30
0.0
 10
153.4484568869288
 20
-83.88000666535456
 30
0.0
 10
153.4474133070919
 20
-83.87805883654674
 30
0.0
 10
153.4432185254162
 20
-83.87022932859213
 30
0.0
 10
153.4470724997606
 20
-83.86614911578712
 30
0.0
 10
153.4586117575025
 20
-83.8670206270923
 30
0.0
 10
153.4631762288694
 20
-83.86708208304213
 30
0.0
 10
153.467778934182
 20
-83.86815532523038
 30
0.0
 10
153.4729651201712
 20
-83.86938293808556
 30
0.0
 10
153.4729651201712
 20
-83.86938293808556
 30
0.0
 10
153.4817688242191
 20
-83.87172006518485
 30
0.0
 10
153.4817688242191
 20
-83.87172006518485
 30
0.0
 10
153.4817688242191
 20
-83.87172006518485
 30
0.0
 10
153.5213844885683
 20
-83.88271694350553
 30
0.0
 10
153.5213844885683
 20
-83.88271694350553
 30
0.0
 10
153.5213844885683
 20
-83.88271694350553
 30
0.0
 10
153.52837943359
 20
-83.8844993134826
 30
0.0
 10
153.52837943359
 20
-83.8844993134826
 30
0.0
 10
153.52837943359
 20
-83.8844993134826
 30
0.0
 10
154.5465763620087
 20
-84.16148286790643
 30
0.0
 10
154.5465763620087
 20
-84.16148286790643
 30
0.0
 10
154.5708026242862
 20
-84.16912410358539
 30
0.0
 10
154.6048139478426
 20
-84.18563053845159
 30
0.0
 10
154.6323058100898
 20
-84.20312293389001
 30
0.0
 10
154.6323058100898
 20
-84.20312293389001
 30
0.0
 10
154.4488968185722
 20
-84.30893258472375
 30
0.0
 10
154.4488968185722
 20
-84.30893258472375
 30
0.0
 10
154.4393063337151
 20
-84.31357927993335
 30
0.0
 10
154.4306005795538
 20
-84.32175816013297
 30
0.0
 10
154.4237011973887
 20
-84.33049307635234
 30
0.0
 10
154.417559150289
 20
-84.3378145456277
 30
0.0
 10
154.4120108150357
 20
-84.34530948193184
 30
0.0
 10
154.4073014361215
 20
-84.35437031982984
 30
0.0
 10
154.4054024517193
 20
-84.35740311611022
 30
0.0
 10
154.40371832199
 20
-84.36083693596989
 30
0.0
 10
154.4022388157597
 20
-84.36465268304799
 30
0.0
 10
154.3996152731452
 20
-84.37008905836385
 30
0.0
 10
154.3979769177828
 20
-84.37548916162065
 30
0.0
 10
154.3959494740666
 20
-84.38109772506455
 30
0.0
 10
154.3955860014356
 20
-84.38230015402928
 30
0.0
 10
154.3950380639536
 20
-84.38409297039668
 30
0.0
 10
154.3946848225027
 20
-84.38531449571843
 30
0.0
 10
154.3916151223159
 20
-84.39649535055582
 30
0.0
 10
154.3893768380444
 20
-84.40828760982518
 30
0.0
 10
154.3895004036634
 20
-84.41979758590301
 30
0.0
 10
154.3887149462179
 20
-84.43430152841192
 30
0.0
 10
154.3903141880577
 20
-84.4485601015548
 30
0.0
 10
154.3936713367664
 20
-84.46234382811879
 30
0.0
 10
154.3936713367664
 20
-84.46234382811879
 30
0.0
 10
154.4531085020822
 20
-84.69729224861514
 30
0.0
 10
154.4531085020822
 20
-84.69729224861514
 30
0.0
  0
HATCH
  5
20C
330
1F
100
AcDbEntity
  8
Capa 1
 62
   255
100
AcDbHatch
 10
0.0
 20
0.0
 30
0.0
210
0.0
220
0.0
230
1.0
  2
SOLID
 70
     1
 71
     0
 91
        1
 92
        1
 93
        1
 72
     4
 94
        3
 73
     0
 74
     1
 95
       77
 96
       73
 40
0.0
 40
0.0
 40
0.0
 40
0.0
 40
1.0
 40
1.0
 40
1.0
 40
2.0
 40
2.0
 40
2.0
 40
3.0
 40
3.0
 40
3.0
 40
4.0
 40
4.0
 40
4.0
 40
5.0
 40
5.0
 40
5.0
 40
6.0
 40
6.0
 40
6.0
 40
7.0
 40
7.0
 40
7.0
 40
8.0
 40
8.0
 40
8.0
 40
9.0
 40
9.0
 40
9.0
 40
10.0
 40
10.0
 40
10.0
 40
11.0
 40
11.0
 40
11.0
 40
12.0
 40
12.0
 40
12.0
 40
13.0
 40
13.0
 40
13.0
 40
14.0
 40
14.0
 40
14.0
 40
15.0
 40
15.0
 40
15.0
 40
16.0
 40
16.0
 40
16.0
 40
17.0
 40
17.0
 40
17.0
 40
18.0
 40
18.0
 40
18.0
 40
19.0
 40
19.0
 40
19.0
 40
20.0
 40
20.0
 40
20.0
 40
21.0
 40
21.0
 40
21.0
 40
22.0
 40
22.0
 40
22.0
 40
23.0
 40
23.0
 40
23.0
 40
24.0
 40
24.0
 40
24.0
 40
24.0
 10
154.4531085020822
 20
-84.69729224861514
 10
154.423773660973
 20
-84.68481802921733
 10
154.3903000437242
 20
-84.66649968162191
 10
154.3699619756212
 20
-84.64920529997674
 10
154.3699619756212
 20
-84.64920529997674
 10
153.5542525437151
 20
-83.97130835773493
 10
153.5542525437151
 20
-83.97130835773493
 10
153.5542525437151
 20
-83.97130835773493
 10
153.5265981219299
 20
-83.9478814771701
 10
153.5265981219299
 20
-83.9478814771701
 10
153.5265981219299
 20
-83.9478814771701
 10
153.4920413675361
 20
-83.91908339433036
 10
153.4920413675361
 20
-83.91908339433036
 10
153.4920413675361
 20
-83.91908339433036
 10
153.4914374245076
 20
-83.91889083093719
 10
153.4914374245076
 20
-83.91889083093719
 10
153.4914374245076
 20
-83.91889083093719
 10
153.4639876262189
 20
-83.8958458775921
 10
153.4639876262189
 20
-83.8958458775921
 10
153.4589196683758
 20
-83.89202340121123
 10
153.4548392848192
 20
-83.88816337387796
 10
153.4519589431816
 20
-83.88466809807134
 10
153.4497153214334
 20
-83.88235551774072
 10
153.4484568869288
 20
-83.88000666535456
 10
153.4474133070919
 20
-83.87805883654674
 10
153.4432185254162
 20
-83.87022932859213
 10
153.4470724997606
 20
-83.86614911578712
 10
153.4586117575025
 20
-83.8670206270923
 10
153.4631762288694
 20
-83.86708208304213
 10
153.467778934182
 20
-83.86815532523038
 10
153.4729651201712
 20
-83.86938293808556
 10
153.4729651201712
 20
-83.86938293808556
 10
153.4817688242191
 20
-83.87172006518485
 10
153.4817688242191
 20
-83.87172006518485
 10
153.4817688242191
 20
-83.87172006518485
 10
153.5213844885683
 20
-83.88271694350553
 10
153.5213844885683
 20
-83.88271694350553
 10
153.5213844885683
 20
-83.88271694350553
 10
153.52837943359
 20
-83.8844993134826
 10
153.52837943359
 20
-83.8844993134826
 10
153.52837943359
 20
-83.8844993134826
 10
154.5465763620087
 20
-84.16148286790643
 10
154.5465763620087
 20
-84.16148286790643
 10
154.5708026242862
 20
-84.16912410358539
 10
154.6048139478426
 20
-84.18563053845159
 10
154.6323058100898
 20
-84.20312293389001
 10
154.6323058100898
 20
-84.20312293389001
 10
154.4488968185722
 20
-84.30893258472375
 10
154.4488968185722
 20
-84.30893258472375
 10
154.4393063337151
 20
-84.31357927993335
 10
154.4306005795538
 20
-84.32175816013297
 10
154.4237011973887
 20
-84.33049307635234
 10
154.417559150289
 20
-84.3378145456277
 10
154.4120108150357
 20
-84.34530948193184
 10
154.4073014361215
 20
-84.35437031982984
 10
154.4054024517193
 20
-84.35740311611022
 10
154.40371832199
 20
-84.36083693596989
 10
154.4022388157597
 20
-84.36465268304799
 10
154.3996152731452
 20
-84.37008905836385
 10
154.3979769177828
 20
-84.37548916162065
 10
154.3959494740666
 20
-84.38109772506455
 10
154.3955860014356
 20
-84.38230015402928
 10
154.3950380639536
 20
-84.38409297039668
 10
154.3946848225027
 20
-84.38531449571843
 10
154.3916151223159
 20
-84.39649535055582
 10
154.3893768380444
 20
-84.40828760982518
 10
154.3895004036634
 20
-84.41979758590301
 10
154.3887149462179
 20
-84.43430152841192
 10
154.3903141880577
 20
-84.4485601015548
 10
154.3936713367664
 20
-84.46234382811879
 10
154.3936713367664
 20
-84.46234382811879
 10
154.4531085020822
 20
-84.69729224861514
 10
154.4531085020822
 20
-84.69729224861514
 97
        0
 75
     2
 76
     1
 98
        0
  0
SPLINE
  5
20D
330
1F
100
AcDbEntity
  8
Capa 1
370
     0
100
AcDbSpline
210
0.0
220
0.0
230
1.0
 70
    11
 71
     3
 72
   776
 73
   772
 74
     0
 42
0.0000000001
 43
0.0000000001
 12
1.0
 22
0.0
 32
0.0
 13
1.0
 23
0.0
 33
0.0
 40
0.0
 40
0.0
 40
0.0
 40
0.0
 40
1.0
 40
1.0
 40
1.0
 40
2.0
 40
2.0
 40
2.0
 40
3.0
 40
3.0
 40
3.0
 40
4.0
 40
4.0
 40
4.0
 40
5.0
 40
5.0
 40
5.0
 40
6.0
 40
6.0
 40
6.0
 40
7.0
 40
7.0
 40
7.0
 40
8.0
 40
8.0
 40
8.0
 40
9.0
 40
9.0
 40
9.0
 40
10.0
 40
10.0
 40
10.0
 40
11.0
 40
11.0
 40
11.0
 40
12.0
 40
12.0
 40
12.0
 40
13.0
 40
13.0
 40
13.0
 40
14.0
 40
14.0
 40
14.0
 40
15.0
 40
15.0
 40
15.0
 40
16.0
 40
16.0
 40
16.0
 40
17.0
 40
17.0
 40
17.0
 40
18.0
 40
18.0
 40
18.0
 40
19.0
 40
19.0
 40
19.0
 40
20.0
 40
20.0
 40
20.0
 40
21.0
 40
21.0
 40
21.0
 40
22.0
 40
22.0
 40
22.0
 40
23.0
 40
23.0
 40
23.0
 40
24.0
 40
24.0
 40
24.0
 40
25.0
 40
25.0
 40
25.0
 40
26.0
 40
26.0
 40
26.0
 40
27.0
 40
27.0
 40
27.0
 40
28.0
 40
28.0
 40
28.0
 40
29.0
 40
29.0
 40
29.0
 40
30.0
 40
30.0
 40
30.0
 40
31.0
 40
31.0
 40
31.0
 40
32.0
 40
32.0
 40
32.0
 40
33.0
 40
33.0
 40
33.0
 40
34.0
 40
34.0
 40
34.0
 40
35.0
 40
35.0
 40
35.0
 40
36.0
 40
36.0
 40
36.0
 40
37.0
 40
37.0
 40
37.0
 40
38.0
 40
38.0
 40
38.0
 40
39.0
 40
39.0
 40
39.0
 40
40.0
 40
40.0
 40
40.0
 40
41.0
 40
41.0
 40
41.0
 40
42.0
 40
42.0
 40
42.0
 40
43.0
 40
43.0
 40
43.0
 40
44.0
 40
44.0
 40
44.0
 40
45.0
 40
45.0
 40
45.0
 40
46.0
 40
46.0
 40
46.0
 40
47.0
 40
47.0
 40
47.0
 40
48.0
 40
48.0
 40
48.0
 40
49.0
 40
49.0
 40
49.0
 40
50.0
 40
50.0
 40
50.0
 40
51.0
 40
51.0
 40
51.0
 40
52.0
 40
52.0
 40
52.0
 40
53.0
 40
53.0
 40
53.0
 40
54.0
 40
54.0
 40
54.0
 40
55.0
 40
55.0
 40
55.0
 40
56.0
 40
56.0
 40
56.0
 40
57.0
 40
57.0
 40
57.0
 40
58.0
 40
58.0
 40
58.0
 40
59.0
 40
59.0
 40
59.0
 40
60.0
 40
60.0
 40
60.0
 40
61.0
 40
61.0
 40
61.0
 40
62.0
 40
62.0
 40
62.0
 40
63.0
 40
63.0
 40
63.0
 40
64.0
 40
64.0
 40
64.0
 40
65.0
 40
65.0
 40
65.0
 40
66.0
 40
66.0
 40
66.0
 40
67.0
 40
67.0
 40
67.0
 40
68.0
 40
68.0
 40
68.0
 40
69.0
 40
69.0
 40
69.0
 40
70.0
 40
70.0
 40
70.0
 40
71.0
 40
71.0
 40
71.0
 40
72.0
 40
72.0
 40
72.0
 40
73.0
 40
73.0
 40
73.0
 40
74.0
 40
74.0
 40
74.0
 40
75.0
 40
75.0
 40
75.0
 40
76.0
 40
76.0
 40
76.0
 40
77.0
 40
77.0
 40
77.0
 40
78.0
 40
78.0
 40
78.0
 40
79.0
 40
79.0
 40
79.0
 40
80.0
 40
80.0
 40
80.0
 40
81.0
 40
81.0
 40
81.0
 40
82.0
 40
82.0
 40
82.0
 40
83.0
 40
83.0
 40
83.0
 40
84.0
 40
84.0
 40
84.0
 40
85.0
 40
85.0
 40
85.0
 40
86.0
 40
86.0
 40
86.0
 40
87.0
 40
87.0
 40
87.0
 40
88.0
 40
88.0
 40
88.0
 40
89.0
 40
89.0
 40
89.0
 40
90.0
 40
90.0
 40
90.0
 40
91.0
 40
91.0
 40
91.0
 40
92.0
 40
92.0
 40
92.0
 40
93.0
 40
93.0
 40
93.0
 40
94.0
 40
94.0
 40
94.0
 40
95.0
 40
95.0
 40
95.0
 40
96.0
 40
96.0
 40
96.0
 40
97.0
 40
97.0
 40
97.0
 40
98.0
 40
98.0
 40
98.0
 40
99.0
 40
99.0
 40
99.0
 40
100.0
 40
100.0
 40
100.0
 40
101.0
 40
101.0
 40
101.0
 40
102.0
 40
102.0
 40
102.0
 40
103.0
 40
103.0
 40
103.0
 40
104.0
 40
104.0
 40
104.0
 40
105.0
 40
105.0
 40
105.0
 40
106.0
 40
106.0
 40
106.0
 40
107.0
 40
107.0
 40
107.0
 40
108.0
 40
108.0
 40
108.0
 40
109.0
 40
109.0
 40
109.0
 40
110.0
 40
110.0
 40
110.0
 40
111.0
 40
111.0
 40
111.0
 40
112.0
 40
112.0
 40
112.0
 40
113.0
 40
113.0
 40
113.0
 40
114.0
 40
114.0
 40
114.0
 40
115.0
 40
115.0
 40
115.0
 40
116.0
 40
116.0
 40
116.0
 40
117.0
 40
117.0
 40
117.0
 40
118.0
 40
118.0
 40
118.0
 40
119.0
 40
119.0
 40
119.0
 40
120.0
 40
120.0
 40
120.0
 40
121.0
 40
121.0
 40
121.0
 40
122.0
 40
122.0
 40
122.0
 40
123.0
 40
123.0
 40
123.0
 40
124.0
 40
124.0
 40
124.0
 40
125.0
 40
125.0
 40
125.0
 40
126.0
 40
126.0
 40
126.0
 40
127.0
 40
127.0
 40
127.0
 40
128.0
 40
128.0
 40
128.0
 40
129.0
 40
129.0
 40
129.0
 40
130.0
 40
130.0
 40
130.0
 40
131.0
 40
131.0
 40
131.0
 40
132.0
 40
132.0
 40
132.0
 40
133.0
 40
133.0
 40
133.0
 40
134.0
 40
134.0
 40
134.0
 40
135.0
 40
135.0
 40
135.0
 40
136.0
 40
136.0
 40
136.0
 40
137.0
 40
137.0
 40
137.0
 40
138.0
 40
138.0
 40
138.0
 40
139.0
 40
139.0
 40
139.0
 40
140.0
 40
140.0
 40
140.0
 40
141.0
 40
141.0
 40
141.0
 40
142.0
 40
142.0
 40
142.0
 40
143.0
 40
143.0
 40
143.0
 40
144.0
 40
144.0
 40
144.0
 40
145.0
 40
145.0
 40
145.0
 40
146.0
 40
146.0
 40
146.0
 40
147.0
 40
147.0
 40
147.0
 40
148.0
 40
148.0
 40
148.0
 40
149.0
 40
149.0
 40
149.0
 40
150.0
 40
150.0
 40
150.0
 40
151.0
 40
151.0
 40
151.0
 40
152.0
 40
152.0
 40
152.0
 40
153.0
 40
153.0
 40
153.0
 40
154.0
 40
154.0
 40
154.0
 40
155.0
 40
155.0
 40
155.0
 40
156.0
 40
156.0
 40
156.0
 40
157.0
 40
157.0
 40
157.0
 40
158.0
 40
158.0
 40
158.0
 40
159.0
 40
159.0
 40
159.0
 40
160.0
 40
160.0
 40
160.0
 40
161.0
 40
161.0
 40
161.0
 40
162.0
 40
162.0
 40
162.0
 40
163.0
 40
163.0
 40
163.0
 40
164.0
 40
164.0
 40
164.0
 40
165.0
 40
165.0
 40
165.0
 40
166.0
 40
166.0
 40
166.0
 40
167.0
 40
167.0
 40
167.0
 40
168.0
 40
168.0
 40
168.0
 40
169.0
 40
169.0
 40
169.0
 40
170.0
 40
170.0
 40
170.0
 40
171.0
 40
171.0
 40
171.0
 40
172.0
 40
172.0
 40
172.0
 40
173.0
 40
173.0
 40
173.0
 40
174.0
 40
174.0
 40
174.0
 40
175.0
 40
175.0
 40
175.0
 40
176.0
 40
176.0
 40
176.0
 40
177.0
 40
177.0
 40
177.0
 40
178.0
 40
178.0
 40
178.0
 40
179.0
 40
179.0
 40
179.0
 40
180.0
 40
180.0
 40
180.0
 40
181.0
 40
181.0
 40
181.0
 40
182.0
 40
182.0
 40
182.0
 40
183.0
 40
183.0
 40
183.0
 40
184.0
 40
184.0
 40
184.0
 40
185.0
 40
185.0
 40
185.0
 40
186.0
 40
186.0
 40
186.0
 40
187.0
 40
187.0
 40
187.0
 40
188.0
 40
188.0
 40
188.0
 40
189.0
 40
189.0
 40
189.0
 40
190.0
 40
190.0
 40
190.0
 40
191.0
 40
191.0
 40
191.0
 40
192.0
 40
192.0
 40
192.0
 40
193.0
 40
193.0
 40
193.0
 40
194.0
 40
194.0
 40
194.0
 40
195.0
 40
195.0
 40
195.0
 40
196.0
 40
196.0
 40
196.0
 40
197.0
 40
197.0
 40
197.0
 40
198.0
 40
198.0
 40
198.0
 40
199.0
 40
199.0
 40
199.0
 40
200.0
 40
200.0
 40
200.0
 40
201.0
 40
201.0
 40
201.0
 40
202.0
 40
202.0
 40
202.0
 40
203.0
 40
203.0
 40
203.0
 40
204.0
 40
204.0
 40
204.0
 40
205.0
 40
205.0
 40
205.0
 40
206.0
 40
206.0
 40
206.0
 40
207.0
 40
207.0
 40
207.0
 40
208.0
 40
208.0
 40
208.0
 40
209.0
 40
209.0
 40
209.0
 40
210.0
 40
210.0
 40
210.0
 40
211.0
 40
211.0
 40
211.0
 40
212.0
 40
212.0
 40
212.0
 40
213.0
 40
213.0
 40
213.0
 40
214.0
 40
214.0
 40
214.0
 40
215.0
 40
215.0
 40
215.0
 40
216.0
 40
216.0
 40
216.0
 40
217.0
 40
217.0
 40
217.0
 40
218.0
 40
218.0
 40
218.0
 40
219.0
 40
219.0
 40
219.0
 40
220.0
 40
220.0
 40
220.0
 40
221.0
 40
221.0
 40
221.0
 40
222.0
 40
222.0
 40
222.0
 40
223.0
 40
223.0
 40
223.0
 40
224.0
 40
224.0
 40
224.0
 40
225.0
 40
225.0
 40
225.0
 40
226.0
 40
226.0
 40
226.0
 40
227.0
 40
227.0
 40
227.0
 40
228.0
 40
228.0
 40
228.0
 40
229.0
 40
229.0
 40
229.0
 40
230.0
 40
230.0
 40
230.0
 40
231.0
 40
231.0
 40
231.0
 40
232.0
 40
232.0
 40
232.0
 40
233.0
 40
233.0
 40
233.0
 40
234.0
 40
234.0
 40
234.0
 40
235.0
 40
235.0
 40
235.0
 40
236.0
 40
236.0
 40
236.0
 40
237.0
 40
237.0
 40
237.0
 40
238.0
 40
238.0
 40
238.0
 40
239.0
 40
239.0
 40
239.0
 40
240.0
 40
240.0
 40
240.0
 40
241.0
 40
241.0
 40
241.0
 40
242.0
 40
242.0
 40
242.0
 40
243.0
 40
243.0
 40
243.0
 40
244.0
 40
244.0
 40
244.0
 40
245.0
 40
245.0
 40
245.0
 40
246.0
 40
246.0
 40
246.0
 40
247.0
 40
247.0
 40
247.0
 40
248.0
 40
248.0
 40
248.0
 40
249.0
 40
249.0
 40
249.0
 40
250.0
 40
250.0
 40
250.0
 40
251.0
 40
251.0
 40
251.0
 40
252.0
 40
252.0
 40
252.0
 40
253.0
 40
253.0
 40
253.0
 40
254.0
 40
254.0
 40
254.0
 40
255.0
 40
255.0
 40
255.0
 40
256.0
 40
256.0
 40
256.0
 40
257.0
 40
257.0
 40
257.0
 40
257.0
 10
158.4802208863628
 20
-88.6306359666723
 30
0.0
 10
158.4669189205482
 20
-88.51571694762795
 30
0.0
 10
158.447832549394
 20
-88.402141123827
 30
0.0
 10
158.4238716793624
 20
-88.29076424063499
 30
0.0
 10
158.4118912443482
 20
-88.23486998685665
 30
0.0
 10
158.3985892785265
 20
-88.17940902187824
 30
0.0
 10
158.3843774062543
 20
-88.12483629891285
 30
0.0
 10
158.3701871984122
 20
-88.0698086227148
 30
0.0
 10
158.355087084119
 20
-88.01569085297756
 30
0.0
 10
158.3382321502318
 20
-87.96199553981073
 30
0.0
 10
158.2987595415564
 20
-87.83244219191734
 30
0.0
 10
158.2526142855404
 20
-87.70643097987885
 30
0.0
 10
158.2015728662007
 20
-87.583528614895
 30
0.0
 10
158.1332432241855
 20
-87.4193663249867
 30
0.0
 10
158.0555978732095
 20
-87.2614217292002
 30
0.0
 10
157.9704132973033
 20
-87.10878492107858
 30
0.0
 10
157.9278210093521
 20
-87.03247193312899
 30
0.0
 10
157.8830189485756
 20
-86.95793542921086
 30
0.0
 10
157.8368736925538
 20
-86.88428716731215
 30
0.0
 10
157.7902951477487
 20
-86.81107219420151
 30
0.0
 10
157.742373407688
 20
-86.73920041633394
 30
0.0
 10
157.6926751835963
 20
-86.66865016928091
 30
0.0
 10
157.4189233267489
 20
-86.28086753540218
 30
0.0
 10
157.0981379718593
 20
-85.93656543149343
 30
0.0
 10
156.7462858108033
 20
-85.63529973654543
 30
0.0
 10
156.5865538987648
 20
-85.49819633151056
 30
0.0
 10
156.4206259570459
 20
-85.37041946765183
 30
0.0
 10
156.2493468987765
 20
-85.25107007074214
 30
0.0
 10
156.2152037422099
 20
-85.22710920071341
 30
0.0
 10
156.1805839679741
 20
-85.20403657270026
 30
0.0
 10
156.1459641937345
 20
-85.18096394469127
 30
0.0
 10
155.6681333172997
 20
-84.8623991948456
 30
0.0
 10
155.1529962761352
 20
-84.61170913378828
 30
0.0
 10
154.6201377235004
 20
-84.42935954696479
 30
0.0
 10
154.6196827702748
 20
-84.42935954696479
 30
0.0
 10
154.6192494814845
 20
-84.42891542595396
 30
0.0
 10
154.6187945282563
 20
-84.42891542595396
 30
0.0
 10
154.5722159834455
 20
-84.41293790186536
 30
0.0
 10
154.525637438636
 20
-84.39740449877958
 30
0.0
 10
154.4786039405995
 20
-84.38277016993536
 30
0.0
 10
154.5251824854059
 20
-84.40539867693639
 30
0.0
 10
154.571327741427
 20
-84.42847130494634
 30
0.0
 10
154.6174729974527
 20
-84.45243217497475
 30
0.0
 10
154.6179279506809
 20
-84.45243217497475
 30
0.0
 10
154.6183612394705
 20
-84.45286546376312
 30
0.0
 10
154.6187945282563
 20
-84.45286546376312
 30
0.0
 10
154.9706466893104
 20
-84.63433764078964
 30
0.0
 10
155.3043007212307
 20
-84.8459775497465
 30
0.0
 10
155.6135389298926
 20
-85.08424305477878
 30
0.0
 10
155.772382599919
 20
-85.20670129875145
 30
0.0
 10
155.9254635290476
 20
-85.33625464664614
 30
0.0
 10
156.0710052332569
 20
-85.4724698096648
 30
0.0
 10
156.1579662931917
 20
-85.55410141750235
 30
0.0
 10
156.2426959158646
 20
-85.63840858360939
 30
0.0
 10
156.3243491881439
 20
-85.72492552253819
 30
0.0
 10
156.4059807959776
 20
-85.81144246146955
 30
0.0
 10
156.4849476777585
 20
-85.90018000544289
 30
0.0
 10
156.5608165447065
 20
-85.99113815446012
 30
0.0
 10
156.592338304096
 20
-86.02884511131782
 30
0.0
 10
156.6233834458259
 20
-86.06700702140144
 30
0.0
 10
156.6539952987648
 20
-86.10560222027985
 30
0.0
 10
156.6539952987648
 20
-86.10605717350543
 30
0.0
 10
156.6539952987648
 20
-86.10605717350543
 30
0.0
 10
156.6539952987648
 20
-86.10605717350543
 30
0.0
 10
156.7458525220194
 20
-86.22185360234803
 30
0.0
 10
156.8323586287267
 20
-86.34076971047223
 30
0.0
 10
156.9131019945458
 20
-86.46232888020593
 30
0.0
 10
156.9778786684936
 20
-86.55950472334402
 30
0.0
 10
157.0391240388093
 20
-86.65889033930708
 30
0.0
 10
157.0963614878243
 20
-86.759608318293
 30
0.0
 10
157.134512565689
 20
-86.82704971829331
 30
0.0
 10
157.1713421127507
 20
-86.89492440708231
 30
0.0
 10
157.2059402225518
 20
-86.9636981701026
 30
0.0
 10
157.2281246085382
 20
-87.00762282108117
 30
0.0
 10
157.2498757057483
 20
-87.051991593068
 30
0.0
 10
157.2702836077061
 20
-87.09636036505387
 30
0.0
 10
157.2800542698931
 20
-87.117223220243
 30
0.0
 10
157.2898032676467
 20
-87.13806441099173
 30
0.0
 10
157.2991189766075
 20
-87.15892726617511
 30
0.0
 10
157.3119876536395
 20
-87.18820675608795
 30
0.0
 10
157.3248563306683
 20
-87.21748624600207
 30
0.0
 10
157.3368367656832
 20
-87.24677656813255
 30
0.0
 10
157.3448309438397
 20
-87.2654079860608
 30
0.0
 10
157.3528034575557
 20
-87.28403940398296
 30
0.0
 10
157.3599093936944
 20
-87.30312577513294
 30
0.0
 10
157.3621191665197
 20
-87.30844439501931
 30
0.0
 10
157.3643506037803
 20
-87.31377384712555
 30
0.0
 10
157.3665603766062
 20
-87.31909246700421
 30
0.0
 10
157.3696583914455
 20
-87.32574344991474
 30
0.0
 10
157.3723231175008
 20
-87.33240526504802
 30
0.0
 10
157.3745545547614
 20
-87.33950036896714
 30
0.0
 10
157.3820937796872
 20
-87.35902002890998
 30
0.0
 10
157.3896330046161
 20
-87.37855052106696
 30
0.0
 10
157.3971722295419
 20
-87.39807018100917
 30
0.0
 10
157.4087193757697
 20
-87.42823791294079
 30
0.0
 10
157.4198115687693
 20
-87.4588497658797
 30
0.0
 10
157.4304488085349
 20
-87.4894724510337
 30
0.0
 10
157.4424292435491
 20
-87.52363727204325
 30
0.0
 10
157.4539763897737
 20
-87.55780209304893
 30
0.0
 10
157.4646136295393
 20
-87.59195608183667
 30
0.0
 10
157.4659351603474
 20
-87.59595317091491
 30
0.0
 10
157.4672783555928
 20
-87.59950613898457
 30
0.0
 10
157.4681665976106
 20
-87.60350322806377
 30
0.0
 10
157.4779372598001
 20
-87.63322683898423
 30
0.0
 10
157.4872529687641
 20
-87.66339457091425
 30
0.0
 10
157.4956804357096
 20
-87.69312901405652
 30
0.0
 10
157.4970019665152
 20
-87.69667114990116
 30
0.0
 10
157.4978902085323
 20
-87.70066823897973
 30
0.0
 10
157.4987784505476
 20
-87.70422120705388
 30
0.0
 10
157.5089824015262
 20
-87.74015167987177
 30
0.0
 10
157.5187530637189
 20
-87.77609298491694
 30
0.0
 10
157.5280687726797
 20
-87.81203428995795
 30
0.0
 10
157.6008179603429
 20
-88.10087542888188
 30
0.0
 10
157.6367592653862
 20
-88.39282541486592
 30
0.0
 10
157.6274435564248
 20
-88.67456061765279
 30
0.0
 10
157.6230023463363
 20
-88.81565027955084
 30
0.0
 10
157.6070356544644
 20
-88.95408604761339
 30
0.0
 10
157.5799767695942
 20
-89.08763648458118
 30
0.0
 10
157.5724375446691
 20
-89.12180130558751
 30
0.0
 10
157.5653316085304
 20
-89.15418964256239
 30
0.0
 10
157.5573590948124
 20
-89.18524561650989
 30
0.0
 10
157.5497982054475
 20
-89.21630159045644
 30
0.0
 10
157.541370738502
 20
-89.24646932238421
 30
0.0
 10
157.5311667875228
 20
-89.27664788653314
 30
0.0
 10
157.5311667875228
 20
-89.27664788653314
 30
0.0
 10
157.520962836541
 20
-89.3077038604813
 30
0.0
 10
157.520962836541
 20
-89.3077038604813
 30
0.0
 10
157.520962836541
 20
-89.3077038604813
 30
0.0
 10
157.5165216264545
 20
-89.32190490054067
 30
0.0
 10
157.5165216264545
 20
-89.32190490054067
 30
0.0
 10
157.5165216264545
 20
-89.32190490054067
 30
0.0
 10
157.4996666925641
 20
-89.36670696131236
 30
0.0
 10
157.4996666925641
 20
-89.36670696131236
 30
0.0
 10
157.4890294527972
 20
-89.39644140445849
 30
0.0
 10
157.4757058225396
 20
-89.42572089436683
 30
0.0
 10
157.4632920987318
 20
-89.45501121650148
 30
0.0
 10
157.3607976357129
 20
-89.687947269432
 30
0.0
 10
157.2032754964952
 20
-89.9009087091912
 30
0.0
 10
157.0138416379728
 20
-90.09080835316227
 30
0.0
 10
156.9663531867082
 20
-90.13828597221112
 30
0.0
 10
156.9166549626177
 20
-90.18443122823423
 30
0.0
 10
156.8652019189294
 20
-90.22880000022073
 30
0.0
 10
156.7879898567457
 20
-90.29535315820162
 30
0.0
 10
156.7067915376926
 20
-90.35879746911887
 30
0.0
 10
156.6220619150178
 20
-90.41914376520039
 30
0.0
 10
156.5373106279031
 20
-90.47903510804669
 30
0.0
 10
156.4490063727191
 20
-90.53582843605824
 30
0.0
 10
156.3580590559201
 20
-90.58951291700646
 30
0.0
 10
156.350519830995
 20
-90.59395412709394
 30
0.0
 10
156.3425256528373
 20
-90.5983953371798
 30
0.0
 10
156.3349864279096
 20
-90.60282571504642
 30
0.0
 10
156.2813019469613
 20
-90.63344840020844
 30
0.0
 10
156.2276174660105
 20
-90.66361613213621
 30
0.0
 10
156.1730447430452
 20
-90.6924515010411
 30
0.0
 10
156.1100445531323
 20
-90.72528395901878
 30
0.0
 10
156.0461344567651
 20
-90.75678405397424
 30
0.0
 10
155.9813577828231
 20
-90.78696261812318
 30
0.0
 10
155.8522593881569
 20
-90.8468539609743
 30
0.0
 10
155.7191530721996
 20
-90.90142668393874
 30
0.0
 10
155.5833820301831
 20
-90.95068078702387
 30
0.0
 10
155.5580779649087
 20
-90.95999649598527
 30
0.0
 10
155.5323622752857
 20
-90.96931220494763
 30
0.0
 10
155.5070582100114
 20
-90.97818379290044
 30
0.0
 10
155.4303011010551
 20
-91.00480938898292
 30
0.0
 10
155.3526557500759
 20
-91.03010262203645
 30
0.0
 10
155.2745771103122
 20
-91.0531752500496
 30
0.0
 10
155.2239906442039
 20
-91.06825369990177
 30
0.0
 10
155.1734041780936
 20
-91.08245473995666
 30
0.0
 10
155.1223844231956
 20
-91.09665578001669
 30
0.0
 10
154.9697584472926
 20
-91.13791570494053
 30
0.0
 10
154.8153559873597
 20
-91.1729687679666
 30
0.0
 10
154.6591770433861
 20
-91.20313649989725
 30
0.0
 10
154.6103670613134
 20
-91.21245220885929
 30
0.0
 10
154.5615570792407
 20
-91.22133462903135
 30
0.0
 10
154.5127687616039
 20
-91.22931797496891
 30
0.0
 10
154.4519783445177
 20
-91.23996604695766
 30
0.0
 10
154.3907546386437
 20
-91.24928175591907
 30
0.0
 10
154.3295309327646
 20
-91.25770922286586
 30
0.0
 10
154.1795480184759
 20
-91.27900536683889
 30
0.0
 10
154.0286985266085
 20
-91.2949828909294
 30
0.0
 10
153.8778490347385
 20
-91.30651920493823
 30
0.0
 10
153.6954994479131
 20
-91.32027612398613
 30
0.0
 10
153.5135831498844
 20
-91.32692710689697
 30
0.0
 10
153.331233563059
 20
-91.32692710689697
 30
0.0
 10
153.2855215958256
 20
-91.32692710689697
 30
0.0
 10
153.2402645818241
 20
-91.32648298588518
 30
0.0
 10
153.1945742790279
 20
-91.32559474386962
 30
0.0
 10
153.1945742790279
 20
-91.32559474386962
 30
0.0
 10
153.1874683428918
 20
-91.32559474386962
 30
0.0
 10
153.1874683428918
 20
-91.32559474386962
 30
0.0
 10
153.1488623118009
 20
-91.32470650185404
 30
0.0
 10
153.1102562807048
 20
-91.32381825983366
 30
0.0
 10
153.0716719140505
 20
-91.32204177580348
 30
0.0
 10
153.0170991910812
 20
-91.32027612398613
 30
0.0
 10
152.9625048036773
 20
-91.31805551894224
 30
0.0
 10
152.9079537451491
 20
-91.31450255087515
 30
0.0
 10
152.7695179770837
 20
-91.3069633259465
 30
0.0
 10
152.6315154978098
 20
-91.2949828909294
 30
0.0
 10
152.4944229249948
 20
-91.27944948784683
 30
0.0
 10
152.4021324129442
 20
-91.26880141585839
 30
0.0
 10
152.3102968541319
 20
-91.256376859834
 30
0.0
 10
152.2184612953209
 20
-91.24263077300854
 30
0.0
 10
152.2184612953209
 20
-91.24263077300854
 30
0.0
 10
152.2180063420902
 20
-91.2430640617979
 30
0.0
 10
152.2180063420902
 20
-91.2430640617979
 30
0.0
 10
152.2180063420902
 20
-91.2430640617979
 30
0.0
 10
152.1448022011994
 20
-91.29852502677853
 30
0.0
 10
152.1448022011994
 20
-91.29852502677853
 30
0.0
 10
152.1749591009076
 20
-91.3034103578762
 30
0.0
 10
152.2055926182882
 20
-91.3082956889697
 30
0.0
 10
152.2362044712265
 20
-91.31272606683727
 30
0.0
 10
152.2716908230377
 20
-91.31805551894224
 30
0.0
 10
152.3067438860632
 20
-91.32293001781873
 30
0.0
 10
152.3422519023174
 20
-91.32781534891222
 30
0.0
 10
152.3457832059463
 20
-91.3282594699237
 30
0.0
 10
152.3497911272451
 20
-91.32870359092844
 30
0.0
 10
152.3533440953132
 20
-91.32914771193927
 30
0.0
 10
152.3746185748477
 20
-91.33180160576738
 30
0.0
 10
152.396369672054
 20
-91.33446633182243
 30
0.0
 10
152.4176658160335
 20
-91.33713105787362
 30
0.0
 10
152.4820092011878
 20
-91.34511440381087
 30
0.0
 10
152.5463309219017
 20
-91.35220950773093
 30
0.0
 10
152.6111075958514
 20
-91.35842720185275
 30
0.0
 10
152.6310822090202
 20
-91.36064780689472
 30
0.0
 10
152.6510568221877
 20
-91.36242429093068
 30
0.0
 10
152.6710097709205
 20
-91.36418994274257
 30
0.0
 10
152.7504316059334
 20
-91.3712958788838
 30
0.0
 10
152.8303083941706
 20
-91.37705861977459
 30
0.0
 10
152.9097302291848
 20
-91.3814998298611
 30
0.0
 10
153.0060069980848
 20
-91.38682928196638
 30
0.0
 10
153.1022837669894
 20
-91.39037141781422
 30
0.0
 10
153.1981272470992
 20
-91.39214790185082
 30
0.0
 10
153.2424960190847
 20
-91.3930361438696
 30
0.0
 10
153.2868647910715
 20
-91.39348026487272
 30
0.0
 10
153.331233563059
 20
-91.39348026487272
 30
0.0
 10
153.3769238658533
 20
-91.39348026487272
 30
0.0
 10
153.4230691218751
 20
-91.3930361438696
 30
0.0
 10
153.4692143778969
 20
-91.39214790185082
 30
0.0
 10
153.5614832255002
 20
-91.39037141781422
 30
0.0
 10
153.6537737375438
 20
-91.38726257075636
 30
0.0
 10
153.7456309607926
 20
-91.38194395087353
 30
0.0
 10
153.7913212635901
 20
-91.37972334582611
 30
0.0
 10
153.8370332308197
 20
-91.37662533098492
 30
0.0
 10
153.8827235336134
 20
-91.37307236291879
 30
0.0
 10
153.9213295647069
 20
-91.36996351585644
 30
0.0
 10
153.9594806425741
 20
-91.36685466879473
 30
0.0
 10
153.9980866736683
 20
-91.36330170072699
 30
0.0
 10
154.0744104938413
 20
-91.3562065968079
 30
0.0
 10
154.1502793607829
 20
-91.34822325086937
 30
0.0
 10
154.2256932744977
 20
-91.33890754190573
 30
0.0
 10
154.3006738994241
 20
-91.32959183294786
 30
0.0
 10
154.3756545243447
 20
-91.31893292873953
 30
0.0
 10
154.449768571695
 20
-91.3074074469538
 30
0.0
 10
154.5974983842814
 20
-91.28433481894514
 30
0.0
 10
154.7430400884868
 20
-91.256376859834
 30
0.0
 10
154.8854621134055
 20
-91.22398852286393
 30
0.0
 10
154.916507255134
 20
-91.21689341894516
 30
0.0
 10
154.9475740612992
 20
-91.20978748280713
 30
0.0
 10
154.9786408674708
 20
-91.20224825787847
 30
0.0
 10
155.1947219865077
 20
-91.14945201894902
 30
0.0
 10
155.4041304582014
 20
-91.08645182903523
 30
0.0
 10
155.6059997049668
 20
-91.01323685592523
 30
0.0
 10
155.6756725422273
 20
-90.9883985761005
 30
0.0
 10
155.7444354730303
 20
-90.9617729800209
 30
0.0
 10
155.8118768730297
 20
-90.93381502091361
 30
0.0
 10
155.8123318262591
 20
-90.93381502091361
 30
0.0
 10
155.8123318262591
 20
-90.93381502091361
 30
0.0
 10
155.8123318262591
 20
-90.93381502091361
 30
0.0
 10
155.8797515618142
 20
-90.90586789402525
 30
0.0
 10
155.9467596730251
 20
-90.87658840411721
 30
0.0
 10
156.0119913001953
 20
-90.84596571895808
 30
0.0
 10
156.0119913001953
 20
-90.84596571895808
 30
0.0
 10
156.0124245889863
 20
-90.84596571895808
 30
0.0
 10
156.0124245889863
 20
-90.84596571895808
 30
0.0
 10
156.0372737010293
 20
-90.83442940495439
 30
0.0
 10
156.0616678598467
 20
-90.82289309094621
 30
0.0
 10
156.0856287298758
 20
-90.81092348815287
 30
0.0
 10
156.1260112450049
 20
-90.79139299599173
 30
0.0
 10
156.1659388069097
 20
-90.77098509403298
 30
0.0
 10
156.2049781267903
 20
-90.75057719207423
 30
0.0
 10
156.2369331749745
 20
-90.73371142596461
 30
0.0
 10
156.2684332699293
 20
-90.71685649207231
 30
0.0
 10
156.2995000760945
 20
-90.69954660495475
 30
0.0
 10
156.2995000760945
 20
-90.69954660495475
 30
0.0
 10
156.2999333648841
 20
-90.69954660495475
 30
0.0
 10
156.2999333648841
 20
-90.69954660495475
 30
0.0
 10
156.3310001710518
 20
-90.68180342905137
 30
0.0
 10
156.3616120239914
 20
-90.66449354193381
 30
0.0
 10
156.3917689236996
 20
-90.64675036602563
 30
0.0
 10
156.4805064676765
 20
-90.59439824810156
 30
0.0
 10
156.5652577547918
 20
-90.53982552513776
 30
0.0
 10
156.6460227850442
 20
-90.48347631813449
 30
0.0
 10
156.7267661508659
 20
-90.42668299012743
 30
0.0
 10
156.803089971035
 20
-90.36811317808059
 30
0.0
 10
156.875405869906
 20
-90.30777771422184
 30
0.0
 10
156.875405869906
 20
-90.30777771422184
 30
0.0
 10
156.875405869906
 20
-90.30733359321293
 30
0.0
 10
156.8758391586989
 20
-90.30733359321293
 30
0.0
 10
156.9015765127636
 20
-90.28514920722048
 30
0.0
 10
156.9273138668212
 20
-90.26340894223438
 30
0.0
 10
156.9521629788681
 20
-90.240780435233
 30
0.0
 10
156.9898807679444
 20
-90.20705973523462
 30
0.0
 10
157.0262553617767
 20
-90.17245079321778
 30
0.0
 10
157.0608534715746
 20
-90.13784185120286
 30
0.0
 10
157.268052170443
 20
-89.93019903132489
 30
0.0
 10
157.4237978256238
 20
-89.70924341340633
 30
0.0
 10
157.5245158046123
 20
-89.48118185935454
 30
0.0
 10
157.5245158046123
 20
-89.48118185935454
 30
0.0
 10
157.5329432715558
 20
-89.46077395739547
 30
0.0
 10
157.5329432715558
 20
-89.46077395739547
 30
0.0
 10
157.5378177704333
 20
-89.44923764338793
 30
0.0
 10
157.5431472225383
 20
-89.4377013293836
 30
0.0
 10
157.5480217214119
 20
-89.4261650153783
 30
0.0
 10
157.5480217214119
 20
-89.42572089436683
 30
0.0
 10
157.5484766746413
 20
-89.42572089436683
 30
0.0
 10
157.5484766746413
 20
-89.42572089436683
 30
0.0
 10
157.5529178847272
 20
-89.4141845803625
 30
0.0
 10
157.557792383602
 20
-89.40264826635688
 30
0.0
 10
157.5617786404623
 20
-89.39066783134525
 30
0.0
 10
157.5617786404623
 20
-89.39066783134525
 30
0.0
 10
157.5617786404623
 20
-89.39023454255559
 30
0.0
 10
157.5617786404623
 20
-89.39023454255559
 30
0.0
 10
157.5617786404623
 20
-89.39023454255559
 30
0.0
 10
157.5786335743489
 20
-89.34541081733933
 30
0.0
 10
157.5786335743489
 20
-89.34541081733933
 30
0.0
 10
157.5786335743489
 20
-89.34541081733933
 30
0.0
 10
157.5790885275802
 20
-89.34408928653345
 30
0.0
 10
157.5790885275802
 20
-89.34408928653345
 30
0.0
 10
157.5790885275802
 20
-89.34408928653345
 30
0.0
 10
157.5795434808084
 20
-89.34231280249782
 30
0.0
 10
157.5795434808084
 20
-89.34231280249782
 30
0.0
 10
157.5795434808084
 20
-89.34231280249782
 30
0.0
 10
157.5941669774318
 20
-89.29794403051163
 30
0.0
 10
157.5941669774318
 20
-89.29794403051163
 30
0.0
 10
157.5941669774318
 20
-89.29794403051163
 30
0.0
 10
157.5941669774318
 20
-89.29749990950401
 30
0.0
 10
157.5941669774318
 20
-89.29749990950401
 30
0.0
 10
157.5950552194496
 20
-89.29527930446108
 30
0.0
 10
157.5955101726777
 20
-89.2930586994175
 30
0.0
 10
157.5963984146987
 20
-89.29083809437104
 30
0.0
 10
157.5994964295361
 20
-89.28063414339407
 30
0.0
 10
157.6025944443773
 20
-89.27087431342409
 30
0.0
 10
157.6057141236595
 20
-89.26111448345154
 30
0.0
 10
157.6066023656735
 20
-89.25756151538444
 30
0.0
 10
157.6074906076951
 20
-89.2544635005407
 30
0.0
 10
157.6083788497097
 20
-89.25091053246976
 30
0.0
 10
157.6105886225357
 20
-89.24292718653572
 30
0.0
 10
157.6128200597956
 20
-89.23537712939135
 30
0.0
 10
157.6150298326228
 20
-89.22739378345283
 30
0.0
 10
157.6172396054455
 20
-89.21941043751558
 30
0.0
 10
157.6194710427068
 20
-89.21141625936262
 30
0.0
 10
157.6212258622994
 20
-89.20343291342346
 30
0.0
 10
157.6230023463363
 20
-89.19633780950628
 30
0.0
 10
157.624778830372
 20
-89.18968682659543
 30
0.0
 10
157.6265553144063
 20
-89.18258089045837
 30
0.0
 10
157.6296749936879
 20
-89.17060045544578
 30
0.0
 10
157.6323180552971
 20
-89.15818673163999
 30
0.0
 10
157.635004445789
 20
-89.14575134339827
 30
0.0
 10
157.6389907026487
 20
-89.1306728935416
 30
0.0
 10
157.6420887174899
 20
-89.11558361147115
 30
0.0
 10
157.6451867323291
 20
-89.10094928262178
 30
0.0
 10
157.6727005704288
 20
-88.96384587758338
 30
0.0
 10
157.6891222155256
 20
-88.82097973165322
 30
0.0
 10
157.6939967144044
 20
-88.67678122269507
 30
0.0
 10
157.6948849564222
 20
-88.64794585379147
 30
0.0
 10
157.6953399096478
 20
-88.61865553165713
 30
0.0
 10
157.6953399096478
 20
-88.58937604174847
 30
0.0
 10
157.6957731984374
 20
-88.33469972382798
 30
0.0
 10
157.6611750886434
 20
-88.06804297090324
 30
0.0
 10
157.5923904934
 20
-87.79561264485883
 30
0.0
 10
157.5830747844347
 20
-87.7596821720326
 30
0.0
 10
157.5733257866837
 20
-87.7237408669932
 30
0.0
 10
157.5631218357051
 20
-87.6877995619506
 30
0.0
 10
157.5564491883561
 20
-87.66383869192316
 30
0.0
 10
157.5493649166553
 20
-87.63987782189346
 30
0.0
 10
157.5418256917289
 20
-87.61591695186539
 30
0.0
 10
157.5409374497123
 20
-87.61326305803343
 30
0.0
 10
157.5400492076945
 20
-87.61015421097461
 30
0.0
 10
157.5391609656799
 20
-87.60704536391515
 30
0.0
 10
157.534719755594
 20
-87.59195608183667
 30
0.0
 10
157.5298452567191
 20
-87.57687763198385
 30
0.0
 10
157.5249490934013
 20
-87.56178834990857
 30
0.0
 10
157.5178648217037
 20
-87.53960396391612
 30
0.0
 10
157.5103039323369
 20
-87.51741957792143
 30
0.0
 10
157.5027647074085
 20
-87.49479107092199
 30
0.0
 10
157.4890294527972
 20
-87.45530763002833
 30
0.0
 10
157.4748175805224
 20
-87.41625747792499
 30
0.0
 10
157.4601724194548
 20
-87.376774037031
 30
0.0
 10
157.4526331945283
 20
-87.35681025608085
 30
0.0
 10
157.4450939695994
 20
-87.33729059614312
 30
0.0
 10
157.4370997914454
 20
-87.3173159829734
 30
0.0
 10
157.4344350653933
 20
-87.30933263703487
 30
0.0
 10
157.4313370505553
 20
-87.30134929110147
 30
0.0
 10
157.427784082484
 20
-87.29292182415597
 30
0.0
 10
157.4273507936925
 20
-87.29158946112797
 30
0.0
 10
157.426895840463
 20
-87.29070121911175
 30
0.0
 10
157.4264625516772
 20
-87.28936885608407
 30
0.0
 10
157.4153703586776
 20
-87.2614217292002
 30
0.0
 10
157.4038232124563
 20
-87.23346377009388
 30
0.0
 10
157.3914094886486
 20
-87.2050725221966
 30
0.0
 10
157.3789741004056
 20
-87.17578220006644
 30
0.0
 10
157.3661054233768
 20
-87.14605858914629
 30
0.0
 10
157.3523701687693
 20
-87.11588002499671
 30
0.0
 10
157.3390465385117
 20
-87.08615641407401
 30
0.0
 10
157.3248563306683
 20
-87.05598868214592
 30
0.0
 10
157.3102111696007
 20
-87.02537682920604
 30
0.0
 10
157.2955660085395
 20
-86.99520909727859
 30
0.0
 10
157.2809208474725
 20
-86.96458641212138
 30
0.0
 10
157.2654091088287
 20
-86.93397455918246
 30
0.0
 10
157.162459692579
 20
-86.72987387515427
 30
0.0
 10
157.043565248892
 20
-86.5311026432291
 30
0.0
 10
156.9091157376881
 20
-86.33766086340988
 30
0.0
 10
156.8647469657019
 20
-86.27332831047129
 30
0.0
 10
156.8186017096801
 20
-86.20987316733287
 30
0.0
 10
156.7706799696226
 20
-86.14687297742228
 30
0.0
 10
156.6988190239766
 20
-86.05237269255753
 30
0.0
 10
156.6229284925952
 20
-85.95919393849609
 30
0.0
 10
156.5430733687926
 20
-85.86734754746135
 30
0.0
 10
156.5022575648777
 20
-85.81986992841121
 30
0.0
 10
156.4600985657161
 20
-85.77283643037735
 30
0.0
 10
156.4161847469549
 20
-85.72670200657382
 30
0.0
 10
156.3212295088591
 20
-85.62331930153347
 30
0.0
 10
156.2213997718929
 20
-85.52260132254241
 30
0.0
 10
156.1162405828159
 20
-85.42410394859941
 30
0.0
 10
155.9902402029922
 20
-85.306531035726
 30
0.0
 10
155.8597986130884
 20
-85.19383262172425
 30
0.0
 10
155.7240275710719
 20
-85.08600870659612
 30
0.0
 10
155.6321920122564
 20
-85.01324868671331
 30
0.0
 10
155.5381250161823
 20
-84.94269843965354
 30
0.0
 10
155.4413932940515
 20
-84.87436879764248
 30
0.0
 10
156.1614975968232
 20
-85.30874080854775
 30
0.0
 10
156.78133887383
 20
-85.87178875754722
 30
0.0
 10
157.2378952707309
 20
-86.51469183034828
 30
0.0
 10
157.867485545494
 20
-87.40073490706358
 30
0.0
 10
158.1439021283922
 20
-88.36397921374434
 30
0.0
 10
158.0170135065539
 20
-89.22694966244455
 30
0.0
 10
157.9043150925544
 20
-89.99275510022689
 30
0.0
 10
157.3563564256264
 20
-90.71374764501445
 30
0.0
 10
156.4747437267825
 20
-91.25770922286586
 30
0.0
 10
155.0593842332866
 20
-92.13000621274703
 30
0.0
 10
153.0903033319713
 20
-92.42238948752137
 30
0.0
 10
151.2259266665023
 20
-92.0771991415961
 30
0.0
 10
151.1962030555831
 20
-92.07232464272089
 30
0.0
 10
151.1669127334542
 20
-92.06655106960669
 30
0.0
 10
151.1376224113183
 20
-92.06078832871559
 30
0.0
 10
151.1376224113183
 20
-92.06078832871559
 30
0.0
 10
151.1132282525066
 20
-92.07897562563045
 30
0.0
 10
151.1132282525066
 20
-92.07897562563045
 30
0.0
 10
151.1429518634245
 20
-92.08518248752917
 30
0.0
 10
151.172242185554
 20
-92.09051193963509
 30
0.0
 10
151.2015325076842
 20
-92.09584139174198
 30
0.0
 10
151.7113184323084
 20
-92.19167403963026
 30
0.0
 10
152.2317632611406
 20
-92.24003990069468
 30
0.0
 10
152.7526630431927
 20
-92.24003990069468
 30
0.0
 10
153.0361638977924
 20
-92.24003990069468
 30
0.0
 10
153.3196864168364
 20
-92.22583886063883
 30
0.0
 10
153.6009774986121
 20
-92.19699265951694
 30
0.0
 10
154.6937968176212
 20
-92.08474919874432
 30
0.0
 10
155.6911842808718
 20
-91.76661773768734
 30
0.0
 10
156.4862908730045
 20
-91.27634064078448
 30
0.0
 10
157.3736663127474
 20
-90.72928104809735
 30
0.0
 10
157.9251562832993
 20
-90.00251493019624
 30
0.0
 10
158.0387429393224
 20
-89.2305026305155
 30
0.0
 10
158.1669747564073
 20
-88.36131448769218
 30
0.0
 10
157.8887816894657
 20
-87.39229660789626
 30
0.0
 10
157.2560933998641
 20
-86.50182315331755
 30
0.0
 10
156.7924310668257
 20
-85.85004849256175
 30
0.0
 10
156.1623858388384
 20
-85.27990543964574
 30
0.0
 10
155.4303011010551
 20
-84.84198046066761
 30
0.0
 10
155.5452309523178
 20
-84.89921790968421
 30
0.0
 10
155.6579077018813
 20
-84.96045244778418
 30
0.0
 10
155.7688296318484
 20
-85.024785000717
 30
0.0
 10
155.8065474209247
 20
-85.04652526570408
 30
0.0
 10
155.8442652100029
 20
-85.06870965169652
 30
0.0
 10
155.8815280458537
 20
-85.09178227971
 30
0.0
 10
155.9937931710635
 20
-85.15966780071408
 30
0.0
 10
156.1033719057833
 20
-85.23109545757306
 30
0.0
 10
156.2111958209079
 20
-85.30564279370626
 30
0.0
 10
156.4303749547931
 20
-85.45826876960959
 30
0.0
 10
156.6353638808401
 20
-85.62109869648958
 30
0.0
 10
156.8265958878372
 20
-85.79458752757725
 30
0.0
 10
156.8541097259305
 20
-85.8194366396254
 30
0.0
 10
156.881168610802
 20
-85.84427491945108
 30
0.0
 10
156.9077942068812
 20
-85.86956815250814
 30
0.0
 10
157.1828675945368
 20
-86.12824155949885
 30
0.0
 10
157.4273507936925
 20
-86.40820027824977
 30
0.0
 10
157.6381024606296
 20
-86.70724536815291
 30
0.0
 10
157.7144046163654
 20
-86.81595752529597
 30
0.0
 10
157.7862872264461
 20
-86.92599121324457
 30
0.0
 10
157.852407095636
 20
-87.03823467401945
 30
0.0
 10
157.9078680606205
 20
-87.13185754908788
 30
0.0
 10
157.9597760575382
 20
-87.22636866617509
 30
0.0
 10
158.007697797597
 20
-87.32175719305927
 30
0.0
 10
158.0329801984264
 20
-87.37145541714784
 30
0.0
 10
158.0569410684548
 20
-87.42158693002963
 30
0.0
 10
158.0795587432398
 20
-87.47217339613827
 30
0.0
 10
158.100876551652
 20
-87.51786369893354
 30
0.0
 10
158.1208295003855
 20
-87.56356483394485
 30
0.0
 10
158.1399158715377
 20
-87.6092659689584
 30
0.0
 10
158.2108885751621
 20
-87.77964595298853
 30
0.0
 10
158.2694692194289
 20
-87.95179158882992
 30
0.0
 10
158.3151595222187
 20
-88.12394805689406
 30
0.0
 10
158.3267066684458
 20
-88.16654034484559
 30
0.0
 10
158.3373439082146
 20
-88.20957675380569
 30
0.0
 10
158.3471145704036
 20
-88.25216904175657
 30
0.0
 10
158.3519890692791
 20
-88.27390930674301
 30
0.0
 10
158.356863568154
 20
-88.29564957172751
 30
0.0
 10
158.3613047782463
 20
-88.31738983671394
 30
0.0
 10
158.3706204872013
 20
-88.35998212466578
 30
0.0
 10
158.3786146653584
 20
-88.40257441261602
 30
0.0
 10
158.3861538902893
 20
-88.44562165379922
 30
0.0
 10
158.3972460832799
 20
-88.50995420673685
 30
0.0
 10
158.4065617922471
 20
-88.57428675967319
 30
0.0
 10
158.4141010171799
 20
-88.6381751916032
 30
0.0
 10
158.4353971611491
 20
-88.8231895044766
 30
0.0
 10
158.4416148552731
 20
-89.00865877058104
 30
0.0
 10
158.4322991463098
 20
-89.18923187336985
 30
0.0
 10
158.4309559510658
 20
-89.21452510642114
 30
0.0
 10
158.4292011314661
 20
-89.23937421846863
 30
0.0
 10
158.4269696942061
 20
-89.2637792095053
 30
0.0
 10
158.421206953316
 20
-89.340536318467
 30
0.0
 10
158.4127794863685
 20
-89.40975420249524
 30
0.0
 10
158.401687293369
 20
-89.47364263442331
 30
0.0
 10
158.401687293369
 20
-89.47364263442331
 30
0.0
 10
158.401687293369
 20
-89.47408675543286
 30
0.0
 10
158.401687293369
 20
-89.47408675543286
 30
0.0
 10
158.401687293369
 20
-89.47408675543286
 30
0.0
 10
158.3892735695651
 20
-89.54641348652602
 30
0.0
 10
158.3892735695651
 20
-89.54641348652602
 30
0.0
 10
158.3892735695651
 20
-89.54641348652602
 30
0.0
 10
158.3741734552725
 20
-89.61872938540024
 30
0.0
 10
158.3741734552725
 20
-89.61872938540024
 30
0.0
 10
158.3666342303461
 20
-89.65599222124776
 30
0.0
 10
158.356863568154
 20
-89.69193352628812
 30
0.0
 10
158.3466596171761
 20
-89.7300954363759
 30
0.0
 10
158.3466596171761
 20
-89.7300954363759
 30
0.0
 10
158.343994891122
 20
-89.74029938735286
 30
0.0
 10
158.343994891122
 20
-89.74029938735286
 30
0.0
 10
158.343994891122
 20
-89.74029938735286
 30
0.0
 10
158.3386871034574
 20
-89.75893080527952
 30
0.0
 10
158.3386871034574
 20
-89.75893080527952
 30
0.0
 10
158.3204889743236
 20
-89.82415160023304
 30
0.0
 10
158.3000810723665
 20
-89.88938322740387
 30
0.0
 10
158.2770084443559
 20
-89.9541599013533
 30
0.0
 10
158.2770084443559
 20
-89.9541599013533
 30
0.0
 10
158.2765751555631
 20
-89.9541599013533
 30
0.0
 10
158.2765751555631
 20
-89.95459319014296
 30
0.0
 10
158.2610417524808
 20
-89.9976404313207
 30
0.0
 10
158.2441651541513
 20
-90.04067684027953
 30
0.0
 10
158.2264219782482
 20
-90.0837132492438
 30
0.0
 10
158.2259886894579
 20
-90.0837132492438
 30
0.0
 10
158.2259886894579
 20
-90.0837132492438
 30
0.0
 10
158.2259886894579
 20
-90.08415737025175
 30
0.0
 10
158.2082455135517
 20
-90.12674965820327
 30
0.0
 10
158.1891591423994
 20
-90.16978606716755
 30
0.0
 10
158.1691845292287
 20
-90.21237835511778
 30
0.0
 10
158.1691845292287
 20
-90.21237835511778
 30
0.0
 10
158.1687512404423
 20
-90.21237835511778
 30
0.0
 10
158.1687512404423
 20
-90.21282247612508
 30
0.0
 10
158.1075275345625
 20
-90.34105429321197
 30
0.0
 10
158.0360782132663
 20
-90.46794291505095
 30
0.0
 10
157.9544466054313
 20
-90.59306588507805
 30
0.0
 10
157.9136308015158
 20
-90.65563278619832
 30
0.0
 10
157.8701502715442
 20
-90.71774473409205
 30
0.0
 10
157.8240050155224
 20
-90.77941256097849
 30
0.0
 10
157.7055438606289
 20
-90.93736798898455
 30
0.0
 10
157.5710943494231
 20
-91.09088220690346
 30
0.0
 10
157.421133099571
 20
-91.23907780493921
 30
0.0
 10
157.3878565205844
 20
-91.27191026291722
 30
0.0
 10
157.3536916995793
 20
-91.3042985998924
 30
0.0
 10
157.3190935897782
 20
-91.33668693686631
 30
0.0
 10
157.2840405267528
 20
-91.36863115282844
 30
0.0
 10
157.2485325105024
 20
-91.40057536879536
 30
0.0
 10
157.2125912054559
 20
-91.43251958475908
 30
0.0
 10
157.1762166116262
 20
-91.46401967971325
 30
0.0
 10
157.1389537757781
 20
-91.49553060689117
 30
0.0
 10
157.1016692754908
 20
-91.52658658083739
 30
0.0
 10
157.082604568777
 20
-91.54211998392093
 30
0.0
 10
157.063518197628
 20
-91.5571984337731
 30
0.0
 10
157.0444318264707
 20
-91.57273183685535
 30
0.0
 10
156.9406158326435
 20
-91.65525168671168
 30
0.0
 10
156.8328135819581
 20
-91.7351176427322
 30
0.0
 10
156.7210034099712
 20
-91.8118747516907
 30
0.0
 10
156.6464560738332
 20
-91.862905338806
 30
0.0
 10
156.5705872068922
 20
-91.91259273067983
 30
0.0
 10
156.4929418559156
 20
-91.96095859174459
 30
0.0
 10
156.4929418559156
 20
-91.96095859174459
 30
0.0
 10
156.4929418559156
 20
-91.96095859174459
 30
0.0
 10
156.4925085671266
 20
-91.96095859174459
 30
0.0
 10
156.41486321615
 20
-92.00888033179818
 30
0.0
 10
156.335874669928
 20
-92.05590299761761
 30
0.0
 10
156.2555645928967
 20
-92.1011600116245
 30
0.0
 10
156.2152037422099
 20
-92.12378851862522
 30
0.0
 10
156.1743662738558
 20
-92.1459729046196
 30
0.0
 10
156.1335504699345
 20
-92.16771316960443
 30
0.0
 10
155.5683035803264
 20
-92.4689788645505
 30
0.0
 10
154.9364818683022
 20
-92.70280315949915
 30
0.0
 10
154.2549835966278
 20
-92.86474484436293
 30
0.0
 10
154.209271629395
 20
-92.87583703735932
 30
0.0
 10
154.1640146153904
 20
-92.88604098833726
 30
0.0
 10
154.1178693593718
 20
-92.89625577153635
 30
0.0
 10
154.0282652378188
 20
-92.91577543147953
 30
0.0
 10
153.9377512098134
 20
-92.9339627283947
 30
0.0
 10
153.8472371818009
 20
-92.95037354127841
 30
0.0
 10
153.8170586176542
 20
-92.95614711438812
 30
0.0
 10
153.7868800535011
 20
-92.96146573427127
 30
0.0
 10
153.7567231537954
 20
-92.96679518637623
 30
0.0
 10
153.3906807849038
 20
-93.03112773931034
 30
0.0
 10
153.0197422526956
 20
-93.07327590625808
 30
0.0
 10
152.6470489008908
 20
-93.0928063984189
 30
0.0
 10
152.4873169888523
 20
-93.1012338653612
 30
0.0
 10
152.3271517880171
 20
-93.10523095443976
 30
0.0
 10
152.1669865871915
 20
-93.10523095443976
 30
0.0
 10
152.1248275880313
 20
-93.10523095443976
 30
0.0
 10
152.082690253305
 20
-93.10477600121288
 30
0.0
 10
152.0405312541428
 20
-93.10434271242227
 30
0.0
 10
151.9140759210891
 20
-93.10256622838952
 30
0.0
 10
151.7876422524776
 20
-93.09812501830206
 30
0.0
 10
151.6616202082179
 20
-93.09147403539474
 30
0.0
 10
151.5773238743275
 20
-93.08703282530567
 30
0.0
 10
151.4934608292326
 20
-93.08127008441457
 30
0.0
 10
151.4091644953455
 20
-93.07416414827782
 30
0.0
 10
151.1993010704236
 20
-93.05686509337822
 30
0.0
 10
150.9894376455037
 20
-93.03246010234187
 30
0.0
 10
150.7813507046181
 20
-93.00096000738225
 30
0.0
 10
150.7396466586821
 20
-92.99430902447108
 30
0.0
 10
150.6979426127443
 20
-92.9876472093426
 30
0.0
 10
150.6562385668141
 20
-92.98099622643208
 30
0.0
 10
150.6145128564403
 20
-92.97433441130232
 30
0.0
 10
150.5728088105031
 20
-92.96679518637623
 30
0.0
 10
150.5315597177978
 20
-92.9592559614508
 30
0.0
 10
150.4898556718619
 20
-92.95215002530988
 30
0.0
 10
150.4481299614894
 20
-92.94416667937615
 30
0.0
 10
150.4068808687816
 20
-92.93618333343763
 30
0.0
 10
150.3243393544903
 20
-92.92020580934326
 30
0.0
 10
150.2418195046381
 20
-92.90290675444848
 30
0.0
 10
150.1592996547834
 20
-92.8847086253131
 30
0.0
 10
150.1308975746659
 20
-92.87894588441783
 30
0.0
 10
150.102495494551
 20
-92.87229490151245
 30
0.0
 10
150.0741150788784
 20
-92.86563308637915
 30
0.0
 10
150.0741150788784
 20
-92.86563308637915
 30
0.0
 10
150.0057854368658
 20
-92.91755191551452
 30
0.0
 10
150.0057854368658
 20
-92.91755191551452
 30
0.0
 10
150.0505874976416
 20
-92.928189155285
 30
0.0
 10
150.0954112228508
 20
-92.93839310625715
 30
0.0
 10
150.1397799948434
 20
-92.9486078894601
 30
0.0
 10
150.1903664609518
 20
-92.95970008245841
 30
0.0
 10
150.2404979738287
 20
-92.9707922754548
 30
0.0
 10
150.2910627755005
 20
-92.98099622643208
 30
0.0
 10
150.3918024189275
 20
-93.00184824940199
 30
0.0
 10
150.4929536867018
 20
-93.02047966732542
 30
0.0
 10
150.5941049544793
 20
-93.03822284323297
 30
0.0
 10
150.7458426883664
 20
-93.063960197297
 30
0.0
 10
150.8980353754804
 20
-93.08614458328978
 30
0.0
 10
151.0502280625951
 20
-93.10477600121288
 30
0.0
 10
151.1518342835969
 20
-93.11675643622581
 30
0.0
 10
151.2534405046013
 20
-93.12741534043349
 30
0.0
 10
151.3550467256069
 20
-93.13628692839015
 30
0.0
 10
151.442874363125
 20
-93.14382615331688
 30
0.0
 10
151.5307453295186
 20
-93.150487968446
 30
0.0
 10
151.618594631477
 20
-93.15580658832948
 30
0.0
 10
151.6247906611569
 20
-93.15580658832948
 30
0.0
 10
151.631008355279
 20
-93.15625070933743
 30
0.0
 10
151.6372260494024
 20
-93.15669483034794
 30
0.0
 10
151.6784968065461
 20
-93.15891543539183
 30
0.0
 10
151.719745899252
 20
-93.1611252082152
 30
0.0
 10
151.7610166563983
 20
-93.16290169224666
 30
0.0
 10
151.8062736704023
 20
-93.16512229729024
 30
0.0
 10
151.8515306844108
 20
-93.16645466031729
 30
0.0
 10
151.8967876984122
 20
-93.16778702334112
 30
0.0
 10
151.9415897591874
 20
-93.16911938636817
 30
0.0
 10
151.9868467731953
 20
-93.17000762838437
 30
0.0
 10
152.031670498407
 20
-93.17089587040411
 30
0.0
 10
152.0769058479732
 20
-93.17132915919281
 30
0.0
 10
152.1221845264157
 20
-93.17178411242097
 30
0.0
 10
152.1669865871915
 20
-93.17178411242097
 30
0.0
 10
152.2481849062362
 20
-93.17178411242097
 30
0.0
 10
152.3289282720566
 20
-93.17089587040411
 30
0.0
 10
152.4101265911013
 20
-93.16867526536181
 30
0.0
 10
152.4145678011897
 20
-93.16867526536181
 30
0.0
 10
152.419442300062
 20
-93.16823114435387
 30
0.0
 10
152.423883510155
 20
-93.16823114435387
 30
0.0
 10
152.5804957429125
 20
-93.16378993426352
 30
0.0
 10
152.7366746868855
 20
-93.15580658832948
 30
0.0
 10
152.8924203420637
 20
-93.14338203230862
 30
0.0
 10
153.3099157546449
 20
-93.11054957432323
 30
0.0
 10
153.7243348168202
 20
-93.0497699894559
 30
0.0
 10
154.1320812316498
 20
-92.96103244548513
 30
0.0
 10
154.2199305336024
 20
-92.94150195332047
 30
0.0
 10
154.3077798355608
 20
-92.92109405136557
 30
0.0
 10
154.3951741842885
 20
-92.89890966536831
 30
0.0
 10
154.5700062106228
 20
-92.85498501439328
 30
0.0
 10
154.7430400884868
 20
-92.80574174353028
 30
0.0
 10
154.9147307710997
 20
-92.75071406733737
 30
0.0
 10
154.957778012281
 20
-92.73696798050774
 30
0.0
 10
155.0008252534635
 20
-92.72276694044965
 30
0.0
 10
155.0434175414122
 20
-92.70856590039283
 30
0.0
 10
155.1290354061068
 20
-92.67928641047742
 30
0.0
 10
155.2137866932253
 20
-92.64911867855126
 30
0.0
 10
155.298537980338
 20
-92.61717446258722
 30
0.0
 10
155.3406753150604
 20
-92.60119693849252
 30
0.0
 10
155.3823793609977
 20
-92.5847861256117
 30
0.0
 10
155.4245383601586
 20
-92.56836448051035
 30
0.0
 10
155.6348567383086
 20
-92.4849563886423
 30
0.0
 10
155.8416004839488
 20
-92.3922217555904
 30
0.0
 10
156.0439246839398
 20
-92.28928317155736
 30
0.0
 10
156.0847404878605
 20
-92.26887526960343
 30
0.0
 10
156.1251230029935
 20
-92.24757912562045
 30
0.0
 10
156.1650505648874
 20
-92.2262829816471
 30
0.0
 10
156.3256707189475
 20
-92.1410984057447
 30
0.0
 10
156.4836261469549
 20
-92.04836377269088
 30
0.0
 10
156.6371403648718
 20
-91.94808991471321
 30
0.0
 10
156.7143524270595
 20
-91.89795840183497
 30
0.0
 10
156.7902212940037
 20
-91.84603957269574
 30
0.0
 10
156.8652019189294
 20
-91.79235509175105
 30
0.0
 10
156.9397275906257
 20
-91.73822648979103
 30
0.0
 10
157.013386684744
 20
-91.68232140379988
 30
0.0
 10
157.086157536849
 20
-91.6246398337734
 30
0.0
 10
157.2307893345942
 20
-91.50884340492983
 30
0.0
 10
157.3710015866908
 20
-91.38460867691863
 30
0.0
 10
157.5036529494225
 20
-91.2506141189474
 30
0.0
 10
157.5533511735149
 20
-91.20091589485078
 30
0.0
 10
157.6021611555889
 20
-91.14945201894902
 30
0.0
 10
157.649627942415
 20
-91.09621165900906
 30
0.0
 10
157.6500828956463
 20
-91.09621165900906
 30
0.0
 10
157.6500828956463
 20
-91.09621165900906
 30
0.0
 10
157.6500828956463
 20
-91.09576753799695
 30
0.0
 10
157.6815829906005
 20
-91.06071447497537
 30
0.0
 10
157.7126497967656
 20
-91.02477316993051
 30
0.0
 10
157.74323998527
 20
-90.9883985761005
 30
0.0
 10
157.7893852412866
 20
-90.93381502091361
 30
0.0
 10
157.8337540132786
 20
-90.87702169290175
 30
0.0
 10
157.8772562076861
 20
-90.81935095509837
 30
0.0
 10
157.9256112365274
 20
-90.75457428115247
 30
0.0
 10
157.972644734567
 20
-90.68756616994312
 30
0.0
 10
158.0174467953468
 20
-90.61835911812996
 30
0.0
 10
158.0516116163518
 20
-90.56555204697806
 30
0.0
 10
158.084888195341
 20
-90.51143427724081
 30
0.0
 10
158.1163882902977
 20
-90.45597331225791
 30
0.0
 10
158.1771787073827
 20
-90.34992588116894
 30
0.0
 10
158.2322063835826
 20
-90.24033631422539
 30
0.0
 10
158.2805614124233
 20
-90.12674965820327
 30
0.0
 10
158.299626119139
 20
-90.08149264419991
 30
0.0
 10
158.3178242482747
 20
-90.03579150918796
 30
0.0
 10
158.3346791821612
 20
-89.98921296437616
 30
0.0
 10
158.3497792964564
 20
-89.94838632824006
 30
0.0
 10
158.3635362155069
 20
-89.90712640331495
 30
0.0
 10
158.3764048925356
 20
-89.865422357379
 30
0.0
 10
158.3861538902893
 20
-89.83613203524467
 30
0.0
 10
158.3945813572303
 20
-89.80640842432548
 30
0.0
 10
158.4030088241765
 20
-89.77668481340663
 30
0.0
 10
158.4061285034568
 20
-89.76470437839082
 30
0.0
 10
158.4096814715293
 20
-89.75272394337759
 30
0.0
 10
158.4127794863685
 20
-89.74074350836499
 30
0.0
 10
158.4194304692759
 20
-89.71633851732928
 30
0.0
 10
158.4256481634006
 20
-89.69237764729607
 30
0.0
 10
158.4314109042907
 20
-89.66842760948916
 30
0.0
 10
158.4340756303409
 20
-89.65599222124776
 30
0.0
 10
158.4367403563982
 20
-89.6440117862342
 30
0.0
 10
158.4394050824478
 20
-89.6315980624329
 30
0.0
 10
158.4394050824478
 20
-89.6315980624329
 30
0.0
 10
158.4549168210955
 20
-89.55882721033052
 30
0.0
 10
158.4549168210955
 20
-89.55882721033052
 30
0.0
 10
158.4549168210955
 20
-89.55882721033052
 30
0.0
 10
158.467352209334
 20
-89.48473482742067
 30
0.0
 10
158.467352209334
 20
-89.48473482742067
 30
0.0
 10
158.4842071432243
 20
-89.38668157448433
 30
0.0
 10
158.4935228521857
 20
-89.28596359549904
 30
0.0
 10
158.4988523042888
 20
-89.19278484143919
 30
0.0
 10
158.5086013020424
 20
-89.00289602968513
 30
0.0
 10
158.5015170303422
 20
-88.81476203753141
 30
0.0
 10
158.4802208863628
 20
-88.6306359666723
 30
0.0
  0
HATCH
  5
20E
330
1F
100
AcDbEntity
  8
Capa 1
 62
   255
100
AcDbHatch
 10
0.0
 20
0.0
 30
0.0
210
0.0
220
0.0
230
1.0
  2
SOLID
 70
     1
 71
     0
 91
        1
 92
        1
 93
        1
 72
     4
 94
        3
 73
     0
 74
     1
 95
      776
 96
      772
 40
0.0
 40
0.0
 40
0.0
 40
0.0
 40
1.0
 40
1.0
 40
1.0
 40
2.0
 40
2.0
 40
2.0
 40
3.0
 40
3.0
 40
3.0
 40
4.0
 40
4.0
 40
4.0
 40
5.0
 40
5.0
 40
5.0
 40
6.0
 40
6.0
 40
6.0
 40
7.0
 40
7.0
 40
7.0
 40
8.0
 40
8.0
 40
8.0
 40
9.0
 40
9.0
 40
9.0
 40
10.0
 40
10.0
 40
10.0
 40
11.0
 40
11.0
 40
11.0
 40
12.0
 40
12.0
 40
12.0
 40
13.0
 40
13.0
 40
13.0
 40
14.0
 40
14.0
 40
14.0
 40
15.0
 40
15.0
 40
15.0
 40
16.0
 40
16.0
 40
16.0
 40
17.0
 40
17.0
 40
17.0
 40
18.0
 40
18.0
 40
18.0
 40
19.0
 40
19.0
 40
19.0
 40
20.0
 40
20.0
 40
20.0
 40
21.0
 40
21.0
 40
21.0
 40
22.0
 40
22.0
 40
22.0
 40
23.0
 40
23.0
 40
23.0
 40
24.0
 40
24.0
 40
24.0
 40
25.0
 40
25.0
 40
25.0
 40
26.0
 40
26.0
 40
26.0
 40
27.0
 40
27.0
 40
27.0
 40
28.0
 40
28.0
 40
28.0
 40
29.0
 40
29.0
 40
29.0
 40
30.0
 40
30.0
 40
30.0
 40
31.0
 40
31.0
 40
31.0
 40
32.0
 40
32.0
 40
32.0
 40
33.0
 40
33.0
 40
33.0
 40
34.0
 40
34.0
 40
34.0
 40
35.0
 40
35.0
 40
35.0
 40
36.0
 40
36.0
 40
36.0
 40
37.0
 40
37.0
 40
37.0
 40
38.0
 40
38.0
 40
38.0
 40
39.0
 40
39.0
 40
39.0
 40
40.0
 40
40.0
 40
40.0
 40
41.0
 40
41.0
 40
41.0
 40
42.0
 40
42.0
 40
42.0
 40
43.0
 40
43.0
 40
43.0
 40
44.0
 40
44.0
 40
44.0
 40
45.0
 40
45.0
 40
45.0
 40
46.0
 40
46.0
 40
46.0
 40
47.0
 40
47.0
 40
47.0
 40
48.0
 40
48.0
 40
48.0
 40
49.0
 40
49.0
 40
49.0
 40
50.0
 40
50.0
 40
50.0
 40
51.0
 40
51.0
 40
51.0
 40
52.0
 40
52.0
 40
52.0
 40
53.0
 40
53.0
 40
53.0
 40
54.0
 40
54.0
 40
54.0
 40
55.0
 40
55.0
 40
55.0
 40
56.0
 40
56.0
 40
56.0
 40
57.0
 40
57.0
 40
57.0
 40
58.0
 40
58.0
 40
58.0
 40
59.0
 40
59.0
 40
59.0
 40
60.0
 40
60.0
 40
60.0
 40
61.0
 40
61.0
 40
61.0
 40
62.0
 40
62.0
 40
62.0
 40
63.0
 40
63.0
 40
63.0
 40
64.0
 40
64.0
 40
64.0
 40
65.0
 40
65.0
 40
65.0
 40
66.0
 40
66.0
 40
66.0
 40
67.0
 40
67.0
 40
67.0
 40
68.0
 40
68.0
 40
68.0
 40
69.0
 40
69.0
 40
69.0
 40
70.0
 40
70.0
 40
70.0
 40
71.0
 40
71.0
 40
71.0
 40
72.0
 40
72.0
 40
72.0
 40
73.0
 40
73.0
 40
73.0
 40
74.0
 40
74.0
 40
74.0
 40
75.0
 40
75.0
 40
75.0
 40
76.0
 40
76.0
 40
76.0
 40
77.0
 40
77.0
 40
77.0
 40
78.0
 40
78.0
 40
78.0
 40
79.0
 40
79.0
 40
79.0
 40
80.0
 40
80.0
 40
80.0
 40
81.0
 40
81.0
 40
81.0
 40
82.0
 40
82.0
 40
82.0
 40
83.0
 40
83.0
 40
83.0
 40
84.0
 40
84.0
 40
84.0
 40
85.0
 40
85.0
 40
85.0
 40
86.0
 40
86.0
 40
86.0
 40
87.0
 40
87.0
 40
87.0
 40
88.0
 40
88.0
 40
88.0
 40
89.0
 40
89.0
 40
89.0
 40
90.0
 40
90.0
 40
90.0
 40
91.0
 40
91.0
 40
91.0
 40
92.0
 40
92.0
 40
92.0
 40
93.0
 40
93.0
 40
93.0
 40
94.0
 40
94.0
 40
94.0
 40
95.0
 40
95.0
 40
95.0
 40
96.0
 40
96.0
 40
96.0
 40
97.0
 40
97.0
 40
97.0
 40
98.0
 40
98.0
 40
98.0
 40
99.0
 40
99.0
 40
99.0
 40
100.0
 40
100.0
 40
100.0
 40
101.0
 40
101.0
 40
101.0
 40
102.0
 40
102.0
 40
102.0
 40
103.0
 40
103.0
 40
103.0
 40
104.0
 40
104.0
 40
104.0
 40
105.0
 40
105.0
 40
105.0
 40
106.0
 40
106.0
 40
106.0
 40
107.0
 40
107.0
 40
107.0
 40
108.0
 40
108.0
 40
108.0
 40
109.0
 40
109.0
 40
109.0
 40
110.0
 40
110.0
 40
110.0
 40
111.0
 40
111.0
 40
111.0
 40
112.0
 40
112.0
 40
112.0
 40
113.0
 40
113.0
 40
113.0
 40
114.0
 40
114.0
 40
114.0
 40
115.0
 40
115.0
 40
115.0
 40
116.0
 40
116.0
 40
116.0
 40
117.0
 40
117.0
 40
117.0
 40
118.0
 40
118.0
 40
118.0
 40
119.0
 40
119.0
 40
119.0
 40
120.0
 40
120.0
 40
120.0
 40
121.0
 40
121.0
 40
121.0
 40
122.0
 40
122.0
 40
122.0
 40
123.0
 40
123.0
 40
123.0
 40
124.0
 40
124.0
 40
124.0
 40
125.0
 40
125.0
 40
125.0
 40
126.0
 40
126.0
 40
126.0
 40
127.0
 40
127.0
 40
127.0
 40
128.0
 40
128.0
 40
128.0
 40
129.0
 40
129.0
 40
129.0
 40
130.0
 40
130.0
 40
130.0
 40
131.0
 40
131.0
 40
131.0
 40
132.0
 40
132.0
 40
132.0
 40
133.0
 40
133.0
 40
133.0
 40
134.0
 40
134.0
 40
134.0
 40
135.0
 40
135.0
 40
135.0
 40
136.0
 40
136.0
 40
136.0
 40
137.0
 40
137.0
 40
137.0
 40
138.0
 40
138.0
 40
138.0
 40
139.0
 40
139.0
 40
139.0
 40
140.0
 40
140.0
 40
140.0
 40
141.0
 40
141.0
 40
141.0
 40
142.0
 40
142.0
 40
142.0
 40
143.0
 40
143.0
 40
143.0
 40
144.0
 40
144.0
 40
144.0
 40
145.0
 40
145.0
 40
145.0
 40
146.0
 40
146.0
 40
146.0
 40
147.0
 40
147.0
 40
147.0
 40
148.0
 40
148.0
 40
148.0
 40
149.0
 40
149.0
 40
149.0
 40
150.0
 40
150.0
 40
150.0
 40
151.0
 40
151.0
 40
151.0
 40
152.0
 40
152.0
 40
152.0
 40
153.0
 40
153.0
 40
153.0
 40
154.0
 40
154.0
 40
154.0
 40
155.0
 40
155.0
 40
155.0
 40
156.0
 40
156.0
 40
156.0
 40
157.0
 40
157.0
 40
157.0
 40
158.0
 40
158.0
 40
158.0
 40
159.0
 40
159.0
 40
159.0
 40
160.0
 40
160.0
 40
160.0
 40
161.0
 40
161.0
 40
161.0
 40
162.0
 40
162.0
 40
162.0
 40
163.0
 40
163.0
 40
163.0
 40
164.0
 40
164.0
 40
164.0
 40
165.0
 40
165.0
 40
165.0
 40
166.0
 40
166.0
 40
166.0
 40
167.0
 40
167.0
 40
167.0
 40
168.0
 40
168.0
 40
168.0
 40
169.0
 40
169.0
 40
169.0
 40
170.0
 40
170.0
 40
170.0
 40
171.0
 40
171.0
 40
171.0
 40
172.0
 40
172.0
 40
172.0
 40
173.0
 40
173.0
 40
173.0
 40
174.0
 40
174.0
 40
174.0
 40
175.0
 40
175.0
 40
175.0
 40
176.0
 40
176.0
 40
176.0
 40
177.0
 40
177.0
 40
177.0
 40
178.0
 40
178.0
 40
178.0
 40
179.0
 40
179.0
 40
179.0
 40
180.0
 40
180.0
 40
180.0
 40
181.0
 40
181.0
 40
181.0
 40
182.0
 40
182.0
 40
182.0
 40
183.0
 40
183.0
 40
183.0
 40
184.0
 40
184.0
 40
184.0
 40
185.0
 40
185.0
 40
185.0
 40
186.0
 40
186.0
 40
186.0
 40
187.0
 40
187.0
 40
187.0
 40
188.0
 40
188.0
 40
188.0
 40
189.0
 40
189.0
 40
189.0
 40
190.0
 40
190.0
 40
190.0
 40
191.0
 40
191.0
 40
191.0
 40
192.0
 40
192.0
 40
192.0
 40
193.0
 40
193.0
 40
193.0
 40
194.0
 40
194.0
 40
194.0
 40
195.0
 40
195.0
 40
195.0
 40
196.0
 40
196.0
 40
196.0
 40
197.0
 40
197.0
 40
197.0
 40
198.0
 40
198.0
 40
198.0
 40
199.0
 40
199.0
 40
199.0
 40
200.0
 40
200.0
 40
200.0
 40
201.0
 40
201.0
 40
201.0
 40
202.0
 40
202.0
 40
202.0
 40
203.0
 40
203.0
 40
203.0
 40
204.0
 40
204.0
 40
204.0
 40
205.0
 40
205.0
 40
205.0
 40
206.0
 40
206.0
 40
206.0
 40
207.0
 40
207.0
 40
207.0
 40
208.0
 40
208.0
 40
208.0
 40
209.0
 40
209.0
 40
209.0
 40
210.0
 40
210.0
 40
210.0
 40
211.0
 40
211.0
 40
211.0
 40
212.0
 40
212.0
 40
212.0
 40
213.0
 40
213.0
 40
213.0
 40
214.0
 40
214.0
 40
214.0
 40
215.0
 40
215.0
 40
215.0
 40
216.0
 40
216.0
 40
216.0
 40
217.0
 40
217.0
 40
217.0
 40
218.0
 40
218.0
 40
218.0
 40
219.0
 40
219.0
 40
219.0
 40
220.0
 40
220.0
 40
220.0
 40
221.0
 40
221.0
 40
221.0
 40
222.0
 40
222.0
 40
222.0
 40
223.0
 40
223.0
 40
223.0
 40
224.0
 40
224.0
 40
224.0
 40
225.0
 40
225.0
 40
225.0
 40
226.0
 40
226.0
 40
226.0
 40
227.0
 40
227.0
 40
227.0
 40
228.0
 40
228.0
 40
228.0
 40
229.0
 40
229.0
 40
229.0
 40
230.0
 40
230.0
 40
230.0
 40
231.0
 40
231.0
 40
231.0
 40
232.0
 40
232.0
 40
232.0
 40
233.0
 40
233.0
 40
233.0
 40
234.0
 40
234.0
 40
234.0
 40
235.0
 40
235.0
 40
235.0
 40
236.0
 40
236.0
 40
236.0
 40
237.0
 40
237.0
 40
237.0
 40
238.0
 40
238.0
 40
238.0
 40
239.0
 40
239.0
 40
239.0
 40
240.0
 40
240.0
 40
240.0
 40
241.0
 40
241.0
 40
241.0
 40
242.0
 40
242.0
 40
242.0
 40
243.0
 40
243.0
 40
243.0
 40
244.0
 40
244.0
 40
244.0
 40
245.0
 40
245.0
 40
245.0
 40
246.0
 40
246.0
 40
246.0
 40
247.0
 40
247.0
 40
247.0
 40
248.0
 40
248.0
 40
248.0
 40
249.0
 40
249.0
 40
249.0
 40
250.0
 40
250.0
 40
250.0
 40
251.0
 40
251.0
 40
251.0
 40
252.0
 40
252.0
 40
252.0
 40
253.0
 40
253.0
 40
253.0
 40
254.0
 40
254.0
 40
254.0
 40
255.0
 40
255.0
 40
255.0
 40
256.0
 40
256.0
 40
256.0
 40
257.0
 40
257.0
 40
257.0
 40
257.0
 10
158.4802208863628
 20
-88.6306359666723
 10
158.4669189205482
 20
-88.51571694762795
 10
158.447832549394
 20
-88.402141123827
 10
158.4238716793624
 20
-88.29076424063499
 10
158.4118912443482
 20
-88.23486998685665
 10
158.3985892785265
 20
-88.17940902187824
 10
158.3843774062543
 20
-88.12483629891285
 10
158.3701871984122
 20
-88.0698086227148
 10
158.355087084119
 20
-88.01569085297756
 10
158.3382321502318
 20
-87.96199553981073
 10
158.2987595415564
 20
-87.83244219191734
 10
158.2526142855404
 20
-87.70643097987885
 10
158.2015728662007
 20
-87.583528614895
 10
158.1332432241855
 20
-87.4193663249867
 10
158.0555978732095
 20
-87.2614217292002
 10
157.9704132973033
 20
-87.10878492107858
 10
157.9278210093521
 20
-87.03247193312899
 10
157.8830189485756
 20
-86.95793542921086
 10
157.8368736925538
 20
-86.88428716731215
 10
157.7902951477487
 20
-86.81107219420151
 10
157.742373407688
 20
-86.73920041633394
 10
157.6926751835963
 20
-86.66865016928091
 10
157.4189233267489
 20
-86.28086753540218
 10
157.0981379718593
 20
-85.93656543149343
 10
156.7462858108033
 20
-85.63529973654543
 10
156.5865538987648
 20
-85.49819633151056
 10
156.4206259570459
 20
-85.37041946765183
 10
156.2493468987765
 20
-85.25107007074214
 10
156.2152037422099
 20
-85.22710920071341
 10
156.1805839679741
 20
-85.20403657270026
 10
156.1459641937345
 20
-85.18096394469127
 10
155.6681333172997
 20
-84.8623991948456
 10
155.1529962761352
 20
-84.61170913378828
 10
154.6201377235004
 20
-84.42935954696479
 10
154.6196827702748
 20
-84.42935954696479
 10
154.6192494814845
 20
-84.42891542595396
 10
154.6187945282563
 20
-84.42891542595396
 10
154.5722159834455
 20
-84.41293790186536
 10
154.525637438636
 20
-84.39740449877958
 10
154.4786039405995
 20
-84.38277016993536
 10
154.5251824854059
 20
-84.40539867693639
 10
154.571327741427
 20
-84.42847130494634
 10
154.6174729974527
 20
-84.45243217497475
 10
154.6179279506809
 20
-84.45243217497475
 10
154.6183612394705
 20
-84.45286546376312
 10
154.6187945282563
 20
-84.45286546376312
 10
154.9706466893104
 20
-84.63433764078964
 10
155.3043007212307
 20
-84.8459775497465
 10
155.6135389298926
 20
-85.08424305477878
 10
155.772382599919
 20
-85.20670129875145
 10
155.9254635290476
 20
-85.33625464664614
 10
156.0710052332569
 20
-85.4724698096648
 10
156.1579662931917
 20
-85.55410141750235
 10
156.2426959158646
 20
-85.63840858360939
 10
156.3243491881439
 20
-85.72492552253819
 10
156.4059807959776
 20
-85.81144246146955
 10
156.4849476777585
 20
-85.90018000544289
 10
156.5608165447065
 20
-85.99113815446012
 10
156.592338304096
 20
-86.02884511131782
 10
156.6233834458259
 20
-86.06700702140144
 10
156.6539952987648
 20
-86.10560222027985
 10
156.6539952987648
 20
-86.10605717350543
 10
156.6539952987648
 20
-86.10605717350543
 10
156.6539952987648
 20
-86.10605717350543
 10
156.7458525220194
 20
-86.22185360234803
 10
156.8323586287267
 20
-86.34076971047223
 10
156.9131019945458
 20
-86.46232888020593
 10
156.9778786684936
 20
-86.55950472334402
 10
157.0391240388093
 20
-86.65889033930708
 10
157.0963614878243
 20
-86.759608318293
 10
157.134512565689
 20
-86.82704971829331
 10
157.1713421127507
 20
-86.89492440708231
 10
157.2059402225518
 20
-86.9636981701026
 10
157.2281246085382
 20
-87.00762282108117
 10
157.2498757057483
 20
-87.051991593068
 10
157.2702836077061
 20
-87.09636036505387
 10
157.2800542698931
 20
-87.117223220243
 10
157.2898032676467
 20
-87.13806441099173
 10
157.2991189766075
 20
-87.15892726617511
 10
157.3119876536395
 20
-87.18820675608795
 10
157.3248563306683
 20
-87.21748624600207
 10
157.3368367656832
 20
-87.24677656813255
 10
157.3448309438397
 20
-87.2654079860608
 10
157.3528034575557
 20
-87.28403940398296
 10
157.3599093936944
 20
-87.30312577513294
 10
157.3621191665197
 20
-87.30844439501931
 10
157.3643506037803
 20
-87.31377384712555
 10
157.3665603766062
 20
-87.31909246700421
 10
157.3696583914455
 20
-87.32574344991474
 10
157.3723231175008
 20
-87.33240526504802
 10
157.3745545547614
 20
-87.33950036896714
 10
157.3820937796872
 20
-87.35902002890998
 10
157.3896330046161
 20
-87.37855052106696
 10
157.3971722295419
 20
-87.39807018100917
 10
157.4087193757697
 20
-87.42823791294079
 10
157.4198115687693
 20
-87.4588497658797
 10
157.4304488085349
 20
-87.4894724510337
 10
157.4424292435491
 20
-87.52363727204325
 10
157.4539763897737
 20
-87.55780209304893
 10
157.4646136295393
 20
-87.59195608183667
 10
157.4659351603474
 20
-87.59595317091491
 10
157.4672783555928
 20
-87.59950613898457
 10
157.4681665976106
 20
-87.60350322806377
 10
157.4779372598001
 20
-87.63322683898423
 10
157.4872529687641
 20
-87.66339457091425
 10
157.4956804357096
 20
-87.69312901405652
 10
157.4970019665152
 20
-87.69667114990116
 10
157.4978902085323
 20
-87.70066823897973
 10
157.4987784505476
 20
-87.70422120705388
 10
157.5089824015262
 20
-87.74015167987177
 10
157.5187530637189
 20
-87.77609298491694
 10
157.5280687726797
 20
-87.81203428995795
 10
157.6008179603429
 20
-88.10087542888188
 10
157.6367592653862
 20
-88.39282541486592
 10
157.6274435564248
 20
-88.67456061765279
 10
157.6230023463363
 20
-88.81565027955084
 10
157.6070356544644
 20
-88.95408604761339
 10
157.5799767695942
 20
-89.08763648458118
 10
157.5724375446691
 20
-89.12180130558751
 10
157.5653316085304
 20
-89.15418964256239
 10
157.5573590948124
 20
-89.18524561650989
 10
157.5497982054475
 20
-89.21630159045644
 10
157.541370738502
 20
-89.24646932238421
 10
157.5311667875228
 20
-89.27664788653314
 10
157.5311667875228
 20
-89.27664788653314
 10
157.520962836541
 20
-89.3077038604813
 10
157.520962836541
 20
-89.3077038604813
 10
157.520962836541
 20
-89.3077038604813
 10
157.5165216264545
 20
-89.32190490054067
 10
157.5165216264545
 20
-89.32190490054067
 10
157.5165216264545
 20
-89.32190490054067
 10
157.4996666925641
 20
-89.36670696131236
 10
157.4996666925641
 20
-89.36670696131236
 10
157.4890294527972
 20
-89.39644140445849
 10
157.4757058225396
 20
-89.42572089436683
 10
157.4632920987318
 20
-89.45501121650148
 10
157.3607976357129
 20
-89.687947269432
 10
157.2032754964952
 20
-89.9009087091912
 10
157.0138416379728
 20
-90.09080835316227
 10
156.9663531867082
 20
-90.13828597221112
 10
156.9166549626177
 20
-90.18443122823423
 10
156.8652019189294
 20
-90.22880000022073
 10
156.7879898567457
 20
-90.29535315820162
 10
156.7067915376926
 20
-90.35879746911887
 10
156.6220619150178
 20
-90.41914376520039
 10
156.5373106279031
 20
-90.47903510804669
 10
156.4490063727191
 20
-90.53582843605824
 10
156.3580590559201
 20
-90.58951291700646
 10
156.350519830995
 20
-90.59395412709394
 10
156.3425256528373
 20
-90.5983953371798
 10
156.3349864279096
 20
-90.60282571504642
 10
156.2813019469613
 20
-90.63344840020844
 10
156.2276174660105
 20
-90.66361613213621
 10
156.1730447430452
 20
-90.6924515010411
 10
156.1100445531323
 20
-90.72528395901878
 10
156.0461344567651
 20
-90.75678405397424
 10
155.9813577828231
 20
-90.78696261812318
 10
155.8522593881569
 20
-90.8468539609743
 10
155.7191530721996
 20
-90.90142668393874
 10
155.5833820301831
 20
-90.95068078702387
 10
155.5580779649087
 20
-90.95999649598527
 10
155.5323622752857
 20
-90.96931220494763
 10
155.5070582100114
 20
-90.97818379290044
 10
155.4303011010551
 20
-91.00480938898292
 10
155.3526557500759
 20
-91.03010262203645
 10
155.2745771103122
 20
-91.0531752500496
 10
155.2239906442039
 20
-91.06825369990177
 10
155.1734041780936
 20
-91.08245473995666
 10
155.1223844231956
 20
-91.09665578001669
 10
154.9697584472926
 20
-91.13791570494053
 10
154.8153559873597
 20
-91.1729687679666
 10
154.6591770433861
 20
-91.20313649989725
 10
154.6103670613134
 20
-91.21245220885929
 10
154.5615570792407
 20
-91.22133462903135
 10
154.5127687616039
 20
-91.22931797496891
 10
154.4519783445177
 20
-91.23996604695766
 10
154.3907546386437
 20
-91.24928175591907
 10
154.3295309327646
 20
-91.25770922286586
 10
154.1795480184759
 20
-91.27900536683889
 10
154.0286985266085
 20
-91.2949828909294
 10
153.8778490347385
 20
-91.30651920493823
 10
153.6954994479131
 20
-91.32027612398613
 10
153.5135831498844
 20
-91.32692710689697
 10
153.331233563059
 20
-91.32692710689697
 10
153.2855215958256
 20
-91.32692710689697
 10
153.2402645818241
 20
-91.32648298588518
 10
153.1945742790279
 20
-91.32559474386962
 10
153.1945742790279
 20
-91.32559474386962
 10
153.1874683428918
 20
-91.32559474386962
 10
153.1874683428918
 20
-91.32559474386962
 10
153.1488623118009
 20
-91.32470650185404
 10
153.1102562807048
 20
-91.32381825983366
 10
153.0716719140505
 20
-91.32204177580348
 10
153.0170991910812
 20
-91.32027612398613
 10
152.9625048036773
 20
-91.31805551894224
 10
152.9079537451491
 20
-91.31450255087515
 10
152.7695179770837
 20
-91.3069633259465
 10
152.6315154978098
 20
-91.2949828909294
 10
152.4944229249948
 20
-91.27944948784683
 10
152.4021324129442
 20
-91.26880141585839
 10
152.3102968541319
 20
-91.256376859834
 10
152.2184612953209
 20
-91.24263077300854
 10
152.2184612953209
 20
-91.24263077300854
 10
152.2180063420902
 20
-91.2430640617979
 10
152.2180063420902
 20
-91.2430640617979
 10
152.2180063420902
 20
-91.2430640617979
 10
152.1448022011994
 20
-91.29852502677853
 10
152.1448022011994
 20
-91.29852502677853
 10
152.1749591009076
 20
-91.3034103578762
 10
152.2055926182882
 20
-91.3082956889697
 10
152.2362044712265
 20
-91.31272606683727
 10
152.2716908230377
 20
-91.31805551894224
 10
152.3067438860632
 20
-91.32293001781873
 10
152.3422519023174
 20
-91.32781534891222
 10
152.3457832059463
 20
-91.3282594699237
 10
152.3497911272451
 20
-91.32870359092844
 10
152.3533440953132
 20
-91.32914771193927
 10
152.3746185748477
 20
-91.33180160576738
 10
152.396369672054
 20
-91.33446633182243
 10
152.4176658160335
 20
-91.33713105787362
 10
152.4820092011878
 20
-91.34511440381087
 10
152.5463309219017
 20
-91.35220950773093
 10
152.6111075958514
 20
-91.35842720185275
 10
152.6310822090202
 20
-91.36064780689472
 10
152.6510568221877
 20
-91.36242429093068
 10
152.6710097709205
 20
-91.36418994274257
 10
152.7504316059334
 20
-91.3712958788838
 10
152.8303083941706
 20
-91.37705861977459
 10
152.9097302291848
 20
-91.3814998298611
 10
153.0060069980848
 20
-91.38682928196638
 10
153.1022837669894
 20
-91.39037141781422
 10
153.1981272470992
 20
-91.39214790185082
 10
153.2424960190847
 20
-91.3930361438696
 10
153.2868647910715
 20
-91.39348026487272
 10
153.331233563059
 20
-91.39348026487272
 10
153.3769238658533
 20
-91.39348026487272
 10
153.4230691218751
 20
-91.3930361438696
 10
153.4692143778969
 20
-91.39214790185082
 10
153.5614832255002
 20
-91.39037141781422
 10
153.6537737375438
 20
-91.38726257075636
 10
153.7456309607926
 20
-91.38194395087353
 10
153.7913212635901
 20
-91.37972334582611
 10
153.8370332308197
 20
-91.37662533098492
 10
153.8827235336134
 20
-91.37307236291879
 10
153.9213295647069
 20
-91.36996351585644
 10
153.9594806425741
 20
-91.36685466879473
 10
153.9980866736683
 20
-91.36330170072699
 10
154.0744104938413
 20
-91.3562065968079
 10
154.1502793607829
 20
-91.34822325086937
 10
154.2256932744977
 20
-91.33890754190573
 10
154.3006738994241
 20
-91.32959183294786
 10
154.3756545243447
 20
-91.31893292873953
 10
154.449768571695
 20
-91.3074074469538
 10
154.5974983842814
 20
-91.28433481894514
 10
154.7430400884868
 20
-91.256376859834
 10
154.8854621134055
 20
-91.22398852286393
 10
154.916507255134
 20
-91.21689341894516
 10
154.9475740612992
 20
-91.20978748280713
 10
154.9786408674708
 20
-91.20224825787847
 10
155.1947219865077
 20
-91.14945201894902
 10
155.4041304582014
 20
-91.08645182903523
 10
155.6059997049668
 20
-91.01323685592523
 10
155.6756725422273
 20
-90.9883985761005
 10
155.7444354730303
 20
-90.9617729800209
 10
155.8118768730297
 20
-90.93381502091361
 10
155.8123318262591
 20
-90.93381502091361
 10
155.8123318262591
 20
-90.93381502091361
 10
155.8123318262591
 20
-90.93381502091361
 10
155.8797515618142
 20
-90.90586789402525
 10
155.9467596730251
 20
-90.87658840411721
 10
156.0119913001953
 20
-90.84596571895808
 10
156.0119913001953
 20
-90.84596571895808
 10
156.0124245889863
 20
-90.84596571895808
 10
156.0124245889863
 20
-90.84596571895808
 10
156.0372737010293
 20
-90.83442940495439
 10
156.0616678598467
 20
-90.82289309094621
 10
156.0856287298758
 20
-90.81092348815287
 10
156.1260112450049
 20
-90.79139299599173
 10
156.1659388069097
 20
-90.77098509403298
 10
156.2049781267903
 20
-90.75057719207423
 10
156.2369331749745
 20
-90.73371142596461
 10
156.2684332699293
 20
-90.71685649207231
 10
156.2995000760945
 20
-90.69954660495475
 10
156.2995000760945
 20
-90.69954660495475
 10
156.2999333648841
 20
-90.69954660495475
 10
156.2999333648841
 20
-90.69954660495475
 10
156.3310001710518
 20
-90.68180342905137
 10
156.3616120239914
 20
-90.66449354193381
 10
156.3917689236996
 20
-90.64675036602563
 10
156.4805064676765
 20
-90.59439824810156
 10
156.5652577547918
 20
-90.53982552513776
 10
156.6460227850442
 20
-90.48347631813449
 10
156.7267661508659
 20
-90.42668299012743
 10
156.803089971035
 20
-90.36811317808059
 10
156.875405869906
 20
-90.30777771422184
 10
156.875405869906
 20
-90.30777771422184
 10
156.875405869906
 20
-90.30733359321293
 10
156.8758391586989
 20
-90.30733359321293
 10
156.9015765127636
 20
-90.28514920722048
 10
156.9273138668212
 20
-90.26340894223438
 10
156.9521629788681
 20
-90.240780435233
 10
156.9898807679444
 20
-90.20705973523462
 10
157.0262553617767
 20
-90.17245079321778
 10
157.0608534715746
 20
-90.13784185120286
 10
157.268052170443
 20
-89.93019903132489
 10
157.4237978256238
 20
-89.70924341340633
 10
157.5245158046123
 20
-89.48118185935454
 10
157.5245158046123
 20
-89.48118185935454
 10
157.5329432715558
 20
-89.46077395739547
 10
157.5329432715558
 20
-89.46077395739547
 10
157.5378177704333
 20
-89.44923764338793
 10
157.5431472225383
 20
-89.4377013293836
 10
157.5480217214119
 20
-89.4261650153783
 10
157.5480217214119
 20
-89.42572089436683
 10
157.5484766746413
 20
-89.42572089436683
 10
157.5484766746413
 20
-89.42572089436683
 10
157.5529178847272
 20
-89.4141845803625
 10
157.557792383602
 20
-89.40264826635688
 10
157.5617786404623
 20
-89.39066783134525
 10
157.5617786404623
 20
-89.39066783134525
 10
157.5617786404623
 20
-89.39023454255559
 10
157.5617786404623
 20
-89.39023454255559
 10
157.5617786404623
 20
-89.39023454255559
 10
157.5786335743489
 20
-89.34541081733933
 10
157.5786335743489
 20
-89.34541081733933
 10
157.5786335743489
 20
-89.34541081733933
 10
157.5790885275802
 20
-89.34408928653345
 10
157.5790885275802
 20
-89.34408928653345
 10
157.5790885275802
 20
-89.34408928653345
 10
157.5795434808084
 20
-89.34231280249782
 10
157.5795434808084
 20
-89.34231280249782
 10
157.5795434808084
 20
-89.34231280249782
 10
157.5941669774318
 20
-89.29794403051163
 10
157.5941669774318
 20
-89.29794403051163
 10
157.5941669774318
 20
-89.29794403051163
 10
157.5941669774318
 20
-89.29749990950401
 10
157.5941669774318
 20
-89.29749990950401
 10
157.5950552194496
 20
-89.29527930446108
 10
157.5955101726777
 20
-89.2930586994175
 10
157.5963984146987
 20
-89.29083809437104
 10
157.5994964295361
 20
-89.28063414339407
 10
157.6025944443773
 20
-89.27087431342409
 10
157.6057141236595
 20
-89.26111448345154
 10
157.6066023656735
 20
-89.25756151538444
 10
157.6074906076951
 20
-89.2544635005407
 10
157.6083788497097
 20
-89.25091053246976
 10
157.6105886225357
 20
-89.24292718653572
 10
157.6128200597956
 20
-89.23537712939135
 10
157.6150298326228
 20
-89.22739378345283
 10
157.6172396054455
 20
-89.21941043751558
 10
157.6194710427068
 20
-89.21141625936262
 10
157.6212258622994
 20
-89.20343291342346
 10
157.6230023463363
 20
-89.19633780950628
 10
157.624778830372
 20
-89.18968682659543
 10
157.6265553144063
 20
-89.18258089045837
 10
157.6296749936879
 20
-89.17060045544578
 10
157.6323180552971
 20
-89.15818673163999
 10
157.635004445789
 20
-89.14575134339827
 10
157.6389907026487
 20
-89.1306728935416
 10
157.6420887174899
 20
-89.11558361147115
 10
157.6451867323291
 20
-89.10094928262178
 10
157.6727005704288
 20
-88.96384587758338
 10
157.6891222155256
 20
-88.82097973165322
 10
157.6939967144044
 20
-88.67678122269507
 10
157.6948849564222
 20
-88.64794585379147
 10
157.6953399096478
 20
-88.61865553165713
 10
157.6953399096478
 20
-88.58937604174847
 10
157.6957731984374
 20
-88.33469972382798
 10
157.6611750886434
 20
-88.06804297090324
 10
157.5923904934
 20
-87.79561264485883
 10
157.5830747844347
 20
-87.7596821720326
 10
157.5733257866837
 20
-87.7237408669932
 10
157.5631218357051
 20
-87.6877995619506
 10
157.5564491883561
 20
-87.66383869192316
 10
157.5493649166553
 20
-87.63987782189346
 10
157.5418256917289
 20
-87.61591695186539
 10
157.5409374497123
 20
-87.61326305803343
 10
157.5400492076945
 20
-87.61015421097461
 10
157.5391609656799
 20
-87.60704536391515
 10
157.534719755594
 20
-87.59195608183667
 10
157.5298452567191
 20
-87.57687763198385
 10
157.5249490934013
 20
-87.56178834990857
 10
157.5178648217037
 20
-87.53960396391612
 10
157.5103039323369
 20
-87.51741957792143
 10
157.5027647074085
 20
-87.49479107092199
 10
157.4890294527972
 20
-87.45530763002833
 10
157.4748175805224
 20
-87.41625747792499
 10
157.4601724194548
 20
-87.376774037031
 10
157.4526331945283
 20
-87.35681025608085
 10
157.4450939695994
 20
-87.33729059614312
 10
157.4370997914454
 20
-87.3173159829734
 10
157.4344350653933
 20
-87.30933263703487
 10
157.4313370505553
 20
-87.30134929110147
 10
157.427784082484
 20
-87.29292182415597
 10
157.4273507936925
 20
-87.29158946112797
 10
157.426895840463
 20
-87.29070121911175
 10
157.4264625516772
 20
-87.28936885608407
 10
157.4153703586776
 20
-87.2614217292002
 10
157.4038232124563
 20
-87.23346377009388
 10
157.3914094886486
 20
-87.2050725221966
 10
157.3789741004056
 20
-87.17578220006644
 10
157.3661054233768
 20
-87.14605858914629
 10
157.3523701687693
 20
-87.11588002499671
 10
157.3390465385117
 20
-87.08615641407401
 10
157.3248563306683
 20
-87.05598868214592
 10
157.3102111696007
 20
-87.02537682920604
 10
157.2955660085395
 20
-86.99520909727859
 10
157.2809208474725
 20
-86.96458641212138
 10
157.2654091088287
 20
-86.93397455918246
 10
157.162459692579
 20
-86.72987387515427
 10
157.043565248892
 20
-86.5311026432291
 10
156.9091157376881
 20
-86.33766086340988
 10
156.8647469657019
 20
-86.27332831047129
 10
156.8186017096801
 20
-86.20987316733287
 10
156.7706799696226
 20
-86.14687297742228
 10
156.6988190239766
 20
-86.05237269255753
 10
156.6229284925952
 20
-85.95919393849609
 10
156.5430733687926
 20
-85.86734754746135
 10
156.5022575648777
 20
-85.81986992841121
 10
156.4600985657161
 20
-85.77283643037735
 10
156.4161847469549
 20
-85.72670200657382
 10
156.3212295088591
 20
-85.62331930153347
 10
156.2213997718929
 20
-85.52260132254241
 10
156.1162405828159
 20
-85.42410394859941
 10
155.9902402029922
 20
-85.306531035726
 10
155.8597986130884
 20
-85.19383262172425
 10
155.7240275710719
 20
-85.08600870659612
 10
155.6321920122564
 20
-85.01324868671331
 10
155.5381250161823
 20
-84.94269843965354
 10
155.4413932940515
 20
-84.87436879764248
 10
156.1614975968232
 20
-85.30874080854775
 10
156.78133887383
 20
-85.87178875754722
 10
157.2378952707309
 20
-86.51469183034828
 10
157.867485545494
 20
-87.40073490706358
 10
158.1439021283922
 20
-88.36397921374434
 10
158.0170135065539
 20
-89.22694966244455
 10
157.9043150925544
 20
-89.99275510022689
 10
157.3563564256264
 20
-90.71374764501445
 10
156.4747437267825
 20
-91.25770922286586
 10
155.0593842332866
 20
-92.13000621274703
 10
153.0903033319713
 20
-92.42238948752137
 10
151.2259266665023
 20
-92.0771991415961
 10
151.1962030555831
 20
-92.07232464272089
 10
151.1669127334542
 20
-92.06655106960669
 10
151.1376224113183
 20
-92.06078832871559
 10
151.1376224113183
 20
-92.06078832871559
 10
151.1132282525066
 20
-92.07897562563045
 10
151.1132282525066
 20
-92.07897562563045
 10
151.1429518634245
 20
-92.08518248752917
 10
151.172242185554
 20
-92.09051193963509
 10
151.2015325076842
 20
-92.09584139174198
 10
151.7113184323084
 20
-92.19167403963026
 10
152.2317632611406
 20
-92.24003990069468
 10
152.7526630431927
 20
-92.24003990069468
 10
153.0361638977924
 20
-92.24003990069468
 10
153.3196864168364
 20
-92.22583886063883
 10
153.6009774986121
 20
-92.19699265951694
 10
154.6937968176212
 20
-92.08474919874432
 10
155.6911842808718
 20
-91.76661773768734
 10
156.4862908730045
 20
-91.27634064078448
 10
157.3736663127474
 20
-90.72928104809735
 10
157.9251562832993
 20
-90.00251493019624
 10
158.0387429393224
 20
-89.2305026305155
 10
158.1669747564073
 20
-88.36131448769218
 10
157.8887816894657
 20
-87.39229660789626
 10
157.2560933998641
 20
-86.50182315331755
 10
156.7924310668257
 20
-85.85004849256175
 10
156.1623858388384
 20
-85.27990543964574
 10
155.4303011010551
 20
-84.84198046066761
 10
155.5452309523178
 20
-84.89921790968421
 10
155.6579077018813
 20
-84.96045244778418
 10
155.7688296318484
 20
-85.024785000717
 10
155.8065474209247
 20
-85.04652526570408
 10
155.8442652100029
 20
-85.06870965169652
 10
155.8815280458537
 20
-85.09178227971
 10
155.9937931710635
 20
-85.15966780071408
 10
156.1033719057833
 20
-85.23109545757306
 10
156.2111958209079
 20
-85.30564279370626
 10
156.4303749547931
 20
-85.45826876960959
 10
156.6353638808401
 20
-85.62109869648958
 10
156.8265958878372
 20
-85.79458752757725
 10
156.8541097259305
 20
-85.8194366396254
 10
156.881168610802
 20
-85.84427491945108
 10
156.9077942068812
 20
-85.86956815250814
 10
157.1828675945368
 20
-86.12824155949885
 10
157.4273507936925
 20
-86.40820027824977
 10
157.6381024606296
 20
-86.70724536815291
 10
157.7144046163654
 20
-86.81595752529597
 10
157.7862872264461
 20
-86.92599121324457
 10
157.852407095636
 20
-87.03823467401945
 10
157.9078680606205
 20
-87.13185754908788
 10
157.9597760575382
 20
-87.22636866617509
 10
158.007697797597
 20
-87.32175719305927
 10
158.0329801984264
 20
-87.37145541714784
 10
158.0569410684548
 20
-87.42158693002963
 10
158.0795587432398
 20
-87.47217339613827
 10
158.100876551652
 20
-87.51786369893354
 10
158.1208295003855
 20
-87.56356483394485
 10
158.1399158715377
 20
-87.6092659689584
 10
158.2108885751621
 20
-87.77964595298853
 10
158.2694692194289
 20
-87.95179158882992
 10
158.3151595222187
 20
-88.12394805689406
 10
158.3267066684458
 20
-88.16654034484559
 10
158.3373439082146
 20
-88.20957675380569
 10
158.3471145704036
 20
-88.25216904175657
 10
158.3519890692791
 20
-88.27390930674301
 10
158.356863568154
 20
-88.29564957172751
 10
158.3613047782463
 20
-88.31738983671394
 10
158.3706204872013
 20
-88.35998212466578
 10
158.3786146653584
 20
-88.40257441261602
 10
158.3861538902893
 20
-88.44562165379922
 10
158.3972460832799
 20
-88.50995420673685
 10
158.4065617922471
 20
-88.57428675967319
 10
158.4141010171799
 20
-88.6381751916032
 10
158.4353971611491
 20
-88.8231895044766
 10
158.4416148552731
 20
-89.00865877058104
 10
158.4322991463098
 20
-89.18923187336985
 10
158.4309559510658
 20
-89.21452510642114
 10
158.4292011314661
 20
-89.23937421846863
 10
158.4269696942061
 20
-89.2637792095053
 10
158.421206953316
 20
-89.340536318467
 10
158.4127794863685
 20
-89.40975420249524
 10
158.401687293369
 20
-89.47364263442331
 10
158.401687293369
 20
-89.47364263442331
 10
158.401687293369
 20
-89.47408675543286
 10
158.401687293369
 20
-89.47408675543286
 10
158.401687293369
 20
-89.47408675543286
 10
158.3892735695651
 20
-89.54641348652602
 10
158.3892735695651
 20
-89.54641348652602
 10
158.3892735695651
 20
-89.54641348652602
 10
158.3741734552725
 20
-89.61872938540024
 10
158.3741734552725
 20
-89.61872938540024
 10
158.3666342303461
 20
-89.65599222124776
 10
158.356863568154
 20
-89.69193352628812
 10
158.3466596171761
 20
-89.7300954363759
 10
158.3466596171761
 20
-89.7300954363759
 10
158.343994891122
 20
-89.74029938735286
 10
158.343994891122
 20
-89.74029938735286
 10
158.343994891122
 20
-89.74029938735286
 10
158.3386871034574
 20
-89.75893080527952
 10
158.3386871034574
 20
-89.75893080527952
 10
158.3204889743236
 20
-89.82415160023304
 10
158.3000810723665
 20
-89.88938322740387
 10
158.2770084443559
 20
-89.9541599013533
 10
158.2770084443559
 20
-89.9541599013533
 10
158.2765751555631
 20
-89.9541599013533
 10
158.2765751555631
 20
-89.95459319014296
 10
158.2610417524808
 20
-89.9976404313207
 10
158.2441651541513
 20
-90.04067684027953
 10
158.2264219782482
 20
-90.0837132492438
 10
158.2259886894579
 20
-90.0837132492438
 10
158.2259886894579
 20
-90.0837132492438
 10
158.2259886894579
 20
-90.08415737025175
 10
158.2082455135517
 20
-90.12674965820327
 10
158.1891591423994
 20
-90.16978606716755
 10
158.1691845292287
 20
-90.21237835511778
 10
158.1691845292287
 20
-90.21237835511778
 10
158.1687512404423
 20
-90.21237835511778
 10
158.1687512404423
 20
-90.21282247612508
 10
158.1075275345625
 20
-90.34105429321197
 10
158.0360782132663
 20
-90.46794291505095
 10
157.9544466054313
 20
-90.59306588507805
 10
157.9136308015158
 20
-90.65563278619832
 10
157.8701502715442
 20
-90.71774473409205
 10
157.8240050155224
 20
-90.77941256097849
 10
157.7055438606289
 20
-90.93736798898455
 10
157.5710943494231
 20
-91.09088220690346
 10
157.421133099571
 20
-91.23907780493921
 10
157.3878565205844
 20
-91.27191026291722
 10
157.3536916995793
 20
-91.3042985998924
 10
157.3190935897782
 20
-91.33668693686631
 10
157.2840405267528
 20
-91.36863115282844
 10
157.2485325105024
 20
-91.40057536879536
 10
157.2125912054559
 20
-91.43251958475908
 10
157.1762166116262
 20
-91.46401967971325
 10
157.1389537757781
 20
-91.49553060689117
 10
157.1016692754908
 20
-91.52658658083739
 10
157.082604568777
 20
-91.54211998392093
 10
157.063518197628
 20
-91.5571984337731
 10
157.0444318264707
 20
-91.57273183685535
 10
156.9406158326435
 20
-91.65525168671168
 10
156.8328135819581
 20
-91.7351176427322
 10
156.7210034099712
 20
-91.8118747516907
 10
156.6464560738332
 20
-91.862905338806
 10
156.5705872068922
 20
-91.91259273067983
 10
156.4929418559156
 20
-91.96095859174459
 10
156.4929418559156
 20
-91.96095859174459
 10
156.4929418559156
 20
-91.96095859174459
 10
156.4925085671266
 20
-91.96095859174459
 10
156.41486321615
 20
-92.00888033179818
 10
156.335874669928
 20
-92.05590299761761
 10
156.2555645928967
 20
-92.1011600116245
 10
156.2152037422099
 20
-92.12378851862522
 10
156.1743662738558
 20
-92.1459729046196
 10
156.1335504699345
 20
-92.16771316960443
 10
155.5683035803264
 20
-92.4689788645505
 10
154.9364818683022
 20
-92.70280315949915
 10
154.2549835966278
 20
-92.86474484436293
 10
154.209271629395
 20
-92.87583703735932
 10
154.1640146153904
 20
-92.88604098833726
 10
154.1178693593718
 20
-92.89625577153635
 10
154.0282652378188
 20
-92.91577543147953
 10
153.9377512098134
 20
-92.9339627283947
 10
153.8472371818009
 20
-92.95037354127841
 10
153.8170586176542
 20
-92.95614711438812
 10
153.7868800535011
 20
-92.96146573427127
 10
153.7567231537954
 20
-92.96679518637623
 10
153.3906807849038
 20
-93.03112773931034
 10
153.0197422526956
 20
-93.07327590625808
 10
152.6470489008908
 20
-93.0928063984189
 10
152.4873169888523
 20
-93.1012338653612
 10
152.3271517880171
 20
-93.10523095443976
 10
152.1669865871915
 20
-93.10523095443976
 10
152.1248275880313
 20
-93.10523095443976
 10
152.082690253305
 20
-93.10477600121288
 10
152.0405312541428
 20
-93.10434271242227
 10
151.9140759210891
 20
-93.10256622838952
 10
151.7876422524776
 20
-93.09812501830206
 10
151.6616202082179
 20
-93.09147403539474
 10
151.5773238743275
 20
-93.08703282530567
 10
151.4934608292326
 20
-93.08127008441457
 10
151.4091644953455
 20
-93.07416414827782
 10
151.1993010704236
 20
-93.05686509337822
 10
150.9894376455037
 20
-93.03246010234187
 10
150.7813507046181
 20
-93.00096000738225
 10
150.7396466586821
 20
-92.99430902447108
 10
150.6979426127443
 20
-92.9876472093426
 10
150.6562385668141
 20
-92.98099622643208
 10
150.6145128564403
 20
-92.97433441130232
 10
150.5728088105031
 20
-92.96679518637623
 10
150.5315597177978
 20
-92.9592559614508
 10
150.4898556718619
 20
-92.95215002530988
 10
150.4481299614894
 20
-92.94416667937615
 10
150.4068808687816
 20
-92.93618333343763
 10
150.3243393544903
 20
-92.92020580934326
 10
150.2418195046381
 20
-92.90290675444848
 10
150.1592996547834
 20
-92.8847086253131
 10
150.1308975746659
 20
-92.87894588441783
 10
150.102495494551
 20
-92.87229490151245
 10
150.0741150788784
 20
-92.86563308637915
 10
150.0741150788784
 20
-92.86563308637915
 10
150.0057854368658
 20
-92.91755191551452
 10
150.0057854368658
 20
-92.91755191551452
 10
150.0505874976416
 20
-92.928189155285
 10
150.0954112228508
 20
-92.93839310625715
 10
150.1397799948434
 20
-92.9486078894601
 10
150.1903664609518
 20
-92.95970008245841
 10
150.2404979738287
 20
-92.9707922754548
 10
150.2910627755005
 20
-92.98099622643208
 10
150.3918024189275
 20
-93.00184824940199
 10
150.4929536867018
 20
-93.02047966732542
 10
150.5941049544793
 20
-93.03822284323297
 10
150.7458426883664
 20
-93.063960197297
 10
150.8980353754804
 20
-93.08614458328978
 10
151.0502280625951
 20
-93.10477600121288
 10
151.1518342835969
 20
-93.11675643622581
 10
151.2534405046013
 20
-93.12741534043349
 10
151.3550467256069
 20
-93.13628692839015
 10
151.442874363125
 20
-93.14382615331688
 10
151.5307453295186
 20
-93.150487968446
 10
151.618594631477
 20
-93.15580658832948
 10
151.6247906611569
 20
-93.15580658832948
 10
151.631008355279
 20
-93.15625070933743
 10
151.6372260494024
 20
-93.15669483034794
 10
151.6784968065461
 20
-93.15891543539183
 10
151.719745899252
 20
-93.1611252082152
 10
151.7610166563983
 20
-93.16290169224666
 10
151.8062736704023
 20
-93.16512229729024
 10
151.8515306844108
 20
-93.16645466031729
 10
151.8967876984122
 20
-93.16778702334112
 10
151.9415897591874
 20
-93.16911938636817
 10
151.9868467731953
 20
-93.17000762838437
 10
152.031670498407
 20
-93.17089587040411
 10
152.0769058479732
 20
-93.17132915919281
 10
152.1221845264157
 20
-93.17178411242097
 10
152.1669865871915
 20
-93.17178411242097
 10
152.2481849062362
 20
-93.17178411242097
 10
152.3289282720566
 20
-93.17089587040411
 10
152.4101265911013
 20
-93.16867526536181
 10
152.4145678011897
 20
-93.16867526536181
 10
152.419442300062
 20
-93.16823114435387
 10
152.423883510155
 20
-93.16823114435387
 10
152.5804957429125
 20
-93.16378993426352
 10
152.7366746868855
 20
-93.15580658832948
 10
152.8924203420637
 20
-93.14338203230862
 10
153.3099157546449
 20
-93.11054957432323
 10
153.7243348168202
 20
-93.0497699894559
 10
154.1320812316498
 20
-92.96103244548513
 10
154.2199305336024
 20
-92.94150195332047
 10
154.3077798355608
 20
-92.92109405136557
 10
154.3951741842885
 20
-92.89890966536831
 10
154.5700062106228
 20
-92.85498501439328
 10
154.7430400884868
 20
-92.80574174353028
 10
154.9147307710997
 20
-92.75071406733737
 10
154.957778012281
 20
-92.73696798050774
 10
155.0008252534635
 20
-92.72276694044965
 10
155.0434175414122
 20
-92.70856590039283
 10
155.1290354061068
 20
-92.67928641047742
 10
155.2137866932253
 20
-92.64911867855126
 10
155.298537980338
 20
-92.61717446258722
 10
155.3406753150604
 20
-92.60119693849252
 10
155.3823793609977
 20
-92.5847861256117
 10
155.4245383601586
 20
-92.56836448051035
 10
155.6348567383086
 20
-92.4849563886423
 10
155.8416004839488
 20
-92.3922217555904
 10
156.0439246839398
 20
-92.28928317155736
 10
156.0847404878605
 20
-92.26887526960343
 10
156.1251230029935
 20
-92.24757912562045
 10
156.1650505648874
 20
-92.2262829816471
 10
156.3256707189475
 20
-92.1410984057447
 10
156.4836261469549
 20
-92.04836377269088
 10
156.6371403648718
 20
-91.94808991471321
 10
156.7143524270595
 20
-91.89795840183497
 10
156.7902212940037
 20
-91.84603957269574
 10
156.8652019189294
 20
-91.79235509175105
 10
156.9397275906257
 20
-91.73822648979103
 10
157.013386684744
 20
-91.68232140379988
 10
157.086157536849
 20
-91.6246398337734
 10
157.2307893345942
 20
-91.50884340492983
 10
157.3710015866908
 20
-91.38460867691863
 10
157.5036529494225
 20
-91.2506141189474
 10
157.5533511735149
 20
-91.20091589485078
 10
157.6021611555889
 20
-91.14945201894902
 10
157.649627942415
 20
-91.09621165900906
 10
157.6500828956463
 20
-91.09621165900906
 10
157.6500828956463
 20
-91.09621165900906
 10
157.6500828956463
 20
-91.09576753799695
 10
157.6815829906005
 20
-91.06071447497537
 10
157.7126497967656
 20
-91.02477316993051
 10
157.74323998527
 20
-90.9883985761005
 10
157.7893852412866
 20
-90.93381502091361
 10
157.8337540132786
 20
-90.87702169290175
 10
157.8772562076861
 20
-90.81935095509837
 10
157.9256112365274
 20
-90.75457428115247
 10
157.972644734567
 20
-90.68756616994312
 10
158.0174467953468
 20
-90.61835911812996
 10
158.0516116163518
 20
-90.56555204697806
 10
158.084888195341
 20
-90.51143427724081
 10
158.1163882902977
 20
-90.45597331225791
 10
158.1771787073827
 20
-90.34992588116894
 10
158.2322063835826
 20
-90.24033631422539
 10
158.2805614124233
 20
-90.12674965820327
 10
158.299626119139
 20
-90.08149264419991
 10
158.3178242482747
 20
-90.03579150918796
 10
158.3346791821612
 20
-89.98921296437616
 10
158.3497792964564
 20
-89.94838632824006
 10
158.3635362155069
 20
-89.90712640331495
 10
158.3764048925356
 20
-89.865422357379
 10
158.3861538902893
 20
-89.83613203524467
 10
158.3945813572303
 20
-89.80640842432548
 10
158.4030088241765
 20
-89.77668481340663
 10
158.4061285034568
 20
-89.76470437839082
 10
158.4096814715293
 20
-89.75272394337759
 10
158.4127794863685
 20
-89.74074350836499
 10
158.4194304692759
 20
-89.71633851732928
 10
158.4256481634006
 20
-89.69237764729607
 10
158.4314109042907
 20
-89.66842760948916
 10
158.4340756303409
 20
-89.65599222124776
 10
158.4367403563982
 20
-89.6440117862342
 10
158.4394050824478
 20
-89.6315980624329
 10
158.4394050824478
 20
-89.6315980624329
 10
158.4549168210955
 20
-89.55882721033052
 10
158.4549168210955
 20
-89.55882721033052
 10
158.4549168210955
 20
-89.55882721033052
 10
158.467352209334
 20
-89.48473482742067
 10
158.467352209334
 20
-89.48473482742067
 10
158.4842071432243
 20
-89.38668157448433
 10
158.4935228521857
 20
-89.28596359549904
 10
158.4988523042888
 20
-89.19278484143919
 10
158.5086013020424
 20
-89.00289602968513
 10
158.5015170303422
 20
-88.81476203753141
 10
158.4802208863628
 20
-88.6306359666723
 97
        0
 75
     2
 76
     1
 98
        0
  0
SPLINE
  5
20F
330
1F
100
AcDbEntity
  8
Capa 1
370
     0
100
AcDbSpline
210
0.0
220
0.0
230
1.0
 70
    11
 71
     3
 72
   587
 73
   583
 74
     0
 42
0.0000000001
 43
0.0000000001
 12
1.0
 22
0.0
 32
0.0
 13
1.0
 23
0.0
 33
0.0
 40
0.0
 40
0.0
 40
0.0
 40
0.0
 40
1.0
 40
1.0
 40
1.0
 40
2.0
 40
2.0
 40
2.0
 40
3.0
 40
3.0
 40
3.0
 40
4.0
 40
4.0
 40
4.0
 40
5.0
 40
5.0
 40
5.0
 40
6.0
 40
6.0
 40
6.0
 40
7.0
 40
7.0
 40
7.0
 40
8.0
 40
8.0
 40
8.0
 40
9.0
 40
9.0
 40
9.0
 40
10.0
 40
10.0
 40
10.0
 40
11.0
 40
11.0
 40
11.0
 40
12.0
 40
12.0
 40
12.0
 40
13.0
 40
13.0
 40
13.0
 40
14.0
 40
14.0
 40
14.0
 40
15.0
 40
15.0
 40
15.0
 40
16.0
 40
16.0
 40
16.0
 40
17.0
 40
17.0
 40
17.0
 40
18.0
 40
18.0
 40
18.0
 40
19.0
 40
19.0
 40
19.0
 40
20.0
 40
20.0
 40
20.0
 40
21.0
 40
21.0
 40
21.0
 40
22.0
 40
22.0
 40
22.0
 40
23.0
 40
23.0
 40
23.0
 40
24.0
 40
24.0
 40
24.0
 40
25.0
 40
25.0
 40
25.0
 40
26.0
 40
26.0
 40
26.0
 40
27.0
 40
27.0
 40
27.0
 40
28.0
 40
28.0
 40
28.0
 40
29.0
 40
29.0
 40
29.0
 40
30.0
 40
30.0
 40
30.0
 40
31.0
 40
31.0
 40
31.0
 40
32.0
 40
32.0
 40
32.0
 40
33.0
 40
33.0
 40
33.0
 40
34.0
 40
34.0
 40
34.0
 40
35.0
 40
35.0
 40
35.0
 40
36.0
 40
36.0
 40
36.0
 40
37.0
 40
37.0
 40
37.0
 40
38.0
 40
38.0
 40
38.0
 40
39.0
 40
39.0
 40
39.0
 40
40.0
 40
40.0
 40
40.0
 40
41.0
 40
41.0
 40
41.0
 40
42.0
 40
42.0
 40
42.0
 40
43.0
 40
43.0
 40
43.0
 40
44.0
 40
44.0
 40
44.0
 40
45.0
 40
45.0
 40
45.0
 40
46.0
 40
46.0
 40
46.0
 40
47.0
 40
47.0
 40
47.0
 40
48.0
 40
48.0
 40
48.0
 40
49.0
 40
49.0
 40
49.0
 40
50.0
 40
50.0
 40
50.0
 40
51.0
 40
51.0
 40
51.0
 40
52.0
 40
52.0
 40
52.0
 40
53.0
 40
53.0
 40
53.0
 40
54.0
 40
54.0
 40
54.0
 40
55.0
 40
55.0
 40
55.0
 40
56.0
 40
56.0
 40
56.0
 40
57.0
 40
57.0
 40
57.0
 40
58.0
 40
58.0
 40
58.0
 40
59.0
 40
59.0
 40
59.0
 40
60.0
 40
60.0
 40
60.0
 40
61.0
 40
61.0
 40
61.0
 40
62.0
 40
62.0
 40
62.0
 40
63.0
 40
63.0
 40
63.0
 40
64.0
 40
64.0
 40
64.0
 40
65.0
 40
65.0
 40
65.0
 40
66.0
 40
66.0
 40
66.0
 40
67.0
 40
67.0
 40
67.0
 40
68.0
 40
68.0
 40
68.0
 40
69.0
 40
69.0
 40
69.0
 40
70.0
 40
70.0
 40
70.0
 40
71.0
 40
71.0
 40
71.0
 40
72.0
 40
72.0
 40
72.0
 40
73.0
 40
73.0
 40
73.0
 40
74.0
 40
74.0
 40
74.0
 40
75.0
 40
75.0
 40
75.0
 40
76.0
 40
76.0
 40
76.0
 40
77.0
 40
77.0
 40
77.0
 40
78.0
 40
78.0
 40
78.0
 40
79.0
 40
79.0
 40
79.0
 40
80.0
 40
80.0
 40
80.0
 40
81.0
 40
81.0
 40
81.0
 40
82.0
 40
82.0
 40
82.0
 40
83.0
 40
83.0
 40
83.0
 40
84.0
 40
84.0
 40
84.0
 40
85.0
 40
85.0
 40
85.0
 40
86.0
 40
86.0
 40
86.0
 40
87.0
 40
87.0
 40
87.0
 40
88.0
 40
88.0
 40
88.0
 40
89.0
 40
89.0
 40
89.0
 40
90.0
 40
90.0
 40
90.0
 40
91.0
 40
91.0
 40
91.0
 40
92.0
 40
92.0
 40
92.0
 40
93.0
 40
93.0
 40
93.0
 40
94.0
 40
94.0
 40
94.0
 40
95.0
 40
95.0
 40
95.0
 40
96.0
 40
96.0
 40
96.0
 40
97.0
 40
97.0
 40
97.0
 40
98.0
 40
98.0
 40
98.0
 40
99.0
 40
99.0
 40
99.0
 40
100.0
 40
100.0
 40
100.0
 40
101.0
 40
101.0
 40
101.0
 40
102.0
 40
102.0
 40
102.0
 40
103.0
 40
103.0
 40
103.0
 40
104.0
 40
104.0
 40
104.0
 40
105.0
 40
105.0
 40
105.0
 40
106.0
 40
106.0
 40
106.0
 40
107.0
 40
107.0
 40
107.0
 40
108.0
 40
108.0
 40
108.0
 40
109.0
 40
109.0
 40
109.0
 40
110.0
 40
110.0
 40
110.0
 40
111.0
 40
111.0
 40
111.0
 40
112.0
 40
112.0
 40
112.0
 40
113.0
 40
113.0
 40
113.0
 40
114.0
 40
114.0
 40
114.0
 40
115.0
 40
115.0
 40
115.0
 40
116.0
 40
116.0
 40
116.0
 40
117.0
 40
117.0
 40
117.0
 40
118.0
 40
118.0
 40
118.0
 40
119.0
 40
119.0
 40
119.0
 40
120.0
 40
120.0
 40
120.0
 40
121.0
 40
121.0
 40
121.0
 40
122.0
 40
122.0
 40
122.0
 40
123.0
 40
123.0
 40
123.0
 40
124.0
 40
124.0
 40
124.0
 40
125.0
 40
125.0
 40
125.0
 40
126.0
 40
126.0
 40
126.0
 40
127.0
 40
127.0
 40
127.0
 40
128.0
 40
128.0
 40
128.0
 40
129.0
 40
129.0
 40
129.0
 40
130.0
 40
130.0
 40
130.0
 40
131.0
 40
131.0
 40
131.0
 40
132.0
 40
132.0
 40
132.0
 40
133.0
 40
133.0
 40
133.0
 40
134.0
 40
134.0
 40
134.0
 40
135.0
 40
135.0
 40
135.0
 40
136.0
 40
136.0
 40
136.0
 40
137.0
 40
137.0
 40
137.0
 40
138.0
 40
138.0
 40
138.0
 40
139.0
 40
139.0
 40
139.0
 40
140.0
 40
140.0
 40
140.0
 40
141.0
 40
141.0
 40
141.0
 40
142.0
 40
142.0
 40
142.0
 40
143.0
 40
143.0
 40
143.0
 40
144.0
 40
144.0
 40
144.0
 40
145.0
 40
145.0
 40
145.0
 40
146.0
 40
146.0
 40
146.0
 40
147.0
 40
147.0
 40
147.0
 40
148.0
 40
148.0
 40
148.0
 40
149.0
 40
149.0
 40
149.0
 40
150.0
 40
150.0
 40
150.0
 40
151.0
 40
151.0
 40
151.0
 40
152.0
 40
152.0
 40
152.0
 40
153.0
 40
153.0
 40
153.0
 40
154.0
 40
154.0
 40
154.0
 40
155.0
 40
155.0
 40
155.0
 40
156.0
 40
156.0
 40
156.0
 40
157.0
 40
157.0
 40
157.0
 40
158.0
 40
158.0
 40
158.0
 40
159.0
 40
159.0
 40
159.0
 40
160.0
 40
160.0
 40
160.0
 40
161.0
 40
161.0
 40
161.0
 40
162.0
 40
162.0
 40
162.0
 40
163.0
 40
163.0
 40
163.0
 40
164.0
 40
164.0
 40
164.0
 40
165.0
 40
165.0
 40
165.0
 40
166.0
 40
166.0
 40
166.0
 40
167.0
 40
167.0
 40
167.0
 40
168.0
 40
168.0
 40
168.0
 40
169.0
 40
169.0
 40
169.0
 40
170.0
 40
170.0
 40
170.0
 40
171.0
 40
171.0
 40
171.0
 40
172.0
 40
172.0
 40
172.0
 40
173.0
 40
173.0
 40
173.0
 40
174.0
 40
174.0
 40
174.0
 40
175.0
 40
175.0
 40
175.0
 40
176.0
 40
176.0
 40
176.0
 40
177.0
 40
177.0
 40
177.0
 40
178.0
 40
178.0
 40
178.0
 40
179.0
 40
179.0
 40
179.0
 40
180.0
 40
180.0
 40
180.0
 40
181.0
 40
181.0
 40
181.0
 40
182.0
 40
182.0
 40
182.0
 40
183.0
 40
183.0
 40
183.0
 40
184.0
 40
184.0
 40
184.0
 40
185.0
 40
185.0
 40
185.0
 40
186.0
 40
186.0
 40
186.0
 40
187.0
 40
187.0
 40
187.0
 40
188.0
 40
188.0
 40
188.0
 40
189.0
 40
189.0
 40
189.0
 40
190.0
 40
190.0
 40
190.0
 40
191.0
 40
191.0
 40
191.0
 40
192.0
 40
192.0
 40
192.0
 40
193.0
 40
193.0
 40
193.0
 40
194.0
 40
194.0
 40
194.0
 40
194.0
 10
144.8350470163544
 20
-82.06494595462767
 30
0.0
 10
144.1708369673559
 20
-82.06494595462767
 30
0.0
 10
143.5106348396559
 20
-82.13594032269347
 30
0.0
 10
142.8677425990747
 20
-82.27569762156479
 30
0.0
 10
142.7798716326778
 20
-82.29521728150733
 30
0.0
 10
142.6920439951605
 20
-82.3156251834664
 30
0.0
 10
142.6050829352224
 20
-82.33780956945917
 30
0.0
 10
142.5176669220569
 20
-82.35954983444496
 30
0.0
 10
142.430705862116
 20
-82.38306658346188
 30
0.0
 10
142.3437448021751
 20
-82.40791569550714
 30
0.0
 10
142.2572170310267
 20
-82.43232068654285
 30
0.0
 10
142.1707109243146
 20
-82.458502161619
 30
0.0
 10
142.0850713951812
 20
-82.48600516749525
 30
0.0
 10
141.9564062893072
 20
-82.5272650924194
 30
0.0
 10
141.8281744722219
 20
-82.57163386440622
 30
0.0
 10
141.7017191391697
 20
-82.61955560446431
 30
0.0
 10
141.6595601400085
 20
-82.63552229633623
 30
0.0
 10
141.6174228052819
 20
-82.65149982042708
 30
0.0
 10
141.5752638061207
 20
-82.6683655865367
 30
0.0
 10
141.3236963352658
 20
-82.76819532350737
 30
0.0
 10
141.0761151212676
 20
-82.88221526831467
 30
0.0
 10
140.8352065546226
 20
-83.01044708539962
 30
0.0
 10
140.6741314473346
 20
-83.09607578231477
 30
0.0
 10
140.5166309725564
 20
-83.18835546213691
 30
0.0
 10
140.3626834658488
 20
-83.28864015233768
 30
0.0
 10
140.3240774347585
 20
-83.3134784321624
 30
0.0
 10
140.2859046924486
 20
-83.33921578622643
 30
0.0
 10
140.2477536145865
 20
-83.36495314028726
 30
0.0
 10
140.2100358255073
 20
-83.39112378313646
 30
0.0
 10
140.1718847476423
 20
-83.41730525821326
 30
0.0
 10
140.1346219117941
 20
-83.44436414307674
 30
0.0
 10
140.0600745756609
 20
-83.49850357725536
 30
0.0
 10
139.9864154815385
 20
-83.5539645422402
 30
0.0
 10
139.9136662938784
 20
-83.61209023327845
 30
0.0
 10
139.6239260807165
 20
-83.84368309095916
 30
0.0
 10
139.3532939031462
 20
-84.10946243409592
 30
0.0
 10
139.1230009118281
 20
-84.41693499094072
 30
0.0
 10
138.9650671482631
 20
-84.62857489989469
 30
0.0
 10
138.8257431381788
 20
-84.86062271080996
 30
0.0
 10
138.7196957070873
 20
-85.109969576621
 30
0.0
 10
138.7121564821615
 20
-85.1272794637392
 30
0.0
 10
138.7050505460261
 20
-85.14413439763021
 30
0.0
 10
138.6983995631088
 20
-85.16144428474907
 30
0.0
 10
138.6846426440622
 20
-85.19560910575764
 30
0.0
 10
138.6713406782402
 20
-85.2306621687805
 30
0.0
 10
138.6589052900007
 20
-85.2652602785781
 30
0.0
 10
138.6527092603183
 20
-85.28301428670554
 30
0.0
 10
138.6464915661972
 20
-85.3003133416045
 30
0.0
 10
138.640728825307
 20
-85.31805651751172
 30
0.0
 10
138.6247404689928
 20
-85.36509001554654
 30
0.0
 10
138.6101169723665
 20
-85.41212351358746
 30
0.0
 10
138.5967933421089
 20
-85.46004525364427
 30
0.0
 10
138.5839246650772
 20
-85.50840028249138
 30
0.0
 10
138.5706226992555
 20
-85.55587790153318
 30
0.0
 10
138.5608520370637
 20
-85.60513200461766
 30
0.0
 10
138.5608520370637
 20
-85.60513200461766
 30
0.0
 10
138.5448853451938
 20
-85.67789202449663
 30
0.0
 10
138.5448853451938
 20
-85.67789202449663
 30
0.0
 10
138.5448853451938
 20
-85.67789202449663
 30
0.0
 10
138.5324716213905
 20
-85.7515402863995
 30
0.0
 10
138.5324716213905
 20
-85.7515402863995
 30
0.0
 10
138.5196029443579
 20
-85.82519938051713
 30
0.0
 10
138.5116087662043
 20
-85.90018000544289
 30
0.0
 10
138.5058460253109
 20
-85.97295085754591
 30
0.0
 10
138.5040695412756
 20
-85.99691172757431
 30
0.0
 10
138.5027263460296
 20
-86.0208617653793
 30
0.0
 10
138.5014048152247
 20
-86.04393439338892
 30
0.0
 10
138.5000616199759
 20
-86.07144823148826
 30
0.0
 10
138.4987400891719
 20
-86.09895123736868
 30
0.0
 10
138.4978518471541
 20
-86.12646507546354
 30
0.0
 10
138.4938655902974
 20
-86.28840676032891
 30
0.0
 10
138.5018381040115
 20
-86.4485827933763
 30
0.0
 10
138.5200362331472
 20
-86.6060941003773
 30
0.0
 10
138.5630834743298
 20
-86.9743462420949
 30
0.0
 10
138.662458258071
 20
-87.32531016113117
 30
0.0
 10
138.7982293000843
 20
-87.65319061993696
 30
0.0
 10
138.9353218729028
 20
-87.98107107874115
 30
0.0
 10
139.1083557507633
 20
-88.28633386276323
 30
0.0
 10
139.3075819359134
 20
-88.56806906554816
 30
0.0
 10
139.7055793529919
 20
-89.13244937757692
 30
0.0
 10
140.203384842599
 20
-89.60408422433356
 30
0.0
 10
140.7504552675038
 20
-89.9856599963094
 30
0.0
 10
141.256254935268
 20
-90.33661308312513
 30
0.0
 10
141.8059900862288
 20
-90.61037577219561
 30
0.0
 10
142.37613313915
 20
-90.8055940360495
 30
0.0
 10
142.4244881679948
 20
-90.82244896993859
 30
0.0
 10
142.4728431968419
 20
-90.83842649402943
 30
0.0
 10
142.5216531789121
 20
-90.85394906489309
 30
0.0
 10
142.4755079228928
 20
-90.83176467889935
 30
0.0
 10
142.4298176200947
 20
-90.80869205088683
 30
0.0
 10
142.3845606060939
 20
-90.78518613409236
 30
0.0
 10
142.3841056528654
 20
-90.78474201308474
 30
0.0
 10
142.3836723640735
 20
-90.78474201308474
 30
0.0
 10
142.383239075287
 20
-90.78474201308474
 30
0.0
 10
142.3823291688275
 20
-90.78429789207294
 30
0.0
 10
142.3818958800439
 20
-90.78385377106436
 30
0.0
 10
142.3810076380236
 20
-90.78340965005705
 30
0.0
 10
142.3552702839586
 20
-90.77009685201388
 30
0.0
 10
142.329099641111
 20
-90.75633993296886
 30
0.0
 10
142.3038172402773
 20
-90.7430271349257
 30
0.0
 10
142.2319346301912
 20
-90.70443193605274
 30
0.0
 10
142.1609402621286
 20
-90.66494849516293
 30
0.0
 10
142.0908341360771
 20
-90.62456598003222
 30
0.0
 10
141.7043838652267
 20
-90.40005739404366
 30
0.0
 10
141.3441042372264
 20
-90.13873009321875
 30
0.0
 10
141.0175561414448
 20
-89.84501445542153
 30
0.0
 10
140.9980364815019
 20
-89.82726044729635
 30
0.0
 10
140.978516821562
 20
-89.80951727138816
 30
0.0
 10
140.9594304504053
 20
-89.79176326325783
 30
0.0
 10
140.9492264994293
 20
-89.78244755429677
 30
0.0
 10
140.9394775016785
 20
-89.77313184533568
 30
0.0
 10
140.9292518862615
 20
-89.7638161363775
 30
0.0
 10
140.9004165173569
 20
-89.73630229827526
 30
0.0
 10
140.8715811484523
 20
-89.70879929239806
 30
0.0
 10
140.8431790683377
 20
-89.68128545430353
 30
0.0
 10
140.8143436994338
 20
-89.6533383274142
 30
0.0
 10
140.7863965725441
 20
-89.62538036830787
 30
0.0
 10
140.7584494456609
 20
-89.59698912041125
 30
0.0
 10
140.7305023187803
 20
-89.56859787251943
 30
0.0
 10
140.7029884806799
 20
-89.54019579240548
 30
0.0
 10
140.6759079313703
 20
-89.51136042350412
 30
0.0
 10
140.6213352084017
 20
-89.45367885347412
 30
0.0
 10
140.5681056806822
 20
-89.39510904142695
 30
0.0
 10
140.516197683767
 20
-89.3356618195889
 30
0.0
 10
140.2308986806929
 20
-89.00821464956893
 30
0.0
 10
139.9850939507336
 20
-88.65104386863072
 30
0.0
 10
139.7938619437342
 20
-88.27302106472743
 30
0.0
 10
139.7069008837965
 20
-88.10131954988918
 30
0.0
 10
139.6319202588733
 20
-87.92561011376083
 30
0.0
 10
139.5693533577508
 20
-87.74724678379152
 30
0.0
 10
139.5507219398257
 20
-87.69401725607274
 30
0.0
 10
139.5334120527072
 20
-87.64032194290174
 30
0.0
 10
139.5170120720456
 20
-87.58663746195319
 30
0.0
 10
139.5010237157326
 20
-87.53295298100464
 30
0.0
 10
139.4859452658811
 20
-87.47882437904815
 30
0.0
 10
139.4721883468313
 20
-87.42469577708844
 30
0.0
 10
139.4557667017312
 20
-87.35990827092587
 30
0.0
 10
139.4411215406632
 20
-87.29469830819096
 30
0.0
 10
139.4287078168591
 20
-87.22946668101562
 30
0.0
 10
139.4224901227411
 20
-87.19663422303313
 30
0.0
 10
139.4167273818477
 20
-87.16424588606243
 30
0.0
 10
139.4113979297444
 20
-87.13141342807961
 30
0.0
 10
139.4007606899726
 20
-87.06663675413404
 30
0.0
 10
139.3923332230293
 20
-87.00141595918116
 30
0.0
 10
139.38566057568
 20
-86.93708340624096
 30
0.0
 10
139.3732468518791
 20
-86.810628073191
 30
0.0
 10
139.3683723530035
 20
-86.68550510316712
 30
0.0
 10
139.3723586098644
 20
-86.56172532838727
 30
0.0
 10
139.3772547731756
 20
-86.42106895528146
 30
0.0
 10
139.392766511819
 20
-86.28264401943397
 30
0.0
 10
139.4198470611265
 20
-86.14909358246457
 30
0.0
 10
139.4344705577524
 20
-86.08076394044998
 30
0.0
 10
139.4491157188201
 20
-86.02041764437489
 30
0.0
 10
139.4690903319882
 20
-85.95963805950531
 30
0.0
 10
139.4690903319882
 20
-85.95963805950531
 30
0.0
 10
139.4837354930561
 20
-85.91438104549842
 30
0.0
 10
139.4837354930561
 20
-85.91438104549842
 30
0.0
 10
139.4837354930561
 20
-85.91438104549842
 30
0.0
 10
139.500590426943
 20
-85.87001227351126
 30
0.0
 10
139.500590426943
 20
-85.87001227351126
 30
0.0
 10
139.5107943779248
 20
-85.83984454158126
 30
0.0
 10
139.5245512969714
 20
-85.81099834045808
 30
0.0
 10
139.5369650207788
 20
-85.78171885054941
 30
0.0
 10
139.639459483799
 20
-85.54833867660709
 30
0.0
 10
139.7965266697908
 20
-85.33536640462576
 30
0.0
 10
139.9859821927485
 20
-85.14591088166584
 30
0.0
 10
140.1758926689407
 20
-84.95601123769382
 30
0.0
 10
140.3999463016992
 20
-84.78962834274354
 30
0.0
 10
140.6421980635905
 20
-84.64720631782102
 30
0.0
 10
140.7029884806799
 20
-84.61170913378828
 30
0.0
 10
140.7646454753436
 20
-84.57711102398844
 30
0.0
 10
140.8276456652561
 20
-84.54426773378798
 30
0.0
 10
140.8511732464949
 20
-84.531854009987
 30
0.0
 10
140.8747008277313
 20
-84.51987357497345
 30
0.0
 10
140.8986400333212
 20
-84.50789313995827
 30
0.0
 10
140.9195028885098
 20
-84.49723423575412
 30
0.0
 10
140.9403440792575
 20
-84.48703028477362
 30
0.0
 10
140.9612069344402
 20
-84.47682633379216
 30
0.0
 10
141.0033659336082
 20
-84.45641843183374
 30
0.0
 10
141.0459582215565
 20
-84.43689877189088
 30
0.0
 10
141.0885505095103
 20
-84.41782323296175
 30
0.0
 10
141.1959194714128
 20
-84.36990149290301
 30
0.0
 10
141.3055198705718
 20
-84.3259768419267
 30
0.0
 10
141.4168750893269
 20
-84.28560515901619
 30
0.0
 10
141.6506993842756
 20
-84.20040975088878
 30
0.0
 10
141.8916296153648
 20
-84.13119186685798
 30
0.0
 10
142.1360911500779
 20
-84.07618585510484
 30
0.0
 10
142.1711442131033
 20
-84.06819167694835
 30
0.0
 10
142.2061972761297
 20
-84.06065245201842
 30
0.0
 10
142.2412503391551
 20
-84.05354651588166
 30
0.0
 10
142.2811779010561
 20
-84.04511904893968
 30
0.0
 10
142.321560416182
 20
-84.03713570300117
 30
0.0
 10
142.3619212668723
 20
-84.02959647807155
 30
0.0
 10
142.397862571913
 20
-84.02250137415693
 30
0.0
 10
142.4338038769562
 20
-84.0162836800364
 30
0.0
 10
142.4697451819962
 20
-84.01006598591042
 30
0.0
 10
142.5416277920824
 20
-83.99765226211233
 30
0.0
 10
142.6139436909563
 20
-83.9865600691124
 30
0.0
 10
142.6867145430603
 20
-83.9767894069235
 30
0.0
 10
142.8313463408027
 20
-83.95682562597366
 30
0.0
 10
142.9768880450065
 20
-83.94130305510905
 30
0.0
 10
143.1224080847724
 20
-83.93021086211266
 30
0.0
 10
143.1680983875642
 20
-83.9266578940414
 30
0.0
 10
143.2133770660076
 20
-83.92354904698033
 30
0.0
 10
143.2590673687978
 20
-83.92132844194028
 30
0.0
 10
143.3495813968071
 20
-83.91600982205617
 30
0.0
 10
143.4400954248192
 20
-83.91290097499316
 30
0.0
 10
143.5306094528275
 20
-83.91112449096332
 30
0.0
 10
143.575866466829
 20
-83.91023624894261
 30
0.0
 10
143.6211234808368
 20
-83.90980296015358
 30
0.0
 10
143.6663804948379
 20
-83.90980296015358
 30
0.0
 10
143.6663804948379
 20
-83.90980296015358
 30
0.0
 10
143.6690235564526
 20
-83.90980296015358
 30
0.0
 10
143.6690235564526
 20
-83.90980296015358
 30
0.0
 10
143.704076619478
 20
-83.90980296015358
 30
0.0
 10
143.7391296825035
 20
-83.91023624894261
 30
0.0
 10
143.7741827455257
 20
-83.9106912021698
 30
0.0
 10
143.7843866965046
 20
-83.88850681617672
 30
0.0
 10
143.7941573586973
 20
-83.86675571897295
 30
0.0
 10
143.8047945984627
 20
-83.84457133297826
 30
0.0
 10
143.7804004396472
 20
-83.84413804418988
 30
0.0
 10
143.75598461639
 20
-83.84368309095916
 30
0.0
 10
143.7315904575722
 20
-83.84368309095916
 30
0.0
 10
143.7098610248095
 20
-83.84368309095916
 30
0.0
 10
143.6881099276029
 20
-83.84324980217399
 30
0.0
 10
143.6663804948379
 20
-83.84324980217399
 30
0.0
 10
143.4822327595381
 20
-83.84324980217399
 30
0.0
 10
143.2972184466641
 20
-83.85034490609213
 30
0.0
 10
143.1170786326665
 20
-83.86410182514037
 30
0.0
 10
142.9529271749768
 20
-83.87652638116315
 30
0.0
 10
142.7914187789056
 20
-83.89426955707198
 30
0.0
 10
142.6325751088817
 20
-83.91734218508064
 30
0.0
 10
142.5300806458605
 20
-83.93198734614604
 30
0.0
 10
142.4289293780807
 20
-83.94884228003545
 30
0.0
 10
142.3295329298971
 20
-83.96791781896972
 30
0.0
 10
142.2931583360674
 20
-83.97502375511095
 30
0.0
 10
142.256783742238
 20
-83.98211885902494
 30
0.0
 10
142.2208424371973
 20
-83.98965808395134
 30
0.0
 10
142.1849011321506
 20
-83.9972081411002
 30
0.0
 10
142.1493931159005
 20
-84.00474736602726
 30
0.0
 10
142.1134734752958
 20
-84.01317483297244
 30
0.0
 10
142.0513398629654
 20
-84.02693175201907
 30
0.0
 10
141.9901161570863
 20
-84.04202103409915
 30
0.0
 10
141.9293257399991
 20
-84.05798772596721
 30
0.0
 10
141.8854119212411
 20
-84.06863579795501
 30
0.0
 10
141.8414764380436
 20
-84.08061623297242
 30
0.0
 10
141.7984508613031
 20
-84.09304078899329
 30
0.0
 10
141.7292329772697
 20
-84.11211632792852
 30
0.0
 10
141.6609033352551
 20
-84.13296835089297
 30
0.0
 10
141.5939168884842
 20
-84.15471944809865
 30
0.0
 10
141.526453824048
 20
-84.17644888086518
 30
0.0
 10
141.4599006660684
 20
-84.19908822008836
 30
0.0
 10
141.3942574145451
 20
-84.22303825789366
 30
0.0
 10
141.359204351519
 20
-84.23546281391549
 30
0.0
 10
141.3245845772836
 20
-84.24877561195385
 30
0.0
 10
141.2904197562785
 20
-84.26208840999863
 30
0.0
 10
141.2216568254733
 20
-84.28871400607855
 30
0.0
 10
141.1537604722474
 20
-84.31666113296274
 30
0.0
 10
141.0867740254782
 20
-84.34594062287461
 30
0.0
 10
140.98648933528
 20
-84.38986527385318
 30
0.0
 10
140.8888910355708
 20
-84.43689877189088
 30
0.0
 10
140.7943690862647
 20
-84.48659699598429
 30
0.0
 10
140.730935607567
 20
-84.51987357497345
 30
0.0
 10
140.6688236596698
 20
-84.554471684772
 30
0.0
 10
140.6084881958136
 20
-84.58996886880249
 30
0.0
 10
140.4629464916082
 20
-84.67516427692733
 30
0.0
 10
140.328063691613
 20
-84.76699983574218
 30
0.0
 10
140.204728037845
 20
-84.863731557872
 30
0.0
 10
140.1501553148767
 20
-84.90676796683275
 30
0.0
 10
140.0977923647359
 20
-84.95069261781099
 30
0.0
 10
140.0476608518535
 20
-84.99594963181788
 30
0.0
 10
140.0223567865849
 20
-85.01813401780711
 30
0.0
 10
139.9979626277666
 20
-85.0412066458206
 30
0.0
 10
139.9740017577375
 20
-85.06427927382893
 30
0.0
 10
139.9624546115097
 20
-85.07580475561562
 30
0.0
 10
139.950495840934
 20
-85.08735190184274
 30
0.0
 10
139.9389486947124
 20
-85.09887738362814
 30
0.0
 10
139.7322049490715
 20
-85.30564279370626
 30
0.0
 10
139.5764592938872
 20
-85.52659841162418
 30
0.0
 10
139.4757413149051
 20
-85.75598149648538
 30
0.0
 10
139.4721883468313
 20
-85.76352072141147
 30
0.0
 10
139.4690903319882
 20
-85.77107077856033
 30
0.0
 10
139.4655373639201
 20
-85.77905412449437
 30
0.0
 10
139.4557667017312
 20
-85.80079438948047
 30
0.0
 10
139.4460177039801
 20
-85.82342289648119
 30
0.0
 10
139.438023525824
 20
-85.8473837665112
 30
0.0
 10
139.438023525824
 20
-85.8473837665112
 30
0.0
 10
139.4211685919339
 20
-85.89086429648245
 30
0.0
 10
139.4211685919339
 20
-85.89086429648245
 30
0.0
 10
139.4211685919339
 20
-85.89086429648245
 30
0.0
 10
139.4207136387055
 20
-85.89219665950597
 30
0.0
 10
139.4207136387055
 20
-85.89219665950597
 30
0.0
 10
139.4207136387055
 20
-85.89219665950597
 30
0.0
 10
139.4202803499161
 20
-85.89397314354031
 30
0.0
 10
139.4202803499161
 20
-85.89397314354031
 30
0.0
 10
139.4202803499161
 20
-85.89397314354031
 30
0.0
 10
139.4202803499161
 20
-85.8944172645489
 30
0.0
 10
139.4202803499161
 20
-85.8944172645489
 30
0.0
 10
139.4202803499161
 20
-85.8944172645489
 30
0.0
 10
139.4056351888485
 20
-85.93878603653444
 30
0.0
 10
139.4056351888485
 20
-85.93878603653444
 30
0.0
 10
139.4016489319936
 20
-85.95165471357127
 30
0.0
 10
139.3972077219081
 20
-85.96495667938846
 30
0.0
 10
139.3936547538372
 20
-85.9778253564208
 30
0.0
 10
139.3901017857691
 20
-85.99069403345186
 30
0.0
 10
139.3865704821366
 20
-86.00400683149277
 30
0.0
 10
139.3830175140708
 20
-86.01643138751204
 30
0.0
 10
139.3803527880148
 20
-86.02663533849446
 30
0.0
 10
139.3776880619652
 20
-86.03639516846316
 30
0.0
 10
139.3750233359147
 20
-86.04615499843635
 30
0.0
 10
139.3719253210748
 20
-86.06035603849124
 30
0.0
 10
139.3683723530035
 20
-86.07410212532439
 30
0.0
 10
139.3652526737219
 20
-86.08830316537608
 30
0.0
 10
139.3612664168616
 20
-86.10472481047775
 30
0.0
 10
139.3577134487965
 20
-86.12069150235062
 30
0.0
 10
139.3546154339537
 20
-86.13578078442461
 30
0.0
 10
139.3271015958569
 20
-86.2706635844217
 30
0.0
 10
139.3107016151957
 20
-86.41308560934678
 30
0.0
 10
139.3058054518784
 20
-86.55950472334402
 30
0.0
 10
139.2969230317064
 20
-86.84123992612896
 30
0.0
 10
139.3311095171528
 20
-87.13763112220111
 30
0.0
 10
139.4074116728835
 20
-87.44110658996863
 30
0.0
 10
139.4193921078954
 20
-87.48814008800954
 30
0.0
 10
139.4322607849274
 20
-87.5347294650406
 30
0.0
 10
139.4464509927698
 20
-87.58175213085906
 30
0.0
 10
139.4642158331129
 20
-87.64298666895583
 30
0.0
 10
139.4837354930561
 20
-87.70422120705388
 30
0.0
 10
139.5054649258185
 20
-87.76588903393677
 30
0.0
 10
139.5680318269439
 20
-87.9455847269267
 30
0.0
 10
139.6447889359018
 20
-88.12572454092874
 30
0.0
 10
139.7344147218961
 20
-88.30319962887316
 30
0.0
 10
139.8031776526956
 20
-88.43895983866945
 30
0.0
 10
139.8790465196427
 20
-88.57295439664647
 30
0.0
 10
139.9615880339304
 20
-88.70428422857229
 30
0.0
 10
139.9944096596953
 20
-88.75663634649668
 30
0.0
 10
140.0285744806997
 20
-88.8085551756282
 30
0.0
 10
140.0640608325148
 20
-88.86001905153412
 30
0.0
 10
140.0818256728615
 20
-88.8866446476179
 30
0.0
 10
140.1000021375587
 20
-88.91281529046583
 30
0.0
 10
140.1190885087083
 20
-88.9389967655378
 30
0.0
 10
140.1545748605241
 20
-88.9900273526544
 30
0.0
 10
140.1914044075845
 20
-89.04015886553553
 30
0.0
 10
140.2295771498886
 20
-89.0902903784141
 30
0.0
 10
140.2774772255054
 20
-89.1533014005465
 30
0.0
 10
140.3271754495984
 20
-89.21585746944817
 30
0.0
 10
140.3786501577204
 20
-89.27753612855064
 30
0.0
 10
140.4811446207445
 20
-89.4008717823219
 30
0.0
 10
140.5902900666785
 20
-89.52112025347346
 30
0.0
 10
140.705631542292
 20
-89.63869316634816
 30
0.0
 10
140.7633239445358
 20
-89.69726297839308
 30
0.0
 10
140.8227711663802
 20
-89.75538866942846
 30
0.0
 10
140.8835615834665
 20
-89.81262611844762
 30
0.0
 10
140.9780618683303
 20
-89.9009087091912
 30
0.0
 10
141.075226879253
 20
-89.98610411731701
 30
0.0
 10
141.1750566162234
 20
-90.06862396716886
 30
0.0
 10
141.2269646131382
 20
-90.11211532935839
 30
0.0
 10
141.2797825165068
 20
-90.15425266408369
 30
0.0
 10
141.3334669974553
 20
-90.19552342123029
 30
0.0
 10
141.4075593803665
 20
-90.25276087024497
 30
0.0
 10
141.4829949585181
 20
-90.30911007724504
 30
0.0
 10
141.5601853562659
 20
-90.36323867920474
 30
0.0
 10
141.2966374503968
 20
-90.20439500918086
 30
0.0
 10
141.0468464635772
 20
-90.02825228425962
 30
0.0
 10
140.8130221686292
 20
-89.83702027726088
 30
0.0
 10
140.8125672153982
 20
-89.83702027726088
 30
0.0
 10
140.8116789733836
 20
-89.83613203524467
 30
0.0
 10
140.8112456845942
 20
-89.83524379323006
 30
0.0
 10
140.4065972846107
 20
-89.50469860837147
 30
0.0
 10
140.0516471087144
 20
-89.12934053051777
 30
0.0
 10
139.76236184878
 20
-88.7220382366978
 30
0.0
 10
139.1327715740173
 20
-87.83643928099461
 30
0.0
 10
138.8559217023291
 20
-86.87319497431513
 30
0.0
 10
138.9828103241703
 20
-86.00976957238323
 30
0.0
 10
139.0955087381695
 20
-85.24440825560917
 30
0.0
 10
139.6434674050978
 20
-84.52297158981462
 30
0.0
 10
140.5255133927278
 20
-83.97945413297566
 30
0.0
 10
141.542875469149
 20
-83.35208446325429
 30
0.0
 10
142.845991501871
 20
-83.0246372932375
 30
0.0
 10
144.1916998225441
 20
-83.01843043133815
 30
0.0
 10
144.218325418624
 20
-83.01798631032635
 30
0.0
 10
144.244951014703
 20
-83.01798631032635
 30
0.0
 10
144.2715549463428
 20
-83.01843043133815
 30
0.0
 10
144.2759961564319
 20
-83.01133532742
 30
0.0
 10
144.2808706553078
 20
-83.00422939128197
 30
0.0
 10
144.2862001074079
 20
-82.9971342873603
 30
0.0
 10
144.2591412225396
 20
-82.99669016635171
 30
0.0
 10
144.2325156264603
 20
-82.99669016635171
 30
0.0
 10
144.2058900303807
 20
-82.9971342873603
 30
0.0
 10
143.9361460948286
 20
-82.9980225293794
 30
0.0
 10
143.6668137836273
 20
-83.01265685822428
 30
0.0
 10
143.3988246676681
 20
-83.04017069632425
 30
0.0
 10
142.3064603018894
 20
-83.15198086830529
 30
0.0
 10
141.3086178854104
 20
-83.4705456181529
 30
0.0
 10
140.5135329577162
 20
-83.96037859404396
 30
0.0
 10
139.6261575179803
 20
-84.50789313995827
 30
0.0
 10
139.0746458829835
 20
-85.23464842564015
 30
0.0
 10
138.9610592269643
 20
-86.00666072532505
 30
0.0
 10
138.8332823631104
 20
-86.8754047471356
 30
0.0
 10
139.1110421412552
 20
-87.84442262693283
 30
0.0
 10
139.7441637196446
 20
-88.73490691373013
 30
0.0
 10
140.0400999624889
 20
-89.15152491651087
 30
0.0
 10
140.4034992697676
 20
-89.53443305151245
 30
0.0
 10
140.81878490952
 20
-89.87074097726311
 30
0.0
 10
140.8192398627504
 20
-89.87118509827074
 30
0.0
 10
140.81967315154
 20
-89.871629219279
 30
0.0
 10
140.8205613935553
 20
-89.87207334029112
 30
0.0
 10
141.0548189772949
 20
-90.0624171052666
 30
0.0
 10
141.3059531593579
 20
-90.23767158817098
 30
0.0
 10
141.5703893072455
 20
-90.39562701617929
 30
0.0
 10
141.2988472232189
 20
-90.25896773214882
 30
0.0
 10
141.0375307546158
 20
-90.10412115120255
 30
0.0
 10
140.7881730565801
 20
-89.93108727334368
 30
0.0
 10
140.7473572526639
 20
-89.90268519323004
 30
0.0
 10
140.7069747375383
 20
-89.87384982432675
 30
0.0
 10
140.6670471756374
 20
-89.8441262134018
 30
0.0
 10
140.6022705016889
 20
-89.79709271536409
 30
0.0
 10
140.5388153585527
 20
-89.74872685429902
 30
0.0
 10
140.4767034106554
 20
-89.69903946242614
 30
0.0
 10
140.3089989849012
 20
-89.56636643525404
 30
0.0
 10
140.1505886036632
 20
-89.42660913638657
 30
0.0
 10
140.0015155958311
 20
-89.2802008546044
 30
0.0
 10
139.9118898098402
 20
-89.19278484143919
 30
0.0
 10
139.82625028071
 20
-89.10272576665645
 30
0.0
 10
139.7437304308579
 20
-89.00999113360487
 30
0.0
 10
139.7432971420685
 20
-89.00999113360487
 30
0.0
 10
139.7432971420685
 20
-89.00999113360487
 30
0.0
 10
139.7432971420685
 20
-89.00954701259693
 30
0.0
 10
139.6731910160199
 20
-88.93101341960472
 30
0.0
 10
139.605294662794
 20
-88.85070334257594
 30
0.0
 10
139.5409512776336
 20
-88.76861678150992
 30
0.0
 10
139.4784060409557
 20
-88.69053814174363
 30
0.0
 10
139.4189371546701
 20
-88.61111630673041
 30
0.0
 10
139.361721370093
 20
-88.52991798768605
 30
0.0
 10
139.2428052619691
 20
-88.36175860870046
 30
0.0
 10
139.1358695888604
 20
-88.18828060983105
 30
0.0
 10
139.0418025927827
 20
-88.01124964288849
 30
0.0
 10
139.0249476588937
 20
-87.97974954793239
 30
0.0
 10
139.0085260137904
 20
-87.94868274176724
 30
0.0
 10
138.9930142751489
 20
-87.91718264681178
 30
0.0
 10
138.9930142751489
 20
-87.91673852580384
 30
0.0
 10
138.9925593219217
 20
-87.91673852580384
 30
0.0
 10
138.9925593219217
 20
-87.91673852580384
 30
0.0
 10
138.9734946152063
 20
-87.87858744793851
 30
0.0
 10
138.9548415328425
 20
-87.84042553785426
 30
0.0
 10
138.9366650681453
 20
-87.80183033897745
 30
0.0
 10
138.9096061832767
 20
-87.74414876895452
 30
0.0
 10
138.8838688292184
 20
-87.68602307791593
 30
0.0
 10
138.859453005959
 20
-87.62789738688215
 30
0.0
 10
138.8505922502283
 20
-87.60660124290399
 30
0.0
 10
138.8417098300507
 20
-87.58530509892614
 30
0.0
 10
138.8337373163356
 20
-87.56400895495214
 30
0.0
 10
138.8248548961642
 20
-87.54271281097462
 30
0.0
 10
138.8168607180071
 20
-87.52141666700031
 30
0.0
 10
138.8088665398506
 20
-87.49967640201452
 30
0.0
 10
138.7281231740338
 20
-87.28492764599852
 30
0.0
 10
138.6668994681543
 20
-87.06930148018459
 30
0.0
 10
138.6256287110132
 20
-86.85499684517751
 30
0.0
 10
138.6172012440673
 20
-86.81196043621804
 30
0.0
 10
138.6101169723665
 20
-86.76936814826621
 30
0.0
 10
138.6034443250172
 20
-86.72676502809576
 30
0.0
 10
138.5967933421089
 20
-86.68373945135522
 30
0.0
 10
138.591030601213
 20
-86.64113633118029
 30
0.0
 10
138.5861561023375
 20
-86.59854404322974
 30
0.0
 10
138.5644050051343
 20
-86.41352973035441
 30
0.0
 10
138.5586422642442
 20
-86.22807129647018
 30
0.0
 10
138.5675246844156
 20
-86.04748736145955
 30
0.0
 10
138.5688462152202
 20
-86.02308237042705
 30
0.0
 10
138.5706226992555
 20
-85.9995656214021
 30
0.0
 10
138.5723991832915
 20
-85.97604887238485
 30
0.0
 10
138.5723991832915
 20
-85.97206261552553
 30
0.0
 10
138.5728324720805
 20
-85.96806552645049
 30
0.0
 10
138.5732874253093
 20
-85.96451255838052
 30
0.0
 10
138.5746089561158
 20
-85.94943410852385
 30
0.0
 10
138.5759304869204
 20
-85.93478894745974
 30
0.0
 10
138.5772736821661
 20
-85.9201437863937
 30
0.0
 10
138.5799384082166
 20
-85.89264078051391
 30
0.0
 10
138.5830364230591
 20
-85.86601518443688
 30
0.0
 10
138.5865893911275
 20
-85.84027783037381
 30
0.0
 10
138.5883658751631
 20
-85.82475525950855
 30
0.0
 10
138.5905756479845
 20
-85.80966597743007
 30
0.0
 10
138.5928070852486
 20
-85.79502081636755
 30
0.0
 10
138.5945835692839
 20
-85.78392862337407
 30
0.0
 10
138.5963600533196
 20
-85.7732913836039
 30
0.0
 10
138.5981148729138
 20
-85.76263247939686
 30
0.0
 10
138.5981148729138
 20
-85.76263247939686
 30
0.0
 10
138.6101169723665
 20
-85.69076070153314
 30
0.0
 10
138.6101169723665
 20
-85.69076070153314
 30
0.0
 10
138.6101169723665
 20
-85.69076070153314
 30
0.0
 10
138.6260836642388
 20
-85.61800068165033
 30
0.0
 10
138.6260836642388
 20
-85.61800068165033
 30
0.0
 10
138.6323013583606
 20
-85.5878221175001
 30
0.0
 10
138.6393856300601
 20
-85.5589867485952
 30
0.0
 10
138.647379808214
 20
-85.52880818444531
 30
0.0
 10
138.6500445342675
 20
-85.51860423346803
 30
0.0
 10
138.6527092603183
 20
-85.50840028249138
 30
0.0
 10
138.6553523219327
 20
-85.49819633151056
 30
0.0
 10
138.6553523219327
 20
-85.49819633151056
 30
0.0
 10
138.6558072751583
 20
-85.49687480070148
 30
0.0
 10
138.6558072751583
 20
-85.49687480070148
 30
0.0
 10
138.6558072751583
 20
-85.49687480070148
 30
0.0
 10
138.6606817740332
 20
-85.47778842954796
 30
0.0
 10
138.6606817740332
 20
-85.47778842954796
 30
0.0
 10
138.6788799031721
 20
-85.41256763459508
 30
0.0
 10
138.6997210939189
 20
-85.34734683964156
 30
0.0
 10
138.7232486751585
 20
-85.28257016569759
 30
0.0
 10
138.7387820782408
 20
-85.23908963572536
 30
0.0
 10
138.7556370121277
 20
-85.1960423945441
 30
0.0
 10
138.7738351412662
 20
-85.15301681780676
 30
0.0
 10
138.7915783171715
 20
-85.109969576621
 30
0.0
 10
138.8106430238859
 20
-85.06693316766122
 30
0.0
 10
138.8310509258431
 20
-85.0243408797097
 30
0.0
 10
138.9229081490983
 20
-84.83177650968679
 30
0.0
 10
139.0378163359228
 20
-84.64188769793817
 30
0.0
 10
139.1762521039892
 20
-84.45686255284136
 30
0.0
 10
139.2419170199545
 20
-84.36901325088712
 30
0.0
 10
139.3129113880206
 20
-84.28249631195705
 30
0.0
 10
139.3883469661723
 20
-84.19774502483821
 30
0.0
 10
139.4411215406632
 20
-84.13829780299953
 30
0.0
 10
139.4965825056461
 20
-84.08017211196383
 30
0.0
 10
139.5542749078934
 20
-84.02250137415693
 30
0.0
 10
139.5826769880109
 20
-83.99365517303343
 30
0.0
 10
139.6124005989266
 20
-83.96480897190833
 30
0.0
 10
139.6421242098522
 20
-83.93641772401234
 30
0.0
 10
139.6723027739995
 20
-83.90802647611861
 30
0.0
 10
139.7024596737112
 20
-83.87962439600433
 30
0.0
 10
139.7335264798761
 20
-83.85167726911597
 30
0.0
 10
139.8045208479444
 20
-83.78778883719046
 30
0.0
 10
139.878158277622
 20
-83.72522193606986
 30
0.0
 10
139.9549153865837
 20
-83.663998230192
 30
0.0
 10
139.9549153865837
 20
-83.663998230192
 30
0.0
 10
139.955370339815
 20
-83.663998230192
 30
0.0
 10
139.955370339815
 20
-83.663998230192
 30
0.0
 10
140.0933511546472
 20
-83.5539645422402
 30
0.0
 10
140.2388928588529
 20
-83.44924947417569
 30
0.0
 10
140.3906305927387
 20
-83.34986385821199
 30
0.0
 10
140.3910638815275
 20
-83.34941973720404
 30
0.0
 10
140.391518834753
 20
-83.34941973720404
 30
0.0
 10
140.391518834753
 20
-83.34941973720404
 30
0.0
 10
140.4580719927326
 20
-83.30593920723342
 30
0.0
 10
140.5259466815233
 20
-83.26334691928544
 30
0.0
 10
140.5951645655534
 20
-83.2225202831426
 30
0.0
 10
140.6834471562957
 20
-83.16927992320169
 30
0.0
 10
140.7739611843079
 20
-83.11826016830562
 30
0.0
 10
140.8662516963515
 20
-83.06945018623485
 30
0.0
 10
140.9794050635798
 20
-83.0091147223729
 30
0.0
 10
141.0956347812108
 20
-82.95143315234515
 30
0.0
 10
141.2141176005421
 20
-82.89641630837373
 30
0.0
 10
141.2811040473111
 20
-82.86536033442749
 30
0.0
 10
141.3485454473129
 20
-82.83518177027375
 30
0.0
 10
141.4173083781169
 20
-82.80590228036507
 30
0.0
 10
141.7208055103261
 20
-82.67590481146343
 30
0.0
 10
142.0398143811794
 20
-82.56365051847123
 30
0.0
 10
142.3716919290619
 20
-82.46959435461505
 30
0.0
 10
142.4502255220595
 20
-82.44695501539061
 30
0.0
 10
142.5296473570718
 20
-82.42565887141758
 30
0.0
 10
142.6095024808695
 20
-82.40525096945593
 30
0.0
 10
142.6995832200856
 20
-82.38262246245426
 30
0.0
 10
142.7905305368845
 20
-82.3613263184761
 30
0.0
 10
142.8819328069107
 20
-82.3409184165183
 30
0.0
 10
143.5208387906351
 20
-82.20203852744781
 30
0.0
 10
144.1783978567227
 20
-82.13149911260663
 30
0.0
 10
144.8350470163544
 20
-82.13149911260663
 30
0.0
 10
144.8350470163544
 20
-82.13149911260663
 30
0.0
 10
144.9046981891745
 20
-82.13149911260663
 30
0.0
 10
144.9046981891745
 20
-82.13149911260663
 30
0.0
 10
144.9046981891745
 20
-82.13149911260663
 30
0.0
 10
144.9042649003846
 20
-82.1319432336149
 30
0.0
 10
144.9042649003846
 20
-82.1319432336149
 30
0.0
 10
144.9353100421138
 20
-82.1319432336149
 30
0.0
 10
144.9663768482786
 20
-82.13238735462382
 30
0.0
 10
144.9969887012185
 20
-82.13327559663907
 30
0.0
 10
145.0187397984222
 20
-82.11109121065014
 30
0.0
 10
145.0409241844153
 20
-82.08935094566466
 30
0.0
 10
145.0631085704084
 20
-82.06804396946758
 30
0.0
 10
145.0631085704084
 20
-82.06804396946758
 30
0.0
 10
145.0635418591987
 20
-82.06761068068177
 30
0.0
 10
145.0635418591987
 20
-82.06761068068177
 30
0.0
 10
145.0395809891694
 20
-82.0671665596703
 30
0.0
 10
145.0156201191406
 20
-82.06672243866299
 30
0.0
 10
144.9916592491119
 20
-82.06627831765087
 30
0.0
 10
144.93931796341
 20
-82.06539007563467
 30
0.0
 10
144.887388302056
 20
-82.06494595462767
 30
0.0
 10
144.8350470163544
 20
-82.06494595462767
 30
0.0
  0
HATCH
  5
210
330
1F
100
AcDbEntity
  8
Capa 1
 62
   255
100
AcDbHatch
 10
0.0
 20
0.0
 30
0.0
210
0.0
220
0.0
230
1.0
  2
SOLID
 70
     1
 71
     0
 91
        1
 92
        1
 93
        1
 72
     4
 94
        3
 73
     0
 74
     1
 95
      587
 96
      583
 40
0.0
 40
0.0
 40
0.0
 40
0.0
 40
1.0
 40
1.0
 40
1.0
 40
2.0
 40
2.0
 40
2.0
 40
3.0
 40
3.0
 40
3.0
 40
4.0
 40
4.0
 40
4.0
 40
5.0
 40
5.0
 40
5.0
 40
6.0
 40
6.0
 40
6.0
 40
7.0
 40
7.0
 40
7.0
 40
8.0
 40
8.0
 40
8.0
 40
9.0
 40
9.0
 40
9.0
 40
10.0
 40
10.0
 40
10.0
 40
11.0
 40
11.0
 40
11.0
 40
12.0
 40
12.0
 40
12.0
 40
13.0
 40
13.0
 40
13.0
 40
14.0
 40
14.0
 40
14.0
 40
15.0
 40
15.0
 40
15.0
 40
16.0
 40
16.0
 40
16.0
 40
17.0
 40
17.0
 40
17.0
 40
18.0
 40
18.0
 40
18.0
 40
19.0
 40
19.0
 40
19.0
 40
20.0
 40
20.0
 40
20.0
 40
21.0
 40
21.0
 40
21.0
 40
22.0
 40
22.0
 40
22.0
 40
23.0
 40
23.0
 40
23.0
 40
24.0
 40
24.0
 40
24.0
 40
25.0
 40
25.0
 40
25.0
 40
26.0
 40
26.0
 40
26.0
 40
27.0
 40
27.0
 40
27.0
 40
28.0
 40
28.0
 40
28.0
 40
29.0
 40
29.0
 40
29.0
 40
30.0
 40
30.0
 40
30.0
 40
31.0
 40
31.0
 40
31.0
 40
32.0
 40
32.0
 40
32.0
 40
33.0
 40
33.0
 40
33.0
 40
34.0
 40
34.0
 40
34.0
 40
35.0
 40
35.0
 40
35.0
 40
36.0
 40
36.0
 40
36.0
 40
37.0
 40
37.0
 40
37.0
 40
38.0
 40
38.0
 40
38.0
 40
39.0
 40
39.0
 40
39.0
 40
40.0
 40
40.0
 40
40.0
 40
41.0
 40
41.0
 40
41.0
 40
42.0
 40
42.0
 40
42.0
 40
43.0
 40
43.0
 40
43.0
 40
44.0
 40
44.0
 40
44.0
 40
45.0
 40
45.0
 40
45.0
 40
46.0
 40
46.0
 40
46.0
 40
47.0
 40
47.0
 40
47.0
 40
48.0
 40
48.0
 40
48.0
 40
49.0
 40
49.0
 40
49.0
 40
50.0
 40
50.0
 40
50.0
 40
51.0
 40
51.0
 40
51.0
 40
52.0
 40
52.0
 40
52.0
 40
53.0
 40
53.0
 40
53.0
 40
54.0
 40
54.0
 40
54.0
 40
55.0
 40
55.0
 40
55.0
 40
56.0
 40
56.0
 40
56.0
 40
57.0
 40
57.0
 40
57.0
 40
58.0
 40
58.0
 40
58.0
 40
59.0
 40
59.0
 40
59.0
 40
60.0
 40
60.0
 40
60.0
 40
61.0
 40
61.0
 40
61.0
 40
62.0
 40
62.0
 40
62.0
 40
63.0
 40
63.0
 40
63.0
 40
64.0
 40
64.0
 40
64.0
 40
65.0
 40
65.0
 40
65.0
 40
66.0
 40
66.0
 40
66.0
 40
67.0
 40
67.0
 40
67.0
 40
68.0
 40
68.0
 40
68.0
 40
69.0
 40
69.0
 40
69.0
 40
70.0
 40
70.0
 40
70.0
 40
71.0
 40
71.0
 40
71.0
 40
72.0
 40
72.0
 40
72.0
 40
73.0
 40
73.0
 40
73.0
 40
74.0
 40
74.0
 40
74.0
 40
75.0
 40
75.0
 40
75.0
 40
76.0
 40
76.0
 40
76.0
 40
77.0
 40
77.0
 40
77.0
 40
78.0
 40
78.0
 40
78.0
 40
79.0
 40
79.0
 40
79.0
 40
80.0
 40
80.0
 40
80.0
 40
81.0
 40
81.0
 40
81.0
 40
82.0
 40
82.0
 40
82.0
 40
83.0
 40
83.0
 40
83.0
 40
84.0
 40
84.0
 40
84.0
 40
85.0
 40
85.0
 40
85.0
 40
86.0
 40
86.0
 40
86.0
 40
87.0
 40
87.0
 40
87.0
 40
88.0
 40
88.0
 40
88.0
 40
89.0
 40
89.0
 40
89.0
 40
90.0
 40
90.0
 40
90.0
 40
91.0
 40
91.0
 40
91.0
 40
92.0
 40
92.0
 40
92.0
 40
93.0
 40
93.0
 40
93.0
 40
94.0
 40
94.0
 40
94.0
 40
95.0
 40
95.0
 40
95.0
 40
96.0
 40
96.0
 40
96.0
 40
97.0
 40
97.0
 40
97.0
 40
98.0
 40
98.0
 40
98.0
 40
99.0
 40
99.0
 40
99.0
 40
100.0
 40
100.0
 40
100.0
 40
101.0
 40
101.0
 40
101.0
 40
102.0
 40
102.0
 40
102.0
 40
103.0
 40
103.0
 40
103.0
 40
104.0
 40
104.0
 40
104.0
 40
105.0
 40
105.0
 40
105.0
 40
106.0
 40
106.0
 40
106.0
 40
107.0
 40
107.0
 40
107.0
 40
108.0
 40
108.0
 40
108.0
 40
109.0
 40
109.0
 40
109.0
 40
110.0
 40
110.0
 40
110.0
 40
111.0
 40
111.0
 40
111.0
 40
112.0
 40
112.0
 40
112.0
 40
113.0
 40
113.0
 40
113.0
 40
114.0
 40
114.0
 40
114.0
 40
115.0
 40
115.0
 40
115.0
 40
116.0
 40
116.0
 40
116.0
 40
117.0
 40
117.0
 40
117.0
 40
118.0
 40
118.0
 40
118.0
 40
119.0
 40
119.0
 40
119.0
 40
120.0
 40
120.0
 40
120.0
 40
121.0
 40
121.0
 40
121.0
 40
122.0
 40
122.0
 40
122.0
 40
123.0
 40
123.0
 40
123.0
 40
124.0
 40
124.0
 40
124.0
 40
125.0
 40
125.0
 40
125.0
 40
126.0
 40
126.0
 40
126.0
 40
127.0
 40
127.0
 40
127.0
 40
128.0
 40
128.0
 40
128.0
 40
129.0
 40
129.0
 40
129.0
 40
130.0
 40
130.0
 40
130.0
 40
131.0
 40
131.0
 40
131.0
 40
132.0
 40
132.0
 40
132.0
 40
133.0
 40
133.0
 40
133.0
 40
134.0
 40
134.0
 40
134.0
 40
135.0
 40
135.0
 40
135.0
 40
136.0
 40
136.0
 40
136.0
 40
137.0
 40
137.0
 40
137.0
 40
138.0
 40
138.0
 40
138.0
 40
139.0
 40
139.0
 40
139.0
 40
140.0
 40
140.0
 40
140.0
 40
141.0
 40
141.0
 40
141.0
 40
142.0
 40
142.0
 40
142.0
 40
143.0
 40
143.0
 40
143.0
 40
144.0
 40
144.0
 40
144.0
 40
145.0
 40
145.0
 40
145.0
 40
146.0
 40
146.0
 40
146.0
 40
147.0
 40
147.0
 40
147.0
 40
148.0
 40
148.0
 40
148.0
 40
149.0
 40
149.0
 40
149.0
 40
150.0
 40
150.0
 40
150.0
 40
151.0
 40
151.0
 40
151.0
 40
152.0
 40
152.0
 40
152.0
 40
153.0
 40
153.0
 40
153.0
 40
154.0
 40
154.0
 40
154.0
 40
155.0
 40
155.0
 40
155.0
 40
156.0
 40
156.0
 40
156.0
 40
157.0
 40
157.0
 40
157.0
 40
158.0
 40
158.0
 40
158.0
 40
159.0
 40
159.0
 40
159.0
 40
160.0
 40
160.0
 40
160.0
 40
161.0
 40
161.0
 40
161.0
 40
162.0
 40
162.0
 40
162.0
 40
163.0
 40
163.0
 40
163.0
 40
164.0
 40
164.0
 40
164.0
 40
165.0
 40
165.0
 40
165.0
 40
166.0
 40
166.0
 40
166.0
 40
167.0
 40
167.0
 40
167.0
 40
168.0
 40
168.0
 40
168.0
 40
169.0
 40
169.0
 40
169.0
 40
170.0
 40
170.0
 40
170.0
 40
171.0
 40
171.0
 40
171.0
 40
172.0
 40
172.0
 40
172.0
 40
173.0
 40
173.0
 40
173.0
 40
174.0
 40
174.0
 40
174.0
 40
175.0
 40
175.0
 40
175.0
 40
176.0
 40
176.0
 40
176.0
 40
177.0
 40
177.0
 40
177.0
 40
178.0
 40
178.0
 40
178.0
 40
179.0
 40
179.0
 40
179.0
 40
180.0
 40
180.0
 40
180.0
 40
181.0
 40
181.0
 40
181.0
 40
182.0
 40
182.0
 40
182.0
 40
183.0
 40
183.0
 40
183.0
 40
184.0
 40
184.0
 40
184.0
 40
185.0
 40
185.0
 40
185.0
 40
186.0
 40
186.0
 40
186.0
 40
187.0
 40
187.0
 40
187.0
 40
188.0
 40
188.0
 40
188.0
 40
189.0
 40
189.0
 40
189.0
 40
190.0
 40
190.0
 40
190.0
 40
191.0
 40
191.0
 40
191.0
 40
192.0
 40
192.0
 40
192.0
 40
193.0
 40
193.0
 40
193.0
 40
194.0
 40
194.0
 40
194.0
 40
194.0
 10
144.8350470163544
 20
-82.06494595462767
 10
144.1708369673559
 20
-82.06494595462767
 10
143.5106348396559
 20
-82.13594032269347
 10
142.8677425990747
 20
-82.27569762156479
 10
142.7798716326778
 20
-82.29521728150733
 10
142.6920439951605
 20
-82.3156251834664
 10
142.6050829352224
 20
-82.33780956945917
 10
142.5176669220569
 20
-82.35954983444496
 10
142.430705862116
 20
-82.38306658346188
 10
142.3437448021751
 20
-82.40791569550714
 10
142.2572170310267
 20
-82.43232068654285
 10
142.1707109243146
 20
-82.458502161619
 10
142.0850713951812
 20
-82.48600516749525
 10
141.9564062893072
 20
-82.5272650924194
 10
141.8281744722219
 20
-82.57163386440622
 10
141.7017191391697
 20
-82.61955560446431
 10
141.6595601400085
 20
-82.63552229633623
 10
141.6174228052819
 20
-82.65149982042708
 10
141.5752638061207
 20
-82.6683655865367
 10
141.3236963352658
 20
-82.76819532350737
 10
141.0761151212676
 20
-82.88221526831467
 10
140.8352065546226
 20
-83.01044708539962
 10
140.6741314473346
 20
-83.09607578231477
 10
140.5166309725564
 20
-83.18835546213691
 10
140.3626834658488
 20
-83.28864015233768
 10
140.3240774347585
 20
-83.3134784321624
 10
140.2859046924486
 20
-83.33921578622643
 10
140.2477536145865
 20
-83.36495314028726
 10
140.2100358255073
 20
-83.39112378313646
 10
140.1718847476423
 20
-83.41730525821326
 10
140.1346219117941
 20
-83.44436414307674
 10
140.0600745756609
 20
-83.49850357725536
 10
139.9864154815385
 20
-83.5539645422402
 10
139.9136662938784
 20
-83.61209023327845
 10
139.6239260807165
 20
-83.84368309095916
 10
139.3532939031462
 20
-84.10946243409592
 10
139.1230009118281
 20
-84.41693499094072
 10
138.9650671482631
 20
-84.62857489989469
 10
138.8257431381788
 20
-84.86062271080996
 10
138.7196957070873
 20
-85.109969576621
 10
138.7121564821615
 20
-85.1272794637392
 10
138.7050505460261
 20
-85.14413439763021
 10
138.6983995631088
 20
-85.16144428474907
 10
138.6846426440622
 20
-85.19560910575764
 10
138.6713406782402
 20
-85.2306621687805
 10
138.6589052900007
 20
-85.2652602785781
 10
138.6527092603183
 20
-85.28301428670554
 10
138.6464915661972
 20
-85.3003133416045
 10
138.640728825307
 20
-85.31805651751172
 10
138.6247404689928
 20
-85.36509001554654
 10
138.6101169723665
 20
-85.41212351358746
 10
138.5967933421089
 20
-85.46004525364427
 10
138.5839246650772
 20
-85.50840028249138
 10
138.5706226992555
 20
-85.55587790153318
 10
138.5608520370637
 20
-85.60513200461766
 10
138.5608520370637
 20
-85.60513200461766
 10
138.5448853451938
 20
-85.67789202449663
 10
138.5448853451938
 20
-85.67789202449663
 10
138.5448853451938
 20
-85.67789202449663
 10
138.5324716213905
 20
-85.7515402863995
 10
138.5324716213905
 20
-85.7515402863995
 10
138.5196029443579
 20
-85.82519938051713
 10
138.5116087662043
 20
-85.90018000544289
 10
138.5058460253109
 20
-85.97295085754591
 10
138.5040695412756
 20
-85.99691172757431
 10
138.5027263460296
 20
-86.0208617653793
 10
138.5014048152247
 20
-86.04393439338892
 10
138.5000616199759
 20
-86.07144823148826
 10
138.4987400891719
 20
-86.09895123736868
 10
138.4978518471541
 20
-86.12646507546354
 10
138.4938655902974
 20
-86.28840676032891
 10
138.5018381040115
 20
-86.4485827933763
 10
138.5200362331472
 20
-86.6060941003773
 10
138.5630834743298
 20
-86.9743462420949
 10
138.662458258071
 20
-87.32531016113117
 10
138.7982293000843
 20
-87.65319061993696
 10
138.9353218729028
 20
-87.98107107874115
 10
139.1083557507633
 20
-88.28633386276323
 10
139.3075819359134
 20
-88.56806906554816
 10
139.7055793529919
 20
-89.13244937757692
 10
140.203384842599
 20
-89.60408422433356
 10
140.7504552675038
 20
-89.9856599963094
 10
141.256254935268
 20
-90.33661308312513
 10
141.8059900862288
 20
-90.61037577219561
 10
142.37613313915
 20
-90.8055940360495
 10
142.4244881679948
 20
-90.82244896993859
 10
142.4728431968419
 20
-90.83842649402943
 10
142.5216531789121
 20
-90.85394906489309
 10
142.4755079228928
 20
-90.83176467889935
 10
142.4298176200947
 20
-90.80869205088683
 10
142.3845606060939
 20
-90.78518613409236
 10
142.3841056528654
 20
-90.78474201308474
 10
142.3836723640735
 20
-90.78474201308474
 10
142.383239075287
 20
-90.78474201308474
 10
142.3823291688275
 20
-90.78429789207294
 10
142.3818958800439
 20
-90.78385377106436
 10
142.3810076380236
 20
-90.78340965005705
 10
142.3552702839586
 20
-90.77009685201388
 10
142.329099641111
 20
-90.75633993296886
 10
142.3038172402773
 20
-90.7430271349257
 10
142.2319346301912
 20
-90.70443193605274
 10
142.1609402621286
 20
-90.66494849516293
 10
142.0908341360771
 20
-90.62456598003222
 10
141.7043838652267
 20
-90.40005739404366
 10
141.3441042372264
 20
-90.13873009321875
 10
141.0175561414448
 20
-89.84501445542153
 10
140.9980364815019
 20
-89.82726044729635
 10
140.978516821562
 20
-89.80951727138816
 10
140.9594304504053
 20
-89.79176326325783
 10
140.9492264994293
 20
-89.78244755429677
 10
140.9394775016785
 20
-89.77313184533568
 10
140.9292518862615
 20
-89.7638161363775
 10
140.9004165173569
 20
-89.73630229827526
 10
140.8715811484523
 20
-89.70879929239806
 10
140.8431790683377
 20
-89.68128545430353
 10
140.8143436994338
 20
-89.6533383274142
 10
140.7863965725441
 20
-89.62538036830787
 10
140.7584494456609
 20
-89.59698912041125
 10
140.7305023187803
 20
-89.56859787251943
 10
140.7029884806799
 20
-89.54019579240548
 10
140.6759079313703
 20
-89.51136042350412
 10
140.6213352084017
 20
-89.45367885347412
 10
140.5681056806822
 20
-89.39510904142695
 10
140.516197683767
 20
-89.3356618195889
 10
140.2308986806929
 20
-89.00821464956893
 10
139.9850939507336
 20
-88.65104386863072
 10
139.7938619437342
 20
-88.27302106472743
 10
139.7069008837965
 20
-88.10131954988918
 10
139.6319202588733
 20
-87.92561011376083
 10
139.5693533577508
 20
-87.74724678379152
 10
139.5507219398257
 20
-87.69401725607274
 10
139.5334120527072
 20
-87.64032194290174
 10
139.5170120720456
 20
-87.58663746195319
 10
139.5010237157326
 20
-87.53295298100464
 10
139.4859452658811
 20
-87.47882437904815
 10
139.4721883468313
 20
-87.42469577708844
 10
139.4557667017312
 20
-87.35990827092587
 10
139.4411215406632
 20
-87.29469830819096
 10
139.4287078168591
 20
-87.22946668101562
 10
139.4224901227411
 20
-87.19663422303313
 10
139.4167273818477
 20
-87.16424588606243
 10
139.4113979297444
 20
-87.13141342807961
 10
139.4007606899726
 20
-87.06663675413404
 10
139.3923332230293
 20
-87.00141595918116
 10
139.38566057568
 20
-86.93708340624096
 10
139.3732468518791
 20
-86.810628073191
 10
139.3683723530035
 20
-86.68550510316712
 10
139.3723586098644
 20
-86.56172532838727
 10
139.3772547731756
 20
-86.42106895528146
 10
139.392766511819
 20
-86.28264401943397
 10
139.4198470611265
 20
-86.14909358246457
 10
139.4344705577524
 20
-86.08076394044998
 10
139.4491157188201
 20
-86.02041764437489
 10
139.4690903319882
 20
-85.95963805950531
 10
139.4690903319882
 20
-85.95963805950531
 10
139.4837354930561
 20
-85.91438104549842
 10
139.4837354930561
 20
-85.91438104549842
 10
139.4837354930561
 20
-85.91438104549842
 10
139.500590426943
 20
-85.87001227351126
 10
139.500590426943
 20
-85.87001227351126
 10
139.5107943779248
 20
-85.83984454158126
 10
139.5245512969714
 20
-85.81099834045808
 10
139.5369650207788
 20
-85.78171885054941
 10
139.639459483799
 20
-85.54833867660709
 10
139.7965266697908
 20
-85.33536640462576
 10
139.9859821927485
 20
-85.14591088166584
 10
140.1758926689407
 20
-84.95601123769382
 10
140.3999463016992
 20
-84.78962834274354
 10
140.6421980635905
 20
-84.64720631782102
 10
140.7029884806799
 20
-84.61170913378828
 10
140.7646454753436
 20
-84.57711102398844
 10
140.8276456652561
 20
-84.54426773378798
 10
140.8511732464949
 20
-84.531854009987
 10
140.8747008277313
 20
-84.51987357497345
 10
140.8986400333212
 20
-84.50789313995827
 10
140.9195028885098
 20
-84.49723423575412
 10
140.9403440792575
 20
-84.48703028477362
 10
140.9612069344402
 20
-84.47682633379216
 10
141.0033659336082
 20
-84.45641843183374
 10
141.0459582215565
 20
-84.43689877189088
 10
141.0885505095103
 20
-84.41782323296175
 10
141.1959194714128
 20
-84.36990149290301
 10
141.3055198705718
 20
-84.3259768419267
 10
141.4168750893269
 20
-84.28560515901619
 10
141.6506993842756
 20
-84.20040975088878
 10
141.8916296153648
 20
-84.13119186685798
 10
142.1360911500779
 20
-84.07618585510484
 10
142.1711442131033
 20
-84.06819167694835
 10
142.2061972761297
 20
-84.06065245201842
 10
142.2412503391551
 20
-84.05354651588166
 10
142.2811779010561
 20
-84.04511904893968
 10
142.321560416182
 20
-84.03713570300117
 10
142.3619212668723
 20
-84.02959647807155
 10
142.397862571913
 20
-84.02250137415693
 10
142.4338038769562
 20
-84.0162836800364
 10
142.4697451819962
 20
-84.01006598591042
 10
142.5416277920824
 20
-83.99765226211233
 10
142.6139436909563
 20
-83.9865600691124
 10
142.6867145430603
 20
-83.9767894069235
 10
142.8313463408027
 20
-83.95682562597366
 10
142.9768880450065
 20
-83.94130305510905
 10
143.1224080847724
 20
-83.93021086211266
 10
143.1680983875642
 20
-83.9266578940414
 10
143.2133770660076
 20
-83.92354904698033
 10
143.2590673687978
 20
-83.92132844194028
 10
143.3495813968071
 20
-83.91600982205617
 10
143.4400954248192
 20
-83.91290097499316
 10
143.5306094528275
 20
-83.91112449096332
 10
143.575866466829
 20
-83.91023624894261
 10
143.6211234808368
 20
-83.90980296015358
 10
143.6663804948379
 20
-83.90980296015358
 10
143.6663804948379
 20
-83.90980296015358
 10
143.6690235564526
 20
-83.90980296015358
 10
143.6690235564526
 20
-83.90980296015358
 10
143.704076619478
 20
-83.90980296015358
 10
143.7391296825035
 20
-83.91023624894261
 10
143.7741827455257
 20
-83.9106912021698
 10
143.7843866965046
 20
-83.88850681617672
 10
143.7941573586973
 20
-83.86675571897295
 10
143.8047945984627
 20
-83.84457133297826
 10
143.7804004396472
 20
-83.84413804418988
 10
143.75598461639
 20
-83.84368309095916
 10
143.7315904575722
 20
-83.84368309095916
 10
143.7098610248095
 20
-83.84368309095916
 10
143.6881099276029
 20
-83.84324980217399
 10
143.6663804948379
 20
-83.84324980217399
 10
143.4822327595381
 20
-83.84324980217399
 10
143.2972184466641
 20
-83.85034490609213
 10
143.1170786326665
 20
-83.86410182514037
 10
142.9529271749768
 20
-83.87652638116315
 10
142.7914187789056
 20
-83.89426955707198
 10
142.6325751088817
 20
-83.91734218508064
 10
142.5300806458605
 20
-83.93198734614604
 10
142.4289293780807
 20
-83.94884228003545
 10
142.3295329298971
 20
-83.96791781896972
 10
142.2931583360674
 20
-83.97502375511095
 10
142.256783742238
 20
-83.98211885902494
 10
142.2208424371973
 20
-83.98965808395134
 10
142.1849011321506
 20
-83.9972081411002
 10
142.1493931159005
 20
-84.00474736602726
 10
142.1134734752958
 20
-84.01317483297244
 10
142.0513398629654
 20
-84.02693175201907
 10
141.9901161570863
 20
-84.04202103409915
 10
141.9293257399991
 20
-84.05798772596721
 10
141.8854119212411
 20
-84.06863579795501
 10
141.8414764380436
 20
-84.08061623297242
 10
141.7984508613031
 20
-84.09304078899329
 10
141.7292329772697
 20
-84.11211632792852
 10
141.6609033352551
 20
-84.13296835089297
 10
141.5939168884842
 20
-84.15471944809865
 10
141.526453824048
 20
-84.17644888086518
 10
141.4599006660684
 20
-84.19908822008836
 10
141.3942574145451
 20
-84.22303825789366
 10
141.359204351519
 20
-84.23546281391549
 10
141.3245845772836
 20
-84.24877561195385
 10
141.2904197562785
 20
-84.26208840999863
 10
141.2216568254733
 20
-84.28871400607855
 10
141.1537604722474
 20
-84.31666113296274
 10
141.0867740254782
 20
-84.34594062287461
 10
140.98648933528
 20
-84.38986527385318
 10
140.8888910355708
 20
-84.43689877189088
 10
140.7943690862647
 20
-84.48659699598429
 10
140.730935607567
 20
-84.51987357497345
 10
140.6688236596698
 20
-84.554471684772
 10
140.6084881958136
 20
-84.58996886880249
 10
140.4629464916082
 20
-84.67516427692733
 10
140.328063691613
 20
-84.76699983574218
 10
140.204728037845
 20
-84.863731557872
 10
140.1501553148767
 20
-84.90676796683275
 10
140.0977923647359
 20
-84.95069261781099
 10
140.0476608518535
 20
-84.99594963181788
 10
140.0223567865849
 20
-85.01813401780711
 10
139.9979626277666
 20
-85.0412066458206
 10
139.9740017577375
 20
-85.06427927382893
 10
139.9624546115097
 20
-85.07580475561562
 10
139.950495840934
 20
-85.08735190184274
 10
139.9389486947124
 20
-85.09887738362814
 10
139.7322049490715
 20
-85.30564279370626
 10
139.5764592938872
 20
-85.52659841162418
 10
139.4757413149051
 20
-85.75598149648538
 10
139.4721883468313
 20
-85.76352072141147
 10
139.4690903319882
 20
-85.77107077856033
 10
139.4655373639201
 20
-85.77905412449437
 10
139.4557667017312
 20
-85.80079438948047
 10
139.4460177039801
 20
-85.82342289648119
 10
139.438023525824
 20
-85.8473837665112
 10
139.438023525824
 20
-85.8473837665112
 10
139.4211685919339
 20
-85.89086429648245
 10
139.4211685919339
 20
-85.89086429648245
 10
139.4211685919339
 20
-85.89086429648245
 10
139.4207136387055
 20
-85.89219665950597
 10
139.4207136387055
 20
-85.89219665950597
 10
139.4207136387055
 20
-85.89219665950597
 10
139.4202803499161
 20
-85.89397314354031
 10
139.4202803499161
 20
-85.89397314354031
 10
139.4202803499161
 20
-85.89397314354031
 10
139.4202803499161
 20
-85.8944172645489
 10
139.4202803499161
 20
-85.8944172645489
 10
139.4202803499161
 20
-85.8944172645489
 10
139.4056351888485
 20
-85.93878603653444
 10
139.4056351888485
 20
-85.93878603653444
 10
139.4016489319936
 20
-85.95165471357127
 10
139.3972077219081
 20
-85.96495667938846
 10
139.3936547538372
 20
-85.9778253564208
 10
139.3901017857691
 20
-85.99069403345186
 10
139.3865704821366
 20
-86.00400683149277
 10
139.3830175140708
 20
-86.01643138751204
 10
139.3803527880148
 20
-86.02663533849446
 10
139.3776880619652
 20
-86.03639516846316
 10
139.3750233359147
 20
-86.04615499843635
 10
139.3719253210748
 20
-86.06035603849124
 10
139.3683723530035
 20
-86.07410212532439
 10
139.3652526737219
 20
-86.08830316537608
 10
139.3612664168616
 20
-86.10472481047775
 10
139.3577134487965
 20
-86.12069150235062
 10
139.3546154339537
 20
-86.13578078442461
 10
139.3271015958569
 20
-86.2706635844217
 10
139.3107016151957
 20
-86.41308560934678
 10
139.3058054518784
 20
-86.55950472334402
 10
139.2969230317064
 20
-86.84123992612896
 10
139.3311095171528
 20
-87.13763112220111
 10
139.4074116728835
 20
-87.44110658996863
 10
139.4193921078954
 20
-87.48814008800954
 10
139.4322607849274
 20
-87.5347294650406
 10
139.4464509927698
 20
-87.58175213085906
 10
139.4642158331129
 20
-87.64298666895583
 10
139.4837354930561
 20
-87.70422120705388
 10
139.5054649258185
 20
-87.76588903393677
 10
139.5680318269439
 20
-87.9455847269267
 10
139.6447889359018
 20
-88.12572454092874
 10
139.7344147218961
 20
-88.30319962887316
 10
139.8031776526956
 20
-88.43895983866945
 10
139.8790465196427
 20
-88.57295439664647
 10
139.9615880339304
 20
-88.70428422857229
 10
139.9944096596953
 20
-88.75663634649668
 10
140.0285744806997
 20
-88.8085551756282
 10
140.0640608325148
 20
-88.86001905153412
 10
140.0818256728615
 20
-88.8866446476179
 10
140.1000021375587
 20
-88.91281529046583
 10
140.1190885087083
 20
-88.9389967655378
 10
140.1545748605241
 20
-88.9900273526544
 10
140.1914044075845
 20
-89.04015886553553
 10
140.2295771498886
 20
-89.0902903784141
 10
140.2774772255054
 20
-89.1533014005465
 10
140.3271754495984
 20
-89.21585746944817
 10
140.3786501577204
 20
-89.27753612855064
 10
140.4811446207445
 20
-89.4008717823219
 10
140.5902900666785
 20
-89.52112025347346
 10
140.705631542292
 20
-89.63869316634816
 10
140.7633239445358
 20
-89.69726297839308
 10
140.8227711663802
 20
-89.75538866942846
 10
140.8835615834665
 20
-89.81262611844762
 10
140.9780618683303
 20
-89.9009087091912
 10
141.075226879253
 20
-89.98610411731701
 10
141.1750566162234
 20
-90.06862396716886
 10
141.2269646131382
 20
-90.11211532935839
 10
141.2797825165068
 20
-90.15425266408369
 10
141.3334669974553
 20
-90.19552342123029
 10
141.4075593803665
 20
-90.25276087024497
 10
141.4829949585181
 20
-90.30911007724504
 10
141.5601853562659
 20
-90.36323867920474
 10
141.2966374503968
 20
-90.20439500918086
 10
141.0468464635772
 20
-90.02825228425962
 10
140.8130221686292
 20
-89.83702027726088
 10
140.8125672153982
 20
-89.83702027726088
 10
140.8116789733836
 20
-89.83613203524467
 10
140.8112456845942
 20
-89.83524379323006
 10
140.4065972846107
 20
-89.50469860837147
 10
140.0516471087144
 20
-89.12934053051777
 10
139.76236184878
 20
-88.7220382366978
 10
139.1327715740173
 20
-87.83643928099461
 10
138.8559217023291
 20
-86.87319497431513
 10
138.9828103241703
 20
-86.00976957238323
 10
139.0955087381695
 20
-85.24440825560917
 10
139.6434674050978
 20
-84.52297158981462
 10
140.5255133927278
 20
-83.97945413297566
 10
141.542875469149
 20
-83.35208446325429
 10
142.845991501871
 20
-83.0246372932375
 10
144.1916998225441
 20
-83.01843043133815
 10
144.218325418624
 20
-83.01798631032635
 10
144.244951014703
 20
-83.01798631032635
 10
144.2715549463428
 20
-83.01843043133815
 10
144.2759961564319
 20
-83.01133532742
 10
144.2808706553078
 20
-83.00422939128197
 10
144.2862001074079
 20
-82.9971342873603
 10
144.2591412225396
 20
-82.99669016635171
 10
144.2325156264603
 20
-82.99669016635171
 10
144.2058900303807
 20
-82.9971342873603
 10
143.9361460948286
 20
-82.9980225293794
 10
143.6668137836273
 20
-83.01265685822428
 10
143.3988246676681
 20
-83.04017069632425
 10
142.3064603018894
 20
-83.15198086830529
 10
141.3086178854104
 20
-83.4705456181529
 10
140.5135329577162
 20
-83.96037859404396
 10
139.6261575179803
 20
-84.50789313995827
 10
139.0746458829835
 20
-85.23464842564015
 10
138.9610592269643
 20
-86.00666072532505
 10
138.8332823631104
 20
-86.8754047471356
 10
139.1110421412552
 20
-87.84442262693283
 10
139.7441637196446
 20
-88.73490691373013
 10
140.0400999624889
 20
-89.15152491651087
 10
140.4034992697676
 20
-89.53443305151245
 10
140.81878490952
 20
-89.87074097726311
 10
140.8192398627504
 20
-89.87118509827074
 10
140.81967315154
 20
-89.871629219279
 10
140.8205613935553
 20
-89.87207334029112
 10
141.0548189772949
 20
-90.0624171052666
 10
141.3059531593579
 20
-90.23767158817098
 10
141.5703893072455
 20
-90.39562701617929
 10
141.2988472232189
 20
-90.25896773214882
 10
141.0375307546158
 20
-90.10412115120255
 10
140.7881730565801
 20
-89.93108727334368
 10
140.7473572526639
 20
-89.90268519323004
 10
140.7069747375383
 20
-89.87384982432675
 10
140.6670471756374
 20
-89.8441262134018
 10
140.6022705016889
 20
-89.79709271536409
 10
140.5388153585527
 20
-89.74872685429902
 10
140.4767034106554
 20
-89.69903946242614
 10
140.3089989849012
 20
-89.56636643525404
 10
140.1505886036632
 20
-89.42660913638657
 10
140.0015155958311
 20
-89.2802008546044
 10
139.9118898098402
 20
-89.19278484143919
 10
139.82625028071
 20
-89.10272576665645
 10
139.7437304308579
 20
-89.00999113360487
 10
139.7432971420685
 20
-89.00999113360487
 10
139.7432971420685
 20
-89.00999113360487
 10
139.7432971420685
 20
-89.00954701259693
 10
139.6731910160199
 20
-88.93101341960472
 10
139.605294662794
 20
-88.85070334257594
 10
139.5409512776336
 20
-88.76861678150992
 10
139.4784060409557
 20
-88.69053814174363
 10
139.4189371546701
 20
-88.61111630673041
 10
139.361721370093
 20
-88.52991798768605
 10
139.2428052619691
 20
-88.36175860870046
 10
139.1358695888604
 20
-88.18828060983105
 10
139.0418025927827
 20
-88.01124964288849
 10
139.0249476588937
 20
-87.97974954793239
 10
139.0085260137904
 20
-87.94868274176724
 10
138.9930142751489
 20
-87.91718264681178
 10
138.9930142751489
 20
-87.91673852580384
 10
138.9925593219217
 20
-87.91673852580384
 10
138.9925593219217
 20
-87.91673852580384
 10
138.9734946152063
 20
-87.87858744793851
 10
138.9548415328425
 20
-87.84042553785426
 10
138.9366650681453
 20
-87.80183033897745
 10
138.9096061832767
 20
-87.74414876895452
 10
138.8838688292184
 20
-87.68602307791593
 10
138.859453005959
 20
-87.62789738688215
 10
138.8505922502283
 20
-87.60660124290399
 10
138.8417098300507
 20
-87.58530509892614
 10
138.8337373163356
 20
-87.56400895495214
 10
138.8248548961642
 20
-87.54271281097462
 10
138.8168607180071
 20
-87.52141666700031
 10
138.8088665398506
 20
-87.49967640201452
 10
138.7281231740338
 20
-87.28492764599852
 10
138.6668994681543
 20
-87.06930148018459
 10
138.6256287110132
 20
-86.85499684517751
 10
138.6172012440673
 20
-86.81196043621804
 10
138.6101169723665
 20
-86.76936814826621
 10
138.6034443250172
 20
-86.72676502809576
 10
138.5967933421089
 20
-86.68373945135522
 10
138.591030601213
 20
-86.64113633118029
 10
138.5861561023375
 20
-86.59854404322974
 10
138.5644050051343
 20
-86.41352973035441
 10
138.5586422642442
 20
-86.22807129647018
 10
138.5675246844156
 20
-86.04748736145955
 10
138.5688462152202
 20
-86.02308237042705
 10
138.5706226992555
 20
-85.9995656214021
 10
138.5723991832915
 20
-85.97604887238485
 10
138.5723991832915
 20
-85.97206261552553
 10
138.5728324720805
 20
-85.96806552645049
 10
138.5732874253093
 20
-85.96451255838052
 10
138.5746089561158
 20
-85.94943410852385
 10
138.5759304869204
 20
-85.93478894745974
 10
138.5772736821661
 20
-85.9201437863937
 10
138.5799384082166
 20
-85.89264078051391
 10
138.5830364230591
 20
-85.86601518443688
 10
138.5865893911275
 20
-85.84027783037381
 10
138.5883658751631
 20
-85.82475525950855
 10
138.5905756479845
 20
-85.80966597743007
 10
138.5928070852486
 20
-85.79502081636755
 10
138.5945835692839
 20
-85.78392862337407
 10
138.5963600533196
 20
-85.7732913836039
 10
138.5981148729138
 20
-85.76263247939686
 10
138.5981148729138
 20
-85.76263247939686
 10
138.6101169723665
 20
-85.69076070153314
 10
138.6101169723665
 20
-85.69076070153314
 10
138.6101169723665
 20
-85.69076070153314
 10
138.6260836642388
 20
-85.61800068165033
 10
138.6260836642388
 20
-85.61800068165033
 10
138.6323013583606
 20
-85.5878221175001
 10
138.6393856300601
 20
-85.5589867485952
 10
138.647379808214
 20
-85.52880818444531
 10
138.6500445342675
 20
-85.51860423346803
 10
138.6527092603183
 20
-85.50840028249138
 10
138.6553523219327
 20
-85.49819633151056
 10
138.6553523219327
 20
-85.49819633151056
 10
138.6558072751583
 20
-85.49687480070148
 10
138.6558072751583
 20
-85.49687480070148
 10
138.6558072751583
 20
-85.49687480070148
 10
138.6606817740332
 20
-85.47778842954796
 10
138.6606817740332
 20
-85.47778842954796
 10
138.6788799031721
 20
-85.41256763459508
 10
138.6997210939189
 20
-85.34734683964156
 10
138.7232486751585
 20
-85.28257016569759
 10
138.7387820782408
 20
-85.23908963572536
 10
138.7556370121277
 20
-85.1960423945441
 10
138.7738351412662
 20
-85.15301681780676
 10
138.7915783171715
 20
-85.109969576621
 10
138.8106430238859
 20
-85.06693316766122
 10
138.8310509258431
 20
-85.0243408797097
 10
138.9229081490983
 20
-84.83177650968679
 10
139.0378163359228
 20
-84.64188769793817
 10
139.1762521039892
 20
-84.45686255284136
 10
139.2419170199545
 20
-84.36901325088712
 10
139.3129113880206
 20
-84.28249631195705
 10
139.3883469661723
 20
-84.19774502483821
 10
139.4411215406632
 20
-84.13829780299953
 10
139.4965825056461
 20
-84.08017211196383
 10
139.5542749078934
 20
-84.02250137415693
 10
139.5826769880109
 20
-83.99365517303343
 10
139.6124005989266
 20
-83.96480897190833
 10
139.6421242098522
 20
-83.93641772401234
 10
139.6723027739995
 20
-83.90802647611861
 10
139.7024596737112
 20
-83.87962439600433
 10
139.7335264798761
 20
-83.85167726911597
 10
139.8045208479444
 20
-83.78778883719046
 10
139.878158277622
 20
-83.72522193606986
 10
139.9549153865837
 20
-83.663998230192
 10
139.9549153865837
 20
-83.663998230192
 10
139.955370339815
 20
-83.663998230192
 10
139.955370339815
 20
-83.663998230192
 10
140.0933511546472
 20
-83.5539645422402
 10
140.2388928588529
 20
-83.44924947417569
 10
140.3906305927387
 20
-83.34986385821199
 10
140.3910638815275
 20
-83.34941973720404
 10
140.391518834753
 20
-83.34941973720404
 10
140.391518834753
 20
-83.34941973720404
 10
140.4580719927326
 20
-83.30593920723342
 10
140.5259466815233
 20
-83.26334691928544
 10
140.5951645655534
 20
-83.2225202831426
 10
140.6834471562957
 20
-83.16927992320169
 10
140.7739611843079
 20
-83.11826016830562
 10
140.8662516963515
 20
-83.06945018623485
 10
140.9794050635798
 20
-83.0091147223729
 10
141.0956347812108
 20
-82.95143315234515
 10
141.2141176005421
 20
-82.89641630837373
 10
141.2811040473111
 20
-82.86536033442749
 10
141.3485454473129
 20
-82.83518177027375
 10
141.4173083781169
 20
-82.80590228036507
 10
141.7208055103261
 20
-82.67590481146343
 10
142.0398143811794
 20
-82.56365051847123
 10
142.3716919290619
 20
-82.46959435461505
 10
142.4502255220595
 20
-82.44695501539061
 10
142.5296473570718
 20
-82.42565887141758
 10
142.6095024808695
 20
-82.40525096945593
 10
142.6995832200856
 20
-82.38262246245426
 10
142.7905305368845
 20
-82.3613263184761
 10
142.8819328069107
 20
-82.3409184165183
 10
143.5208387906351
 20
-82.20203852744781
 10
144.1783978567227
 20
-82.13149911260663
 10
144.8350470163544
 20
-82.13149911260663
 10
144.8350470163544
 20
-82.13149911260663
 10
144.9046981891745
 20
-82.13149911260663
 10
144.9046981891745
 20
-82.13149911260663
 10
144.9046981891745
 20
-82.13149911260663
 10
144.9042649003846
 20
-82.1319432336149
 10
144.9042649003846
 20
-82.1319432336149
 10
144.9353100421138
 20
-82.1319432336149
 10
144.9663768482786
 20
-82.13238735462382
 10
144.9969887012185
 20
-82.13327559663907
 10
145.0187397984222
 20
-82.11109121065014
 10
145.0409241844153
 20
-82.08935094566466
 10
145.0631085704084
 20
-82.06804396946758
 10
145.0631085704084
 20
-82.06804396946758
 10
145.0635418591987
 20
-82.06761068068177
 10
145.0635418591987
 20
-82.06761068068177
 10
145.0395809891694
 20
-82.0671665596703
 10
145.0156201191406
 20
-82.06672243866299
 10
144.9916592491119
 20
-82.06627831765087
 10
144.93931796341
 20
-82.06539007563467
 10
144.887388302056
 20
-82.06494595462767
 10
144.8350470163544
 20
-82.06494595462767
 97
        0
 75
     2
 76
     1
 98
        0
  0
SPLINE
  5
211
330
1F
100
AcDbEntity
  8
Capa 1
370
     0
100
AcDbSpline
210
0.0
220
0.0
230
1.0
 70
    11
 71
     3
 72
    62
 73
    58
 74
     0
 42
0.0000000001
 43
0.0000000001
 12
1.0
 22
0.0
 32
0.0
 13
1.0
 23
0.0
 33
0.0
 40
0.0
 40
0.0
 40
0.0
 40
0.0
 40
1.0
 40
1.0
 40
1.0
 40
2.0
 40
2.0
 40
2.0
 40
3.0
 40
3.0
 40
3.0
 40
4.0
 40
4.0
 40
4.0
 40
5.0
 40
5.0
 40
5.0
 40
6.0
 40
6.0
 40
6.0
 40
7.0
 40
7.0
 40
7.0
 40
8.0
 40
8.0
 40
8.0
 40
9.0
 40
9.0
 40
9.0
 40
10.0
 40
10.0
 40
10.0
 40
11.0
 40
11.0
 40
11.0
 40
12.0
 40
12.0
 40
12.0
 40
13.0
 40
13.0
 40
13.0
 40
14.0
 40
14.0
 40
14.0
 40
15.0
 40
15.0
 40
15.0
 40
16.0
 40
16.0
 40
16.0
 40
17.0
 40
17.0
 40
17.0
 40
18.0
 40
18.0
 40
18.0
 40
19.0
 40
19.0
 40
19.0
 40
19.0
 10
143.1710027912232
 20
-90.89841532685791
 30
0.0
 10
143.2716991057719
 20
-90.89841532685791
 30
0.0
 10
143.366329377276
 20
-90.93762796225667
 30
0.0
 10
143.4375187252984
 20
-91.00882814249901
 30
0.0
 10
143.4729834126722
 20
-91.04428199765445
 30
0.0
 10
143.5005405796491
 20
-91.08539027150277
 30
0.0
 10
143.5194536352848
 20
-91.13101558097551
 30
0.0
 10
143.5383450264848
 20
-91.17665172267488
 30
0.0
 10
143.5479207087184
 20
-91.22522339591168
 30
0.0
 10
143.5479207087184
 20
-91.27534407657166
 30
0.0
 10
143.5479207087184
 20
-91.29168989613574
 30
0.0
 10
143.5468591511859
 20
-91.30817653455415
 30
0.0
 10
143.5447360361175
 20
-91.32431654194232
 30
0.0
 10
143.5383233620438
 20
-91.37336483285186
 30
0.0
 10
143.5227033012034
 20
-91.41982422324331
 30
0.0
 10
143.4983091423857
 20
-91.4623948467541
 30
0.0
 10
143.4839889479114
 20
-91.48739560987777
 30
0.0
 10
143.4667007252349
 20
-91.51082570113816
 30
0.0
 10
143.4469860853386
 20
-91.53201352291876
 30
0.0
 10
143.4272714454419
 20
-91.55320134469453
 30
0.0
 10
143.4051520527646
 20
-91.57210356811383
 30
0.0
 10
143.3812345116158
 20
-91.58822191106191
 30
0.0
 10
143.3812345116158
 20
-91.58822191106191
 30
0.0
 10
143.3707705873625
 20
-91.59527368610148
 30
0.0
 10
143.3707705873625
 20
-91.59527368610148
 30
0.0
 10
143.3707705873625
 20
-91.59527368610148
 30
0.0
 10
143.3655711218962
 20
-91.60677750344679
 30
0.0
 10
143.3655711218962
 20
-91.60677750344679
 30
0.0
 10
143.3655711218962
 20
-91.60677750344679
 30
0.0
 10
143.1826365952082
 20
-92.0124982931878
 30
0.0
 10
143.1826365952082
 20
-92.0124982931878
 30
0.0
 10
143.1805784734593
 20
-92.01705865769017
 30
0.0
 10
143.176007276739
 20
-92.02000502145486
 30
0.0
 10
143.1710027912232
 20
-92.02000502145486
 30
0.0
 10
143.1659983057164
 20
-92.02000502145486
 30
0.0
 10
143.1614271089904
 20
-92.01705865769017
 30
0.0
 10
143.1593689872412
 20
-92.01248746096631
 30
0.0
 10
143.1593689872412
 20
-92.01248746096631
 30
0.0
 10
142.976412796115
 20
-91.60677750344679
 30
0.0
 10
142.976412796115
 20
-91.60677750344679
 30
0.0
 10
142.976412796115
 20
-91.60677750344679
 30
0.0
 10
142.9712133306487
 20
-91.59527368610148
 30
0.0
 10
142.9712133306487
 20
-91.59527368610148
 30
0.0
 10
142.9712133306487
 20
-91.59527368610148
 30
0.0
 10
142.9607494063951
 20
-91.58822191106191
 30
0.0
 10
142.9607494063951
 20
-91.58822191106191
 30
0.0
 10
142.912827666337
 20
-91.55593106406857
 30
0.0
 10
142.8723584934539
 20
-91.5124288696569
 30
0.0
 10
142.8436964400643
 20
-91.46240567897591
 30
0.0
 10
142.811221445332
 20
-91.40572067316515
 30
0.0
 10
142.7940632092931
 20
-91.3410306569761
 30
0.0
 10
142.7940632092931
 20
-91.27534407657166
 30
0.0
 10
142.7940632092931
 20
-91.1746694264627
 30
0.0
 10
142.8332758446906
 20
-91.08001749051859
 30
0.0
 10
142.9044651927124
 20
-91.00881731028073
 30
0.0
 10
142.9756545407352
 20
-90.93762796225667
 30
0.0
 10
143.0703281411152
 20
-90.89841532685791
 30
0.0
 10
143.1710027912232
 20
-90.89841532685791
 30
0.0
  0
SPLINE
  5
212
330
1F
100
AcDbEntity
  8
Capa 1
370
     0
100
AcDbSpline
210
0.0
220
0.0
230
1.0
 70
    11
 71
     3
 72
    23
 73
    19
 74
     0
 42
0.0000000001
 43
0.0000000001
 12
1.0
 22
0.0
 32
0.0
 13
1.0
 23
0.0
 33
0.0
 40
0.0
 40
0.0
 40
0.0
 40
0.0
 40
1.0
 40
1.0
 40
1.0
 40
2.0
 40
2.0
 40
2.0
 40
3.0
 40
3.0
 40
3.0
 40
4.0
 40
4.0
 40
4.0
 40
5.0
 40
5.0
 40
5.0
 40
6.0
 40
6.0
 40
6.0
 40
6.0
 10
143.1710027912232
 20
-91.47032403159064
 30
0.0
 10
143.2357794651704
 20
-91.47032403159064
 30
0.0
 10
143.2962015867902
 20
-91.4381848356757
 30
0.0
 10
143.3325978450612
 20
-91.38435953586895
 30
0.0
 10
143.3544356000222
 20
-91.35209035331059
 30
0.0
 10
143.365982746247
 20
-91.31438339645737
 30
0.0
 10
143.365982746247
 20
-91.27534407657166
 30
0.0
 10
143.365982746247
 20
-91.24907594374316
 30
0.0
 10
143.3608049452166
 20
-91.22355523407428
 30
0.0
 10
143.3506226586788
 20
-91.19946437741078
 30
0.0
 10
143.3199674768597
 20
-91.12711598187657
 30
0.0
 10
143.2494497264605
 20
-91.0803641215514
 30
0.0
 10
143.1710027912232
 20
-91.0803641215514
 30
0.0
 10
143.0634821782516
 20
-91.0803641215514
 30
0.0
 10
142.9760228362052
 20
-91.16783429581797
 30
0.0
 10
142.9760228362052
 20
-91.27534407657166
 30
0.0
 10
142.9760228362052
 20
-91.38285385732566
 30
0.0
 10
143.0634821782516
 20
-91.47032403159064
 30
0.0
 10
143.1710027912232
 20
-91.47032403159064
 30
0.0
  0
SPLINE
  5
213
330
1F
100
AcDbEntity
  8
Capa 1
370
     0
100
AcDbSpline
210
0.0
220
0.0
230
1.0
 70
    11
 71
     3
 72
    53
 73
    49
 74
     0
 42
0.0000000001
 43
0.0000000001
 12
1.0
 22
0.0
 32
0.0
 13
1.0
 23
0.0
 33
0.0
 40
0.0
 40
0.0
 40
0.0
 40
0.0
 40
1.0
 40
1.0
 40
1.0
 40
2.0
 40
2.0
 40
2.0
 40
3.0
 40
3.0
 40
3.0
 40
4.0
 40
4.0
 40
4.0
 40
5.0
 40
5.0
 40
5.0
 40
6.0
 40
6.0
 40
6.0
 40
7.0
 40
7.0
 40
7.0
 40
8.0
 40
8.0
 40
8.0
 40
9.0
 40
9.0
 40
9.0
 40
10.0
 40
10.0
 40
10.0
 40
11.0
 40
11.0
 40
11.0
 40
12.0
 40
12.0
 40
12.0
 40
13.0
 40
13.0
 40
13.0
 40
14.0
 40
14.0
 40
14.0
 40
15.0
 40
15.0
 40
15.0
 40
16.0
 40
16.0
 40
16.0
 40
16.0
 10
143.1710027912232
 20
-90.85404655487238
 30
0.0
 10
143.0584776927416
 20
-90.85404655487238
 30
0.0
 10
142.9526685704837
 20
-90.89787371587325
 30
0.0
 10
142.8730950843949
 20
-90.97744720196006
 30
0.0
 10
142.7935215983072
 20
-91.05702068804784
 30
0.0
 10
142.7496944373034
 20
-91.16280814586597
 30
0.0
 10
142.7496944373034
 20
-91.27534407657166
 30
0.0
 10
142.7496944373034
 20
-91.34876486185661
 30
0.0
 10
142.7688891306555
 20
-91.4210699285103
 30
0.0
 10
142.8051987311694
 20
-91.48446007833455
 30
0.0
 10
142.8373704237443
 20
-91.54061430537794
 30
0.0
 10
142.882345800038
 20
-91.58889350868553
 30
0.0
 10
142.9359652876669
 20
-91.62501896145818
 30
0.0
 10
142.9359652876669
 20
-91.62501896145818
 30
0.0
 10
143.1189214787934
 20
-92.03072891898186
 30
0.0
 10
143.1189214787934
 20
-92.03072891898186
 30
0.0
 10
143.1281505299999
 20
-92.05121264647917
 30
0.0
 10
143.1485367675166
 20
-92.06437379344234
 30
0.0
 10
143.1710027912232
 20
-92.06437379344234
 30
0.0
 10
143.1934688149302
 20
-92.06437379344234
 30
0.0
 10
143.213855052453
 20
-92.05121264647917
 30
0.0
 10
143.2230841036566
 20
-92.03072891898186
 30
0.0
 10
143.2230841036566
 20
-92.03072891898186
 30
0.0
 10
143.4060186303468
 20
-91.62501896145818
 30
0.0
 10
143.4060186303468
 20
-91.62501896145818
 30
0.0
 10
143.4328392063792
 20
-91.60695081896208
 30
0.0
 10
143.4574933384698
 20
-91.58584965494218
 30
0.0
 10
143.4794610800683
 20
-91.56224624816488
 30
0.0
 10
143.5014288216669
 20
-91.5386428413879
 30
0.0
 10
143.5207101727742
 20
-91.51253719185416
 30
0.0
 10
143.5368068512857
 20
-91.48446007833455
 30
0.0
 10
143.5640390516693
 20
-91.43691746596605
 30
0.0
 10
143.5816305764978
 20
-91.38435953586895
 30
0.0
 10
143.58873651264
 20
-91.33007928283727
 30
0.0
 10
143.5910979365379
 20
-91.31198947589306
 30
0.0
 10
143.5922894807046
 20
-91.29370468900372
 30
0.0
 10
143.5922894807046
 20
-91.27534407657166
 30
0.0
 10
143.5922894807046
 20
-91.21908152732811
 30
0.0
 10
143.5813272743481
 20
-91.16449797214283
 30
0.0
 10
143.5604427547208
 20
-91.11404149267248
 30
0.0
 10
143.5395365706553
 20
-91.06357418097939
 30
0.0
 10
143.5086864088786
 20
-91.01723394500443
 30
0.0
 10
143.4688888336178
 20
-90.97744720196006
 30
0.0
 10
143.3893370119721
 20
-90.89787371587325
 30
0.0
 10
143.2835278897103
 20
-90.85404655487238
 30
0.0
 10
143.1710027912232
 20
-90.85404655487238
 30
0.0
 10
143.1710027912232
 20
-90.85404655487238
 30
0.0
 10
143.1710027912232
 20
-90.85404655487238
 30
0.0
 10
143.1710027912232
 20
-90.85404655487238
 30
0.0
  0
SPLINE
  5
214
330
1F
100
AcDbEntity
  8
Capa 1
370
     0
100
AcDbSpline
210
0.0
220
0.0
230
1.0
 70
    11
 71
     3
 72
    26
 73
    22
 74
     0
 42
0.0000000001
 43
0.0000000001
 12
1.0
 22
0.0
 32
0.0
 13
1.0
 23
0.0
 33
0.0
 40
0.0
 40
0.0
 40
0.0
 40
0.0
 40
1.0
 40
1.0
 40
1.0
 40
2.0
 40
2.0
 40
2.0
 40
3.0
 40
3.0
 40
3.0
 40
4.0
 40
4.0
 40
4.0
 40
5.0
 40
5.0
 40
5.0
 40
6.0
 40
6.0
 40
6.0
 40
7.0
 40
7.0
 40
7.0
 40
7.0
 10
143.1710027912232
 20
-91.4259552596038
 30
0.0
 10
143.0879413303861
 20
-91.4259552596038
 30
0.0
 10
143.0203916081914
 20
-91.35839470519213
 30
0.0
 10
143.0203916081914
 20
-91.27534407657166
 30
0.0
 10
143.0203916081914
 20
-91.19229344795599
 30
0.0
 10
143.0879413303861
 20
-91.12473289353983
 30
0.0
 10
143.1710027912232
 20
-91.12473289353983
 30
0.0
 10
143.2332880546351
 20
-91.12473289353983
 30
0.0
 10
143.2868642133871
 20
-91.16273232032965
 30
0.0
 10
143.3097635258837
 20
-91.21677426452577
 30
0.0
 10
143.3173894085666
 20
-91.2347882459279
 30
0.0
 10
143.3216139742599
 20
-91.25457871136213
 30
0.0
 10
143.3216139742599
 20
-91.27534407657166
 30
0.0
 10
143.3216139742599
 20
-91.30648670827857
 30
0.0
 10
143.3121249497841
 20
-91.33545206381665
 30
0.0
 10
143.2958549557573
 20
-91.35949959160638
 30
0.0
 10
143.2687527420088
 20
-91.39956797236009
 30
0.0
 10
143.2229107881413
 20
-91.4259552596038
 30
0.0
 10
143.1710027912232
 20
-91.4259552596038
 30
0.0
 10
143.1710027912232
 20
-91.4259552596038
 30
0.0
 10
143.1710027912232
 20
-91.4259552596038
 30
0.0
 10
143.1710027912232
 20
-91.4259552596038
 30
0.0
  0
HATCH
  5
215
330
1F
100
AcDbEntity
  8
Capa 1
 62
   255
100
AcDbHatch
 10
0.0
 20
0.0
 30
0.0
210
0.0
220
0.0
230
1.0
  2
SOLID
 70
     1
 71
     0
 91
        4
 92
        1
 93
        1
 72
     4
 94
        3
 73
     0
 74
     1
 95
       53
 96
       49
 40
0.0
 40
0.0
 40
0.0
 40
0.0
 40
1.0
 40
1.0
 40
1.0
 40
2.0
 40
2.0
 40
2.0
 40
3.0
 40
3.0
 40
3.0
 40
4.0
 40
4.0
 40
4.0
 40
5.0
 40
5.0
 40
5.0
 40
6.0
 40
6.0
 40
6.0
 40
7.0
 40
7.0
 40
7.0
 40
8.0
 40
8.0
 40
8.0
 40
9.0
 40
9.0
 40
9.0
 40
10.0
 40
10.0
 40
10.0
 40
11.0
 40
11.0
 40
11.0
 40
12.0
 40
12.0
 40
12.0
 40
13.0
 40
13.0
 40
13.0
 40
14.0
 40
14.0
 40
14.0
 40
15.0
 40
15.0
 40
15.0
 40
16.0
 40
16.0
 40
16.0
 40
16.0
 10
143.1710027912232
 20
-90.85404655487238
 10
143.0584776927416
 20
-90.85404655487238
 10
142.9526685704837
 20
-90.89787371587325
 10
142.8730950843949
 20
-90.97744720196006
 10
142.7935215983072
 20
-91.05702068804784
 10
142.7496944373034
 20
-91.16280814586597
 10
142.7496944373034
 20
-91.27534407657166
 10
142.7496944373034
 20
-91.34876486185661
 10
142.7688891306555
 20
-91.4210699285103
 10
142.8051987311694
 20
-91.48446007833455
 10
142.8373704237443
 20
-91.54061430537794
 10
142.882345800038
 20
-91.58889350868553
 10
142.9359652876669
 20
-91.62501896145818
 10
142.9359652876669
 20
-91.62501896145818
 10
143.1189214787934
 20
-92.03072891898186
 10
143.1189214787934
 20
-92.03072891898186
 10
143.1281505299999
 20
-92.05121264647917
 10
143.1485367675166
 20
-92.06437379344234
 10
143.1710027912232
 20
-92.06437379344234
 10
143.1934688149302
 20
-92.06437379344234
 10
143.213855052453
 20
-92.05121264647917
 10
143.2230841036566
 20
-92.03072891898186
 10
143.2230841036566
 20
-92.03072891898186
 10
143.4060186303468
 20
-91.62501896145818
 10
143.4060186303468
 20
-91.62501896145818
 10
143.4328392063792
 20
-91.60695081896208
 10
143.4574933384698
 20
-91.58584965494218
 10
143.4794610800683
 20
-91.56224624816488
 10
143.5014288216669
 20
-91.5386428413879
 10
143.5207101727742
 20
-91.51253719185416
 10
143.5368068512857
 20
-91.48446007833455
 10
143.5640390516693
 20
-91.43691746596605
 10
143.5816305764978
 20
-91.38435953586895
 10
143.58873651264
 20
-91.33007928283727
 10
143.5910979365379
 20
-91.31198947589306
 10
143.5922894807046
 20
-91.29370468900372
 10
143.5922894807046
 20
-91.27534407657166
 10
143.5922894807046
 20
-91.21908152732811
 10
143.5813272743481
 20
-91.16449797214283
 10
143.5604427547208
 20
-91.11404149267248
 10
143.5395365706553
 20
-91.06357418097939
 10
143.5086864088786
 20
-91.01723394500443
 10
143.4688888336178
 20
-90.97744720196006
 10
143.3893370119721
 20
-90.89787371587325
 10
143.2835278897103
 20
-90.85404655487238
 10
143.1710027912232
 20
-90.85404655487238
 10
143.1710027912232
 20
-90.85404655487238
 10
143.1710027912232
 20
-90.85404655487238
 10
143.1710027912232
 20
-90.85404655487238
 97
        0
 92
        1
 93
        1
 72
     4
 94
        3
 73
     0
 74
     1
 95
       26
 96
       22
 40
0.0
 40
0.0
 40
0.0
 40
0.0
 40
1.0
 40
1.0
 40
1.0
 40
2.0
 40
2.0
 40
2.0
 40
3.0
 40
3.0
 40
3.0
 40
4.0
 40
4.0
 40
4.0
 40
5.0
 40
5.0
 40
5.0
 40
6.0
 40
6.0
 40
6.0
 40
7.0
 40
7.0
 40
7.0
 40
7.0
 10
143.1710027912232
 20
-91.4259552596038
 10
143.0879413303861
 20
-91.4259552596038
 10
143.0203916081914
 20
-91.35839470519213
 10
143.0203916081914
 20
-91.27534407657166
 10
143.0203916081914
 20
-91.19229344795599
 10
143.0879413303861
 20
-91.12473289353983
 10
143.1710027912232
 20
-91.12473289353983
 10
143.2332880546351
 20
-91.12473289353983
 10
143.2868642133871
 20
-91.16273232032965
 10
143.3097635258837
 20
-91.21677426452577
 10
143.3173894085666
 20
-91.2347882459279
 10
143.3216139742599
 20
-91.25457871136213
 10
143.3216139742599
 20
-91.27534407657166
 10
143.3216139742599
 20
-91.30648670827857
 10
143.3121249497841
 20
-91.33545206381665
 10
143.2958549557573
 20
-91.35949959160638
 10
143.2687527420088
 20
-91.39956797236009
 10
143.2229107881413
 20
-91.4259552596038
 10
143.1710027912232
 20
-91.4259552596038
 10
143.1710027912232
 20
-91.4259552596038
 10
143.1710027912232
 20
-91.4259552596038
 10
143.1710027912232
 20
-91.4259552596038
 97
        0
 92
        1
 93
        2
 72
     4
 94
        3
 73
     0
 74
     0
 95
       62
 96
       58
 40
0.0
 40
0.0
 40
0.0
 40
0.0
 40
0.3527777776895833
 40
0.3527777776895833
 40
0.3527777776895833
 40
0.7055555553791667
 40
0.7055555553791667
 40
0.7055555553791667
 40
1.05833333306875
 40
1.05833333306875
 40
1.05833333306875
 40
1.411111110758333
 40
1.411111110758333
 40
1.411111110758333
 40
1.763888888447917
 40
1.763888888447917
 40
1.763888888447917
 40
2.1166666661375
 40
2.1166666661375
 40
2.1166666661375
 40
2.469444443827083
 40
2.469444443827083
 40
2.469444443827083
 40
2.822222221516667
 40
2.822222221516667
 40
2.822222221516667
 40
3.17499999920625
 40
3.17499999920625
 40
3.17499999920625
 40
3.527777776895833
 40
3.527777776895833
 40
3.527777776895833
 40
3.880555554585417
 40
3.880555554585417
 40
3.880555554585417
 40
4.233333332275
 40
4.233333332275
 40
4.233333332275
 40
4.586111109964584
 40
4.586111109964584
 40
4.586111109964584
 40
4.938888887654167
 40
4.938888887654167
 40
4.938888887654167
 40
5.29166666534375
 40
5.29166666534375
 40
5.29166666534375
 40
5.644444443033334
 40
5.644444443033334
 40
5.644444443033334
 40
5.997222220722917
 40
5.997222220722917
 40
5.997222220722917
 40
6.349999998412501
 40
6.349999998412501
 40
6.349999998412501
 40
6.702777776102083
 40
6.702777776102083
 40
6.702777776102083
 40
6.702777776102083
 10
143.1710027912232
 20
-90.89841532685791
 10
143.2716991057719
 20
-90.89841532685791
 10
143.366329377276
 20
-90.93762796225667
 10
143.4375187252984
 20
-91.00882814249901
 10
143.4729834126722
 20
-91.04428199765445
 10
143.5005405796491
 20
-91.08539027150277
 10
143.5194536352848
 20
-91.13101558097551
 10
143.5383450264848
 20
-91.17665172267488
 10
143.5479207087184
 20
-91.22522339591168
 10
143.5479207087184
 20
-91.27534407657166
 10
143.5479207087184
 20
-91.29168989613574
 10
143.5468591511859
 20
-91.30817653455415
 10
143.5447360361175
 20
-91.32431654194232
 10
143.5383233620438
 20
-91.37336483285186
 10
143.5227033012034
 20
-91.41982422324331
 10
143.4983091423857
 20
-91.4623948467541
 10
143.4839889479114
 20
-91.48739560987777
 10
143.4667007252349
 20
-91.51082570113816
 10
143.4469860853386
 20
-91.53201352291876
 10
143.4272714454419
 20
-91.55320134469453
 10
143.4051520527646
 20
-91.57210356811383
 10
143.3812345116158
 20
-91.58822191106191
 10
143.3812345116158
 20
-91.58822191106191
 10
143.3707705873625
 20
-91.59527368610148
 10
143.3707705873625
 20
-91.59527368610148
 10
143.3707705873625
 20
-91.59527368610148
 10
143.3655711218962
 20
-91.60677750344679
 10
143.3655711218962
 20
-91.60677750344679
 10
143.3655711218962
 20
-91.60677750344679
 10
143.1826365952082
 20
-92.0124982931878
 10
143.1826365952082
 20
-92.0124982931878
 10
143.1805784734593
 20
-92.01705865769017
 10
143.176007276739
 20
-92.02000502145486
 10
143.1710027912232
 20
-92.02000502145486
 10
143.1659983057164
 20
-92.02000502145486
 10
143.1614271089904
 20
-92.01705865769017
 10
143.1593689872412
 20
-92.01248746096631
 10
143.1593689872412
 20
-92.01248746096631
 10
142.976412796115
 20
-91.60677750344679
 10
142.976412796115
 20
-91.60677750344679
 10
142.976412796115
 20
-91.60677750344679
 10
142.9712133306487
 20
-91.59527368610148
 10
142.9712133306487
 20
-91.59527368610148
 10
142.9712133306487
 20
-91.59527368610148
 10
142.9607494063951
 20
-91.58822191106191
 10
142.9607494063951
 20
-91.58822191106191
 10
142.912827666337
 20
-91.55593106406857
 10
142.8723584934539
 20
-91.5124288696569
 10
142.8436964400643
 20
-91.46240567897591
 10
142.811221445332
 20
-91.40572067316515
 10
142.7940632092931
 20
-91.3410306569761
 10
142.7940632092931
 20
-91.27534407657166
 10
142.7940632092931
 20
-91.1746694264627
 10
142.8332758446906
 20
-91.08001749051859
 10
142.9044651927124
 20
-91.00881731028073
 10
142.9756545407352
 20
-90.93762796225667
 10
143.0703281411152
 20
-90.89841532685791
 10
143.1710027912232
 20
-90.89841532685791
 72
     1
 10
143.1710027912232
 20
-90.89841532685791
 11
143.1710027912232
 21
-90.89841532685791
 97
        0
 92
        1
 93
        2
 72
     4
 94
        3
 73
     0
 74
     0
 95
       23
 96
       19
 40
0.0
 40
0.0
 40
0.0
 40
0.0
 40
0.3527777776895833
 40
0.3527777776895833
 40
0.3527777776895833
 40
0.7055555553791667
 40
0.7055555553791667
 40
0.7055555553791667
 40
1.05833333306875
 40
1.05833333306875
 40
1.05833333306875
 40
1.411111110758333
 40
1.411111110758333
 40
1.411111110758333
 40
1.763888888447917
 40
1.763888888447917
 40
1.763888888447917
 40
2.1166666661375
 40
2.1166666661375
 40
2.1166666661375
 40
2.1166666661375
 10
143.1710027912232
 20
-91.47032403159064
 10
143.2357794651704
 20
-91.47032403159064
 10
143.2962015867902
 20
-91.4381848356757
 10
143.3325978450612
 20
-91.38435953586895
 10
143.3544356000222
 20
-91.35209035331059
 10
143.365982746247
 20
-91.31438339645737
 10
143.365982746247
 20
-91.27534407657166
 10
143.365982746247
 20
-91.24907594374316
 10
143.3608049452166
 20
-91.22355523407428
 10
143.3506226586788
 20
-91.19946437741078
 10
143.3199674768597
 20
-91.12711598187657
 10
143.2494497264605
 20
-91.0803641215514
 10
143.1710027912232
 20
-91.0803641215514
 10
143.0634821782516
 20
-91.0803641215514
 10
142.9760228362052
 20
-91.16783429581797
 10
142.9760228362052
 20
-91.27534407657166
 10
142.9760228362052
 20
-91.38285385732566
 10
143.0634821782516
 20
-91.47032403159064
 10
143.1710027912232
 20
-91.47032403159064
 72
     1
 10
143.1710027912232
 20
-91.47032403159064
 11
143.1710027912232
 21
-91.47032403159064
 97
        0
 75
     2
 76
     1
 98
        0
  0
SPLINE
  5
216
330
1F
100
AcDbEntity
  8
Capa 1
370
     0
100
AcDbSpline
210
0.0
220
0.0
230
1.0
 70
    11
 71
     3
 72
    17
 73
    13
 74
     0
 42
0.0000000001
 43
0.0000000001
 12
1.0
 22
0.0
 32
0.0
 13
1.0
 23
0.0
 33
0.0
 40
0.0
 40
0.0
 40
0.0
 40
0.0
 40
1.0
 40
1.0
 40
1.0
 40
2.0
 40
2.0
 40
2.0
 40
3.0
 40
3.0
 40
3.0
 40
4.0
 40
4.0
 40
4.0
 40
4.0
 10
143.5109348009263
 20
-92.17385244787324
 30
0.0
 10
143.5109348009263
 20
-92.19302964484731
 30
0.0
 10
143.3587376966552
 20
-92.20857583464665
 30
0.0
 10
143.1709930540227
 20
-92.20857583464665
 30
0.0
 10
142.9832484113933
 20
-92.20857583464665
 30
0.0
 10
142.8310513071283
 20
-92.19302964484731
 30
0.0
 10
142.8310513071283
 20
-92.17385244787324
 30
0.0
 10
142.8310513071283
 20
-92.15467525089502
 30
0.0
 10
142.9832484113933
 20
-92.13912906110082
 30
0.0
 10
143.1709930540227
 20
-92.13912906110082
 30
0.0
 10
143.3587376966552
 20
-92.13912906110082
 30
0.0
 10
143.5109348009263
 20
-92.15467525089502
 30
0.0
 10
143.5109348009263
 20
-92.17385244787324
 30
0.0
  0
HATCH
  5
217
330
1F
100
AcDbEntity
  8
Capa 1
 62
   255
100
AcDbHatch
 10
0.0
 20
0.0
 30
0.0
210
0.0
220
0.0
230
1.0
  2
SOLID
 70
     1
 71
     0
 91
        1
 92
        1
 93
        1
 72
     4
 94
        3
 73
     0
 74
     1
 95
       17
 96
       13
 40
0.0
 40
0.0
 40
0.0
 40
0.0
 40
1.0
 40
1.0
 40
1.0
 40
2.0
 40
2.0
 40
2.0
 40
3.0
 40
3.0
 40
3.0
 40
4.0
 40
4.0
 40
4.0
 40
4.0
 10
143.5109348009263
 20
-92.17385244787324
 10
143.5109348009263
 20
-92.19302964484731
 10
143.3587376966552
 20
-92.20857583464665
 10
143.1709930540227
 20
-92.20857583464665
 10
142.9832484113933
 20
-92.20857583464665
 10
142.8310513071283
 20
-92.19302964484731
 10
142.8310513071283
 20
-92.17385244787324
 10
142.8310513071283
 20
-92.15467525089502
 10
142.9832484113933
 20
-92.13912906110082
 10
143.1709930540227
 20
-92.13912906110082
 10
143.3587376966552
 20
-92.13912906110082
 10
143.5109348009263
 20
-92.15467525089502
 10
143.5109348009263
 20
-92.17385244787324
 97
        0
 75
     2
 76
     1
 98
        0
  0
ENDSEC
  0
SECTION
  2
OBJECTS
  0
DICTIONARY
  5
C
330
0
100
AcDbDictionary
281
     1
  3
ACAD_GROUP
350
D
  3
ACAD_LAYOUT
350
1A
  3
ACAD_MATERIAL
350
3B
  3
ACAD_MLEADERSTYLE
350
23F
  3
ACAD_MLINESTYLE
350
17
  3
ACAD_PLOTSETTINGS
350
19
  3
ACAD_PLOTSTYLENAME
350
E
  3
ACAD_TABLESTYLE
350
23E
  3
ACAD_VISUALSTYLE
350
2A
  0
DICTIONARY
  5
D
102
{ACAD_REACTORS
330
C
102
}
330
C
100
AcDbDictionary
281
     1
  0
DICTIONARY
  5
1A
102
{ACAD_REACTORS
330
C
102
}
330
C
100
AcDbDictionary
281
     1
  3
Layout1
350
1E
  3
Layout2
350
26
  3
Model
350
22
  0
DICTIONARY
  5
3B
102
{ACAD_REACTORS
330
C
102
}
330
C
100
AcDbDictionary
281
     1
  3
ByBlock
350
3D
  3
ByLayer
350
3C
  3
Global
350
3E
  0
DICTIONARY
  5
23F
102
{ACAD_REACTORS
330
C
102
}
330
C
100
AcDbDictionary
281
     1
  0
DICTIONARY
  5
17
102
{ACAD_REACTORS
330
C
102
}
330
C
100
AcDbDictionary
281
     1
  3
Standard
350
18
  0
DICTIONARY
  5
19
102
{ACAD_REACTORS
330
C
102
}
330
C
100
AcDbDictionary
281
     1
  0
ACDBDICTIONARYWDFLT
  5
E
102
{ACAD_REACTORS
330
C
102
}
330
C
100
AcDbDictionary
281
     1
  3
Normal
350
F
100
AcDbDictionaryWithDefault
340
F
  0
DICTIONARY
  5
23E
102
{ACAD_REACTORS
330
C
102
}
330
C
100
AcDbDictionary
281
     1
  0
DICTIONARY
  5
2A
102
{ACAD_REACTORS
330
C
102
}
330
C
100
AcDbDictionary
281
     1
  3
2dWireframe
350
2F
  3
3D Hidden
350
31
  3
3dWireframe
350
30
  3
Basic
350
32
  3
Brighten
350
36
  3
ColorChange
350
3A
  3
Conceptual
350
34
  3
Dim
350
35
  3
Facepattern
350
39
  3
Flat
350
2B
  3
FlatWithEdges
350
2C
  3
Gouraud
350
2D
  3
GouraudWithEdges
350
2E
  3
Linepattern
350
38
  3
Realistic
350
33
  3
Thicken
350
37
  0
LAYOUT
  5
1E
102
{ACAD_REACTORS
330
1A
102
}
330
1A
100
AcDbPlotSettings
  1

  2
none_device
  4

  6

 40
0.0
 41
0.0
 42
0.0
 43
0.0
 44
0.0
 45
0.0
 46
0.0
 47
0.0
 48
0.0
 49
0.0
140
0.0
141
0.0
142
1.0
143
1.0
 70
   688
 72
     0
 73
     0
 74
     5
  7

 75
    16
 76
     0
 77
     2
 78
   300
147
1.0
148
0.0
149
0.0
100
AcDbLayout
  1
Layout1
 70
     1
 71
     1
 10
0.0
 20
0.0
 11
12.0
 21
9.0
 12
0.0
 22
0.0
 32
0.0
 14
1.000000000000000E+20
 24
1.000000000000000E+20
 34
1.000000000000000E+20
 15
-1.000000000000000E+20
 25
-1.000000000000000E+20
 35
-1.000000000000000E+20
146
0.0
 13
0.0
 23
0.0
 33
0.0
 16
1.0
 26
0.0
 36
0.0
 17
0.0
 27
1.0
 37
0.0
 76
     0
330
1B
  0
LAYOUT
  5
26
102
{ACAD_REACTORS
330
1A
102
}
330
1A
100
AcDbPlotSettings
  1

  2
none_device
  4

  6

 40
0.0
 41
0.0
 42
0.0
 43
0.0
 44
0.0
 45
0.0
 46
0.0
 47
0.0
 48
0.0
 49
0.0
140
0.0
141
0.0
142
1.0
143
1.0
 70
   688
 72
     0
 73
     0
 74
     5
  7

 75
    16
 76
     0
 77
     2
 78
   300
147
1.0
148
0.0
149
0.0
100
AcDbLayout
  1
Layout2
 70
     1
 71
     2
 10
0.0
 20
0.0
 11
0.0
 21
0.0
 12
0.0
 22
0.0
 32
0.0
 14
0.0
 24
0.0
 34
0.0
 15
0.0
 25
0.0
 35
0.0
146
0.0
 13
0.0
 23
0.0
 33
0.0
 16
1.0
 26
0.0
 36
0.0
 17
0.0
 27
1.0
 37
0.0
 76
     0
330
23
  0
LAYOUT
  5
22
102
{ACAD_REACTORS
330
1A
102
}
330
1A
100
AcDbPlotSettings
  1

  2
none_device
  4

  6

 40
0.0
 41
0.0
 42
0.0
 43
0.0
 44
0.0
 45
0.0
 46
0.0
 47
0.0
 48
0.0
 49
0.0
140
0.0
141
0.0
142
1.0
143
1.0
 70
  1712
 72
     0
 73
     0
 74
     0
  7

 75
     0
 76
     0
 77
     2
 78
   300
147
1.0
148
0.0
149
0.0
100
AcDbLayout
  1
Model
 70
     1
 71
     0
 10
0.0
 20
0.0
 11
12.0
 21
9.0
 12
0.0
 22
0.0
 32
0.0
 14
1.000000000000000E+20
 24
1.000000000000000E+20
 34
1.000000000000000E+20
 15
-1.000000000000000E+20
 25
-1.000000000000000E+20
 35
-1.000000000000000E+20
146
0.0
 13
0.0
 23
0.0
 33
0.0
 16
1.0
 26
0.0
 36
0.0
 17
0.0
 27
1.0
 37
0.0
 76
     0
330
1F
331
29
  0
MATERIAL
  5
3D
102
{ACAD_REACTORS
330
3B
102
}
102
{ACAD_XDICTIONARY
360
23A
102
}
330
3B
100
AcDbMaterial
  1
ByBlock
  0
MATERIAL
  5
3C
102
{ACAD_REACTORS
330
3B
102
}
102
{ACAD_XDICTIONARY
360
238
102
}
330
3B
100
AcDbMaterial
  1
ByLayer
  0
MATERIAL
  5
3E
102
{ACAD_REACTORS
330
3B
102
}
102
{ACAD_XDICTIONARY
360
23C
102
}
330
3B
100
AcDbMaterial
  1
Global
  0
MLINESTYLE
  5
18
102
{ACAD_REACTORS
330
17
102
}
330
17
100
AcDbMlineStyle
  2
Standard
 70
     0
  3

 62
   256
 51
90.0
 52
90.0
 71
     2
 49
0.5
 62
   256
  6
BYLAYER
 49
-0.5
 62
   256
  6
BYLAYER
  0
ACDBPLACEHOLDER
  5
F
102
{ACAD_REACTORS
330
E
102
}
330
E
  0
VISUALSTYLE
  5
2F
102
{ACAD_REACTORS
330
2A
102
}
102
{ACAD_XDICTIONARY
360
220
102
}
330
2A
100
AcDbVisualStyle
  2
2dWireframe
 70
     4
 71
     0
 72
     2
 73
     0
 90
        0
 40
-0.6
 41
-30.0
 62
     5
 63
     7
421
 16777215
 74
     1
 91
        4
 64
     7
 65
   257
 75
     1
175
     1
 42
1.0
 92
        0
 66
   257
 43
1.0
 76
     1
 77
     6
 78
     2
 67
     7
 79
     5
170
     0
171
     0
290
     0
174
     0
 93
        1
 44
0.0
173
     0
291
     0
 45
0.0
1001
ACAD
1000
AcDbSavedByObjectVersion
1070
     0
  0
VISUALSTYLE
  5
31
102
{ACAD_REACTORS
330
2A
102
}
102
{ACAD_XDICTIONARY
360
224
102
}
330
2A
100
AcDbVisualStyle
  2
3D Hidden
 70
     6
 71
     1
 72
     2
 73
     2
 90
        0
 40
-0.6
 41
-30.0
 62
     5
 63
     7
421
 16777215
 74
     2
 91
        2
 64
     7
 65
   257
 75
     2
175
     1
 42
40.0
 92
        0
 66
   257
 43
1.0
 76
     1
 77
     6
 78
     2
 67
     7
 79
     3
170
     0
171
     0
290
     0
174
     0
 93
        1
 44
0.0
173
     0
291
     0
 45
0.0
1001
ACAD
1000
AcDbSavedByObjectVersion
1070
     0
  0
VISUALSTYLE
  5
30
102
{ACAD_REACTORS
330
2A
102
}
102
{ACAD_XDICTIONARY
360
222
102
}
330
2A
100
AcDbVisualStyle
  2
3dWireframe
 70
     5
 71
     0
 72
     2
 73
     0
 90
        0
 40
-0.6
 41
-30.0
 62
     5
 63
     7
421
 16777215
 74
     1
 91
        4
 64
     7
 65
   257
 75
     1
175
     1
 42
1.0
 92
        0
 66
   257
 43
1.0
 76
     1
 77
     6
 78
     2
 67
     7
 79
     5
170
     0
171
     0
290
     0
174
     0
 93
        1
 44
0.0
173
     0
291
     0
 45
0.0
1001
ACAD
1000
AcDbSavedByObjectVersion
1070
     0
  0
VISUALSTYLE
  5
32
102
{ACAD_REACTORS
330
2A
102
}
102
{ACAD_XDICTIONARY
360
226
102
}
330
2A
100
AcDbVisualStyle
  2
Basic
 70
     7
 71
     1
 72
     0
 73
     1
 90
        0
 40
-0.6
 41
-30.0
 62
     5
 63
     7
421
 16777215
 74
     0
 91
        4
 64
     7
 65
   257
 75
     1
175
     1
 42
1.0
 92
        8
 66
     7
 43
1.0
 76
     1
 77
     6
 78
     2
 67
     7
 79
     5
170
     0
171
     0
290
     0
174
     0
 93
        1
 44
0.0
173
     0
291
     1
 45
0.0
1001
ACAD
1000
AcDbSavedByObjectVersion
1070
     0
  0
VISUALSTYLE
  5
36
102
{ACAD_REACTORS
330
2A
102
}
102
{ACAD_XDICTIONARY
360
22E
102
}
330
2A
100
AcDbVisualStyle
  2
Brighten
 70
    12
 71
     2
 72
     2
 73
     0
 90
        0
 40
-0.6
 41
-30.0
 62
     5
 63
     7
421
 16777215
 74
     1
 91
        4
 64
     7
 65
   257
 75
     1
175
     1
 42
1.0
 92
        8
 66
     7
 43
1.0
 76
     1
 77
     6
 78
     2
 67
     7
 79
     5
170
     0
171
     0
290
     0
174
     0
 93
        1
 44
50.0
173
     0
291
     1
 45
0.0
1001
ACAD
1000
AcDbSavedByObjectVersion
1070
     0
  0
VISUALSTYLE
  5
3A
102
{ACAD_REACTORS
330
2A
102
}
102
{ACAD_XDICTIONARY
360
236
102
}
330
2A
100
AcDbVisualStyle
  2
ColorChange
 70
    16
 71
     2
 72
     2
 73
     3
 90
        0
 40
-0.6
 41
-30.0
 62
     5
 63
     8
421
  8421504
 74
     1
 91
        4
 64
     7
 65
   257
 75
     1
175
     1
 42
1.0
 92
        8
 66
     8
424
  8421504
 43
1.0
 76
     1
 77
     6
 78
     2
 67
     7
 79
     5
170
     0
171
     0
290
     0
174
     0
 93
        1
 44
0.0
173
     0
291
     1
 45
0.0
1001
ACAD
1000
AcDbSavedByObjectVersion
1070
     0
  0
VISUALSTYLE
  5
34
102
{ACAD_REACTORS
330
2A
102
}
102
{ACAD_XDICTIONARY
360
22A
102
}
330
2A
100
AcDbVisualStyle
  2
Conceptual
 70
     9
 71
     3
 72
     2
 73
     0
 90
        0
 40
-0.6
 41
-30.0
 62
     5
 63
     7
421
 16777215
 74
     2
 91
        2
 64
     7
 65
   257
 75
     1
175
     1
 42
40.0
 92
        8
 66
     7
 43
1.0
 76
     1
 77
     6
 78
     2
 67
     7
 79
     3
170
     0
171
     0
290
     0
174
     0
 93
        1
 44
0.0
173
     0
291
     0
 45
0.0
1001
ACAD
1000
AcDbSavedByObjectVersion
1070
     0
  0
VISUALSTYLE
  5
35
102
{ACAD_REACTORS
330
2A
102
}
102
{ACAD_XDICTIONARY
360
22C
102
}
330
2A
100
AcDbVisualStyle
  2
Dim
 70
    11
 71
     2
 72
     2
 73
     0
 90
        0
 40
-0.6
 41
-30.0
 62
     5
 63
     7
421
 16777215
 74
     1
 91
        4
 64
     7
 65
   257
 75
     1
175
     1
 42
1.0
 92
        8
 66
     7
 43
1.0
 76
     1
 77
     6
 78
     2
 67
     7
 79
     5
170
     0
171
     0
290
     0
174
     0
 93
        1
 44
-50.0
173
     0
291
     1
 45
0.0
1001
ACAD
1000
AcDbSavedByObjectVersion
1070
     0
  0
VISUALSTYLE
  5
39
102
{ACAD_REACTORS
330
2A
102
}
102
{ACAD_XDICTIONARY
360
234
102
}
330
2A
100
AcDbVisualStyle
  2
Facepattern
 70
    15
 71
     2
 72
     2
 73
     0
 90
        0
 40
-0.6
 41
-30.0
 62
     5
 63
     7
421
 16777215
 74
     1
 91
        4
 64
     7
 65
   257
 75
     1
175
     1
 42
1.0
 92
        8
 66
     7
 43
1.0
 76
     1
 77
     6
 78
     2
 67
     7
 79
     5
170
     0
171
     0
290
     0
174
     0
 93
        1
 44
0.0
173
     0
291
     1
 45
0.0
1001
ACAD
1000
AcDbSavedByObjectVersion
1070
     0
  0
VISUALSTYLE
  5
2B
102
{ACAD_REACTORS
330
2A
102
}
102
{ACAD_XDICTIONARY
360
218
102
}
330
2A
100
AcDbVisualStyle
  2
Flat
 70
     0
 71
     2
 72
     1
 73
     1
 90
        2
 40
-0.6
 41
30.0
 62
     5
 63
     7
421
 16777215
 74
     0
 91
        4
 64
     7
 65
   257
 75
     1
175
     1
 42
1.0
 92
        8
 66
     7
 43
1.0
 76
     1
 77
     6
 78
     2
 67
     7
 79
     5
170
     0
171
     0
290
     0
174
     0
 93
       13
 44
0.0
173
     0
291
     1
 45
0.0
1001
ACAD
1000
AcDbSavedByObjectVersion
1070
     0
  0
VISUALSTYLE
  5
2C
102
{ACAD_REACTORS
330
2A
102
}
102
{ACAD_XDICTIONARY
360
21A
102
}
330
2A
100
AcDbVisualStyle
  2
FlatWithEdges
 70
     1
 71
     2
 72
     1
 73
     1
 90
        2
 40
-0.6
 41
30.0
 62
     5
 63
     7
421
 16777215
 74
     1
 91
        4
 64
     7
 65
   257
 75
     1
175
     1
 42
1.0
 92
        0
 66
   257
 43
1.0
 76
     1
 77
     6
 78
     2
 67
     7
 79
     5
170
     0
171
     0
290
     0
174
     0
 93
       13
 44
0.0
173
     0
291
     1
 45
0.0
1001
ACAD
1000
AcDbSavedByObjectVersion
1070
     0
  0
VISUALSTYLE
  5
2D
102
{ACAD_REACTORS
330
2A
102
}
102
{ACAD_XDICTIONARY
360
21C
102
}
330
2A
100
AcDbVisualStyle
  2
Gouraud
 70
     2
 71
     2
 72
     2
 73
     1
 90
        2
 40
-0.6
 41
30.0
 62
     5
 63
     7
421
 16777215
 74
     0
 91
        4
 64
     7
 65
   257
 75
     1
175
     1
 42
1.0
 92
        0
 66
     7
 43
1.0
 76
     1
 77
     6
 78
     2
 67
     7
 79
     5
170
     0
171
     0
290
     0
174
     0
 93
       13
 44
0.0
173
     0
291
     1
 45
0.0
1001
ACAD
1000
AcDbSavedByObjectVersion
1070
     0
  0
VISUALSTYLE
  5
2E
102
{ACAD_REACTORS
330
2A
102
}
102
{ACAD_XDICTIONARY
360
21E
102
}
330
2A
100
AcDbVisualStyle
  2
GouraudWithEdges
 70
     3
 71
     2
 72
     2
 73
     1
 90
        2
 40
-0.6
 41
30.0
 62
     5
 63
     7
421
 16777215
 74
     1
 91
        4
 64
     7
 65
   257
 75
     1
175
     1
 42
1.0
 92
        0
 66
   257
 43
1.0
 76
     1
 77
     6
 78
     2
 67
     7
 79
     5
170
     0
171
     0
290
     0
174
     0
 93
       13
 44
0.0
173
     0
291
     1
 45
0.0
1001
ACAD
1000
AcDbSavedByObjectVersion
1070
     0
  0
VISUALSTYLE
  5
38
102
{ACAD_REACTORS
330
2A
102
}
102
{ACAD_XDICTIONARY
360
232
102
}
330
2A
100
AcDbVisualStyle
  2
Linepattern
 70
    14
 71
     2
 72
     2
 73
     0
 90
        0
 40
-0.6
 41
-30.0
 62
     5
 63
     7
421
 16777215
 74
     1
 91
        4
 64
     7
 65
   257
 75
     7
175
     7
 42
1.0
 92
        8
 66
     7
 43
1.0
 76
     1
 77
     6
 78
     2
 67
     7
 79
     5
170
     0
171
     0
290
     0
174
     0
 93
        1
 44
0.0
173
     0
291
     1
 45
0.0
1001
ACAD
1000
AcDbSavedByObjectVersion
1070
     0
  0
VISUALSTYLE
  5
33
102
{ACAD_REACTORS
330
2A
102
}
102
{ACAD_XDICTIONARY
360
228
102
}
330
2A
100
AcDbVisualStyle
  2
Realistic
 70
     8
 71
     2
 72
     2
 73
     0
 90
        0
 40
-0.6
 41
-30.0
 62
     5
 63
     7
421
 16777215
 74
     1
 91
        0
 64
     7
 65
   257
 75
     1
175
     1
 42
1.0
 92
        8
 66
     8
424
  7895160
 43
1.0
 76
     1
 77
     6
 78
     2
 67
     7
 79
     5
170
     0
171
     0
290
     0
174
     0
 93
       13
 44
0.0
173
     0
291
     0
 45
0.0
1001
ACAD
1000
AcDbSavedByObjectVersion
1070
     0
  0
VISUALSTYLE
  5
37
102
{ACAD_REACTORS
330
2A
102
}
102
{ACAD_XDICTIONARY
360
230
102
}
330
2A
100
AcDbVisualStyle
  2
Thicken
 70
    13
 71
     2
 72
     2
 73
     0
 90
        0
 40
-0.6
 41
-30.0
 62
     5
 63
     7
421
 16777215
 74
     1
 91
        4
 64
     7
 65
   257
 75
     1
175
     1
 42
1.0
 92
       12
 66
     7
 43
1.0
 76
     1
 77
     6
 78
     2
 67
     7
 79
     5
170
     0
171
     0
290
     0
174
     0
 93
        1
 44
0.0
173
     0
291
     1
 45
0.0
1001
ACAD
1000
AcDbSavedByObjectVersion
1070
     0
  0
DICTIONARY
  5
23A
330
3D
100
AcDbDictionary
280
     1
281
     1
  3
ACAD_XREC_ROUNDTRIP
360
23B
  0
DICTIONARY
  5
238
330
3C
100
AcDbDictionary
280
     1
281
     1
  3
ACAD_XREC_ROUNDTRIP
360
239
  0
DICTIONARY
  5
23C
330
3E
100
AcDbDictionary
280
     1
281
     1
  3
ACAD_XREC_ROUNDTRIP
360
23D
  0
DICTIONARY
  5
220
330
2F
100
AcDbDictionary
280
     1
281
     1
  3
ACAD_XREC_ROUNDTRIP
360
221
  0
DICTIONARY
  5
224
330
31
100
AcDbDictionary
280
     1
281
     1
  3
ACAD_XREC_ROUNDTRIP
360
225
  0
DICTIONARY
  5
222
330
30
100
AcDbDictionary
280
     1
281
     1
  3
ACAD_XREC_ROUNDTRIP
360
223
  0
DICTIONARY
  5
226
330
32
100
AcDbDictionary
280
     1
281
     1
  3
ACAD_XREC_ROUNDTRIP
360
227
  0
DICTIONARY
  5
22E
330
36
100
AcDbDictionary
280
     1
281
     1
  3
ACAD_XREC_ROUNDTRIP
360
22F
  0
DICTIONARY
  5
236
330
3A
100
AcDbDictionary
280
     1
281
     1
  3
ACAD_XREC_ROUNDTRIP
360
237
  0
DICTIONARY
  5
22A
330
34
100
AcDbDictionary
280
     1
281
     1
  3
ACAD_XREC_ROUNDTRIP
360
22B
  0
DICTIONARY
  5
22C
330
35
100
AcDbDictionary
280
     1
281
     1
  3
ACAD_XREC_ROUNDTRIP
360
22D
  0
DICTIONARY
  5
234
330
39
100
AcDbDictionary
280
     1
281
     1
  3
ACAD_XREC_ROUNDTRIP
360
235
  0
DICTIONARY
  5
218
330
2B
100
AcDbDictionary
280
     1
281
     1
  3
ACAD_XREC_ROUNDTRIP
360
219
  0
DICTIONARY
  5
21A
330
2C
100
AcDbDictionary
280
     1
281
     1
  3
ACAD_XREC_ROUNDTRIP
360
21B
  0
DICTIONARY
  5
21C
330
2D
100
AcDbDictionary
280
     1
281
     1
  3
ACAD_XREC_ROUNDTRIP
360
21D
  0
DICTIONARY
  5
21E
330
2E
100
AcDbDictionary
280
     1
281
     1
  3
ACAD_XREC_ROUNDTRIP
360
21F
  0
DICTIONARY
  5
232
330
38
100
AcDbDictionary
280
     1
281
     1
  3
ACAD_XREC_ROUNDTRIP
360
233
  0
DICTIONARY
  5
228
330
33
100
AcDbDictionary
280
     1
281
     1
  3
ACAD_XREC_ROUNDTRIP
360
229
  0
DICTIONARY
  5
230
330
37
100
AcDbDictionary
280
     1
281
     1
  3
ACAD_XREC_ROUNDTRIP
360
231
  0
XRECORD
  5
23B
102
{ACAD_REACTORS
330
23A
102
}
330
23A
100
AcDbXrecord
280
     1
102
MATERIAL
148
0.0
149
0.0
149
0.0
 93
        0
 94
      127
282
     0
 72
     1
 77
     1
171
     1
175
     1
179
     1
273
     0
  0
XRECORD
  5
239
102
{ACAD_REACTORS
330
238
102
}
330
238
100
AcDbXrecord
280
     1
102
MATERIAL
148
0.0
149
0.0
149
0.0
 93
        0
 94
      127
282
     0
 72
     1
 77
     1
171
     1
175
     1
179
     1
273
     0
  0
XRECORD
  5
23D
102
{ACAD_REACTORS
330
23C
102
}
330
23C
100
AcDbXrecord
280
     1
102
MATERIAL
148
0.0
149
0.0
149
0.0
 93
        0
 94
      127
282
     0
 72
     1
 77
     1
171
     1
175
     1
179
     1
273
     0
  0
XRECORD
  5
221
102
{ACAD_REACTORS
330
220
102
}
330
220
100
AcDbXrecord
280
     1
102
RTVSPropertyOp0
 70
     1
102
RTVSPropertyOp1
 70
     1
102
RTVSPropertyOp2
 70
     1
102
RTVSPropertyOp3
 70
     1
102
RTVSPropertyOp4
 70
     1
102
RTVSPropertyOp5
 70
     1
102
RTVSPropertyOp6
 70
     1
102
RTVSPropertyOp7
 70
     1
102
RTVSPropertyOp8
 70
     1
102
RTVSPropertyOp9
 70
     1
102
RTVSPropertyOp10
 70
     1
102
RTVSPropertyOp11
 70
     1
102
RTVSPropertyOp12
 70
     1
102
RTVSPropertyOp13
 70
     1
102
RTVSPropertyOp14
 70
     1
102
RTVSPropertyOp15
 70
     1
102
RTVSPropertyOp16
 70
     1
102
RTVSPropertyOp17
 70
     1
102
RTVSPropertyOp18
 70
     1
102
RTVSPropertyOp19
 70
     1
102
RTVSPropertyOp20
 70
     1
102
RTVSPropertyOp21
 70
     1
102
RTVSPropertyOp22
 70
     1
102
RTVSPropertyOp23
 70
     1
102
RTVSPropertyOp24
 70
     1
102
RTVSPropertyOp25
 70
     1
102
RTVSPropertyOp26
 70
     1
102
RTVSPropertyOp27
 70
     1
102
RTVSPropertyOp28
 70
     1
102
RTVSPropertyOp29
 70
     1
102
RTVSPropertyOp30
 70
     1
102
RTVSPropertyOp31
 70
     1
102
RTVSPropertyOp32
 70
     1
  0
XRECORD
  5
225
102
{ACAD_REACTORS
330
224
102
}
330
224
100
AcDbXrecord
280
     1
102
RTVSPropertyOp0
 70
     1
102
RTVSPropertyOp1
 70
     1
102
RTVSPropertyOp2
 70
     1
102
RTVSPropertyOp3
 70
     1
102
RTVSPropertyOp4
 70
     1
102
RTVSPropertyOp5
 70
     1
102
RTVSPropertyOp6
 70
     1
102
RTVSPropertyOp7
 70
     1
102
RTVSPropertyOp8
 70
     1
102
RTVSPropertyOp9
 70
     1
102
RTVSPropertyOp10
 70
     1
102
RTVSPropertyOp11
 70
     1
102
RTVSPropertyOp12
 70
     1
102
RTVSPropertyOp13
 70
     1
102
RTVSPropertyOp14
 70
     1
102
RTVSPropertyOp15
 70
     1
102
RTVSPropertyOp16
 70
     1
102
RTVSPropertyOp17
 70
     1
102
RTVSPropertyOp18
 70
     1
102
RTVSPropertyOp19
 70
     1
102
RTVSPropertyOp20
 70
     1
102
RTVSPropertyOp21
 70
     1
102
RTVSPropertyOp22
 70
     1
102
RTVSPropertyOp23
 70
     1
102
RTVSPropertyOp24
 70
     1
102
RTVSPropertyOp25
 70
     1
102
RTVSPropertyOp26
 70
     1
102
RTVSPropertyOp27
 70
     1
102
RTVSPropertyOp28
 70
     1
102
RTVSPropertyOp29
 70
     1
102
RTVSPropertyOp30
 70
     1
102
RTVSPropertyOp31
 70
     1
102
RTVSPropertyOp32
 70
     1
  0
XRECORD
  5
223
102
{ACAD_REACTORS
330
222
102
}
330
222
100
AcDbXrecord
280
     1
102
RTVSPropertyOp0
 70
     1
102
RTVSPropertyOp1
 70
     1
102
RTVSPropertyOp2
 70
     1
102
RTVSPropertyOp3
 70
     1
102
RTVSPropertyOp4
 70
     1
102
RTVSPropertyOp5
 70
     1
102
RTVSPropertyOp6
 70
     1
102
RTVSPropertyOp7
 70
     1
102
RTVSPropertyOp8
 70
     1
102
RTVSPropertyOp9
 70
     1
102
RTVSPropertyOp10
 70
     1
102
RTVSPropertyOp11
 70
     1
102
RTVSPropertyOp12
 70
     1
102
RTVSPropertyOp13
 70
     1
102
RTVSPropertyOp14
 70
     1
102
RTVSPropertyOp15
 70
     1
102
RTVSPropertyOp16
 70
     1
102
RTVSPropertyOp17
 70
     1
102
RTVSPropertyOp18
 70
     1
102
RTVSPropertyOp19
 70
     1
102
RTVSPropertyOp20
 70
     1
102
RTVSPropertyOp21
 70
     1
102
RTVSPropertyOp22
 70
     1
102
RTVSPropertyOp23
 70
     1
102
RTVSPropertyOp24
 70
     1
102
RTVSPropertyOp25
 70
     1
102
RTVSPropertyOp26
 70
     1
102
RTVSPropertyOp27
 70
     1
102
RTVSPropertyOp28
 70
     1
102
RTVSPropertyOp29
 70
     1
102
RTVSPropertyOp30
 70
     1
102
RTVSPropertyOp31
 70
     1
102
RTVSPropertyOp32
 70
     1
  0
XRECORD
  5
227
102
{ACAD_REACTORS
330
226
102
}
330
226
100
AcDbXrecord
280
     1
102
RTVSPropertyOp0
 70
     1
102
RTVSPropertyOp1
 70
     1
102
RTVSPropertyOp2
 70
     1
102
RTVSPropertyOp3
 70
     1
102
RTVSPropertyOp4
 70
     1
102
RTVSPropertyOp5
 70
     1
102
RTVSPropertyOp6
 70
     1
102
RTVSPropertyOp7
 70
     1
102
RTVSPropertyOp8
 70
     1
102
RTVSPropertyOp9
 70
     1
102
RTVSPropertyOp10
 70
     1
102
RTVSPropertyOp11
 70
     1
102
RTVSPropertyOp12
 70
     1
102
RTVSPropertyOp13
 70
     1
102
RTVSPropertyOp14
 70
     1
102
RTVSPropertyOp15
 70
     1
102
RTVSPropertyOp16
 70
     1
102
RTVSPropertyOp17
 70
     1
102
RTVSPropertyOp18
 70
     1
102
RTVSPropertyOp19
 70
     1
102
RTVSPropertyOp20
 70
     1
102
RTVSPropertyOp21
 70
     1
102
RTVSPropertyOp22
 70
     1
102
RTVSPropertyOp23
 70
     1
102
RTVSPropertyOp24
 70
     1
102
RTVSPropertyOp25
 70
     1
102
RTVSPropertyOp26
 70
     1
102
RTVSPropertyOp27
 70
     1
102
RTVSPropertyOp28
 70
     1
102
RTVSPropertyOp29
 70
     1
102
RTVSPropertyOp30
 70
     1
102
RTVSPropertyOp31
 70
     1
102
RTVSPropertyOp32
 70
     1
  0
XRECORD
  5
22F
102
{ACAD_REACTORS
330
22E
102
}
330
22E
100
AcDbXrecord
280
     1
102
RTVSPropertyOp0
 70
     1
102
RTVSPropertyOp1
 70
     1
102
RTVSPropertyOp2
 70
     1
102
RTVSPropertyOp3
 70
     1
102
RTVSPropertyOp4
 70
     1
102
RTVSPropertyOp5
 70
     1
102
RTVSPropertyOp6
 70
     1
102
RTVSPropertyOp7
 70
     1
102
RTVSPropertyOp8
 70
     1
102
RTVSPropertyOp9
 70
     1
102
RTVSPropertyOp10
 70
     1
102
RTVSPropertyOp11
 70
     1
102
RTVSPropertyOp12
 70
     1
102
RTVSPropertyOp13
 70
     1
102
RTVSPropertyOp14
 70
     1
102
RTVSPropertyOp15
 70
     1
102
RTVSPropertyOp16
 70
     1
102
RTVSPropertyOp17
 70
     1
102
RTVSPropertyOp18
 70
     1
102
RTVSPropertyOp19
 70
     1
102
RTVSPropertyOp20
 70
     1
102
RTVSPropertyOp21
 70
     1
102
RTVSPropertyOp22
 70
     1
102
RTVSPropertyOp23
 70
     1
102
RTVSPropertyOp24
 70
     1
102
RTVSPropertyOp25
 70
     1
102
RTVSPropertyOp26
 70
     1
102
RTVSPropertyOp27
 70
     1
102
RTVSPropertyOp28
 70
     1
102
RTVSPropertyOp29
 70
     1
102
RTVSPropertyOp30
 70
     1
102
RTVSPropertyOp31
 70
     1
102
RTVSPropertyOp32
 70
     1
  0
XRECORD
  5
237
102
{ACAD_REACTORS
330
236
102
}
330
236
100
AcDbXrecord
280
     1
102
RTVSPropertyOp0
 70
     1
102
RTVSPropertyOp1
 70
     1
102
RTVSPropertyOp2
 70
     1
102
RTVSPropertyOp3
 70
     1
102
RTVSPropertyOp4
 70
     1
102
RTVSPropertyOp5
 70
     1
102
RTVSPropertyOp6
 70
     1
102
RTVSPropertyOp7
 70
     1
102
RTVSPropertyOp8
 70
     1
102
RTVSPropertyOp9
 70
     1
102
RTVSPropertyOp10
 70
     1
102
RTVSPropertyOp11
 70
     1
102
RTVSPropertyOp12
 70
     1
102
RTVSPropertyOp13
 70
     1
102
RTVSPropertyOp14
 70
     1
102
RTVSPropertyOp15
 70
     1
102
RTVSPropertyOp16
 70
     1
102
RTVSPropertyOp17
 70
     1
102
RTVSPropertyOp18
 70
     1
102
RTVSPropertyOp19
 70
     1
102
RTVSPropertyOp20
 70
     1
102
RTVSPropertyOp21
 70
     1
102
RTVSPropertyOp22
 70
     1
102
RTVSPropertyOp23
 70
     1
102
RTVSPropertyOp24
 70
     1
102
RTVSPropertyOp25
 70
     1
102
RTVSPropertyOp26
 70
     1
102
RTVSPropertyOp27
 70
     1
102
RTVSPropertyOp28
 70
     1
102
RTVSPropertyOp29
 70
     1
102
RTVSPropertyOp30
 70
     1
102
RTVSPropertyOp31
 70
     1
102
RTVSPropertyOp32
 70
     1
  0
XRECORD
  5
22B
102
{ACAD_REACTORS
330
22A
102
}
330
22A
100
AcDbXrecord
280
     1
102
RTVSPropertyOp0
 70
     1
102
RTVSPropertyOp1
 70
     1
102
RTVSPropertyOp2
 70
     1
102
RTVSPropertyOp3
 70
     1
102
RTVSPropertyOp4
 70
     1
102
RTVSPropertyOp5
 70
     1
102
RTVSPropertyOp6
 70
     1
102
RTVSPropertyOp7
 70
     1
102
RTVSPropertyOp8
 70
     1
102
RTVSPropertyOp9
 70
     1
102
RTVSPropertyOp10
 70
     1
102
RTVSPropertyOp11
 70
     1
102
RTVSPropertyOp12
 70
     1
102
RTVSPropertyOp13
 70
     1
102
RTVSPropertyOp14
 70
     1
102
RTVSPropertyOp15
 70
     1
102
RTVSPropertyOp16
 70
     1
102
RTVSPropertyOp17
 70
     1
102
RTVSPropertyOp18
 70
     1
102
RTVSPropertyOp19
 70
     1
102
RTVSPropertyOp20
 70
     1
102
RTVSPropertyOp21
 70
     1
102
RTVSPropertyOp22
 70
     1
102
RTVSPropertyOp23
 70
     1
102
RTVSPropertyOp24
 70
     1
102
RTVSPropertyOp25
 70
     1
102
RTVSPropertyOp26
 70
     1
102
RTVSPropertyOp27
 70
     1
102
RTVSPropertyOp28
 70
     1
102
RTVSPropertyOp29
 70
     1
102
RTVSPropertyOp30
 70
     1
102
RTVSPropertyOp31
 70
     1
102
RTVSPropertyOp32
 70
     1
  0
XRECORD
  5
22D
102
{ACAD_REACTORS
330
22C
102
}
330
22C
100
AcDbXrecord
280
     1
102
RTVSPropertyOp0
 70
     1
102
RTVSPropertyOp1
 70
     1
102
RTVSPropertyOp2
 70
     1
102
RTVSPropertyOp3
 70
     1
102
RTVSPropertyOp4
 70
     1
102
RTVSPropertyOp5
 70
     1
102
RTVSPropertyOp6
 70
     1
102
RTVSPropertyOp7
 70
     1
102
RTVSPropertyOp8
 70
     1
102
RTVSPropertyOp9
 70
     1
102
RTVSPropertyOp10
 70
     1
102
RTVSPropertyOp11
 70
     1
102
RTVSPropertyOp12
 70
     1
102
RTVSPropertyOp13
 70
     1
102
RTVSPropertyOp14
 70
     1
102
RTVSPropertyOp15
 70
     1
102
RTVSPropertyOp16
 70
     1
102
RTVSPropertyOp17
 70
     1
102
RTVSPropertyOp18
 70
     1
102
RTVSPropertyOp19
 70
     1
102
RTVSPropertyOp20
 70
     1
102
RTVSPropertyOp21
 70
     1
102
RTVSPropertyOp22
 70
     1
102
RTVSPropertyOp23
 70
     1
102
RTVSPropertyOp24
 70
     1
102
RTVSPropertyOp25
 70
     1
102
RTVSPropertyOp26
 70
     1
102
RTVSPropertyOp27
 70
     1
102
RTVSPropertyOp28
 70
     1
102
RTVSPropertyOp29
 70
     1
102
RTVSPropertyOp30
 70
     1
102
RTVSPropertyOp31
 70
     1
102
RTVSPropertyOp32
 70
     1
  0
XRECORD
  5
235
102
{ACAD_REACTORS
330
234
102
}
330
234
100
AcDbXrecord
280
     1
102
RTVSPropertyOp0
 70
     1
102
RTVSPropertyOp1
 70
     1
102
RTVSPropertyOp2
 70
     1
102
RTVSPropertyOp3
 70
     1
102
RTVSPropertyOp4
 70
     1
102
RTVSPropertyOp5
 70
     1
102
RTVSPropertyOp6
 70
     1
102
RTVSPropertyOp7
 70
     1
102
RTVSPropertyOp8
 70
     1
102
RTVSPropertyOp9
 70
     1
102
RTVSPropertyOp10
 70
     1
102
RTVSPropertyOp11
 70
     1
102
RTVSPropertyOp12
 70
     1
102
RTVSPropertyOp13
 70
     1
102
RTVSPropertyOp14
 70
     1
102
RTVSPropertyOp15
 70
     1
102
RTVSPropertyOp16
 70
     1
102
RTVSPropertyOp17
 70
     1
102
RTVSPropertyOp18
 70
     1
102
RTVSPropertyOp19
 70
     1
102
RTVSPropertyOp20
 70
     1
102
RTVSPropertyOp21
 70
     1
102
RTVSPropertyOp22
 70
     1
102
RTVSPropertyOp23
 70
     1
102
RTVSPropertyOp24
 70
     1
102
RTVSPropertyOp25
 70
     1
102
RTVSPropertyOp26
 70
     1
102
RTVSPropertyOp27
 70
     1
102
RTVSPropertyOp28
 70
     1
102
RTVSPropertyOp29
 70
     1
102
RTVSPropertyOp30
 70
     1
102
RTVSPropertyOp31
 70
     1
102
RTVSPropertyOp32
 70
     1
  0
XRECORD
  5
219
102
{ACAD_REACTORS
330
218
102
}
330
218
100
AcDbXrecord
280
     1
102
RTVSPropertyOp0
 70
     1
102
RTVSPropertyOp1
 70
     1
102
RTVSPropertyOp2
 70
     1
102
RTVSPropertyOp3
 70
     1
102
RTVSPropertyOp4
 70
     1
102
RTVSPropertyOp5
 70
     1
102
RTVSPropertyOp6
 70
     1
102
RTVSPropertyOp7
 70
     1
102
RTVSPropertyOp8
 70
     1
102
RTVSPropertyOp9
 70
     1
102
RTVSPropertyOp10
 70
     1
102
RTVSPropertyOp11
 70
     1
102
RTVSPropertyOp12
 70
     1
102
RTVSPropertyOp13
 70
     1
102
RTVSPropertyOp14
 70
     1
102
RTVSPropertyOp15
 70
     1
102
RTVSPropertyOp16
 70
     1
102
RTVSPropertyOp17
 70
     1
102
RTVSPropertyOp18
 70
     1
102
RTVSPropertyOp19
 70
     1
102
RTVSPropertyOp20
 70
     1
102
RTVSPropertyOp21
 70
     1
102
RTVSPropertyOp22
 70
     1
102
RTVSPropertyOp23
 70
     1
102
RTVSPropertyOp24
 70
     1
102
RTVSPropertyOp25
 70
     1
102
RTVSPropertyOp26
 70
     1
102
RTVSPropertyOp27
 70
     1
102
RTVSPropertyOp28
 70
     1
102
RTVSPropertyOp29
 70
     1
102
RTVSPropertyOp30
 70
     1
102
RTVSPropertyOp31
 70
     1
102
RTVSPropertyOp32
 70
     1
  0
XRECORD
  5
21B
102
{ACAD_REACTORS
330
21A
102
}
330
21A
100
AcDbXrecord
280
     1
102
RTVSPropertyOp0
 70
     1
102
RTVSPropertyOp1
 70
     1
102
RTVSPropertyOp2
 70
     1
102
RTVSPropertyOp3
 70
     1
102
RTVSPropertyOp4
 70
     1
102
RTVSPropertyOp5
 70
     1
102
RTVSPropertyOp6
 70
     1
102
RTVSPropertyOp7
 70
     1
102
RTVSPropertyOp8
 70
     1
102
RTVSPropertyOp9
 70
     1
102
RTVSPropertyOp10
 70
     1
102
RTVSPropertyOp11
 70
     1
102
RTVSPropertyOp12
 70
     1
102
RTVSPropertyOp13
 70
     1
102
RTVSPropertyOp14
 70
     1
102
RTVSPropertyOp15
 70
     1
102
RTVSPropertyOp16
 70
     1
102
RTVSPropertyOp17
 70
     1
102
RTVSPropertyOp18
 70
     1
102
RTVSPropertyOp19
 70
     1
102
RTVSPropertyOp20
 70
     1
102
RTVSPropertyOp21
 70
     1
102
RTVSPropertyOp22
 70
     1
102
RTVSPropertyOp23
 70
     1
102
RTVSPropertyOp24
 70
     1
102
RTVSPropertyOp25
 70
     1
102
RTVSPropertyOp26
 70
     1
102
RTVSPropertyOp27
 70
     1
102
RTVSPropertyOp28
 70
     1
102
RTVSPropertyOp29
 70
     1
102
RTVSPropertyOp30
 70
     1
102
RTVSPropertyOp31
 70
     1
102
RTVSPropertyOp32
 70
     1
  0
XRECORD
  5
21D
102
{ACAD_REACTORS
330
21C
102
}
330
21C
100
AcDbXrecord
280
     1
102
RTVSPropertyOp0
 70
     1
102
RTVSPropertyOp1
 70
     1
102
RTVSPropertyOp2
 70
     1
102
RTVSPropertyOp3
 70
     1
102
RTVSPropertyOp4
 70
     1
102
RTVSPropertyOp5
 70
     1
102
RTVSPropertyOp6
 70
     1
102
RTVSPropertyOp7
 70
     1
102
RTVSPropertyOp8
 70
     1
102
RTVSPropertyOp9
 70
     1
102
RTVSPropertyOp10
 70
     1
102
RTVSPropertyOp11
 70
     1
102
RTVSPropertyOp12
 70
     1
102
RTVSPropertyOp13
 70
     1
102
RTVSPropertyOp14
 70
     1
102
RTVSPropertyOp15
 70
     1
102
RTVSPropertyOp16
 70
     1
102
RTVSPropertyOp17
 70
     1
102
RTVSPropertyOp18
 70
     1
102
RTVSPropertyOp19
 70
     1
102
RTVSPropertyOp20
 70
     1
102
RTVSPropertyOp21
 70
     1
102
RTVSPropertyOp22
 70
     1
102
RTVSPropertyOp23
 70
     1
102
RTVSPropertyOp24
 70
     1
102
RTVSPropertyOp25
 70
     1
102
RTVSPropertyOp26
 70
     1
102
RTVSPropertyOp27
 70
     1
102
RTVSPropertyOp28
 70
     1
102
RTVSPropertyOp29
 70
     1
102
RTVSPropertyOp30
 70
     1
102
RTVSPropertyOp31
 70
     1
102
RTVSPropertyOp32
 70
     1
  0
XRECORD
  5
21F
102
{ACAD_REACTORS
330
21E
102
}
330
21E
100
AcDbXrecord
280
     1
102
RTVSPropertyOp0
 70
     1
102
RTVSPropertyOp1
 70
     1
102
RTVSPropertyOp2
 70
     1
102
RTVSPropertyOp3
 70
     1
102
RTVSPropertyOp4
 70
     1
102
RTVSPropertyOp5
 70
     1
102
RTVSPropertyOp6
 70
     1
102
RTVSPropertyOp7
 70
     1
102
RTVSPropertyOp8
 70
     1
102
RTVSPropertyOp9
 70
     1
102
RTVSPropertyOp10
 70
     1
102
RTVSPropertyOp11
 70
     1
102
RTVSPropertyOp12
 70
     1
102
RTVSPropertyOp13
 70
     1
102
RTVSPropertyOp14
 70
     1
102
RTVSPropertyOp15
 70
     1
102
RTVSPropertyOp16
 70
     1
102
RTVSPropertyOp17
 70
     1
102
RTVSPropertyOp18
 70
     1
102
RTVSPropertyOp19
 70
     1
102
RTVSPropertyOp20
 70
     1
102
RTVSPropertyOp21
 70
     1
102
RTVSPropertyOp22
 70
     1
102
RTVSPropertyOp23
 70
     1
102
RTVSPropertyOp24
 70
     1
102
RTVSPropertyOp25
 70
     1
102
RTVSPropertyOp26
 70
     1
102
RTVSPropertyOp27
 70
     1
102
RTVSPropertyOp28
 70
     1
102
RTVSPropertyOp29
 70
     1
102
RTVSPropertyOp30
 70
     1
102
RTVSPropertyOp31
 70
     1
102
RTVSPropertyOp32
 70
     1
  0
XRECORD
  5
233
102
{ACAD_REACTORS
330
232
102
}
330
232
100
AcDbXrecord
280
     1
102
RTVSPropertyOp0
 70
     1
102
RTVSPropertyOp1
 70
     1
102
RTVSPropertyOp2
 70
     1
102
RTVSPropertyOp3
 70
     1
102
RTVSPropertyOp4
 70
     1
102
RTVSPropertyOp5
 70
     1
102
RTVSPropertyOp6
 70
     1
102
RTVSPropertyOp7
 70
     1
102
RTVSPropertyOp8
 70
     1
102
RTVSPropertyOp9
 70
     1
102
RTVSPropertyOp10
 70
     1
102
RTVSPropertyOp11
 70
     1
102
RTVSPropertyOp12
 70
     1
102
RTVSPropertyOp13
 70
     1
102
RTVSPropertyOp14
 70
     1
102
RTVSPropertyOp15
 70
     1
102
RTVSPropertyOp16
 70
     1
102
RTVSPropertyOp17
 70
     1
102
RTVSPropertyOp18
 70
     1
102
RTVSPropertyOp19
 70
     1
102
RTVSPropertyOp20
 70
     1
102
RTVSPropertyOp21
 70
     1
102
RTVSPropertyOp22
 70
     1
102
RTVSPropertyOp23
 70
     1
102
RTVSPropertyOp24
 70
     1
102
RTVSPropertyOp25
 70
     1
102
RTVSPropertyOp26
 70
     1
102
RTVSPropertyOp27
 70
     1
102
RTVSPropertyOp28
 70
     1
102
RTVSPropertyOp29
 70
     1
102
RTVSPropertyOp30
 70
     1
102
RTVSPropertyOp31
 70
     1
102
RTVSPropertyOp32
 70
     1
  0
XRECORD
  5
229
102
{ACAD_REACTORS
330
228
102
}
330
228
100
AcDbXrecord
280
     1
102
RTVSPropertyOp0
 70
     1
102
RTVSPropertyOp1
 70
     1
102
RTVSPropertyOp2
 70
     1
102
RTVSPropertyOp3
 70
     1
102
RTVSPropertyOp4
 70
     1
102
RTVSPropertyOp5
 70
     1
102
RTVSPropertyOp6
 70
     1
102
RTVSPropertyOp7
 70
     1
102
RTVSPropertyOp8
 70
     1
102
RTVSPropertyOp9
 70
     1
102
RTVSPropertyOp10
 70
     1
102
RTVSPropertyOp11
 70
     1
102
RTVSPropertyOp12
 70
     1
102
RTVSPropertyOp13
 70
     1
102
RTVSPropertyOp14
 70
     1
102
RTVSPropertyOp15
 70
     1
102
RTVSPropertyOp16
 70
     1
102
RTVSPropertyOp17
 70
     1
102
RTVSPropertyOp18
 70
     1
102
RTVSPropertyOp19
 70
     1
102
RTVSPropertyOp20
 70
     1
102
RTVSPropertyOp21
 70
     1
102
RTVSPropertyOp22
 70
     1
102
RTVSPropertyOp23
 70
     1
102
RTVSPropertyOp24
 70
     1
102
RTVSPropertyOp25
 70
     1
102
RTVSPropertyOp26
 70
     1
102
RTVSPropertyOp27
 70
     1
102
RTVSPropertyOp28
 70
     1
102
RTVSPropertyOp29
 70
     1
102
RTVSPropertyOp30
 70
     1
102
RTVSPropertyOp31
 70
     1
102
RTVSPropertyOp32
 70
     1
  0
XRECORD
  5
231
102
{ACAD_REACTORS
330
230
102
}
330
230
100
AcDbXrecord
280
     1
102
RTVSPropertyOp0
 70
     1
102
RTVSPropertyOp1
 70
     1
102
RTVSPropertyOp2
 70
     1
102
RTVSPropertyOp3
 70
     1
102
RTVSPropertyOp4
 70
     1
102
RTVSPropertyOp5
 70
     1
102
RTVSPropertyOp6
 70
     1
102
RTVSPropertyOp7
 70
     1
102
RTVSPropertyOp8
 70
     1
102
RTVSPropertyOp9
 70
     1
102
RTVSPropertyOp10
 70
     1
102
RTVSPropertyOp11
 70
     1
102
RTVSPropertyOp12
 70
     1
102
RTVSPropertyOp13
 70
     1
102
RTVSPropertyOp14
 70
     1
102
RTVSPropertyOp15
 70
     1
102
RTVSPropertyOp16
 70
     1
102
RTVSPropertyOp17
 70
     1
102
RTVSPropertyOp18
 70
     1
102
RTVSPropertyOp19
 70
     1
102
RTVSPropertyOp20
 70
     1
102
RTVSPropertyOp21
 70
     1
102
RTVSPropertyOp22
 70
     1
102
RTVSPropertyOp23
 70
     1
102
RTVSPropertyOp24
 70
     1
102
RTVSPropertyOp25
 70
     1
102
RTVSPropertyOp26
 70
     1
102
RTVSPropertyOp27
 70
     1
102
RTVSPropertyOp28
 70
     1
102
RTVSPropertyOp29
 70
     1
102
RTVSPropertyOp30
 70
     1
102
RTVSPropertyOp31
 70
     1
102
RTVSPropertyOp32
 70
     1
  0
ENDSEC
  0
EOF
