Aircraft_ID,time,north_ft,east_ft,up_ft,speed_ftps,phi_rad,theta_rad,psi_rad
1,0.0,0.0,0.0,2672.8771086346246,70.5820223950449,0.0,0.0,0.0
1,0.1,7.0582022395044905,0.0,2672.8771086346246,70.5820223950449,0.0,0.0,0.0
1,0.2,14.116404479008981,0.0,2672.8771086346246,70.5820223950449,0.0,0.0,0.0
1,0.30000000000000004,21.174606718513473,0.0,2672.8771086346246,70.5820223950449,0.0,0.0,0.0
1,0.4,28.232808958017962,0.0,2672.8771086346246,70.5820223950449,0.0,0.0,0.0
1,0.5,35.29101119752245,0.0,2672.8771086346246,70.5820223950449,0.0,0.0,0.0
1,0.6000000000000001,42.34921343702694,0.0,2672.8771086346246,70.5820223950449,0.0,0.0,0.0
1,0.7000000000000001,49.40741567653143,0.0,2672.8771086346246,70.5820223950449,0.0,0.0,0.0
1,0.8,56.46561791603592,0.0,2672.8771086346246,70.5820223950449,0.0,0.0,0.0
1,0.9,63.523820155540406,0.0,2672.8771086346246,70.5820223950449,0.0,0.0,0.0
1,1.0,70.5820223950449,0.0,2672.8771086346246,70.5820223950449,0.0,0.0,0.0
1,1.1,77.6402246345494,0.0,2672.8771086346246,70.5820223950449,0.0,0.0,0.0
1,1.2000000000000002,84.6984268740539,0.0,2672.8771086346246,70.5820223950449,0.0,0.0,0.0
1,1.3,91.75662911355839,0.0,2672.8771086346246,70.5820223950449,0.0,0.0,0.0
1,1.4000000000000001,98.81483135306289,0.0,2672.8771086346246,70.5820223950449,0.0,0.0,0.0
1,1.5,105.87303359256738,0.0,2672.8771086346246,70.5820223950449,0.0,0.0,0.0
1,1.6,112.93123583207188,0.0,2672.8771086346246,70.5820223950449,0.0,0.0,0.0
1,1.7000000000000002,119.98943807157637,0.0,2672.8771086346246,70.5820223950449,0.0,0.0,0.0
1,1.8,127.04764031108087,0.0,2672.8771086346246,70.5820223950449,0.0,0.0,0.0
1,1.9000000000000001,134.10584255058535,0.0,2672.8771086346246,70.5820223950449,0.0,0.0,0.0
1,2.0,141.16404479008983,0.0,2672.8771086346246,70.5820223950449,0.0,0.0,0.0
1,2.1,148.2222470295943,0.0,2672.8771086346246,70.5820223950449,0.0,0.0,0.0
1,2.2,155.2804492690988,0.0,2672.8771086346246,70.5820223950449,0.0,0.0,0.0
1,2.3000000000000003,162.33865150860328,0.0,2672.8771086346246,70.5820223950449,0.0,0.0,0.0
1,2.4000000000000004,169.39685374810776,0.0,2672.8771086346246,70.5820223950449,0.0,0.0,0.0
1,2.5,176.45505598761224,0.0,2672.8771086346246,70.5820223950449,0.0,0.0,0.0
1,2.6,183.51325822711672,0.0,2672.8771086346246,70.5820223950449,0.0,0.0,0.0
1,2.7,190.5714604666212,0.0,2672.8771086346246,70.5820223950449,0.0,0.0,0.0
1,2.8000000000000003,197.62966270612569,0.0,2672.8771086346246,70.5820223950449,0.0,0.0,0.0
1,2.9000000000000004,204.68786494563017,0.0,2672.8771086346246,70.5820223950449,0.0,0.0,0.0
1,3.0,211.74606718513465,0.0,2672.8771086346246,70.5820223950449,0.0,0.0,0.0
1,3.1,218.80426942463913,0.0,2672.8771086346246,70.5820223950449,0.0,0.0,0.0
1,3.2,225.8624716641436,0.0,2672.8771086346246,70.5820223950449,0.0,0.0,0.0
1,3.3000000000000003,232.9206739036481,0.0,2672.8771086346246,70.5820223950449,0.0,0.0,0.0
1,3.4000000000000004,239.97887614315258,0.0,2672.8771086346246,70.5820223950449,0.0,0.0,0.0
1,3.5,247.03707838265706,0.0,2672.8771086346246,70.5820223950449,0.0,0.0,0.0
1,3.6,254.09528062216154,0.0,2672.8771086346246,70.5820223950449,0.0,0.0,0.0
1,3.7,261.153482861666,0.0,2672.8771086346246,70.5820223950449,0.0,0.0,0.0
1,3.8000000000000003,268.21168510117053,0.0,2672.8771086346246,70.5820223950449,0.0,0.0,0.0
1,3.9000000000000004,275.26988734067504,0.0,2672.8771086346246,70.5820223950449,0.0,0.0,0.0
1,4.0,282.32808958017955,0.0,2672.8771086346246,70.5820223950449,0.0,0.0,0.0
1,4.1000000000000005,289.38629181968406,0.0,2672.8771086346246,70.5820223950449,0.0,0.0,0.0
1,4.2,296.44449405918857,0.0,2672.8771086346246,70.5820223950449,0.0,0.0,0.0
1,4.3,303.5026962986931,0.0,2672.8771086346246,70.5820223950449,0.0,0.0,0.0
1,4.4,310.5608985381976,0.0,2672.8771086346246,70.5820223950449,0.0,0.0,0.0
1,4.5,317.6191007777021,0.0,2672.8771086346246,70.5820223950449,0.0,0.0,0.0
1,4.6000000000000005,324.6773030172066,0.0,2672.8771086346246,70.5820223950449,0.0,0.0,0.0
1,4.7,331.7355052567111,0.0,2672.8771086346246,70.5820223950449,0.0,0.0,0.0
1,4.800000000000001,338.79370749621563,0.0,2672.8771086346246,70.5820223950449,0.0,0.0,0.0
1,4.9,345.85190973572014,0.0,2672.8771086346246,70.5820223950449,0.0,0.0,0.0
1,5.0,352.91011197522465,0.0,2672.8771086346246,70.5820223950449,0.0,0.0,0.0
1,5.1000000000000005,359.96831421472916,0.0,2672.8771086346246,70.5820223950449,0.0,0.0,0.0
1,5.2,367.0265164542337,0.0,2672.8771086346246,70.5820223950449,0.0,0.0,0.0
1,5.300000000000001,374.0847186937382,0.0,2672.8771086346246,70.5820223950449,0.0,0.0,0.0
1,5.4,381.1429209332427,0.0,2672.8771086346246,70.5820223950449,0.0,0.0,0.0
1,5.5,388.2011231727472,0.0,2672.8771086346246,70.5820223950449,0.0,0.0,0.0
1,5.6000000000000005,395.2593254122517,0.0,2672.8771086346246,70.5820223950449,0.0,0.0,0.0
1,5.7,402.3175276517562,0.0,2672.8771086346246,70.5820223950449,0.0,0.0,0.0
1,5.800000000000001,409.37572989126073,0.0,2672.8771086346246,70.5820223950449,0.0,0.0,0.0
1,5.9,416.43393213076524,0.0,2672.8771086346246,70.5820223950449,0.0,0.0,0.0
1,6.0,423.49213437026975,0.0,2672.8771086346246,70.5820223950449,0.0,0.0,0.0
1,6.1000000000000005,430.55033660977426,0.0,2672.8771086346246,70.5820223950449,0.0,0.0,0.0
1,6.2,437.6085388492788,0.0,2672.8771086346246,70.5820223950449,0.0,0.0,0.0
1,6.300000000000001,444.6667410887833,0.0,2672.8771086346246,70.5820223950449,0.0,0.0,0.0
1,6.4,451.7249433282878,0.0,2672.8771086346246,70.5820223950449,0.0,0.0,0.0
1,6.5,458.7831455677923,0.0,2672.8771086346246,70.5820223950449,0.0,0.0,0.0
1,6.6000000000000005,465.8413478072968,0.0,2672.8771086346246,70.5820223950449,0.0,0.0,0.0
1,6.7,472.8995500468013,0.0,2672.8771086346246,70.5820223950449,0.0,0.0,0.0
1,6.800000000000001,479.95775228630583,0.0,2672.8771086346246,70.5820223950449,0.0,0.0,0.0
1,6.9,487.01595452581034,0.0,2672.8771086346246,70.5820223950449,0.0,0.0,0.0
1,7.0,494.07415676531485,0.0,2672.8771086346246,70.5820223950449,0.0,0.0,0.0
1,7.1000000000000005,501.13235900481936,0.0,2672.8771086346246,70.5820223950449,0.0,0.0,0.0
1,7.2,508.1905612443239,0.0,2672.8771086346246,70.5820223950449,0.0,0.0,0.0
1,7.300000000000001,515.2487634838284,0.0,2672.8771086346246,70.5820223950449,0.0,0.0,0.0
1,7.4,522.3069657233328,0.0,2672.8771086346246,70.5820223950449,0.0,0.0,0.0
1,7.5,529.3651679628373,0.0,2672.8771086346246,70.5820223950449,0.0,0.0,0.0
1,7.6000000000000005,536.4233702023417,0.0,2672.8771086346246,70.5820223950449,0.0,0.0,0.0
1,7.7,543.4815724418462,0.0,2672.8771086346246,70.5820223950449,0.0,0.0,0.0
1,7.800000000000001,550.5397746813507,0.0,2672.8771086346246,70.5820223950449,0.0,0.0,0.0
1,7.9,557.5979769208551,0.0,2672.8771086346246,70.5820223950449,0.0,0.0,0.0
1,8.0,564.6561791603596,0.0,2672.8771086346246,70.5820223950449,0.0,0.0,0.0
1,8.1,571.714381399864,0.0,2672.8771086346246,70.5820223950449,0.0,0.0,0.0
1,8.200000000000001,578.7725836393685,0.0,2672.8771086346246,70.5820223950449,0.0,0.0,0.0
1,8.3,585.8307858788729,0.0,2672.8771086346246,70.5820223950449,0.0,0.0,0.0
1,8.4,592.8889881183774,0.0,2672.8771086346246,70.5820223950449,0.0,0.0,0.0
1,8.5,599.9471903578818,0.0,2672.8771086346246,70.5820223950449,0.0,0.0,0.0
1,8.6,607.0053925973863,0.0,2672.8771086346246,70.5820223950449,0.0,0.0,0.0
1,8.700000000000001,614.0635948368907,0.0,2672.8771086346246,70.5820223950449,0.0,0.0,0.0
1,8.8,621.1217970763952,0.0,2672.8771086346246,70.5820223950449,0.0,0.0,0.0
1,8.9,628.1799993158996,0.0,2672.8771086346246,70.5820223950449,0.0,0.0,0.0
1,9.0,635.2382015554041,0.0,2672.8771086346246,70.5820223950449,0.0,-0.005235987755982989,0.0
1,9.1,642.2963070428186,0.0,2672.8401521429837,70.5820223950449,0.0,-0.010471975511965978,0.0
1,9.200000000000001,649.354122276616,0.0,2672.7662401728826,70.5820223950449,0.0,-0.015707963267948967,0.0
1,9.3,656.4114537632262,0.0,2672.6553747506555,70.5820223950449,0.0,-0.020943951023931956,0.0
1,9.4,663.4681080223417,0.0,2672.507558915734,70.5820223950449,0.0,-0.026179938779914945,0.0
1,9.5,670.5238915922212,0.0,2672.322796720564,70.5820223950449,0.0,-0.031415926535897934,0.0
1,9.600000000000001,677.578611034994,0.0,2672.1010932304944,70.5820223950449,0.0,-0.03665191429188092,0.0
1,9.700000000000001,684.6320729419629,0.0,2671.842454523638,70.5820223950449,0.0,-0.04188790204786391,0.0
1,9.8,691.6840839389067,0.0,2671.5468876907057,70.5820223950449,0.0,-0.0471238898038469,0.0
1,9.9,698.7344506913817,0.0,2671.214400834812,70.5820223950449,0.0,-0.05235987755982989,0.0
1,10.0,705.7829799100217,0.0,2670.845003071251,70.5820223950449,0.0,-0.0471238898038469,0.0
1,10.100000000000001,712.8333466624966,0.0,2670.512516215357,70.5820223950449,0.0,-0.04188790204786391,0.0
1,10.200000000000001,719.8853576594405,0.0,2670.216949382425,70.5820223950449,0.0,-0.03665191429188092,0.0
1,10.3,726.9388195664094,0.0,2669.9583106755686,70.5820223950449,0.0,-0.031415926535897934,0.0
1,10.4,733.9935390091822,0.0,2669.736607185499,70.5820223950449,0.0,-0.026179938779914945,0.0
1,10.5,741.0493225790617,0.0,2669.551844990329,70.5820223950449,0.0,-0.020943951023931956,0.0
1,10.600000000000001,748.1059768381772,0.0,2669.4040291554074,70.5820223950449,0.0,-0.015707963267948967,0.0
1,10.700000000000001,755.1633083247874,0.0,2669.2931637331803,70.5820223950449,0.0,-0.010471975511965978,0.0
1,10.8,762.2211235585847,0.0,2669.2192517630792,70.5820223950449,0.0,-0.005235987755982989,0.0
1,10.9,769.2792290459993,0.0,2669.1822952714383,70.5820223950449,0.0,0.0,0.0
1,11.0,776.3374312855037,0.0,2669.1822952714383,70.5820223950449,0.0,0.0,0.0
1,11.100000000000001,783.3956335250082,0.0,2669.1822952714383,70.5820223950449,0.0,0.0,0.0
1,11.200000000000001,790.4538357645126,0.0,2669.1822952714383,70.5820223950449,0.0,0.0,0.0
1,11.3,797.5120380040171,0.0,2669.1822952714383,70.5820223950449,0.0,0.0,0.0
1,11.4,804.5702402435215,0.0,2669.1822952714383,70.5820223950449,0.0,0.0,0.0
1,11.5,811.628442483026,0.0,2669.1822952714383,70.5820223950449,0.0,0.0,0.0
1,11.600000000000001,818.6866447225304,0.0,2669.1822952714383,70.5820223950449,0.0,0.0,0.0
1,11.700000000000001,825.7448469620349,0.0,2669.1822952714383,70.5820223950449,0.0,0.0,0.0
1,11.8,832.8030492015394,0.0,2669.1822952714383,70.5820223950449,0.0,0.0,0.0
1,11.9,839.8612514410438,0.0,2669.1822952714383,70.5820223950449,0.0,0.0,0.0
1,12.0,846.9194536805483,0.0,2669.1822952714383,70.5820223950449,0.0,0.0,0.0
1,12.100000000000001,853.9776559200527,0.0,2669.1822952714383,70.5820223950449,0.0,0.0,0.0
1,12.200000000000001,861.0358581595572,0.0,2669.1822952714383,70.5820223950449,0.0,0.0,0.0
1,12.3,868.0940603990616,0.0,2669.1822952714383,70.5820223950449,0.0,0.0,0.0
1,12.4,875.1522626385661,0.0,2669.1822952714383,70.5820223950449,0.0,0.0,0.0
1,12.5,882.2104648780705,0.0,2669.1822952714383,70.5820223950449,0.0,0.0,0.0
1,12.600000000000001,889.268667117575,0.0,2669.1822952714383,70.5820223950449,0.0,0.0,0.0
1,12.700000000000001,896.3268693570794,0.0,2669.1822952714383,70.5820223950449,0.0,0.0,0.0
1,12.8,903.3850715965839,0.0,2669.1822952714383,70.5820223950449,0.0,0.0,0.0
1,12.9,910.4432738360883,0.0,2669.1822952714383,70.5820223950449,0.0,0.0,0.0
1,13.0,917.5014760755928,0.0,2669.1822952714383,70.5820223950449,0.0,0.0,0.0
1,13.100000000000001,924.5596783150972,0.0,2669.1822952714383,70.5820223950449,0.0,0.0,0.0
1,13.200000000000001,931.6178805546017,0.0,2669.1822952714383,70.5820223950449,0.0,0.0,0.0
1,13.3,938.6760827941062,0.0,2669.1822952714383,70.5820223950449,0.0,0.0,0.0
1,13.4,945.7342850336106,0.0,2669.1822952714383,70.5820223950449,0.0,0.0,0.0
1,13.5,952.7924872731151,0.0,2669.1822952714383,70.5820223950449,0.0,0.0,0.0
1,13.600000000000001,959.8506895126195,0.0,2669.1822952714383,70.5820223950449,0.0,0.0,0.0
1,13.700000000000001,966.908891752124,0.0,2669.1822952714383,70.5820223950449,0.0,0.0,0.0
1,13.8,973.9670939916284,0.0,2669.1822952714383,70.5820223950449,0.0,0.0,0.0
1,13.9,981.0252962311329,0.0,2669.1822952714383,70.5820223950449,0.0,0.0,0.0
1,14.0,988.0834984706373,0.0,2669.1822952714383,70.5820223950449,0.0,0.0,0.0
1,14.100000000000001,995.1417007101418,0.0,2669.1822952714383,70.5820223950449,0.0,0.0,0.0
1,14.200000000000001,1002.1999029496462,0.0,2669.1822952714383,70.5820223950449,0.0,0.0,0.0
1,14.3,1009.2581051891507,0.0,2669.1822952714383,70.5820223950449,0.0,0.0,0.0
1,14.4,1016.3163074286551,0.0,2669.1822952714383,70.5820223950449,0.0,0.0,0.0
1,14.5,1023.3745096681596,0.0,2669.1822952714383,70.5820223950449,0.0,0.0,0.0
1,14.600000000000001,1030.432711907664,0.0,2669.1822952714383,70.5820223950449,0.0,0.0,0.0
1,14.700000000000001,1037.4909141471685,0.0,2669.1822952714383,70.5820223950449,0.0,0.0,0.0
1,14.8,1044.549116386673,0.0,2669.1822952714383,70.5820223950449,0.0,0.0,0.0
1,14.9,1051.6073186261774,0.0,2669.1822952714383,70.5820223950449,0.0,0.0,0.0
1,15.0,1058.6655208656819,0.0,2669.1822952714383,70.5820223950449,0.0,0.0,0.0
1,15.100000000000001,1065.7237231051863,0.0,2669.1822952714383,70.5820223950449,0.0,0.0,0.0
1,15.200000000000001,1072.7819253446908,0.0,2669.1822952714383,70.5820223950449,0.0,0.0,0.0
1,15.3,1079.8401275841952,0.0,2669.1822952714383,70.5820223950449,0.0,0.0,0.0
1,15.4,1086.8983298236997,0.0,2669.1822952714383,70.5820223950449,0.0,0.0,0.0
1,15.5,1093.9565320632041,0.0,2669.1822952714383,70.5820223950449,0.0,0.0,0.0
1,15.600000000000001,1101.0147343027086,0.0,2669.1822952714383,70.5820223950449,0.0,0.0,0.0
1,15.700000000000001,1108.072936542213,0.0,2669.1822952714383,70.5820223950449,0.0,0.0,0.0
1,15.8,1115.1311387817175,0.0,2669.1822952714383,70.5820223950449,0.0,0.0,0.0
1,15.9,1122.189341021222,0.0,2669.1822952714383,70.5820223950449,0.0,0.0,0.0
1,16.0,1129.2475432607264,0.0,2669.1822952714383,70.5820223950449,0.0,0.0,0.0
1,16.1,1136.3057455002308,0.0,2669.1822952714383,70.5820223950449,0.0,0.0,0.0
1,16.2,1143.3639477397353,0.0,2669.1822952714383,70.5820223950449,0.0,0.0,0.0
1,16.3,1150.4221499792397,0.0,2669.1822952714383,70.5820223950449,0.0,0.0,0.0
1,16.400000000000002,1157.4803522187442,0.0,2669.1822952714383,70.5820223950449,0.0,0.0,0.0
1,16.5,1164.5385544582487,0.0,2669.1822952714383,70.5820223950449,0.0,0.0,0.0
1,16.6,1171.596756697753,0.0,2669.1822952714383,70.5820223950449,0.0,0.0,0.0
1,16.7,1178.6549589372576,0.0,2669.1822952714383,70.5820223950449,0.0,0.0,0.0
1,16.8,1185.713161176762,0.0,2669.1822952714383,70.5820223950449,0.0,0.0,0.0
1,16.900000000000002,1192.7713634162665,0.0,2669.1822952714383,70.5820223950449,0.0,0.0,0.0
1,17.0,1199.829565655771,0.0,2669.1822952714383,70.5820223950449,0.0,0.0,0.0
1,17.1,1206.8877678952754,0.0,2669.1822952714383,70.5820223950449,0.0,0.0,0.0
1,17.2,1213.9459701347798,0.0,2669.1822952714383,70.5820223950449,0.0,0.0,0.0
1,17.3,1221.0041723742843,0.0,2669.1822952714383,70.5820223950449,0.0,0.0,0.0
1,17.400000000000002,1228.0623746137887,0.0,2669.1822952714383,70.5820223950449,0.0,0.0,0.0
1,17.5,1235.1205768532932,0.0,2669.1822952714383,70.5820223950449,0.0,0.0,0.0
1,17.6,1242.1787790927976,0.0,2669.1822952714383,70.5820223950449,0.0,0.0,0.0
1,17.7,1249.236981332302,0.0,2669.1822952714383,70.5820223950449,0.0,0.0,0.0
1,17.8,1256.2951835718065,0.0,2669.1822952714383,70.5820223950449,0.0,0.0,0.0
1,17.900000000000002,1263.353385811311,0.0,2669.1822952714383,70.5820223950449,0.0,0.0,0.0
1,18.0,1270.4115880508155,0.0,2669.1822952714383,70.5820223950449,0.0,0.0,0.0
1,18.1,1277.46979029032,0.0,2669.1822952714383,70.5820223950449,0.0,0.0,0.0
1,18.2,1284.5279925298244,0.0,2669.1822952714383,70.5820223950449,0.0,0.0,0.0
1,18.3,1291.5861947693288,0.0,2669.1822952714383,70.5820223950449,0.0,0.0,0.0
1,18.400000000000002,1298.6443970088333,0.0,2669.1822952714383,70.5820223950449,0.0,0.0,0.0
1,18.5,1305.7025992483377,0.0,2669.1822952714383,70.5820223950449,0.0,0.0,0.0
1,18.6,1312.7608014878422,0.0,2669.1822952714383,70.5820223950449,0.0,0.0,0.0
1,18.7,1319.8190037273466,0.0,2669.1822952714383,70.5820223950449,0.0,0.0,0.0
1,18.8,1326.877205966851,0.0,2669.1822952714383,70.5820223950449,0.0,0.0,0.0
1,18.900000000000002,1333.9354082063555,0.0,2669.1822952714383,70.5820223950449,0.0,0.0,0.0
1,19.0,1340.99361044586,0.0,2669.1822952714383,70.5820223950449,0.0,0.0,0.0
1,19.1,1348.0518126853644,0.0,2669.1822952714383,70.5820223950449,0.0,0.0,0.0
1,19.200000000000003,1355.110014924869,0.0,2669.1822952714383,70.5820223950449,0.0,0.0,0.0
1,19.3,1362.1682171643733,0.0,2669.1822952714383,70.5820223950449,0.0,0.0,0.0
1,19.400000000000002,1369.2264194038778,0.0,2669.1822952714383,70.5820223950449,0.0,0.0,0.0
1,19.5,1376.2846216433823,0.0,2669.1822952714383,70.5820223950449,0.0,0.0,0.0
1,19.6,1383.3428238828867,0.0,2669.1822952714383,70.5820223950449,0.0,0.0,0.0
1,19.700000000000003,1390.4010261223912,0.0,2669.1822952714383,70.5820223950449,0.0,0.0,0.0
1,19.8,1397.4592283618956,0.0,2669.1822952714383,70.5820223950449,0.0,0.0,0.0
1,19.900000000000002,1404.5174306014,0.0,2669.1822952714383,70.5820223950449,0.0,0.0,0.0
1,20.0,1411.5756328409045,0.0,2669.1822952714383,70.5820223950449,0.0,0.0,0.0
1,20.1,1418.633835080409,0.0,2669.1822952714383,70.5820223950449,0.0,0.0,0.0
1,20.200000000000003,1425.6920373199134,0.0,2669.1822952714383,70.5820223950449,0.0,0.0,0.0
1,20.3,1432.7502395594179,0.0,2669.1822952714383,70.5820223950449,0.0,0.0,0.0
1,20.400000000000002,1439.8084417989223,0.0,2669.1822952714383,70.5820223950449,0.0,0.0,0.0
1,20.5,1446.8666440384268,0.0,2669.1822952714383,70.5820223950449,0.0,0.0,0.0
1,20.6,1453.9248462779312,0.0,2669.1822952714383,70.5820223950449,0.0,0.0,0.0
1,20.700000000000003,1460.9830485174357,0.0,2669.1822952714383,70.5820223950449,0.0,0.0,0.0
1,20.8,1468.0412507569401,0.0,2669.1822952714383,70.5820223950449,0.0,0.0,0.0
1,20.900000000000002,1475.0994529964446,0.0,2669.1822952714383,70.5820223950449,0.0,0.0,0.0
1,21.0,1482.157655235949,0.0,2669.1822952714383,70.5820223950449,0.0,0.0,0.0
1,21.1,1489.2158574754535,0.0,2669.1822952714383,70.5820223950449,0.0,0.0,0.0
1,21.200000000000003,1496.274059714958,0.0,2669.1822952714383,70.5820223950449,0.0,0.0,0.0
1,21.3,1503.3322619544624,0.0,2669.1822952714383,70.5820223950449,0.0,0.0,0.0
1,21.400000000000002,1510.3904641939669,0.0,2669.1822952714383,70.5820223950449,0.0,0.0,0.0
1,21.5,1517.4486664334713,0.0,2669.1822952714383,70.5820223950449,0.0,0.0,0.0
1,21.6,1524.5068686729758,0.0,2669.1822952714383,70.5820223950449,0.0,0.0,0.0
1,21.700000000000003,1531.5650709124802,0.0,2669.1822952714383,70.5820223950449,0.0,0.0,0.0
1,21.8,1538.6232731519847,0.0,2669.1822952714383,70.5820223950449,0.0,0.0,0.0
1,21.900000000000002,1545.6814753914891,0.0,2669.1822952714383,70.5820223950449,0.0,0.0,0.0
1,22.0,1552.7396776309936,0.0,2669.1822952714383,70.5820223950449,0.0,0.0,0.0
1,22.1,1559.797879870498,0.0,2669.1822952714383,70.5820223950449,0.0,0.0,0.0
1,22.200000000000003,1566.8560821100025,0.0,2669.1822952714383,70.5820223950449,0.0,0.0,0.0
1,22.3,1573.914284349507,0.0,2669.1822952714383,70.5820223950449,0.0,0.0,0.0
1,22.400000000000002,1580.9724865890114,0.0,2669.1822952714383,70.5820223950449,0.0,0.0,0.0
1,22.5,1588.0306888285158,0.0,2669.1822952714383,70.5820223950449,0.0,0.0,0.0
1,22.6,1595.0888910680203,0.0,2669.1822952714383,70.5820223950449,0.0,0.0,0.0
1,22.700000000000003,1602.1470933075248,0.0,2669.1822952714383,70.5820223950449,0.0,0.0,0.0
1,22.8,1609.2052955470292,0.0,2669.1822952714383,70.5820223950449,0.0,0.0,0.0
1,22.900000000000002,1616.2634977865337,0.0,2669.1822952714383,70.5820223950449,0.0,0.0,0.0
1,23.0,1623.3217000260381,0.0,2669.1822952714383,70.5820223950449,0.0,0.0,0.0
1,23.1,1630.3799022655426,0.0,2669.1822952714383,70.5820223950449,0.0,0.0,0.0
1,23.200000000000003,1637.438104505047,0.0,2669.1822952714383,70.5820223950449,0.0,0.0,0.0
1,23.3,1644.4963067445515,0.0,2669.1822952714383,70.5820223950449,0.0,0.0,0.0
1,23.400000000000002,1651.554508984056,0.0,2669.1822952714383,70.5820223950449,0.0,0.0,0.0
1,23.5,1658.6127112235604,0.0,2669.1822952714383,70.5820223950449,0.0,0.0,0.0
1,23.6,1665.6709134630648,0.0,2669.1822952714383,70.5820223950449,0.0,0.0,0.0
1,23.700000000000003,1672.7291157025693,0.0,2669.1822952714383,70.5820223950449,0.0,0.0,0.0
1,23.8,1679.7873179420737,0.0,2669.1822952714383,70.5820223950449,0.0,0.0,0.0
1,23.900000000000002,1686.8455201815782,0.0,2669.1822952714383,70.5820223950449,0.0,0.0,0.0
1,24.0,1693.9037224210826,0.0,2669.1822952714383,70.5820223950449,0.0,0.0,0.0
1,24.1,1700.961924660587,0.0,2669.1822952714383,70.5820223950449,0.0,0.0,0.0
1,24.200000000000003,1708.0201269000916,0.0,2669.1822952714383,70.5820223950449,0.0,0.0,0.0
1,24.3,1715.078329139596,0.0,2669.1822952714383,70.5820223950449,0.0,0.0,0.0
1,24.400000000000002,1722.1365313791005,0.0,2669.1822952714383,70.5820223950449,0.0,0.0,0.0
1,24.5,1729.194733618605,0.0,2669.1822952714383,70.5820223950449,0.0,0.0,0.0
1,24.6,1736.2529358581094,0.0,2669.1822952714383,70.5820223950449,0.0,0.0,0.0
1,24.700000000000003,1743.3111380976138,0.0,2669.1822952714383,70.5820223950449,0.0,0.0,0.0
1,24.8,1750.3693403371183,0.0,2669.1822952714383,70.5820223950449,0.0,0.0,0.0
1,24.900000000000002,1757.4275425766227,0.0,2669.1822952714383,70.5820223950449,0.0,0.0,0.0
1,25.0,1764.4857448161272,0.0,2669.1822952714383,70.5820223950449,0.0,0.0,0.0
1,25.1,1771.5439470556316,0.0,2669.1822952714383,70.5820223950449,0.0,0.0,0.0
1,25.200000000000003,1778.602149295136,0.0,2669.1822952714383,70.5820223950449,0.0,0.0,0.0
1,25.3,1785.6603515346405,0.0,2669.1822952714383,70.5820223950449,0.0,0.0,0.0
1,25.400000000000002,1792.718553774145,0.0,2669.1822952714383,70.5820223950449,0.0,0.0,0.0
1,25.5,1799.7767560136494,0.0,2669.1822952714383,70.5820223950449,0.0,0.0,0.0
1,25.6,1806.834958253154,0.0,2669.1822952714383,70.5820223950449,0.0,0.0,0.0
1,25.700000000000003,1813.8931604926584,0.0,2669.1822952714383,70.5820223950449,0.0,0.0,0.0
1,25.8,1820.9513627321628,0.0,2669.1822952714383,70.5820223950449,0.0,0.0,0.0
1,25.900000000000002,1828.0095649716673,0.0,2669.1822952714383,70.5820223950449,0.0,0.0,0.0
1,26.0,1835.0677672111717,0.0,2669.1822952714383,70.5820223950449,0.0,0.0,0.0
1,26.1,1842.1259694506762,0.0,2669.1822952714383,70.5820223950449,0.0,0.0,0.0
1,26.200000000000003,1849.1841716901806,0.0,2669.1822952714383,70.5820223950449,0.0,0.0,0.0
1,26.3,1856.242373929685,0.0,2669.1822952714383,70.5820223950449,0.0,0.0,0.0
1,26.400000000000002,1863.3005761691895,0.0,2669.1822952714383,70.5820223950449,0.0,0.0,0.0
1,26.5,1870.358778408694,0.0,2669.1822952714383,70.5820223950449,0.0,0.0,0.0
1,26.6,1877.4169806481984,0.0,2669.1822952714383,70.5820223950449,0.0,0.0,0.0
1,26.700000000000003,1884.4751828877029,0.0,2669.1822952714383,70.5820223950449,0.0,0.0,0.0
1,26.8,1891.5333851272073,0.0,2669.1822952714383,70.5820223950449,0.0,0.0,0.0
1,26.900000000000002,1898.5915873667118,0.0,2669.1822952714383,70.5820223950449,0.0,0.0,0.0
1,27.0,1905.6497896062162,0.0,2669.1822952714383,70.5820223950449,0.0,0.0,0.0
1,27.1,1912.7079918457207,0.0,2669.1822952714383,70.5820223950449,0.0,0.0,0.0
1,27.200000000000003,1919.7661940852252,0.0,2669.1822952714383,70.5820223950449,0.0,0.0,0.0
1,27.3,1926.8243963247296,0.0,2669.1822952714383,70.5820223950449,0.0,0.0,0.0
1,27.400000000000002,1933.882598564234,0.0,2669.1822952714383,70.5820223950449,0.0,0.0,0.0
1,27.5,1940.9408008037385,0.0,2669.1822952714383,70.5820223950449,0.0,0.0,0.0
1,27.6,1947.999003043243,0.0,2669.1822952714383,70.5820223950449,0.0,0.0,0.0
1,27.700000000000003,1955.0572052827474,0.0,2669.1822952714383,70.5820223950449,0.0,0.0,0.0
1,27.8,1962.1154075222519,0.0,2669.1822952714383,70.5820223950449,0.0,0.0,0.0
1,27.900000000000002,1969.1736097617563,0.0,2669.1822952714383,70.5820223950449,0.0,0.0,0.0
1,28.0,1976.2318120012608,0.0,2669.1822952714383,70.5820223950449,0.0,0.0,0.0
1,28.1,1983.2900142407652,0.0,2669.1822952714383,70.5820223950449,0.0,0.0,0.0
1,28.200000000000003,1990.3482164802697,0.0,2669.1822952714383,70.5820223950449,0.0,0.0,0.0
1,28.3,1997.4064187197741,0.0,2669.1822952714383,70.5820223950449,0.0,0.0,0.0
1,28.400000000000002,2004.4646209592786,0.0,2669.1822952714383,70.5820223950449,0.0,0.0,0.0
1,28.5,2011.522823198783,0.0,2669.1822952714383,70.5820223950449,0.0,0.0,0.0
1,28.6,2018.5810254382875,0.0,2669.1822952714383,70.5820223950449,0.0,0.0,0.0
1,28.700000000000003,2025.639227677792,0.0,2669.1822952714383,70.5820223950449,0.0,0.0,0.0
1,28.8,2032.6974299172964,0.0,2669.1822952714383,70.5820223950449,0.0,0.0,0.0
1,28.900000000000002,2039.7556321568009,0.0,2669.1822952714383,70.5820223950449,0.0,0.0,0.0
1,29.0,2046.8138343963053,0.0,2669.1822952714383,70.5820223950449,0.0,0.0,0.0
1,29.1,2053.8720366358098,0.0,2669.1822952714383,70.5820223950449,0.0,0.0,0.0
1,29.200000000000003,2060.9302388753144,0.0,2669.1822952714383,70.5820223950449,0.0,0.0,0.0
1,29.3,2067.988441114819,0.0,2669.1822952714383,70.5820223950449,0.0,0.0,0.0
1,29.400000000000002,2075.046643354324,0.0,2669.1822952714383,70.5820223950449,0.0,0.0,0.0
1,29.5,2082.1048455938285,0.0,2669.1822952714383,70.5820223950449,0.0,0.0,0.0
1,29.6,2089.163047833333,0.0,2669.1822952714383,70.5820223950449,0.0,0.0,0.0
1,29.700000000000003,2096.221250072838,0.0,2669.1822952714383,70.5820223950449,0.0,0.0,0.0
1,29.8,2103.2794523123425,0.0,2669.1822952714383,70.5820223950449,0.0,0.0,0.0
1,29.900000000000002,2110.337654551847,0.0,2669.1822952714383,70.5820223950449,0.0,0.0,0.0
1,30.0,2117.395856791352,0.0,2669.1822952714383,70.5820223950449,0.0,0.0,0.0
1,30.1,2124.4540590308566,0.0,2669.1822952714383,70.5820223950449,0.0,0.0,0.0
1,30.200000000000003,2131.5122612703613,0.0,2669.1822952714383,70.5820223950449,0.0,0.0,0.0
1,30.3,2138.570463509866,0.0,2669.1822952714383,70.5820223950449,0.0,0.0,0.0
1,30.400000000000002,2145.6286657493706,0.0,2669.1822952714383,70.5820223950449,0.0,0.0,0.0
1,30.5,2152.6868679888753,0.0,2669.1822952714383,70.5820223950449,0.0,0.0,0.0
1,30.6,2159.74507022838,0.0,2669.1822952714383,70.5820223950449,0.0,0.0,0.0
1,30.700000000000003,2166.8032724678847,0.0,2669.1822952714383,70.5820223950449,0.0,0.0,0.0
1,30.8,2173.8614747073893,0.0,2669.1822952714383,70.5820223950449,0.0,0.0,0.0
1,30.900000000000002,2180.919676946894,0.0,2669.1822952714383,70.5820223950449,0.0,0.0,0.0
1,31.0,2187.9778791863987,0.0,2669.1822952714383,70.5820223950449,0.0,0.0,0.0
1,31.1,2195.0360814259034,0.0,2669.1822952714383,70.5820223950449,0.0,0.0,0.0
1,31.200000000000003,2202.094283665408,0.0,2669.1822952714383,70.5820223950449,0.0,0.0,0.0
1,31.3,2209.1524859049127,0.0,2669.1822952714383,70.5820223950449,0.0,0.0,0.0
1,31.400000000000002,2216.2106881444174,0.0,2669.1822952714383,70.5820223950449,0.0,0.0,0.0
1,31.5,2223.268890383922,0.0,2669.1822952714383,70.5820223950449,0.0,0.0,0.0
1,31.6,2230.327092623427,0.0,2669.1822952714383,70.5820223950449,0.0,0.0,0.0
1,31.700000000000003,2237.3852948629315,0.0,2669.1822952714383,70.5820223950449,0.0,0.0,0.0
1,31.8,2244.443497102436,0.0,2669.1822952714383,70.5820223950449,0.0,0.0,0.0
1,31.900000000000002,2251.501699341941,0.0,2669.1822952714383,70.5820223950449,0.0,0.0,0.0
1,32.0,2258.5599015814455,0.0,2669.1822952714383,70.5820223950449,0.0,0.0,0.0
1,32.1,2265.61810382095,0.0,2669.1822952714383,70.5820223950449,0.0,0.0,0.0
1,32.2,2272.676306060455,0.0,2669.1822952714383,70.5820223950449,0.0,0.0,0.0
1,32.300000000000004,2279.7345082999595,0.0,2669.1822952714383,70.5820223950449,0.0,0.0,0.0
1,32.4,2286.792710539464,0.0,2669.1822952714383,70.5820223950449,0.0,0.0,0.0
1,32.5,2293.850912778969,0.0,2669.1822952714383,70.5820223950449,0.0,0.0,0.0
1,32.6,2300.9091150184736,0.0,2669.1822952714383,70.5820223950449,0.0,0.0,0.0
1,32.7,2307.9673172579783,0.0,2669.1822952714383,70.5820223950449,0.0,0.0,0.0
1,32.800000000000004,2315.025519497483,0.0,2669.1822952714383,70.5820223950449,0.0,0.0,0.0
1,32.9,2322.0837217369876,0.0,2669.1822952714383,70.5820223950449,0.0,0.0,0.0
1,33.0,2329.1419239764923,0.0,2669.1822952714383,70.5820223950449,0.0,0.0,0.0
1,33.1,2336.200126215997,0.0,2669.1822952714383,70.5820223950449,0.0,0.0,0.0
1,33.2,2343.2583284555017,0.0,2669.1822952714383,70.5820223950449,0.0,0.0,0.0
1,33.300000000000004,2350.3165306950063,0.0,2669.1822952714383,70.5820223950449,0.0,0.0,0.0
1,33.4,2357.374732934511,0.0,2669.1822952714383,70.5820223950449,0.0,0.0,0.0
1,33.5,2364.4329351740157,0.0,2669.1822952714383,70.5820223950449,0.0,0.0,0.0
1,33.6,2371.4911374135204,0.0,2669.1822952714383,70.5820223950449,0.0,0.0,0.0
1,33.7,2378.549339653025,0.0,2669.1822952714383,70.5820223950449,0.0,0.0,0.0
1,33.800000000000004,2385.6075418925298,0.0,2669.1822952714383,70.5820223950449,0.0,0.0,0.0
1,33.9,2392.6657441320344,0.0,2669.1822952714383,70.5820223950449,0.0,0.0,0.0
1,34.0,2399.723946371539,0.0,2669.1822952714383,70.5820223950449,0.0,0.0,0.0
1,34.1,2406.782148611044,0.0,2669.1822952714383,70.5820223950449,0.0,0.0,0.0
1,34.2,2413.8403508505485,0.0,2669.1822952714383,70.5820223950449,0.0,0.0,0.0
1,34.300000000000004,2420.898553090053,0.0,2669.1822952714383,70.5820223950449,0.0,0.0,0.0
1,34.4,2427.956755329558,0.0,2669.1822952714383,70.5820223950449,0.0,0.0,0.0
1,34.5,2435.0149575690625,0.0,2669.1822952714383,70.5820223950449,0.0,0.0,0.0
1,34.6,2442.073159808567,0.0,2669.1822952714383,70.5820223950449,0.0,0.0,0.0
1,34.7,2449.131362048072,0.0,2669.1822952714383,70.5820223950449,0.0,0.0,0.0
1,34.800000000000004,2456.1895642875766,0.0,2669.1822952714383,70.5820223950449,0.0,0.0,0.0
1,34.9,2463.2477665270812,0.0,2669.1822952714383,70.5820223950449,0.0,0.0,0.0
1,35.0,2470.305968766586,0.0,2669.1822952714383,70.5820223950449,0.0,0.0,0.0
1,35.1,2477.3641710060906,0.0,2669.1822952714383,70.5820223950449,0.0,0.0,0.0
1,35.2,2484.4223732455953,0.0,2669.1822952714383,70.5820223950449,0.0,0.0,0.0
1,35.300000000000004,2491.4805754851,0.0,2669.1822952714383,70.5820223950449,0.0,0.0,0.0
1,35.4,2498.5387777246046,0.0,2669.1822952714383,70.5820223950449,0.0,0.0,0.0
1,35.5,2505.5969799641093,0.0,2669.1822952714383,70.5820223950449,0.0,0.0,0.0
1,35.6,2512.655182203614,0.0,2669.1822952714383,70.5820223950449,0.0,0.0,0.0
1,35.7,2519.7133844431187,0.0,2669.1822952714383,70.5820223950449,0.0,0.0,0.0
1,35.800000000000004,2526.7715866826234,0.0,2669.1822952714383,70.5820223950449,0.0,0.0,0.0
1,35.9,2533.829788922128,0.0,2669.1822952714383,70.5820223950449,0.0,0.0,0.0
1,36.0,2540.8879911616327,0.0,2669.1822952714383,70.5820223950449,0.0,0.0,0.0
1,36.1,2547.9461934011374,0.0,2669.1822952714383,70.5820223950449,0.0,0.0,0.0
1,36.2,2555.004395640642,0.0,2669.1822952714383,70.5820223950449,0.0,0.0,0.0
1,36.300000000000004,2562.0625978801468,0.0,2669.1822952714383,70.5820223950449,0.0,0.0,0.0
1,36.4,2569.1208001196514,0.0,2669.1822952714383,70.5820223950449,0.0,0.0,0.0
1,36.5,2576.179002359156,0.0,2669.1822952714383,70.5820223950449,0.0,0.0,0.0
1,36.6,2583.237204598661,0.0,2669.1822952714383,70.5820223950449,0.0,0.0,0.0
1,36.7,2590.2954068381655,0.0,2669.1822952714383,70.5820223950449,0.0,0.0,0.0
1,36.800000000000004,2597.35360907767,0.0,2669.1822952714383,70.5820223950449,0.0,0.0,0.0
1,36.9,2604.411811317175,0.0,2669.1822952714383,70.5820223950449,0.0,0.0,0.0
1,37.0,2611.4700135566795,0.0,2669.1822952714383,70.5820223950449,0.0,0.0,0.0
1,37.1,2618.528215796184,0.0,2669.1822952714383,70.5820223950449,0.0,0.0,0.0
1,37.2,2625.586418035689,0.0,2669.1822952714383,70.5820223950449,0.0,0.0,0.0
1,37.300000000000004,2632.6446202751936,0.0,2669.1822952714383,70.5820223950449,0.0,0.0,0.0
1,37.4,2639.7028225146983,0.0,2669.1822952714383,70.5820223950449,0.0,0.0,0.0
1,37.5,2646.761024754203,0.0,2669.1822952714383,70.5820223950449,0.0,0.0,0.0
1,37.6,2653.8192269937076,0.0,2669.1822952714383,70.5820223950449,0.0,0.0,0.0
1,37.7,2660.8774292332123,0.0,2669.1822952714383,70.5820223950449,0.0,0.0,0.0
1,37.800000000000004,2667.935631472717,0.0,2669.1822952714383,70.5820223950449,0.0,0.0,0.0
1,37.9,2674.9938337122217,0.0,2669.1822952714383,70.5820223950449,0.0,0.0,0.0
1,38.0,2682.0520359517263,0.0,2669.1822952714383,70.5820223950449,0.0,0.0,0.0
1,38.1,2689.110238191231,0.0,2669.1822952714383,70.5820223950449,0.0,0.0,0.0
1,38.2,2696.1684404307357,0.0,2669.1822952714383,70.5820223950449,0.0,0.0,0.0
1,38.300000000000004,2703.2266426702404,0.0,2669.1822952714383,70.5820223950449,0.0,0.0,0.0
1,38.400000000000006,2710.284844909745,0.0,2669.1822952714383,70.5820223950449,0.0,0.0,0.0
1,38.5,2717.3430471492497,0.0,2669.1822952714383,70.5820223950449,0.0,0.0,0.0
1,38.6,2724.4012493887544,0.0,2669.1822952714383,70.5820223950449,0.0,0.0,0.0
1,38.7,2731.459451628259,0.0,2669.1822952714383,70.5820223950449,0.0,0.0,0.0
1,38.800000000000004,2738.517653867764,0.0,2669.1822952714383,70.5820223950449,0.0,0.0,0.0
1,38.900000000000006,2745.5758561072685,0.0,2669.1822952714383,70.5820223950449,0.0,0.0,0.0
1,39.0,2752.634058346773,0.0,2669.1822952714383,70.5820223950449,0.0,0.0,0.0
1,39.1,2759.692260586278,0.0,2669.1822952714383,70.5820223950449,0.0,0.0,0.0
1,39.2,2766.7504628257825,0.0,2669.1822952714383,70.5820223950449,0.0,0.0,0.0
1,39.300000000000004,2773.808665065287,0.0,2669.1822952714383,70.5820223950449,0.0,0.0,0.0
1,39.400000000000006,2780.866867304792,0.0,2669.1822952714383,70.5820223950449,0.0,0.0,0.0
1,39.5,2787.9250695442965,0.0,2669.1822952714383,70.5820223950449,0.0,0.0,0.0
1,39.6,2794.9832717838012,0.0,2669.1822952714383,70.5820223950449,0.0,0.0,0.0
1,39.7,2802.041474023306,0.0,2669.1822952714383,70.5820223950449,0.0,0.0,0.0
1,39.800000000000004,2809.0996762628106,0.0,2669.1822952714383,70.5820223950449,0.0,0.0,0.0
1,39.900000000000006,2816.1578785023153,0.0,2669.1822952714383,70.5820223950449,0.0,0.0,0.0
1,40.0,2823.21608074182,0.0,2669.1822952714383,70.5820223950449,0.0,0.0,0.0
1,40.1,2830.2742829813246,0.0,2669.1822952714383,70.5820223950449,0.0,0.0,0.0
1,40.2,2837.3324852208293,0.0,2669.1822952714383,70.5820223950449,0.0,0.0,0.0
1,40.300000000000004,2844.390687460334,0.0,2669.1822952714383,70.5820223950449,0.0,0.0,0.0
1,40.400000000000006,2851.4488896998387,0.0,2669.1822952714383,70.5820223950449,0.0,0.0,0.0
1,40.5,2858.5070919393434,0.0,2669.1822952714383,70.5820223950449,0.0,0.0,0.0
1,40.6,2865.565294178848,0.0,2669.1822952714383,70.5820223950449,0.0,0.0,0.0
1,40.7,2872.6234964183527,0.0,2669.1822952714383,70.5820223950449,0.0,0.0,0.0
1,40.800000000000004,2879.6816986578574,0.0,2669.1822952714383,70.5820223950449,0.0,0.0,0.0
1,40.900000000000006,2886.739900897362,0.0,2669.1822952714383,70.5820223950449,0.0,0.0,0.0
1,41.0,2893.7981031368668,0.0,2669.1822952714383,70.5820223950449,0.0,0.0,0.0
1,41.1,2900.8563053763714,0.0,2669.1822952714383,70.5820223950449,0.0,0.0,0.0
1,41.2,2907.914507615876,0.0,2669.1822952714383,70.5820223950449,0.0,0.0,0.0
1,41.300000000000004,2914.972709855381,0.0,2669.1822952714383,70.5820223950449,0.0,0.0,0.0
1,41.400000000000006,2922.0309120948855,0.0,2669.1822952714383,70.5820223950449,0.0,0.0,0.0
1,41.5,2929.08911433439,0.0,2669.1822952714383,70.5820223950449,0.0,0.0,0.0
1,41.6,2936.147316573895,0.0,2669.1822952714383,70.5820223950449,0.0,0.0,0.0
1,41.7,2943.2055188133995,0.0,2669.1822952714383,70.5820223950449,0.0,0.0,0.0
1,41.800000000000004,2950.263721052904,0.0,2669.1822952714383,70.5820223950449,0.0,0.0,0.0
1,41.900000000000006,2957.321923292409,0.0,2669.1822952714383,70.5820223950449,0.0,0.0,0.0
1,42.0,2964.3801255319136,0.0,2669.1822952714383,70.5820223950449,0.0,0.0,0.0
1,42.1,2971.4383277714182,0.0,2669.1822952714383,70.5820223950449,0.0,0.0,0.0
1,42.2,2978.496530010923,0.0,2669.1822952714383,70.5820223950449,0.0,0.0,0.0
1,42.300000000000004,2985.5547322504276,0.0,2669.1822952714383,70.5820223950449,0.0,0.0,0.0
1,42.400000000000006,2992.6129344899323,0.0,2669.1822952714383,70.5820223950449,0.0,0.0,0.0
1,42.5,2999.671136729437,0.0,2669.1822952714383,70.5820223950449,0.0,0.0,0.0
1,42.6,3006.7293389689416,0.0,2669.1822952714383,70.5820223950449,0.0,0.0,0.0
1,42.7,3013.7875412084463,0.0,2669.1822952714383,70.5820223950449,0.0,0.0,0.0
1,42.800000000000004,3020.845743447951,0.0,2669.1822952714383,70.5820223950449,0.0,0.0,0.0
1,42.900000000000006,3027.9039456874557,0.0,2669.1822952714383,70.5820223950449,0.0,0.0,0.0
1,43.0,3034.9621479269604,0.0,2669.1822952714383,70.5820223950449,0.0,0.0,0.0
1,43.1,3042.020350166465,0.0,2669.1822952714383,70.5820223950449,0.0,0.0,0.0
1,43.2,3049.0785524059697,0.0,2669.1822952714383,70.5820223950449,0.0,0.0,0.0
1,43.300000000000004,3056.1367546454744,0.0,2669.1822952714383,70.5820223950449,0.0,0.0,0.0
1,43.400000000000006,3063.194956884979,0.0,2669.1822952714383,70.5820223950449,0.0,0.0,0.0
1,43.5,3070.253159124484,0.0,2669.1822952714383,70.5820223950449,0.0,0.0,0.0
1,43.6,3077.3113613639885,0.0,2669.1822952714383,70.5820223950449,0.0,0.0,0.0
1,43.7,3084.369563603493,0.0,2669.1822952714383,70.5820223950449,0.0,0.0,0.0
1,43.800000000000004,3091.427765842998,0.0,2669.1822952714383,70.5820223950449,0.0,0.0,0.0
1,43.900000000000006,3098.4859680825025,0.0,2669.1822952714383,70.5820223950449,0.0,0.0,0.0
1,44.0,3105.544170322007,0.0,2669.1822952714383,70.5820223950449,0.0,0.0,0.0
1,44.1,3112.602372561512,0.0,2669.1822952714383,70.5820223950449,0.0,0.0,0.0
1,44.2,3119.6605748010165,0.0,2669.1822952714383,70.5820223950449,0.0,0.0,0.0
1,44.300000000000004,3126.718777040521,0.0,2669.1822952714383,70.5820223950449,0.0,0.0,0.0
1,44.400000000000006,3133.776979280026,0.0,2669.1822952714383,70.5820223950449,0.0,0.0,0.0
1,44.5,3140.8351815195306,0.0,2669.1822952714383,70.5820223950449,0.0,0.0,0.0
1,44.6,3147.8933837590353,0.0,2669.1822952714383,70.5820223950449,0.0,0.0,0.0
1,44.7,3154.95158599854,0.0,2669.1822952714383,70.5820223950449,0.0,0.0,0.0
1,44.800000000000004,3162.0097882380446,0.0,2669.1822952714383,70.5820223950449,0.0,0.0,0.0
1,44.900000000000006,3169.0679904775493,0.0,2669.1822952714383,70.5820223950449,0.0,0.0,0.0
1,45.0,3176.126192717054,0.0,2669.1822952714383,70.31128910637513,0.0,0.0,0.0
1,45.1,3183.1573216276915,0.0,2669.1822952714383,70.04055581770535,0.0,0.0,0.0
1,45.2,3190.161377209462,0.0,2669.1822952714383,69.76982252903558,0.0,0.0,0.0
1,45.300000000000004,3197.1383594623658,0.0,2669.1822952714383,69.4990892403658,0.0,0.0,0.0
1,45.400000000000006,3204.0882683864024,0.0,2669.1822952714383,69.22835595169603,0.0,0.0,0.0
1,45.5,3211.011103981572,0.0,2669.1822952714383,68.95762266302626,0.0,0.0,0.0
1,45.6,3217.9068662478744,0.0,2669.1822952714383,68.68688937435648,0.0,0.0,0.0
1,45.7,3224.77555518531,0.0,2669.1822952714383,68.41615608568671,0.0,0.0,0.0
1,45.800000000000004,3231.617170793879,0.0,2669.1822952714383,68.14542279701693,0.0,0.0,0.0
1,45.900000000000006,3238.4317130735803,0.0,2669.1822952714383,67.87468950834716,0.0,0.0,0.0
1,46.0,3245.219182024415,0.0,2669.1822952714383,67.87468950834716,0.0,0.0,0.0
1,46.1,3252.00665097525,0.0,2669.1822952714383,67.87468950834716,0.0,0.0,0.0
1,46.2,3258.794119926085,0.0,2669.1822952714383,67.87468950834716,0.0,0.0,0.0
1,46.300000000000004,3265.58158887692,0.0,2669.1822952714383,67.87468950834716,0.0,0.0,0.0
1,46.400000000000006,3272.3690578277547,0.0,2669.1822952714383,67.87468950834716,0.0,0.0,0.0
1,46.5,3279.1565267785895,0.0,2669.1822952714383,67.87468950834716,0.0,0.0,0.0
1,46.6,3285.9439957294244,0.0,2669.1822952714383,67.87468950834716,0.0,0.0,0.0
1,46.7,3292.7314646802593,0.0,2669.1822952714383,67.87468950834716,0.0,0.0,0.0
1,46.800000000000004,3299.518933631094,0.0,2669.1822952714383,67.87468950834716,0.0,0.0,0.0
1,46.900000000000006,3306.306402581929,0.0,2669.1822952714383,67.87468950834716,0.0,0.0,0.0
1,47.0,3313.093871532764,0.0,2669.1822952714383,67.87468950834716,0.0,0.0,0.0
1,47.1,3319.8813404835987,0.0,2669.1822952714383,67.87468950834716,0.0,0.0,0.0
1,47.2,3326.6688094344336,0.0,2669.1822952714383,67.87468950834716,0.0,0.0,0.0
1,47.300000000000004,3333.4562783852684,0.0,2669.1822952714383,67.87468950834716,0.0,0.0,0.0
1,47.400000000000006,3340.2437473361033,0.0,2669.1822952714383,67.87468950834716,0.0,0.0,0.0
1,47.5,3347.031216286938,0.0,2669.1822952714383,67.87468950834716,0.0,0.0,0.0
1,47.6,3353.818685237773,0.0,2669.1822952714383,67.87468950834716,0.0,0.0,0.0
1,47.7,3360.606154188608,0.0,2669.1822952714383,67.87468950834716,0.0,0.0,0.0
1,47.800000000000004,3367.3936231394428,0.0,2669.1822952714383,67.87468950834716,0.0,0.0,0.0
1,47.900000000000006,3374.1810920902776,0.0,2669.1822952714383,67.87468950834716,0.0,0.0,0.0
1,48.0,3380.9685610411125,0.0,2669.1822952714383,67.87468950834716,0.0,0.0,0.0
1,48.1,3387.7560299919473,0.0,2669.1822952714383,67.87468950834716,0.0,0.0,0.0
1,48.2,3394.543498942782,0.0,2669.1822952714383,67.87468950834716,0.0,0.0,0.0
1,48.300000000000004,3401.330967893617,0.0,2669.1822952714383,67.87468950834716,0.0,0.0,0.0
1,48.400000000000006,3408.118436844452,0.0,2669.1822952714383,67.87468950834716,0.0,0.0,0.0
1,48.5,3414.905905795287,0.0,2669.1822952714383,67.87468950834716,0.0,0.0,0.0
1,48.6,3421.6933747461217,0.0,2669.1822952714383,67.87468950834716,0.0,0.0,0.0
1,48.7,3428.4808436969565,0.0,2669.1822952714383,67.87468950834716,0.0,0.0,0.0
1,48.800000000000004,3435.2683126477914,0.0,2669.1822952714383,67.87468950834716,0.0,0.0,0.0
1,48.900000000000006,3442.0557815986263,0.0,2669.1822952714383,67.87468950834716,0.0,0.0,0.0
1,49.0,3448.843250549461,0.0,2669.1822952714383,67.87468950834716,0.0,0.0,0.0
1,49.1,3455.630719500296,0.0,2669.1822952714383,67.87468950834716,0.0,0.0,0.0
1,49.2,3462.418188451131,0.0,2669.1822952714383,67.87468950834716,0.0,0.0,0.0
1,49.300000000000004,3469.2056574019657,0.0,2669.1822952714383,67.87468950834716,0.0,0.0,0.0
1,49.400000000000006,3475.9931263528006,0.0,2669.1822952714383,67.87468950834716,0.0,0.0,0.0
1,49.5,3482.7805953036354,0.0,2669.1822952714383,67.87468950834716,0.0,0.0,0.0
1,49.6,3489.5680642544703,0.0,2669.1822952714383,67.87468950834716,0.0,0.0,0.0
1,49.7,3496.355533205305,0.0,2669.1822952714383,67.87468950834716,0.0,0.0,0.0
1,49.800000000000004,3503.14300215614,0.0,2669.1822952714383,67.87468950834716,0.0,0.0,0.0
1,49.900000000000006,3509.930471106975,0.0,2669.1822952714383,67.87468950834716,0.0,0.0,0.0
1,50.0,3516.7179400578098,0.0,2669.1822952714383,67.87468950834716,0.0,0.0,0.0
1,50.1,3523.5054090086446,0.0,2669.1822952714383,67.87468950834716,0.0,0.0,0.0
1,50.2,3530.2928779594795,0.0,2669.1822952714383,67.87468950834716,0.0,0.0,0.0
1,50.300000000000004,3537.0803469103143,0.0,2669.1822952714383,67.87468950834716,0.0,0.0,0.0
1,50.400000000000006,3543.867815861149,0.0,2669.1822952714383,67.87468950834716,0.0,0.0,0.0
1,50.5,3550.655284811984,0.0,2669.1822952714383,67.87468950834716,0.0,0.0,0.0
1,50.6,3557.442753762819,0.0,2669.1822952714383,67.87468950834716,0.0,0.0,0.0
1,50.7,3564.230222713654,0.0,2669.1822952714383,67.87468950834716,0.0,0.0,0.0
1,50.800000000000004,3571.0176916644887,0.0,2669.1822952714383,67.87468950834716,0.0,0.0,0.0
1,50.900000000000006,3577.8051606153235,0.0,2669.1822952714383,67.87468950834716,0.0,0.0,0.0
1,51.0,3584.5926295661584,0.0,2669.1822952714383,67.87468950834716,0.0,0.0,0.0
1,51.1,3591.3800985169933,0.0,2669.1822952714383,67.87468950834716,0.0,0.0,0.0
1,51.2,3598.167567467828,0.0,2669.1822952714383,67.87468950834716,0.0,0.0,0.0
1,51.300000000000004,3604.955036418663,0.0,2669.1822952714383,67.87468950834716,0.0,0.0,0.0
1,51.400000000000006,3611.742505369498,0.0,2669.1822952714383,67.87468950834716,0.0,0.0,0.0
1,51.5,3618.5299743203327,0.0,2669.1822952714383,67.87468950834716,0.0,0.0,0.0
1,51.6,3625.3174432711676,0.0,2669.1822952714383,67.87468950834716,0.0,0.0,0.0
1,51.7,3632.1049122220024,0.0,2669.1822952714383,67.87468950834716,0.0,0.0,0.0
1,51.800000000000004,3638.8923811728373,0.0,2669.1822952714383,67.87468950834716,0.0,0.0,0.0
1,51.900000000000006,3645.679850123672,0.0,2669.1822952714383,67.87468950834716,0.0,0.0,0.0
1,52.0,3652.467319074507,0.0,2669.1822952714383,67.87468950834716,0.0,0.0,0.0
1,52.1,3659.254788025342,0.0,2669.1822952714383,67.87468950834716,0.0,0.0,0.0
1,52.2,3666.0422569761768,0.0,2669.1822952714383,67.87468950834716,0.0,0.0,0.0
1,52.300000000000004,3672.8297259270116,0.0,2669.1822952714383,67.87468950834716,0.0,0.0,0.0
1,52.400000000000006,3679.6171948778465,0.0,2669.1822952714383,67.87468950834716,0.0,0.0,0.0
1,52.5,3686.4046638286814,0.0,2669.1822952714383,67.87468950834716,0.0,0.0,0.0
1,52.6,3693.192132779516,0.0,2669.1822952714383,67.87468950834716,0.0,0.0,0.0
1,52.7,3699.979601730351,0.0,2669.1822952714383,67.87468950834716,0.0,0.0,0.0
1,52.800000000000004,3706.767070681186,0.0,2669.1822952714383,67.87468950834716,0.0,0.0,0.0
1,52.900000000000006,3713.554539632021,0.0,2669.1822952714383,67.87468950834716,0.0,0.0,0.0
1,53.0,3720.3420085828557,0.0,2669.1822952714383,67.87468950834716,0.0,0.0,0.0
1,53.1,3727.1294775336905,0.0,2669.1822952714383,67.87468950834716,0.0,0.0,0.0
1,53.2,3733.9169464845254,0.0,2669.1822952714383,67.87468950834716,0.0,0.0,0.0
1,53.300000000000004,3740.7044154353603,0.0,2669.1822952714383,67.87468950834716,0.0,0.0,0.0
1,53.400000000000006,3747.491884386195,0.0,2669.1822952714383,67.87468950834716,0.0,0.0,0.0
1,53.5,3754.27935333703,0.0,2669.1822952714383,67.87468950834716,0.0,0.0,0.0
1,53.6,3761.066822287865,0.0,2669.1822952714383,67.87468950834716,0.0,0.0,0.0
1,53.7,3767.8542912386997,0.0,2669.1822952714383,67.87468950834716,0.0,0.0,0.0
1,53.800000000000004,3774.6417601895346,0.0,2669.1822952714383,67.87468950834716,0.0,0.0,0.0
1,53.900000000000006,3781.4292291403694,0.0,2669.1822952714383,67.87468950834716,0.0,0.0,0.0
1,54.0,3788.2166980912043,0.0,2669.1822952714383,67.87468950834716,0.0,0.0,0.0
1,54.1,3795.004167042039,0.0,2669.1822952714383,67.87468950834716,0.0,0.0,0.0
1,54.2,3801.791635992874,0.0,2669.1822952714383,67.87468950834716,0.0,0.0,0.0
1,54.300000000000004,3808.579104943709,0.0,2669.1822952714383,67.87468950834716,0.0,0.0,0.0
1,54.400000000000006,3815.3665738945438,0.0,2669.1822952714383,67.87468950834716,0.0,0.0,0.0
1,54.5,3822.1540428453786,0.0,2669.1822952714383,67.87468950834716,0.0,0.0,0.0
1,54.6,3828.9415117962135,0.0,2669.1822952714383,67.87468950834716,0.0,0.0,0.0
1,54.7,3835.7289807470484,0.0,2669.1822952714383,67.87468950834716,0.0,0.0,0.0
1,54.800000000000004,3842.516449697883,0.0,2669.1822952714383,67.87468950834716,0.0,0.0,0.0
1,54.900000000000006,3849.303918648718,0.0,2669.1822952714383,67.87468950834716,0.0,0.0,0.0
1,55.0,3856.091387599553,0.0,2669.1822952714383,67.87468950834716,0.0,0.0,0.0
1,55.1,3862.878856550388,0.0,2669.1822952714383,67.87468950834716,0.0,0.0,0.0
1,55.2,3869.6663255012227,0.0,2669.1822952714383,67.87468950834716,0.0,0.0,0.0
1,55.300000000000004,3876.4537944520575,0.0,2669.1822952714383,67.87468950834716,0.0,0.0,0.0
1,55.400000000000006,3883.2412634028924,0.0,2669.1822952714383,67.87468950834716,0.0,0.0,0.0
1,55.5,3890.0287323537273,0.0,2669.1822952714383,67.87468950834716,0.0,0.0,0.0
1,55.6,3896.816201304562,0.0,2669.1822952714383,67.87468950834716,0.0,0.0,0.0
1,55.7,3903.603670255397,0.0,2669.1822952714383,67.87468950834716,0.0,0.0,0.0
1,55.800000000000004,3910.391139206232,0.0,2669.1822952714383,67.87468950834716,0.0,0.0,0.0
1,55.900000000000006,3917.1786081570667,0.0,2669.1822952714383,67.87468950834716,0.0,0.0,0.0
1,56.0,3923.9660771079016,0.0,2669.1822952714383,67.87468950834716,0.0,0.0,0.0
1,56.1,3930.7535460587364,0.0,2669.1822952714383,67.87468950834716,0.0,0.0,0.0
1,56.2,3937.5410150095713,0.0,2669.1822952714383,67.87468950834716,0.0,0.0,0.0
1,56.300000000000004,3944.328483960406,0.0,2669.1822952714383,67.87468950834716,0.0,0.0,0.0
1,56.400000000000006,3951.115952911241,0.0,2669.1822952714383,67.87468950834716,0.0,0.0,0.0
1,56.5,3957.903421862076,0.0,2669.1822952714383,67.87468950834716,0.0,0.0,0.0
1,56.6,3964.6908908129108,0.0,2669.1822952714383,67.87468950834716,0.0,0.0,0.0
1,56.7,3971.4783597637456,0.0,2669.1822952714383,67.87468950834716,0.0,0.0,0.0
1,56.800000000000004,3978.2658287145805,0.0,2669.1822952714383,67.87468950834716,0.0,0.0,0.0
1,56.900000000000006,3985.0532976654154,0.0,2669.1822952714383,67.87468950834716,0.0,0.0,0.0
1,57.0,3991.84076661625,0.0,2669.1822952714383,67.87468950834716,0.0,0.0,0.0
1,57.1,3998.628235567085,0.0,2669.1822952714383,67.87468950834716,0.0,0.0,0.0
1,57.2,4005.41570451792,0.0,2669.1822952714383,67.87468950834716,0.0,0.0,0.0
1,57.300000000000004,4012.203173468755,0.0,2669.1822952714383,67.87468950834716,0.0,0.0,0.0
1,57.400000000000006,4018.9906424195897,0.0,2669.1822952714383,67.87468950834716,0.0,0.0,0.0
1,57.5,4025.7781113704245,0.0,2669.1822952714383,67.87468950834716,0.0,0.0,0.0
1,57.6,4032.5655803212594,0.0,2669.1822952714383,67.87468950834716,0.0,0.0,0.0
1,57.7,4039.3530492720943,0.0,2669.1822952714383,67.87468950834716,0.0,0.0,0.0
1,57.800000000000004,4046.140518222929,0.0,2669.1822952714383,67.87468950834716,0.0,0.0,0.0
1,57.900000000000006,4052.927987173764,0.0,2669.1822952714383,67.87468950834716,0.0,0.0,0.0
1,58.0,4059.715456124599,0.0,2669.1822952714383,67.87468950834716,0.0,0.0,0.0
1,58.1,4066.5029250754337,0.0,2669.1822952714383,67.87468950834716,0.0,0.0,0.0
1,58.2,4073.2903940262686,0.0,2669.1822952714383,67.87468950834716,0.0,0.0,0.0
1,58.300000000000004,4080.0778629771035,0.0,2669.1822952714383,67.87468950834716,0.0,0.0,0.0
1,58.400000000000006,4086.8653319279383,0.0,2669.1822952714383,67.87468950834716,0.0,0.0,0.0
1,58.5,4093.652800878773,0.0,2669.1822952714383,67.87468950834716,0.0,0.0,0.0
1,58.6,4100.440269829608,0.0,2669.1822952714383,67.87468950834716,0.0,0.0,0.0
1,58.7,4107.227738780442,0.0,2669.1822952714383,67.87468950834716,0.0,0.0,0.0
1,58.800000000000004,4114.015207731277,0.0,2669.1822952714383,67.87468950834716,0.0,0.0,0.0
1,58.900000000000006,4120.802676682111,0.0,2669.1822952714383,67.87468950834716,0.0,0.0,0.0
1,59.0,4127.590145632946,0.0,2669.1822952714383,67.87468950834716,0.0,0.0,0.0
1,59.1,4134.37761458378,0.0,2669.1822952714383,67.87468950834716,0.0,0.0,0.0
1,59.2,4141.1650835346145,0.0,2669.1822952714383,67.87468950834716,0.0,0.0,0.0
1,59.300000000000004,4147.952552485449,0.0,2669.1822952714383,67.87468950834716,0.0,0.0,0.0
1,59.400000000000006,4154.740021436283,0.0,2669.1822952714383,67.87468950834716,0.0,0.0,0.0
1,59.5,4161.527490387118,0.0,2669.1822952714383,67.87468950834716,0.0,0.0,0.0
1,59.6,4168.314959337952,0.0,2669.1822952714383,67.87468950834716,0.0,0.0,0.0
1,59.7,4175.1024282887865,0.0,2669.1822952714383,67.87468950834716,0.0,0.0,0.0
1,59.800000000000004,4181.889897239621,0.0,2669.1822952714383,67.87468950834716,0.0,0.0,0.0
1,59.900000000000006,4188.677366190455,0.0,2669.1822952714383,67.87468950834716,0.0,0.0,0.0
1,60.0,4195.46483514129,0.0,2669.1822952714383,67.87468950834716,0.0,0.0,0.0
1,60.1,4202.252304092124,0.0,2669.1822952714383,67.87468950834716,0.0,0.0,0.0
1,60.2,4209.039773042959,0.0,2669.1822952714383,67.87468950834716,0.0,0.0,0.0
1,60.300000000000004,4215.827241993793,0.0,2669.1822952714383,67.87468950834716,0.0,0.0,0.0
1,60.400000000000006,4222.614710944627,0.0,2669.1822952714383,67.87468950834716,0.0,0.0,0.0
1,60.5,4229.402179895462,0.0,2669.1822952714383,67.87468950834716,0.0,0.0,0.0
1,60.6,4236.189648846296,0.0,2669.1822952714383,67.87468950834716,0.0,0.0,0.0
1,60.7,4242.977117797131,0.0,2669.1822952714383,67.87468950834716,0.0,0.0,0.0
1,60.800000000000004,4249.764586747965,0.0,2669.1822952714383,67.87468950834716,0.0,0.0,0.0
1,60.900000000000006,4256.552055698799,0.0,2669.1822952714383,67.87468950834716,0.0,0.0,0.0
1,61.0,4263.339524649634,0.0,2669.1822952714383,68.16128648501433,0.0,0.0,0.0
1,61.1,4270.155653298135,0.0,2669.1822952714383,68.4478834616815,0.0,0.0,0.0
1,61.2,4277.0004416443035,0.0,2669.1822952714383,68.73448043834867,0.0,0.0,0.0
1,61.300000000000004,4283.873889688139,0.0,2669.1822952714383,69.02107741501584,0.0,0.0,0.0
1,61.400000000000006,4290.7759974296405,0.0,2669.1822952714383,69.30767439168301,0.0,0.0,0.0
1,61.5,4297.706764868809,0.0,2669.1822952714383,69.59427136835018,0.0,0.0,0.0
1,61.6,4304.666192005644,0.0,2669.1822952714383,69.88086834501735,0.0,0.0,0.0
1,61.7,4311.654278840146,0.0,2669.1822952714383,70.16746532168452,0.0,0.0,0.0
1,61.800000000000004,4318.671025372314,0.0,2669.1822952714383,70.45406229835169,0.0,0.0,0.0
1,61.900000000000006,4325.716431602149,0.0,2669.1822952714383,70.74065927501886,0.0,0.0,0.0
1,62.0,4332.790497529651,0.0,2669.1822952714383,70.74065927501886,0.0,0.0,0.0
1,62.1,4339.864563457152,0.0,2669.1822952714383,70.74065927501886,0.0,0.0,0.0
1,62.2,4346.938629384654,0.0,2669.1822952714383,70.74065927501886,0.0,0.0,0.0
1,62.300000000000004,4354.012695312155,0.0,2669.1822952714383,70.74065927501886,0.0,0.0,0.0
1,62.400000000000006,4361.086761239657,0.0,2669.1822952714383,70.74065927501886,0.0,0.0,0.0
1,62.5,4368.1608271671585,0.0,2669.1822952714383,70.74065927501886,0.0,0.0,0.0
1,62.6,4375.23489309466,0.0,2669.1822952714383,70.74065927501886,0.0,0.0,0.0
1,62.7,4382.308959022162,0.0,2669.1822952714383,70.74065927501886,0.0,0.0,0.0
1,62.800000000000004,4389.383024949663,0.0,2669.1822952714383,70.74065927501886,0.0,0.0,0.0
1,62.900000000000006,4396.457090877165,0.0,2669.1822952714383,70.74065927501886,0.0,0.0,0.0
1,63.0,4403.531156804666,0.0,2669.1822952714383,70.74065927501886,0.0,0.0,0.0
1,63.1,4410.605222732168,0.0,2669.1822952714383,70.74065927501886,0.0,0.0,0.0
1,63.2,4417.6792886596695,0.0,2669.1822952714383,70.74065927501886,0.0,0.0,0.0
1,63.300000000000004,4424.753354587171,0.0,2669.1822952714383,70.74065927501886,0.0,0.0,0.0
1,63.400000000000006,4431.827420514673,0.0,2669.1822952714383,70.74065927501886,0.0,0.0,0.0
1,63.5,4438.901486442174,0.0,2669.1822952714383,70.74065927501886,0.0,0.0,0.0
1,63.6,4445.975552369676,0.0,2669.1822952714383,70.74065927501886,0.0,0.0,0.0
1,63.7,4453.049618297177,0.0,2669.1822952714383,70.74065927501886,0.0,0.0,0.0
1,63.800000000000004,4460.123684224679,0.0,2669.1822952714383,70.74065927501886,0.0,0.0,0.0
1,63.900000000000006,4467.197750152181,0.0,2669.1822952714383,70.74065927501886,0.0,0.0,0.0
1,64.0,4474.271816079682,0.0,2669.1822952714383,70.74065927501886,0.0,0.0,0.0
1,64.10000000000001,4481.345882007184,0.0,2669.1822952714383,70.74065927501886,0.0,0.0,0.0
1,64.2,4488.419947934685,0.0,2669.1822952714383,70.74065927501886,0.0,0.0,0.0
1,64.3,4495.494013862187,0.0,2669.1822952714383,70.74065927501886,0.0,0.0,0.0
1,64.4,4502.568079789688,0.0,2669.1822952714383,70.74065927501886,0.0,0.0,0.0
1,64.5,4509.64214571719,0.0,2669.1822952714383,70.74065927501886,0.0,0.0,0.0
1,64.60000000000001,4516.716211644692,0.0,2669.1822952714383,70.74065927501886,0.0,0.0,0.0
1,64.7,4523.790277572193,0.0,2669.1822952714383,70.74065927501886,0.0,0.0,0.0
1,64.8,4530.864343499695,0.0,2669.1822952714383,70.74065927501886,0.0,0.0,0.0
1,64.9,4537.938409427196,0.0,2669.1822952714383,70.74065927501886,0.0,0.0,0.0
1,65.0,4545.012475354698,0.0,2669.1822952714383,70.74065927501886,0.0,0.0,0.0
1,65.10000000000001,4552.0865412821995,0.0,2669.1822952714383,70.74065927501886,0.0,0.0,0.0
1,65.2,4559.160607209701,0.0,2669.1822952714383,70.74065927501886,0.0,0.0,0.0
1,65.3,4566.234673137203,0.0,2669.1822952714383,70.74065927501886,0.0,0.0,0.0
1,65.4,4573.308739064704,0.0,2669.1822952714383,70.74065927501886,0.0,0.0,0.0
1,65.5,4580.382804992206,0.0,2669.1822952714383,70.74065927501886,0.0,0.0,0.0
1,65.60000000000001,4587.456870919707,0.0,2669.1822952714383,70.74065927501886,0.0,0.0,0.0
1,65.7,4594.530936847209,0.0,2669.1822952714383,70.74065927501886,0.0,0.0,0.0
1,65.8,4601.605002774711,0.0,2669.1822952714383,70.74065927501886,0.0,0.0,0.0
1,65.9,4608.679068702212,0.0,2669.1822952714383,70.74065927501886,0.0,0.0,0.0
1,66.0,4615.753134629714,0.0,2669.1822952714383,70.74065927501886,0.0,0.0,0.0
1,66.10000000000001,4622.827200557215,0.0,2669.1822952714383,70.74065927501886,0.0,0.0,0.0
1,66.2,4629.901266484717,0.0,2669.1822952714383,70.74065927501886,0.0,0.0,0.0
1,66.3,4636.975332412218,0.0,2669.1822952714383,70.74065927501886,0.0,0.0,0.0
1,66.4,4644.04939833972,0.0,2669.1822952714383,70.74065927501886,0.0,0.0,0.0
1,66.5,4651.123464267222,0.0,2669.1822952714383,70.74065927501886,0.0,0.0,0.0
1,66.60000000000001,4658.197530194723,0.0,2669.1822952714383,70.74065927501886,0.0,0.0,0.0
1,66.7,4665.271596122225,0.0,2669.1822952714383,70.74065927501886,0.0,0.0,0.0
1,66.8,4672.345662049726,0.0,2669.1822952714383,70.74065927501886,0.0,0.0,0.0
1,66.9,4679.419727977228,0.0,2669.1822952714383,70.74065927501886,0.0,0.0,0.0
1,67.0,4686.4937939047295,0.0,2669.1822952714383,70.74065927501886,0.0,0.0,0.0
1,67.10000000000001,4693.567859832231,0.0,2669.1822952714383,70.74065927501886,0.0,0.0,0.0
1,67.2,4700.641925759733,0.0,2669.1822952714383,70.74065927501886,0.0,0.0,0.0
1,67.3,4707.715991687234,0.0,2669.1822952714383,70.74065927501886,0.0,0.0,0.0
1,67.4,4714.790057614736,0.0,2669.1822952714383,70.74065927501886,0.0,0.0,0.0
1,67.5,4721.864123542237,0.0,2669.1822952714383,70.74065927501886,0.0,0.0,0.0
1,67.60000000000001,4728.938189469739,0.0,2669.1822952714383,70.74065927501886,0.0,0.0,0.0
1,67.7,4736.012255397241,0.0,2669.1822952714383,70.74065927501886,0.0,0.0,0.0
1,67.8,4743.086321324742,0.0,2669.1822952714383,70.74065927501886,0.0,0.0,0.0
1,67.9,4750.160387252244,0.0,2669.1822952714383,70.74065927501886,0.0,0.0,0.0
1,68.0,4757.234453179745,0.0,2669.1822952714383,70.74065927501886,0.0,0.0,0.0
1,68.10000000000001,4764.308519107247,0.0,2669.1822952714383,70.74065927501886,0.0,0.0,0.0
1,68.2,4771.382585034748,0.0,2669.1822952714383,70.74065927501886,0.0,0.0,0.0
1,68.3,4778.45665096225,0.0,2669.1822952714383,70.74065927501886,0.0,0.0,0.0
1,68.4,4785.530716889752,0.0,2669.1822952714383,70.74065927501886,0.0,0.0,0.0
1,68.5,4792.604782817253,0.0,2669.1822952714383,70.74065927501886,0.0,0.0,0.0
1,68.60000000000001,4799.678848744755,0.0,2669.1822952714383,70.74065927501886,0.0,0.0,0.0
1,68.7,4806.752914672256,0.0,2669.1822952714383,70.74065927501886,0.0,0.0,0.0
1,68.8,4813.826980599758,0.0,2669.1822952714383,70.74065927501886,0.0,0.0,0.0
1,68.9,4820.9010465272595,0.0,2669.1822952714383,70.74065927501886,0.0,0.0,0.0
1,69.0,4827.975112454761,0.0,2669.1822952714383,70.74065927501886,0.0,0.0,0.0
1,69.10000000000001,4835.049178382263,0.0,2669.1822952714383,70.74065927501886,0.0,0.0,0.0
1,69.2,4842.123244309764,0.0,2669.1822952714383,70.74065927501886,0.0,0.0,0.0
1,69.3,4849.197310237266,0.0,2669.1822952714383,70.74065927501886,0.0,0.0,0.0
1,69.4,4856.271376164767,0.0,2669.1822952714383,70.74065927501886,0.0,0.0,0.0
1,69.5,4863.345442092269,0.0,2669.1822952714383,70.74065927501886,0.0,0.0,0.0
1,69.60000000000001,4870.419508019771,0.0,2669.1822952714383,70.74065927501886,0.0,0.0,0.0
1,69.7,4877.493573947272,0.0,2669.1822952714383,70.74065927501886,0.0,0.0,0.0
1,69.8,4884.567639874774,0.0,2669.1822952714383,70.74065927501886,0.0,0.0,0.0
1,69.9,4891.641705802275,0.0,2669.1822952714383,70.74065927501886,0.0,0.0,0.0
1,70.0,4898.715771729777,0.0,2669.1822952714383,70.74065927501886,0.0,0.0,0.0
1,70.10000000000001,4905.789837657278,0.0,2669.1822952714383,70.74065927501886,0.0,0.0,0.0
1,70.2,4912.86390358478,0.0,2669.1822952714383,70.74065927501886,0.0,0.0,0.0
1,70.3,4919.937969512282,0.0,2669.1822952714383,70.74065927501886,0.0,0.0,0.0
1,70.4,4927.012035439783,0.0,2669.1822952714383,70.74065927501886,0.0,0.0,0.0
1,70.5,4934.086101367285,0.0,2669.1822952714383,70.74065927501886,0.0,0.0,0.0
1,70.60000000000001,4941.160167294786,0.0,2669.1822952714383,70.74065927501886,0.0,0.0,0.0
1,70.7,4948.234233222288,0.0,2669.1822952714383,70.74065927501886,0.0,0.0,0.0
1,70.8,4955.3082991497895,0.0,2669.1822952714383,70.74065927501886,0.0,0.0,0.0
1,70.9,4962.382365077291,0.0,2669.1822952714383,70.74065927501886,0.0,0.0,0.0
1,71.0,4969.456431004793,0.0,2669.1822952714383,70.74065927501886,0.0,0.0,0.0
1,71.10000000000001,4976.530496932294,0.0,2669.1822952714383,70.74065927501886,0.0,0.0,0.0
1,71.2,4983.604562859796,0.0,2669.1822952714383,70.74065927501886,0.0,0.0,0.0
1,71.3,4990.678628787297,0.0,2669.1822952714383,70.74065927501886,0.0,0.0,0.0
1,71.4,4997.752694714799,0.0,2669.1822952714383,70.74065927501886,0.0,0.0,0.0
1,71.5,5004.8267606423005,0.0,2669.1822952714383,70.74065927501886,0.0,0.0,0.0
1,71.60000000000001,5011.900826569802,0.0,2669.1822952714383,70.74065927501886,0.0,0.0,0.0
1,71.7,5018.974892497304,0.0,2669.1822952714383,70.74065927501886,0.0,0.0,0.0
1,71.8,5026.048958424805,0.0,2669.1822952714383,70.74065927501886,0.0,0.0,0.0
1,71.9,5033.123024352307,0.0,2669.1822952714383,70.74065927501886,0.0,0.0,0.0
1,72.0,5040.197090279808,0.0,2669.1822952714383,70.74065927501886,0.0,0.0,0.0
1,72.10000000000001,5047.27115620731,0.0,2669.1822952714383,70.74065927501886,0.0,0.0,0.0
1,72.2,5054.345222134812,0.0,2669.1822952714383,70.74065927501886,0.0,0.0,0.0
1,72.3,5061.419288062313,0.0,2669.1822952714383,70.74065927501886,0.0,0.0,0.0
1,72.4,5068.493353989815,0.0,2669.1822952714383,70.74065927501886,0.0,0.0,0.0
1,72.5,5075.567419917316,0.0,2669.1822952714383,70.74065927501886,0.0,0.0,0.0
1,72.60000000000001,5082.641485844818,0.0,2669.1822952714383,70.74065927501886,0.0,0.0,0.0
1,72.7,5089.7155517723195,0.0,2669.1822952714383,70.74065927501886,0.0,0.0,0.0
1,72.8,5096.789617699821,0.0,2669.1822952714383,70.74065927501886,0.0,0.0,0.0
1,72.9,5103.863683627323,0.0,2669.1822952714383,70.74065927501886,0.0,0.0,0.0
1,73.0,5110.937749554824,0.0,2669.1822952714383,70.74065927501886,0.0,0.0,0.0
1,73.10000000000001,5118.011815482326,0.0,2669.1822952714383,70.74065927501886,0.0,0.0,0.0
1,73.2,5125.085881409827,0.0,2669.1822952714383,70.74065927501886,0.0,0.0,0.0
1,73.3,5132.159947337329,0.0,2669.1822952714383,70.74065927501886,0.0,0.0,0.0
1,73.4,5139.2340132648305,0.0,2669.1822952714383,70.74065927501886,0.0,0.0,0.0
1,73.5,5146.308079192332,0.0,2669.1822952714383,70.74065927501886,0.0,0.0,0.0
1,73.60000000000001,5153.382145119834,0.0,2669.1822952714383,70.74065927501886,0.0,0.0,0.0
1,73.7,5160.456211047335,0.0,2669.1822952714383,70.74065927501886,0.0,0.0,0.0
1,73.8,5167.530276974837,0.0,2669.1822952714383,70.74065927501886,0.0,0.0,0.0
1,73.9,5174.604342902338,0.0,2669.1822952714383,70.74065927501886,0.0,0.0,0.0
1,74.0,5181.67840882984,0.0,2669.1822952714383,70.74065927501886,0.0,0.0,0.0
1,74.10000000000001,5188.752474757342,0.0,2669.1822952714383,70.74065927501886,0.0,0.0,0.0
1,74.2,5195.826540684843,0.0,2669.1822952714383,70.74065927501886,0.0,0.0,0.0
1,74.3,5202.900606612345,0.0,2669.1822952714383,70.74065927501886,0.0,0.0,0.0
1,74.4,5209.974672539846,0.0,2669.1822952714383,70.74065927501886,0.0,0.0,0.0
1,74.5,5217.048738467348,0.0,2669.1822952714383,70.74065927501886,0.0,0.0,0.0
1,74.60000000000001,5224.1228043948495,0.0,2669.1822952714383,70.74065927501886,0.0,0.0,0.0
1,74.7,5231.196870322351,0.0,2669.1822952714383,70.74065927501886,0.0,0.0,0.0
1,74.8,5238.270936249853,0.0,2669.1822952714383,70.74065927501886,0.0,0.0,0.0
1,74.9,5245.345002177354,0.0,2669.1822952714383,70.74065927501886,0.0,0.0,0.0
1,75.0,5252.419068104856,0.0,2669.1822952714383,70.74065927501886,0.0,0.0,0.0
1,75.10000000000001,5259.493134032357,0.0,2669.1822952714383,70.74065927501886,0.0,0.0,0.0
1,75.2,5266.567199959859,0.0,2669.1822952714383,70.74065927501886,0.0,0.0,0.0
1,75.3,5273.6412658873605,0.0,2669.1822952714383,70.74065927501886,0.0,0.0,0.0
1,75.4,5280.715331814862,0.0,2669.1822952714383,70.74065927501886,0.0,0.0,0.0
1,75.5,5287.789397742364,0.0,2669.1822952714383,70.74065927501886,0.0,0.0,0.0
1,75.60000000000001,5294.863463669865,0.0,2669.1822952714383,70.74065927501886,0.0,0.0,0.0
1,75.7,5301.937529597367,0.0,2669.1822952714383,70.74065927501886,0.0,0.0,0.0
1,75.8,5309.011595524868,0.0,2669.1822952714383,70.74065927501886,0.0,0.0,0.0
1,75.9,5316.08566145237,0.0,2669.1822952714383,70.74065927501886,0.0,0.0,0.0
1,76.0,5323.159727379872,0.0,2669.1822952714383,70.74065927501886,0.0,0.0,0.0
1,76.10000000000001,5330.233793307373,0.0,2669.1822952714383,70.74065927501886,0.0,0.0,0.0
1,76.2,5337.307859234875,0.0,2669.1822952714383,70.74065927501886,0.0,0.0,0.0
1,76.3,5344.381925162376,0.0,2669.1822952714383,70.74065927501886,0.0,0.0,0.0
1,76.4,5351.455991089878,0.0,2669.1822952714383,70.74065927501886,0.0,0.0,0.0
1,76.5,5358.5300570173795,0.0,2669.1822952714383,70.74065927501886,0.0,0.0,0.0
1,76.60000000000001,5365.604122944881,0.0,2669.1822952714383,70.74065927501886,0.0,0.0,0.0
1,76.7,5372.678188872383,0.0,2669.1822952714383,70.74065927501886,0.0,0.0,0.0
1,76.80000000000001,5379.752254799884,0.0,2669.1822952714383,70.74065927501886,0.0,0.0,0.0
1,76.9,5386.826320727386,0.0,2669.1822952714383,70.74065927501886,0.0,0.0,0.0
1,77.0,5393.900386654887,0.0,2669.1822952714383,70.74065927501886,0.0,0.0,0.0
1,77.10000000000001,5400.974452582389,0.0,2669.1822952714383,70.74065927501886,0.0,0.0,0.0
1,77.2,5408.0485185098905,0.0,2669.1822952714383,70.74065927501886,0.0,0.0,0.0
1,77.30000000000001,5415.122584437392,0.0,2669.1822952714383,70.74065927501886,0.0,0.0,0.0
1,77.4,5422.196650364894,0.0,2669.1822952714383,70.74065927501886,0.0,0.0,0.0
1,77.5,5429.270716292395,0.0,2669.1822952714383,70.74065927501886,0.0,0.0,0.0
1,77.60000000000001,5436.344782219897,0.0,2669.1822952714383,70.74065927501886,0.0,0.0,0.0
1,77.7,5443.418848147398,0.0,2669.1822952714383,70.74065927501886,0.0,0.0,0.0
1,77.80000000000001,5450.4929140749,0.0,2669.1822952714383,70.74065927501886,0.0,0.0,0.0
1,77.9,5457.566980002402,0.0,2669.1822952714383,70.74065927501886,0.0,0.0,0.0
1,78.0,5464.641045929903,0.0,2669.1822952714383,70.74065927501886,0.0,0.0,0.0
1,78.10000000000001,5471.715111857405,0.0,2669.1822952714383,70.74065927501886,0.0,0.0,0.0
1,78.2,5478.789177784906,0.0,2669.1822952714383,70.74065927501886,0.0,0.0,0.0
1,78.30000000000001,5485.863243712408,0.0,2669.1822952714383,70.74065927501886,0.0,0.0,0.0
1,78.4,5492.9373096399095,0.0,2669.1822952714383,70.74065927501886,0.0,0.0,0.0
1,78.5,5500.011375567411,0.0,2669.1822952714383,70.74065927501886,0.0,0.0,0.0
1,78.60000000000001,5507.085441494913,0.0,2669.1822952714383,70.74065927501886,0.0,0.0,0.0
1,78.7,5514.159507422414,0.0,2669.1822952714383,70.74065927501886,0.0,0.0,0.0
1,78.80000000000001,5521.233573349916,0.0,2669.1822952714383,70.74065927501886,0.0,0.0,0.0
1,78.9,5528.307639277417,0.0,2669.1822952714383,70.74065927501886,0.0,0.0,0.0
1,79.0,5535.381705204919,0.0,2669.1822952714383,70.74065927501886,0.0,0.0,0.0
1,79.10000000000001,5542.4557711324205,0.0,2669.1822952714383,70.74065927501886,0.0,0.0,0.0
1,79.2,5549.529837059922,0.0,2669.1822952714383,70.74065927501886,0.0,0.0,0.0
1,79.30000000000001,5556.603902987424,0.0,2669.1822952714383,70.74065927501886,0.0,0.0,0.0
1,79.4,5563.677968914925,0.0,2669.1822952714383,70.74065927501886,0.0,0.0,0.0
1,79.5,5570.752034842427,0.0,2669.1822952714383,70.74065927501886,0.0,0.0,0.0
1,79.60000000000001,5577.826100769928,0.0,2669.1822952714383,70.74065927501886,0.0,0.0,0.0
1,79.7,5584.90016669743,0.0,2669.1822952714383,70.74065927501886,0.0,0.0,0.0
1,79.80000000000001,5591.974232624932,0.0,2669.1822952714383,70.74065927501886,0.0,0.0,0.0
1,79.9,5599.048298552433,0.0,2669.1822952714383,70.74065927501886,0.0,0.0,0.0
1,80.0,5606.122364479935,0.0,2669.1822952714383,70.74065927501886,0.0,0.0,0.0
1,80.10000000000001,5613.196430407436,0.0,2669.1822952714383,70.74065927501886,0.0,0.0,0.0
1,80.2,5620.270496334938,0.0,2669.1822952714383,70.74065927501886,0.0,0.0,0.0
1,80.30000000000001,5627.3445622624395,0.0,2669.1822952714383,70.74065927501886,0.0,0.0,0.0
1,80.4,5634.418628189941,0.0,2669.1822952714383,70.74065927501886,0.0,0.0,0.0
1,80.5,5641.492694117443,0.0,2669.1822952714383,70.74065927501886,0.0,0.0,0.0
1,80.60000000000001,5648.566760044944,0.0,2669.1822952714383,70.74065927501886,0.0,0.0,0.0
1,80.7,5655.640825972446,0.0,2669.1822952714383,70.74065927501886,0.0,0.0,0.0
1,80.80000000000001,5662.714891899947,0.0,2669.1822952714383,70.74065927501886,0.0,0.0,0.0
1,80.9,5669.788957827449,0.0,2669.1822952714383,70.74065927501886,0.0,0.0,0.0
1,81.0,5676.8630237549505,0.0,2669.1822952714383,70.74065927501886,0.0,0.0,0.0
1,81.10000000000001,5683.937089682452,0.0,2669.1822952714383,70.74065927501886,0.0,0.0,0.0
1,81.2,5691.011155609954,0.0,2669.1822952714383,70.74065927501886,0.0,0.0,0.0
1,81.30000000000001,5698.085221537455,0.0,2669.1822952714383,70.74065927501886,0.0,0.0,0.0
1,81.4,5705.159287464957,0.0,2669.1822952714383,70.74065927501886,0.0,0.0,0.0
1,81.5,5712.233353392458,0.0,2669.1822952714383,70.74065927501886,0.0,0.0,0.0
1,81.60000000000001,5719.30741931996,0.0,2669.1822952714383,70.74065927501886,0.0,0.0,0.0
1,81.7,5726.381485247462,0.0,2669.1822952714383,70.74065927501886,0.0,0.0,0.0
1,81.80000000000001,5733.455551174963,0.0,2669.1822952714383,70.74065927501886,0.0,0.0,0.0
1,81.9,5740.529617102465,0.0,2669.1822952714383,70.74065927501886,0.0,0.0,0.0
1,82.0,5747.603683029966,0.0,2669.1822952714383,70.74065927501886,0.0,0.0,0.0
1,82.10000000000001,5754.677748957468,0.0,2669.1822952714383,70.74065927501886,0.0,0.0,0.0
1,82.2,5761.7518148849695,0.0,2669.1822952714383,70.74065927501886,0.0,0.0,0.0
1,82.30000000000001,5768.825880812471,0.0,2669.1822952714383,70.74065927501886,0.0,0.0,0.0
1,82.4,5775.899946739973,0.0,2669.1822952714383,70.74065927501886,0.0,0.0,0.0
1,82.5,5782.974012667474,0.0,2669.1822952714383,70.74065927501886,0.0,0.0,0.0
1,82.60000000000001,5790.048078594976,0.0,2669.1822952714383,70.74065927501886,0.0,0.0,0.0
1,82.7,5797.122144522477,0.0,2669.1822952714383,70.74065927501886,0.0,0.0,0.0
1,82.80000000000001,5804.196210449979,0.0,2669.1822952714383,70.74065927501886,0.0,0.0,0.0
1,82.9,5811.2702763774805,0.0,2669.1822952714383,70.74065927501886,0.0,0.0,0.0
1,83.0,5818.344342304982,0.0,2669.1822952714383,70.74065927501886,0.0,0.0,0.0
1,83.10000000000001,5825.418408232484,0.0,2669.1822952714383,70.74065927501886,0.0,0.0,0.0
1,83.2,5832.492474159985,0.0,2669.1822952714383,70.74065927501886,0.0,0.0,0.0
1,83.30000000000001,5839.566540087487,0.0,2669.1822952714383,70.74065927501886,0.0,0.0,0.0
1,83.4,5846.640606014988,0.0,2669.1822952714383,70.74065927501886,0.0,0.0,0.0
1,83.5,5853.71467194249,0.0,2669.1822952714383,70.74065927501886,0.0,0.0,0.0
1,83.60000000000001,5860.788737869992,0.0,2669.1822952714383,70.74065927501886,0.0,0.0,0.0
1,83.7,5867.862803797493,0.0,2669.1822952714383,70.74065927501886,0.0,0.0,0.0
1,83.80000000000001,5874.936869724995,0.0,2669.1822952714383,70.74065927501886,0.0,0.0,0.0
1,83.9,5882.010935652496,0.0,2669.1822952714383,70.74065927501886,0.0,0.0,0.0
1,84.0,5889.085001579998,0.0,2669.1822952714383,70.74065927501886,0.0,0.0,0.0
1,84.10000000000001,5896.1590675074995,0.0,2669.1822952714383,70.74065927501886,0.0,0.0,0.0
1,84.2,5903.233133435001,0.0,2669.1822952714383,70.74065927501886,0.0,0.0,0.0
1,84.30000000000001,5910.307199362503,0.0,2669.1822952714383,70.74065927501886,0.0,0.0,0.0
1,84.4,5917.381265290004,0.0,2669.1822952714383,70.74065927501886,0.0,0.0,0.0
1,84.5,5924.455331217506,0.0,2669.1822952714383,70.74065927501886,0.0,0.0,0.0
1,84.60000000000001,5931.529397145007,0.0,2669.1822952714383,70.74065927501886,0.0,0.0,0.0
1,84.7,5938.603463072509,0.0,2669.1822952714383,70.74065927501886,0.0,0.0,0.0
1,84.80000000000001,5945.6775290000105,0.0,2669.1822952714383,70.74065927501886,0.0,0.0,0.0
1,84.9,5952.751594927512,0.0,2669.1822952714383,70.74065927501886,0.0,0.0,0.0
1,85.0,5959.825660855014,0.0,2669.1822952714383,70.74065927501886,0.0,0.0,0.0
1,85.10000000000001,5966.899726782515,0.0,2669.1822952714383,70.74065927501886,0.0,0.0,0.0
1,85.2,5973.973792710017,0.0,2669.1822952714383,70.74065927501886,0.0,0.0,0.0
1,85.30000000000001,5981.047858637518,0.0,2669.1822952714383,70.74065927501886,0.0,0.0,0.0
1,85.4,5988.12192456502,0.0,2669.1822952714383,70.74065927501886,0.0,0.0,0.0
1,85.5,5995.195990492522,0.0,2669.1822952714383,70.74065927501886,0.0,0.0,0.0
1,85.60000000000001,6002.270056420023,0.0,2669.1822952714383,70.74065927501886,0.0,0.0,0.0
1,85.7,6009.344122347525,0.0,2669.1822952714383,70.74065927501886,0.0,0.0,0.0
1,85.80000000000001,6016.418188275026,0.0,2669.1822952714383,70.74065927501886,0.0,0.0,0.0
1,85.9,6023.492254202528,0.0,2669.1822952714383,70.74065927501886,0.0,0.0,0.0
1,86.0,6030.566320130029,0.0,2669.1822952714383,70.74065927501886,0.0,0.0,0.0
1,86.10000000000001,6037.640386057531,0.0,2669.1822952714383,70.74065927501886,0.0,0.0,0.0
1,86.2,6044.714451985033,0.0,2669.1822952714383,70.74065927501886,0.0,0.0,0.0
1,86.30000000000001,6051.788517912534,0.0,2669.1822952714383,70.74065927501886,0.0,0.0,0.0
1,86.4,6058.862583840036,0.0,2669.1822952714383,70.74065927501886,0.0,0.0,0.0
1,86.5,6065.936649767537,0.0,2669.1822952714383,70.74065927501886,0.0,0.0,0.0
1,86.60000000000001,6073.010715695039,0.0,2669.1822952714383,70.74065927501886,0.0,0.0,0.0
1,86.7,6080.0847816225405,0.0,2669.1822952714383,70.74065927501886,0.0,0.0,0.0
1,86.80000000000001,6087.158847550042,0.0,2669.1822952714383,70.74065927501886,0.0,0.0,0.0
1,86.9,6094.232913477544,0.0,2669.1822952714383,70.74065927501886,0.0,0.0,0.0
1,87.0,6101.306979405045,0.0,2669.1822952714383,70.74065927501886,0.0,0.0,0.0
1,87.10000000000001,6108.381045332547,0.0,2669.1822952714383,70.74065927501886,0.0,0.0,0.0
1,87.2,6115.455111260048,0.0,2669.1822952714383,70.74065927501886,0.0,0.0,0.0
1,87.30000000000001,6122.52917718755,0.0,2669.1822952714383,70.74065927501886,0.0,0.0,0.0
1,87.4,6129.603243115052,0.0,2669.1822952714383,70.74065927501886,0.0,0.0,0.0
1,87.5,6136.677309042553,0.0,2669.1822952714383,70.74065927501886,0.0,0.0,0.0
1,87.60000000000001,6143.751374970055,0.0,2669.1822952714383,70.74065927501886,0.0,0.0,0.0
1,87.7,6150.825440897556,0.0,2669.1822952714383,70.74065927501886,0.0,0.0,0.0
1,87.80000000000001,6157.899506825058,0.0,2669.1822952714383,70.74065927501886,0.0,0.0,0.0
1,87.9,6164.973572752559,0.0,2669.1822952714383,70.74065927501886,0.0,0.0,0.0
1,88.0,6172.047638680061,0.0,2669.1822952714383,70.74065927501886,0.0,0.0,0.0
1,88.10000000000001,6179.121704607563,0.0,2669.1822952714383,70.74065927501886,0.0,0.0,0.0
1,88.2,6186.195770535064,0.0,2669.1822952714383,70.74065927501886,0.0,0.0,0.0
1,88.30000000000001,6193.269836462566,0.0,2669.1822952714383,70.74065927501886,0.0,0.0,0.0
1,88.4,6200.343902390067,0.0,2669.1822952714383,70.74065927501886,0.0,0.0,0.0
1,88.5,6207.417968317569,0.0,2669.1822952714383,70.74065927501886,0.0,0.0,0.0
1,88.60000000000001,6214.4920342450705,0.0,2669.1822952714383,70.74065927501886,0.0,0.0,0.0
1,88.7,6221.566100172572,0.0,2669.1822952714383,70.74065927501886,0.0,0.0,0.0
1,88.80000000000001,6228.640166100074,0.0,2669.1822952714383,70.74065927501886,0.0,0.0,0.0
1,88.9,6235.714232027575,0.0,2669.1822952714383,70.74065927501886,0.0,0.0,0.0
1,89.0,6242.788297955077,0.0,2669.1822952714383,70.74065927501886,0.0,0.0,0.0
1,89.10000000000001,6249.862363882578,0.0,2669.1822952714383,70.74065927501886,0.0,0.0,0.0
1,89.2,6256.93642981008,0.0,2669.1822952714383,70.74065927501886,0.0,0.0,0.0
1,89.30000000000001,6264.010495737582,0.0,2669.1822952714383,70.74065927501886,0.0,0.0,0.0
1,89.4,6271.084561665083,0.0,2669.1822952714383,70.74065927501886,0.0,0.0,0.0
1,89.5,6278.158627592585,0.0,2669.1822952714383,70.74065927501886,0.0,0.0,0.0
1,89.60000000000001,6285.232693520086,0.0,2669.1822952714383,70.74065927501886,0.0,0.0,0.0
1,89.7,6292.306759447588,0.0,2669.1822952714383,70.74065927501886,0.0,0.0,0.0
1,89.80000000000001,6299.380825375089,0.0,2669.1822952714383,70.74065927501886,0.0,0.0,0.0
1,89.9,6306.454891302591,0.0,2669.1822952714383,70.74065927501886,0.0,0.0,0.0
1,90.0,6313.528957230093,0.0,2669.1822952714383,70.74065927501886,0.0,0.0,0.0
1,90.10000000000001,6320.603023157594,0.0,2669.1822952714383,70.74065927501886,0.0,0.0,0.0
1,90.2,6327.677089085096,0.0,2669.1822952714383,70.74065927501886,0.0,0.0,0.0
1,90.30000000000001,6334.751155012597,0.0,2669.1822952714383,70.74065927501886,0.0,0.0,0.0
1,90.4,6341.825220940099,0.0,2669.1822952714383,70.74065927501886,0.0,0.0,0.0
1,90.5,6348.8992868676005,0.0,2669.1822952714383,70.74065927501886,0.0,0.0,0.0
1,90.60000000000001,6355.973352795102,0.0,2669.1822952714383,70.74065927501886,0.0,0.0,0.0
1,90.7,6363.047418722604,0.0,2669.1822952714383,70.74065927501886,0.0,0.0,0.0
1,90.80000000000001,6370.121484650105,0.0,2669.1822952714383,70.74065927501886,0.0,0.0,0.0
1,90.9,6377.195550577607,0.0,2669.1822952714383,70.74065927501886,0.0,0.0,0.0
1,91.0,6384.269616505108,0.0,2669.1822952714383,70.74065927501886,0.0,0.0,0.0
1,91.10000000000001,6391.34368243261,0.0,2669.1822952714383,70.74065927501886,0.0,0.0,0.0
1,91.2,6398.417748360112,0.0,2669.1822952714383,70.74065927501886,0.0,0.0,0.0
1,91.30000000000001,6405.491814287613,0.0,2669.1822952714383,70.74065927501886,0.0,0.0,0.0
1,91.4,6412.565880215115,0.0,2669.1822952714383,70.74065927501886,0.0,0.0,0.0
1,91.5,6419.639946142616,0.0,2669.1822952714383,70.74065927501886,0.0,0.0,0.0
1,91.60000000000001,6426.714012070118,0.0,2669.1822952714383,70.74065927501886,0.0,0.0,0.0
1,91.7,6433.788077997619,0.0,2669.1822952714383,70.74065927501886,0.0,0.0,0.0
1,91.80000000000001,6440.862143925121,0.0,2669.1822952714383,70.74065927501886,0.0,0.0,0.0
1,91.9,6447.936209852623,0.0,2669.1822952714383,70.74065927501886,0.0,0.0,0.0
1,92.0,6455.010275780124,0.0,2669.1822952714383,70.74065927501886,0.0,0.0,0.0
1,92.10000000000001,6462.084341707626,0.0,2669.1822952714383,70.74065927501886,0.0,0.0,0.0
1,92.2,6469.158407635127,0.0,2669.1822952714383,70.74065927501886,0.0,0.0,0.0
1,92.30000000000001,6476.232473562629,0.0,2669.1822952714383,70.74065927501886,0.0,0.0,0.0
1,92.4,6483.3065394901305,0.0,2669.1822952714383,70.74065927501886,0.0,0.0,0.0
1,92.5,6490.380605417632,0.0,2669.1822952714383,70.74065927501886,0.0,0.0,0.0
1,92.60000000000001,6497.454671345134,0.0,2669.1822952714383,70.74065927501886,0.0,0.0,0.0
1,92.7,6504.528737272635,0.0,2669.1822952714383,70.74065927501886,0.0,0.0,0.0
1,92.80000000000001,6511.602803200137,0.0,2669.1822952714383,70.74065927501886,0.0,0.0,0.0
1,92.9,6518.676869127638,0.0,2669.1822952714383,70.74065927501886,0.0,0.0,0.0
1,93.0,6525.75093505514,0.0,2669.1822952714383,70.74065927501886,0.0,0.0,0.0
1,93.10000000000001,6532.8250009826415,0.0,2669.1822952714383,70.74065927501886,0.0,0.0,0.0
1,93.2,6539.899066910143,0.0,2669.1822952714383,70.74065927501886,0.0,0.0,0.0
1,93.30000000000001,6546.973132837645,0.0,2669.1822952714383,70.74065927501886,0.0,0.0,0.0
1,93.4,6554.047198765146,0.0,2669.1822952714383,70.74065927501886,0.0,0.0,0.0
1,93.5,6561.121264692648,0.0,2669.1822952714383,70.74065927501886,0.0,0.0,0.0
1,93.60000000000001,6568.195330620149,0.0,2669.1822952714383,70.74065927501886,0.0,0.0,0.0
1,93.7,6575.269396547651,0.0,2669.1822952714383,70.74065927501886,0.0,0.0,0.0
1,93.80000000000001,6582.343462475153,0.0,2669.1822952714383,70.74065927501886,0.0,0.0,0.0
1,93.9,6589.417528402654,0.0,2669.1822952714383,70.74065927501886,0.0,0.0,0.0
1,94.0,6596.491594330156,0.0,2669.1822952714383,70.74065927501886,0.0,0.0,0.0
1,94.10000000000001,6603.565660257657,0.0,2669.1822952714383,70.74065927501886,0.0,0.0,0.0
1,94.2,6610.639726185159,0.0,2669.1822952714383,70.74065927501886,0.0,0.0,0.0
1,94.30000000000001,6617.7137921126605,0.0,2669.1822952714383,70.74065927501886,0.0,0.0,0.0
1,94.4,6624.787858040162,0.0,2669.1822952714383,70.74065927501886,0.0,0.0,0.0
1,94.5,6631.861923967664,0.0,2669.1822952714383,70.74065927501886,0.0,0.0,0.0
1,94.60000000000001,6638.935989895165,0.0,2669.1822952714383,70.74065927501886,0.0,0.0,0.0
1,94.7,6646.010055822667,0.0,2669.1822952714383,70.74065927501886,0.0,0.0,0.0
1,94.80000000000001,6653.084121750168,0.0,2669.1822952714383,70.74065927501886,0.0,0.0,0.0
1,94.9,6660.15818767767,0.0,2669.1822952714383,70.74065927501886,0.0,0.0,0.0
1,95.0,6667.2322536051715,0.0,2669.1822952714383,70.74065927501886,0.0,0.0,0.0
1,95.10000000000001,6674.306319532673,0.0,2669.1822952714383,70.74065927501886,0.0,0.0,0.0
1,95.2,6681.380385460175,0.0,2669.1822952714383,70.74065927501886,0.0,0.0,0.0
1,95.30000000000001,6688.454451387676,0.0,2669.1822952714383,70.74065927501886,0.0,0.0,0.0
1,95.4,6695.528517315178,0.0,2669.1822952714383,70.74065927501886,0.0,0.0,0.0
1,95.5,6702.602583242679,0.0,2669.1822952714383,70.74065927501886,0.0,0.0,0.0
1,95.60000000000001,6709.676649170181,0.0,2669.1822952714383,70.74065927501886,0.0,0.0,0.0
1,95.7,6716.750715097683,0.0,2669.1822952714383,70.74065927501886,0.0,0.0,0.0
1,95.80000000000001,6723.824781025184,0.0,2669.1822952714383,70.74065927501886,0.0,0.0,0.0
1,95.9,6730.898846952686,0.0,2669.1822952714383,70.74065927501886,0.0,0.0,0.0
1,96.0,6737.972912880187,0.0,2669.1822952714383,70.74065927501886,0.0,0.0,0.0
1,96.10000000000001,6745.046978807689,0.0,2669.1822952714383,70.74065927501886,0.0,0.0,0.0
1,96.2,6752.1210447351905,0.0,2669.1822952714383,70.74065927501886,0.0,0.0,0.0
1,96.30000000000001,6759.195110662692,0.0,2669.1822952714383,70.74065927501886,0.0,0.0,0.0
1,96.4,6766.269176590194,0.0,2669.1822952714383,70.74065927501886,0.0,0.0,0.0
1,96.5,6773.343242517695,0.0,2669.1822952714383,70.74065927501886,0.0,0.0,0.0
1,96.60000000000001,6780.417308445197,0.0,2669.1822952714383,70.74065927501886,0.0,0.0,0.0
1,96.7,6787.491374372698,0.0,2669.1822952714383,70.74065927501886,0.0,0.0,0.0
1,96.80000000000001,6794.5654403002,0.0,2669.1822952714383,70.74065927501886,0.0,0.0,0.0
1,96.9,6801.6395062277015,0.0,2669.1822952714383,70.74065927501886,0.0,0.0,0.0
1,97.0,6808.713572155203,0.0,2669.1822952714383,70.74065927501886,0.0,0.0,0.0
1,97.10000000000001,6815.787638082705,0.0,2669.1822952714383,70.74065927501886,0.0,0.0,0.0
1,97.2,6822.861704010206,0.0,2669.1822952714383,70.74065927501886,0.0,0.0,0.0
1,97.30000000000001,6829.935769937708,0.0,2669.1822952714383,70.74065927501886,0.0,0.0,0.0
1,97.4,6837.009835865209,0.0,2669.1822952714383,70.74065927501886,0.0,0.0,0.0
1,97.5,6844.083901792711,0.0,2669.1822952714383,70.74065927501886,0.0,0.0,0.0
1,97.60000000000001,6851.157967720213,0.0,2669.1822952714383,70.74065927501886,0.0,0.0,0.0
1,97.7,6858.232033647714,0.0,2669.1822952714383,70.74065927501886,0.0,0.0,0.0
1,97.80000000000001,6865.306099575216,0.0,2669.1822952714383,70.74065927501886,0.0,0.0,0.0
1,97.9,6872.380165502717,0.0,2669.1822952714383,70.74065927501886,0.0,0.0,0.0
1,98.0,6879.454231430219,0.0,2669.1822952714383,70.74065927501886,0.0,0.0,0.0
1,98.10000000000001,6886.5282973577205,0.0,2669.1822952714383,70.74065927501886,0.0,0.0,0.0
1,98.2,6893.602363285222,0.0,2669.1822952714383,70.74065927501886,0.0,0.0,0.0
1,98.30000000000001,6900.676429212724,0.0,2669.1822952714383,70.74065927501886,0.0,0.0,0.0
1,98.4,6907.750495140225,0.0,2669.1822952714383,70.74065927501886,0.0,0.0,0.0
1,98.5,6914.824561067727,0.0,2669.1822952714383,70.74065927501886,0.0,0.0,0.0
1,98.60000000000001,6921.898626995228,0.0,2669.1822952714383,70.74065927501886,0.0,0.0,0.0
1,98.7,6928.97269292273,0.0,2669.1822952714383,70.74065927501886,0.0,0.0,0.0
1,98.80000000000001,6936.0467588502315,0.0,2669.1822952714383,70.74065927501886,0.0,0.0,0.0
1,98.9,6943.120824777733,0.0,2669.1822952714383,70.74065927501886,0.0,0.0,0.0
1,99.0,6950.194890705235,0.0,2669.1822952714383,70.74065927501886,0.0,0.0,0.0
1,99.10000000000001,6957.268956632736,0.0,2669.1822952714383,70.74065927501886,0.0,0.0,0.0
1,99.2,6964.343022560238,0.0,2669.1822952714383,70.74065927501886,0.0,0.0,0.0
1,99.30000000000001,6971.417088487739,0.0,2669.1822952714383,70.74065927501886,0.0,0.0,0.0
1,99.4,6978.491154415241,0.0,2669.1822952714383,70.74065927501886,0.0,0.0,0.0
1,99.5,6985.565220342743,0.0,2669.1822952714383,70.74065927501886,0.0,0.0,0.0
1,99.60000000000001,6992.639286270244,0.0,2669.1822952714383,70.74065927501886,0.0,0.0,0.0
1,99.7,6999.713352197746,0.0,2669.1822952714383,70.74065927501886,0.0,0.0,0.0
1,99.80000000000001,7006.787418125247,0.0,2669.1822952714383,70.74065927501886,0.0,0.0,0.0
1,99.9,7013.861484052749,0.0,2669.1822952714383,70.74065927501886,0.0,0.0,0.0
1,100.0,7020.9355499802505,0.0,2669.1822952714383,70.74065927501886,0.0,0.0,0.0
1,100.10000000000001,7028.009615907752,0.0,2669.1822952714383,70.74065927501886,0.0,0.0,0.0
1,100.2,7035.083681835254,0.0,2669.1822952714383,70.74065927501886,0.0,0.0,0.0
1,100.30000000000001,7042.157747762755,0.0,2669.1822952714383,70.74065927501886,0.0,0.0,0.0
1,100.4,7049.231813690257,0.0,2669.1822952714383,70.74065927501886,0.0,0.0,0.0
1,100.5,7056.305879617758,0.0,2669.1822952714383,70.74065927501886,0.0,0.0,0.0
1,100.60000000000001,7063.37994554526,0.0,2669.1822952714383,70.74065927501886,0.0,0.0,0.0
1,100.7,7070.4540114727615,0.0,2669.1822952714383,70.74065927501886,0.0,0.0,0.0
1,100.80000000000001,7077.528077400263,0.0,2669.1822952714383,70.74065927501886,0.0,0.0,0.0
1,100.9,7084.602143327765,0.0,2669.1822952714383,70.74065927501886,0.0,0.0,0.0
1,101.0,7091.676209255266,0.0,2669.1822952714383,70.74065927501886,0.0,0.0,0.0
1,101.10000000000001,7098.750275182768,0.0,2669.1822952714383,70.74065927501886,0.0,0.0,0.0
1,101.2,7105.824341110269,0.0,2669.1822952714383,70.74065927501886,0.0,0.0,0.0
1,101.30000000000001,7112.898407037771,0.0,2669.1822952714383,70.74065927501886,0.0,0.0,0.0
1,101.4,7119.972472965273,0.0,2669.1822952714383,70.74065927501886,0.0,0.0,0.0
1,101.5,7127.046538892774,0.0,2669.1822952714383,70.74065927501886,0.0,0.0,0.0
1,101.60000000000001,7134.120604820276,0.0,2669.1822952714383,70.74065927501886,0.0,0.0,0.0
1,101.7,7141.194670747777,0.0,2669.1822952714383,70.74065927501886,0.0,0.0,0.0
1,101.80000000000001,7148.268736675279,0.0,2669.1822952714383,70.74065927501886,0.0,0.0,0.0
1,101.9,7155.3428026027805,0.0,2669.1822952714383,70.74065927501886,0.0,0.0,0.0
1,102.0,7162.416868530282,0.0,2669.1822952714383,70.74065927501886,0.0,0.0,0.0
1,102.10000000000001,7169.490934457784,0.0,2669.1822952714383,70.74065927501886,0.0,0.0,0.0
1,102.2,7176.565000385285,0.0,2669.1822952714383,70.74065927501886,0.0,0.0,0.0
1,102.30000000000001,7183.639066312787,0.0,2669.1822952714383,70.74065927501886,0.0,0.0,0.0
1,102.4,7190.713132240288,0.0,2669.1822952714383,70.74065927501886,0.0,0.0,0.0
1,102.5,7197.78719816779,0.0,2669.1822952714383,70.74065927501886,0.0,0.0,0.0
1,102.60000000000001,7204.8612640952915,0.0,2669.1822952714383,70.74065927501886,0.0,0.0,0.0
1,102.7,7211.935330022793,0.0,2669.1822952714383,70.74065927501886,0.0,0.0,0.0
1,102.80000000000001,7219.009395950295,0.0,2669.1822952714383,70.74065927501886,0.0,0.0,0.0
1,102.9,7226.083461877796,0.0,2669.1822952714383,70.74065927501886,0.0,0.0,0.0
1,103.0,7233.157527805298,0.0,2669.1822952714383,70.74065927501886,0.0,0.0,0.0
1,103.10000000000001,7240.231593732799,0.0,2669.1822952714383,70.74065927501886,0.0,0.0,0.0
1,103.2,7247.305659660301,0.0,2669.1822952714383,70.74065927501886,0.0,0.0,0.0
1,103.30000000000001,7254.379725587803,0.0,2669.1822952714383,70.74065927501886,0.0,0.0,0.0
1,103.4,7261.453791515304,0.0,2669.1822952714383,70.74065927501886,0.0,0.0,0.0
1,103.5,7268.527857442806,0.0,2669.1822952714383,70.74065927501886,0.0,0.0,0.0
1,103.60000000000001,7275.601923370307,0.0,2669.1822952714383,70.74065927501886,0.0,0.0,0.0
1,103.7,7282.675989297809,0.0,2669.1822952714383,70.74065927501886,0.0,0.0,0.0
1,103.80000000000001,7289.7500552253105,0.0,2669.1822952714383,70.74065927501886,0.0,0.0,0.0
1,103.9,7296.824121152812,0.0,2669.1822952714383,70.74065927501886,0.0,0.0,0.0
1,104.0,7303.898187080314,0.0,2669.1822952714383,70.74065927501886,0.0,0.0,0.0
1,104.10000000000001,7310.972253007815,0.0,2669.1822952714383,70.74065927501886,0.0,0.0,0.0
1,104.2,7318.046318935317,0.0,2669.1822952714383,70.74065927501886,0.0,0.0,0.0
1,104.30000000000001,7325.120384862818,0.0,2669.1822952714383,70.74065927501886,0.0,0.0,0.0
1,104.4,7332.19445079032,0.0,2669.1822952714383,70.74065927501886,0.0,0.0,0.0
1,104.5,7339.2685167178215,0.0,2669.1822952714383,70.74065927501886,0.0,0.0,0.0
1,104.60000000000001,7346.342582645323,0.0,2669.1822952714383,70.74065927501886,0.0,0.0,0.0
1,104.7,7353.416648572825,0.0,2669.1822952714383,70.74065927501886,0.0,0.0,0.0
1,104.80000000000001,7360.490714500326,0.0,2669.1822952714383,70.74065927501886,0.0,0.0,0.0
1,104.9,7367.564780427828,0.0,2669.1822952714383,70.74065927501886,0.0,0.0,0.0
1,105.0,7374.638846355329,0.0,2669.1822952714383,70.74065927501886,0.0,0.0,0.0
1,105.10000000000001,7381.712912282831,0.0,2669.1822952714383,70.74065927501886,0.0,0.0,0.0
1,105.2,7388.786978210333,0.0,2669.1822952714383,70.74065927501886,0.0,0.0,0.0
1,105.30000000000001,7395.861044137834,0.0,2669.1822952714383,70.74065927501886,0.0,0.0,0.0
1,105.4,7402.935110065336,0.0,2669.1822952714383,70.74065927501886,0.0,0.0,0.0
1,105.5,7410.009175992837,0.0,2669.1822952714383,70.74065927501886,0.0,0.0,0.0
1,105.60000000000001,7417.083241920339,0.0,2669.1822952714383,70.74065927501886,0.0,0.0,0.0
1,105.7,7424.1573078478405,0.0,2669.1822952714383,70.74065927501886,0.0,0.0,0.0
1,105.80000000000001,7431.231373775342,0.0,2669.1822952714383,70.74065927501886,0.0,0.0,0.0
1,105.9,7438.305439702844,0.0,2669.1822952714383,70.74065927501886,0.0,0.0,0.0
1,106.0,7445.379505630345,0.0,2669.1822952714383,70.74065927501886,0.0,0.0,0.0
1,106.10000000000001,7452.453571557847,0.0,2669.1822952714383,70.74065927501886,0.0,0.0,0.0
1,106.2,7459.527637485348,0.0,2669.1822952714383,70.74065927501886,0.0,0.0,0.0
1,106.30000000000001,7466.60170341285,0.0,2669.1822952714383,70.74065927501886,0.0,0.0,0.0
1,106.4,7473.6757693403515,0.0,2669.1822952714383,70.74065927501886,0.0,0.0,0.0
1,106.5,7480.749835267853,0.0,2669.1822952714383,70.74065927501886,0.0,0.0,0.0
1,106.60000000000001,7487.823901195355,0.0,2669.1822952714383,70.74065927501886,0.0,0.0,0.0
1,106.7,7494.897967122856,0.0,2669.1822952714383,70.74065927501886,0.0,0.0,0.0
1,106.80000000000001,7501.972033050358,0.0,2669.1822952714383,70.74065927501886,0.0,0.0,0.0
1,106.9,7509.046098977859,0.0,2669.1822952714383,70.74065927501886,0.0,0.0,0.0
1,107.0,7516.120164905361,0.0,2669.1822952714383,70.74065927501886,0.0,0.0,0.0
1,107.10000000000001,7523.194230832863,0.0,2669.1822952714383,70.74065927501886,0.0,0.0,0.0
1,107.2,7530.268296760364,0.0,2669.1822952714383,70.74065927501886,0.0,0.0,0.0
1,107.30000000000001,7537.342362687866,0.0,2669.1822952714383,70.74065927501886,0.0,0.0,0.0
1,107.4,7544.416428615367,0.0,2669.1822952714383,70.74065927501886,0.0,0.0,0.0
1,107.5,7551.490494542869,0.0,2669.1822952714383,70.74065927501886,0.0,0.0,0.0
1,107.60000000000001,7558.56456047037,0.0,2669.1822952714383,70.74065927501886,0.0,0.0,0.0
1,107.7,7565.638626397872,0.0,2669.1822952714383,70.74065927501886,0.0,0.0,0.0
1,107.80000000000001,7572.712692325374,0.0,2669.1822952714383,70.74065927501886,0.0,0.0,0.0
1,107.9,7579.786758252875,0.0,2669.1822952714383,70.74065927501886,0.0,0.0,0.0
1,108.0,7586.860824180377,0.0,2669.1822952714383,70.74065927501886,0.0,0.0,0.0
1,108.10000000000001,7593.934890107878,0.0,2669.1822952714383,70.74065927501886,0.0,0.0,0.0
1,108.2,7601.00895603538,0.0,2669.1822952714383,70.74065927501886,0.0,0.0,0.0
1,108.30000000000001,7608.0830219628815,0.0,2669.1822952714383,70.74065927501886,0.0,0.0,0.0
1,108.4,7615.157087890383,0.0,2669.1822952714383,70.74065927501886,0.0,0.0,0.0
1,108.5,7622.231153817885,0.0,2669.1822952714383,70.74065927501886,0.0,0.0,0.0
1,108.60000000000001,7629.305219745386,0.0,2669.1822952714383,70.74065927501886,0.0,0.0,0.0
1,108.7,7636.379285672888,0.0,2669.1822952714383,70.74065927501886,0.0,0.0,0.0
1,108.80000000000001,7643.453351600389,0.0,2669.1822952714383,70.74065927501886,0.0,0.0,0.0
1,108.9,7650.527417527891,0.0,2669.1822952714383,70.74065927501886,0.0,0.0,0.0
1,109.0,7657.601483455393,0.0,2669.1822952714383,70.74065927501886,0.0,0.0,0.0
1,109.10000000000001,7664.675549382894,0.0,2669.1822952714383,70.74065927501886,0.0,0.0,0.0
1,109.2,7671.749615310396,0.0,2669.1822952714383,70.74065927501886,0.0,0.0,0.0
1,109.30000000000001,7678.823681237897,0.0,2669.1822952714383,70.74065927501886,0.0,0.0,0.0
1,109.4,7685.897747165399,0.0,2669.1822952714383,70.74065927501886,0.0,0.0,0.0
1,109.5,7692.9718130929,0.0,2669.1822952714383,70.74065927501886,0.0,0.0,0.0
1,109.60000000000001,7700.045879020402,0.0,2669.1822952714383,70.74065927501886,0.0,0.0,0.0
1,109.7,7707.119944947904,0.0,2669.1822952714383,70.74065927501886,0.0,0.0,0.0
1,109.80000000000001,7714.194010875405,0.0,2669.1822952714383,70.74065927501886,0.0,0.0,0.0
1,109.9,7721.268076802907,0.0,2669.1822952714383,70.74065927501886,0.0,0.0,0.0
1,110.0,7728.342142730408,0.0,2669.1822952714383,70.74065927501886,0.0,0.0,0.0
1,110.10000000000001,7735.41620865791,0.0,2669.1822952714383,70.74065927501886,0.0,0.0,0.0
1,110.2,7742.4902745854115,0.0,2669.1822952714383,70.74065927501886,0.0,0.0,0.0
1,110.30000000000001,7749.564340512913,0.0,2669.1822952714383,70.74065927501886,0.0,0.0,0.0
1,110.4,7756.638406440415,0.0,2669.1822952714383,70.74065927501886,0.0,0.0,0.0
1,110.5,7763.712472367916,0.0,2669.1822952714383,70.74065927501886,0.0,0.0,0.0
1,110.60000000000001,7770.786538295418,0.0,2669.1822952714383,70.74065927501886,0.0,0.0,0.0
1,110.7,7777.860604222919,0.0,2669.1822952714383,70.74065927501886,0.0,0.0,0.0
1,110.80000000000001,7784.934670150421,0.0,2669.1822952714383,70.74065927501886,0.0,0.0,0.0
1,110.9,7792.008736077923,0.0,2669.1822952714383,70.74065927501886,0.0,0.0,0.0
1,111.0,7799.082802005424,0.0,2669.1822952714383,70.74065927501886,0.0,0.0,0.0
1,111.10000000000001,7806.156867932926,0.0,2669.1822952714383,70.74065927501886,0.0,0.0,0.0
1,111.2,7813.230933860427,0.0,2669.1822952714383,70.74065927501886,0.0,0.0,0.0
1,111.30000000000001,7820.304999787929,0.0,2669.1822952714383,70.74065927501886,0.0,0.0,0.0
1,111.4,7827.37906571543,0.0,2669.1822952714383,70.74065927501886,0.0,0.0,0.0
1,111.5,7834.453131642932,0.0,2669.1822952714383,70.74065927501886,0.0,0.0,0.0
1,111.60000000000001,7841.527197570434,0.0,2669.1822952714383,70.74065927501886,0.0,0.0,0.0
1,111.7,7848.601263497935,0.0,2669.1822952714383,70.74065927501886,0.0,0.0,0.0
1,111.80000000000001,7855.675329425437,0.0,2669.1822952714383,70.74065927501886,0.0,0.0,0.0
1,111.9,7862.749395352938,0.0,2669.1822952714383,70.74065927501886,0.0,0.0,0.0
1,112.0,7869.82346128044,0.0,2669.1822952714383,70.74065927501886,0.0,0.0,0.0
1,112.10000000000001,7876.8975272079415,0.0,2669.1822952714383,70.74065927501886,0.0,0.0,0.0
1,112.2,7883.971593135443,0.0,2669.1822952714383,70.74065927501886,0.0,0.0,0.0
1,112.30000000000001,7891.045659062945,0.0,2669.1822952714383,70.74065927501886,0.0,0.0,0.0
1,112.4,7898.119724990446,0.0,2669.1822952714383,70.74065927501886,0.0,0.0,0.0
1,112.5,7905.193790917948,0.0,2669.1822952714383,70.74065927501886,0.0,0.0,0.0
1,112.60000000000001,7912.267856845449,0.0,2669.1822952714383,70.74065927501886,0.0,0.0,0.0
1,112.7,7919.341922772951,0.0,2669.1822952714383,70.74065927501886,0.0,0.0,0.0
1,112.80000000000001,7926.4159887004525,0.0,2669.1822952714383,70.74065927501886,0.0,0.0,0.0
1,112.9,7933.490054627954,0.0,2669.1822952714383,70.74065927501886,0.0,0.0,0.0
1,113.0,7940.564120555456,0.0,2669.1822952714383,70.74065927501886,0.0,0.0,0.0
1,113.10000000000001,7947.638186482957,0.0,2669.1822952714383,70.74065927501886,0.0,0.0,0.0
1,113.2,7954.712252410459,0.0,2669.1822952714383,70.74065927501886,0.0,0.0,0.0
1,113.30000000000001,7961.78631833796,0.0,2669.1822952714383,70.74065927501886,0.0,0.0,0.0
1,113.4,7968.860384265462,0.0,2669.1822952714383,70.74065927501886,0.0,0.0,0.0
1,113.5,7975.934450192964,0.0,2669.1822952714383,70.74065927501886,0.0,0.0,0.0
1,113.60000000000001,7983.008516120465,0.0,2669.1822952714383,70.74065927501886,0.0,0.0,0.0
1,113.7,7990.082582047967,0.0,2669.1822952714383,70.74065927501886,0.0,0.0,0.0
1,113.80000000000001,7997.156647975468,0.0,2669.1822952714383,70.74065927501886,0.0,0.0,0.0
1,113.9,8004.23071390297,0.0,2669.1822952714383,70.74065927501886,0.0,0.0,0.0
1,114.0,8011.3047798304715,0.0,2669.1822952714383,70.74065927501886,0.0,0.0,0.0
1,114.10000000000001,8018.378845757973,0.0,2669.1822952714383,70.74065927501886,0.0,0.0,0.0
1,114.2,8025.452911685475,0.0,2669.1822952714383,70.74065927501886,0.0,0.0,0.0
1,114.30000000000001,8032.526977612976,0.0,2669.1822952714383,70.74065927501886,0.0,0.0,0.0
1,114.4,8039.601043540478,0.0,2669.1822952714383,70.74065927501886,0.0,0.0,0.0
1,114.5,8046.675109467979,0.0,2669.1822952714383,70.74065927501886,0.0,0.0,0.0
1,114.60000000000001,8053.749175395481,0.0,2669.1822952714383,70.74065927501886,0.0,0.0,0.0
1,114.7,8060.8232413229825,0.0,2669.1822952714383,70.74065927501886,0.0,0.0,0.0
1,114.80000000000001,8067.897307250484,0.0,2669.1822952714383,70.74065927501886,0.0,0.0,0.0
1,114.9,8074.971373177986,0.0,2669.1822952714383,70.74065927501886,0.0,0.0,0.0
1,115.0,8082.045439105487,0.0,2669.1822952714383,70.74065927501886,0.0,0.0,0.0
1,115.10000000000001,8089.119505032989,0.0,2669.1822952714383,70.74065927501886,0.0,0.0,0.0
1,115.2,8096.19357096049,0.0,2669.1822952714383,70.74065927501886,0.0,0.0,0.0
1,115.30000000000001,8103.267636887992,0.0,2669.1822952714383,70.74065927501886,0.0,0.0,0.0
1,115.4,8110.341702815494,0.0,2669.1822952714383,70.74065927501886,0.0,0.0,0.0
1,115.5,8117.415768742995,0.0,2669.1822952714383,70.74065927501886,0.0,0.0,0.0
1,115.60000000000001,8124.489834670497,0.0,2669.1822952714383,70.74065927501886,0.0,0.0,0.0
1,115.7,8131.563900597998,0.0,2669.1822952714383,70.74065927501886,0.0,0.0,0.0
1,115.80000000000001,8138.6379665255,0.0,2669.1822952714383,70.74065927501886,0.0,0.0,0.0
1,115.9,8145.7120324530015,0.0,2669.1822952714383,70.74065927501886,0.0,0.0,0.0
1,116.0,8152.786098380503,0.0,2669.1822952714383,70.74065927501886,0.0,0.0,0.0
1,116.10000000000001,8159.860164308005,0.0,2669.1822952714383,70.74065927501886,0.0,0.0,0.0
1,116.2,8166.934230235506,0.0,2669.1822952714383,70.74065927501886,0.0,0.0,0.0
1,116.30000000000001,8174.008296163008,0.0,2669.1822952714383,70.74065927501886,0.0,0.0,0.0
1,116.4,8181.082362090509,0.0,2669.1822952714383,70.74065927501886,0.0,0.0,0.0
1,116.5,8188.156428018011,0.0,2669.1822952714383,70.74065927501886,0.0,0.0,0.0
1,116.60000000000001,8195.230493945513,0.0,2669.1822952714383,70.74065927501886,0.0,0.0,0.0
1,116.7,8202.304559873015,0.0,2669.1822952714383,70.74065927501886,0.0,0.0,0.0
1,116.80000000000001,8209.378625800517,0.0,2669.1822952714383,70.74065927501886,0.0,0.0,0.0
1,116.9,8216.452691728018,0.0,2669.1822952714383,70.74065927501886,0.0,0.0,0.0
1,117.0,8223.52675765552,0.0,2669.1822952714383,70.74065927501886,0.0,0.0,0.0
1,117.10000000000001,8230.600823583021,0.0,2669.1822952714383,70.74065927501886,0.0,0.0,0.0
1,117.2,8237.674889510523,0.0,2669.1822952714383,70.74065927501886,0.0,0.0,0.0
1,117.30000000000001,8244.748955438024,0.0,2669.1822952714383,70.74065927501886,0.0,0.0,0.0
1,117.4,8251.823021365526,0.0,2669.1822952714383,70.74065927501886,0.0,0.0,0.0
1,117.5,8258.897087293028,0.0,2669.1822952714383,70.74065927501886,0.0,0.0,0.0
1,117.60000000000001,8265.97115322053,0.0,2669.1822952714383,70.74065927501886,0.0,0.0,0.0
1,117.7,8273.04521914803,0.0,2669.1822952714383,70.74065927501886,0.0,0.0,0.0
1,117.80000000000001,8280.119285075532,0.0,2669.1822952714383,70.74065927501886,0.0,0.0,0.0
1,117.9,8287.193351003034,0.0,2669.1822952714383,70.74065927501886,0.0,0.0,0.0
1,118.0,8294.267416930536,0.0,2669.1822952714383,70.74065927501886,0.0,0.0,0.0
1,118.10000000000001,8301.341482858037,0.0,2669.1822952714383,70.74065927501886,0.0,0.0,0.0
1,118.2,8308.415548785539,0.0,2669.1822952714383,70.74065927501886,0.0,0.0,0.0
1,118.30000000000001,8315.48961471304,0.0,2669.1822952714383,70.74065927501886,0.0,0.0,0.0
1,118.4,8322.563680640542,0.0,2669.1822952714383,70.74065927501886,0.0,0.0,0.0
1,118.5,8329.637746568043,0.0,2669.1822952714383,70.74065927501886,0.0,0.0,0.0
1,118.60000000000001,8336.711812495545,0.0,2669.1822952714383,70.74065927501886,0.0,0.0,0.0
1,118.7,8343.785878423047,0.0,2669.1822952714383,70.74065927501886,0.0,0.0,0.0
1,118.80000000000001,8350.859944350548,0.0,2669.1822952714383,70.74065927501886,0.0,0.0,0.0
1,118.9,8357.93401027805,0.0,2669.1822952714383,70.74065927501886,0.0,0.0,0.0
1,119.0,8365.008076205551,0.0,2669.1822952714383,70.74065927501886,0.0,0.0,0.0
1,119.10000000000001,8372.082142133053,0.0,2669.1822952714383,70.74065927501886,0.0,0.0,0.0
1,119.2,8379.156208060554,0.0,2669.1822952714383,70.74065927501886,0.0,0.0,0.0
1,119.30000000000001,8386.230273988056,0.0,2669.1822952714383,70.74065927501886,0.0,0.0,0.0
1,119.4,8393.304339915558,0.0,2669.1822952714383,70.74065927501886,0.0,0.0,0.0
1,119.5,8400.37840584306,0.0,2669.1822952714383,70.74065927501886,0.0,0.0,0.0
1,119.60000000000001,8407.45247177056,0.0,2669.1822952714383,70.74065927501886,0.0,0.0,0.0
1,119.7,8414.526537698062,0.0,2669.1822952714383,70.74065927501886,0.0,0.0,0.0
1,119.80000000000001,8421.600603625564,0.0,2669.1822952714383,70.74065927501886,0.0,0.0,0.0
1,119.9,8428.674669553066,0.0,2669.1822952714383,70.74065927501886,0.0,0.0,0.0
1,120.0,8435.748735480567,0.0,2669.1822952714383,70.74065927501886,0.0,0.0,0.0
1,120.10000000000001,8442.822801408069,0.0,2669.1822952714383,70.74065927501886,0.0,0.0,0.0
1,120.2,8449.89686733557,0.0,2669.1822952714383,70.74065927501886,0.0,0.0,0.0
1,120.30000000000001,8456.970933263072,0.0,2669.1822952714383,70.74065927501886,0.0,0.0,0.0
1,120.4,8464.044999190573,0.0,2669.1822952714383,70.74065927501886,0.0,0.0,0.0
1,120.5,8471.119065118075,0.0,2669.1822952714383,70.74065927501886,0.0,0.0,0.0
1,120.60000000000001,8478.193131045577,0.0,2669.1822952714383,70.74065927501886,0.0,0.0,0.0
1,120.7,8485.267196973078,0.0,2669.1822952714383,70.74065927501886,0.0,0.0,0.0
1,120.80000000000001,8492.34126290058,0.0,2669.1822952714383,70.74065927501886,0.0,0.0,0.0
1,120.9,8499.415328828081,0.0,2669.1822952714383,70.74065927501886,0.0,0.0,0.0
1,121.0,8506.489394755583,0.0,2669.1822952714383,70.74065927501886,0.0,0.0,0.0
1,121.10000000000001,8513.563460683084,0.0,2669.1822952714383,70.74065927501886,0.0,0.0,0.0
1,121.2,8520.637526610586,0.0,2669.1822952714383,70.74065927501886,0.0,0.0,0.0
1,121.30000000000001,8527.711592538088,0.0,2669.1822952714383,70.74065927501886,0.0,0.0,0.0
1,121.4,8534.78565846559,0.0,2669.1822952714383,70.74065927501886,0.0,0.0,0.0
1,121.5,8541.85972439309,0.0,2669.1822952714383,70.74065927501886,0.0,0.0,0.0
1,121.60000000000001,8548.933790320592,0.0,2669.1822952714383,70.74065927501886,0.0,0.0,0.0
1,121.7,8556.007856248094,0.0,2669.1822952714383,70.74065927501886,0.0,0.0,0.0
1,121.80000000000001,8563.081922175596,0.0,2669.1822952714383,70.74065927501886,0.0,0.0,0.0
1,121.9,8570.155988103097,0.0,2669.1822952714383,70.74065927501886,0.0,0.0,0.0
1,122.0,8577.230054030599,0.0,2669.1822952714383,70.74065927501886,0.0,0.0,0.0
1,122.10000000000001,8584.3041199581,0.0,2669.1822952714383,70.74065927501886,0.0,0.0,0.0
1,122.2,8591.378185885602,0.0,2669.1822952714383,70.74065927501886,0.0,0.0,0.0
1,122.30000000000001,8598.452251813103,0.0,2669.1822952714383,70.74065927501886,0.0,0.0,0.0
1,122.4,8605.526317740605,0.0,2669.1822952714383,70.74065927501886,0.0,0.0,0.0
1,122.5,8612.600383668107,0.0,2669.1822952714383,70.74065927501886,0.0,0.0,0.0
1,122.60000000000001,8619.674449595608,0.0,2669.1822952714383,70.74065927501886,0.0,0.0,0.0
1,122.7,8626.74851552311,0.0,2669.1822952714383,70.74065927501886,0.0,0.0,0.0
1,122.80000000000001,8633.822581450611,0.0,2669.1822952714383,70.74065927501886,0.0,0.0,0.0
1,122.9,8640.896647378113,0.0,2669.1822952714383,70.74065927501886,0.0,0.0,0.0
1,123.0,8647.970713305614,0.0,2669.1822952714383,70.74065927501886,0.0,0.0,0.0
1,123.10000000000001,8655.044779233116,0.0,2669.1822952714383,70.74065927501886,0.0,0.0,0.0
1,123.2,8662.118845160618,0.0,2669.1822952714383,70.74065927501886,0.0,0.0,0.0
1,123.30000000000001,8669.19291108812,0.0,2669.1822952714383,70.74065927501886,0.0,0.0,0.0
1,123.4,8676.26697701562,0.0,2669.1822952714383,70.74065927501886,0.0,0.0,0.0
1,123.5,8683.341042943122,0.0,2669.1822952714383,70.74065927501886,0.0,0.0,0.0
1,123.60000000000001,8690.415108870624,0.0,2669.1822952714383,70.74065927501886,0.0,0.0,0.0
1,123.7,8697.489174798126,0.0,2669.1822952714383,70.74065927501886,0.0,0.0,0.0
1,123.80000000000001,8704.563240725627,0.0,2669.1822952714383,70.74065927501886,0.0,0.0,0.0
1,123.9,8711.637306653129,0.0,2669.1822952714383,70.74065927501886,0.0,0.0,0.0
1,124.0,8718.71137258063,0.0,2669.1822952714383,70.74065927501886,0.0,0.0,0.0
1,124.10000000000001,8725.785438508132,0.0,2669.1822952714383,70.74065927501886,0.0,0.0,0.0
1,124.2,8732.859504435633,0.0,2669.1822952714383,70.74065927501886,0.0,0.0,0.0
1,124.30000000000001,8739.933570363135,0.0,2669.1822952714383,70.74065927501886,0.0,0.0,0.0
1,124.4,8747.007636290637,0.0,2669.1822952714383,70.74065927501886,0.0,0.0,0.0
1,124.5,8754.081702218138,0.0,2669.1822952714383,70.74065927501886,0.0,0.0,0.0
1,124.60000000000001,8761.15576814564,0.0,2669.1822952714383,70.74065927501886,0.0,0.0,0.0
1,124.7,8768.229834073141,0.0,2669.1822952714383,70.74065927501886,0.0,0.0,0.0
1,124.80000000000001,8775.303900000643,0.0,2669.1822952714383,70.74065927501886,0.0,0.0,0.0
1,124.9,8782.377965928144,0.0,2669.1822952714383,70.74065927501886,0.0,0.0,0.0
1,125.0,8789.452031855646,0.0,2669.1822952714383,70.74065927501886,0.0,0.0,0.0
1,125.10000000000001,8796.526097783148,0.0,2669.1822952714383,70.74065927501886,0.0,0.0,0.0
1,125.2,8803.60016371065,0.0,2669.1822952714383,70.74065927501886,0.0,0.0,0.0
1,125.30000000000001,8810.67422963815,0.0,2669.1822952714383,70.74065927501886,0.0,0.0,0.0
1,125.4,8817.748295565652,0.0,2669.1822952714383,70.74065927501886,0.0,0.0,0.0
1,125.5,8824.822361493154,0.0,2669.1822952714383,70.74065927501886,0.0,0.0,0.0
1,125.60000000000001,8831.896427420656,0.0,2669.1822952714383,70.74065927501886,0.0,0.0,0.0
1,125.7,8838.970493348157,0.0,2669.1822952714383,70.74065927501886,0.0,0.0,0.0
1,125.80000000000001,8846.044559275659,0.0,2669.1822952714383,70.74065927501886,0.0,0.0,0.0
1,125.9,8853.11862520316,0.0,2669.1822952714383,70.74065927501886,0.0,0.0,0.0
1,126.0,8860.192691130662,0.0,2669.1822952714383,70.74065927501886,0.0,0.0,0.0
1,126.10000000000001,8867.266757058163,0.0,2669.1822952714383,70.74065927501886,0.0,0.0,0.0
1,126.2,8874.340822985665,0.0,2669.1822952714383,70.74065927501886,0.0,0.0,0.0
1,126.30000000000001,8881.414888913167,0.0,2669.1822952714383,70.74065927501886,0.0,0.0,0.0
1,126.4,8888.488954840668,0.0,2669.1822952714383,70.74065927501886,0.0,0.0,0.0
1,126.5,8895.56302076817,0.0,2669.1822952714383,70.74065927501886,0.0,0.0,0.0
1,126.60000000000001,8902.637086695671,0.0,2669.1822952714383,70.74065927501886,0.0,0.0,0.0
1,126.7,8909.711152623173,0.0,2669.1822952714383,70.74065927501886,0.0,0.0,0.0
1,126.80000000000001,8916.785218550674,0.0,2669.1822952714383,70.74065927501886,0.0,0.0,0.0
1,126.9,8923.859284478176,0.0,2669.1822952714383,70.74065927501886,0.0,0.0,0.0
1,127.0,8930.933350405678,0.0,2669.1822952714383,70.74065927501886,0.0,0.0,0.0
1,127.10000000000001,8938.00741633318,0.0,2669.1822952714383,70.74065927501886,0.0,0.0,0.0
1,127.2,8945.08148226068,0.0,2669.1822952714383,70.74065927501886,0.0,0.0,0.0
1,127.30000000000001,8952.155548188182,0.0,2669.1822952714383,70.74065927501886,0.0,0.0,0.0
1,127.4,8959.229614115684,0.0,2669.1822952714383,70.74065927501886,0.0,0.0,0.0
1,127.5,8966.303680043186,0.0,2669.1822952714383,70.74065927501886,0.0,0.0,0.0
1,127.60000000000001,8973.377745970687,0.0,2669.1822952714383,70.74065927501886,0.0,0.0,0.0
1,127.7,8980.451811898189,0.0,2669.1822952714383,70.74065927501886,0.0,0.0,0.0
1,127.80000000000001,8987.52587782569,0.0,2669.1822952714383,70.74065927501886,0.0,0.0,0.0
1,127.9,8994.599943753192,0.0,2669.1822952714383,70.74065927501886,0.0,0.0,0.0
1,128.0,9001.674009680693,0.0,2669.1822952714383,70.74065927501886,0.0,0.0,0.0
1,128.1,9008.748075608195,0.0,2669.1822952714383,70.74065927501886,0.0,0.0,0.0
1,128.20000000000002,9015.822141535697,0.0,2669.1822952714383,70.74065927501886,0.0,0.0,0.0
1,128.3,9022.896207463198,0.0,2669.1822952714383,70.74065927501886,0.0,0.0,0.0
1,128.4,9029.9702733907,0.0,2669.1822952714383,70.74065927501886,0.0,0.0,0.0
1,128.5,9037.044339318201,0.0,2669.1822952714383,70.74065927501886,0.0,0.0,0.0
1,128.6,9044.118405245703,0.0,2669.1822952714383,70.74065927501886,0.0,0.0,0.0
1,128.70000000000002,9051.192471173204,0.0,2669.1822952714383,70.74065927501886,0.0,0.0,0.0
1,128.8,9058.266537100706,0.0,2669.1822952714383,70.74065927501886,0.0,0.0,0.0
1,128.9,9065.340603028208,0.0,2669.1822952714383,70.74065927501886,0.0,0.0,0.0
1,129.0,9072.41466895571,0.0,2669.1822952714383,70.74065927501886,0.0,0.0,0.0
1,129.1,9079.48873488321,0.0,2669.1822952714383,70.74065927501886,0.0,0.0,0.0
1,129.20000000000002,9086.562800810712,0.0,2669.1822952714383,70.74065927501886,0.0,0.0,0.0
1,129.3,9093.636866738214,0.0,2669.1822952714383,70.74065927501886,0.0,0.0,0.0
1,129.4,9100.710932665716,0.0,2669.1822952714383,70.74065927501886,0.0,0.0,0.0
1,129.5,9107.784998593217,0.0,2669.1822952714383,70.74065927501886,0.0,0.0,0.0
1,129.6,9114.859064520719,0.0,2669.1822952714383,70.74065927501886,0.0,0.0,0.0
1,129.70000000000002,9121.93313044822,0.0,2669.1822952714383,70.74065927501886,0.0,0.0,0.0
1,129.8,9129.007196375722,0.0,2669.1822952714383,70.74065927501886,0.0,0.0,0.0
1,129.9,9136.081262303223,0.0,2669.1822952714383,70.74065927501886,0.0,0.0,0.0
1,130.0,9143.155328230725,0.0,2669.1822952714383,70.74065927501886,0.0,0.0,0.0
1,130.1,9150.229394158227,0.0,2669.1822952714383,70.74065927501886,0.0,0.0,0.0
1,130.20000000000002,9157.303460085728,0.0,2669.1822952714383,70.74065927501886,0.0,0.0,0.0
1,130.3,9164.37752601323,0.0,2669.1822952714383,70.74065927501886,0.0,0.0,0.0
1,130.4,9171.451591940731,0.0,2669.1822952714383,70.74065927501886,0.0,0.0,0.0
1,130.5,9178.525657868233,0.0,2669.1822952714383,70.74065927501886,0.0,0.0,0.0
1,130.6,9185.599723795734,0.0,2669.1822952714383,70.74065927501886,0.0,0.0,0.0
1,130.70000000000002,9192.673789723236,0.0,2669.1822952714383,70.74065927501886,0.0,0.0,0.0
1,130.8,9199.747855650738,0.0,2669.1822952714383,70.74065927501886,0.0,0.0,0.0
1,130.9,9206.82192157824,0.0,2669.1822952714383,70.74065927501886,0.0,0.0,0.0
1,131.0,9213.89598750574,0.0,2669.1822952714383,70.74065927501886,0.0,0.0,0.0
1,131.1,9220.970053433242,0.0,2669.1822952714383,70.74065927501886,0.0,0.0,0.0
1,131.20000000000002,9228.044119360744,0.0,2669.1822952714383,70.74065927501886,0.0,0.0,0.0
1,131.3,9235.118185288246,0.0,2669.1822952714383,70.74065927501886,0.0,0.0,0.0
1,131.4,9242.192251215747,0.0,2669.1822952714383,70.74065927501886,0.0,0.0,0.0
1,131.5,9249.266317143249,0.0,2669.1822952714383,70.74065927501886,0.0,0.0,0.0
1,131.6,9256.34038307075,0.0,2669.1822952714383,70.74065927501886,0.0,0.0,0.0
1,131.70000000000002,9263.414448998252,0.0,2669.1822952714383,70.74065927501886,0.0,0.0,0.0
1,131.8,9270.488514925753,0.0,2669.1822952714383,70.74065927501886,0.0,0.0,0.0
1,131.9,9277.562580853255,0.0,2669.1822952714383,70.74065927501886,0.0,0.0,0.0
1,132.0,9284.636646780757,0.0,2669.1822952714383,70.74065927501886,0.0,0.0,0.0
1,132.1,9291.710712708258,0.0,2669.1822952714383,70.74065927501886,0.0,0.0,0.0
1,132.20000000000002,9298.78477863576,0.0,2669.1822952714383,70.74065927501886,0.0,0.0,0.0
1,132.3,9305.858844563261,0.0,2669.1822952714383,70.74065927501886,0.0,0.0,0.0
1,132.4,9312.932910490763,0.0,2669.1822952714383,70.74065927501886,0.0,0.0,0.0
1,132.5,9320.006976418264,0.0,2669.1822952714383,70.74065927501886,0.0,0.0,0.0
1,132.6,9327.081042345766,0.0,2669.1822952714383,70.74065927501886,0.0,0.0,0.0
1,132.70000000000002,9334.155108273268,0.0,2669.1822952714383,70.74065927501886,0.0,0.0,0.0
1,132.8,9341.22917420077,0.0,2669.1822952714383,70.74065927501886,0.0,0.0,0.0
1,132.9,9348.30324012827,0.0,2669.1822952714383,70.74065927501886,0.0,0.0,0.0
1,133.0,9355.377306055772,0.0,2669.1822952714383,70.74065927501886,0.0,0.0,0.0
1,133.1,9362.451371983274,0.0,2669.1822952714383,70.74065927501886,0.0,0.0,0.0
1,133.20000000000002,9369.525437910776,0.0,2669.1822952714383,70.74065927501886,0.0,0.0,0.0
1,133.3,9376.599503838277,0.0,2669.1822952714383,70.74065927501886,0.0,0.0,0.0
1,133.4,9383.673569765779,0.0,2669.1822952714383,70.74065927501886,0.0,0.0,0.0
1,133.5,9390.74763569328,0.0,2669.1822952714383,70.74065927501886,0.0,0.0,0.0
1,133.6,9397.821701620782,0.0,2669.1822952714383,70.74065927501886,0.0,0.0,0.0
1,133.70000000000002,9404.895767548283,0.0,2669.1822952714383,70.74065927501886,0.0,0.0,0.0
1,133.8,9411.969833475785,0.0,2669.1822952714383,70.74065927501886,0.0,0.0,0.0
1,133.9,9419.043899403287,0.0,2669.1822952714383,70.74065927501886,0.0,0.0,0.0
1,134.0,9426.117965330788,0.0,2669.1822952714383,70.74065927501886,0.0,0.0,0.0
1,134.1,9433.19203125829,0.0,2669.1822952714383,70.74065927501886,0.0,0.0,0.0
1,134.20000000000002,9440.266097185791,0.0,2669.1822952714383,70.74065927501886,0.0,0.0,0.0
1,134.3,9447.340163113293,0.0,2669.1822952714383,70.74065927501886,0.0,0.0,0.0
1,134.4,9454.414229040794,0.0,2669.1822952714383,70.74065927501886,0.0,0.0,0.0
1,134.5,9461.488294968296,0.0,2669.1822952714383,70.74065927501886,0.0,0.0,0.0
1,134.6,9468.562360895798,0.0,2669.1822952714383,70.74065927501886,0.0,0.0,0.0
1,134.70000000000002,9475.6364268233,0.0,2669.1822952714383,70.74065927501886,0.0,0.0,0.0
1,134.8,9482.7104927508,0.0,2669.1822952714383,70.74065927501886,0.0,0.0,0.0
1,134.9,9489.784558678302,0.0,2669.1822952714383,70.74065927501886,0.0,0.0,0.0
1,135.0,9496.858624605804,0.0,2669.1822952714383,70.74065927501886,0.0,0.0,0.0
1,135.1,9503.932690533306,0.0,2669.1822952714383,70.74065927501886,0.0,0.0,0.0
1,135.20000000000002,9511.006756460807,0.0,2669.1822952714383,70.74065927501886,0.0,0.0,0.0
1,135.3,9518.080822388309,0.0,2669.1822952714383,70.74065927501886,0.0,0.0,0.0
1,135.4,9525.15488831581,0.0,2669.1822952714383,70.74065927501886,0.0,0.0,0.0
1,135.5,9532.228954243312,0.0,2669.1822952714383,70.74065927501886,0.0,0.0,0.0
1,135.6,9539.303020170813,0.0,2669.1822952714383,70.74065927501886,0.0,0.0,0.0
1,135.70000000000002,9546.377086098315,0.0,2669.1822952714383,70.74065927501886,0.0,0.0,0.0
1,135.8,9553.451152025817,0.0,2669.1822952714383,70.74065927501886,0.0,0.0,0.0
1,135.9,9560.525217953318,0.0,2669.1822952714383,70.74065927501886,0.0,0.0,0.0
1,136.0,9567.59928388082,0.0,2669.1822952714383,70.74065927501886,0.0,0.0,0.0
1,136.1,9574.673349808321,0.0,2669.1822952714383,70.74065927501886,0.0,0.0,0.0
1,136.20000000000002,9581.747415735823,0.0,2669.1822952714383,70.74065927501886,0.0,0.0,0.0
1,136.3,9588.821481663324,0.0,2669.1822952714383,70.74065927501886,0.0,0.0,0.0
1,136.4,9595.895547590826,0.0,2669.1822952714383,70.74065927501886,0.0,0.0,0.0
1,136.5,9602.969613518328,0.0,2669.1822952714383,70.74065927501886,0.0,0.0,0.0
1,136.6,9610.04367944583,0.0,2669.1822952714383,70.74065927501886,0.0,0.0,0.0
1,136.70000000000002,9617.11774537333,0.0,2669.1822952714383,70.74065927501886,0.0,0.0,0.0
1,136.8,9624.191811300832,0.0,2669.1822952714383,70.74065927501886,0.0,0.0,0.0
1,136.9,9631.265877228334,0.0,2669.1822952714383,70.74065927501886,0.0,0.0,0.0
1,137.0,9638.339943155835,0.0,2669.1822952714383,70.74065927501886,0.0,0.0,0.0
1,137.1,9645.414009083337,0.0,2669.1822952714383,70.74065927501886,0.0,0.0,0.0
1,137.20000000000002,9652.488075010839,0.0,2669.1822952714383,70.74065927501886,0.0,0.0,0.0
1,137.3,9659.56214093834,0.0,2669.1822952714383,70.74065927501886,0.0,0.0,0.0
1,137.4,9666.636206865842,0.0,2669.1822952714383,70.74065927501886,0.0,0.0,0.0
1,137.5,9673.710272793343,0.0,2669.1822952714383,70.74065927501886,0.0,0.0,0.0
1,137.6,9680.784338720845,0.0,2669.1822952714383,70.74065927501886,0.0,0.0,0.0
1,137.70000000000002,9687.858404648347,0.0,2669.1822952714383,70.74065927501886,0.0,0.0,0.0
1,137.8,9694.932470575848,0.0,2669.1822952714383,70.74065927501886,0.0,0.0,0.0
1,137.9,9702.00653650335,0.0,2669.1822952714383,70.74065927501886,0.0,0.0,0.0
1,138.0,9709.080602430851,0.0,2669.1822952714383,70.74065927501886,0.0,0.0,0.0
1,138.1,9716.154668358353,0.0,2669.1822952714383,70.74065927501886,0.0,0.0,0.0
1,138.20000000000002,9723.228734285854,0.0,2669.1822952714383,70.74065927501886,0.0,0.0,0.0
1,138.3,9730.302800213356,0.0,2669.1822952714383,70.74065927501886,0.0,0.0,0.0
1,138.4,9737.376866140858,0.0,2669.1822952714383,70.74065927501886,0.0,0.0,0.0
1,138.5,9744.45093206836,0.0,2669.1822952714383,70.74065927501886,0.0,0.0,0.0
1,138.6,9751.52499799586,0.0,2669.1822952714383,70.74065927501886,0.0,0.0,0.0
1,138.70000000000002,9758.599063923362,0.0,2669.1822952714383,70.74065927501886,0.0,0.0,0.0
1,138.8,9765.673129850864,0.0,2669.1822952714383,70.74065927501886,0.0,0.0,0.0
1,138.9,9772.747195778365,0.0,2669.1822952714383,70.74065927501886,0.0,0.0,0.0
1,139.0,9779.821261705867,0.0,2669.1822952714383,70.74065927501886,0.0,0.0,0.0
1,139.1,9786.895327633369,0.0,2669.1822952714383,70.74065927501886,0.0,0.0,0.0
1,139.20000000000002,9793.96939356087,0.0,2669.1822952714383,70.74065927501886,0.0,0.0,0.0
1,139.3,9801.043459488372,0.0,2669.1822952714383,70.74065927501886,0.0,0.0,0.0
1,139.4,9808.117525415873,0.0,2669.1822952714383,70.74065927501886,0.0,0.0,0.0
1,139.5,9815.191591343375,0.0,2669.1822952714383,70.74065927501886,0.0,0.0,0.0
1,139.6,9822.265657270877,0.0,2669.1822952714383,70.74065927501886,0.0,0.0,0.0
1,139.70000000000002,9829.339723198378,0.0,2669.1822952714383,70.74065927501886,0.0,0.0,0.0
1,139.8,9836.41378912588,0.0,2669.1822952714383,70.74065927501886,0.0,0.0,0.0
1,139.9,9843.487855053381,0.0,2669.1822952714383,70.74065927501886,0.0,0.0,0.0
1,140.0,9850.561920980883,0.0,2669.1822952714383,70.74065927501886,0.0,0.0,0.0
1,140.1,9857.635986908384,0.0,2669.1822952714383,70.74065927501886,0.0,0.0,0.0
1,140.20000000000002,9864.710052835886,0.0,2669.1822952714383,70.74065927501886,0.0,0.0,0.0
1,140.3,9871.784118763388,0.0,2669.1822952714383,70.74065927501886,0.0,0.0,0.0
1,140.4,9878.85818469089,0.0,2669.1822952714383,70.74065927501886,0.0,0.0,0.0
1,140.5,9885.93225061839,0.0,2669.1822952714383,70.74065927501886,0.0,0.0,0.0
1,140.6,9893.006316545892,0.0,2669.1822952714383,70.74065927501886,0.0,0.0,0.0
1,140.70000000000002,9900.080382473394,0.0,2669.1822952714383,70.74065927501886,0.0,0.0,0.0
1,140.8,9907.154448400895,0.0,2669.1822952714383,70.74065927501886,0.0,0.0,0.0
1,140.9,9914.228514328397,0.0,2669.1822952714383,70.74065927501886,0.0,0.0,0.0
1,141.0,9921.302580255899,0.0,2669.1822952714383,70.74065927501886,0.0,0.0,0.0
1,141.1,9928.3766461834,0.0,2669.1822952714383,70.74065927501886,0.0,0.0,0.0
1,141.20000000000002,9935.450712110902,0.0,2669.1822952714383,70.74065927501886,0.0,0.0,0.0
1,141.3,9942.524778038403,0.0,2669.1822952714383,70.74065927501886,0.0,0.0,0.0
1,141.4,9949.598843965905,0.0,2669.1822952714383,70.74065927501886,0.0,0.0,0.0
1,141.5,9956.672909893407,0.0,2669.1822952714383,70.74065927501886,0.0,0.0,0.0
1,141.6,9963.746975820908,0.0,2669.1822952714383,70.74065927501886,0.0,0.0,0.0
1,141.70000000000002,9970.82104174841,0.0,2669.1822952714383,70.74065927501886,0.0,0.0,0.0
1,141.8,9977.895107675911,0.0,2669.1822952714383,70.74065927501886,0.0,0.0,0.0
1,141.9,9984.969173603413,0.0,2669.1822952714383,70.74065927501886,0.0,0.0,0.0
1,142.0,9992.043239530914,0.0,2669.1822952714383,70.74065927501886,0.0,0.0,0.0
1,142.1,9999.117305458416,0.0,2669.1822952714383,70.74065927501886,0.0,0.0,0.0
1,142.20000000000002,10006.191371385918,0.0,2669.1822952714383,70.74065927501886,0.0,0.0,0.0
1,142.3,10013.26543731342,0.0,2669.1822952714383,70.74065927501886,0.0,0.0,0.0
1,142.4,10020.33950324092,0.0,2669.1822952714383,70.74065927501886,0.0,0.0,0.0
1,142.5,10027.413569168422,0.0,2669.1822952714383,70.74065927501886,0.0,0.0,0.0
1,142.6,10034.487635095924,0.0,2669.1822952714383,70.74065927501886,0.0,0.0,0.0
1,142.70000000000002,10041.561701023425,0.0,2669.1822952714383,70.74065927501886,0.0,0.0,0.0
1,142.8,10048.635766950927,0.0,2669.1822952714383,70.74065927501886,0.0,0.0,0.0
1,142.9,10055.709832878429,0.0,2669.1822952714383,70.74065927501886,0.0,0.0,0.0
1,143.0,10062.78389880593,0.0,2669.1822952714383,70.74065927501886,0.0,0.0,0.0
1,143.1,10069.857964733432,0.0,2669.1822952714383,70.74065927501886,0.0,0.0,0.0
1,143.20000000000002,10076.932030660933,0.0,2669.1822952714383,70.74065927501886,0.0,0.0,0.0
1,143.3,10084.006096588435,0.0,2669.1822952714383,70.74065927501886,0.0,0.0,0.0
1,143.4,10091.080162515937,0.0,2669.1822952714383,70.74065927501886,0.0,0.0,0.0
1,143.5,10098.154228443438,0.0,2669.1822952714383,70.74065927501886,0.0,0.0,0.0
1,143.6,10105.22829437094,0.0,2669.1822952714383,70.74065927501886,0.0,0.0,0.0
1,143.70000000000002,10112.302360298441,0.0,2669.1822952714383,70.74065927501886,0.0,0.0,0.0
1,143.8,10119.376426225943,0.0,2669.1822952714383,70.74065927501886,0.0,0.0,0.0
1,143.9,10126.450492153444,0.0,2669.1822952714383,70.74065927501886,0.0,0.0,0.0
1,144.0,10133.524558080946,0.0,2669.1822952714383,70.74065927501886,0.0,0.0,0.0
1,144.1,10140.598624008448,0.0,2669.1822952714383,70.74065927501886,0.0,0.0,0.0
1,144.20000000000002,10147.67268993595,0.0,2669.1822952714383,70.74065927501886,0.0,0.0,0.0
1,144.3,10154.74675586345,0.0,2669.1822952714383,70.74065927501886,0.0,0.0,0.0
1,144.4,10161.820821790952,0.0,2669.1822952714383,70.74065927501886,0.0,0.0,0.0
1,144.5,10168.894887718454,0.0,2669.1822952714383,70.74065927501886,0.0,0.0,0.0
1,144.6,10175.968953645955,0.0,2669.1822952714383,70.74065927501886,0.0,0.0,0.0
1,144.70000000000002,10183.043019573457,0.0,2669.1822952714383,70.74065927501886,0.0,0.0,0.0
1,144.8,10190.117085500959,0.0,2669.1822952714383,70.74065927501886,0.0,0.0,0.0
1,144.9,10197.19115142846,0.0,2669.1822952714383,70.74065927501886,0.0,0.0,0.0
1,145.0,10204.265217355962,0.0,2669.1822952714383,70.74065927501886,0.0,0.0,0.0
1,145.1,10211.339283283463,0.0,2669.1822952714383,70.74065927501886,0.0,0.0,0.0
1,145.20000000000002,10218.413349210965,0.0,2669.1822952714383,70.74065927501886,0.0,0.0,0.0
1,145.3,10225.487415138467,0.0,2669.1822952714383,70.74065927501886,0.0,0.0,0.0
1,145.4,10232.561481065968,0.0,2669.1822952714383,70.74065927501886,0.0,0.0,0.0
1,145.5,10239.63554699347,0.0,2669.1822952714383,70.74065927501886,0.0,0.0,0.0
1,145.6,10246.709612920971,0.0,2669.1822952714383,70.74065927501886,0.0,0.0,0.0
1,145.70000000000002,10253.783678848473,0.0,2669.1822952714383,70.74065927501886,0.0,0.0,0.0
1,145.8,10260.857744775974,0.0,2669.1822952714383,70.74065927501886,0.0,0.0,0.0
1,145.9,10267.931810703476,0.0,2669.1822952714383,70.74065927501886,0.0,0.0,0.0
1,146.0,10275.005876630978,0.0,2669.1822952714383,70.74065927501886,0.0,0.0,0.0
1,146.1,10282.07994255848,0.0,2669.1822952714383,70.74065927501886,0.0,0.0,0.0
1,146.20000000000002,10289.15400848598,0.0,2669.1822952714383,70.74065927501886,0.0,0.0,0.0
1,146.3,10296.228074413482,0.0,2669.1822952714383,70.74065927501886,0.0,0.0,0.0
1,146.4,10303.302140340984,0.0,2669.1822952714383,70.74065927501886,0.0,0.0,0.0
1,146.5,10310.376206268485,0.0,2669.1822952714383,70.74065927501886,0.0,0.0,0.0
1,146.6,10317.450272195987,0.0,2669.1822952714383,70.74065927501886,0.0,0.0,0.0
1,146.70000000000002,10324.524338123489,0.0,2669.1822952714383,70.74065927501886,0.0,0.0,0.0
1,146.8,10331.59840405099,0.0,2669.1822952714383,70.74065927501886,0.0,0.0,0.0
1,146.9,10338.672469978492,0.0,2669.1822952714383,70.74065927501886,0.0,0.0,0.0
1,147.0,10345.746535905993,0.0,2669.1822952714383,70.74065927501886,0.0,0.0,0.0
1,147.1,10352.820601833495,0.0,2669.1822952714383,70.74065927501886,0.0,0.0,0.0
1,147.20000000000002,10359.894667760997,0.0,2669.1822952714383,70.74065927501886,0.0,0.0,0.0
1,147.3,10366.968733688498,0.0,2669.1822952714383,70.74065927501886,0.0,0.0,0.0
1,147.4,10374.042799616,0.0,2669.1822952714383,70.74065927501886,0.0,0.0,0.0
1,147.5,10381.116865543501,0.0,2669.1822952714383,70.74065927501886,0.0,0.0,0.0
1,147.6,10388.190931471003,0.0,2669.1822952714383,70.74065927501886,0.0,0.0,0.0
1,147.70000000000002,10395.264997398504,0.0,2669.1822952714383,70.74065927501886,0.0,0.0,0.0
1,147.8,10402.339063326006,0.0,2669.1822952714383,70.74065927501886,0.0,0.0,0.0
1,147.9,10409.413129253508,0.0,2669.1822952714383,70.74065927501886,0.0,0.0,0.0
1,148.0,10416.48719518101,0.0,2669.1822952714383,70.74065927501886,0.0,0.0,0.0
1,148.1,10423.56126110851,0.0,2669.1822952714383,70.74065927501886,0.0,0.0,0.0
1,148.20000000000002,10430.635327036012,0.0,2669.1822952714383,70.74065927501886,0.0,0.0,0.0
1,148.3,10437.709392963514,0.0,2669.1822952714383,70.74065927501886,0.0,0.0,0.0
1,148.4,10444.783458891015,0.0,2669.1822952714383,70.74065927501886,0.0,0.0,0.0
1,148.5,10451.857524818517,0.0,2669.1822952714383,70.74065927501886,0.0,0.0,0.0
1,148.6,10458.931590746019,0.0,2669.1822952714383,70.74065927501886,0.0,0.0,0.0
1,148.70000000000002,10466.00565667352,0.0,2669.1822952714383,70.74065927501886,0.0,0.0,0.0
1,148.8,10473.079722601022,0.0,2669.1822952714383,70.74065927501886,0.0,0.0,0.0
1,148.9,10480.153788528523,0.0,2669.1822952714383,70.74065927501886,0.0,0.0,0.0
1,149.0,10487.227854456025,0.0,2669.1822952714383,70.74065927501886,0.0,0.0,0.0
1,149.1,10494.301920383527,0.0,2669.1822952714383,70.74065927501886,0.0,0.0,0.0
1,149.20000000000002,10501.375986311028,0.0,2669.1822952714383,70.74065927501886,0.0,0.0,0.0
1,149.3,10508.45005223853,0.0,2669.1822952714383,70.74065927501886,0.0,0.0,0.0
1,149.4,10515.524118166031,0.0,2669.1822952714383,70.74065927501886,0.0,0.0,0.0
1,149.5,10522.598184093533,0.0,2669.1822952714383,70.74065927501886,0.0,0.0,0.0
1,149.6,10529.672250021034,0.0,2669.1822952714383,70.74065927501886,0.0,0.0,0.0
1,149.70000000000002,10536.746315948536,0.0,2669.1822952714383,70.74065927501886,0.0,0.0,0.0
1,149.8,10543.820381876038,0.0,2669.1822952714383,70.74065927501886,0.0,0.0,0.0
1,149.9,10550.89444780354,0.0,2669.1822952714383,70.74065927501886,0.0,0.0,0.0
1,150.0,10557.96851373104,0.0,2669.1822952714383,70.74065927501886,0.0,0.0,0.0
1,150.1,10565.042579658542,0.0,2669.1822952714383,70.74065927501886,0.0,0.0,0.0
1,150.20000000000002,10572.116645586044,0.0,2669.1822952714383,70.74065927501886,0.0,0.0,0.0
1,150.3,10579.190711513545,0.0,2669.1822952714383,70.74065927501886,0.0,0.0,0.0
1,150.4,10586.264777441047,0.0,2669.1822952714383,70.74065927501886,0.0,0.0,0.0
1,150.5,10593.338843368549,0.0,2669.1822952714383,70.74065927501886,0.0,0.0,0.0
1,150.6,10600.41290929605,0.0,2669.1822952714383,70.74065927501886,0.0,0.0,0.0
1,150.70000000000002,10607.486975223552,0.0,2669.1822952714383,70.74065927501886,0.0,0.0,0.0
1,150.8,10614.561041151053,0.0,2669.1822952714383,70.74065927501886,0.0,0.0,0.0
1,150.9,10621.635107078555,0.0,2669.1822952714383,70.74065927501886,0.0,0.0,0.0
1,151.0,10628.709173006057,0.0,2669.1822952714383,70.74065927501886,0.0,0.0,0.0
1,151.1,10635.783238933558,0.0,2669.1822952714383,70.74065927501886,0.0,0.0,0.0
1,151.20000000000002,10642.85730486106,0.0,2669.1822952714383,70.74065927501886,0.0,0.0,0.0
1,151.3,10649.931370788561,0.0,2669.1822952714383,70.74065927501886,0.0,0.0,0.0
1,151.4,10657.005436716063,0.0,2669.1822952714383,70.74065927501886,0.0,0.0,0.0
1,151.5,10664.079502643564,0.0,2669.1822952714383,70.74065927501886,0.0,0.0,0.0
1,151.6,10671.153568571066,0.0,2669.1822952714383,70.74065927501886,0.0,0.0,0.0
1,151.70000000000002,10678.227634498568,0.0,2669.1822952714383,70.74065927501886,0.0,0.0,0.0
1,151.8,10685.30170042607,0.0,2669.1822952714383,70.74065927501886,0.0,0.0,0.0
1,151.9,10692.37576635357,0.0,2669.1822952714383,70.74065927501886,0.0,0.0,0.0
1,152.0,10699.449832281072,0.0,2669.1822952714383,70.74065927501886,0.0,0.0,0.0
1,152.1,10706.523898208574,0.0,2669.1822952714383,70.74065927501886,0.0,0.0,0.0
1,152.20000000000002,10713.597964136075,0.0,2669.1822952714383,70.74065927501886,0.0,0.0,0.0
1,152.3,10720.672030063577,0.0,2669.1822952714383,70.74065927501886,0.0,0.0,0.0
1,152.4,10727.746095991079,0.0,2669.1822952714383,70.74065927501886,0.0,0.0,0.0
1,152.5,10734.82016191858,0.0,2669.1822952714383,70.74065927501886,0.0,0.0,0.0
1,152.6,10741.894227846082,0.0,2669.1822952714383,70.74065927501886,0.0,0.0,0.0
1,152.70000000000002,10748.968293773583,0.0,2669.1822952714383,70.74065927501886,0.0,0.0,0.0
1,152.8,10756.042359701085,0.0,2669.1822952714383,70.74065927501886,0.0,0.0,0.0
1,152.9,10763.116425628587,0.0,2669.1822952714383,70.74065927501886,0.0,0.0,0.0
1,153.0,10770.190491556088,0.0,2669.1822952714383,70.74065927501886,0.0,0.0,0.0
1,153.1,10777.26455748359,0.0,2669.1822952714383,70.74065927501886,0.0,0.0,0.0
1,153.20000000000002,10784.338623411091,0.0,2669.1822952714383,70.74065927501886,0.0,0.0,0.0
1,153.3,10791.412689338593,0.0,2669.1822952714383,70.74065927501886,0.0,0.0,0.0
1,153.4,10798.486755266094,0.0,2669.1822952714383,70.74065927501886,0.0,0.0,0.0
1,153.5,10805.560821193596,0.0,2669.1822952714383,70.74065927501886,0.0,0.0,0.0
1,153.60000000000002,10812.634887121098,0.0,2669.1822952714383,70.74065927501886,0.0,0.0,0.0
1,153.70000000000002,10819.7089530486,0.0,2669.1822952714383,70.74065927501886,0.0,0.0,0.0
1,153.8,10826.7830189761,0.0,2669.1822952714383,70.74065927501886,0.0,0.0,0.0
1,153.9,10833.857084903602,0.0,2669.1822952714383,70.74065927501886,0.0,0.0,0.0
1,154.0,10840.931150831104,0.0,2669.1822952714383,70.74065927501886,0.0,0.0,0.0
1,154.10000000000002,10848.005216758605,0.0,2669.1822952714383,70.74065927501886,0.0,0.0,0.0
1,154.20000000000002,10855.079282686107,0.0,2669.1822952714383,70.74065927501886,0.0,0.0,0.0
1,154.3,10862.153348613609,0.0,2669.1822952714383,70.74065927501886,0.0,0.0,0.0
1,154.4,10869.22741454111,0.0,2669.1822952714383,70.74065927501886,0.0,0.0,0.0
1,154.5,10876.301480468612,0.0,2669.1822952714383,70.74065927501886,0.0,0.0,0.0
1,154.60000000000002,10883.375546396113,0.0,2669.1822952714383,70.74065927501886,0.0,0.0,0.0
1,154.70000000000002,10890.449612323615,0.0,2669.1822952714383,70.74065927501886,0.0,0.0,0.0
1,154.8,10897.523678251117,0.0,2669.1822952714383,70.74065927501886,0.0,0.0,0.0
1,154.9,10904.597744178618,0.0,2669.1822952714383,70.74065927501886,0.0,0.0,0.0
1,155.0,10911.67181010612,0.0,2669.1822952714383,70.74065927501886,0.0,0.0,0.0
1,155.10000000000002,10918.745876033621,0.0,2669.1822952714383,70.74065927501886,0.0,0.0,0.0
1,155.20000000000002,10925.819941961123,0.0,2669.1822952714383,70.74065927501886,0.0,0.0,0.0
1,155.3,10932.894007888624,0.0,2669.1822952714383,70.74065927501886,0.0,0.0,0.0
1,155.4,10939.968073816126,0.0,2669.1822952714383,70.74065927501886,0.0,0.0,0.0
1,155.5,10947.042139743628,0.0,2669.1822952714383,70.74065927501886,0.0,0.0,0.0
1,155.60000000000002,10954.11620567113,0.0,2669.1822952714383,70.74065927501886,0.0,0.0,0.0
1,155.70000000000002,10961.19027159863,0.0,2669.1822952714383,70.74065927501886,0.0,0.0,0.0
1,155.8,10968.264337526132,0.0,2669.1822952714383,70.74065927501886,0.0,0.0,0.0
1,155.9,10975.338403453634,0.0,2669.1822952714383,70.74065927501886,0.0,0.0,0.0
1,156.0,10982.412469381135,0.0,2669.1822952714383,70.74065927501886,0.0,0.0,0.0
1,156.10000000000002,10989.486535308637,0.0,2669.1822952714383,70.74065927501886,0.0,0.0,0.0
1,156.20000000000002,10996.560601236139,0.0,2669.1822952714383,70.74065927501886,0.0,0.0,0.0
1,156.3,11003.63466716364,0.0,2669.1822952714383,70.74065927501886,0.0,0.0,0.0
1,156.4,11010.708733091142,0.0,2669.1822952714383,70.74065927501886,0.0,0.0,0.0
1,156.5,11017.782799018643,0.0,2669.1822952714383,70.74065927501886,0.0,0.0,0.0
1,156.60000000000002,11024.856864946145,0.0,2669.1822952714383,70.74065927501886,0.0,0.0,0.0
1,156.70000000000002,11031.930930873647,0.0,2669.1822952714383,70.74065927501886,0.0,0.0,0.0
1,156.8,11039.004996801148,0.0,2669.1822952714383,70.74065927501886,0.0,0.0,0.0
1,156.9,11046.07906272865,0.0,2669.1822952714383,70.74065927501886,0.0,0.0,0.0
1,157.0,11053.153128656151,0.0,2669.1822952714383,70.74065927501886,0.0,0.0,0.0
1,157.10000000000002,11060.227194583653,0.0,2669.1822952714383,70.74065927501886,0.0,0.0,0.0
1,157.20000000000002,11067.301260511154,0.0,2669.1822952714383,70.74065927501886,0.0,0.0,0.0
1,157.3,11074.375326438656,0.0,2669.1822952714383,70.74065927501886,0.0,0.0,0.0
1,157.4,11081.449392366158,0.0,2669.1822952714383,70.74065927501886,0.0,0.0,0.0
1,157.5,11088.52345829366,0.0,2669.1822952714383,70.74065927501886,0.0,0.0,0.0
1,157.60000000000002,11095.59752422116,0.0,2669.1822952714383,70.74065927501886,0.0,0.0,0.0
1,157.70000000000002,11102.671590148662,0.0,2669.1822952714383,70.74065927501886,0.0,0.0,0.0
1,157.8,11109.745656076164,0.0,2669.1822952714383,70.74065927501886,0.0,0.0,0.0
1,157.9,11116.819722003665,0.0,2669.1822952714383,70.74065927501886,0.0,0.0,0.0
1,158.0,11123.893787931167,0.0,2669.1822952714383,70.74065927501886,0.0,0.0,0.0
1,158.10000000000002,11130.967853858669,0.0,2669.1822952714383,70.74065927501886,0.0,0.0,0.0
1,158.20000000000002,11138.04191978617,0.0,2669.1822952714383,70.74065927501886,0.0,0.0,0.0
1,158.3,11145.115985713672,0.0,2669.1822952714383,70.74065927501886,0.0,0.0,0.0
1,158.4,11152.190051641173,0.0,2669.1822952714383,70.74065927501886,0.0,0.0,0.0
1,158.5,11159.264117568675,0.0,2669.1822952714383,70.74065927501886,0.0,0.0,0.0
1,158.60000000000002,11166.338183496176,0.0,2669.1822952714383,70.74065927501886,0.0,0.0,0.0
1,158.70000000000002,11173.412249423678,0.0,2669.1822952714383,70.74065927501886,0.0,0.0,0.0
1,158.8,11180.48631535118,0.0,2669.1822952714383,70.74065927501886,0.0,0.0,0.0
1,158.9,11187.560381278681,0.0,2669.1822952714383,70.74065927501886,0.0,0.0,0.0
1,159.0,11194.634447206183,0.0,2669.1822952714383,70.74065927501886,0.0,0.0,0.0
1,159.10000000000002,11201.708513133684,0.0,2669.1822952714383,70.74065927501886,0.0,0.0,0.0
1,159.20000000000002,11208.782579061186,0.0,2669.1822952714383,70.74065927501886,0.0,0.0,0.0
1,159.3,11215.856644988688,0.0,2669.1822952714383,70.74065927501886,0.0,0.0,0.0
1,159.4,11222.93071091619,0.0,2669.1822952714383,70.74065927501886,0.0,0.0,0.0
1,159.5,11230.00477684369,0.0,2669.1822952714383,70.74065927501886,0.0,0.0,0.0
1,159.60000000000002,11237.078842771192,0.0,2669.1822952714383,70.74065927501886,0.0,0.0,0.0
1,159.70000000000002,11244.152908698694,0.0,2669.1822952714383,70.74065927501886,0.0,0.0,0.0
1,159.8,11251.226974626195,0.0,2669.1822952714383,70.74065927501886,0.0,0.0,0.0
1,159.9,11258.301040553697,0.0,2669.1822952714383,70.74065927501886,0.0,0.0,0.0
1,160.0,11265.375106481199,0.0,2669.1822952714383,70.74065927501886,0.0,0.0,0.0
1,160.10000000000002,11272.4491724087,0.0,2669.1822952714383,70.74065927501886,0.0,0.0,0.0
1,160.20000000000002,11279.523238336202,0.0,2669.1822952714383,70.74065927501886,0.0,0.0,0.0
1,160.3,11286.597304263703,0.0,2669.1822952714383,70.74065927501886,0.0,0.0,0.0
1,160.4,11293.671370191205,0.0,2669.1822952714383,70.74065927501886,0.0,0.0,0.0
1,160.5,11300.745436118706,0.0,2669.1822952714383,70.74065927501886,0.0,0.0,0.0
1,160.60000000000002,11307.819502046208,0.0,2669.1822952714383,70.74065927501886,0.0,0.0,0.0
1,160.70000000000002,11314.89356797371,0.0,2669.1822952714383,70.74065927501886,0.0,0.0,0.0
1,160.8,11321.967633901211,0.0,2669.1822952714383,70.74065927501886,0.0,0.0,0.0
1,160.9,11329.041699828713,0.0,2669.1822952714383,70.74065927501886,0.0,0.0,0.0
1,161.0,11336.115765756214,0.0,2669.1822952714383,70.74065927501886,0.0,0.0,0.0
1,161.10000000000002,11343.189831683716,0.0,2669.1822952714383,70.74065927501886,0.0,0.0,0.0
1,161.20000000000002,11350.263897611218,0.0,2669.1822952714383,70.74065927501886,0.0,0.0,0.0
1,161.3,11357.33796353872,0.0,2669.1822952714383,70.74065927501886,0.0,0.0,0.0
1,161.4,11364.41202946622,0.0,2669.1822952714383,70.74065927501886,0.0,0.0,0.0
1,161.5,11371.486095393722,0.0,2669.1822952714383,70.74065927501886,0.0,0.0,0.0
1,161.60000000000002,11378.560161321224,0.0,2669.1822952714383,70.74065927501886,0.0,0.0,0.0
1,161.70000000000002,11385.634227248725,0.0,2669.1822952714383,70.74065927501886,0.0,0.0,0.0
1,161.8,11392.708293176227,0.0,2669.1822952714383,70.74065927501886,0.0,0.0,0.0
1,161.9,11399.782359103729,0.0,2669.1822952714383,70.74065927501886,0.0,0.0,0.0
1,162.0,11406.85642503123,0.0,2669.1822952714383,70.74065927501886,0.0,0.0,0.0
1,162.10000000000002,11413.930490958732,0.0,2669.1822952714383,70.74065927501886,0.0,0.0,0.0
1,162.20000000000002,11421.004556886233,0.0,2669.1822952714383,70.74065927501886,0.0,0.0,0.0
1,162.3,11428.078622813735,0.0,2669.1822952714383,70.74065927501886,0.0,0.0,0.0
1,162.4,11435.152688741236,0.0,2669.1822952714383,70.74065927501886,0.0,0.0,0.0
1,162.5,11442.226754668738,0.0,2669.1822952714383,70.74065927501886,0.0,0.0,0.0
1,162.60000000000002,11449.30082059624,0.0,2669.1822952714383,70.74065927501886,0.0,0.0,0.0
1,162.70000000000002,11456.374886523741,0.0,2669.1822952714383,70.74065927501886,0.0,0.0,0.0
1,162.8,11463.448952451243,0.0,2669.1822952714383,70.74065927501886,0.0,0.0,0.0
1,162.9,11470.523018378744,0.0,2669.1822952714383,70.74065927501886,0.0,0.0,0.0
1,163.0,11477.597084306246,0.0,2669.1822952714383,70.74065927501886,0.0,0.0,0.0
1,163.10000000000002,11484.671150233748,0.0,2669.1822952714383,70.74065927501886,0.0,0.0,0.0
1,163.20000000000002,11491.74521616125,0.0,2669.1822952714383,70.74065927501886,0.0,0.0,0.0
1,163.3,11498.81928208875,0.0,2669.1822952714383,70.74065927501886,0.0,0.0,0.0
1,163.4,11505.893348016252,0.0,2669.1822952714383,70.74065927501886,0.0,0.0,0.0
1,163.5,11512.967413943754,0.0,2669.1822952714383,70.74065927501886,0.0,0.0,0.0
1,163.60000000000002,11520.041479871255,0.0,2669.1822952714383,70.74065927501886,0.0,0.0,0.0
1,163.70000000000002,11527.115545798757,0.0,2669.1822952714383,70.74065927501886,0.0,0.0,0.0
1,163.8,11534.189611726259,0.0,2669.1822952714383,70.74065927501886,0.0,0.0,0.0
1,163.9,11541.26367765376,0.0,2669.1822952714383,70.74065927501886,0.0,0.0,0.0
1,164.0,11548.337743581262,0.0,2669.1822952714383,70.74065927501886,0.0,0.0,0.0
1,164.10000000000002,11555.411809508763,0.0,2669.1822952714383,70.74065927501886,0.0,0.0,0.0
1,164.20000000000002,11562.485875436265,0.0,2669.1822952714383,70.74065927501886,0.0,0.0,0.0
1,164.3,11569.559941363766,0.0,2669.1822952714383,70.74065927501886,0.0,0.0,0.0
1,164.4,11576.634007291268,0.0,2669.1822952714383,70.74065927501886,0.0,0.0,0.0
1,164.5,11583.70807321877,0.0,2669.1822952714383,70.74065927501886,0.0,0.0,0.0
1,164.60000000000002,11590.782139146271,0.0,2669.1822952714383,70.74065927501886,0.0,0.0,0.0
1,164.70000000000002,11597.856205073773,0.0,2669.1822952714383,70.74065927501886,0.0,0.0,0.0
1,164.8,11604.930271001274,0.0,2669.1822952714383,70.74065927501886,0.0,0.0,0.0
1,164.9,11612.004336928776,0.0,2669.1822952714383,70.74065927501886,0.0,0.0,0.0
1,165.0,11619.078402856278,0.0,2669.1822952714383,70.74065927501886,0.0,0.0,0.0
1,165.10000000000002,11626.15246878378,0.0,2669.1822952714383,70.74065927501886,0.0,0.0,0.0
1,165.20000000000002,11633.22653471128,0.0,2669.1822952714383,70.74065927501886,0.0,0.0,0.0
1,165.3,11640.300600638782,0.0,2669.1822952714383,70.74065927501886,0.0,0.0,0.0
1,165.4,11647.374666566284,0.0,2669.1822952714383,70.74065927501886,0.0,0.0,0.0
1,165.5,11654.448732493785,0.0,2669.1822952714383,70.74065927501886,0.0,0.0,0.0
1,165.60000000000002,11661.522798421287,0.0,2669.1822952714383,70.74065927501886,0.0,0.0,0.0
1,165.70000000000002,11668.596864348789,0.0,2669.1822952714383,70.74065927501886,0.0,0.0,0.0
1,165.8,11675.67093027629,0.0,2669.1822952714383,70.74065927501886,0.0,0.0,0.0
1,165.9,11682.744996203792,0.0,2669.1822952714383,70.74065927501886,0.0,0.0,0.0
1,166.0,11689.819062131293,0.0,2669.1822952714383,70.74065927501886,0.0,0.0,0.0
1,166.10000000000002,11696.893128058795,0.0,2669.1822952714383,70.74065927501886,0.0,0.0,0.0
1,166.20000000000002,11703.967193986296,0.0,2669.1822952714383,70.74065927501886,0.0,0.0,0.0
1,166.3,11711.041259913798,0.0,2669.1822952714383,70.74065927501886,0.0,0.0,0.0
1,166.4,11718.1153258413,0.0,2669.1822952714383,70.74065927501886,0.0,0.0,0.0
1,166.5,11725.189391768801,0.0,2669.1822952714383,70.74065927501886,0.0,0.0,0.0
1,166.60000000000002,11732.263457696303,0.0,2669.1822952714383,70.74065927501886,0.0,0.0,0.0
1,166.70000000000002,11739.337523623804,0.0,2669.1822952714383,70.74065927501886,0.0,0.0,0.0
1,166.8,11746.411589551306,0.0,2669.1822952714383,70.74065927501886,0.0,0.0,0.0
1,166.9,11753.485655478808,0.0,2669.1822952714383,70.74065927501886,0.0,0.0,0.0
1,167.0,11760.55972140631,0.0,2669.1822952714383,70.74065927501886,0.0,0.0,0.0
1,167.10000000000002,11767.63378733381,0.0,2669.1822952714383,70.74065927501886,0.0,0.0,0.0
1,167.20000000000002,11774.707853261312,0.0,2669.1822952714383,70.74065927501886,0.0,0.0,0.0
1,167.3,11781.781919188814,0.0,2669.1822952714383,70.74065927501886,0.0,0.0,0.0
1,167.4,11788.855985116315,0.0,2669.1822952714383,70.74065927501886,0.0,0.0,0.0
1,167.5,11795.930051043817,0.0,2669.1822952714383,70.74065927501886,0.0,0.0,0.0
1,167.60000000000002,11803.004116971319,0.0,2669.1822952714383,70.74065927501886,0.0,0.0,0.0
1,167.70000000000002,11810.07818289882,0.0,2669.1822952714383,70.74065927501886,0.0,0.0,0.0
1,167.8,11817.152248826322,0.0,2669.1822952714383,70.74065927501886,0.0,0.0,0.0
1,167.9,11824.226314753823,0.0,2669.1822952714383,70.74065927501886,0.0,0.0,0.0
1,168.0,11831.300380681325,0.0,2669.1822952714383,70.74065927501886,0.0,0.0,0.0
1,168.10000000000002,11838.374446608826,0.0,2669.1822952714383,70.74065927501886,0.0,0.0,0.0
1,168.20000000000002,11845.448512536328,0.0,2669.1822952714383,70.74065927501886,0.0,0.0,0.0
1,168.3,11852.52257846383,0.0,2669.1822952714383,70.74065927501886,0.0,0.0,0.0
1,168.4,11859.596644391331,0.0,2669.1822952714383,70.74065927501886,0.0,0.0,0.0
1,168.5,11866.670710318833,0.0,2669.1822952714383,70.74065927501886,0.0,0.0,0.0
1,168.60000000000002,11873.744776246334,0.0,2669.1822952714383,70.74065927501886,0.0,0.0,0.0
1,168.70000000000002,11880.818842173836,0.0,2669.1822952714383,70.74065927501886,0.0,0.0,0.0
1,168.8,11887.892908101338,0.0,2669.1822952714383,70.74065927501886,0.0,0.0,0.0
1,168.9,11894.96697402884,0.0,2669.1822952714383,70.74065927501886,0.0,0.0,0.0
1,169.0,11902.04103995634,0.0,2669.1822952714383,70.74065927501886,0.0,0.0,0.0
1,169.10000000000002,11909.115105883842,0.0,2669.1822952714383,70.74065927501886,0.0,0.0,0.0
1,169.20000000000002,11916.189171811344,0.0,2669.1822952714383,70.74065927501886,0.0,0.0,0.0
1,169.3,11923.263237738845,0.0,2669.1822952714383,70.74065927501886,0.0,0.0,0.0
1,169.4,11930.337303666347,0.0,2669.1822952714383,70.74065927501886,0.0,0.0,0.0
1,169.5,11937.411369593849,0.0,2669.1822952714383,70.74065927501886,0.0,0.0,0.0
1,169.60000000000002,11944.48543552135,0.0,2669.1822952714383,70.74065927501886,0.0,0.0,0.0
1,169.70000000000002,11951.559501448852,0.0,2669.1822952714383,70.74065927501886,0.0,0.0,0.0
1,169.8,11958.633567376353,0.0,2669.1822952714383,70.74065927501886,0.0,0.0,0.0
1,169.9,11965.707633303855,0.0,2669.1822952714383,70.74065927501886,0.0,0.0,0.0
1,170.0,11972.781699231356,0.0,2669.1822952714383,70.74065927501886,0.0,0.0,0.0
1,170.10000000000002,11979.855765158858,0.0,2669.1822952714383,70.74065927501886,0.0,0.0,0.0
1,170.20000000000002,11986.92983108636,0.0,2669.1822952714383,70.74065927501886,0.0,0.0,0.0
1,170.3,11994.003897013861,0.0,2669.1822952714383,70.74065927501886,0.0,0.0,0.0
1,170.4,12001.077962941363,0.0,2669.1822952714383,70.74065927501886,0.0,0.0,0.0
1,170.5,12008.152028868864,0.0,2669.1822952714383,70.74065927501886,0.0,0.0,0.0
1,170.60000000000002,12015.226094796366,0.0,2669.1822952714383,70.74065927501886,0.0,0.0,0.0
1,170.70000000000002,12022.300160723868,0.0,2669.1822952714383,70.74065927501886,0.0,0.0,0.0
1,170.8,12029.37422665137,0.0,2669.1822952714383,70.74065927501886,0.0,0.0,0.0
1,170.9,12036.44829257887,0.0,2669.1822952714383,70.74065927501886,0.0,0.0,0.0
1,171.0,12043.522358506372,0.0,2669.1822952714383,70.74065927501886,0.0,0.0,0.0
1,171.10000000000002,12050.596424433874,0.0,2669.1822952714383,70.74065927501886,0.0,0.0,0.0
1,171.20000000000002,12057.670490361375,0.0,2669.1822952714383,70.74065927501886,0.0,0.0,0.0
1,171.3,12064.744556288877,0.0,2669.1822952714383,70.74065927501886,0.0,0.0,0.0
1,171.4,12071.818622216379,0.0,2669.1822952714383,70.74065927501886,0.0,0.0,0.0
1,171.5,12078.89268814388,0.0,2669.1822952714383,70.74065927501886,0.0,0.0,0.0
1,171.60000000000002,12085.966754071382,0.0,2669.1822952714383,70.74065927501886,0.0,0.0,0.0
1,171.70000000000002,12093.040819998883,0.0,2669.1822952714383,70.74065927501886,0.0,0.0,0.0
1,171.8,12100.114885926385,0.0,2669.1822952714383,70.74065927501886,0.0,0.0,0.0
1,171.9,12107.188951853886,0.0,2669.1822952714383,70.74065927501886,0.0,0.0,0.0
1,172.0,12114.263017781388,0.0,2669.1822952714383,70.74065927501886,0.0,0.0,0.0
1,172.10000000000002,12121.33708370889,0.0,2669.1822952714383,70.74065927501886,0.0,0.0,0.0
1,172.20000000000002,12128.411149636391,0.0,2669.1822952714383,70.74065927501886,0.0,0.0,0.0
1,172.3,12135.485215563893,0.0,2669.1822952714383,70.74065927501886,0.0,0.0,0.0
1,172.4,12142.559281491394,0.0,2669.1822952714383,70.74065927501886,0.0,0.0,0.0
1,172.5,12149.633347418896,0.0,2669.1822952714383,70.74065927501886,0.0,0.0,0.0
1,172.60000000000002,12156.707413346398,0.0,2669.1822952714383,70.74065927501886,0.0,0.0,0.0
1,172.70000000000002,12163.7814792739,0.0,2669.1822952714383,70.74065927501886,0.0,0.0,0.0
1,172.8,12170.8555452014,0.0,2669.1822952714383,70.74065927501886,0.0,0.0,0.0
1,172.9,12177.929611128902,0.0,2669.1822952714383,70.74065927501886,0.0,0.0,0.0
1,173.0,12185.003677056404,0.0,2669.1822952714383,70.74065927501886,0.0,0.0,0.0
1,173.10000000000002,12192.077742983905,0.0,2669.1822952714383,70.74065927501886,0.0,0.0,0.0
1,173.20000000000002,12199.151808911407,0.0,2669.1822952714383,70.74065927501886,0.0,0.0,0.0
1,173.3,12206.225874838909,0.0,2669.1822952714383,70.74065927501886,0.0,0.0,0.0
1,173.4,12213.29994076641,0.0,2669.1822952714383,70.74065927501886,0.0,0.0,0.0
1,173.5,12220.374006693912,0.0,2669.1822952714383,70.74065927501886,0.0,0.0,0.0
1,173.60000000000002,12227.448072621413,0.0,2669.1822952714383,70.74065927501886,0.0,0.0,0.0
1,173.70000000000002,12234.522138548915,0.0,2669.1822952714383,70.74065927501886,0.0,0.0,0.0
1,173.8,12241.596204476416,0.0,2669.1822952714383,70.74065927501886,0.0,0.0,0.0
1,173.9,12248.670270403918,0.0,2669.1822952714383,70.74065927501886,0.0,0.0,0.0
1,174.0,12255.74433633142,0.0,2669.1822952714383,70.74065927501886,0.0,0.0,0.0
1,174.10000000000002,12262.818402258921,0.0,2669.1822952714383,70.74065927501886,0.0,0.0,0.0
1,174.20000000000002,12269.892468186423,0.0,2669.1822952714383,70.74065927501886,0.0,0.0,0.0
1,174.3,12276.966534113924,0.0,2669.1822952714383,70.74065927501886,0.0,0.0,0.0
1,174.4,12284.040600041426,0.0,2669.1822952714383,70.74065927501886,0.0,0.0,0.0
1,174.5,12291.114665968928,0.0,2669.1822952714383,70.74065927501886,0.0,0.0,0.0
1,174.60000000000002,12298.188731896429,0.0,2669.1822952714383,70.74065927501886,0.0,0.0,0.0
1,174.70000000000002,12305.26279782393,0.0,2669.1822952714383,70.74065927501886,0.0,0.0,0.0
1,174.8,12312.336863751432,0.0,2669.1822952714383,70.74065927501886,0.0,0.0,0.0
1,174.9,12319.410929678934,0.0,2669.1822952714383,70.74065927501886,0.0,0.0,0.0
1,175.0,12326.484995606435,0.0,2669.1822952714383,70.74065927501886,0.0,0.0,0.0
1,175.10000000000002,12333.559061533937,0.0,2669.1822952714383,70.74065927501886,0.0,0.0,0.0
1,175.20000000000002,12340.633127461439,0.0,2669.1822952714383,70.74065927501886,0.0,0.0,0.0
1,175.3,12347.70719338894,0.0,2669.1822952714383,70.74065927501886,0.0,0.0,0.0
1,175.4,12354.781259316442,0.0,2669.1822952714383,70.74065927501886,0.0,0.0,0.0
1,175.5,12361.855325243943,0.0,2669.1822952714383,70.74065927501886,0.0,0.0,0.0
1,175.60000000000002,12368.929391171445,0.0,2669.1822952714383,70.74065927501886,0.0,0.0,0.0
1,175.70000000000002,12376.003457098946,0.0,2669.1822952714383,70.74065927501886,0.0,0.0,0.0
1,175.8,12383.077523026448,0.0,2669.1822952714383,70.74065927501886,0.0,0.0,0.0
1,175.9,12390.15158895395,0.0,2669.1822952714383,70.74065927501886,0.0,0.0,0.0
1,176.0,12397.225654881451,0.0,2669.1822952714383,70.74065927501886,0.0,0.0,0.0
1,176.10000000000002,12404.299720808953,0.0,2669.1822952714383,70.74065927501886,0.0,0.0,0.0
1,176.20000000000002,12411.373786736454,0.0,2669.1822952714383,70.74065927501886,0.0,0.0,0.0
1,176.3,12418.447852663956,0.0,2669.1822952714383,70.74065927501886,0.0,0.0,0.0
1,176.4,12425.521918591458,0.0,2669.1822952714383,70.74065927501886,0.0,0.0,0.0
1,176.5,12432.595984518959,0.0,2669.1822952714383,70.74065927501886,0.0,0.0,0.0
1,176.60000000000002,12439.67005044646,0.0,2669.1822952714383,70.74065927501886,0.0,0.0,0.0
1,176.70000000000002,12446.744116373962,0.0,2669.1822952714383,70.74065927501886,0.0,0.0,0.0
1,176.8,12453.818182301464,0.0,2669.1822952714383,70.74065927501886,0.0,0.0,0.0
1,176.9,12460.892248228965,0.0,2669.1822952714383,70.74065927501886,0.0,0.0,0.0
1,177.0,12467.966314156467,0.0,2669.1822952714383,70.74065927501886,0.0,0.0,0.0
1,177.10000000000002,12475.040380083969,0.0,2669.1822952714383,70.74065927501886,0.0,0.0,0.0
1,177.20000000000002,12482.11444601147,0.0,2669.1822952714383,70.74065927501886,0.0,0.0,0.0
1,177.3,12489.188511938972,0.0,2669.1822952714383,70.74065927501886,0.0,0.0,0.0
1,177.4,12496.262577866473,0.0,2669.1822952714383,70.74065927501886,0.0,0.0,0.0
1,177.5,12503.336643793975,0.0,2669.1822952714383,70.74065927501886,0.0,0.0,0.0
1,177.60000000000002,12510.410709721476,0.0,2669.1822952714383,70.74065927501886,0.0,0.0,0.0
1,177.70000000000002,12517.484775648978,0.0,2669.1822952714383,70.74065927501886,0.0,0.0,0.0
1,177.8,12524.55884157648,0.0,2669.1822952714383,70.74065927501886,0.0,0.0,0.0
1,177.9,12531.632907503981,0.0,2669.1822952714383,70.74065927501886,0.0,0.0,0.0
1,178.0,12538.706973431483,0.0,2669.1822952714383,70.74065927501886,0.0,0.0,0.0
1,178.10000000000002,12545.781039358984,0.0,2669.1822952714383,70.74065927501886,0.0,0.0,0.0
1,178.20000000000002,12552.855105286486,0.0,2669.1822952714383,70.74065927501886,0.0,0.0,0.0
1,178.3,12559.929171213988,0.0,2669.1822952714383,70.74065927501886,0.0,0.0,0.0
1,178.4,12567.003237141489,0.0,2669.1822952714383,70.74065927501886,0.0,0.0,0.0
1,178.5,12574.07730306899,0.0,2669.1822952714383,70.74065927501886,0.0,0.0,0.0
1,178.60000000000002,12581.151368996492,0.0,2669.1822952714383,70.74065927501886,0.0,0.0,0.0
1,178.70000000000002,12588.225434923994,0.0,2669.1822952714383,70.74065927501886,0.0,0.0,0.0
1,178.8,12595.299500851495,0.0,2669.1822952714383,70.74065927501886,0.0,0.0,0.0
1,178.9,12602.373566778997,0.0,2669.1822952714383,70.74065927501886,0.0,0.0,0.0
1,179.0,12609.447632706499,0.0,2669.1822952714383,70.74065927501886,0.0,0.0,0.0
1,179.10000000000002,12616.521698634,0.0,2669.1822952714383,70.74065927501886,0.0,0.0,0.0
1,179.20000000000002,12623.595764561502,0.0,2669.1822952714383,70.74065927501886,0.0,0.0,0.0
1,179.3,12630.669830489003,0.0,2669.1822952714383,70.74065927501886,0.0,0.0,0.0
1,179.4,12637.743896416505,0.0,2669.1822952714383,70.74065927501886,0.0,0.0,0.0
1,179.5,12644.817962344006,0.0,2669.1822952714383,70.74065927501886,0.0,0.0,0.0
1,179.60000000000002,12651.892028271508,0.0,2669.1822952714383,70.74065927501886,0.0,0.0,0.0
1,179.70000000000002,12658.96609419901,0.0,2669.1822952714383,70.74065927501886,0.0,0.0,0.0
1,179.8,12666.040160126511,0.0,2669.1822952714383,70.74065927501886,0.0,0.0,0.0
1,179.9,12673.114226054013,0.0,2669.1822952714383,70.74065927501886,0.0,0.0,0.0
1,180.0,12680.188291981514,0.0,2669.1822952714383,70.74065927501886,0.0,0.0,0.0
1,180.10000000000002,12687.262357909016,0.0,2669.1822952714383,70.74065927501886,0.0,0.0,0.0
1,180.20000000000002,12694.336423836517,0.0,2669.1822952714383,70.74065927501886,0.0,0.0,0.0
1,180.3,12701.410489764019,0.0,2669.1822952714383,70.74065927501886,0.0,0.0,0.0
1,180.4,12708.48455569152,0.0,2669.1822952714383,70.74065927501886,0.0,0.0,0.0
1,180.5,12715.558621619022,0.0,2669.1822952714383,70.74065927501886,0.0,0.0,0.0
1,180.60000000000002,12722.632687546524,0.0,2669.1822952714383,70.74065927501886,0.0,0.0,0.0
1,180.70000000000002,12729.706753474025,0.0,2669.1822952714383,70.74065927501886,0.0,0.0,0.0
1,180.8,12736.780819401527,0.0,2669.1822952714383,70.74065927501886,0.0,0.0,0.0
1,180.9,12743.854885329029,0.0,2669.1822952714383,70.74065927501886,0.0,0.0,0.0
1,181.0,12750.92895125653,0.0,2669.1822952714383,70.74065927501886,0.0,0.0,0.0
1,181.10000000000002,12758.003017184032,0.0,2669.1822952714383,70.74065927501886,0.0,0.0,0.0
1,181.20000000000002,12765.077083111533,0.0,2669.1822952714383,70.74065927501886,0.0,0.0,0.0
1,181.3,12772.151149039035,0.0,2669.1822952714383,70.74065927501886,0.0,0.0,0.0
1,181.4,12779.225214966536,0.0,2669.1822952714383,70.74065927501886,0.0,0.0,0.0
1,181.5,12786.299280894038,0.0,2669.1822952714383,70.74065927501886,0.0,0.0,0.0
1,181.60000000000002,12793.37334682154,0.0,2669.1822952714383,70.74065927501886,0.0,0.0,0.0
1,181.70000000000002,12800.447412749041,0.0,2669.1822952714383,70.74065927501886,0.0,0.0,0.0
1,181.8,12807.521478676543,0.0,2669.1822952714383,70.74065927501886,0.0,0.0,0.0
1,181.9,12814.595544604044,0.0,2669.1822952714383,70.74065927501886,0.0,0.0,0.0
1,182.0,12821.669610531546,0.0,2669.1822952714383,70.74065927501886,0.0,0.0,0.0
1,182.10000000000002,12828.743676459047,0.0,2669.1822952714383,70.74065927501886,0.0,0.0,0.0
1,182.20000000000002,12835.817742386549,0.0,2669.1822952714383,70.74065927501886,0.0,0.0,0.0
1,182.3,12842.89180831405,0.0,2669.1822952714383,70.74065927501886,0.0,0.0,0.0
1,182.4,12849.965874241552,0.0,2669.1822952714383,70.74065927501886,0.0,0.0,0.0
1,182.5,12857.039940169054,0.0,2669.1822952714383,70.74065927501886,0.0,0.0,0.0
1,182.60000000000002,12864.114006096555,0.0,2669.1822952714383,70.74065927501886,0.0,0.0,0.0
1,182.70000000000002,12871.188072024057,0.0,2669.1822952714383,70.74065927501886,0.0,0.0,0.0
1,182.8,12878.262137951559,0.0,2669.1822952714383,70.74065927501886,0.0,0.0,0.0
1,182.9,12885.33620387906,0.0,2669.1822952714383,70.74065927501886,0.0,0.0,0.0
1,183.0,12892.410269806562,0.0,2669.1822952714383,70.74065927501886,0.0,0.0,0.0
1,183.10000000000002,12899.484335734063,0.0,2669.1822952714383,70.74065927501886,0.0,0.0,0.0
1,183.20000000000002,12906.558401661565,0.0,2669.1822952714383,70.74065927501886,0.0,0.0,0.0
1,183.3,12913.632467589066,0.0,2669.1822952714383,70.74065927501886,0.0,0.0,0.0
1,183.4,12920.706533516568,0.0,2669.1822952714383,70.74065927501886,0.0,0.0,0.0
1,183.5,12927.78059944407,0.0,2669.1822952714383,70.74065927501886,0.0,0.0,0.0
1,183.60000000000002,12934.854665371571,0.0,2669.1822952714383,70.74065927501886,0.0,0.0,0.0
1,183.70000000000002,12941.928731299073,0.0,2669.1822952714383,70.74065927501886,0.0,0.0,0.0
1,183.8,12949.002797226574,0.0,2669.1822952714383,70.74065927501886,0.0,0.0,0.0
1,183.9,12956.076863154076,0.0,2669.1822952714383,70.74065927501886,0.0,0.0,0.0
1,184.0,12963.150929081577,0.0,2669.1822952714383,70.74065927501886,0.0,0.0,0.0
1,184.10000000000002,12970.224995009079,0.0,2669.1822952714383,70.74065927501886,0.0,0.0,0.0
1,184.20000000000002,12977.29906093658,0.0,2669.1822952714383,70.74065927501886,0.0,0.0,0.0
1,184.3,12984.373126864082,0.0,2669.1822952714383,70.74065927501886,0.0,0.0,0.0
1,184.4,12991.447192791584,0.0,2669.1822952714383,70.74065927501886,0.0,0.0,0.0
1,184.5,12998.521258719085,0.0,2669.1822952714383,70.74065927501886,0.0,0.0,0.0
1,184.60000000000002,13005.595324646587,0.0,2669.1822952714383,70.74065927501886,0.0,0.0,0.0
1,184.70000000000002,13012.669390574089,0.0,2669.1822952714383,70.74065927501886,0.0,0.0,0.0
1,184.8,13019.74345650159,0.0,2669.1822952714383,70.74065927501886,0.0,0.0,0.0
1,184.9,13026.817522429092,0.0,2669.1822952714383,70.74065927501886,0.0,0.0,0.0
1,185.0,13033.891588356593,0.0,2669.1822952714383,70.74065927501886,0.0,0.0,0.0
1,185.10000000000002,13040.965654284095,0.0,2669.1822952714383,70.74065927501886,0.0,0.0,0.0
1,185.20000000000002,13048.039720211596,0.0,2669.1822952714383,70.74065927501886,0.0,0.0,0.0
1,185.3,13055.113786139098,0.0,2669.1822952714383,70.74065927501886,0.0,0.0,0.0
1,185.4,13062.1878520666,0.0,2669.1822952714383,70.74065927501886,0.0,0.0,0.0
1,185.5,13069.261917994101,0.0,2669.1822952714383,70.74065927501886,0.0,0.0,0.0
1,185.60000000000002,13076.335983921603,0.0,2669.1822952714383,70.74065927501886,0.0,0.0,0.0
1,185.70000000000002,13083.410049849104,0.0,2669.1822952714383,70.74065927501886,0.0,0.0,0.0
1,185.8,13090.484115776606,0.0,2669.1822952714383,70.74065927501886,0.0,0.0,0.0
1,185.9,13097.558181704107,0.0,2669.1822952714383,70.74065927501886,0.0,0.0,0.0
1,186.0,13104.632247631609,0.0,2669.1822952714383,70.74065927501886,0.0,0.0,0.0
1,186.10000000000002,13111.70631355911,0.0,2669.1822952714383,70.74065927501886,0.0,0.0,0.0
1,186.20000000000002,13118.780379486612,0.0,2669.1822952714383,70.74065927501886,0.0,0.0,0.0
1,186.3,13125.854445414114,0.0,2669.1822952714383,70.74065927501886,0.0,0.0,0.0
1,186.4,13132.928511341615,0.0,2669.1822952714383,70.74065927501886,0.0,0.0,0.0
1,186.5,13140.002577269117,0.0,2669.1822952714383,70.74065927501886,0.0,0.0,0.0
1,186.60000000000002,13147.076643196619,0.0,2669.1822952714383,70.74065927501886,0.0,0.0,0.0
1,186.70000000000002,13154.15070912412,0.0,2669.1822952714383,70.74065927501886,0.0,0.0,0.0
1,186.8,13161.224775051622,0.0,2669.1822952714383,70.74065927501886,0.0,0.0,0.0
1,186.9,13168.298840979123,0.0,2669.1822952714383,70.74065927501886,0.0,0.0,0.0
1,187.0,13175.372906906625,0.0,2669.1822952714383,70.74065927501886,0.0,0.0,0.0
1,187.10000000000002,13182.446972834126,0.0,2669.1822952714383,70.74065927501886,0.0,0.0,0.0
1,187.20000000000002,13189.521038761628,0.0,2669.1822952714383,70.74065927501886,0.0,0.0,0.0
1,187.3,13196.59510468913,0.0,2669.1822952714383,70.74065927501886,0.0,0.0,0.0
1,187.4,13203.669170616631,0.0,2669.1822952714383,70.74065927501886,0.0,0.0,0.0
1,187.5,13210.743236544133,0.0,2669.1822952714383,70.74065927501886,0.0,0.0,0.0
1,187.60000000000002,13217.817302471634,0.0,2669.1822952714383,70.74065927501886,0.0,0.0,0.0
1,187.70000000000002,13224.891368399136,0.0,2669.1822952714383,70.74065927501886,0.0,0.0,0.0
1,187.8,13231.965434326637,0.0,2669.1822952714383,70.74065927501886,0.0,0.0,0.0
1,187.9,13239.039500254139,0.0,2669.1822952714383,70.74065927501886,0.0,0.0,0.0
1,188.0,13246.11356618164,0.0,2669.1822952714383,70.74065927501886,-0.0524,0.0,0.0
1,188.10000000000002,13253.187632109142,0.0,2669.1822952714383,70.74065927501886,-0.1048,0.0,-0.0023873483848434493
1,188.20000000000002,13260.261677877574,-0.01688824382405328,2669.1822952714383,70.74065927501886,-0.1255769571731551,0.0,-0.007175215590738367
1,188.3,13267.335561706246,-0.06764575642344249,2669.1822952714383,70.74065927501886,-0.12718532582481737,0.0,-0.012921512222707923
1,188.4,13274.409037079566,-0.15905084213804516,2669.1822952714383,70.74065927501886,-0.12730584963978714,0.0,-0.018742201096512104
1,188.5,13281.481860589507,-0.29162664635046376,2669.1822952714383,70.74065927501886,-0.1273148565912215,0.0,-0.024568465813493055
1,188.60000000000002,13288.553791637656,-0.46540810933077126,2669.1822952714383,70.74065927501886,-0.12731552955801967,-8.673617379884036e-20,-0.030395147229705818
1,188.70000000000002,13295.624590075859,-0.6803922784175328,2669.1822952714383,70.74065927501886,-0.12731557983889058,8.673617379884036e-20,-0.03622185978021494
1,188.8,13302.694015841682,-0.9365720749739477,2669.1822952714383,70.74065927501886,-0.12731558359563322,-8.673617379884036e-20,-0.04204857465693048
1,188.9,13309.761828924013,-1.2339388180133564,2669.1822952714383,70.74065927501886,-0.12731558387631878,1.7347234759768074e-19,-0.04787528970744887
1,189.0,13316.827789366935,-1.5724824130112,2669.1822952714383,70.74065927501886,-0.07491558387631878,2.407412430484045e-35,-0.053702004770952966
1,189.10000000000002,13323.891657277465,-1.9521913663307469,2669.1822952714383,70.74065927501886,-0.022515583876318773,2.407412430484045e-35,-0.05711843434915958
1,189.20000000000002,13330.954186716957,-2.3560312639917034,2669.1822952714383,70.74065927501886,-0.0020146627176813453,2.7105054312137853e-21,-0.05814348040709145
1,189.3,13338.016298491659,-2.7671103661846805,2669.1822952714383,70.74065927501886,-0.00018057669294182632,-2.117582368133336e-23,-0.058235184708328426
1,189.4,13345.078372538945,-3.178837092673785,2669.1822952714383,70.74065927501886,-1.6185531323672446e-05,-1.6543612248645442e-25,-0.05824340426640933
1,189.5,13352.140443201779,-3.5906218662767833,2669.1822952714383,70.74065927501886,-1.4507489790072017e-06,2.5849394383793307e-27,-0.058244141005526565
1,189.60000000000002,13359.202513561233,-4.002411842783376,2669.1822952714383,70.74065927501886,-1.3003419905430529e-07,2.0194863324776872e-29,-0.05824420704126556
1,189.70000000000002,13366.264583893495,-4.414202285639003,2669.1822952714383,70.74065927501886,-1.165528507584101e-08,1.5779633216317026e-31,-0.05824421296021126
1,189.8,13373.32665422332,-4.82599277029464,2669.1822952714383,70.74065927501886,-1.0446918671171832e-09,-1.208444045439937e-33,-0.05824421349074092
1,189.9,13380.388724552926,-5.237783258696915,2669.1822952714383,70.74065927501886,-9.363830143314084e-11,4.891819524021705e-36,-0.0582442135382936
1,190.0,13387.450794882512,-5.649573747435011,2669.1822952714383,70.74065927501886,-8.393031257608349e-12,1.7630246009889416e-39,-0.058244213542555864
1,190.10000000000002,13394.512865212097,-6.061364236203207,2669.1822952714383,70.74065927501886,-7.52288033988827e-13,5.8753025016665406e-40,-0.0582442135429379
1,190.20000000000002,13401.574935541681,-6.473154724974101,2669.1822952714383,70.74065927501886,-6.742942671275624e-14,-2.1692524448972742e-43,-0.05824421354297214
1,190.3,13408.637005871266,-6.884945213745238,2669.1822952714383,70.74065927501886,-6.043865356601565e-15,7.006068100399513e-44,-0.05824421354297521
1,190.4,13415.69907620085,-7.296735702516395,2669.1822952714383,70.74065927501886,-5.417265165895019e-16,2.7601748061923547e-46,-0.05824421354297549
1,190.5,13422.761146530434,-7.708526191287555,2669.1822952714383,70.74065927501886,-4.8556280039502923e-17,1.368454552870791e-49,-0.058244213542975515
1,190.60000000000002,13429.823216860019,-8.120316680058714,2669.1822952714383,70.74065927501886,-4.352218802427955e-18,-1.7105792014231367e-50,-0.058244213542975515
1,190.70000000000002,13436.885287189603,-8.532107168829874,2669.1822952714383,70.74065927501886,-3.901000753928711e-19,1.3354036586329585e-52,-0.058244213542975515
1,190.8,13443.947357519188,-8.943897657601035,2669.1822952714383,70.74065927501886,-3.4965629195073685e-20,-9.786964131394055e-56,-0.058244213542975515
1,190.9,13451.009427848772,-9.355688146372195,2669.1822952714383,70.74065927501886,-3.134055341507205e-21,9.925706037335887e-60,-0.058244213542975515
1,191.0,13458.071498178357,-9.767478635143355,2669.1822952714383,70.74065927501886,-2.8091308835974513e-22,7.364938248263398e-59,-0.058244213542975515
1,191.10000000000002,13465.133568507941,-10.179269123914516,2669.1822952714383,70.74065927501886,-2.517893100568549e-23,-3.111840724193994e-62,-0.058244213542975515
1,191.20000000000002,13472.195638837526,-10.591059612685676,2669.1822952714383,70.74065927501886,-2.2568495127474442e-24,3.8860536960289837e-63,-0.058244213542975515
1,191.3,13479.25770916711,-11.002850101456836,2669.1822952714383,70.74065927501886,-2.0228697247068526e-25,2.7054964152201117e-65,-0.058244213542975515
1,191.4,13486.319779496695,-11.414640590227997,2669.1822952714383,70.74065927501886,-1.8131478860343025e-26,-7.403923214309803e-69,-0.058244213542975515
1,191.5,13493.381849826279,-11.826431078999157,2669.1822952714383,70.74065927501886,-1.6251690439961837e-27,1.8690921624087506e-69,-0.058244213542975515
1,191.60000000000002,13500.443920155863,-12.238221567770317,2669.1822952714383,70.74065927501886,-1.4566789846029688e-28,-1.448908598720558e-71,-0.058244213542975515
1,191.70000000000002,13507.505990485448,-12.650012056541478,2669.1822952714383,70.74065927501886,-1.3056572004142378e-29,2.2639251588782667e-73,-0.058244213542975515
1,191.8,13514.568060815032,-13.061802545312638,2669.1822952714383,70.74065927501886,-1.1702926609174537e-30,8.848825772005291e-76,-0.058244213542975515
1,191.9,13521.630131144617,-13.473593034083798,2669.1822952714383,70.74065927501886,-1.0489620949225696e-31,5.3891715885789526e-79,-0.058244213542975515
1,192.0,13528.692201474201,-13.885383522854958,2669.1822952714383,70.74065927501886,-9.402105245381497e-33,-8.433758355075328e-82,-0.058244213542975515
1,192.10000000000002,13535.754271803786,-14.297174011626119,2669.1822952714383,70.74065927501886,-8.427338172954239e-34,-4.909088783621372e-92,-0.058244213542975515
1,192.20000000000002,13542.81634213337,-14.708964500397279,2669.1822952714383,70.74065927501886,-7.55363047187949e-35,-4.909088783621372e-92,-0.058244213542975515
1,192.3,13549.878412462955,-15.12075498916844,2669.1822952714383,70.74065927501886,-6.770504770868199e-36,-4.909088783621372e-92,-0.058244213542975515
1,192.4,13556.94048279254,-15.5325454779396,2669.1822952714383,70.74065927501886,-6.068569944346684e-37,4.0210384578935357e-88,-0.058244213542975515
1,192.5,13564.002553122124,-15.94433596671076,2669.1822952714383,70.74065927501886,-5.439408495491741e-38,3.09272892995432e-90,-0.058244213542975515
1,192.60000000000002,13571.064623451708,-16.35612645548192,2669.1822952714383,70.74065927501886,-4.875475614875348e-39,4.681675203612367e-98,-0.058244213542975515
1,192.70000000000002,13578.126693781292,-16.76791694425308,2669.1822952714383,70.74065927501886,-4.3700087042451935e-40,4.681675203612367e-98,-0.058244213542975515
1,192.8,13585.188764110877,-17.17970743302424,2669.1822952714383,70.74065927501886,-3.9169462804639695e-41,1.5449531855376272e-96,-0.058244213542975515
1,192.9,13592.250834440461,-17.5914979217954,2669.1822952714383,70.74065927501886,-3.51085528711562e-42,-1.1510798354666073e-104,-0.058244213542975515
1,193.0,13599.312904770046,-18.00328841056656,2669.1822952714383,70.74065927501886,-3.1468659421103054e-43,-1.1510798354666073e-104,-0.058244213542975515
1,193.10000000000002,13606.37497509963,-18.415078899337722,2669.1822952714383,70.74065927501886,-2.8206133399902946e-44,7.028563211967558e-103,-0.058244213542975515
1,193.20000000000002,13613.437045429215,-18.826869388108882,2669.1822952714383,70.74065927501886,-2.5281851086404926e-45,5.232181009820416e-105,-0.058244213542975515
1,193.3,13620.4991157588,-19.238659876880043,2669.1822952714383,70.74065927501886,-2.2660744927106964e-46,4.36014671800839e-107,-0.058244213542975515
1,193.4,13627.561186088384,-19.650450365651203,2669.1822952714383,70.74065927501886,-2.031138301133095e-47,-4.1581599564562435e-113,-0.058244213542975515
1,193.5,13634.623256417968,-20.062240854422363,2669.1822952714383,70.74065927501886,-1.8205592144479156e-48,2.619643300440532e-111,-0.058244213542975515
1,193.60000000000002,13641.685326747553,-20.474031343193523,2669.1822952714383,70.74065927501886,-1.631811999932357e-49,2.0790859029307108e-113,-0.058244213542975515
1,193.70000000000002,13648.747397077137,-20.885821831964684,2669.1822952714383,70.74065927501886,-1.4626332293897608e-50,3.94980173080898e-119,-0.058244213542975515
1,193.8,13655.809467406722,-21.297612320735844,2669.1822952714383,70.74065927501886,-1.3109941364592234e-51,1.3084689359659145e-117,-0.058244213542975515
1,193.9,13662.871537736306,-21.709402809507004,2669.1822952714383,70.74065927501886,-1.1750762879546651e-52,-1.5732389996725322e-121,-0.058244213542975515
1,194.0,13669.93360806589,-22.121193298278165,2669.1822952714383,70.74065927501886,-1.0532497774876714e-53,7.503161492370591e-122,-0.058244213542975515
1,194.10000000000002,13676.995678395475,-22.532983787049325,2669.1822952714383,70.74065927501886,-9.440536798753168e-55,1.4657350036857607e-127,-0.058244213542975515
1,194.20000000000002,13684.05774872506,-22.944774275820485,2669.1822952714383,70.74065927501886,-8.461785319452005e-56,4.873858552674873e-126,-0.058244213542975515
1,194.3,13691.119819054644,-23.356564764591646,2669.1822952714383,70.74065927501886,-7.584506296501064e-57,-1.1541575159958297e-129,-0.058244213542975515
1,194.4,13698.181889384228,-23.768355253362806,2669.1822952714383,70.74065927501886,-6.79817953185671e-58,5.77025974838996e-130,-0.058244213542975515
1,194.5,13705.243959713813,-24.180145742133966,2669.1822952714383,70.74065927501886,-6.093375513271829e-59,-3.51887726125093e-134,-0.058244213542975515
1,194.60000000000002,13712.306030043397,-24.591936230905127,2669.1822952714383,70.74065927501886,-5.461642337003718e-60,3.525326396117338e-134,-0.058244213542975515
1,194.70000000000002,13719.368100372982,-25.003726719676287,2669.1822952714383,70.74065927501886,-4.895404353856167e-61,3.224567433203956e-137,-0.058244213542975515
1,194.8,13726.430170702566,-25.415517208447447,2669.1822952714383,70.74065927501886,-4.387871323134131e-62,-1.3098428246409992e-142,-0.058244213542975515
1,194.9,13733.49224103215,-25.827307697218608,2669.1822952714383,70.74065927501886,-3.932956985099048e-63,1.6663705986453623e-140,-0.058244213542975515
1,195.0,13740.554311361735,-26.239098185989768,2669.1822952714383,70.74065927501886,-3.525206075457767e-64,1.3143275298773855e-142,-0.058244213542975515
1,195.10000000000002,13747.61638169132,-26.650888674760928,2669.1822952714383,70.74065927501886,-3.1597289066540364e-65,2.2423526181884037e-145,-0.058244213542975515
1,195.20000000000002,13754.678452020904,-27.06267916353209,2669.1822952714383,70.74065927501886,-2.832142731470997e-66,1.9551583330422812e-150,-0.058244213542975515
1,195.3,13761.740522350488,-27.47446965230325,2669.1822952714383,70.74065927501886,-2.5385191857860326e-67,1.9551583330422812e-150,-0.058244213542975515
1,195.4,13768.802592680073,-27.88626014107441,2669.1822952714383,70.74065927501886,-2.2753371802192926e-68,4.887888785624708e-151,-0.058244213542975515
1,195.5,13775.864663009657,-28.29805062984557,2669.1822952714383,70.74065927501886,-2.03944067575964e-69,3.817730856908494e-153,-0.058244213542975515
1,195.60000000000002,13782.926733339242,-28.70984111861673,2669.1822952714383,70.74065927501886,-1.8280008370197123e-70,2.889376545878841e-155,-0.058244213542975515
1,195.70000000000002,13789.988803668826,-29.12163160738789,2669.1822952714383,70.74065927501886,-1.6384821092675893e-71,2.2576827323761287e-157,-0.058244213542975515
1,195.8,13797.05087399841,-29.53342209615905,2669.1822952714383,70.74065927501886,-1.4686118124359556e-72,-2.133874208089989e-161,-0.058244213542975515
1,195.9,13804.112944327995,-29.94521258493021,2669.1822952714383,70.74065927501886,-1.316352887484705e-73,2.1338225909213603e-161,-0.058244213542975515
1,196.0,13811.17501465758,-30.35700307370137,2669.1822952714383,70.74065927501886,-1.1798794682954282e-74,1.108798516311119e-163,-0.058244213542975515
1,196.10000000000002,13818.237084987164,-30.76879356247253,2669.1822952714383,70.74065927501886,-1.0575549861596507e-75,6.101792933756291e-166,-0.058244213542975515
1,196.20000000000002,13825.299155316749,-31.18058405124369,2669.1822952714383,70.74065927501886,-9.479125442931261e-77,6.463690640729519e-168,-0.058244213542975515
1,196.3,13832.361225646333,-31.592374540014852,2669.1822952714383,70.74065927501886,-8.49637327030314e-78,-1.6625486716182505e-171,-0.058244213542975515
1,196.4,13839.423295975917,-32.00416502878601,2669.1822952714383,70.74065927501886,-7.6155083275276e-79,-6.464350562631344e-174,-0.058244213542975515
1,196.5,13846.485366305502,-32.41595551755717,2669.1822952714383,70.74065927501886,-6.825967414749994e-80,-3.229810873069588e-174,-0.058244213542975515
1,196.60000000000002,13853.547436635086,-32.82774600632833,2669.1822952714383,70.74065927501886,-6.118282476142417e-81,2.9998657816869283e-176,-0.058244213542975515
1,196.70000000000002,13860.60950696467,-33.23953649509949,2669.1822952714383,70.74065927501886,-5.483967060402742e-82,-2.0669939156264368e-178,-0.058244213542975515
1,196.8,13867.671577294255,-33.65132698387065,2669.1822952714383,70.74065927501886,-4.9154145525075344e-83,-2.4663931420332877e-182,-0.058244213542975515
1,196.9,13874.73364762384,-34.063117472641814,2669.1822952714383,70.74065927501886,-4.405806956329248e-84,-5.64732769304035e-184,-0.058244213542975515
1,197.0,13881.795717953424,-34.474907961412974,2669.1822952714383,70.74065927501886,-3.9490331342524955e-85,-1.8818279038170928e-184,-0.058244213542975515
1,197.10000000000002,13888.857788283009,-34.886698450184134,2669.1822952714383,70.74065927501886,-3.5396155233313236e-86,9.21990794535487e-188,-0.058244213542975515
1,197.20000000000002,13895.919858612593,-35.298488938955295,2669.1822952714383,70.74065927501886,-3.1726444491784763e-87,2.6793225571528295e-190,-0.058244213542975515
1,197.3,13902.981928942178,-35.710279427726455,2669.1822952714383,70.74065927501886,-2.843719249888939e-88,-1.3972770908696549e-192,-0.058244213542975515
1,197.4,13910.043999271762,-36.122069916497615,2669.1822952714383,70.74065927501886,-2.5488955039644907e-89,5.4808924957231214e-195,-0.058244213542975515
1,197.5,13917.106069601346,-36.533860405268776,2669.1822952714383,70.74065927501886,-2.2846377294045906e-90,1.3691232021134826e-198,-0.058244213542975515
1,197.60000000000002,13924.168139930931,-36.945650894039936,2669.1822952714383,70.74065927501886,-2.0477769867382084e-91,1.3691232021134826e-198,-0.058244213542975515
1,197.70000000000002,13931.230210260515,-37.357441382811096,2669.1822952714383,70.74065927501886,-1.8354728775784766e-92,3.1348941244095944e-200,-0.058244213542975515
1,197.8,13938.2922805901,-37.76923187158226,2669.1822952714383,70.74065927501886,-1.6451794829926543e-93,2.6076973582302137e-201,-0.058244213542975515
1,197.9,13945.354350919684,-38.18102236035342,2669.1822952714383,70.74065927501886,-1.4746148332253164e-94,1.526982022954058e-203,-0.058244213542975515
1,198.0,13952.416421249269,-38.59281284912458,2669.1822952714383,70.74065927501886,-1.3217335426604258e-95,-3.9791215345287314e-206,-0.058244213542975515
1,198.10000000000002,13959.478491578853,-39.00460333789574,2669.1822952714383,70.74065927501886,-1.1847022818647756e-96,-1.168334909784239e-207,-0.058244213542975515
1,198.20000000000002,13966.540561908438,-39.4163938266669,2669.1822952714383,70.74065927501886,-1.061877792577285e-97,9.429337366938572e-210,-0.058244213542975515
1,198.3,13973.602632238022,-39.82818431543806,2669.1822952714383,70.74065927501886,-9.517871820031754e-99,7.596686076638472e-212,-0.058244213542975515
1,198.4,13980.664702567607,-40.23997480420922,2669.1822952714383,70.74065927501886,-8.531102601052025e-100,5.1728922904556266e-214,-0.058244213542975515
1,198.5,13987.726772897191,-40.65176529298038,2669.1822952714383,70.74065927501886,-7.646637080833669e-101,2.1008407185051177e-216,-0.058244213542975515
1,198.60000000000002,13994.788843226775,-41.06355578175154,2669.1822952714383,70.74065927501886,-6.85386888193912e-102,-2.2650333930619884e-219,-0.058244213542975515
1,198.70000000000002,14001.85091355636,-41.4753462705227,2669.1822952714383,70.74065927501886,-6.143291247410941e-103,2.845290755645762e-220,-0.058244213542975515
1,198.8,14008.912983885944,-41.88713675929386,2669.1822952714383,70.74065927501886,-5.506383037172775e-104,1.2443568282912377e-222,-0.058244213542975515
1,198.9,14015.975054215529,-42.29892724806502,2669.1822952714383,70.74065927501886,-4.9355065437996896e-105,-5.4672084282699725e-226,-0.058244213542975515
1,199.0,14023.037124545113,-42.71071773683618,2669.1822952714383,70.74065927501886,-4.423815902279962e-106,-6.398121848670526e-228,-0.058244213542975515
1,199.10000000000002,14030.099194874698,-43.12250822560734,2669.1822952714383,70.74065927501886,-3.965174995431912e-107,9.891028522050353e-229,-0.058244213542975515
1,199.20000000000002,14037.161265204282,-43.5342987143785,2669.1822952714383,70.74065927501886,-3.5540838705099085e-108,-2.5759880508438934e-232,-0.058244213542975515
1,199.3,14044.223335533867,-43.94608920314966,2669.1822952714383,70.74065927501886,-3.185612784598628e-109,-6.436434199647531e-233,-0.058244213542975515
1,199.4,14051.285405863451,-44.35787969192082,2669.1822952714383,70.74065927501886,-2.8553430878777306e-110,4.714569949602551e-236,-0.058244213542975515
1,199.5,14058.347476193036,-44.76967018069198,2669.1822952714383,70.74065927501886,-2.5593142358381102e-111,-3.0683093797250077e-239,-0.058244213542975515
1,199.60000000000002,14065.40954652262,-45.18146066946314,2669.1822952714383,70.74065927501886,-2.293976295028014e-112,-3.0683093797250077e-239,-0.058244213542975515
1,199.70000000000002,14072.471616852205,-45.5932511582343,2669.1822952714383,70.74065927501886,-2.0561473727852635e-113,5.105999317790471e-241,-0.058244213542975515
1,199.8,14079.533687181789,-46.00504164700546,2669.1822952714383,70.74065927501886,-1.8429754604591993e-114,-3.046226980206537e-243,-0.058244213542975515
1,199.9,14086.595757511373,-46.41683213577662,2669.1822952714383,70.74065927501886,-1.651904232552071e-115,2.9323126415362285e-245,-0.058244213542975515
1,200.0,14093.657827840958,-46.82862262454778,2669.1822952714383,70.74065927501886,-1.4806423916483054e-116,3.217301896324143e-248,-0.058244213542975515
1,200.10000000000002,14100.719898170542,-47.240413113318944,2669.1822952714383,70.74065927501886,-1.3271361915206594e-117,-6.9835474508767e-252,-0.058244213542975515
1,200.20000000000002,14107.781968500127,-47.652203602090104,2669.1822952714383,70.74065927501886,-1.1895448089144795e-118,6.983467527722392e-252,-0.058244213542975515
1,200.3,14114.844038829711,-48.063994090861264,2669.1822952714383,70.74065927501886,-1.0662182686722092e-119,1.0907734294315107e-253,-0.058244213542975515
1,200.4,14121.906109159296,-48.475784579632425,2669.1822952714383,70.74065927501886,-9.556776574795623e-121,8.125173644105463e-256,-0.058244213542975515
1,200.5,14128.96817948888,-48.887575068403585,2669.1822952714383,70.74065927501886,-8.565973889595832e-122,-1.62676848573472e-261,-0.058244213542975515
1,200.60000000000002,14136.030249818465,-49.299365557174745,2669.1822952714383,70.74065927501886,-7.677893074402738e-123,-1.62676848573472e-261,-0.058244213542975515
1,200.70000000000002,14143.09232014805,-49.711156045945906,2669.1822952714383,70.74065927501886,-6.881884397705418e-124,-7.939420394875183e-265,-0.058244213542975515
1,200.8,14150.154390477634,-50.122946534717066,2669.1822952714383,70.74065927501886,-6.168402243224168e-125,-7.939420394875183e-265,-0.058244213542975515
1,200.9,14157.216460807218,-50.534737023488226,2669.1822952714383,70.74065927501886,-5.528890640316415e-126,-9.156823830627045e-270,-0.058244213542975515
1,201.0,14164.278531136802,-50.94652751225939,2669.1822952714383,70.74065927501886,-4.955680662064042e-127,1.8467444635093733e-268,-0.058244213542975515
1,201.10000000000002,14171.340601466387,-51.35831800103055,2669.1822952714383,70.74065927501886,-4.441898460655752e-128,-7.098304086622094e-272,-0.058244213542975515
1,201.20000000000002,14178.402671795971,-51.77010848980171,2669.1822952714383,70.74065927501886,-3.981382837238381e-129,9.030378555216763e-278,-0.058244213542975515
1,201.3,14185.464742125556,-52.18189897857287,2669.1822952714383,70.74065927501886,-3.568611357747294e-130,9.251625582983145e-275,-0.058244213542975515
1,201.4,14192.52681245514,-52.59368946734403,2669.1822952714383,70.74065927501886,-3.198634128708006e-131,9.030378555216763e-278,-0.058244213542975515
1,201.5,14199.588882784725,-53.00547995611519,2669.1822952714383,70.74065927501886,-2.867014438858412e-132,-5.597165665651452e-279,-0.058244213542975515
1,201.60000000000002,14206.65095311431,-53.41727044488635,2669.1822952714383,70.74065927501886,-2.569775554774927e-133,-4.407749770788382e-281,-0.058244213542975515
1,201.70000000000002,14213.713023443894,-53.82906093365751,2669.1822952714383,70.74065927501886,-2.303353032483591e-134,3.389441116052799e-283,-0.058244213542975515
1,201.8,14220.775093773478,-54.24085142242867,2669.1822952714383,70.74065927501886,-2.0645519731843028e-135,2.7004568429169118e-285,-0.058244213542975515
1,201.9,14227.837164103063,-54.65264191119983,2669.1822952714383,70.74065927501886,-1.8505087105050893e-136,1.0507604818007754e-287,-0.058244213542975515
1,202.0,14234.899234432647,-55.06443239997099,2669.1822952714383,70.74065927501886,-1.6586564698458746e-137,-9.393316090157484e-294,-0.058244213542975515
1,202.10000000000002,14241.961304762232,-55.47622288874215,2669.1822952714383,70.74065927501886,-1.4866945880036738e-138,-9.393316090157484e-294,-0.058244213542975515
1,202.20000000000002,14249.023375091816,-55.88801337751331,2669.1822952714383,70.74065927501886,-1.3325609239656503e-139,3.0690051110021974e-293,-0.058244213542975515
1,202.3,14256.0854454214,-56.29980386628447,2669.1822952714383,70.74065927501886,-1.1944071300243382e-140,1.223097384575817e-297,-0.058244213542975515
1,202.4,14263.147515750985,-56.71159435505563,2669.1822952714383,70.74065927501886,-1.070576486670078e-141,-1.4990546872214744e-301,-0.058244213542975515
1,202.5,14270.20958608057,-57.12338484382679,2669.1822952714383,70.74065927501886,-9.595840354599103e-143,-9.706524922195109e-300,-0.058244213542975515
1,202.60000000000002,14277.271656410154,-57.53517533259795,2669.1822952714383,70.74065927501886,-8.600987716193827e-144,7.407779971862563e-302,-0.058244213542975515
1,202.70000000000002,14284.333726739738,-57.94696582136911,2669.1822952714383,70.74065927501886,-7.709276828335439e-145,-6.737958315e-314,-0.058244213542975515
1,202.8,14291.395797069323,-58.35875631014027,2669.1822952714383,70.74065927501886,-6.910014428227848e-146,-6.737958315e-314,-0.058244213542975515
1,202.9,14298.457867398907,-58.77054679891143,2669.1822952714383,70.74065927501886,-6.193615881429777e-147,3.5601114356532076e-308,-0.058244213542975515
1,203.0,14305.519937728492,-59.18233728768259,2669.1822952714383,70.74065927501886,-5.5514902443607926e-148,2.7806685273025e-310,-0.058244213542975515
1,203.10000000000002,14312.582008058076,-59.59412777645375,2669.1822952714383,70.74065927501886,-4.975937242998443e-149,2.1055441068e-312,-0.058244213542975515
1,203.20000000000002,14319.64407838766,-60.00591826522491,2669.1822952714383,70.74065927501886,-4.460054932350835e-150,5.2428216e-316,-0.058244213542975515
1,203.3,14326.706148717245,-60.417708753996074,2669.1822952714383,70.74065927501886,-3.9976569293708155e-151,1.2640795e-316,-0.058244213542975515
1,203.4,14333.76821904683,-60.829499242767234,2669.1822952714383,70.74065927501886,-3.583198226781244e-152,0.0,-0.058244213542975515
1,203.5,14340.830289376414,-61.241289731538394,2669.1822952714383,70.74065927501886,-3.2117086981821185e-153,8.093e-321,-0.058244213542975515
1,203.60000000000002,14347.892359705998,-61.653080220309555,2669.1822952714383,70.74065927501886,-2.8787334970425666e-154,0.0,-0.058244213542975515
1,203.70000000000002,14354.954430035583,-62.064870709080715,2669.1822952714383,70.74065927501886,-2.580279634851554e-155,0.0,-0.058244213542975515
1,203.8,14362.016500365167,-62.476661197851875,2669.1822952714383,70.74065927501886,-2.3127680978004792e-156,0.0,-0.058244213542975515
1,203.9,14369.078570694752,-62.888451686623036,2669.1822952714383,70.74065927501886,-2.0729909277880994e-157,0.0,-0.058244213542975515
1,204.0,14376.140641024336,-63.300242175394196,2669.1822952714383,70.74065927501886,-1.8580727530696356e-158,0.0,-0.058244213542975515
1,204.10000000000002,14383.20271135392,-63.712032664165356,2669.1822952714383,70.74065927501886,-1.6654363072314816e-159,0.0,-0.058244213542975515
1,204.20000000000002,14390.264781683505,-64.12382315293651,2669.1822952714383,70.74065927501886,-1.4927715230001483e-160,0.0,-0.058244213542975515
1,204.3,14397.32685201309,-64.53561364170767,2669.1822952714383,70.74065927501886,-1.338007830263097e-161,0.0,-0.058244213542975515
1,204.4,14404.388922342674,-64.94740413047883,2669.1822952714383,70.74065927501886,-1.199289326103511e-162,0.0,-0.058244213542975515
1,204.5,14411.450992672259,-65.35919461924999,2669.1822952714383,70.74065927501886,-1.074952519091758e-163,0.0,-0.058244213542975515
1,204.60000000000002,14418.513063001843,-65.77098510802115,2669.1822952714383,70.74065927501886,-9.635063809464631e-165,0.0,-0.058244213542975515
1,204.70000000000002,14425.575133331427,-66.18277559679231,2669.1822952714383,70.74065927501886,-8.636144663477059e-166,0.0,-0.058244213542975515
1,204.8,14432.637203661012,-66.59456608556347,2669.1822952714383,70.74065927501886,-7.740788864858337e-167,0.0,-0.058244213542975515
1,204.9,14439.699273990596,-67.00635657433463,2669.1822952714383,70.74065927501886,-6.938259441590919e-168,0.0,-0.058244213542975515
1,205.0,14446.76134432018,-67.41814706310579,2669.1822952714383,70.74065927501886,-6.218932581583404e-169,0.0,-0.058244213542975515
1,205.10000000000002,14453.823414649765,-67.82993755187695,2669.1822952714383,70.74065927501886,-5.574182225363946e-170,0.0,-0.058244213542975515
1,205.20000000000002,14460.88548497935,-68.24172804064811,2669.1822952714383,70.74065927501886,-4.9962766236729715e-171,0.0,-0.058244213542975515
1,205.3,14467.947555308934,-68.65351852941927,2669.1822952714383,70.74065927501886,-4.4782856194894435e-172,0.0,-0.058244213542975515
1,205.4,14475.009625638519,-69.06530901819043,2669.1822952714383,70.74065927501886,-4.0139975426305814e-173,0.0,-0.058244213542975515
1,205.5,14482.071695968103,-69.4770995069616,2669.1822952714383,70.74065927501886,-3.5978447203376954e-174,0.0,-0.058244213542975515
1,205.60000000000002,14489.133766297688,-69.88888999573275,2669.1822952714383,70.74065927501886,-3.2248367105822016e-175,0.0,-0.058244213542975515
1,205.70000000000002,14496.195836627272,-70.30068048450391,2669.1822952714383,70.74065927501886,-2.890500457435672e-176,0.0,-0.058244213542975515
1,205.8,14503.257906956856,-70.71247097327507,2669.1822952714383,70.74065927501886,-2.590826650856206e-177,0.0,-0.058244213542975515
1,205.9,14510.319977286441,-71.12426146204623,2669.1822952714383,70.74065927501886,-2.3222216476456563e-178,0.0,-0.058244213542975515
1,206.0,14517.382047616025,-71.5360519508174,2669.1822952714383,70.74065927501886,-2.081464377021112e-179,0.0,-0.058244213542975515
1,206.10000000000002,14524.44411794561,-71.94784243958856,2669.1822952714383,70.74065927501886,-1.8656677140187272e-180,0.0,-0.058244213542975515
1,206.20000000000002,14531.506188275194,-72.35963292835972,2669.1822952714383,70.74065927501886,-1.6722438575255835e-181,0.0,-0.058244213542975515
1,206.3,14538.568258604779,-72.77142341713088,2669.1822952714383,70.74065927501886,-1.498873297758088e-182,0.0,-0.058244213542975515
1,206.4,14545.630328934363,-73.18321390590204,2669.1822952714383,70.74065927501886,-1.3434770010496725e-183,0.0,-0.058244213542975515
1,206.5,14552.692399263948,-73.5950043946732,2669.1822952714383,70.74065927501886,-1.2041914783918792e-184,0.0,-0.058244213542975515
1,206.60000000000002,14559.754469593532,-74.00679488344436,2669.1822952714383,70.74065927501886,-1.0793464387545578e-185,0.0,-0.058244213542975515
1,206.70000000000002,14566.816539923117,-74.41858537221552,2669.1822952714383,70.74065927501886,-9.674447592071626e-187,0.0,-0.058244213542975515
1,206.8,14573.878610252701,-74.83037586098668,2669.1822952714383,70.74065927501886,-8.671445316458199e-188,0.0,-0.058244213542975515
1,206.9,14580.940680582285,-75.24216634975784,2669.1822952714383,70.74065927501886,-7.77242970833266e-189,0.0,-0.058244213542975515
1,207.0,14588.00275091187,-75.653956838529,2669.1822952714383,70.74065927501886,-6.966619907792536e-190,0.0,-0.058244213542975515
1,207.10000000000002,14595.064821241454,-76.06574732730016,2669.1822952714383,70.74065927501886,-6.244352764955755e-191,0.0,-0.058244213542975515
1,207.20000000000002,14602.126891571039,-76.47753781607132,2669.1822952714383,70.74065927501886,-5.5969669609211744e-192,0.0,-0.058244213542975515
1,207.3,14609.188961900623,-76.88932830484248,2669.1822952714383,70.74065927501886,-5.01669914253559e-193,0.0,-0.058244213542975515
1,207.4,14616.251032230208,-77.30111879361364,2669.1822952714383,70.74065927501886,-4.496590825430772e-194,0.0,-0.058244213542975515
1,207.5,14623.313102559792,-77.7129092823848,2669.1822952714383,70.74065927501886,-4.030404948925984e-195,0.0,-0.058244213542975515
1,207.60000000000002,14630.375172889377,-78.12469977115596,2669.1822952714383,70.74065927501886,-3.6125510821347375e-196,0.0,-0.058244213542975515
1,207.70000000000002,14637.437243218961,-78.53649025992712,2669.1822952714383,70.74065927501886,-3.23801838435876e-197,0.0,-0.058244213542975515
1,207.8,14644.499313548546,-78.94828074869828,2669.1822952714383,70.74065927501886,-2.9023155158402978e-198,0.0,-0.058244213542975515
1,207.9,14651.56138387813,-79.36007123746944,2669.1822952714383,70.74065927501886,-2.601416778291541e-199,0.0,-0.058244213542975515
1,208.0,14658.623454207715,-79.7718617262406,2669.1822952714383,70.74065927501886,-2.3317138393264623e-200,0.0,-0.058244213542975515
1,208.10000000000002,14665.685524537299,-80.18365221501176,2669.1822952714383,70.74065927501886,-2.08997246188178e-201,0.0,-0.058244213542975515
1,208.20000000000002,14672.747594866883,-80.59544270378292,2669.1822952714383,70.74065927501886,-1.873293719732746e-202,0.0,-0.058244213542975515
1,208.3,14679.809665196468,-81.00723319255408,2669.1822952714383,70.74065927501886,-1.6790792340060235e-203,0.0,-0.058244213542975515
1,208.4,14686.871735526052,-81.41902368132524,2669.1822952714383,70.74065927501886,-1.5050000138112223e-204,0.0,-0.058244213542975515
1,208.5,14693.933805855637,-81.8308141700964,2669.1822952714383,70.74065927501886,-1.348968527332554e-205,0.0,-0.058244213542975515
1,208.60000000000002,14700.995876185221,-82.24260465886756,2669.1822952714383,70.74065927501886,-1.209113668461409e-206,0.0,-0.058244213542975515
1,208.70000000000002,14708.057946514806,-82.65439514763872,2669.1822952714383,70.74065927501886,-1.083758318773437e-207,0.0,-0.058244213542975515
1,208.8,14715.12001684439,-83.06618563640988,2669.1822952714383,70.74065927501886,-9.713992357767445e-209,0.0,-0.058244213542975515
1,208.9,14722.182087173975,-83.47797612518104,2669.1822952714383,70.74065927501886,-8.706890262541175e-210,0.0,-0.058244213542975515
1,209.0,14729.24415750356,-83.8897666139522,2669.1822952714383,70.74065927501886,-7.804199885262985e-211,0.0,-0.058244213542975515
1,209.10000000000002,14736.306227833144,-84.30155710272336,2669.1822952714383,70.74065927501886,-6.995096298751669e-212,0.0,-0.058244213542975515
1,209.20000000000002,14743.368298162728,-84.71334759149453,2669.1822952714383,70.74065927501886,-6.269876854539386e-213,0.0,-0.058244213542975515
1,209.3,14750.430368492312,-85.12513808026569,2669.1822952714383,70.74065927501886,-5.61984483017113e-214,0.0,-0.058244213542975515
1,209.4,14757.492438821897,-85.53692856903685,2669.1822952714383,70.74065927501886,-5.03720513941759e-215,0.0,-0.058244213542975515
1,209.5,14764.554509151481,-85.948719057808,2669.1822952714383,70.74065927501886,-4.514970854773995e-216,0.0,-0.058244213542975515
1,209.60000000000002,14771.616579481066,-86.36050954657917,2669.1822952714383,70.74065927501886,-4.046879421276765e-217,0.0,-0.058244213542975515
1,209.70000000000002,14778.67864981065,-86.77230003535033,2669.1822952714383,70.74065927501886,-3.627317556886679e-218,0.0,-0.058244213542975515
1,209.8,14785.740720140235,-87.18409052412149,2669.1822952714383,70.74065927501886,-3.25125393885525e-219,0.0,-0.058244213542975515
1,209.9,14792.80279046982,-87.59588101289265,2669.1822952714383,70.74065927501886,-2.914178868859378e-220,0.0,-0.058244213542975515
1,210.0,14799.864860799404,-88.00767150166381,2669.1822952714383,70.74065927501886,-2.6120501933775927e-221,0.0,-0.058244213542975515
1,210.10000000000002,14806.926931128988,-88.41946199043497,2669.1822952714383,70.74065927501886,-2.3412448307932415e-222,0.0,-0.058244213542975515
1,210.20000000000002,14813.989001458573,-88.83125247920613,2669.1822952714383,70.74065927501886,-2.0985153239448832e-223,0.0,-0.058244213542975515
1,210.3,14821.051071788157,-89.24304296797729,2669.1822952714383,70.74065927501886,-1.880950897108635e-224,0.0,-0.058244213542975515
1,210.4,14828.113142117742,-89.65483345674845,2669.1822952714383,70.74065927501886,-1.6859425504136582e-225,0.0,-0.058244213542975515
1,210.5,14835.175212447326,-90.06662394551961,2669.1822952714383,70.74065927501886,-1.511151773108272e-226,0.0,-0.058244213542975515
1,210.60000000000002,14842.23728277691,-90.47841443429077,2669.1822952714383,70.74065927501886,-1.3544825004908883e-227,0.0,-0.058244213542975515
1,210.70000000000002,14849.299353106495,-90.89020492306193,2669.1822952714383,70.74065927501886,-1.2140559782174859e-228,0.0,-0.058244213542975515
1,210.8,14856.36142343608,-91.30199541183309,2669.1822952714383,70.74065927501886,-1.0881882325622039e-229,0.0,-0.058244213542975515
1,210.9,14863.423493765664,-91.71378590060425,2669.1822952714383,70.74065927501886,-9.753698764578066e-231,0.0,-0.058244213542975515
1,211.0,14870.485564095248,-92.12557638937541,2669.1822952714383,70.74065927501886,-8.742480091530838e-232,0.0,-0.058244213542975515
1,211.10000000000002,14877.547634424833,-92.53736687814657,2669.1822952714383,70.74065927501886,-7.836099924305913e-233,0.0,-0.058244213542975515
1,211.20000000000002,14884.609704754417,-92.94915736691773,2669.1822952714383,70.74065927501886,-7.02368908831626e-234,0.0,-0.058244213542975515
1,211.3,14891.671775084002,-93.36094785568889,2669.1822952714383,70.74065927501886,-6.295505275055879e-235,0.0,-0.058244213542975515
1,211.4,14898.733845413586,-93.77273834446005,2669.1822952714383,70.74065927501886,-5.64281621380217e-236,0.0,-0.058244213542975515
1,211.5,14905.79591574317,-94.18452883323121,2669.1822952714383,70.74065927501886,-5.057794955539288e-237,0.0,-0.058244213542975515
1,211.60000000000002,14912.857986072755,-94.59631932200237,2669.1822952714383,70.74065927501886,-4.533426013363252e-238,0.0,-0.058244213542975515
1,211.70000000000002,14919.92005640234,-95.00810981077353,2669.1822952714383,70.74065927501886,-4.063421233818539e-239,0.0,-0.058244213542975515
1,211.8,14926.982126731924,-95.4199002995447,2669.1822952714383,70.74065927501886,-3.642144390308018e-240,0.0,-0.058244213542975515
1,211.9,14934.044197061508,-95.83169078831585,2669.1822952714383,70.74065927501886,-3.2645435943116265e-241,0.0,-0.058244213542975515
1,212.0,14941.106267391093,-96.24348127708701,2669.1822952714383,70.74065927501886,-2.926090713899396e-242,0.0,-0.058244213542975515
1,212.10000000000002,14948.168337720677,-96.65527176585817,2669.1822952714383,70.74065927501886,-2.622727073054665e-243,0.0,-0.058244213542975515
1,212.20000000000002,14955.230408050262,-97.06706225462933,2669.1822952714383,70.74065927501886,-2.35081478064196e-244,0.0,-0.058244213542975515
1,212.3,14962.292478379846,-97.4788527434005,2669.1822952714383,70.74065927501886,-2.1070931053638866e-245,0.0,-0.058244213542975515
1,212.4,14969.35454870943,-97.89064323217166,2669.1822952714383,70.74065927501886,-1.888639373562048e-246,0.0,-0.058244213542975515
1,212.5,14976.416619039015,-98.30243372094282,2669.1822952714383,70.74065927501886,-1.6928339209542674e-247,0.0,-0.058244213542975515
1,212.60000000000002,14983.4786893686,-98.71422420971398,2669.1822952714383,70.74065927501886,-1.5173286780146914e-248,0.0,-0.058244213542975515
1,212.70000000000002,14990.540759698184,-99.12601469848514,2669.1822952714383,70.74065927501886,-1.360019012277345e-249,0.0,-0.058244213542975515
1,212.8,14997.602830027769,-99.5378051872563,2669.1822952714383,70.74065927501886,-1.219018489900274e-250,0.0,-0.058244213542975515
1,212.9,15004.664900357353,-99.94959567602746,2669.1822952714383,70.74065927501886,-1.0926362538347424e-251,0.0,-0.058244213542975515
1,213.0,15011.726970686937,-100.36138616479862,2669.1822952714383,70.74065927501886,-9.793567473219251e-253,0.0,-0.058244213542975515
1,213.10000000000002,15018.789041016522,-100.77317665356978,2669.1822952714383,70.74065927501886,-8.778215395642995e-254,0.0,-0.058244213542975515
1,213.20000000000002,15025.851111346106,-101.18496714234094,2669.1822952714383,70.74065927501886,-7.868130356279066e-255,0.0,-0.058244213542975515
1,213.3,15032.91318167569,-101.5967576311121,2669.1822952714383,70.74065927501886,-7.052398752271164e-256,0.0,-0.058244213542975515
1,213.4,15039.975252005275,-102.00854811988326,2669.1822952714383,70.74065927501886,-6.3212384529628916e-257,0.0,-0.058244213542975515
1,213.5,15047.03732233486,-102.42033860865442,2669.1822952714383,70.74065927501886,-5.66588149405882e-258,0.0,-0.058244213542975515
1,213.60000000000002,15054.099392664444,-102.83212909742558,2669.1822952714383,70.74065927501886,-5.078468933515907e-259,0.0,-0.058244213542975515
1,213.70000000000002,15061.161462994029,-103.24391958619674,2669.1822952714383,70.74065927501886,-4.5519566082930215e-260,0.0,-0.058244213542975515
1,213.8,15068.223533323613,-103.6557100749679,2669.1822952714383,70.74065927501886,-4.080030661807649e-261,0.0,-0.058244213542975515
1,213.9,15075.285603653198,-104.06750056373906,2669.1822952714383,70.74065927501886,-3.6570318291177766e-262,0.0,-0.058244213542975515
1,214.0,15082.347673982782,-104.47929105251022,2669.1822952714383,70.74065927501886,-3.2778875718682096e-263,0.0,-0.058244213542975515
1,214.10000000000002,15089.409744312366,-104.89108154128138,2669.1822952714383,70.74065927501886,-2.9380512491738615e-264,0.0,-0.058244213542975515
1,214.20000000000002,15096.471814641951,-105.30287203005254,2669.1822952714383,70.74065927501886,-2.633447594986381e-265,0.0,-0.058244213542975515
1,214.3,15103.533884971535,-105.7146625188237,2669.1822952714383,70.74065927501886,-2.360423848116876e-266,0.0,-0.058244213542975515
1,214.4,15110.59595530112,-106.12645300759486,2669.1822952714383,70.74065927501886,-2.1157059488733415e-267,0.0,-0.058244213542975515
1,214.5,15117.658025630704,-106.53824349636602,2669.1822952714383,70.74065927501886,-1.89635927702947e-268,0.0,-0.058244213542975515
1,214.60000000000002,15124.720095960289,-106.95003398513718,2669.1822952714383,70.74065927501886,-1.6997534603004652e-269,0.0,-0.058244213542975515
1,214.70000000000002,15131.782166289873,-107.36182447390834,2669.1822952714383,70.74065927501886,-1.523530831314359e-270,0.0,-0.058244213542975515
1,214.8,15138.844236619458,-107.7736149626795,2669.1822952714383,70.74065927501886,-1.3655781548196487e-271,0.0,-0.058244213542975515
1,214.9,15145.906306949042,-108.18540545145066,2669.1822952714383,70.74065927501886,-1.224001286086123e-272,0.0,-0.058244213542975515
1,215.0,15152.968377278627,-108.59719594022182,2669.1822952714383,70.74065927501886,-1.0971024566062624e-273,0.0,-0.058244213542975515
1,215.10000000000002,15160.030447608211,-109.00898642899298,2669.1822952714383,70.74065927501886,-9.83359914710748e-275,0.0,-0.058244213542975515
1,215.20000000000002,15167.092517937795,-109.42077691776414,2669.1822952714383,70.74065927501886,-8.814096769514154e-276,0.0,-0.058244213542975515
1,215.3,15174.15458826738,-109.8325674065353,2669.1822952714383,70.74065927501886,-7.900291714169734e-277,0.0,-0.058244213542975515
1,215.4,15181.216658596964,-110.24435789530646,2669.1822952714383,70.74065927501886,-7.081225768346013e-278,0.0,-0.058244213542975515
1,215.5,15188.278728926549,-110.65614838407762,2669.1822952714383,70.74065927501886,-6.34707681646123e-279,0.0,-0.058244213542975515
1,215.60000000000002,15195.340799256133,-111.06793887284879,2669.1822952714383,70.74065927501886,-5.689041054747972e-280,0.0,-0.058244213542975515
1,215.70000000000002,15202.402869585718,-111.47972936161995,2669.1822952714383,70.74065927501886,-5.0992274173629586e-281,0.0,-0.058244213542975515
1,215.8,15209.464939915302,-111.8915198503911,2669.1822952714383,70.74065927501886,-4.570562947912849e-282,0.0,-0.058244213542975515
1,215.9,15216.527010244887,-112.30331033916227,2669.1822952714383,70.74065927501886,-4.0967079816253744e-283,0.0,-0.058244213542975515
1,216.0,15223.589080574471,-112.71510082793343,2669.1822952714383,70.74065927501886,-3.6719801210433045e-284,0.0,-0.058244213542975515
1,216.10000000000002,15230.651150904056,-113.12689131670459,2669.1822952714383,70.74065927501886,-3.2912860935691117e-285,0.0,-0.058244213542975515
1,216.20000000000002,15237.71322123364,-113.53868180547575,2669.1822952714383,70.74065927501886,-2.950060673706372e-286,0.0,-0.058244213542975515
1,216.3,15244.775291563225,-113.95047229424691,2669.1822952714383,70.74065927501886,-2.644211937562504e-287,0.0,-0.058244213542975515
1,216.4,15251.837361892809,-114.36226278301807,2669.1822952714383,70.74065927501886,-2.370072193113131e-288,0.0,-0.058244213542975515
1,216.5,15258.899432222393,-114.77405327178923,2669.1822952714383,70.74065927501886,-2.124353997791186e-289,0.0,-0.058244213542975515
1,216.60000000000002,15265.961502551978,-115.18584376056039,2669.1822952714383,70.74065927501886,-1.904110735970304e-290,0.0,-0.058244213542975515
1,216.70000000000002,15273.023572881562,-115.59763424933155,2669.1822952714383,70.74065927501886,-1.7067012835935782e-291,0.0,-0.058244213542975515
1,216.8,15280.085643211147,-116.00942473810271,2669.1822952714383,70.74065927501886,-1.5297583362112806e-292,0.0,-0.058244213542975515
1,216.9,15287.147713540731,-116.42121522687387,2669.1822952714383,70.74065927501886,-1.3711600206220818e-293,0.0,-0.058244213542975515
1,217.0,15294.209783870316,-116.83300571564503,2669.1822952714383,70.74065927501886,-1.2290044496888977e-294,0.0,-0.058244213542975515
1,217.10000000000002,15301.2718541999,-117.24479620441619,2669.1822952714383,70.74065927501886,-1.101586915194502e-295,0.0,-0.058244213542975515
1,217.20000000000002,15308.333924529485,-117.65658669318735,2669.1822952714383,70.74065927501886,-9.873794452370901e-297,0.0,-0.058244213542975515
1,217.3,15315.39599485907,-118.06837718195851,2669.1822952714383,70.74065927501886,-8.85012481021135e-298,0.0,-0.058244213542975515
1,217.4,15322.458065188654,-118.48016767072967,2669.1822952714383,70.74065927501886,-7.932584533143802e-299,0.0,-0.058244213542975515
1,217.5,15329.520135518238,-118.89195815950083,2669.1822952714383,70.74065927501886,-7.11017061622314e-300,0.0,-0.058244213542975515
1,217.60000000000002,15336.582205847822,-119.30374864827199,2669.1822952714383,70.74065927501886,-6.37302079550201e-301,0.0,-0.058244213542975515
1,217.70000000000002,15343.644276177407,-119.71553913704315,2669.1822952714383,70.74065927501886,-5.712295281245388e-302,0.0,-0.058244213542975515
1,217.8,15350.706346506991,-120.12732962581431,2669.1822952714383,70.74065927501886,-5.120070752502241e-303,0.0,-0.058244213542975515
1,217.9,15357.768416836576,-120.53912011458547,2669.1822952714383,70.74065927501886,-4.589245341832782e-304,0.0,-0.058244213542975515
1,218.0,15364.83048716616,-120.95091060335663,2669.1822952714383,70.74065927501886,-4.113453470782815e-305,0.0,-0.058244213542975515
1,218.10000000000002,15371.892557495745,-121.36270109212779,2669.1822952714383,70.74065927501886,-3.6869895148246165e-306,0.0,-0.058244213542975515
1,218.20000000000002,15378.95462782533,-121.77449158089895,2669.1822952714383,70.74065927501886,-3.3047393823661436e-307,0.0,-0.058244213542975515
1,218.3,15386.016698154914,-122.18628206967011,2669.1822952714383,70.74065927501886,-2.9621191873341317e-308,0.0,-0.058244213542975515
1,218.4,15393.078768484498,-122.59807255844127,2669.1822952714383,70.74065927501886,-2.655020279902023e-309,0.0,-0.058244213542975515
1,218.5,15400.140838814083,-123.00986304721243,2669.1822952714383,70.74065927501886,-2.3797599761795e-310,0.0,-0.058244213542975515
1,218.60000000000002,15407.202909143667,-123.4216535359836,2669.1822952714383,70.74065927501886,-2.133037396021e-311,0.0,-0.058244213542975515
1,218.70000000000002,15414.264979473252,-123.83344402475475,2669.1822952714383,70.74065927501886,-1.911893879365e-312,0.0,-0.058244213542975515
1,218.8,15421.327049802836,-124.24523451352592,2669.1822952714383,70.74065927501886,-1.7136775064e-313,0.0,-0.058244213542975515
1,218.9,15428.38912013242,-124.65702500229708,2669.1822952714383,70.74065927501886,-1.536011296e-314,0.0,-0.058244213542975515
1,219.0,15435.451190462005,-125.06881549106824,2669.1822952714383,70.74065927501886,-1.3767647e-315,0.0,-0.058244213542975515
1,219.10000000000002,15442.51326079159,-125.4806059798394,2669.1822952714383,70.74065927501886,-1.23402806e-316,0.0,-0.058244213542975515
1,219.20000000000002,15449.575331121174,-125.89239646861056,2669.1822952714383,70.74065927501886,-1.1060895e-317,0.0,-0.058244213542975515
1,219.3,15456.637401450758,-126.30418695738172,2669.1822952714383,70.74065927501886,-9.9141e-319,0.0,-0.058244213542975515
1,219.4,15463.699471780343,-126.71597744615288,2669.1822952714383,70.74065927501886,-8.8863e-320,0.0,-0.058244213542975515
1,219.5,15470.761542109927,-127.12776793492404,2669.1822952714383,70.74065927501886,-7.964e-321,0.0,-0.058244213542975515
1,219.60000000000002,15477.823612439512,-127.5395584236952,2669.1822952714383,70.74065927501886,-7.1e-322,0.0,-0.058244213542975515
1,219.70000000000002,15484.885682769096,-127.95134891246636,2669.1822952714383,70.74065927501886,-6e-323,0.0,-0.058244213542975515
1,219.8,15491.94775309868,-128.3631394012375,2669.1822952714383,70.74065927501886,-1e-323,0.0,-0.058244213542975515
1,219.9,15499.009823428265,-128.77492989000865,2669.1822952714383,70.74065927501886,0.0,0.0,-0.058244213542975515
1,220.0,15506.07189375785,-129.1867203787798,2669.1822952714383,70.74065927501886,0.0,0.0,-0.058244213542975515
1,220.10000000000002,15513.133964087434,-129.59851086755094,2669.1822952714383,70.74065927501886,0.0,0.0,-0.058244213542975515
1,220.20000000000002,15520.196034417018,-130.0103013563221,2669.1822952714383,70.74065927501886,0.0,0.0,-0.058244213542975515
1,220.3,15527.258104746603,-130.42209184509323,2669.1822952714383,70.74065927501886,0.0,0.0,-0.058244213542975515
1,220.4,15534.320175076187,-130.83388233386438,2669.1822952714383,70.74065927501886,0.0,0.0,-0.058244213542975515
1,220.5,15541.382245405772,-131.24567282263553,2669.1822952714383,70.74065927501886,0.0,0.0,-0.058244213542975515
1,220.60000000000002,15548.444315735356,-131.65746331140667,2669.1822952714383,70.74065927501886,0.0,0.0,-0.058244213542975515
1,220.70000000000002,15555.50638606494,-132.06925380017782,2669.1822952714383,70.74065927501886,0.0,0.0,-0.058244213542975515
1,220.8,15562.568456394525,-132.48104428894897,2669.1822952714383,70.74065927501886,0.0,0.0,-0.058244213542975515
1,220.9,15569.63052672411,-132.8928347777201,2669.1822952714383,70.74065927501886,0.0,0.0,-0.058244213542975515
1,221.0,15576.692597053694,-133.30462526649126,2669.1822952714383,70.74065927501886,0.0,0.0,-0.058244213542975515
1,221.10000000000002,15583.754667383279,-133.7164157552624,2669.1822952714383,70.74065927501886,0.0,0.0,-0.058244213542975515
1,221.20000000000002,15590.816737712863,-134.12820624403355,2669.1822952714383,70.74065927501886,0.0,0.0,-0.058244213542975515
1,221.3,15597.878808042447,-134.5399967328047,2669.1822952714383,70.74065927501886,0.0,0.0,-0.058244213542975515
1,221.4,15604.940878372032,-134.95178722157584,2669.1822952714383,70.74065927501886,0.0,0.0,-0.058244213542975515
1,221.5,15612.002948701616,-135.363577710347,2669.1822952714383,70.74065927501886,0.0,0.0,-0.058244213542975515
1,221.60000000000002,15619.0650190312,-135.77536819911813,2669.1822952714383,70.74065927501886,0.0,0.0,-0.058244213542975515
1,221.70000000000002,15626.127089360785,-136.18715868788928,2669.1822952714383,70.74065927501886,0.0,0.0,-0.058244213542975515
1,221.8,15633.18915969037,-136.59894917666043,2669.1822952714383,70.74065927501886,0.0,0.0,-0.058244213542975515
1,221.9,15640.251230019954,-137.01073966543157,2669.1822952714383,70.74065927501886,0.0,0.0,-0.058244213542975515
1,222.0,15647.313300349539,-137.42253015420272,2669.1822952714383,70.74065927501886,0.0,0.0,-0.058244213542975515
1,222.10000000000002,15654.375370679123,-137.83432064297386,2669.1822952714383,70.74065927501886,0.0,0.0,-0.058244213542975515
1,222.20000000000002,15661.437441008708,-138.246111131745,2669.1822952714383,70.74065927501886,0.0,0.0,-0.058244213542975515
1,222.3,15668.499511338292,-138.65790162051616,2669.1822952714383,70.74065927501886,0.0,0.0,-0.058244213542975515
1,222.4,15675.561581667876,-139.0696921092873,2669.1822952714383,70.74065927501886,0.0,0.0,-0.058244213542975515
1,222.5,15682.623651997461,-139.48148259805845,2669.1822952714383,70.74065927501886,0.0,0.0,-0.058244213542975515
1,222.60000000000002,15689.685722327045,-139.8932730868296,2669.1822952714383,70.74065927501886,0.0,0.0,-0.058244213542975515
1,222.70000000000002,15696.74779265663,-140.30506357560074,2669.1822952714383,70.74065927501886,0.0,0.0,-0.058244213542975515
1,222.8,15703.809862986214,-140.7168540643719,2669.1822952714383,70.74065927501886,0.0,0.0,-0.058244213542975515
1,222.9,15710.871933315799,-141.12864455314303,2669.1822952714383,70.74065927501886,0.0,0.0,-0.058244213542975515
1,223.0,15717.934003645383,-141.54043504191418,2669.1822952714383,70.74065927501886,0.0,0.0,-0.058244213542975515
1,223.10000000000002,15724.996073974968,-141.95222553068533,2669.1822952714383,70.74065927501886,0.0,0.0,-0.058244213542975515
1,223.20000000000002,15732.058144304552,-142.36401601945647,2669.1822952714383,70.74065927501886,0.0,0.0,-0.058244213542975515
1,223.3,15739.120214634137,-142.77580650822762,2669.1822952714383,70.74065927501886,0.0,0.0,-0.058244213542975515
1,223.4,15746.182284963721,-143.18759699699876,2669.1822952714383,70.74065927501886,0.0,0.0,-0.058244213542975515
1,223.5,15753.244355293305,-143.5993874857699,2669.1822952714383,70.74065927501886,0.0,0.0,-0.058244213542975515
1,223.60000000000002,15760.30642562289,-144.01117797454106,2669.1822952714383,70.74065927501886,0.0,0.0,-0.058244213542975515
1,223.70000000000002,15767.368495952474,-144.4229684633122,2669.1822952714383,70.74065927501886,0.0,0.0,-0.058244213542975515
1,223.8,15774.430566282059,-144.83475895208335,2669.1822952714383,70.74065927501886,0.0,0.0,-0.058244213542975515
1,223.9,15781.492636611643,-145.2465494408545,2669.1822952714383,70.74065927501886,0.0,0.0,-0.058244213542975515
1,224.0,15788.554706941228,-145.65833992962564,2669.1822952714383,70.74065927501886,0.0,0.0,-0.058244213542975515
1,224.10000000000002,15795.616777270812,-146.0701304183968,2669.1822952714383,70.74065927501886,0.0,0.0,-0.058244213542975515
1,224.20000000000002,15802.678847600397,-146.48192090716793,2669.1822952714383,70.74065927501886,0.0,0.0,-0.058244213542975515
1,224.3,15809.740917929981,-146.89371139593908,2669.1822952714383,70.74065927501886,0.0,0.0,-0.058244213542975515
1,224.4,15816.802988259566,-147.30550188471022,2669.1822952714383,70.74065927501886,0.0,0.0,-0.058244213542975515
1,224.5,15823.86505858915,-147.71729237348137,2669.1822952714383,70.74065927501886,0.0,0.0,-0.058244213542975515
1,224.60000000000002,15830.927128918735,-148.12908286225252,2669.1822952714383,70.74065927501886,0.0,0.0,-0.058244213542975515
1,224.70000000000002,15837.989199248319,-148.54087335102366,2669.1822952714383,70.74065927501886,0.0,0.0,-0.058244213542975515
1,224.8,15845.051269577903,-148.9526638397948,2669.1822952714383,70.74065927501886,0.0,0.0,-0.058244213542975515
1,224.9,15852.113339907488,-149.36445432856596,2669.1822952714383,70.74065927501886,0.0,0.0,-0.058244213542975515
1,225.0,15859.175410237072,-149.7762448173371,2669.1822952714383,70.74065927501886,0.0,0.0,-0.058244213542975515
1,225.10000000000002,15866.237480566657,-150.18803530610825,2669.1822952714383,70.74065927501886,0.0,0.0,-0.058244213542975515
1,225.20000000000002,15873.299550896241,-150.5998257948794,2669.1822952714383,70.74065927501886,0.0,0.0,-0.058244213542975515
1,225.3,15880.361621225826,-151.01161628365054,2669.1822952714383,70.74065927501886,0.0,0.0,-0.058244213542975515
1,225.4,15887.42369155541,-151.42340677242169,2669.1822952714383,70.74065927501886,0.0,0.0,-0.058244213542975515
1,225.5,15894.485761884995,-151.83519726119283,2669.1822952714383,70.74065927501886,0.0,0.0,-0.058244213542975515
1,225.60000000000002,15901.54783221458,-152.24698774996398,2669.1822952714383,70.74065927501886,0.0,0.0,-0.058244213542975515
1,225.70000000000002,15908.609902544164,-152.65877823873512,2669.1822952714383,70.74065927501886,0.0,0.0,-0.058244213542975515
1,225.8,15915.671972873748,-153.07056872750627,2669.1822952714383,70.74065927501886,0.0,0.0,-0.058244213542975515
1,225.9,15922.734043203332,-153.48235921627742,2669.1822952714383,70.74065927501886,0.0,0.0,-0.058244213542975515
1,226.0,15929.796113532917,-153.89414970504856,2669.1822952714383,70.74065927501886,0.0,0.0,-0.058244213542975515
1,226.10000000000002,15936.858183862501,-154.3059401938197,2669.1822952714383,70.74065927501886,0.0,0.0,-0.058244213542975515
1,226.20000000000002,15943.920254192086,-154.71773068259085,2669.1822952714383,70.74065927501886,0.0,0.0,-0.058244213542975515
1,226.3,15950.98232452167,-155.129521171362,2669.1822952714383,70.74065927501886,0.0,0.0,-0.058244213542975515
1,226.4,15958.044394851255,-155.54131166013315,2669.1822952714383,70.74065927501886,0.0,0.0,-0.058244213542975515
1,226.5,15965.10646518084,-155.9531021489043,2669.1822952714383,70.74065927501886,0.0,0.0,-0.058244213542975515
1,226.60000000000002,15972.168535510424,-156.36489263767544,2669.1822952714383,70.74065927501886,0.0,0.0,-0.058244213542975515
1,226.70000000000002,15979.230605840008,-156.77668312644658,2669.1822952714383,70.74065927501886,0.0,0.0,-0.058244213542975515
1,226.8,15986.292676169593,-157.18847361521773,2669.1822952714383,70.74065927501886,0.0,0.0,-0.058244213542975515
1,226.9,15993.354746499177,-157.60026410398888,2669.1822952714383,70.74065927501886,0.0,0.0,-0.058244213542975515
1,227.0,16000.416816828762,-158.01205459276002,2669.1822952714383,70.74065927501886,0.0,0.0,-0.058244213542975515
1,227.10000000000002,16007.478887158346,-158.42384508153117,2669.1822952714383,70.74065927501886,0.0,0.0,-0.058244213542975515
1,227.20000000000002,16014.54095748793,-158.83563557030232,2669.1822952714383,70.74065927501886,0.0,0.0,-0.058244213542975515
1,227.3,16021.603027817515,-159.24742605907346,2669.1822952714383,70.74065927501886,0.0,0.0,-0.058244213542975515
1,227.4,16028.6650981471,-159.6592165478446,2669.1822952714383,70.74065927501886,0.0,0.0,-0.058244213542975515
1,227.5,16035.727168476684,-160.07100703661575,2669.1822952714383,70.74065927501886,0.0,0.0,-0.058244213542975515
1,227.60000000000002,16042.789238806268,-160.4827975253869,2669.1822952714383,70.74065927501886,0.0,0.0,-0.058244213542975515
1,227.70000000000002,16049.851309135853,-160.89458801415805,2669.1822952714383,70.74065927501886,0.0,0.0,-0.058244213542975515
1,227.8,16056.913379465437,-161.3063785029292,2669.1822952714383,70.74065927501886,0.0,0.0,-0.058244213542975515
1,227.9,16063.975449795022,-161.71816899170034,2669.1822952714383,70.74065927501886,0.0,0.0,-0.058244213542975515
1,228.0,16071.037520124606,-162.12995948047148,2669.1822952714383,70.74065927501886,0.0,0.0,-0.058244213542975515
1,228.10000000000002,16078.09959045419,-162.54174996924263,2669.1822952714383,70.74065927501886,0.0,0.0,-0.058244213542975515
1,228.20000000000002,16085.161660783775,-162.95354045801378,2669.1822952714383,70.74065927501886,0.0,0.0,-0.058244213542975515
1,228.3,16092.22373111336,-163.36533094678492,2669.1822952714383,70.74065927501886,0.0,0.0,-0.058244213542975515
1,228.4,16099.285801442944,-163.77712143555607,2669.1822952714383,70.74065927501886,0.0,0.0,-0.058244213542975515
1,228.5,16106.347871772528,-164.18891192432721,2669.1822952714383,70.74065927501886,0.0,0.0,-0.058244213542975515
1,228.60000000000002,16113.409942102113,-164.60070241309836,2669.1822952714383,70.74065927501886,0.0,0.0,-0.058244213542975515
1,228.70000000000002,16120.472012431697,-165.0124929018695,2669.1822952714383,70.74065927501886,0.0,0.0,-0.058244213542975515
1,228.8,16127.534082761282,-165.42428339064065,2669.1822952714383,70.74065927501886,0.0,0.0,-0.058244213542975515
1,228.9,16134.596153090866,-165.8360738794118,2669.1822952714383,70.74065927501886,0.0,0.0,-0.058244213542975515
1,229.0,16141.65822342045,-166.24786436818295,2669.1822952714383,70.74065927501886,0.0,0.0,-0.058244213542975515
1,229.10000000000002,16148.720293750035,-166.6596548569541,2669.1822952714383,70.74065927501886,0.0,0.0,-0.058244213542975515
1,229.20000000000002,16155.78236407962,-167.07144534572524,2669.1822952714383,70.74065927501886,0.0,0.0,-0.058244213542975515
1,229.3,16162.844434409204,-167.48323583449638,2669.1822952714383,70.74065927501886,0.0,0.0,-0.058244213542975515
1,229.4,16169.906504738788,-167.89502632326753,2669.1822952714383,70.74065927501886,0.0,0.0,-0.058244213542975515
1,229.5,16176.968575068373,-168.30681681203868,2669.1822952714383,70.74065927501886,0.0,0.0,-0.058244213542975515
1,229.60000000000002,16184.030645397957,-168.71860730080982,2669.1822952714383,70.74065927501886,0.0,0.0,-0.058244213542975515
1,229.70000000000002,16191.092715727542,-169.13039778958097,2669.1822952714383,70.74065927501886,0.0,0.0,-0.058244213542975515
1,229.8,16198.154786057126,-169.5421882783521,2669.1822952714383,70.74065927501886,0.0,0.0,-0.058244213542975515
1,229.9,16205.21685638671,-169.95397876712326,2669.1822952714383,70.74065927501886,0.0,0.0,-0.058244213542975515
1,230.0,16212.278926716295,-170.3657692558944,2669.1822952714383,70.74065927501886,0.0,0.0,-0.058244213542975515
1,230.10000000000002,16219.34099704588,-170.77755974466555,2669.1822952714383,70.74065927501886,0.0,0.0,-0.058244213542975515
1,230.20000000000002,16226.403067375464,-171.1893502334367,2669.1822952714383,70.74065927501886,0.0,0.0,-0.058244213542975515
1,230.3,16233.465137705049,-171.60114072220784,2669.1822952714383,70.74065927501886,0.0,0.0,-0.058244213542975515
1,230.4,16240.527208034633,-172.012931210979,2669.1822952714383,70.74065927501886,0.0,0.0,-0.058244213542975515
1,230.5,16247.589278364218,-172.42472169975014,2669.1822952714383,70.74065927501886,0.0,0.0,-0.058244213542975515
1,230.60000000000002,16254.651348693802,-172.83651218852128,2669.1822952714383,70.74065927501886,0.0,0.0,-0.058244213542975515
1,230.70000000000002,16261.713419023386,-173.24830267729243,2669.1822952714383,70.74065927501886,0.0,0.0,-0.058244213542975515
1,230.8,16268.77548935297,-173.66009316606358,2669.1822952714383,70.74065927501886,0.0,0.0,-0.058244213542975515
1,230.9,16275.837559682555,-174.07188365483472,2669.1822952714383,70.74065927501886,0.0,0.0,-0.058244213542975515
1,231.0,16282.89963001214,-174.48367414360587,2669.1822952714383,70.74065927501886,0.0,0.0,-0.058244213542975515
1,231.10000000000002,16289.961700341724,-174.895464632377,2669.1822952714383,70.74065927501886,0.0,0.0,-0.058244213542975515
1,231.20000000000002,16297.023770671309,-175.30725512114816,2669.1822952714383,70.74065927501886,0.0,0.0,-0.058244213542975515
1,231.3,16304.085841000893,-175.7190456099193,2669.1822952714383,70.74065927501886,0.0,0.0,-0.058244213542975515
1,231.4,16311.147911330478,-176.13083609869045,2669.1822952714383,70.74065927501886,0.0,0.0,-0.058244213542975515
1,231.5,16318.209981660062,-176.5426265874616,2669.1822952714383,70.74065927501886,0.0,0.0,-0.058244213542975515
1,231.60000000000002,16325.272051989647,-176.95441707623274,2669.1822952714383,70.74065927501886,0.0,0.0,-0.058244213542975515
1,231.70000000000002,16332.334122319231,-177.3662075650039,2669.1822952714383,70.74065927501886,0.0,0.0,-0.058244213542975515
1,231.8,16339.396192648815,-177.77799805377504,2669.1822952714383,70.74065927501886,0.0,0.0,-0.058244213542975515
1,231.9,16346.4582629784,-178.18978854254618,2669.1822952714383,70.74065927501886,0.0,0.0,-0.058244213542975515
1,232.0,16353.520333307984,-178.60157903131733,2669.1822952714383,70.74065927501886,0.0,0.0,-0.058244213542975515
1,232.10000000000002,16360.582403637569,-179.01336952008847,2669.1822952714383,70.74065927501886,0.0,0.0,-0.058244213542975515
1,232.20000000000002,16367.644473967153,-179.42516000885962,2669.1822952714383,70.74065927501886,0.0,0.0,-0.058244213542975515
1,232.3,16374.706544296738,-179.83695049763077,2669.1822952714383,70.74065927501886,0.0,0.0,-0.058244213542975515
1,232.4,16381.768614626322,-180.2487409864019,2669.1822952714383,70.74065927501886,0.0,0.0,-0.058244213542975515
1,232.5,16388.83068495591,-180.66053147517306,2669.1822952714383,70.74065927501886,0.0,0.0,-0.058244213542975515
1,232.60000000000002,16395.892755285495,-181.0723219639442,2669.1822952714383,70.74065927501886,0.0,0.0,-0.058244213542975515
1,232.70000000000002,16402.95482561508,-181.48411245271535,2669.1822952714383,70.74065927501886,0.0,0.0,-0.058244213542975515
1,232.8,16410.016895944667,-181.8959029414865,2669.1822952714383,70.74065927501886,0.0,0.0,-0.058244213542975515
1,232.9,16417.078966274254,-182.30769343025764,2669.1822952714383,70.74065927501886,0.0,0.0,-0.058244213542975515
1,233.0,16424.14103660384,-182.7194839190288,2669.1822952714383,70.74065927501886,0.0,0.0,-0.058244213542975515
1,233.10000000000002,16431.203106933426,-183.13127440779994,2669.1822952714383,70.74065927501886,0.0,0.0,-0.058244213542975515
1,233.20000000000002,16438.265177263012,-183.54306489657108,2669.1822952714383,70.74065927501886,0.0,0.0,-0.058244213542975515
1,233.3,16445.3272475926,-183.95485538534223,2669.1822952714383,70.74065927501886,0.0,0.0,-0.058244213542975515
1,233.4,16452.389317922185,-184.36664587411337,2669.1822952714383,70.74065927501886,0.0,0.0,-0.058244213542975515
1,233.5,16459.45138825177,-184.77843636288452,2669.1822952714383,70.74065927501886,0.0,0.0,-0.058244213542975515
1,233.60000000000002,16466.513458581358,-185.19022685165567,2669.1822952714383,70.74065927501886,0.0,0.0,-0.058244213542975515
1,233.70000000000002,16473.575528910944,-185.6020173404268,2669.1822952714383,70.74065927501886,0.0,0.0,-0.058244213542975515
1,233.8,16480.63759924053,-186.01380782919796,2669.1822952714383,70.74065927501886,0.0,0.0,-0.058244213542975515
1,233.9,16487.699669570116,-186.4255983179691,2669.1822952714383,70.74065927501886,0.0,0.0,-0.058244213542975515
1,234.0,16494.761739899703,-186.83738880674025,2669.1822952714383,70.74065927501886,0.0,0.0,-0.058244213542975515
1,234.10000000000002,16501.82381022929,-187.2491792955114,2669.1822952714383,70.74065927501886,0.0,0.0,-0.058244213542975515
1,234.20000000000002,16508.885880558875,-187.66096978428254,2669.1822952714383,70.74065927501886,0.0,0.0,-0.058244213542975515
1,234.3,16515.94795088846,-188.0727602730537,2669.1822952714383,70.74065927501886,0.0,0.0,-0.058244213542975515
1,234.4,16523.010021218048,-188.48455076182483,2669.1822952714383,70.74065927501886,0.0,0.0,-0.058244213542975515
1,234.5,16530.072091547634,-188.89634125059598,2669.1822952714383,70.74065927501886,0.0,0.0,-0.058244213542975515
1,234.60000000000002,16537.13416187722,-189.30813173936713,2669.1822952714383,70.74065927501886,0.0,0.0,-0.058244213542975515
1,234.70000000000002,16544.196232206807,-189.71992222813827,2669.1822952714383,70.74065927501886,0.0,0.0,-0.058244213542975515
1,234.8,16551.258302536393,-190.13171271690942,2669.1822952714383,70.74065927501886,0.0,0.0,-0.058244213542975515
1,234.9,16558.32037286598,-190.54350320568057,2669.1822952714383,70.74065927501886,0.0,0.0,-0.058244213542975515
1,235.0,16565.382443195565,-190.9552936944517,2669.1822952714383,70.74065927501886,0.0,0.0,-0.058244213542975515
1,235.10000000000002,16572.44451352515,-191.36708418322286,2669.1822952714383,70.74065927501886,0.0,0.0,-0.058244213542975515
1,235.20000000000002,16579.506583854738,-191.778874671994,2669.1822952714383,70.74065927501886,0.0,0.0,-0.058244213542975515
1,235.3,16586.568654184324,-192.19066516076515,2669.1822952714383,70.74065927501886,0.0,0.0,-0.058244213542975515
1,235.4,16593.63072451391,-192.6024556495363,2669.1822952714383,70.74065927501886,0.0,0.0,-0.058244213542975515
1,235.5,16600.692794843497,-193.01424613830744,2669.1822952714383,70.74065927501886,0.0,0.0,-0.058244213542975515
1,235.60000000000002,16607.754865173083,-193.4260366270786,2669.1822952714383,70.74065927501886,0.0,0.0,-0.058244213542975515
1,235.70000000000002,16614.81693550267,-193.83782711584973,2669.1822952714383,70.74065927501886,0.0,0.0,-0.058244213542975515
1,235.8,16621.879005832256,-194.24961760462088,2669.1822952714383,70.74065927501886,0.0,0.0,-0.058244213542975515
1,235.9,16628.941076161842,-194.66140809339203,2669.1822952714383,70.74065927501886,0.0,0.0,-0.058244213542975515
1,236.0,16636.00314649143,-195.07319858216317,2669.1822952714383,70.74065927501886,0.0,0.0,-0.058244213542975515
1,236.10000000000002,16643.065216821014,-195.48498907093432,2669.1822952714383,70.74065927501886,0.0,0.0,-0.058244213542975515
1,236.20000000000002,16650.1272871506,-195.89677955970546,2669.1822952714383,70.74065927501886,0.0,0.0,-0.058244213542975515
1,236.3,16657.189357480187,-196.3085700484766,2669.1822952714383,70.74065927501886,0.0,0.0,-0.058244213542975515
1,236.4,16664.251427809773,-196.72036053724776,2669.1822952714383,70.74065927501886,0.0,0.0,-0.058244213542975515
1,236.5,16671.31349813936,-197.1321510260189,2669.1822952714383,70.74065927501886,0.0,0.0,-0.058244213542975515
1,236.60000000000002,16678.375568468946,-197.54394151479005,2669.1822952714383,70.74065927501886,0.0,0.0,-0.058244213542975515
1,236.70000000000002,16685.437638798532,-197.9557320035612,2669.1822952714383,70.74065927501886,0.0,0.0,-0.058244213542975515
1,236.8,16692.49970912812,-198.36752249233234,2669.1822952714383,70.74065927501886,0.0,0.0,-0.058244213542975515
1,236.9,16699.561779457705,-198.7793129811035,2669.1822952714383,70.74065927501886,0.0,0.0,-0.058244213542975515
1,237.0,16706.62384978729,-199.19110346987463,2669.1822952714383,70.74065927501886,0.0,0.0,-0.058244213542975515
1,237.10000000000002,16713.685920116877,-199.60289395864578,2669.1822952714383,70.74065927501886,0.0,0.0,-0.058244213542975515
1,237.20000000000002,16720.747990446464,-200.01468444741693,2669.1822952714383,70.74065927501886,0.0,0.0,-0.058244213542975515
1,237.3,16727.81006077605,-200.42647493618807,2669.1822952714383,70.74065927501886,0.0,0.0,-0.058244213542975515
1,237.4,16734.872131105636,-200.83826542495922,2669.1822952714383,70.74065927501886,0.0,0.0,-0.058244213542975515
1,237.5,16741.934201435222,-201.25005591373036,2669.1822952714383,70.74065927501886,0.0,0.0,-0.058244213542975515
1,237.60000000000002,16748.99627176481,-201.6618464025015,2669.1822952714383,70.74065927501886,0.0,0.0,-0.058244213542975515
1,237.70000000000002,16756.058342094395,-202.07363689127266,2669.1822952714383,70.74065927501886,0.0,0.0,-0.058244213542975515
1,237.8,16763.12041242398,-202.4854273800438,2669.1822952714383,70.74065927501886,0.0,0.0,-0.058244213542975515
1,237.9,16770.182482753567,-202.89721786881495,2669.1822952714383,70.74065927501886,0.0,0.0,-0.058244213542975515
1,238.0,16777.244553083154,-203.3090083575861,2669.1822952714383,70.74065927501886,0.0,0.0,-0.058244213542975515
1,238.10000000000002,16784.30662341274,-203.72079884635724,2669.1822952714383,70.74065927501886,0.0,0.0,-0.058244213542975515
1,238.20000000000002,16791.368693742326,-204.1325893351284,2669.1822952714383,70.74065927501886,0.0,0.0,-0.058244213542975515
1,238.3,16798.430764071913,-204.54437982389953,2669.1822952714383,70.74065927501886,0.0,0.0,-0.058244213542975515
1,238.4,16805.4928344015,-204.95617031267068,2669.1822952714383,70.74065927501886,0.0,0.0,-0.058244213542975515
1,238.5,16812.554904731085,-205.36796080144182,2669.1822952714383,70.74065927501886,0.0,0.0,-0.058244213542975515
1,238.60000000000002,16819.61697506067,-205.77975129021297,2669.1822952714383,70.74065927501886,0.0,0.0,-0.058244213542975515
1,238.70000000000002,16826.679045390258,-206.19154177898412,2669.1822952714383,70.74065927501886,0.0,0.0,-0.058244213542975515
1,238.8,16833.741115719844,-206.60333226775526,2669.1822952714383,70.74065927501886,0.0,0.0,-0.058244213542975515
1,238.9,16840.80318604943,-207.0151227565264,2669.1822952714383,70.74065927501886,0.0,0.0,-0.058244213542975515
1,239.0,16847.865256379017,-207.42691324529756,2669.1822952714383,70.74065927501886,0.0,0.0,-0.058244213542975515
1,239.10000000000002,16854.927326708603,-207.8387037340687,2669.1822952714383,70.74065927501886,0.0,0.0,-0.058244213542975515
1,239.20000000000002,16861.98939703819,-208.25049422283985,2669.1822952714383,70.74065927501886,0.0,0.0,-0.058244213542975515
1,239.3,16869.051467367775,-208.662284711611,2669.1822952714383,70.74065927501886,0.0,0.0,-0.058244213542975515
1,239.4,16876.11353769736,-209.07407520038214,2669.1822952714383,70.74065927501886,0.0,0.0,-0.058244213542975515
1,239.5,16883.175608026948,-209.4858656891533,2669.1822952714383,70.74065927501886,0.0,0.0,-0.058244213542975515
1,239.60000000000002,16890.237678356534,-209.89765617792443,2669.1822952714383,70.74065927501886,0.0,0.0,-0.058244213542975515
1,239.70000000000002,16897.29974868612,-210.30944666669558,2669.1822952714383,70.74065927501886,0.0,0.0,-0.058244213542975515
1,239.8,16904.361819015707,-210.72123715546672,2669.1822952714383,70.74065927501886,0.0,0.0,-0.058244213542975515
1,239.9,16911.423889345293,-211.13302764423787,2669.1822952714383,70.74065927501886,0.0,0.0,-0.058244213542975515
1,240.0,16918.48595967488,-211.54481813300902,2669.1822952714383,70.74065927501886,0.0,0.0,-0.058244213542975515
1,240.10000000000002,16925.548030004466,-211.95660862178016,2669.1822952714383,70.74065927501886,0.0,0.0,-0.058244213542975515
1,240.20000000000002,16932.610100334052,-212.3683991105513,2669.1822952714383,70.74065927501886,0.0,0.0,-0.058244213542975515
1,240.3,16939.672170663638,-212.78018959932245,2669.1822952714383,70.74065927501886,0.0,0.0,-0.058244213542975515
1,240.4,16946.734240993224,-213.1919800880936,2669.1822952714383,70.74065927501886,0.0,0.0,-0.058244213542975515
1,240.5,16953.79631132281,-213.60377057686475,2669.1822952714383,70.74065927501886,0.0,0.0,-0.058244213542975515
1,240.60000000000002,16960.858381652397,-214.0155610656359,2669.1822952714383,70.74065927501886,0.0,0.0,-0.058244213542975515
1,240.70000000000002,16967.920451981983,-214.42735155440704,2669.1822952714383,70.74065927501886,0.0,0.0,-0.058244213542975515
1,240.8,16974.98252231157,-214.83914204317819,2669.1822952714383,70.74065927501886,0.0,0.0,-0.058244213542975515
1,240.9,16982.044592641156,-215.25093253194933,2669.1822952714383,70.74065927501886,0.0,0.0,-0.058244213542975515
1,241.0,16989.106662970742,-215.66272302072048,2669.1822952714383,70.74065927501886,0.0,0.0,-0.058244213542975515
1,241.10000000000002,16996.16873330033,-216.07451350949162,2669.1822952714383,70.74065927501886,0.0,0.0,-0.058244213542975515
1,241.20000000000002,17003.230803629915,-216.48630399826277,2669.1822952714383,70.74065927501886,0.0,0.0,-0.058244213542975515
1,241.3,17010.2928739595,-216.89809448703392,2669.1822952714383,70.74065927501886,0.0,0.0,-0.058244213542975515
1,241.4,17017.354944289087,-217.30988497580506,2669.1822952714383,70.74065927501886,0.0,0.0,-0.058244213542975515
1,241.5,17024.417014618673,-217.7216754645762,2669.1822952714383,70.74065927501886,0.0,0.0,-0.058244213542975515
1,241.60000000000002,17031.47908494826,-218.13346595334735,2669.1822952714383,70.74065927501886,0.0,0.0,-0.058244213542975515
1,241.70000000000002,17038.541155277846,-218.5452564421185,2669.1822952714383,70.74065927501886,0.0,0.0,-0.058244213542975515
1,241.8,17045.603225607432,-218.95704693088965,2669.1822952714383,70.74065927501886,0.0,0.0,-0.058244213542975515
1,241.9,17052.66529593702,-219.3688374196608,2669.1822952714383,70.74065927501886,0.0,0.0,-0.058244213542975515
1,242.0,17059.727366266605,-219.78062790843194,2669.1822952714383,70.74065927501886,0.0,0.0,-0.058244213542975515
1,242.10000000000002,17066.78943659619,-220.19241839720308,2669.1822952714383,70.74065927501886,0.0,0.0,-0.058244213542975515
1,242.20000000000002,17073.851506925777,-220.60420888597423,2669.1822952714383,70.74065927501886,0.0,0.0,-0.058244213542975515
1,242.3,17080.913577255364,-221.01599937474538,2669.1822952714383,70.74065927501886,0.0,0.0,-0.058244213542975515
1,242.4,17087.97564758495,-221.42778986351652,2669.1822952714383,70.74065927501886,0.0,0.0,-0.058244213542975515
1,242.5,17095.037717914536,-221.83958035228767,2669.1822952714383,70.74065927501886,0.0,0.0,-0.058244213542975515
1,242.60000000000002,17102.099788244122,-222.25137084105882,2669.1822952714383,70.74065927501886,0.0,0.0,-0.058244213542975515
1,242.70000000000002,17109.16185857371,-222.66316132982996,2669.1822952714383,70.74065927501886,0.0,0.0,-0.058244213542975515
1,242.8,17116.223928903295,-223.0749518186011,2669.1822952714383,70.74065927501886,0.0,0.0,-0.058244213542975515
1,242.9,17123.28599923288,-223.48674230737225,2669.1822952714383,70.74065927501886,0.0,0.0,-0.058244213542975515
1,243.0,17130.348069562468,-223.8985327961434,2669.1822952714383,70.74065927501886,0.0,0.0,-0.058244213542975515
1,243.10000000000002,17137.410139892054,-224.31032328491455,2669.1822952714383,70.74065927501886,0.0,0.0,-0.058244213542975515
1,243.20000000000002,17144.47221022164,-224.7221137736857,2669.1822952714383,70.74065927501886,0.0,0.0,-0.058244213542975515
1,243.3,17151.534280551226,-225.13390426245684,2669.1822952714383,70.74065927501886,0.0,0.0,-0.058244213542975515
1,243.4,17158.596350880813,-225.54569475122798,2669.1822952714383,70.74065927501886,0.0,0.0,-0.058244213542975515
1,243.5,17165.6584212104,-225.95748523999913,2669.1822952714383,70.74065927501886,0.0,0.0,-0.058244213542975515
1,243.60000000000002,17172.720491539985,-226.36927572877028,2669.1822952714383,70.74065927501886,0.0,0.0,-0.058244213542975515
1,243.70000000000002,17179.78256186957,-226.78106621754142,2669.1822952714383,70.74065927501886,0.0,0.0,-0.058244213542975515
1,243.8,17186.844632199158,-227.19285670631257,2669.1822952714383,70.74065927501886,0.0,0.0,-0.058244213542975515
1,243.9,17193.906702528744,-227.60464719508371,2669.1822952714383,70.74065927501886,0.0,0.0,-0.058244213542975515
1,244.0,17200.96877285833,-228.01643768385486,2669.1822952714383,70.74065927501886,0.0,0.0,-0.058244213542975515
1,244.10000000000002,17208.030843187917,-228.428228172626,2669.1822952714383,70.74065927501886,0.0,0.0,-0.058244213542975515
1,244.20000000000002,17215.092913517503,-228.84001866139715,2669.1822952714383,70.74065927501886,0.0,0.0,-0.058244213542975515
1,244.3,17222.15498384709,-229.2518091501683,2669.1822952714383,70.74065927501886,0.0,0.0,-0.058244213542975515
1,244.4,17229.217054176675,-229.66359963893944,2669.1822952714383,70.74065927501886,0.0,0.0,-0.058244213542975515
1,244.5,17236.27912450626,-230.0753901277106,2669.1822952714383,70.74065927501886,0.0,0.0,-0.058244213542975515
1,244.60000000000002,17243.341194835848,-230.48718061648174,2669.1822952714383,70.74065927501886,0.0,0.0,-0.058244213542975515
1,244.70000000000002,17250.403265165434,-230.89897110525288,2669.1822952714383,70.74065927501886,0.0,0.0,-0.058244213542975515
1,244.8,17257.46533549502,-231.31076159402403,2669.1822952714383,70.74065927501886,0.0,0.0,-0.058244213542975515
1,244.9,17264.527405824607,-231.72255208279518,2669.1822952714383,70.74065927501886,0.0,0.0,-0.058244213542975515
1,245.0,17271.589476154193,-232.13434257156632,2669.1822952714383,70.74065927501886,0.0,0.0,-0.058244213542975515
1,245.10000000000002,17278.65154648378,-232.54613306033747,2669.1822952714383,70.74065927501886,0.0,0.0,-0.058244213542975515
1,245.20000000000002,17285.713616813366,-232.9579235491086,2669.1822952714383,70.74065927501886,0.0,0.0,-0.058244213542975515
1,245.3,17292.775687142952,-233.36971403787976,2669.1822952714383,70.74065927501886,0.0,0.0,-0.058244213542975515
1,245.4,17299.83775747254,-233.7815045266509,2669.1822952714383,70.74065927501886,0.0,0.0,-0.058244213542975515
1,245.5,17306.899827802124,-234.19329501542205,2669.1822952714383,70.74065927501886,0.0,0.0,-0.058244213542975515
1,245.60000000000002,17313.96189813171,-234.6050855041932,2669.1822952714383,70.74065927501886,0.0,0.0,-0.058244213542975515
1,245.70000000000002,17321.023968461297,-235.01687599296434,2669.1822952714383,70.74065927501886,0.0,0.0,-0.058244213542975515
1,245.8,17328.086038790883,-235.4286664817355,2669.1822952714383,70.74065927501886,0.0,0.0,-0.058244213542975515
1,245.9,17335.14810912047,-235.84045697050664,2669.1822952714383,70.74065927501886,0.0,0.0,-0.058244213542975515
1,246.0,17342.210179450056,-236.25224745927778,2669.1822952714383,70.74065927501886,0.0,0.0,-0.058244213542975515
1,246.10000000000002,17349.272249779642,-236.66403794804893,2669.1822952714383,70.74065927501886,0.0,0.0,-0.058244213542975515
1,246.20000000000002,17356.33432010923,-237.07582843682007,2669.1822952714383,70.74065927501886,0.0,0.0,-0.058244213542975515
1,246.3,17363.396390438815,-237.48761892559122,2669.1822952714383,70.74065927501886,0.0,0.0,-0.058244213542975515
1,246.4,17370.4584607684,-237.89940941436237,2669.1822952714383,70.74065927501886,0.0,0.0,-0.058244213542975515
1,246.5,17377.520531097987,-238.3111999031335,2669.1822952714383,70.74065927501886,0.0,0.0,-0.058244213542975515
1,246.60000000000002,17384.582601427574,-238.72299039190466,2669.1822952714383,70.74065927501886,0.0,0.0,-0.058244213542975515
1,246.70000000000002,17391.64467175716,-239.1347808806758,2669.1822952714383,70.74065927501886,0.0,0.0,-0.058244213542975515
1,246.8,17398.706742086746,-239.54657136944695,2669.1822952714383,70.74065927501886,0.0,0.0,-0.058244213542975515
1,246.9,17405.768812416332,-239.9583618582181,2669.1822952714383,70.74065927501886,0.0,0.0,-0.058244213542975515
1,247.0,17412.83088274592,-240.37015234698924,2669.1822952714383,70.74065927501886,0.0,0.0,-0.058244213542975515
1,247.10000000000002,17419.892953075505,-240.7819428357604,2669.1822952714383,70.74065927501886,0.0,0.0,-0.058244213542975515
1,247.20000000000002,17426.95502340509,-241.19373332453154,2669.1822952714383,70.74065927501886,0.0,0.0,-0.058244213542975515
1,247.3,17434.017093734677,-241.60552381330268,2669.1822952714383,70.74065927501886,0.0,0.0,-0.058244213542975515
1,247.4,17441.079164064264,-242.01731430207383,2669.1822952714383,70.74065927501886,0.0,0.0,-0.058244213542975515
1,247.5,17448.14123439385,-242.42910479084497,2669.1822952714383,70.74065927501886,0.0,0.0,-0.058244213542975515
1,247.60000000000002,17455.203304723436,-242.84089527961612,2669.1822952714383,70.74065927501886,0.0,0.0,-0.058244213542975515
1,247.70000000000002,17462.265375053023,-243.25268576838727,2669.1822952714383,70.74065927501886,0.0,0.0,-0.058244213542975515
1,247.8,17469.32744538261,-243.6644762571584,2669.1822952714383,70.74065927501886,0.0,0.0,-0.058244213542975515
1,247.9,17476.389515712195,-244.07626674592956,2669.1822952714383,70.74065927501886,0.0,0.0,-0.058244213542975515
1,248.0,17483.45158604178,-244.4880572347007,2669.1822952714383,70.74065927501886,0.0,0.0,-0.058244213542975515
1,248.10000000000002,17490.513656371368,-244.89984772347185,2669.1822952714383,70.74065927501886,0.0,0.0,-0.058244213542975515
1,248.20000000000002,17497.575726700954,-245.311638212243,2669.1822952714383,70.74065927501886,0.0,0.0,-0.058244213542975515
1,248.3,17504.63779703054,-245.72342870101414,2669.1822952714383,70.74065927501886,0.0,0.0,-0.058244213542975515
1,248.4,17511.699867360127,-246.1352191897853,2669.1822952714383,70.74065927501886,0.0,0.0,-0.058244213542975515
1,248.5,17518.761937689713,-246.54700967855644,2669.1822952714383,70.74065927501886,0.0,0.0,-0.058244213542975515
1,248.60000000000002,17525.8240080193,-246.95880016732758,2669.1822952714383,70.74065927501886,0.0,0.0,-0.058244213542975515
1,248.70000000000002,17532.886078348885,-247.37059065609873,2669.1822952714383,70.74065927501886,0.0,0.0,-0.058244213542975515
1,248.8,17539.94814867847,-247.78238114486987,2669.1822952714383,70.74065927501886,0.0,0.0,-0.058244213542975515
1,248.9,17547.010219008058,-248.19417163364102,2669.1822952714383,70.74065927501886,0.0,0.0,-0.058244213542975515
1,249.0,17554.072289337644,-248.60596212241217,2669.1822952714383,70.74065927501886,0.0,0.0,-0.058244213542975515
1,249.10000000000002,17561.13435966723,-249.0177526111833,2669.1822952714383,70.74065927501886,0.0,0.0,-0.058244213542975515
1,249.20000000000002,17568.196429996817,-249.42954309995446,2669.1822952714383,70.74065927501886,0.0,0.0,-0.058244213542975515
1,249.3,17575.258500326403,-249.8413335887256,2669.1822952714383,70.74065927501886,0.0,0.0,-0.058244213542975515
1,249.4,17582.32057065599,-250.25312407749675,2669.1822952714383,70.74065927501886,0.0,0.0,-0.058244213542975515
1,249.5,17589.382640985576,-250.6649145662679,2669.1822952714383,70.74065927501886,0.0,0.0,-0.058244213542975515
1,249.60000000000002,17596.444711315162,-251.07670505503904,2669.1822952714383,70.74065927501886,0.0,0.0,-0.058244213542975515
1,249.70000000000002,17603.506781644748,-251.4884955438102,2669.1822952714383,70.74065927501886,0.0,0.0,-0.058244213542975515
1,249.8,17610.568851974334,-251.90028603258133,2669.1822952714383,70.74065927501886,0.0,0.0,-0.058244213542975515
1,249.9,17617.63092230392,-252.31207652135248,2669.1822952714383,70.74065927501886,0.0,0.0,-0.058244213542975515
1,250.0,17624.692992633507,-252.72386701012363,2669.1822952714383,70.74065927501886,0.0,0.0,-0.058244213542975515
2,0.0,0.0,0.0,1985.1643072415247,69.71829646841418,0.0,0.0,0.0
2,0.1,6.971829646841418,0.0,1985.1643072415247,69.71829646841418,0.0,0.0,0.0
2,0.2,13.943659293682837,0.0,1985.1643072415247,69.71829646841418,0.0,0.0,0.0
2,0.30000000000000004,20.915488940524256,0.0,1985.1643072415247,69.71829646841418,0.0,0.0,0.0
2,0.4,27.887318587365673,0.0,1985.1643072415247,69.71829646841418,0.0,0.0,0.0
2,0.5,34.85914823420709,0.0,1985.1643072415247,69.71829646841418,0.0,0.0,0.0
2,0.6000000000000001,41.83097788104851,0.0,1985.1643072415247,69.71829646841418,0.0,0.0,0.0
2,0.7000000000000001,48.80280752788993,0.0,1985.1643072415247,69.71829646841418,0.0,0.0,0.0
2,0.8,55.77463717473135,0.0,1985.1643072415247,69.71829646841418,0.0,0.0,0.0
2,0.9,62.746466821572774,0.0,1985.1643072415247,69.71829646841418,0.0,0.0,0.0
2,1.0,69.7182964684142,0.0,1985.1643072415247,69.71829646841418,0.0,0.0,0.0
2,1.1,76.69012611525561,0.0,1985.1643072415247,69.71829646841418,0.0,0.0,0.0
2,1.2000000000000002,83.66195576209702,0.0,1985.1643072415247,69.71829646841418,0.0,0.0,0.0
2,1.3,90.63378540893844,0.0,1985.1643072415247,69.71829646841418,0.0,0.0,0.0
2,1.4000000000000001,97.60561505577985,0.0,1985.1643072415247,69.71829646841418,0.0,0.0,0.0
2,1.5,104.57744470262126,0.0,1985.1643072415247,69.71829646841418,0.0,0.0,0.0
2,1.6,111.54927434946268,0.0,1985.1643072415247,69.71829646841418,0.0,0.0,0.0
2,1.7000000000000002,118.52110399630409,0.0,1985.1643072415247,69.71829646841418,0.0,0.0,0.0
2,1.8,125.4929336431455,0.0,1985.1643072415247,69.71829646841418,0.0,0.0,0.0
2,1.9000000000000001,132.46476328998693,0.0,1985.1643072415247,69.71829646841418,0.0,0.0,0.0
2,2.0,139.43659293682836,0.0,1985.1643072415247,69.71829646841418,0.0,0.0,0.0
2,2.1,146.4084225836698,0.0,1985.1643072415247,69.71829646841418,0.0,0.0,0.0
2,2.2,153.38025223051122,0.0,1985.1643072415247,69.71829646841418,0.0,0.0,0.0
2,2.3000000000000003,160.35208187735265,0.0,1985.1643072415247,69.71829646841418,0.0,0.0,0.0
2,2.4000000000000004,167.32391152419407,0.0,1985.1643072415247,69.71829646841418,0.0,0.0,0.0
2,2.5,174.2957411710355,0.0,1985.1643072415247,69.71829646841418,0.0,0.0,0.0
2,2.6,181.26757081787693,0.0,1985.1643072415247,69.71829646841418,0.0,0.0,0.0
2,2.7,188.23940046471836,0.0,1985.1643072415247,69.71829646841418,0.0,0.0,0.0
2,2.8000000000000003,195.2112301115598,0.0,1985.1643072415247,69.71829646841418,0.0,0.0,0.0
2,2.9000000000000004,202.1830597584012,0.0,1985.1643072415247,69.71829646841418,0.0,0.0,0.0
2,3.0,209.15488940524264,0.0,1985.1643072415247,69.71829646841418,0.0,0.0,0.0
2,3.1,216.12671905208407,0.0,1985.1643072415247,69.71829646841418,0.0,0.0,0.0
2,3.2,223.0985486989255,0.0,1985.1643072415247,69.71829646841418,0.0,0.0,0.0
2,3.3000000000000003,230.07037834576693,0.0,1985.1643072415247,69.71829646841418,0.0,0.0,0.0
2,3.4000000000000004,237.04220799260835,0.0,1985.1643072415247,69.71829646841418,0.0,0.0,0.0
2,3.5,244.01403763944978,0.0,1985.1643072415247,69.71829646841418,0.0,0.0,0.0
2,3.6,250.9858672862912,0.0,1985.1643072415247,69.71829646841418,0.0,0.0,0.0
2,3.7,257.95769693313264,0.0,1985.1643072415247,69.71829646841418,0.0,0.0,0.0
2,3.8000000000000003,264.92952657997404,0.0,1985.1643072415247,69.71829646841418,0.0,0.0,0.0
2,3.9000000000000004,271.90135622681544,0.0,1985.1643072415247,69.71829646841418,0.0,0.0,0.0
2,4.0,278.87318587365684,0.0,1985.1643072415247,69.71829646841418,0.0,0.0,0.0
2,4.1000000000000005,285.84501552049824,0.0,1985.1643072415247,69.71829646841418,0.0,0.0,0.0
2,4.2,292.81684516733964,0.0,1985.1643072415247,69.71829646841418,0.0,0.0,0.0
2,4.3,299.78867481418104,0.0,1985.1643072415247,69.71829646841418,0.0,0.0,0.0
2,4.4,306.76050446102244,0.0,1985.1643072415247,69.71829646841418,0.0,0.0,0.0
2,4.5,313.73233410786384,0.0,1985.1643072415247,69.71829646841418,0.0,0.0,0.0
2,4.6000000000000005,320.70416375470523,0.0,1985.1643072415247,69.71829646841418,0.0,0.0,0.0
2,4.7,327.67599340154663,0.0,1985.1643072415247,69.71829646841418,0.0,0.0,0.0
2,4.800000000000001,334.64782304838803,0.0,1985.1643072415247,69.71829646841418,0.0,0.0,0.0
2,4.9,341.61965269522943,0.0,1985.1643072415247,69.71829646841418,0.0,0.0,0.0
2,5.0,348.59148234207083,0.0,1985.1643072415247,69.71829646841418,0.0,0.0,0.0
2,5.1000000000000005,355.56331198891223,0.0,1985.1643072415247,69.71829646841418,0.0,0.0,0.0
2,5.2,362.53514163575363,0.0,1985.1643072415247,69.71829646841418,0.0,0.0,0.0
2,5.300000000000001,369.50697128259503,0.0,1985.1643072415247,69.71829646841418,0.0,0.0,0.0
2,5.4,376.47880092943643,0.0,1985.1643072415247,69.71829646841418,0.0,0.0,0.0
2,5.5,383.45063057627783,0.0,1985.1643072415247,69.71829646841418,0.0,0.0,0.0
2,5.6000000000000005,390.42246022311923,0.0,1985.1643072415247,69.71829646841418,0.0,0.0,0.0
2,5.7,397.39428986996063,0.0,1985.1643072415247,69.71829646841418,0.0,0.0,0.0
2,5.800000000000001,404.36611951680203,0.0,1985.1643072415247,69.71829646841418,0.0,0.0,0.0
2,5.9,411.33794916364343,0.0,1985.1643072415247,69.71829646841418,0.0,0.0,0.0
2,6.0,418.30977881048483,0.0,1985.1643072415247,69.71829646841418,0.0,0.0,0.0
2,6.1000000000000005,425.28160845732623,0.0,1985.1643072415247,69.71829646841418,0.0,0.0,0.0
2,6.2,432.2534381041676,0.0,1985.1643072415247,69.71829646841418,0.0,0.0,0.0
2,6.300000000000001,439.225267751009,0.0,1985.1643072415247,69.71829646841418,0.0,0.0,0.0
2,6.4,446.1970973978504,0.0,1985.1643072415247,69.71829646841418,0.0,0.0,0.0
2,6.5,453.1689270446918,0.0,1985.1643072415247,69.71829646841418,0.0,0.0,0.0
2,6.6000000000000005,460.1407566915332,0.0,1985.1643072415247,69.71829646841418,0.0,0.0,0.0
2,6.7,467.1125863383746,0.0,1985.1643072415247,69.71829646841418,0.0,0.0,0.0
2,6.800000000000001,474.084415985216,0.0,1985.1643072415247,69.71829646841418,0.0,0.0,0.0
2,6.9,481.0562456320574,0.0,1985.1643072415247,69.71829646841418,0.0,0.0,0.0
2,7.0,488.0280752788988,0.0,1985.1643072415247,69.71829646841418,0.0,0.0,0.0
2,7.1000000000000005,494.9999049257402,0.0,1985.1643072415247,69.71829646841418,0.0,0.0,0.0
2,7.2,501.9717345725816,0.0,1985.1643072415247,69.71829646841418,0.0,0.0,0.0
2,7.300000000000001,508.943564219423,0.0,1985.1643072415247,69.71829646841418,0.0,0.0,0.0
2,7.4,515.9153938662645,0.0,1985.1643072415247,69.71829646841418,0.0,0.0,0.0
2,7.5,522.8872235131059,0.0,1985.1643072415247,69.71829646841418,0.0,0.0,0.0
2,7.6000000000000005,529.8590531599474,0.0,1985.1643072415247,69.71829646841418,0.0,0.0,0.0
2,7.7,536.8308828067888,0.0,1985.1643072415247,69.71829646841418,0.0,0.0,0.0
2,7.800000000000001,543.8027124536303,0.0,1985.1643072415247,69.71829646841418,0.0,0.0,0.0
2,7.9,550.7745421004718,0.0,1985.1643072415247,69.71829646841418,0.0,0.0,0.0
2,8.0,557.7463717473132,0.0,1985.1643072415247,69.71829646841418,0.0,0.0,0.0
2,8.1,564.7182013941547,0.0,1985.1643072415247,69.71829646841418,0.0,0.0,0.0
2,8.200000000000001,571.6900310409961,0.0,1985.1643072415247,69.71829646841418,0.0,0.0,0.0
2,8.3,578.6618606878376,0.0,1985.1643072415247,69.71829646841418,0.0,0.0,0.0
2,8.4,585.633690334679,0.0,1985.1643072415247,69.71829646841418,0.0,0.0,0.0
2,8.5,592.6055199815205,0.0,1985.1643072415247,69.71829646841418,0.0,0.0,0.0
2,8.6,599.577349628362,0.0,1985.1643072415247,69.71829646841418,0.0,0.0,0.0
2,8.700000000000001,606.5491792752034,0.0,1985.1643072415247,69.71829646841418,0.0,0.0,0.0
2,8.8,613.5210089220449,0.0,1985.1643072415247,69.71829646841418,0.0,0.0,0.0
2,8.9,620.4928385688863,0.0,1985.1643072415247,69.71829646841418,0.0,0.0,0.0
2,9.0,627.4646682157278,0.0,1985.1643072415247,69.71829646841418,0.0,0.0,0.0
2,9.1,634.4364978625692,0.0,1985.1643072415247,69.71829646841418,0.0,0.0,0.0
2,9.200000000000001,641.4083275094107,0.0,1985.1643072415247,69.71829646841418,0.0,0.0,0.0
2,9.3,648.3801571562522,0.0,1985.1643072415247,69.71829646841418,0.0,0.0,0.0
2,9.4,655.3519868030936,0.0,1985.1643072415247,69.71829646841418,0.0,0.0,0.0
2,9.5,662.3238164499351,0.0,1985.1643072415247,69.71829646841418,0.0,0.0,0.0
2,9.600000000000001,669.2956460967765,0.0,1985.1643072415247,69.71829646841418,0.0,0.0,0.0
2,9.700000000000001,676.267475743618,0.0,1985.1643072415247,69.71829646841418,0.0,0.0,0.0
2,9.8,683.2393053904594,0.0,1985.1643072415247,69.71829646841418,0.0,0.0,0.0
2,9.9,690.2111350373009,0.0,1985.1643072415247,69.71829646841418,0.0,0.0,0.0
2,10.0,697.1829646841423,0.0,1985.1643072415247,69.71829646841418,0.0,0.0,0.0
2,10.100000000000001,704.1547943309838,0.0,1985.1643072415247,69.71829646841418,0.0,0.0,0.0
2,10.200000000000001,711.1266239778253,0.0,1985.1643072415247,69.71829646841418,0.0,0.0,0.0
2,10.3,718.0984536246667,0.0,1985.1643072415247,69.71829646841418,0.0,0.0,0.0
2,10.4,725.0702832715082,0.0,1985.1643072415247,69.71829646841418,0.0,0.0,0.0
2,10.5,732.0421129183496,0.0,1985.1643072415247,69.71829646841418,0.0,0.0,0.0
2,10.600000000000001,739.0139425651911,0.0,1985.1643072415247,69.71829646841418,0.0,0.0,0.0
2,10.700000000000001,745.9857722120325,0.0,1985.1643072415247,69.71829646841418,0.0,0.0,0.0
2,10.8,752.957601858874,0.0,1985.1643072415247,69.71829646841418,0.0,0.0,0.0
2,10.9,759.9294315057155,0.0,1985.1643072415247,69.71829646841418,0.0,0.0,0.0
2,11.0,766.9012611525569,0.0,1985.1643072415247,69.71829646841418,0.0,0.0,0.0
2,11.100000000000001,773.8730907993984,0.0,1985.1643072415247,69.71829646841418,0.0,0.0,0.0
2,11.200000000000001,780.8449204462398,0.0,1985.1643072415247,69.71829646841418,0.0,0.0,0.0
2,11.3,787.8167500930813,0.0,1985.1643072415247,69.71829646841418,0.0,0.0,0.0
2,11.4,794.7885797399227,0.0,1985.1643072415247,69.71829646841418,0.0,0.0,0.0
2,11.5,801.7604093867642,0.0,1985.1643072415247,69.71829646841418,0.0,0.0,0.0
2,11.600000000000001,808.7322390336057,0.0,1985.1643072415247,69.71829646841418,0.0,0.0,0.0
2,11.700000000000001,815.7040686804471,0.0,1985.1643072415247,69.71829646841418,0.0,0.0,0.0
2,11.8,822.6758983272886,0.0,1985.1643072415247,69.71829646841418,0.0,0.0,0.0
2,11.9,829.64772797413,0.0,1985.1643072415247,69.71829646841418,0.0,0.0,0.0
2,12.0,836.6195576209715,0.0,1985.1643072415247,69.71829646841418,0.0,0.0,0.0
2,12.100000000000001,843.5913872678129,0.0,1985.1643072415247,69.71829646841418,0.0,0.0,0.0
2,12.200000000000001,850.5632169146544,0.0,1985.1643072415247,69.71829646841418,0.0,0.0,0.0
2,12.3,857.5350465614958,0.0,1985.1643072415247,69.71829646841418,0.0,0.0,0.0
2,12.4,864.5068762083373,0.0,1985.1643072415247,69.71829646841418,0.0,0.0,0.0
2,12.5,871.4787058551788,0.0,1985.1643072415247,69.71829646841418,0.0,0.0,0.0
2,12.600000000000001,878.4505355020202,0.0,1985.1643072415247,69.71829646841418,0.0,0.0,0.0
2,12.700000000000001,885.4223651488617,0.0,1985.1643072415247,69.71829646841418,0.0,0.0,0.0
2,12.8,892.3941947957031,0.0,1985.1643072415247,69.71829646841418,0.0,0.0,0.0
2,12.9,899.3660244425446,0.0,1985.1643072415247,69.71829646841418,0.0,0.0,0.0
2,13.0,906.337854089386,0.0,1985.1643072415247,69.71829646841418,0.0,0.0,0.0
2,13.100000000000001,913.3096837362275,0.0,1985.1643072415247,69.71829646841418,0.0,0.0,0.0
2,13.200000000000001,920.281513383069,0.0,1985.1643072415247,69.71829646841418,0.0,0.0,0.0
2,13.3,927.2533430299104,0.0,1985.1643072415247,69.71829646841418,0.0,0.0,0.0
2,13.4,934.2251726767519,0.0,1985.1643072415247,69.71829646841418,0.0,0.0,0.0
2,13.5,941.1970023235933,0.0,1985.1643072415247,69.71829646841418,0.0,0.0,0.0
2,13.600000000000001,948.1688319704348,0.0,1985.1643072415247,69.71829646841418,0.0,0.0,0.0
2,13.700000000000001,955.1406616172762,0.0,1985.1643072415247,69.71829646841418,0.0,0.0,0.0
2,13.8,962.1124912641177,0.0,1985.1643072415247,69.71829646841418,0.0,0.0,0.0
2,13.9,969.0843209109591,0.0,1985.1643072415247,69.71829646841418,0.0,0.0,0.0
2,14.0,976.0561505578006,0.0,1985.1643072415247,69.71829646841418,0.0,0.0,0.0
2,14.100000000000001,983.0279802046421,0.0,1985.1643072415247,69.71829646841418,0.0,0.0,0.0
2,14.200000000000001,989.9998098514835,0.0,1985.1643072415247,69.71829646841418,0.0,0.0,0.0
2,14.3,996.971639498325,0.0,1985.1643072415247,69.71829646841418,0.0,0.0,0.0
2,14.4,1003.9434691451664,0.0,1985.1643072415247,69.71829646841418,0.0,0.0,0.0
2,14.5,1010.9152987920079,0.0,1985.1643072415247,69.71829646841418,0.0,0.0,0.0
2,14.600000000000001,1017.8871284388493,0.0,1985.1643072415247,69.71829646841418,0.0,0.0,0.0
2,14.700000000000001,1024.8589580856908,0.0,1985.1643072415247,69.71829646841418,0.0,0.0,0.0
2,14.8,1031.8307877325321,0.0,1985.1643072415247,69.71829646841418,0.0,0.0,0.0
2,14.9,1038.8026173793735,0.0,1985.1643072415247,69.71829646841418,0.0,0.0,0.0
2,15.0,1045.7744470262148,0.0,1985.1643072415247,69.71829646841418,0.0,0.0,0.0
2,15.100000000000001,1052.7462766730562,0.0,1985.1643072415247,69.71829646841418,0.0,0.0,0.0
2,15.200000000000001,1059.7181063198975,0.0,1985.1643072415247,69.71829646841418,0.0,0.0,0.0
2,15.3,1066.6899359667389,0.0,1985.1643072415247,69.71829646841418,0.0,0.0,0.0
2,15.4,1073.6617656135802,0.0,1985.1643072415247,69.71829646841418,0.0,0.0,0.0
2,15.5,1080.6335952604215,0.0,1985.1643072415247,69.71829646841418,0.0,0.0,0.0
2,15.600000000000001,1087.605424907263,0.0,1985.1643072415247,69.71829646841418,0.0,0.0,0.0
2,15.700000000000001,1094.5772545541042,0.0,1985.1643072415247,69.71829646841418,0.0,0.0,0.0
2,15.8,1101.5490842009456,0.0,1985.1643072415247,69.71829646841418,0.0,0.0,0.0
2,15.9,1108.520913847787,0.0,1985.1643072415247,69.71829646841418,0.0,0.0,0.0
2,16.0,1115.4927434946283,0.0,1985.1643072415247,69.71829646841418,0.0,0.0,0.0
2,16.1,1122.4645731414696,0.0,1985.1643072415247,69.71829646841418,0.0,0.0,0.0
2,16.2,1129.436402788311,0.0,1985.1643072415247,69.71829646841418,0.0,0.0,0.0
2,16.3,1136.4082324351523,0.0,1985.1643072415247,69.71829646841418,0.0,0.0,0.0
2,16.400000000000002,1143.3800620819936,0.0,1985.1643072415247,69.71829646841418,0.0,0.0,0.0
2,16.5,1150.351891728835,0.0,1985.1643072415247,69.71829646841418,0.0,0.0,0.0
2,16.6,1157.3237213756763,0.0,1985.1643072415247,69.71829646841418,0.0,0.0,0.0
2,16.7,1164.2955510225177,0.0,1985.1643072415247,69.71829646841418,0.0,0.0,0.0
2,16.8,1171.267380669359,0.0,1985.1643072415247,69.71829646841418,0.0,0.0,0.0
2,16.900000000000002,1178.2392103162003,0.0,1985.1643072415247,69.71829646841418,0.0,0.0,0.0
2,17.0,1185.2110399630417,0.0,1985.1643072415247,69.71829646841418,0.0,0.0,0.0
2,17.1,1192.182869609883,0.0,1985.1643072415247,69.71829646841418,0.0,0.0,0.0
2,17.2,1199.1546992567244,0.0,1985.1643072415247,69.71829646841418,0.0,0.0,0.0
2,17.3,1206.1265289035657,0.0,1985.1643072415247,69.71829646841418,0.0,0.0,0.0
2,17.400000000000002,1213.098358550407,0.0,1985.1643072415247,69.71829646841418,0.0,0.0,0.0
2,17.5,1220.0701881972484,0.0,1985.1643072415247,69.71829646841418,0.0,0.0,0.0
2,17.6,1227.0420178440897,0.0,1985.1643072415247,69.71829646841418,0.0,0.0,0.0
2,17.7,1234.013847490931,0.0,1985.1643072415247,69.71829646841418,0.0,0.0,0.0
2,17.8,1240.9856771377724,0.0,1985.1643072415247,69.71829646841418,0.0,0.0,0.0
2,17.900000000000002,1247.9575067846138,0.0,1985.1643072415247,69.71829646841418,0.0,0.0,0.0
2,18.0,1254.929336431455,0.0,1985.1643072415247,69.71829646841418,0.0,0.0,0.0
2,18.1,1261.9011660782965,0.0,1985.1643072415247,69.71829646841418,0.0,0.0,0.0
2,18.2,1268.8729957251378,0.0,1985.1643072415247,69.71829646841418,0.0,0.0,0.0
2,18.3,1275.8448253719791,0.0,1985.1643072415247,69.71829646841418,0.0,0.0,0.0
2,18.400000000000002,1282.8166550188205,0.0,1985.1643072415247,69.71829646841418,0.0,0.0,0.0
2,18.5,1289.7884846656618,0.0,1985.1643072415247,69.71829646841418,0.0,0.0,0.0
2,18.6,1296.7603143125032,0.0,1985.1643072415247,69.71829646841418,0.0,0.0,0.0
2,18.7,1303.7321439593445,0.0,1985.1643072415247,69.71829646841418,0.0,0.0,0.0
2,18.8,1310.7039736061859,0.0,1985.1643072415247,69.71829646841418,0.0,0.0,0.0
2,18.900000000000002,1317.6758032530272,0.0,1985.1643072415247,69.71829646841418,0.0,0.0,0.0
2,19.0,1324.6476328998685,0.0,1985.1643072415247,69.71829646841418,0.0,0.0,0.0
2,19.1,1331.6194625467099,0.0,1985.1643072415247,69.71829646841418,0.0,0.0,0.0
2,19.200000000000003,1338.5912921935512,0.0,1985.1643072415247,69.71829646841418,0.0,0.0,0.0
2,19.3,1345.5631218403926,0.0,1985.1643072415247,69.71829646841418,0.0,0.0,0.0
2,19.400000000000002,1352.534951487234,0.0,1985.1643072415247,69.71829646841418,0.0,0.0,0.0
2,19.5,1359.5067811340753,0.0,1985.1643072415247,69.71829646841418,0.0,0.0,0.0
2,19.6,1366.4786107809166,0.0,1985.1643072415247,69.71829646841418,0.0,0.0,0.0
2,19.700000000000003,1373.450440427758,0.0,1985.1643072415247,69.71829646841418,0.0,0.0,0.0
2,19.8,1380.4222700745993,0.0,1985.1643072415247,69.71829646841418,0.0,0.0,0.0
2,19.900000000000002,1387.3940997214406,0.0,1985.1643072415247,69.71829646841418,0.0,0.0,0.0
2,20.0,1394.365929368282,0.0,1985.1643072415247,69.71829646841418,0.0,0.0,0.0
2,20.1,1401.3377590151233,0.0,1985.1643072415247,69.71829646841418,0.0,0.0,0.0
2,20.200000000000003,1408.3095886619647,0.0,1985.1643072415247,69.71829646841418,0.0,0.0,0.0
2,20.3,1415.281418308806,0.0,1985.1643072415247,69.71829646841418,0.0,0.0,0.0
2,20.400000000000002,1422.2532479556473,0.0,1985.1643072415247,69.71829646841418,0.0,0.0,0.0
2,20.5,1429.2250776024887,0.0,1985.1643072415247,69.71829646841418,0.0,0.0,0.0
2,20.6,1436.19690724933,0.0,1985.1643072415247,69.71829646841418,0.0,0.0,0.0
2,20.700000000000003,1443.1687368961714,0.0,1985.1643072415247,69.71829646841418,0.0,0.0,0.0
2,20.8,1450.1405665430127,0.0,1985.1643072415247,69.71829646841418,0.0,0.0,0.0
2,20.900000000000002,1457.112396189854,0.0,1985.1643072415247,69.71829646841418,0.0,0.0,0.0
2,21.0,1464.0842258366954,0.0,1985.1643072415247,69.71829646841418,0.0,0.0,0.0
2,21.1,1471.0560554835367,0.0,1985.1643072415247,69.71829646841418,0.0,0.0,0.0
2,21.200000000000003,1478.027885130378,0.0,1985.1643072415247,69.71829646841418,0.0,0.0,0.0
2,21.3,1484.9997147772194,0.0,1985.1643072415247,69.71829646841418,0.0,0.0,0.0
2,21.400000000000002,1491.9715444240608,0.0,1985.1643072415247,69.71829646841418,0.0,0.0,0.0
2,21.5,1498.943374070902,0.0,1985.1643072415247,69.71829646841418,0.0,0.0,0.0
2,21.6,1505.9152037177435,0.0,1985.1643072415247,69.71829646841418,0.0,0.0,0.0
2,21.700000000000003,1512.8870333645848,0.0,1985.1643072415247,69.71829646841418,0.0,0.0,0.0
2,21.8,1519.8588630114261,0.0,1985.1643072415247,69.71829646841418,0.0,0.0,0.0
2,21.900000000000002,1526.8306926582675,0.0,1985.1643072415247,69.71829646841418,0.0,0.0,0.0
2,22.0,1533.8025223051088,0.0,1985.1643072415247,69.71829646841418,0.0524,0.0,0.0
2,22.1,1540.7743519519502,0.0,1985.1643072415247,69.71829646841418,0.06372044264538457,-2.168404344971009e-20,0.0024223569309311677
2,22.200000000000003,1547.746161144105,0.01688824335011047,1985.1643072415247,69.71829646841418,0.06454855340006267,4.3368086899420186e-20,0.005369330456397659
2,22.3,1554.717890293276,0.0543221207411385,1985.1643072415247,69.71829646841418,0.06460856881298285,2.1684043449710096e-20,0.008354708748952045
2,22.400000000000002,1561.6894766206403,0.11256904926511001,1985.1643072415247,69.71829646841418,0.06461291510835025,-2.1684043449710084e-20,0.011342870497384071
2,22.5,1568.6608577720103,0.19164791432976563,1985.1643072415247,69.71829646841418,0.06461322984876883,-2.1684043449710084e-20,0.014331233823563539
2,22.6,1575.6319714790588,0.291559415053096,1985.1643072415247,69.71829646841418,0.06461325264085727,6.018531076210112e-36,0.017319611747159513
2,22.700000000000003,1582.6027554858258,0.4123027609499922,1985.1643072415247,69.71829646841418,0.06461325429135756,-2.1684043449710084e-20,0.020307990727834895
2,22.8,1589.5731475403002,0.5538768811028227,1985.1643072415247,69.71829646841418,0.06461325441087934,-2.1684043449710084e-20,0.023296369785059202
2,22.900000000000002,1596.5430853940645,0.7162805117312826,1985.1643072415247,69.71829646841418,0.06461325441953457,-2.1684043449710084e-20,0.026284748847826837
2,23.0,1603.5125068027655,0.899512202544177,1985.1643072415247,69.71829646841418,0.012213254419534567,6.018531076210112e-36,0.029273127910995893
2,23.1,1610.4813495266628,1.1035703172115028,1985.1643072415247,69.71829646841418,0.0009310984549632233,1.3552527156068866e-21,0.02983723570922446
2,23.200000000000003,1617.4500760309882,1.3115595777280709,1985.1643072415247,69.71829646841418,7.10264098161789e-05,6.018531076210112e-36,0.029880239311481812
2,23.3,1624.4187935845823,1.5198485183950605,1985.1643072415247,69.71829646841418,5.418082711887884e-06,6.018531076210112e-36,0.029883519727837028
2,23.400000000000002,1631.3875104548647,1.7281603193559671,1985.1643072415247,69.71829646841418,4.1330571182056147e-07,6.018531076210112e-36,0.02988376996668703
2,23.5,1638.3562272730192,1.9364738641605628,1985.1643072415247,69.71829646841418,3.152805531536509e-08,1.2621834668846952e-30,0.029883789055569855
2,23.6,1645.324944087197,2.144787541990177,1985.1643072415247,69.71829646841418,2.405043636079628e-09,6.018531076210112e-36,0.02988379051172044
2,23.700000000000003,1652.2936609010717,2.353101229967293,1985.1643072415247,69.71829646841418,1.8346310400655172e-10,6.018531076210112e-36,0.02988379062279947
2,23.8,1659.262377714923,2.5614149187184867,1985.1643072415247,69.71829646841418,1.3995051909571391e-11,-3.0092655381050587e-37,0.02988379063127287
2,23.900000000000002,1666.2310945287727,2.7697286075287293,1985.1643072415247,69.71829646841418,1.0675796586577097e-12,1.1754943508220536e-39,0.029883790631919246
2,24.0,1673.1998113426223,2.9780422963434763,1985.1643072415247,69.71829646841418,8.143780637213925e-14,-2.339321651777471e-52,0.029883790631968554
2,24.1,1680.168528156472,3.186355985158567,1985.1643072415247,69.71829646841418,6.212291750710876e-15,3.5873240452783154e-44,0.029883790631972315
2,24.200000000000003,1687.1372449703215,3.394669673973684,1985.1643072415247,69.71829646841418,4.738900826920283e-16,-2.339321651777471e-52,0.029883790631972603
2,24.3,1694.105961784171,3.6029833627888026,1985.1643072415247,69.71829646841418,3.614959172646063e-17,2.189294918342349e-48,0.029883790631972624
2,24.400000000000002,1701.0746785980207,3.8112970516039213,1985.1643072415247,69.71829646841418,2.7575866845878893e-18,-2.339321651777471e-52,0.029883790631972624
2,24.5,1708.0433954118703,4.01961074041904,1985.1643072415247,69.71829646841418,2.1035602229084834e-19,3.3344305831472475e-53,0.029883790631972624
2,24.6,1715.0121122257199,4.227924429234159,1985.1643072415247,69.71829646841418,1.6046515005797846e-20,1.957591340399678e-55,0.029883790631972624
2,24.700000000000003,1721.9808290395695,4.436238118049278,1985.1643072415247,69.71829646841418,1.224070701789924e-21,1.2025941816681874e-68,0.029883790631972624
2,24.8,1728.949545853419,4.644551806864397,1985.1643072415247,69.71829646841418,9.337535797891933e-23,1.2025941816681874e-68,0.029883790631972624
2,24.900000000000002,1735.9182626672687,4.8528654956795165,1985.1643072415247,69.71829646841418,7.122919832115782e-24,1.2025941816681874e-68,0.029883790631972624
2,25.0,1742.8869794811183,5.061179184494636,1985.1643072415247,69.71829646841418,5.433552066938551e-25,4.861850945247184e-64,0.029883790631972624
2,25.1,1749.8556962949679,5.269492873309755,1985.1643072415247,69.71829646841418,4.1448575527997424e-26,1.9111394909686686e-66,0.029883790631972624
2,25.200000000000003,1756.8244131088175,5.477806562124874,1985.1643072415247,69.71829646841418,3.1618072158606932e-27,1.2025941816708757e-68,0.029883790631972624
2,25.3,1763.793129922667,5.686120250939993,1985.1643072415247,69.71829646841418,2.411910359504636e-28,2.8978173079126437e-71,0.029883790631972624
2,25.400000000000002,1770.7618467365166,5.894433939755112,1985.1643072415247,69.71829646841418,1.8398691587216898e-29,4.5278398082228994e-73,0.029883790631972624
2,25.5,1777.7305635503662,6.102747628570231,1985.1643072415247,69.71829646841418,1.403500966723534e-30,3.5374015211209664e-75,0.029883790631972624
2,25.6,1784.6992803642158,6.3110613173853505,1985.1643072415247,69.71829646841418,1.0706277423349442e-31,2.688095428168751e-80,0.029883790631972624
2,25.700000000000003,1791.6679971780654,6.51937500620047,1985.1643072415247,69.71829646841418,8.167032227509745e-33,-8.107115265699305e-80,0.029883790631972624
2,25.8,1798.636713991915,6.727688695015589,1985.1643072415247,69.71829646841418,6.230028680156836e-34,3.1461546474658796e-82,0.029883790631972624
2,25.900000000000002,1805.6054308057646,6.936002383830708,1985.1643072415247,69.71829646841418,4.752431026883752e-35,1.6439633069318034e-84,0.029883790631972624
2,26.0,1812.5741476196142,7.144316072645827,1985.1643072415247,69.71829646841418,3.625280367845557e-36,9.613772275704046e-87,0.029883790631972624
2,26.1,1819.5428644334638,7.352629761460946,1985.1643072415247,69.71829646841418,2.765459965887027e-37,6.2640029620788965e-89,0.029883790631972624
2,26.200000000000003,1826.5115812473134,7.560943450276065,1985.1643072415247,69.71829646841418,2.1095661705935393e-38,-5.890942122457583e-91,0.029883790631972624
2,26.3,1833.480298061163,7.769257139091184,1985.1643072415247,69.71829646841418,1.6092329966835212e-39,-2.996410030983751e-96,0.029883790631972624
2,26.400000000000002,1840.4490148750126,7.977570827906304,1985.1643072415247,69.71829646841418,1.2275655884671414e-40,2.0973772905040306e-95,0.029883790631972624
2,26.5,1847.4177316888622,8.185884516721423,1985.1643072415247,69.71829646841418,9.364195719913088e-42,-1.3716398074464228e-100,0.029883790631972624
2,26.6,1854.3864485027118,8.394198205536542,1985.1643072415247,69.71829646841418,7.143256727352105e-43,-1.3716398074464228e-100,0.029883790631972624
2,26.700000000000003,1861.3551653165614,8.602511894351661,1985.1643072415247,69.71829646841418,5.449065589728498e-44,-5.493790769258038e-105,0.029883790631972624
2,26.8,1868.323882130411,8.81082558316678,1985.1643072415247,69.71829646841418,4.156691679226494e-45,1.6830181716723897e-104,0.029883790631972624
2,26.900000000000002,1875.2925989442606,9.0191392719819,1985.1643072415247,69.71829646841418,3.170834601205748e-46,8.720235223744422e-107,0.029883790631972624
2,27.0,1882.2613157581102,9.227452960797018,1985.1643072415247,69.71829646841418,2.418796688349656e-47,6.8060828847859105e-109,0.029883790631972624
2,27.1,1889.2300325719598,9.435766649612138,1985.1643072415247,69.71829646841418,1.845122232911966e-48,-6.652859227131034e-112,0.029883790631972624
2,27.200000000000003,1896.1987493858094,9.644080338427257,1985.1643072415247,69.71829646841418,1.4075081509677885e-49,2.0811121819460038e-113,0.029883790631972624
2,27.3,1903.167466199659,9.852394027242376,1985.1643072415247,69.71829646841418,1.073684528701512e-50,2.0302288170238565e-116,0.029883790631972624
2,27.400000000000002,1910.1361830135086,10.060707716057495,1985.1643072415247,69.71829646841418,8.19035020422678e-52,1.2677243903711958e-117,0.029883790631972624
2,27.5,1917.1048998273582,10.269021404872614,1985.1643072415247,69.71829646841418,6.247816250924723e-53,3.710389364378334e-120,0.029883790631972624
2,27.6,1924.0736166412078,10.477335093687733,1985.1643072415247,69.71829646841418,4.7659998573900017e-54,-7.298873877012093e-123,0.029883790631972624
2,27.700000000000003,1931.0423334550574,10.685648782502852,1985.1643072415247,69.71829646841418,3.6356310314471186e-55,1.1350908500418082e-124,0.029883790631972624
2,27.8,1938.011050268907,10.893962471317971,1985.1643072415247,69.71829646841418,2.7733557264644416e-56,5.424374882968342e-128,0.029883790631972624
2,27.900000000000002,1944.9797670827566,11.10227616013309,1985.1643072415247,69.71829646841418,2.1155892660679558e-57,-1.1541228770310005e-129,0.029883790631972624
2,28.0,1951.9484838966061,11.31058984894821,1985.1643072415247,69.71829646841418,1.6138275735755457e-58,3.606577291794209e-131,0.029883790631972624
2,28.1,1958.9172007104557,11.518903537763329,1985.1643072415247,69.71829646841418,1.231070453516413e-59,1.4033426536392736e-133,0.029883790631972624
2,28.200000000000003,1965.8859175243053,11.727217226578448,1985.1643072415247,69.71829646841418,9.39093175960141e-61,5.5084903802578826e-136,0.029883790631972624
2,28.3,1972.854634338155,11.935530915393567,1985.1643072415247,69.71829646841418,7.163651687162737e-62,5.206272938923186e-139,0.029883790631972624
2,28.400000000000002,1979.8233511520045,12.143844604208686,1985.1643072415247,69.71829646841418,5.464623405714913e-63,-1.6802794713048558e-140,0.029883790631972624
2,28.5,1986.7920679658541,12.352158293023805,1985.1643072415247,69.71829646841418,4.168559593677635e-64,-2.7052147958267357e-142,0.029883790631972624
2,28.6,1993.7607847797037,12.560471981838925,1985.1643072415247,69.71829646841418,3.1798877609514833e-65,-9.289783176979198e-145,0.029883790631972624
2,28.700000000000003,2000.7295015935533,12.768785670654044,1985.1643072415247,69.71829646841418,2.4257026785907593e-66,-8.020093913693371e-147,0.029883790631972624
2,28.8,2007.698218407403,12.977099359469163,1985.1643072415247,69.71829646841418,1.8503903053363705e-67,1.9521015401269157e-149,0.029883790631972624
2,28.900000000000002,2014.6669352212525,13.185413048284282,1985.1643072415247,69.71829646841418,1.4115267762626253e-68,2.1381758395165443e-151,0.029883790631972624
2,29.0,2021.635652035102,13.393726737099401,1985.1643072415247,69.71829646841418,1.0767500426047499e-69,1.8813737338693306e-153,0.029883790631972624
2,29.1,2028.6043688489517,13.60204042591452,1985.1643072415247,69.71829646841418,8.21373475690707e-71,1.8718696068782538e-156,0.029883790631972624
2,29.200000000000003,2035.5730856628013,13.81035411472964,1985.1643072415247,69.71829646841418,6.265654607602212e-72,6.555271104070366e-158,0.029883790631972624
2,29.3,2042.541802476651,14.018667803544758,1985.1643072415247,69.71829646841418,4.779607428734379e-73,8.882078893398342e-163,0.029883790631972624
2,29.400000000000002,2049.5105192905003,14.226981492359878,1985.1643072415247,69.71829646841418,3.646011247586986e-74,-8.899991102482279e-163,0.029883790631972624
2,29.5,2056.4792361043496,14.435295181174997,1985.1643072415247,69.71829646841418,2.7812740305014576e-75,-8.95610454196833e-166,0.029883790631972624
2,29.6,2063.447952918199,14.643608869990116,1985.1643072415247,69.71829646841418,2.12162955829096e-76,2.6921253353126006e-167,0.029883790631972624
2,29.700000000000003,2070.4166697320484,14.851922558805235,1985.1643072415247,69.71829646841418,1.618435268603256e-77,2.119254231409797e-169,0.029883790631972624
2,29.8,2077.3853865458977,15.060236247620354,1985.1643072415247,69.71829646841418,1.2345853254273336e-78,1.602714366916058e-171,0.029883790631972624
2,29.900000000000002,2084.354103359747,15.268549936435473,1985.1643072415247,69.71829646841418,9.417744134283052e-80,-1.6173191065730172e-174,0.029883790631972624
2,30.0,2091.3228201735965,15.476863625250592,1985.1643072415247,69.71829646841418,7.184104877329803e-81,5.049042085726329e-176,0.029883790631972624
2,30.1,2098.291536987446,15.685177314065712,1985.1643072415247,69.71829646841418,5.480225641360854e-82,3.455794785593068e-178,0.029883790631972624
2,30.200000000000003,2105.260253801295,15.89349100288083,1985.1643072415247,69.71829646841418,4.180461392622601e-83,9.336669815732479e-182,0.029883790631972624
2,30.3,2112.2289706151446,16.10180469169595,1985.1643072415247,69.71829646841418,3.1889667686873455e-84,9.01950287872384e-183,0.029883790631972624
2,30.400000000000002,2119.197687428994,16.310118380511067,1985.1643072415247,69.71829646841418,2.4326283863639324e-85,7.644087931860577e-185,0.029883790631972624
2,30.5,2126.1664042428433,16.518432069326185,1985.1643072415247,69.71829646841418,1.8556734188169187e-86,6.896140275910314e-187,0.029883790631972624
2,30.6,2133.1351210566927,16.726745758141302,1985.1643072415247,69.71829646841418,1.4155568752738003e-87,1.3042360728087378e-190,0.029883790631972624
2,30.700000000000003,2140.103837870542,16.93505944695642,1985.1643072415247,69.71829646841418,1.0798243089629643e-88,-4.241159122202526e-192,0.029883790631972624
2,30.8,2147.0725546843914,17.143373135771537,1985.1643072415247,69.71829646841418,8.237186075634096e-90,5.478720185394453e-194,0.029883790631972624
2,30.900000000000002,2154.041271498241,17.351686824586654,1985.1643072415247,69.71829646841418,6.283543895190031e-91,6.769085502995778e-196,0.029883790631972624
2,31.0,2161.00998831209,17.56000051340177,1985.1643072415247,69.71829646841418,4.793253851527249e-92,-5.2257003318885096e-201,0.029883790631972624
2,31.1,2167.9787051259395,17.76831420221689,1985.1643072415247,69.71829646841418,3.656421100641649e-93,-5.2257003318885096e-201,0.029883790631972624
2,31.200000000000003,2174.947421939789,17.976627891032006,1985.1643072415247,69.71829646841418,2.789214942362728e-94,8.163163567192318e-203,0.029883790631972624
2,31.3,2181.9161387536383,18.184941579847123,1985.1643072415247,69.71829646841418,2.1276870963616033e-95,6.182751094021437e-205,0.029883790631972624
2,31.400000000000002,2188.8848555674876,18.39325526866224,1985.1643072415247,69.71829646841418,1.6230561192207048e-96,2.8008211718688005e-207,0.029883790631972624
2,31.5,2195.853572381337,18.601568957477358,1985.1643072415247,69.71829646841418,1.2381102327708447e-97,1.7014769511471888e-209,0.029883790631972624
2,31.6,2202.8222891951864,18.809882646292476,1985.1643072415247,69.71829646841418,9.444633061904788e-99,1.3307640277086627e-211,0.029883790631972624
2,31.700000000000003,2209.7910060090358,19.018196335107593,1985.1643072415247,69.71829646841418,7.204616464108861e-100,5.9408424467232e-214,0.029883790631972624
2,31.8,2216.759722822885,19.22651002392271,1985.1643072415247,69.71829646841418,5.495872423490423e-101,-6.869794917516614e-219,0.029883790631972624
2,31.900000000000002,2223.7284396367345,19.434823712737828,1985.1643072415247,69.71829646841418,4.192397172806134e-102,1.1260427081605623e-218,0.029883790631972624
2,32.0,2230.697156450584,19.643137401552945,1985.1643072415247,69.71829646841418,3.1980716982127953e-103,7.068069152236744e-221,0.029883790631972624
2,32.1,2237.6658732644332,19.851451090368062,1985.1643072415247,69.71829646841418,2.439573867965351e-104,-1.40488161703805e-223,0.029883790631972624
2,32.2,2244.6345900782826,20.05976477918318,1985.1643072415247,69.71829646841418,1.8609716162978313e-105,-2.1655451333533592e-225,0.029883790631972624
2,32.300000000000004,2251.603306892132,20.268078467998297,1985.1643072415247,69.71829646841418,1.4195984807603096e-106,2.9515920621092965e-227,0.029883790631972624
2,32.4,2258.5720237059813,20.476392156813414,1985.1643072415247,69.71829646841418,1.0829073527655855e-107,-3.297818240927928e-230,0.029883790631972624
2,32.5,2265.5407405198307,20.68470584562853,1985.1643072415247,69.71829646841418,8.260704351033814e-109,4.992910580465438e-235,0.029883790631972624
2,32.6,2272.50945733368,20.89301953444365,1985.1643072415247,69.71829646841418,6.3014842591027e-110,4.5250090390447523e-234,0.029883790631972624
2,32.7,2279.4781741475294,21.101333223258766,1985.1643072415247,69.71829646841418,4.806939236694696e-111,-3.923689578232147e-237,0.029883790631972624
2,32.800000000000004,2286.446890961379,21.309646912073884,1985.1643072415247,69.71829646841418,3.666860675228485e-112,-2.3803468840224428e-238,0.029883790631972624
2,32.9,2293.415607775228,21.517960600889,1985.1643072415247,69.71829646841418,2.7971785265966083e-113,-2.8101007297240934e-243,0.029883790631972624
2,33.0,2300.3843245890776,21.72627428970412,1985.1643072415247,69.71829646841418,2.1337619295190846e-114,-2.8101007297240934e-243,0.029883790631972624
2,33.1,2307.353041402927,21.934587978519236,1985.1643072415247,69.71829646841418,1.6276901629888738e-115,6.041270312301289e-245,0.029883790631972624
2,33.2,2314.3217582167763,22.142901667334353,1985.1643072415247,69.71829646841418,1.2416452041994533e-116,1.1174293986357207e-250,0.029883790631972624
2,33.300000000000004,2321.2904750306257,22.35121535614947,1985.1643072415247,69.71829646841418,9.471598761035472e-118,1.005631898493914e-249,0.029883790631972624
2,33.4,2328.259191844475,22.559529044964588,1985.1643072415247,69.71829646841418,7.225186614230078e-119,-6.976687454520159e-252,0.029883790631972624
2,33.5,2335.2279086583244,22.767842733779705,1985.1643072415247,69.71829646841418,5.511563879289832e-120,6.820034779387058e-255,0.029883790631972624
2,33.6,2342.1966254721738,22.976156422594823,1985.1643072415247,69.71829646841418,4.204367031249267e-121,2.1332298225919167e-256,0.029883790631972624
2,33.7,2349.165342286023,23.18447011140994,1985.1643072415247,69.71829646841418,3.2072026235380227e-122,2.0324686797017063e-259,0.029883790631972624
2,33.800000000000004,2356.1340590998725,23.392783800225057,1985.1643072415247,69.71829646841418,2.446539179851951e-123,8.12992272674275e-261,0.029883790631972624
2,33.9,2363.102775913722,23.601097489040175,1985.1643072415247,69.71829646841418,1.8662849408459598e-124,5.08617127570638e-263,0.029883790631972624
2,34.0,2370.0714927275712,23.809411177855292,1985.1643072415247,69.71829646841418,1.423651625574693e-125,2.4849148725371335e-265,0.029883790631972624
2,34.1,2377.0402095414206,24.01772486667041,1985.1643072415247,69.71829646841418,1.0859991990734032e-126,-1.163188740141576e-267,0.029883790631972624
2,34.2,2384.00892635527,24.226038555485527,1985.1643072415247,69.71829646841418,8.284289774276639e-128,5.856108140984104e-270,0.029883790631972624
2,34.300000000000004,2390.9776431691193,24.434352244300644,1985.1643072415247,69.71829646841418,6.319475845170094e-129,-1.1830702403098527e-272,0.029883790631972624
2,34.4,2397.9463599829687,24.64266593311576,1985.1643072415247,69.71829646841418,4.820663695479608e-130,-1.8054143077891876e-277,0.029883790631972624
2,34.5,2404.915076796818,24.85097962193088,1985.1643072415247,69.71829646841418,3.6773300562065104e-131,-1.8054143077891876e-277,0.029883790631972624
2,34.6,2411.8837936106675,25.059293310745996,1985.1643072415247,69.71829646841418,2.8051648479358264e-132,1.1260471656719407e-278,0.029883790631972624
2,34.7,2418.852510424517,25.267606999561114,1985.1643072415247,69.71829646841418,2.1398541071432455e-133,2.2078935881234352e-281,0.029883790631972624
2,34.800000000000004,2425.821227238366,25.47592068837623,1985.1643072415247,69.71829646841418,1.6323374375759945e-134,4.287172272812995e-284,0.029883790631972624
2,34.9,2432.7899440522156,25.68423437719135,1985.1643072415247,69.71829646841418,1.2451902684474945e-135,2.5224841566463905e-285,0.029883790631972624
2,35.0,2439.758660866065,25.892548066006466,1985.1643072415247,69.71829646841418,9.498641450868246e-137,6.56745928668093e-289,0.029883790631972624
2,35.1,2446.7273776799143,26.100861754821583,1985.1643072415247,69.71829646841418,7.245815494899753e-138,8.211077648632027e-290,0.029883790631972624
2,35.2,2453.6960944937637,26.3091754436367,1985.1643072415247,69.71829646841418,5.527300136308477e-139,3.4070739795418064e-292,0.029883790631972624
2,35.300000000000004,2460.664811307613,26.517489132451818,1985.1643072415247,69.71829646841418,4.21637106525004e-140,2.503987202666488e-294,0.029883790631972624
2,35.4,2467.6335281214624,26.725802821266935,1985.1643072415247,69.71829646841418,3.21635961888457e-141,8.562730975628358e-297,0.029883790631972624
2,35.5,2474.602244935312,26.934116510082053,1985.1643072415247,69.71829646841418,2.4535243786418995e-142,7.645290094436746e-299,0.029883790631972624
2,35.6,2481.570961749161,27.14243019889717,1985.1643072415247,69.71829646841418,1.8716134356511316e-143,-5.468341623737882e-305,0.029883790631972624
2,35.7,2488.5396785630105,27.350743887712287,1985.1643072415247,69.71829646841418,1.4277163426632904e-144,-5.468341623737882e-305,0.029883790631972624
2,35.800000000000004,2495.50839537686,27.559057576527405,1985.1643072415247,69.71829646841418,1.0890998730187524e-145,-1.09070582846e-312,0.029883790631972624
2,35.9,2502.4771121907092,27.767371265342522,1985.1643072415247,69.71829646841418,8.307942537078583e-147,-1.09070582846e-312,0.029883790631972624
2,36.0,2509.4458290045586,27.97568495415764,1985.1643072415247,70.31350979011233,6.33751879963828e-148,-1.09070582846e-312,0.029883790631972624
2,36.1,2516.4740405750626,28.185777101267863,1985.1643072415247,70.90872311181049,5.329982755597275e-149,1.082217861485e-312,0.029883790631972624
2,36.2,2523.561746902221,28.397647706673194,1985.1643072415247,71.50393643350864,4.892399753441491e-150,-2.1219949817e-314,0.029883790631972624
2,36.300000000000004,2530.7089479860333,28.611296770373627,1985.1643072415247,72.0991497552068,4.860613078005927e-151,8.093e-321,0.029883790631972624
2,36.4,2537.9156438265004,28.826724292369168,1985.1643072415247,72.69436307690495,5.190434022695488e-152,8.093e-321,0.029883790631972624
2,36.5,2545.1818344236217,29.04393027265981,1985.1643072415247,73.2895763986031,5.922239701778749e-153,-2.429e-320,0.029883790631972624
2,36.6,2552.507519777397,29.26291471124556,1985.1643072415247,73.88478972030126,7.183313762583846e-154,-5e-324,0.029883790631972624
2,36.7,2559.8926998878273,29.483677608126413,1985.1643072415247,74.48000304199941,9.221413607722987e-155,0.0,0.029883790631972624
2,36.800000000000004,2567.3373747549117,29.706218963302373,1985.1643072415247,75.07521636369756,1.2480111898621529e-155,0.0,0.029883790631972624
2,36.9,2574.8415443786507,29.930538776773435,1985.1643072415247,75.67042968539572,1.7745922184962647e-156,0.0,0.029883790631972624
2,37.0,2582.405208759044,30.156637048539604,1985.1643072415247,75.67042968539572,2.643095447186627e-157,0.0,0.029883790631972624
2,37.1,2589.968873139437,30.382735320305773,1985.1643072415247,75.67042968539572,3.936652866007923e-158,0.0,0.029883790631972624
2,37.2,2597.5325375198304,30.608833592071942,1985.1643072415247,75.67042968539572,5.863290258376409e-159,0.0,0.029883790631972624
2,37.300000000000004,2605.0962019002236,30.83493186383811,1985.1643072415247,75.67042968539572,8.732843312352784e-160,0.0,0.029883790631972624
2,37.4,2612.659866280617,31.06103013560428,1985.1643072415247,75.67042968539572,1.3006784409002189e-160,0.0,0.029883790631972624
2,37.5,2620.22353066101,31.28712840737045,1985.1643072415247,75.67042968539572,1.937243514067853e-161,0.0,0.029883790631972624
2,37.6,2627.7871950414033,31.51322667913662,1985.1643072415247,75.67042968539572,2.88534991800165e-162,0.0,0.029883790631972624
2,37.7,2635.3508594217965,31.739324950902787,1985.1643072415247,75.67042968539572,4.297469104351609e-163,0.0,0.029883790631972624
2,37.800000000000004,2642.9145238021897,31.965423222668957,1985.1643072415247,75.67042968539572,6.400693582304716e-164,0.0,0.029883790631972624
2,37.9,2650.478188182583,32.19152149443513,1985.1643072415247,75.67042968539572,9.53325721250021e-165,0.0,0.029883790631972624
2,38.0,2658.041852562976,32.4176197662013,1985.1643072415247,75.67042968539572,1.419892889904016e-165,0.0,0.029883790631972624
2,38.1,2665.6055169433694,32.64371803796747,1985.1643072415247,75.67042968539572,2.1148027099871297e-166,0.0,0.029883790631972624
2,38.2,2673.1691813237626,32.869816309733636,1985.1643072415247,75.67042968539572,3.1498083651022685e-167,0.0,0.029883790631972624
2,38.300000000000004,2680.732845704156,33.095914581499805,1985.1643072415247,75.67042968539572,4.691356167653389e-168,0.0,0.029883790631972624
2,38.400000000000006,2688.296510084549,33.322012853265974,1985.1643072415247,75.67042968539572,6.987352924584959e-169,0.0,0.029883790631972624
2,38.5,2695.8601744649422,33.54811112503214,1985.1643072415247,75.67042968539572,1.0407033520357754e-169,0.0,0.029883790631972624
2,38.6,2703.4238388453355,33.77420939679831,1985.1643072415247,75.67042968539572,1.5500340094855495e-170,0.0,0.029883790631972624
2,38.7,2710.9875032257287,34.00030766856448,1985.1643072415247,75.67042968539572,2.308636198645833e-171,0.0,0.029883790631972624
2,38.800000000000004,2718.551167606122,34.22640594033065,1985.1643072415247,75.67042968539572,3.438505907019953e-172,0.0,0.029883790631972624
2,38.900000000000006,2726.114831986515,34.45250421209682,1985.1643072415247,75.67042968539572,5.121345181863752e-173,0.0,0.029883790631972624
2,39.0,2733.6784963669083,34.67860248386299,1985.1643072415247,75.67042968539572,1.299084300788643e-173,-0.005235987755982989,0.029883790631972624
2,39.1,2741.2420570664617,34.90469765632999,1985.1246864782306,75.67042968539572,3.2927474532747236e-174,-0.010471975511965978,0.029883790631972624
2,39.2,2748.8053067263377,35.130783530984466,1985.0454460378658,75.67042968539572,8.339730083371243e-175,-0.015707963267948967,0.029883790631972624
2,39.300000000000004,2756.3680379962266,35.356853909567945,1984.9265880928467,75.67042968539572,2.1106817659644516e-175,-0.020943951023931956,0.029883790631972624
2,39.400000000000006,2763.9300435400305,35.58290259424681,1984.768115901724,75.67042968539572,5.337961599881778e-176,-0.026179938779914945,0.029883790631972624
2,39.5,2771.4911160415472,35.80892338778217,1984.570033809093,75.67042968539572,1.3490088971967611e-176,-0.031415926535897934,0.029883790631972624
2,39.6,2779.051048210155,36.034910093699814,1984.3323472454745,75.67042968539572,3.406792242045581e-177,-0.03665191429188092,0.029883790631972624
2,39.7,2786.609632786494,36.26085651646003,1984.0550627271653,75.67042968539572,8.597511476085062e-178,-0.04188790204786391,0.029883790631972624
2,39.800000000000004,2794.1666625481503,36.48675646162751,1983.7381878560607,75.67042968539572,2.1682082759768512e-178,-0.0471238898038469,0.029883790631972624
2,39.900000000000006,2801.7219303153356,36.71260373604113,1983.3817313194454,75.67042968539572,5.4643086034727196e-179,-0.05235987755982989,0.029883790631972624
2,40.0,2809.2752289565674,36.93839214798379,1982.9857028897554,75.67042968539572,2.271845327743631e-180,-0.0471238898038469,0.029883790631972624
2,40.1,2816.8304967237527,37.164239422397415,1982.6292463531402,75.67042968539572,-5.114926510333143e-183,-0.04188790204786391,0.029883790631972624
2,40.2,2824.387526485409,37.39013936756489,1982.3123714820356,75.67042968539572,1.0236939756561403e-185,-0.03665191429188092,0.029883790631972624
2,40.300000000000004,2831.946111061748,37.61608579032511,1982.0350869637264,75.67042968539572,-1.7927879445188753e-188,-0.031415926535897934,0.029883790631972624
2,40.400000000000006,2839.5060432303558,37.84207249624275,1981.7974004001078,75.67042968539572,2.691275893485134e-191,-0.026179938779914945,0.029883790631972624
2,40.5,2847.0671157318725,38.06809328977811,1981.5993183074768,75.67042968539572,-3.3668279475464144e-194,-0.020943951023931956,0.029883790631972624
2,40.6,2854.6291212756764,38.29414197445698,1981.4408461163541,75.67042968539572,3.369656256479631e-197,-0.015707963267948967,0.029883790631972624
2,40.7,2862.1918525455653,38.520212353040456,1981.321988171335,75.67042968539572,-2.5294195108317713e-200,-0.010471975511965978,0.029883790631972624
2,40.800000000000004,2869.7551022054413,38.74629822769493,1981.2427477309702,75.67042968539572,1.2658187651224855e-203,-0.005235987755982989,0.029883790631972624
2,40.900000000000006,2877.3186629049947,38.972393400161934,1981.203126967676,75.67042968539572,-3.167351013886464e-207,0.0,0.029883790631972624
2,41.0,2884.882327285388,39.1984916719281,1981.203126967676,75.67042968539572,-4.717484364683574e-208,0.0,0.029883790631972624
2,41.1,2892.445991665781,39.42458994369427,1981.203126967676,75.67042968539572,-7.026268523275118e-209,0.0,0.029883790631972624
2,41.2,2900.0096560461743,39.65068821546044,1981.203126967676,75.67042968539572,-1.0464994803322066e-209,0.0,0.029883790631972624
2,41.300000000000004,2907.5733204265675,39.87678648722661,1981.203126967676,75.67042968539572,-1.5586668210982306e-210,0.0,0.029883790631972624
2,41.400000000000006,2915.1369848069608,40.10288475899278,1981.203126967676,75.67042968539572,-2.3214939948381492e-211,0.0,0.029883790631972624
2,41.5,2922.700649187354,40.32898303075895,1981.203126967676,75.67042968539572,-3.4576564376165263e-212,0.0,0.029883790631972624
2,41.6,2930.264313567747,40.55508130252512,1981.203126967676,75.67042968539572,-5.149868174190359e-213,0.0,0.029883790631972624
2,41.7,2937.8279779481404,40.781179574291286,1981.203126967676,75.67042968539572,-7.670265305427692e-214,0.0,0.029883790631972624
2,41.800000000000004,2945.3916423285336,41.007277846057455,1981.203126967676,75.67042968539572,-1.142417006914885e-214,0.0,0.029883790631972624
2,41.900000000000006,2952.955306708927,41.233376117823624,1981.203126967676,75.67042968539572,-1.7015273471242616e-215,0.0,0.029883790631972624
2,42.0,2960.51897108932,41.45947438958979,1981.203126967676,75.67042968539572,-2.534271895015153e-216,0.0,0.029883790631972624
2,42.1,2968.0826354697133,41.68557266135596,1981.203126967676,75.67042968539572,-3.77456997603851e-217,0.0,0.029883790631972624
2,42.2,2975.6462998501065,41.91167093312213,1981.203126967676,75.67042968539572,-5.621882376565668e-218,0.0,0.029883790631972624
2,42.300000000000004,2983.2099642304997,42.1377692048883,1981.203126967676,75.67042968539572,-8.373287992162322e-219,0.0,0.029883790631972624
2,42.400000000000006,2990.773628610893,42.36386747665447,1981.203126967676,75.67042968539572,-1.2471259109216747e-219,0.0,0.029883790631972624
2,42.5,2998.337292991286,42.58996574842064,1981.203126967676,75.67042968539572,-1.857481838852374e-220,0.0,0.029883790631972624
2,42.6,3005.9009573716794,42.81606402018681,1981.203126967676,75.67042968539572,-2.7665520790250717e-221,0.0,0.029883790631972624
2,42.7,3013.4646217520726,43.04216229195298,1981.203126967676,75.67042968539572,-4.1205304115849514e-222,0.0,0.029883790631972624
2,42.800000000000004,3021.028286132466,43.268260563719146,1981.203126967676,75.67042968539572,-6.137159318822485e-223,0.0,0.029883790631972624
2,42.900000000000006,3028.591950512859,43.494358835485315,1981.203126967676,75.67042968539572,-9.140746637548067e-224,0.0,0.029883790631972624
2,43.0,3036.1556148932523,43.720457107251484,1981.203126967676,75.67042968539572,-1.361431971231234e-224,0.0,0.029883790631972624
2,43.1,3043.7192792736455,43.94655537901765,1981.203126967676,75.67042968539572,-2.0277304314254017e-225,0.0,0.029883790631972624
2,43.2,3051.2829436540387,44.17265365078382,1981.203126967676,75.67042968539572,-3.0201220401855052e-226,0.0,0.029883790631972624
2,43.300000000000004,3058.846608034432,44.39875192254999,1981.203126967676,75.67042968539572,-4.498200054729417e-227,0.0,0.029883790631972624
2,43.400000000000006,3066.410272414825,44.62485019431616,1981.203126967676,75.67042968539572,-6.699664272879816e-228,0.0,0.029883790631972624
2,43.5,3073.9739367952184,44.85094846608233,1981.203126967676,75.67042968539572,-9.978547157347878e-229,0.0,0.029883790631972624
2,43.6,3081.5376011756116,45.0770467378485,1981.203126967676,75.67042968539572,-1.4862148208601972e-229,0.0,0.029883790631972624
2,43.7,3089.101265556005,45.30314500961467,1981.203126967676,75.67042968539572,-2.213583259079948e-230,0.0,0.029883790631972624
2,43.800000000000004,3096.664929936398,45.529243281380836,1981.203126967676,75.67042968539572,-3.2969331055674645e-231,0.0,0.029883790631972624
2,43.900000000000006,3104.2285943167913,45.755341553147005,1981.203126967676,75.67042968539572,-4.910485231580868e-232,0.0,0.029883790631972624
2,44.0,3111.7922586971845,45.981439824913174,1981.203126967676,75.67042968539572,-7.313725949991193e-233,0.0,0.029883790631972624
2,44.1,3119.3559230775777,46.20753809667934,1981.203126967676,75.67042968539572,-1.0893136777514336e-233,0.0,0.029883790631972624
2,44.2,3126.919587457971,46.43363636844551,1981.203126967676,75.67042968539572,-1.622434716107708e-234,0.0,0.029883790631972624
2,44.300000000000004,3134.483251838364,46.65973464021168,1981.203126967676,75.67042968539572,-2.416470537178137e-235,0.0,0.029883790631972624
2,44.400000000000006,3142.0469162187574,46.88583291197785,1981.203126967676,75.67042968539572,-3.5991154522745887e-236,0.0,0.029883790631972624
2,44.5,3149.6105805991506,47.11193118374402,1981.203126967676,75.67042968539572,-5.360558649280495e-237,0.0,0.029883790631972624
2,44.6,3157.174244979544,47.33802945551019,1981.203126967676,75.67042968539572,-7.984069811991006e-238,0.0,0.029883790631972624
2,44.7,3164.737909359937,47.56412772727636,1981.203126967676,75.67042968539572,-1.1891553648294129e-238,0.0,0.029883790631972624
2,44.800000000000004,3172.3015737403302,47.790225999042526,1981.203126967676,75.67042968539572,-1.771139926129903e-239,0.0,0.029883790631972624
2,44.900000000000006,3179.8652381207235,48.016324270808695,1981.203126967676,75.67042968539572,-2.637953568313962e-240,0.0,0.029883790631972624
2,45.0,3187.4289025011167,48.242422542574865,1981.203126967676,75.67042968539572,-3.928994500048308e-241,0.0,0.029883790631972624
2,45.1,3194.99256688151,48.46852081434103,1981.203126967676,75.67042968539572,-5.851883811312249e-242,0.0,0.029883790631972624
2,45.2,3202.556231261903,48.6946190861072,1981.203126967676,75.67042968539572,-8.715854435702918e-243,0.0,0.029883790631972624
2,45.300000000000004,3210.1198956422963,48.92071735787337,1981.203126967676,75.67042968539572,-1.2981481005742532e-243,0.0,0.029883790631972624
2,45.400000000000006,3217.6835600226896,49.14681562963954,1981.203126967676,75.67042968539572,-1.9334747998101854e-244,0.0,0.029883790631972624
2,45.5,3225.247224403083,49.37291390140571,1981.203126967676,75.67042968539572,-2.879736757190754e-245,0.0,0.029883790631972624
2,45.6,3232.810888783476,49.59901217317188,1981.203126967676,75.67042968539572,-4.289108806346818e-246,0.0,0.029883790631972624
2,45.7,3240.374553163869,49.82511044493805,1981.203126967676,75.67042968539572,-6.388241670612965e-247,0.0,0.029883790631972624
2,45.800000000000004,3247.9382175442624,50.05120871670422,1981.203126967676,75.67042968539572,-9.514711210349288e-248,0.0,0.029883790631972624
2,45.900000000000006,3255.5018819246557,50.277306988470386,1981.203126967676,75.67042968539572,-1.4171306297443178e-248,0.0,0.029883790631972624
2,46.0,3263.065546305049,50.503405260236555,1981.203126967676,75.67042968539572,-2.1106885720032295e-249,0.0,0.029883790631972624
2,46.1,3270.629210685442,50.729503532002724,1981.203126967676,75.67042968539572,-3.143680726729347e-250,0.0,0.029883790631972624
2,46.2,3278.1928750658353,50.95560180376889,1981.203126967676,75.67042968539572,-4.6822296016081485e-251,0.0,0.029883790631972624
2,46.300000000000004,3285.7565394462285,51.18170007553506,1981.203126967676,75.67042968539572,-6.973759725589039e-252,0.0,0.029883790631972624
2,46.400000000000006,3293.3202038266218,51.40779834730123,1981.203126967676,75.67042968539572,-1.0386787673450322e-252,0.0,0.029883790631972624
2,46.5,3300.883868207015,51.6338966190674,1981.203126967676,75.67042968539572,-1.5470185727430846e-253,0.0,0.029883790631972624
2,46.6,3308.447532587408,51.85999489083357,1981.203126967676,75.67042968539572,-2.3041449769205133e-254,0.0,0.029883790631972624
2,46.7,3316.0111969678014,52.08609316259974,1981.203126967676,75.67042968539572,-3.431816636340878e-255,0.0,0.029883790631972624
2,46.800000000000004,3323.5748613481946,52.31219143436591,1981.203126967676,75.67042968539572,-5.111382115029259e-256,0.0,0.029883790631972624
2,46.900000000000006,3331.138525728588,52.538289706132076,1981.203126967676,75.67042968539572,-7.612943782945715e-257,0.0,0.029883790631972624
2,47.0,3338.702190108981,52.764387977898245,1981.203126967676,75.67042968539572,-1.133879481870044e-257,0.0,0.029883790631972624
2,47.1,3346.2658544893743,52.990486249664414,1981.203126967676,75.67042968539572,-1.688811471701693e-258,0.0,0.029883790631972624
2,47.2,3353.8295188697675,53.21658452143058,1981.203126967676,75.67042968539572,-2.5153327426363266e-259,0.0,0.029883790631972624
2,47.300000000000004,3361.3931832501607,53.44268279319675,1981.203126967676,75.67042968539572,-3.7463618125492875e-260,0.0,0.029883790631972624
2,47.400000000000006,3368.956847630554,53.66878106496292,1981.203126967676,75.67042968539572,-5.579868854971936e-261,0.0,0.029883790631972624
2,47.5,3376.520512010947,53.89487933672909,1981.203126967676,75.67042968539572,-8.310712631757103e-262,0.0,0.029883790631972624
2,47.6,3384.0841763913404,54.12097760849526,1981.203126967676,75.67042968539572,-1.2378058739875986e-262,0.0,0.029883790631972624
2,47.7,3391.6478407717336,54.34707588026143,1981.203126967676,75.67042968539572,-1.8436004823743524e-263,0.0,0.029883790631972624
2,47.800000000000004,3399.211505152127,54.5731741520276,1981.203126967676,75.67042968539572,-2.745877047473925e-264,0.0,0.029883790631972624
2,47.900000000000006,3406.77516953252,54.79927242379377,1981.203126967676,75.67042968539572,-4.089736812247761e-265,0.0,0.029883790631972624
2,48.0,3414.3388339129133,55.025370695559936,1981.203126967676,75.67042968539572,-6.091295023148083e-266,0.0,0.029883790631972624
2,48.1,3421.9024982933065,55.251468967326105,1981.203126967676,75.67042968539572,-9.072435895608628e-267,0.0,0.029883790631972624
2,48.2,3429.4661626736997,55.477567239092274,1981.203126967676,75.67042968539572,-1.3512577008195753e-267,0.0,0.029883790631972624
2,48.300000000000004,3437.029827054093,55.70366551085844,1981.203126967676,75.67042968539572,-2.0125767710389688e-268,0.0,0.029883790631972624
2,48.400000000000006,3444.593491434486,55.92976378262461,1981.203126967676,75.67042968539572,-2.997552026433537e-269,0.0,0.029883790631972624
2,48.5,3452.1571558148794,56.15586205439078,1981.203126967676,75.67042968539572,-4.464584049898004e-270,0.0,0.029883790631972624
2,48.6,3459.7208201952726,56.38196032615695,1981.203126967676,75.67042968539572,-6.649596258157097e-271,0.0,0.029883790631972624
2,48.7,3467.284484575666,56.60805859792312,1981.203126967676,75.67042968539572,-9.903975354099789e-272,0.0,0.029883790631972624
2,48.800000000000004,3474.848148956059,56.83415686968929,1981.203126967676,75.67042968539572,-1.475108021698159e-272,0.0,0.029883790631972624
2,48.900000000000006,3482.4118133364523,57.06025514145546,1981.203126967676,75.67042968539572,-2.197040681020594e-273,0.0,0.029883790631972624
2,49.0,3489.9754777168455,57.286353413221626,1981.203126967676,75.67042968539572,-3.2722944239043305e-274,0.0,0.029883790631972624
2,49.1,3497.5391420972387,57.512451684987795,1981.203126967676,75.67042968539572,-4.8737881320163896e-275,0.0,0.029883790631972624
2,49.2,3505.102806477632,57.738549956753964,1981.203126967676,75.67042968539572,-7.259068921873476e-276,0.0,0.029883790631972624
2,49.300000000000004,3512.666470858025,57.96464822852013,1981.203126967676,75.67042968539572,-1.081173005169363e-276,0.0,0.029883790631972624
2,49.400000000000006,3520.2301352384184,58.1907465002863,1981.203126967676,75.67042968539572,-1.6103099167231257e-277,0.0,0.029883790631972624
2,49.5,3527.7937996188116,58.41684477205247,1981.203126967676,75.67042968539572,-2.3984117393780485e-278,0.0,0.029883790631972624
2,49.6,3535.357463999205,58.64294304381864,1981.203126967676,75.67042968539572,-3.572218497723802e-279,0.0,0.029883790631972624
2,49.7,3542.921128379598,58.86904131558481,1981.203126967676,75.67042968539572,-5.320498055429465e-280,0.0,0.029883790631972624
2,49.800000000000004,3550.4847927599913,59.09513958735098,1981.203126967676,75.67042968539572,-7.924403161751227e-281,0.0,0.029883790631972624
2,49.900000000000006,3558.0484571403845,59.32123785911715,1981.203126967676,75.67042968539572,-1.1802685541044528e-281,0.0,0.029883790631972624
2,50.0,3565.6121215207777,59.547336130883316,1981.203126967676,75.67042968539572,-1.7579038211124614e-282,0.0,0.029883790631972624
2,50.1,3573.175785901171,59.773434402649485,1981.203126967676,75.67042968539572,-2.6182395807592705e-283,0.0,0.029883790631972624
2,50.2,3580.739450281564,59.999532674415654,1981.203126967676,75.67042968539572,-3.8996322892775136e-284,0.0,0.029883790631972624
2,50.300000000000004,3588.3031146619574,60.22563094618182,1981.203126967676,75.67042968539572,-5.808151440123686e-285,0.0,0.029883790631972624
2,50.400000000000006,3595.8667790423506,60.45172921794799,1981.203126967676,75.67042968539572,-8.650719003473238e-286,0.0,0.029883790631972624
2,50.5,3603.430443422744,60.67782748971416,1981.203126967676,75.67042968539572,-1.2884467639752076e-286,0.0,0.029883790631972624
2,50.6,3610.994107803137,60.90392576148033,1981.203126967676,75.67042968539572,-1.9190255317871943e-287,0.0,0.029883790631972624
2,50.7,3618.5577721835302,61.1300240332465,1981.203126967676,75.67042968539572,-2.8582158724890774e-288,0.0,0.029883790631972624
2,50.800000000000004,3626.1214365639235,61.35612230501267,1981.203126967676,75.67042968539572,-4.2570553848443705e-289,0.0,0.029883790631972624
2,50.900000000000006,3633.6851009443167,61.58222057677884,1981.203126967676,75.67042968539572,-6.34050098317117e-290,0.0,0.029883790631972624
2,51.0,3641.24876532471,61.80831884854501,1981.203126967676,75.67042968539572,-9.443605751693618e-291,0.0,0.029883790631972624
2,51.1,3648.812429705103,62.034417120311176,1981.203126967676,75.67042968539572,-1.4065401114221896e-291,0.0,0.029883790631972624
2,51.2,3656.3760940854963,62.260515392077345,1981.203126967676,75.67042968539572,-2.094914947804492e-292,0.0,0.029883790631972624
2,51.300000000000004,3663.9397584658896,62.486613663843514,1981.203126967676,75.67042968539572,-3.1201873326578644e-293,0.0,0.029883790631972624
2,51.400000000000006,3671.503422846283,62.71271193560968,1981.203126967676,75.67042968539572,-4.6472383048684896e-294,0.0,0.029883790631972624
2,51.5,3679.067087226676,62.93881020737585,1981.203126967676,75.67042968539572,-6.921643337305702e-295,0.0,0.029883790631972624
2,51.6,3686.630751607069,63.16490847914202,1981.203126967676,75.67042968539572,-1.0309165002078397e-295,0.0,0.029883790631972624
2,51.7,3694.1944159874624,63.39100675090819,1981.203126967676,75.67042968539572,-1.5354573742230398e-296,0.0,0.029883790631972624
2,51.800000000000004,3701.7580803678557,63.61710502267436,1981.203126967676,75.67042968539572,-2.2869256119002834e-297,0.0,0.029883790631972624
2,51.900000000000006,3709.321744748249,63.84320329444053,1981.203126967676,75.67042968539572,-3.4061699413908803e-298,0.0,0.029883790631972624
2,52.0,3716.885409128642,64.0693015662067,1981.203126967676,75.67042968539572,-5.073183670366199e-299,0.0,0.029883790631972624
2,52.1,3724.4490735090353,64.29539983797288,1981.203126967676,75.67042968539572,-7.556050636381548e-300,0.0,0.029883790631972624
2,52.2,3732.0127378894285,64.52149810973906,1981.203126967676,75.67042968539572,-1.1254057595640092e-300,0.0,0.029883790631972624
2,52.300000000000004,3739.5764022698218,64.74759638150523,1981.203126967676,75.67042968539572,-1.676190624718162e-301,0.0,0.029883790631972624
2,52.400000000000006,3747.140066650215,64.97369465327141,1981.203126967676,75.67042968539572,-2.4965351265676214e-302,0.0,0.029883790631972624
2,52.5,3754.703731030608,65.19979292503758,1981.203126967676,75.67042968539572,-3.718364454659789e-303,0.0,0.029883790631972624
2,52.6,3762.2673954110014,65.42589119680376,1981.203126967676,75.67042968539572,-5.538169309352562e-304,0.0,0.029883790631972624
2,52.7,3769.8310597913946,65.65198946856994,1981.203126967676,75.67042968539572,-8.248604910316906e-305,0.0,0.029883790631972624
2,52.800000000000004,3777.394724171788,65.87808774033611,1981.203126967676,75.67042968539572,-1.228555487669957e-305,0.0,0.029883790631972624
2,52.900000000000006,3784.958388552181,66.10418601210229,1981.203126967676,75.67042968539572,-1.8298228642229586e-306,0.0,0.029883790631972624
2,53.0,3792.5220529325743,66.33028428386847,1981.203126967676,75.67042968539572,-2.725356524826819e-307,0.0,0.029883790631972624
2,53.1,3800.0857173129675,66.55638255563464,1981.203126967676,75.67042968539572,-4.059173340021776e-308,0.0,0.029883790631972624
2,53.2,3807.6493816933607,66.78248082740082,1981.203126967676,75.67042968539572,-6.04577348110099e-309,0.0,0.029883790631972624
2,53.300000000000004,3815.213046073754,67.008579099167,1981.203126967676,75.67042968539572,-9.00463565435914e-310,0.0,0.029883790631972624
2,53.400000000000006,3822.776710454147,67.23467737093317,1981.203126967676,75.67042968539572,-1.34115946489265e-310,0.0,0.029883790631972624
2,53.5,3830.3403748345404,67.46077564269935,1981.203126967676,75.67042968539572,-1.9975363571765e-311,0.0,0.029883790631972624
2,53.6,3837.9040392149336,67.68687391446552,1981.203126967676,75.67042968539572,-2.97515068319e-312,0.0,0.029883790631972624
2,53.7,3845.467703595327,67.9129721862317,1981.203126967676,75.67042968539572,-4.43121926463e-313,0.0,0.029883790631972624
2,53.800000000000004,3853.03136797572,68.13907045799787,1981.203126967676,75.67042968539572,-6.599902412e-314,0.0,0.029883790631972624
2,53.900000000000006,3860.5950323561133,68.36516872976405,1981.203126967676,75.67042968539572,-9.82996084e-315,0.0,0.029883790631972624
2,54.0,3868.1586967365065,68.59126700153023,1981.203126967676,75.67042968539572,-1.464084224e-315,0.0,0.029883790631972624
2,54.1,3875.7223611168997,68.8173652732964,1981.203126967676,75.67042968539572,-2.18062177e-316,0.0,0.029883790631972624
2,54.2,3883.286025497293,69.04346354506258,1981.203126967676,75.67042968539572,-3.2478403e-317,0.0,0.029883790631972624
2,54.300000000000004,3890.849689877686,69.26956181682876,1981.203126967676,75.67042968539572,-4.837367e-318,0.0,0.029883790631972624
2,54.400000000000006,3898.4133542580794,69.49566008859493,1981.203126967676,75.67042968539572,-7.20486e-319,0.0,0.029883790631972624
2,54.5,3905.9770186384726,69.72175836036111,1981.203126967676,75.67042968539572,-1.0731e-319,0.0,0.029883790631972624
2,54.6,3913.540683018866,69.94785663212728,1981.203126967676,75.67042968539572,-1.598e-320,0.0,0.029883790631972624
2,54.7,3921.104347399259,70.17395490389346,1981.203126967676,75.67042968539572,-2.38e-321,0.0,0.029883790631972624
2,54.800000000000004,3928.6680117796523,70.40005317565964,1981.203126967676,75.67042968539572,-3.56e-322,0.0,0.029883790631972624
2,54.900000000000006,3936.2316761600455,70.62615144742581,1981.203126967676,75.67042968539572,-5e-323,0.0,0.029883790631972624
2,55.0,3943.7953405404387,70.85224971919199,1981.203126967676,75.67042968539572,-1e-323,0.0,0.029883790631972624
2,55.1,3951.359004920832,71.07834799095816,1981.203126967676,75.67042968539572,0.0,0.0,0.029883790631972624
2,55.2,3958.922669301225,71.30444626272434,1981.203126967676,75.67042968539572,0.0,0.0,0.029883790631972624
2,55.300000000000004,3966.4863336816184,71.53054453449052,1981.203126967676,75.67042968539572,0.0,0.0,0.029883790631972624
2,55.400000000000006,3974.0499980620116,71.75664280625669,1981.203126967676,75.67042968539572,0.0,0.0,0.029883790631972624
2,55.5,3981.613662442405,71.98274107802287,1981.203126967676,75.67042968539572,0.0,0.0,0.029883790631972624
2,55.6,3989.177326822798,72.20883934978905,1981.203126967676,75.67042968539572,0.0,0.0,0.029883790631972624
2,55.7,3996.7409912031912,72.43493762155522,1981.203126967676,75.67042968539572,0.0,0.0,0.029883790631972624
2,55.800000000000004,4004.3046555835845,72.6610358933214,1981.203126967676,75.67042968539572,0.0,0.0,0.029883790631972624
2,55.900000000000006,4011.8683199639777,72.88713416508757,1981.203126967676,75.67042968539572,0.0,0.0,0.029883790631972624
2,56.0,4019.431984344371,73.11323243685375,1981.203126967676,75.67042968539572,0.0,0.0,0.029883790631972624
2,56.1,4026.995648724764,73.33933070861993,1981.203126967676,75.67042968539572,0.0,0.0,0.029883790631972624
2,56.2,4034.5593131051573,73.5654289803861,1981.203126967676,75.67042968539572,0.0,0.0,0.029883790631972624
2,56.300000000000004,4042.1229774855506,73.79152725215228,1981.203126967676,75.67042968539572,0.0,0.0,0.029883790631972624
2,56.400000000000006,4049.686641865944,74.01762552391845,1981.203126967676,75.67042968539572,0.0,0.0,0.029883790631972624
2,56.5,4057.250306246337,74.24372379568463,1981.203126967676,75.67042968539572,0.0,0.0,0.029883790631972624
2,56.6,4064.81397062673,74.4698220674508,1981.203126967676,75.67042968539572,0.0,0.0,0.029883790631972624
2,56.7,4072.3776350071234,74.69592033921698,1981.203126967676,75.67042968539572,0.0,0.0,0.029883790631972624
2,56.800000000000004,4079.9412993875167,74.92201861098316,1981.203126967676,75.67042968539572,0.0,0.0,0.029883790631972624
2,56.900000000000006,4087.50496376791,75.14811688274933,1981.203126967676,75.67042968539572,0.0,0.0,0.029883790631972624
2,57.0,4095.068628148303,75.37421515451551,1981.203126967676,75.67042968539572,0.0,0.0,0.029883790631972624
2,57.1,4102.632292528696,75.60031342628169,1981.203126967676,75.67042968539572,0.0,0.0,0.029883790631972624
2,57.2,4110.195956909089,75.82641169804786,1981.203126967676,75.67042968539572,0.0,0.0,0.029883790631972624
2,57.300000000000004,4117.759621289481,76.05250996981404,1981.203126967676,75.67042968539572,0.0,0.0,0.029883790631972624
2,57.400000000000006,4125.323285669874,76.27860824158022,1981.203126967676,75.67042968539572,0.0,0.0,0.029883790631972624
2,57.5,4132.886950050267,76.50470651334639,1981.203126967676,75.67042968539572,0.0,0.0,0.029883790631972624
2,57.6,4140.45061443066,76.73080478511257,1981.203126967676,75.67042968539572,0.0,0.0,0.029883790631972624
2,57.7,4148.0142788110525,76.95690305687874,1981.203126967676,75.67042968539572,0.0,0.0,0.029883790631972624
2,57.800000000000004,4155.577943191445,77.18300132864492,1981.203126967676,75.67042968539572,0.0,0.0,0.029883790631972624
2,57.900000000000006,4163.141607571838,77.4090996004111,1981.203126967676,75.67042968539572,0.0,0.0,0.029883790631972624
2,58.0,4170.705271952231,77.63519787217727,1981.203126967676,75.67042968539572,0.0,0.0,0.029883790631972624
2,58.1,4178.2689363326235,77.86129614394345,1981.203126967676,75.67042968539572,0.0,0.0,0.029883790631972624
2,58.2,4185.832600713016,78.08739441570962,1981.203126967676,75.67042968539572,0.0,0.0,0.029883790631972624
2,58.300000000000004,4193.396265093409,78.3134926874758,1981.203126967676,75.67042968539572,0.0,0.0,0.029883790631972624
2,58.400000000000006,4200.959929473802,78.53959095924198,1981.203126967676,75.67042968539572,0.0,0.0,0.029883790631972624
2,58.5,4208.523593854195,78.76568923100815,1981.203126967676,75.67042968539572,0.0,0.0,0.029883790631972624
2,58.6,4216.087258234587,78.99178750277433,1981.203126967676,75.67042968539572,0.0,0.0,0.029883790631972624
2,58.7,4223.65092261498,79.2178857745405,1981.203126967676,75.67042968539572,0.0,0.0,0.029883790631972624
2,58.800000000000004,4231.214586995373,79.44398404630668,1981.203126967676,75.67042968539572,0.0,0.0,0.029883790631972624
2,58.900000000000006,4238.778251375766,79.67008231807286,1981.203126967676,75.67042968539572,0.0,0.0,0.029883790631972624
2,59.0,4246.341915756158,79.89618058983903,1981.203126967676,75.67042968539572,0.0,0.0,0.029883790631972624
2,59.1,4253.905580136551,80.12227886160521,1981.203126967676,75.67042968539572,0.0,0.0,0.029883790631972624
2,59.2,4261.469244516944,80.34837713337139,1981.203126967676,75.67042968539572,0.0,0.0,0.029883790631972624
2,59.300000000000004,4269.032908897337,80.57447540513756,1981.203126967676,75.67042968539572,0.0,0.0,0.029883790631972624
2,59.400000000000006,4276.5965732777295,80.80057367690374,1981.203126967676,75.67042968539572,0.0,0.0,0.029883790631972624
2,59.5,4284.160237658122,81.02667194866991,1981.203126967676,75.67042968539572,0.0,0.0,0.029883790631972624
2,59.6,4291.723902038515,81.25277022043609,1981.203126967676,75.67042968539572,0.0,0.0,0.029883790631972624
2,59.7,4299.287566418908,81.47886849220227,1981.203126967676,75.67042968539572,0.0,0.0,0.029883790631972624
2,59.800000000000004,4306.8512307993005,81.70496676396844,1981.203126967676,75.67042968539572,0.0,0.0,0.029883790631972624
2,59.900000000000006,4314.414895179693,81.93106503573462,1981.203126967676,75.67042968539572,0.0,0.0,0.029883790631972624
2,60.0,4321.978559560086,82.1571633075008,1981.203126967676,75.67042968539572,0.0,0.0,0.029883790631972624
2,60.1,4329.542223940479,82.38326157926697,1981.203126967676,75.67042968539572,0.0,0.0,0.029883790631972624
2,60.2,4337.105888320872,82.60935985103315,1981.203126967676,75.67042968539572,0.0,0.0,0.029883790631972624
2,60.300000000000004,4344.669552701264,82.83545812279932,1981.203126967676,75.67042968539572,0.0,0.0,0.029883790631972624
2,60.400000000000006,4352.233217081657,83.0615563945655,1981.203126967676,75.67042968539572,0.0,0.0,0.029883790631972624
2,60.5,4359.79688146205,83.28765466633168,1981.203126967676,75.67042968539572,0.0,0.0,0.029883790631972624
2,60.6,4367.360545842443,83.51375293809785,1981.203126967676,75.67042968539572,0.0,0.0,0.029883790631972624
2,60.7,4374.924210222835,83.73985120986403,1981.203126967676,75.67042968539572,0.0,0.0,0.029883790631972624
2,60.800000000000004,4382.487874603228,83.9659494816302,1981.203126967676,75.67042968539572,0.0,0.0,0.029883790631972624
2,60.900000000000006,4390.051538983621,84.19204775339638,1981.203126967676,75.67042968539572,0.0,0.0,0.029883790631972624
2,61.0,4397.615203364014,84.41814602516256,1981.203126967676,75.67042968539572,0.0,0.0,0.029883790631972624
2,61.1,4405.1788677444065,84.64424429692873,1981.203126967676,75.67042968539572,0.0,0.0,0.029883790631972624
2,61.2,4412.742532124799,84.87034256869491,1981.203126967676,75.67042968539572,0.0,0.0,0.029883790631972624
2,61.300000000000004,4420.306196505192,85.09644084046109,1981.203126967676,75.67042968539572,0.0,0.0,0.029883790631972624
2,61.400000000000006,4427.869860885585,85.32253911222726,1981.203126967676,75.67042968539572,0.0,0.0,0.029883790631972624
2,61.5,4435.433525265978,85.54863738399344,1981.203126967676,75.67042968539572,0.0,0.0,0.029883790631972624
2,61.6,4442.99718964637,85.77473565575961,1981.203126967676,75.67042968539572,0.0,0.0,0.029883790631972624
2,61.7,4450.560854026763,86.00083392752579,1981.203126967676,75.67042968539572,0.0,0.0,0.029883790631972624
2,61.800000000000004,4458.124518407156,86.22693219929197,1981.203126967676,75.67042968539572,0.0,0.0,0.029883790631972624
2,61.900000000000006,4465.688182787549,86.45303047105814,1981.203126967676,75.67042968539572,0.0,0.0,0.029883790631972624
2,62.0,4473.251847167941,86.67912874282432,1981.203126967676,75.67042968539572,0.0,0.0,0.029883790631972624
2,62.1,4480.815511548334,86.9052270145905,1981.203126967676,75.67042968539572,0.0,0.0,0.029883790631972624
2,62.2,4488.379175928727,87.13132528635667,1981.203126967676,75.67042968539572,0.0,0.0,0.029883790631972624
2,62.300000000000004,4495.94284030912,87.35742355812285,1981.203126967676,75.67042968539572,0.0,0.0,0.029883790631972624
2,62.400000000000006,4503.506504689512,87.58352182988902,1981.203126967676,75.67042968539572,0.0,0.0,0.029883790631972624
2,62.5,4511.070169069905,87.8096201016552,1981.203126967676,75.67042968539572,0.0,0.0,0.029883790631972624
2,62.6,4518.633833450298,88.03571837342137,1981.203126967676,75.67042968539572,0.0,0.0,0.029883790631972624
2,62.7,4526.197497830691,88.26181664518755,1981.203126967676,75.67042968539572,0.0,0.0,0.029883790631972624
2,62.800000000000004,4533.7611622110835,88.48791491695373,1981.203126967676,75.67042968539572,0.0,0.0,0.029883790631972624
2,62.900000000000006,4541.324826591476,88.7140131887199,1981.203126967676,75.67042968539572,0.0,0.0,0.029883790631972624
2,63.0,4548.888490971869,88.94011146048608,1981.203126967676,75.67042968539572,0.0,0.0,0.029883790631972624
2,63.1,4556.452155352262,89.16620973225226,1981.203126967676,75.67042968539572,0.0,0.0,0.029883790631972624
2,63.2,4564.015819732655,89.39230800401843,1981.203126967676,75.67042968539572,0.0,0.0,0.029883790631972624
2,63.300000000000004,4571.579484113047,89.61840627578461,1981.203126967676,75.67042968539572,0.0,0.0,0.029883790631972624
2,63.400000000000006,4579.14314849344,89.84450454755078,1981.203126967676,75.67042968539572,0.0,0.0,0.029883790631972624
2,63.5,4586.706812873833,90.07060281931696,1981.203126967676,75.67042968539572,0.0,0.0,0.029883790631972624
2,63.6,4594.270477254226,90.29670109108314,1981.203126967676,75.67042968539572,0.0,0.0,0.029883790631972624
2,63.7,4601.834141634618,90.52279936284931,1981.203126967676,75.67042968539572,0.0,0.0,0.029883790631972624
2,63.800000000000004,4609.397806015011,90.74889763461549,1981.203126967676,75.67042968539572,0.0,0.0,0.029883790631972624
2,63.900000000000006,4616.961470395404,90.97499590638166,1981.203126967676,75.67042968539572,0.0,0.0,0.029883790631972624
2,64.0,4624.525134775797,91.20109417814784,1981.203126967676,75.67042968539572,0.0,0.0,0.029883790631972624
2,64.10000000000001,4632.088799156189,91.42719244991402,1981.203126967676,75.67042968539572,0.0,0.0,0.029883790631972624
2,64.2,4639.652463536582,91.6532907216802,1981.203126967676,75.67042968539572,0.0,0.0,0.029883790631972624
2,64.3,4647.216127916975,91.87938899344637,1981.203126967676,75.67042968539572,0.0,0.0,0.029883790631972624
2,64.4,4654.779792297368,92.10548726521255,1981.203126967676,75.67042968539572,0.0,0.0,0.029883790631972624
2,64.5,4662.3434566777605,92.33158553697872,1981.203126967676,75.67042968539572,0.0,0.0,0.029883790631972624
2,64.60000000000001,4669.907121058153,92.5576838087449,1981.203126967676,75.67042968539572,0.0,0.0,0.029883790631972624
2,64.7,4677.470785438546,92.78378208051107,1981.203126967676,75.67042968539572,0.0,0.0,0.029883790631972624
2,64.8,4685.034449818939,93.00988035227725,1981.203126967676,75.67042968539572,0.0,0.0,0.029883790631972624
2,64.9,4692.598114199332,93.23597862404343,1981.203126967676,75.67042968539572,0.0,0.0,0.029883790631972624
2,65.0,4700.161778579724,93.4620768958096,1981.203126967676,75.67042968539572,0.0,0.0,0.029883790631972624
2,65.10000000000001,4707.725442960117,93.68817516757578,1981.203126967676,75.67042968539572,0.0,0.0,0.029883790631972624
2,65.2,4715.28910734051,93.91427343934195,1981.203126967676,75.67042968539572,0.0,0.0,0.029883790631972624
2,65.3,4722.852771720903,94.14037171110813,1981.203126967676,75.67042968539572,0.0,0.0,0.029883790631972624
2,65.4,4730.416436101295,94.3664699828743,1981.203126967676,75.67042968539572,0.0,0.0,0.029883790631972624
2,65.5,4737.980100481688,94.59256825464048,1981.203126967676,75.67042968539572,0.0,0.0,0.029883790631972624
2,65.60000000000001,4745.543764862081,94.81866652640666,1981.203126967676,75.67042968539572,0.0,0.0,0.029883790631972624
2,65.7,4753.107429242474,95.04476479817284,1981.203126967676,75.67042968539572,0.0,0.0,0.029883790631972624
2,65.8,4760.6710936228665,95.27086306993901,1981.203126967676,75.67042968539572,0.0,0.0,0.029883790631972624
2,65.9,4768.234758003259,95.49696134170519,1981.203126967676,75.67042968539572,0.0,0.0,0.029883790631972624
2,66.0,4775.798422383652,95.72305961347136,1981.203126967676,75.67042968539572,0.0,0.0,0.029883790631972624
2,66.10000000000001,4783.362086764045,95.94915788523754,1981.203126967676,75.67042968539572,0.0,0.0,0.029883790631972624
2,66.2,4790.9257511444375,96.17525615700372,1981.203126967676,75.67042968539572,0.0,0.0,0.029883790631972624
2,66.3,4798.48941552483,96.40135442876989,1981.203126967676,75.67042968539572,0.0,0.0,0.029883790631972624
2,66.4,4806.053079905223,96.62745270053607,1981.203126967676,75.67042968539572,0.0,0.0,0.029883790631972624
2,66.5,4813.616744285616,96.85355097230224,1981.203126967676,75.67042968539572,0.0,0.0,0.029883790631972624
2,66.60000000000001,4821.180408666009,97.07964924406842,1981.203126967676,75.67042968539572,0.0,0.0,0.029883790631972624
2,66.7,4828.744073046401,97.3057475158346,1981.203126967676,75.67042968539572,0.0,0.0,0.029883790631972624
2,66.8,4836.307737426794,97.53184578760077,1981.203126967676,75.67042968539572,0.0,0.0,0.029883790631972624
2,66.9,4843.871401807187,97.75794405936695,1981.203126967676,75.67042968539572,0.0,0.0,0.029883790631972624
2,67.0,4851.43506618758,97.98404233113313,1981.203126967676,75.67042968539572,0.0,0.0,0.029883790631972624
2,67.10000000000001,4858.998730567972,98.2101406028993,1981.203126967676,75.67042968539572,0.0,0.0,0.029883790631972624
2,67.2,4866.562394948365,98.43623887466548,1981.203126967676,75.67042968539572,0.0,0.0,0.029883790631972624
2,67.3,4874.126059328758,98.66233714643165,1981.203126967676,75.67042968539572,0.0,0.0,0.029883790631972624
2,67.4,4881.689723709151,98.88843541819783,1981.203126967676,75.67042968539572,0.0,0.0,0.029883790631972624
2,67.5,4889.2533880895435,99.114533689964,1981.203126967676,75.67042968539572,0.0,0.0,0.029883790631972624
2,67.60000000000001,4896.817052469936,99.34063196173018,1981.203126967676,75.67042968539572,0.0,0.0,0.029883790631972624
2,67.7,4904.380716850329,99.56673023349636,1981.203126967676,75.67042968539572,0.0,0.0,0.029883790631972624
2,67.8,4911.944381230722,99.79282850526253,1981.203126967676,75.67042968539572,0.0,0.0,0.029883790631972624
2,67.9,4919.5080456111145,100.01892677702871,1981.203126967676,75.67042968539572,0.0,0.0,0.029883790631972624
2,68.0,4927.071709991507,100.24502504879489,1981.203126967676,75.67042968539572,0.0,0.0,0.029883790631972624
2,68.10000000000001,4934.6353743719,100.47112332056106,1981.203126967676,75.67042968539572,0.0,0.0,0.029883790631972624
2,68.2,4942.199038752293,100.69722159232724,1981.203126967676,75.67042968539572,0.0,0.0,0.029883790631972624
2,68.3,4949.762703132686,100.92331986409341,1981.203126967676,75.67042968539572,0.0,0.0,0.029883790631972624
2,68.4,4957.326367513078,101.14941813585959,1981.203126967676,75.67042968539572,0.0,0.0,0.029883790631972624
2,68.5,4964.890031893471,101.37551640762577,1981.203126967676,75.67042968539572,0.0,0.0,0.029883790631972624
2,68.60000000000001,4972.453696273864,101.60161467939194,1981.203126967676,75.67042968539572,0.0,0.0,0.029883790631972624
2,68.7,4980.017360654257,101.82771295115812,1981.203126967676,75.67042968539572,0.0,0.0,0.029883790631972624
2,68.8,4987.581025034649,102.0538112229243,1981.203126967676,75.67042968539572,0.0,0.0,0.029883790631972624
2,68.9,4995.144689415042,102.27990949469047,1981.203126967676,75.67042968539572,0.0,0.0,0.029883790631972624
2,69.0,5002.708353795435,102.50600776645665,1981.203126967676,75.67042968539572,0.0,0.0,0.029883790631972624
2,69.10000000000001,5010.272018175828,102.73210603822282,1981.203126967676,75.67042968539572,0.0,0.0,0.029883790631972624
2,69.2,5017.8356825562205,102.958204309989,1981.203126967676,75.67042968539572,0.0,0.0,0.029883790631972624
2,69.3,5025.399346936613,103.18430258175518,1981.203126967676,75.67042968539572,0.0,0.0,0.029883790631972624
2,69.4,5032.963011317006,103.41040085352135,1981.203126967676,75.67042968539572,0.0,0.0,0.029883790631972624
2,69.5,5040.526675697399,103.63649912528753,1981.203126967676,75.67042968539572,0.0,0.0,0.029883790631972624
2,69.60000000000001,5048.090340077792,103.8625973970537,1981.203126967676,75.67042968539572,0.0,0.0,0.029883790631972624
2,69.7,5055.654004458184,104.08869566881988,1981.203126967676,75.67042968539572,0.0,0.0,0.029883790631972624
2,69.8,5063.217668838577,104.31479394058606,1981.203126967676,75.67042968539572,0.0,0.0,0.029883790631972624
2,69.9,5070.78133321897,104.54089221235223,1981.203126967676,75.67042968539572,0.0,0.0,0.029883790631972624
2,70.0,5078.344997599363,104.76699048411841,1981.203126967676,75.67042968539572,0.0,0.0,0.029883790631972624
2,70.10000000000001,5085.908661979755,104.99308875588459,1981.203126967676,75.67042968539572,0.0,0.0,0.029883790631972624
2,70.2,5093.472326360148,105.21918702765076,1981.203126967676,75.67042968539572,0.0,0.0,0.029883790631972624
2,70.3,5101.035990740541,105.44528529941694,1981.203126967676,75.67042968539572,0.0,0.0,0.029883790631972624
2,70.4,5108.599655120934,105.67138357118311,1981.203126967676,75.67042968539572,0.0,0.0,0.029883790631972624
2,70.5,5116.163319501326,105.89748184294929,1981.203126967676,75.67042968539572,0.0,0.0,0.029883790631972624
2,70.60000000000001,5123.726983881719,106.12358011471547,1981.203126967676,75.67042968539572,0.0,0.0,0.029883790631972624
2,70.7,5131.290648262112,106.34967838648164,1981.203126967676,75.67042968539572,0.0,0.0,0.029883790631972624
2,70.8,5138.854312642505,106.57577665824782,1981.203126967676,75.67042968539572,0.0,0.0,0.029883790631972624
2,70.9,5146.4179770228975,106.801874930014,1981.203126967676,75.67042968539572,0.0,0.0,0.029883790631972624
2,71.0,5153.98164140329,107.02797320178017,1981.203126967676,75.67042968539572,0.0,0.0,0.029883790631972624
2,71.10000000000001,5161.545305783683,107.25407147354635,1981.203126967676,75.67042968539572,0.0,0.0,0.029883790631972624
2,71.2,5169.108970164076,107.48016974531252,1981.203126967676,75.67042968539572,0.0,0.0,0.029883790631972624
2,71.3,5176.672634544469,107.7062680170787,1981.203126967676,75.67042968539572,0.0,0.0,0.029883790631972624
2,71.4,5184.236298924861,107.93236628884488,1981.203126967676,75.67042968539572,0.0,0.0,0.029883790631972624
2,71.5,5191.799963305254,108.15846456061105,1981.203126967676,75.67042968539572,0.0,0.0,0.029883790631972624
2,71.60000000000001,5199.363627685647,108.38456283237723,1981.203126967676,75.67042968539572,0.0,0.0,0.029883790631972624
2,71.7,5206.92729206604,108.6106611041434,1981.203126967676,75.67042968539572,0.0,0.0,0.029883790631972624
2,71.8,5214.490956446432,108.83675937590958,1981.203126967676,75.67042968539572,0.0,0.0,0.029883790631972624
2,71.9,5222.054620826825,109.06285764767576,1981.203126967676,75.67042968539572,0.0,0.0,0.029883790631972624
2,72.0,5229.618285207218,109.28895591944193,1981.203126967676,75.67042968539572,0.0,0.0,0.029883790631972624
2,72.10000000000001,5237.181949587611,109.51505419120811,1981.203126967676,75.67042968539572,0.0,0.0,0.029883790631972624
2,72.2,5244.745613968003,109.74115246297428,1981.203126967676,75.67042968539572,0.0,0.0,0.029883790631972624
2,72.3,5252.309278348396,109.96725073474046,1981.203126967676,75.67042968539572,0.0,0.0,0.029883790631972624
2,72.4,5259.872942728789,110.19334900650664,1981.203126967676,75.67042968539572,0.0,0.0,0.029883790631972624
2,72.5,5267.436607109182,110.41944727827281,1981.203126967676,75.67042968539572,0.0,0.0,0.029883790631972624
2,72.60000000000001,5275.0002714895745,110.64554555003899,1981.203126967676,75.67042968539572,0.0,0.0,0.029883790631972624
2,72.7,5282.563935869967,110.87164382180516,1981.203126967676,75.67042968539572,0.0,0.0,0.029883790631972624
2,72.8,5290.12760025036,111.09774209357134,1981.203126967676,75.67042968539572,0.0,0.0,0.029883790631972624
2,72.9,5297.691264630753,111.32384036533752,1981.203126967676,75.67042968539572,0.0,0.0,0.029883790631972624
2,73.0,5305.254929011146,111.5499386371037,1981.203126967676,75.67042968539572,0.0,0.0,0.029883790631972624
2,73.10000000000001,5312.818593391538,111.77603690886987,1981.203126967676,75.67042968539572,0.0,0.0,0.029883790631972624
2,73.2,5320.382257771931,112.00213518063605,1981.203126967676,75.67042968539572,0.0,0.0,0.029883790631972624
2,73.3,5327.945922152324,112.22823345240222,1981.203126967676,75.67042968539572,0.0,0.0,0.029883790631972624
2,73.4,5335.509586532717,112.4543317241684,1981.203126967676,75.67042968539572,0.0,0.0,0.029883790631972624
2,73.5,5343.073250913109,112.68042999593457,1981.203126967676,75.67042968539572,0.0,0.0,0.029883790631972624
2,73.60000000000001,5350.636915293502,112.90652826770075,1981.203126967676,75.67042968539572,0.0,0.0,0.029883790631972624
2,73.7,5358.200579673895,113.13262653946693,1981.203126967676,75.67042968539572,0.0,0.0,0.029883790631972624
2,73.8,5365.764244054288,113.3587248112331,1981.203126967676,75.67042968539572,0.0,0.0,0.029883790631972624
2,73.9,5373.3279084346805,113.58482308299928,1981.203126967676,75.67042968539572,0.0,0.0,0.029883790631972624
2,74.0,5380.891572815073,113.81092135476545,1981.203126967676,75.67042968539572,0.0,0.0,0.029883790631972624
2,74.10000000000001,5388.455237195466,114.03701962653163,1981.203126967676,75.67042968539572,0.0,0.0,0.029883790631972624
2,74.2,5396.018901575859,114.2631178982978,1981.203126967676,75.67042968539572,0.0,0.0,0.029883790631972624
2,74.3,5403.5825659562515,114.48921617006398,1981.203126967676,75.67042968539572,0.0,0.0,0.029883790631972624
2,74.4,5411.146230336644,114.71531444183016,1981.203126967676,75.67042968539572,0.0,0.0,0.029883790631972624
2,74.5,5418.709894717037,114.94141271359634,1981.203126967676,75.67042968539572,0.0,0.0,0.029883790631972624
2,74.60000000000001,5426.27355909743,115.16751098536251,1981.203126967676,75.67042968539572,0.0,0.0,0.029883790631972624
2,74.7,5433.837223477823,115.39360925712869,1981.203126967676,75.67042968539572,0.0,0.0,0.029883790631972624
2,74.8,5441.400887858215,115.61970752889486,1981.203126967676,75.67042968539572,0.0,0.0,0.029883790631972624
2,74.9,5448.964552238608,115.84580580066104,1981.203126967676,75.67042968539572,0.0,0.0,0.029883790631972624
2,75.0,5456.528216619001,116.07190407242722,1981.203126967676,75.67042968539572,0.0,0.0,0.029883790631972624
2,75.10000000000001,5464.091880999394,116.29800234419339,1981.203126967676,75.67042968539572,0.0,0.0,0.029883790631972624
2,75.2,5471.655545379786,116.52410061595957,1981.203126967676,75.67042968539572,0.0,0.0,0.029883790631972624
2,75.3,5479.219209760179,116.75019888772574,1981.203126967676,75.67042968539572,0.0,0.0,0.029883790631972624
2,75.4,5486.782874140572,116.97629715949192,1981.203126967676,75.67042968539572,0.0,0.0,0.029883790631972624
2,75.5,5494.346538520965,117.2023954312581,1981.203126967676,75.67042968539572,0.0,0.0,0.029883790631972624
2,75.60000000000001,5501.9102029013575,117.42849370302427,1981.203126967676,75.67042968539572,0.0,0.0,0.029883790631972624
2,75.7,5509.47386728175,117.65459197479045,1981.203126967676,75.67042968539572,0.0,0.0,0.029883790631972624
2,75.8,5517.037531662143,117.88069024655663,1981.203126967676,75.67042968539572,0.0,0.0,0.029883790631972624
2,75.9,5524.601196042536,118.1067885183228,1981.203126967676,75.67042968539572,0.0,0.0,0.029883790631972624
2,76.0,5532.1648604229285,118.33288679008898,1981.203126967676,75.67042968539572,0.0,0.0,0.029883790631972624
2,76.10000000000001,5539.728524803321,118.55898506185515,1981.203126967676,75.67042968539572,0.0,0.0,0.029883790631972624
2,76.2,5547.292189183714,118.78508333362133,1981.203126967676,75.67042968539572,0.0,0.0,0.029883790631972624
2,76.3,5554.855853564107,119.0111816053875,1981.203126967676,75.67042968539572,0.0,0.0,0.029883790631972624
2,76.4,5562.4195179445,119.23727987715368,1981.203126967676,75.67042968539572,0.0,0.0,0.029883790631972624
2,76.5,5569.983182324892,119.46337814891986,1981.203126967676,75.67042968539572,0.0,0.0,0.029883790631972624
2,76.60000000000001,5577.546846705285,119.68947642068603,1981.203126967676,75.67042968539572,0.0,0.0,0.029883790631972624
2,76.7,5585.110511085678,119.91557469245221,1981.203126967676,75.67042968539572,0.0,0.0,0.029883790631972624
2,76.80000000000001,5592.674175466071,120.14167296421839,1981.203126967676,75.67042968539572,0.0,0.0,0.029883790631972624
2,76.9,5600.237839846463,120.36777123598456,1981.203126967676,75.67042968539572,0.0,0.0,0.029883790631972624
2,77.0,5607.801504226856,120.59386950775074,1981.203126967676,75.67042968539572,0.0,0.0,0.029883790631972624
2,77.10000000000001,5615.365168607249,120.81996777951692,1981.203126967676,75.67042968539572,0.0,0.0,0.029883790631972624
2,77.2,5622.928832987642,121.04606605128309,1981.203126967676,75.67042968539572,0.0,0.0,0.029883790631972624
2,77.30000000000001,5630.4924973680345,121.27216432304927,1981.203126967676,75.67042968539572,0.0,0.0,0.029883790631972624
2,77.4,5638.056161748427,121.49826259481544,1981.203126967676,75.67042968539572,0.0,0.0,0.029883790631972624
2,77.5,5645.61982612882,121.72436086658162,1981.203126967676,75.67042968539572,0.0,0.0,0.029883790631972624
2,77.60000000000001,5653.183490509213,121.9504591383478,1981.203126967676,75.67042968539572,0.0,0.0,0.029883790631972624
2,77.7,5660.747154889606,122.17655741011397,1981.203126967676,75.67042968539572,0.0,0.0,0.029883790631972624
2,77.80000000000001,5668.310819269998,122.40265568188015,1981.203126967676,75.67042968539572,0.0,0.0,0.029883790631972624
2,77.9,5675.874483650391,122.62875395364632,1981.203126967676,75.67042968539572,0.0,0.0,0.029883790631972624
2,78.0,5683.438148030784,122.8548522254125,1981.203126967676,75.67042968539572,0.0,0.0,0.029883790631972624
2,78.10000000000001,5691.001812411177,123.08095049717868,1981.203126967676,75.67042968539572,0.0,0.0,0.029883790631972624
2,78.2,5698.565476791569,123.30704876894485,1981.203126967676,75.67042968539572,0.0,0.0,0.029883790631972624
2,78.30000000000001,5706.129141171962,123.53314704071103,1981.203126967676,75.67042968539572,0.0,0.0,0.029883790631972624
2,78.4,5713.692805552355,123.7592453124772,1981.203126967676,75.67042968539572,0.0,0.0,0.029883790631972624
2,78.5,5721.256469932748,123.98534358424338,1981.203126967676,75.67042968539572,0.0,0.0,0.029883790631972624
2,78.60000000000001,5728.82013431314,124.21144185600956,1981.203126967676,75.67042968539572,0.0,0.0,0.029883790631972624
2,78.7,5736.383798693533,124.43754012777573,1981.203126967676,75.67042968539572,0.0,0.0,0.029883790631972624
2,78.80000000000001,5743.947463073926,124.66363839954191,1981.203126967676,75.67042968539572,0.0,0.0,0.029883790631972624
2,78.9,5751.511127454319,124.88973667130809,1981.203126967676,75.67042968539572,0.0,0.0,0.029883790631972624
2,79.0,5759.0747918347115,125.11583494307426,1981.203126967676,75.67042968539572,0.0,0.0,0.029883790631972624
2,79.10000000000001,5766.638456215104,125.34193321484044,1981.203126967676,75.67042968539572,0.0,0.0,0.029883790631972624
2,79.2,5774.202120595497,125.56803148660661,1981.203126967676,75.67042968539572,0.0,0.0,0.029883790631972624
2,79.30000000000001,5781.76578497589,125.79412975837279,1981.203126967676,75.67042968539572,0.0,0.0,0.029883790631972624
2,79.4,5789.329449356283,126.02022803013897,1981.203126967676,75.67042968539572,0.0,0.0,0.029883790631972624
2,79.5,5796.893113736675,126.24632630190514,1981.203126967676,75.67042968539572,0.0,0.0,0.029883790631972624
2,79.60000000000001,5804.456778117068,126.47242457367132,1981.203126967676,75.67042968539572,0.0,0.0,0.029883790631972624
2,79.7,5812.020442497461,126.6985228454375,1981.203126967676,75.67042968539572,0.0,0.0,0.029883790631972624
2,79.80000000000001,5819.584106877854,126.92462111720367,1981.203126967676,75.67042968539572,0.0,0.0,0.029883790631972624
2,79.9,5827.147771258246,127.15071938896985,1981.203126967676,75.67042968539572,0.0,0.0,0.029883790631972624
2,80.0,5834.711435638639,127.37681766073602,1981.203126967676,75.67042968539572,0.0,0.0,0.029883790631972624
2,80.10000000000001,5842.275100019032,127.6029159325022,1981.203126967676,75.67042968539572,0.0,0.0,0.029883790631972624
2,80.2,5849.838764399425,127.82901420426838,1981.203126967676,75.67042968539572,0.0,0.0,0.029883790631972624
2,80.30000000000001,5857.4024287798175,128.05511247603454,1981.203126967676,75.67042968539572,0.0,0.0,0.029883790631972624
2,80.4,5864.96609316021,128.2812107478007,1981.203126967676,75.67042968539572,0.0,0.0,0.029883790631972624
2,80.5,5872.529757540603,128.5073090195669,1981.203126967676,75.67042968539572,0.0,0.0,0.029883790631972624
2,80.60000000000001,5880.093421920996,128.73340729133307,1981.203126967676,75.67042968539572,0.0,0.0,0.029883790631972624
2,80.7,5887.6570863013885,128.95950556309924,1981.203126967676,75.67042968539572,0.0,0.0,0.029883790631972624
2,80.80000000000001,5895.220750681781,129.18560383486542,1981.203126967676,75.67042968539572,0.0,0.0,0.029883790631972624
2,80.9,5902.784415062174,129.4117021066316,1981.203126967676,75.67042968539572,0.0,0.0,0.029883790631972624
2,81.0,5910.348079442567,129.63780037839777,1981.203126967676,75.67042968539572,0.0,0.0,0.029883790631972624
2,81.10000000000001,5917.91174382296,129.86389865016395,1981.203126967676,75.67042968539572,0.0,0.0,0.029883790631972624
2,81.2,5925.475408203352,130.08999692193012,1981.203126967676,75.67042968539572,0.0,0.0,0.029883790631972624
2,81.30000000000001,5933.039072583745,130.3160951936963,1981.203126967676,75.67042968539572,0.0,0.0,0.029883790631972624
2,81.4,5940.602736964138,130.54219346546247,1981.203126967676,75.67042968539572,0.0,0.0,0.029883790631972624
2,81.5,5948.166401344531,130.76829173722865,1981.203126967676,75.67042968539572,0.0,0.0,0.029883790631972624
2,81.60000000000001,5955.730065724923,130.99439000899483,1981.203126967676,75.67042968539572,0.0,0.0,0.029883790631972624
2,81.7,5963.293730105316,131.220488280761,1981.203126967676,75.67042968539572,0.0,0.0,0.029883790631972624
2,81.80000000000001,5970.857394485709,131.44658655252718,1981.203126967676,75.67042968539572,0.0,0.0,0.029883790631972624
2,81.9,5978.421058866102,131.67268482429336,1981.203126967676,75.67042968539572,0.0,0.0,0.029883790631972624
2,82.0,5985.9847232464945,131.89878309605953,1981.203126967676,75.67042968539572,0.0,0.0,0.029883790631972624
2,82.10000000000001,5993.548387626887,132.1248813678257,1981.203126967676,75.67042968539572,0.0,0.0,0.029883790631972624
2,82.2,6001.11205200728,132.35097963959188,1981.203126967676,75.67042968539572,0.0,0.0,0.029883790631972624
2,82.30000000000001,6008.675716387673,132.57707791135806,1981.203126967676,75.67042968539572,0.0,0.0,0.029883790631972624
2,82.4,6016.2393807680655,132.80317618312424,1981.203126967676,75.67042968539572,0.0,0.0,0.029883790631972624
2,82.5,6023.803045148458,133.0292744548904,1981.203126967676,75.67042968539572,0.0,0.0,0.029883790631972624
2,82.60000000000001,6031.366709528851,133.2553727266566,1981.203126967676,75.67042968539572,0.0,0.0,0.029883790631972624
2,82.7,6038.930373909244,133.48147099842276,1981.203126967676,75.67042968539572,0.0,0.0,0.029883790631972624
2,82.80000000000001,6046.494038289637,133.70756927018894,1981.203126967676,75.67042968539572,0.0,0.0,0.029883790631972624
2,82.9,6054.057702670029,133.93366754195512,1981.203126967676,75.67042968539572,0.0,0.0,0.029883790631972624
2,83.0,6061.621367050422,134.1597658137213,1981.203126967676,75.67042968539572,0.0,0.0,0.029883790631972624
2,83.10000000000001,6069.185031430815,134.38586408548747,1981.203126967676,75.67042968539572,0.0,0.0,0.029883790631972624
2,83.2,6076.748695811208,134.61196235725365,1981.203126967676,75.67042968539572,0.0,0.0,0.029883790631972624
2,83.30000000000001,6084.3123601916,134.83806062901982,1981.203126967676,75.67042968539572,0.0,0.0,0.029883790631972624
2,83.4,6091.876024571993,135.064158900786,1981.203126967676,75.67042968539572,0.0,0.0,0.029883790631972624
2,83.5,6099.439688952386,135.29025717255217,1981.203126967676,75.67042968539572,0.0,0.0,0.029883790631972624
2,83.60000000000001,6107.003353332779,135.51635544431835,1981.203126967676,75.67042968539572,0.0,0.0,0.029883790631972624
2,83.7,6114.5670177131715,135.74245371608453,1981.203126967676,75.67042968539572,0.0,0.0,0.029883790631972624
2,83.80000000000001,6122.130682093564,135.9685519878507,1981.203126967676,75.67042968539572,0.0,0.0,0.029883790631972624
2,83.9,6129.694346473957,136.19465025961688,1981.203126967676,75.67042968539572,0.0,0.0,0.029883790631972624
2,84.0,6137.25801085435,136.42074853138305,1981.203126967676,75.67042968539572,0.0,0.0,0.029883790631972624
2,84.10000000000001,6144.8216752347425,136.64684680314923,1981.203126967676,75.67042968539572,0.0,0.0,0.029883790631972624
2,84.2,6152.385339615135,136.8729450749154,1981.203126967676,75.67042968539572,0.0,0.0,0.029883790631972624
2,84.30000000000001,6159.949003995528,137.09904334668158,1981.203126967676,75.67042968539572,0.0,0.0,0.029883790631972624
2,84.4,6167.512668375921,137.32514161844776,1981.203126967676,75.67042968539572,0.0,0.0,0.029883790631972624
2,84.5,6175.076332756314,137.55123989021394,1981.203126967676,75.67042968539572,0.0,0.0,0.029883790631972624
2,84.60000000000001,6182.639997136706,137.7773381619801,1981.203126967676,75.67042968539572,0.0,0.0,0.029883790631972624
2,84.7,6190.203661517099,138.0034364337463,1981.203126967676,75.67042968539572,0.0,0.0,0.029883790631972624
2,84.80000000000001,6197.767325897492,138.22953470551246,1981.203126967676,75.67042968539572,0.0,0.0,0.029883790631972624
2,84.9,6205.330990277885,138.45563297727864,1981.203126967676,75.67042968539572,0.0,0.0,0.029883790631972624
2,85.0,6212.894654658277,138.68173124904482,1981.203126967676,75.67042968539572,0.0,0.0,0.029883790631972624
2,85.10000000000001,6220.45831903867,138.907829520811,1981.203126967676,75.67042968539572,0.0,0.0,0.029883790631972624
2,85.2,6228.021983419063,139.13392779257717,1981.203126967676,75.67042968539572,0.0,0.0,0.029883790631972624
2,85.30000000000001,6235.585647799456,139.36002606434334,1981.203126967676,75.67042968539572,0.0,0.0,0.029883790631972624
2,85.4,6243.1493121798485,139.58612433610952,1981.203126967676,75.67042968539572,0.0,0.0,0.029883790631972624
2,85.5,6250.712976560241,139.8122226078757,1981.203126967676,75.67042968539572,0.0,0.0,0.029883790631972624
2,85.60000000000001,6258.276640940634,140.03832087964187,1981.203126967676,75.67042968539572,0.0,0.0,0.029883790631972624
2,85.7,6265.840305321027,140.26441915140805,1981.203126967676,75.67042968539572,0.0,0.0,0.029883790631972624
2,85.80000000000001,6273.40396970142,140.49051742317423,1981.203126967676,75.67042968539572,0.0,0.0,0.029883790631972624
2,85.9,6280.967634081812,140.7166156949404,1981.203126967676,75.67042968539572,0.0,0.0,0.029883790631972624
2,86.0,6288.531298462205,140.94271396670658,1981.203126967676,75.67042968539572,0.0,0.0,0.029883790631972624
2,86.10000000000001,6296.094962842598,141.16881223847275,1981.203126967676,75.67042968539572,0.0,0.0,0.029883790631972624
2,86.2,6303.658627222991,141.39491051023893,1981.203126967676,75.67042968539572,0.0,0.0,0.029883790631972624
2,86.30000000000001,6311.222291603383,141.6210087820051,1981.203126967676,75.67042968539572,0.0,0.0,0.029883790631972624
2,86.4,6318.785955983776,141.84710705377128,1981.203126967676,75.67042968539572,0.0,0.0,0.029883790631972624
2,86.5,6326.349620364169,142.07320532553746,1981.203126967676,75.67042968539572,0.0,0.0,0.029883790631972624
2,86.60000000000001,6333.913284744562,142.29930359730363,1981.203126967676,75.67042968539572,0.0,0.0,0.029883790631972624
2,86.7,6341.476949124954,142.5254018690698,1981.203126967676,75.67042968539572,0.0,0.0,0.029883790631972624
2,86.80000000000001,6349.040613505347,142.751500140836,1981.203126967676,75.67042968539572,0.0,0.0,0.029883790631972624
2,86.9,6356.60427788574,142.97759841260216,1981.203126967676,75.67042968539572,0.0,0.0,0.029883790631972624
2,87.0,6364.167942266133,143.20369668436834,1981.203126967676,75.67042968539572,0.0,0.0,0.029883790631972624
2,87.10000000000001,6371.7316066465255,143.42979495613451,1981.203126967676,75.67042968539572,0.0,0.0,0.029883790631972624
2,87.2,6379.295271026918,143.6558932279007,1981.203126967676,75.67042968539572,0.0,0.0,0.029883790631972624
2,87.30000000000001,6386.858935407311,143.88199149966687,1981.203126967676,75.67042968539572,0.0,0.0,0.029883790631972624
2,87.4,6394.422599787704,144.10808977143304,1981.203126967676,75.67042968539572,0.0,0.0,0.029883790631972624
2,87.5,6401.986264168097,144.33418804319922,1981.203126967676,75.67042968539572,0.0,0.0,0.029883790631972624
2,87.60000000000001,6409.549928548489,144.5602863149654,1981.203126967676,75.67042968539572,0.0,0.0,0.029883790631972624
2,87.7,6417.113592928882,144.78638458673157,1981.203126967676,75.67042968539572,0.0,0.0,0.029883790631972624
2,87.80000000000001,6424.677257309275,145.01248285849775,1981.203126967676,75.67042968539572,0.0,0.0,0.029883790631972624
2,87.9,6432.240921689668,145.23858113026392,1981.203126967676,75.67042968539572,0.0,0.0,0.029883790631972624
2,88.0,6439.80458607006,145.4646794020301,1981.203126967676,75.67042968539572,0.0,0.0,0.029883790631972624
2,88.10000000000001,6447.368250450453,145.69077767379628,1981.203126967676,75.67042968539572,0.0,0.0,0.029883790631972624
2,88.2,6454.931914830846,145.91687594556245,1981.203126967676,75.67042968539572,0.0,0.0,0.029883790631972624
2,88.30000000000001,6462.495579211239,146.14297421732863,1981.203126967676,75.67042968539572,0.0,0.0,0.029883790631972624
2,88.4,6470.0592435916315,146.3690724890948,1981.203126967676,75.67042968539572,0.0,0.0,0.029883790631972624
2,88.5,6477.622907972024,146.59517076086098,1981.203126967676,75.67042968539572,0.0,0.0,0.029883790631972624
2,88.60000000000001,6485.186572352417,146.82126903262716,1981.203126967676,75.67042968539572,0.0,0.0,0.029883790631972624
2,88.7,6492.75023673281,147.04736730439333,1981.203126967676,75.67042968539572,0.0,0.0,0.029883790631972624
2,88.80000000000001,6500.3139011132025,147.2734655761595,1981.203126967676,75.67042968539572,0.0,0.0,0.029883790631972624
2,88.9,6507.877565493595,147.49956384792569,1981.203126967676,75.67042968539572,0.0,0.0,0.029883790631972624
2,89.0,6515.441229873988,147.72566211969186,1981.203126967676,75.67042968539572,0.0,0.0,0.029883790631972624
2,89.10000000000001,6523.004894254381,147.95176039145804,1981.203126967676,75.67042968539572,0.0,0.0,0.029883790631972624
2,89.2,6530.568558634774,148.1778586632242,1981.203126967676,75.67042968539572,0.0,0.0,0.029883790631972624
2,89.30000000000001,6538.132223015166,148.4039569349904,1981.203126967676,75.67042968539572,0.0,0.0,0.029883790631972624
2,89.4,6545.695887395559,148.63005520675657,1981.203126967676,75.67042968539572,0.0,0.0,0.029883790631972624
2,89.5,6553.259551775952,148.85615347852274,1981.203126967676,75.67042968539572,0.0,0.0,0.029883790631972624
2,89.60000000000001,6560.823216156345,149.08225175028892,1981.203126967676,75.67042968539572,0.0,0.0,0.029883790631972624
2,89.7,6568.386880536737,149.3083500220551,1981.203126967676,75.67042968539572,0.0,0.0,0.029883790631972624
2,89.80000000000001,6575.95054491713,149.53444829382127,1981.203126967676,75.67042968539572,0.0,0.0,0.029883790631972624
2,89.9,6583.514209297523,149.76054656558745,1981.203126967676,75.67042968539572,0.0,0.0,0.029883790631972624
2,90.0,6591.077873677916,149.98664483735362,1981.203126967676,75.67042968539572,0.0,0.0,0.029883790631972624
2,90.10000000000001,6598.6415380583085,150.2127431091198,1981.203126967676,75.67042968539572,0.0,0.0,0.029883790631972624
2,90.2,6606.205202438701,150.43884138088598,1981.203126967676,75.67042968539572,0.0,0.0,0.029883790631972624
2,90.30000000000001,6613.768866819094,150.66493965265215,1981.203126967676,75.67042968539572,0.0,0.0,0.029883790631972624
2,90.4,6621.332531199487,150.89103792441833,1981.203126967676,75.67042968539572,0.0,0.0,0.029883790631972624
2,90.5,6628.8961955798795,151.1171361961845,1981.203126967676,75.67042968539572,0.0,0.0,0.029883790631972624
2,90.60000000000001,6636.459859960272,151.34323446795068,1981.203126967676,75.67042968539572,0.0,0.0,0.029883790631972624
2,90.7,6644.023524340665,151.56933273971686,1981.203126967676,75.67042968539572,0.0,0.0,0.029883790631972624
2,90.80000000000001,6651.587188721058,151.79543101148303,1981.203126967676,75.67042968539572,0.0,0.0,0.029883790631972624
2,90.9,6659.150853101451,152.0215292832492,1981.203126967676,75.67042968539572,0.0,0.0,0.029883790631972624
2,91.0,6666.714517481843,152.24762755501538,1981.203126967676,75.67042968539572,0.0,0.0,0.029883790631972624
2,91.10000000000001,6674.278181862236,152.47372582678156,1981.203126967676,75.67042968539572,0.0,0.0,0.029883790631972624
2,91.2,6681.841846242629,152.69982409854774,1981.203126967676,75.67042968539572,0.0,0.0,0.029883790631972624
2,91.30000000000001,6689.405510623022,152.9259223703139,1981.203126967676,75.67042968539572,0.0,0.0,0.029883790631972624
2,91.4,6696.969175003414,153.1520206420801,1981.203126967676,75.67042968539572,0.0,0.0,0.029883790631972624
2,91.5,6704.532839383807,153.37811891384627,1981.203126967676,75.67042968539572,0.0,0.0,0.029883790631972624
2,91.60000000000001,6712.0965037642,153.60421718561244,1981.203126967676,75.67042968539572,0.0,0.0,0.029883790631972624
2,91.7,6719.660168144593,153.83031545737862,1981.203126967676,75.67042968539572,0.0,0.0,0.029883790631972624
2,91.80000000000001,6727.2238325249855,154.0564137291448,1981.203126967676,75.67042968539572,0.0,0.0,0.029883790631972624
2,91.9,6734.787496905378,154.28251200091097,1981.203126967676,75.67042968539572,0.0,0.0,0.029883790631972624
2,92.0,6742.351161285771,154.50861027267715,1981.203126967676,75.67042968539572,0.0,0.0,0.029883790631972624
2,92.10000000000001,6749.914825666164,154.73470854444332,1981.203126967676,75.67042968539572,0.0,0.0,0.029883790631972624
2,92.2,6757.4784900465565,154.9608068162095,1981.203126967676,75.67042968539572,0.0,0.0,0.029883790631972624
2,92.30000000000001,6765.042154426949,155.18690508797567,1981.203126967676,75.67042968539572,0.0,0.0,0.029883790631972624
2,92.4,6772.605818807342,155.41300335974185,1981.203126967676,75.67042968539572,0.0,0.0,0.029883790631972624
2,92.5,6780.169483187735,155.63910163150803,1981.203126967676,75.67042968539572,0.0,0.0,0.029883790631972624
2,92.60000000000001,6787.733147568128,155.8651999032742,1981.203126967676,75.67042968539572,0.0,0.0,0.029883790631972624
2,92.7,6795.29681194852,156.09129817504038,1981.203126967676,75.67042968539572,0.0,0.0,0.029883790631972624
2,92.80000000000001,6802.860476328913,156.31739644680655,1981.203126967676,75.67042968539572,0.0,0.0,0.029883790631972624
2,92.9,6810.424140709306,156.54349471857273,1981.203126967676,75.67042968539572,0.0,0.0,0.029883790631972624
2,93.0,6817.987805089699,156.7695929903389,1981.203126967676,75.67042968539572,0.0,0.0,0.029883790631972624
2,93.10000000000001,6825.551469470091,156.99569126210508,1981.203126967676,75.67042968539572,0.0,0.0,0.029883790631972624
2,93.2,6833.115133850484,157.22178953387126,1981.203126967676,75.67042968539572,0.0,0.0,0.029883790631972624
2,93.30000000000001,6840.678798230877,157.44788780563744,1981.203126967676,75.67042968539572,0.0,0.0,0.029883790631972624
2,93.4,6848.24246261127,157.6739860774036,1981.203126967676,75.67042968539572,0.0,0.0,0.029883790631972624
2,93.5,6855.8061269916625,157.9000843491698,1981.203126967676,75.67042968539572,0.0,0.0,0.029883790631972624
2,93.60000000000001,6863.369791372055,158.12618262093596,1981.203126967676,75.67042968539572,0.0,0.0,0.029883790631972624
2,93.7,6870.933455752448,158.35228089270214,1981.203126967676,75.67042968539572,0.0,0.0,0.029883790631972624
2,93.80000000000001,6878.497120132841,158.57837916446832,1981.203126967676,75.67042968539572,0.0,0.0,0.029883790631972624
2,93.9,6886.060784513234,158.8044774362345,1981.203126967676,75.67042968539572,0.0,0.0,0.029883790631972624
2,94.0,6893.624448893626,159.03057570800067,1981.203126967676,75.67042968539572,0.0,0.0,0.029883790631972624
2,94.10000000000001,6901.188113274019,159.25667397976684,1981.203126967676,75.67042968539572,0.0,0.0,0.029883790631972624
2,94.2,6908.751777654412,159.48277225153302,1981.203126967676,75.67042968539572,0.0,0.0,0.029883790631972624
2,94.30000000000001,6916.315442034805,159.7088705232992,1981.203126967676,75.67042968539572,0.0,0.0,0.029883790631972624
2,94.4,6923.879106415197,159.93496879506537,1981.203126967676,75.67042968539572,0.0,0.0,0.029883790631972624
2,94.5,6931.44277079559,160.16106706683155,1981.203126967676,75.67042968539572,0.0,0.0,0.029883790631972624
2,94.60000000000001,6939.006435175983,160.38716533859773,1981.203126967676,75.67042968539572,0.0,0.0,0.029883790631972624
2,94.7,6946.570099556376,160.6132636103639,1981.203126967676,75.67042968539572,0.0,0.0,0.029883790631972624
2,94.80000000000001,6954.133763936768,160.83936188213008,1981.203126967676,75.67042968539572,0.0,0.0,0.029883790631972624
2,94.9,6961.697428317161,161.06546015389625,1981.203126967676,75.67042968539572,0.0,0.0,0.029883790631972624
2,95.0,6969.261092697554,161.29155842566243,1981.203126967676,75.67042968539572,0.0,0.0,0.029883790631972624
2,95.10000000000001,6976.824757077947,161.5176566974286,1981.203126967676,75.67042968539572,0.0,0.0,0.029883790631972624
2,95.2,6984.3884214583395,161.74375496919478,1981.203126967676,75.67042968539572,0.0,0.0,0.029883790631972624
2,95.30000000000001,6991.952085838732,161.96985324096096,1981.203126967676,75.67042968539572,0.0,0.0,0.029883790631972624
2,95.4,6999.515750219125,162.19595151272713,1981.203126967676,75.67042968539572,0.0,0.0,0.029883790631972624
2,95.5,7007.079414599518,162.4220497844933,1981.203126967676,75.67042968539572,0.0,0.0,0.029883790631972624
2,95.60000000000001,7014.643078979911,162.6481480562595,1981.203126967676,75.67042968539572,0.0,0.0,0.029883790631972624
2,95.7,7022.206743360303,162.87424632802566,1981.203126967676,75.67042968539572,0.0,0.0,0.029883790631972624
2,95.80000000000001,7029.770407740696,163.10034459979184,1981.203126967676,75.67042968539572,0.0,0.0,0.029883790631972624
2,95.9,7037.334072121089,163.32644287155802,1981.203126967676,75.67042968539572,0.0,0.0,0.029883790631972624
2,96.0,7044.897736501482,163.5525411433242,1981.203126967676,75.67042968539572,0.0,0.0,0.029883790631972624
2,96.10000000000001,7052.461400881874,163.77863941509037,1981.203126967676,75.67042968539572,0.0,0.0,0.029883790631972624
2,96.2,7060.025065262267,164.00473768685654,1981.203126967676,75.67042968539572,0.0,0.0,0.029883790631972624
2,96.30000000000001,7067.58872964266,164.23083595862272,1981.203126967676,75.67042968539572,0.0,0.0,0.029883790631972624
2,96.4,7075.152394023053,164.4569342303889,1981.203126967676,75.67042968539572,0.0,0.0,0.029883790631972624
2,96.5,7082.7160584034455,164.68303250215507,1981.203126967676,75.67042968539572,0.0,0.0,0.029883790631972624
2,96.60000000000001,7090.279722783838,164.90913077392125,1981.203126967676,75.67042968539572,0.0,0.0,0.029883790631972624
2,96.7,7097.843387164231,165.13522904568742,1981.203126967676,75.67042968539572,0.0,0.0,0.029883790631972624
2,96.80000000000001,7105.407051544624,165.3613273174536,1981.203126967676,75.67042968539572,0.0,0.0,0.029883790631972624
2,96.9,7112.9707159250165,165.58742558921978,1981.203126967676,75.67042968539572,0.0,0.0,0.029883790631972624
2,97.0,7120.534380305409,165.81352386098595,1981.203126967676,75.67042968539572,0.0,0.0,0.029883790631972624
2,97.10000000000001,7128.098044685802,166.03962213275213,1981.203126967676,75.67042968539572,0.0,0.0,0.029883790631972624
2,97.2,7135.661709066195,166.2657204045183,1981.203126967676,75.67042968539572,0.0,0.0,0.029883790631972624
2,97.30000000000001,7143.225373446588,166.49181867628448,1981.203126967676,75.67042968539572,0.0,0.0,0.029883790631972624
2,97.4,7150.78903782698,166.71791694805066,1981.203126967676,75.67042968539572,0.0,0.0,0.029883790631972624
2,97.5,7158.352702207373,166.94401521981683,1981.203126967676,75.67042968539572,0.0,0.0,0.029883790631972624
2,97.60000000000001,7165.916366587766,167.170113491583,1981.203126967676,75.67042968539572,0.0,0.0,0.029883790631972624
2,97.7,7173.480030968159,167.39621176334919,1981.203126967676,75.67042968539572,0.0,0.0,0.029883790631972624
2,97.80000000000001,7181.043695348551,167.62231003511536,1981.203126967676,75.67042968539572,0.0,0.0,0.029883790631972624
2,97.9,7188.607359728944,167.84840830688154,1981.203126967676,75.67042968539572,0.0,0.0,0.029883790631972624
2,98.0,7196.171024109337,168.0745065786477,1981.203126967676,75.67042968539572,0.0,0.0,0.029883790631972624
2,98.10000000000001,7203.73468848973,168.3006048504139,1981.203126967676,75.67042968539572,0.0,0.0,0.029883790631972624
2,98.2,7211.2983528701225,168.52670312218007,1981.203126967676,75.67042968539572,0.0,0.0,0.029883790631972624
2,98.30000000000001,7218.862017250515,168.75280139394624,1981.203126967676,75.67042968539572,0.0,0.0,0.029883790631972624
2,98.4,7226.425681630908,168.97889966571242,1981.203126967676,75.67042968539572,0.0,0.0,0.029883790631972624
2,98.5,7233.989346011301,169.2049979374786,1981.203126967676,75.67042968539572,0.0,0.0,0.029883790631972624
2,98.60000000000001,7241.5530103916935,169.43109620924477,1981.203126967676,75.67042968539572,0.0,0.0,0.029883790631972624
2,98.7,7249.116674772086,169.65719448101095,1981.203126967676,75.67042968539572,0.0,0.0,0.029883790631972624
2,98.80000000000001,7256.680339152479,169.88329275277712,1981.203126967676,75.67042968539572,0.0,0.0,0.029883790631972624
2,98.9,7264.244003532872,170.1093910245433,1981.203126967676,75.67042968539572,0.0,0.0,0.029883790631972624
2,99.0,7271.807667913265,170.33548929630948,1981.203126967676,75.67042968539572,0.0,0.0,0.029883790631972624
2,99.10000000000001,7279.371332293657,170.56158756807565,1981.203126967676,75.67042968539572,0.0,0.0,0.029883790631972624
2,99.2,7286.93499667405,170.78768583984183,1981.203126967676,75.67042968539572,0.0,0.0,0.029883790631972624
2,99.30000000000001,7294.498661054443,171.013784111608,1981.203126967676,75.67042968539572,0.0,0.0,0.029883790631972624
2,99.4,7302.062325434836,171.23988238337418,1981.203126967676,75.67042968539572,0.0,0.0,0.029883790631972624
2,99.5,7309.625989815228,171.46598065514036,1981.203126967676,75.67042968539572,0.0,0.0,0.029883790631972624
2,99.60000000000001,7317.189654195621,171.69207892690653,1981.203126967676,75.67042968539572,0.0,0.0,0.029883790631972624
2,99.7,7324.753318576014,171.9181771986727,1981.203126967676,75.67042968539572,0.0,0.0,0.029883790631972624
2,99.80000000000001,7332.316982956407,172.14427547043888,1981.203126967676,75.67042968539572,0.0,0.0,0.029883790631972624
2,99.9,7339.8806473367995,172.37037374220506,1981.203126967676,75.67042968539572,0.0,0.0,0.029883790631972624
2,100.0,7347.444311717192,172.59647201397124,1981.203126967676,75.67042968539572,0.0,0.0,0.029883790631972624
2,100.10000000000001,7355.007976097585,172.8225702857374,1981.203126967676,75.67042968539572,0.0,0.0,0.029883790631972624
2,100.2,7362.571640477978,173.0486685575036,1981.203126967676,75.67042968539572,0.0,0.0,0.029883790631972624
2,100.30000000000001,7370.135304858371,173.27476682926977,1981.203126967676,75.67042968539572,0.0,0.0,0.029883790631972624
2,100.4,7377.698969238763,173.50086510103594,1981.203126967676,75.67042968539572,0.0,0.0,0.029883790631972624
2,100.5,7385.262633619156,173.72696337280212,1981.203126967676,75.67042968539572,0.0,0.0,0.029883790631972624
2,100.60000000000001,7392.826297999549,173.9530616445683,1981.203126967676,75.67042968539572,0.0,0.0,0.029883790631972624
2,100.7,7400.389962379942,174.17915991633447,1981.203126967676,75.67042968539572,0.0,0.0,0.029883790631972624
2,100.80000000000001,7407.953626760334,174.40525818810065,1981.203126967676,75.67042968539572,0.0,0.0,0.029883790631972624
2,100.9,7415.517291140727,174.63135645986682,1981.203126967676,75.67042968539572,0.0,0.0,0.029883790631972624
2,101.0,7423.08095552112,174.857454731633,1981.203126967676,75.67042968539572,0.0,0.0,0.029883790631972624
2,101.10000000000001,7430.644619901513,175.08355300339917,1981.203126967676,75.67042968539572,0.0,0.0,0.029883790631972624
2,101.2,7438.208284281905,175.30965127516535,1981.203126967676,75.67042968539572,0.0,0.0,0.029883790631972624
2,101.30000000000001,7445.771948662298,175.53574954693153,1981.203126967676,75.67042968539572,0.0,0.0,0.029883790631972624
2,101.4,7453.335613042691,175.7618478186977,1981.203126967676,75.67042968539572,0.0,0.0,0.029883790631972624
2,101.5,7460.899277423084,175.98794609046388,1981.203126967676,75.67042968539572,0.0,0.0,0.029883790631972624
2,101.60000000000001,7468.4629418034765,176.21404436223006,1981.203126967676,75.67042968539572,0.0,0.0,0.029883790631972624
2,101.7,7476.026606183869,176.44014263399623,1981.203126967676,75.67042968539572,0.0,0.0,0.029883790631972624
2,101.80000000000001,7483.590270564262,176.6662409057624,1981.203126967676,75.67042968539572,0.0,0.0,0.029883790631972624
2,101.9,7491.153934944655,176.89233917752858,1981.203126967676,75.67042968539572,0.0,0.0,0.029883790631972624
2,102.0,7498.717599325048,177.11843744929476,1981.203126967676,75.67042968539572,0.0,0.0,0.029883790631972624
2,102.10000000000001,7506.28126370544,177.34453572106094,1981.203126967676,75.67042968539572,0.0,0.0,0.029883790631972624
2,102.2,7513.844928085833,177.5706339928271,1981.203126967676,75.67042968539572,0.0,0.0,0.029883790631972624
2,102.30000000000001,7521.408592466226,177.7967322645933,1981.203126967676,75.67042968539572,0.0,0.0,0.029883790631972624
2,102.4,7528.972256846619,178.02283053635946,1981.203126967676,75.67042968539572,0.0,0.0,0.029883790631972624
2,102.5,7536.535921227011,178.24892880812564,1981.203126967676,75.67042968539572,0.0,0.0,0.029883790631972624
2,102.60000000000001,7544.099585607404,178.47502707989182,1981.203126967676,75.67042968539572,0.0,0.0,0.029883790631972624
2,102.7,7551.663249987797,178.701125351658,1981.203126967676,75.67042968539572,0.0,0.0,0.029883790631972624
2,102.80000000000001,7559.22691436819,178.92722362342417,1981.203126967676,75.67042968539572,0.0,0.0,0.029883790631972624
2,102.9,7566.790578748582,179.15332189519035,1981.203126967676,75.67042968539572,0.0,0.0,0.029883790631972624
2,103.0,7574.354243128975,179.37942016695652,1981.203126967676,75.67042968539572,0.0,0.0,0.029883790631972624
2,103.10000000000001,7581.917907509368,179.6055184387227,1981.203126967676,75.67042968539572,0.0,0.0,0.029883790631972624
2,103.2,7589.481571889761,179.83161671048887,1981.203126967676,75.67042968539572,0.0,0.0,0.029883790631972624
2,103.30000000000001,7597.0452362701535,180.05771498225505,1981.203126967676,75.67042968539572,0.0,0.0,0.029883790631972624
2,103.4,7604.608900650546,180.28381325402123,1981.203126967676,75.67042968539572,0.0,0.0,0.029883790631972624
2,103.5,7612.172565030939,180.5099115257874,1981.203126967676,75.67042968539572,0.0,0.0,0.029883790631972624
2,103.60000000000001,7619.736229411332,180.73600979755358,1981.203126967676,75.67042968539572,0.0,0.0,0.029883790631972624
2,103.7,7627.299893791725,180.96210806931975,1981.203126967676,75.67042968539572,0.0,0.0,0.029883790631972624
2,103.80000000000001,7634.863558172117,181.18820634108593,1981.203126967676,75.67042968539572,0.0,0.0,0.029883790631972624
2,103.9,7642.42722255251,181.4143046128521,1981.203126967676,75.67042968539572,0.0,0.0,0.029883790631972624
2,104.0,7649.990886932903,181.64040288461828,1981.203126967676,75.67042968539572,0.0,0.0,0.029883790631972624
2,104.10000000000001,7657.554551313296,181.86650115638446,1981.203126967676,75.67042968539572,0.0,0.0,0.029883790631972624
2,104.2,7665.118215693688,182.09259942815063,1981.203126967676,75.67042968539572,0.0,0.0,0.029883790631972624
2,104.30000000000001,7672.681880074081,182.3186976999168,1981.203126967676,75.67042968539572,0.0,0.0,0.029883790631972624
2,104.4,7680.245544454474,182.544795971683,1981.203126967676,75.67042968539572,0.0,0.0,0.029883790631972624
2,104.5,7687.809208834867,182.77089424344916,1981.203126967676,75.67042968539572,0.0,0.0,0.029883790631972624
2,104.60000000000001,7695.3728732152595,182.99699251521534,1981.203126967676,75.67042968539572,0.0,0.0,0.029883790631972624
2,104.7,7702.936537595652,183.22309078698152,1981.203126967676,75.67042968539572,0.0,0.0,0.029883790631972624
2,104.80000000000001,7710.500201976045,183.4491890587477,1981.203126967676,75.67042968539572,0.0,0.0,0.029883790631972624
2,104.9,7718.063866356438,183.67528733051387,1981.203126967676,75.67042968539572,0.0,0.0,0.029883790631972624
2,105.0,7725.6275307368305,183.90138560228004,1981.203126967676,75.67042968539572,0.0,0.0,0.029883790631972624
2,105.10000000000001,7733.191195117223,184.12748387404622,1981.203126967676,75.67042968539572,0.0,0.0,0.029883790631972624
2,105.2,7740.754859497616,184.3535821458124,1981.203126967676,75.67042968539572,0.0,0.0,0.029883790631972624
2,105.30000000000001,7748.318523878009,184.57968041757857,1981.203126967676,75.67042968539572,0.0,0.0,0.029883790631972624
2,105.4,7755.882188258402,184.80577868934475,1981.203126967676,75.67042968539572,0.0,0.0,0.029883790631972624
2,105.5,7763.445852638794,185.03187696111092,1981.203126967676,75.67042968539572,0.0,0.0,0.029883790631972624
2,105.60000000000001,7771.009517019187,185.2579752328771,1981.203126967676,75.67042968539572,0.0,0.0,0.029883790631972624
2,105.7,7778.57318139958,185.48407350464328,1981.203126967676,75.67042968539572,0.0,0.0,0.029883790631972624
2,105.80000000000001,7786.136845779973,185.71017177640945,1981.203126967676,75.67042968539572,0.0,0.0,0.029883790631972624
2,105.9,7793.700510160365,185.93627004817563,1981.203126967676,75.67042968539572,0.0,0.0,0.029883790631972624
2,106.0,7801.264174540758,186.1623683199418,1981.203126967676,75.67042968539572,0.0,0.0,0.029883790631972624
2,106.10000000000001,7808.827838921151,186.38846659170798,1981.203126967676,75.67042968539572,0.0,0.0,0.029883790631972624
2,106.2,7816.391503301544,186.61456486347416,1981.203126967676,75.67042968539572,0.0,0.0,0.029883790631972624
2,106.30000000000001,7823.9551676819365,186.84066313524033,1981.203126967676,75.67042968539572,0.0,0.0,0.029883790631972624
2,106.4,7831.518832062329,187.0667614070065,1981.203126967676,75.67042968539572,0.0,0.0,0.029883790631972624
2,106.5,7839.082496442722,187.2928596787727,1981.203126967676,75.67042968539572,0.0,0.0,0.029883790631972624
2,106.60000000000001,7846.646160823115,187.51895795053886,1981.203126967676,75.67042968539572,0.0,0.0,0.029883790631972624
2,106.7,7854.2098252035075,187.74505622230504,1981.203126967676,75.67042968539572,0.0,0.0,0.029883790631972624
2,106.80000000000001,7861.7734895839,187.97115449407121,1981.203126967676,75.67042968539572,0.0,0.0,0.029883790631972624
2,106.9,7869.337153964293,188.1972527658374,1981.203126967676,75.67042968539572,0.0,0.0,0.029883790631972624
2,107.0,7876.900818344686,188.42335103760357,1981.203126967676,75.67042968539572,0.0,0.0,0.029883790631972624
2,107.10000000000001,7884.464482725079,188.64944930936974,1981.203126967676,75.67042968539572,0.0,0.0,0.029883790631972624
2,107.2,7892.028147105471,188.87554758113592,1981.203126967676,75.67042968539572,0.0,0.0,0.029883790631972624
2,107.30000000000001,7899.591811485864,189.1016458529021,1981.203126967676,75.67042968539572,0.0,0.0,0.029883790631972624
2,107.4,7907.155475866257,189.32774412466827,1981.203126967676,75.67042968539572,0.0,0.0,0.029883790631972624
2,107.5,7914.71914024665,189.55384239643445,1981.203126967676,75.67042968539572,0.0,0.0,0.029883790631972624
2,107.60000000000001,7922.282804627042,189.77994066820062,1981.203126967676,75.67042968539572,0.0,0.0,0.029883790631972624
2,107.7,7929.846469007435,190.0060389399668,1981.203126967676,75.67042968539572,0.0,0.0,0.029883790631972624
2,107.80000000000001,7937.410133387828,190.23213721173298,1981.203126967676,75.67042968539572,0.0,0.0,0.029883790631972624
2,107.9,7944.973797768221,190.45823548349915,1981.203126967676,75.67042968539572,0.0,0.0,0.029883790631972624
2,108.0,7952.5374621486135,190.68433375526533,1981.203126967676,75.67042968539572,0.0,0.0,0.029883790631972624
2,108.10000000000001,7960.101126529006,190.9104320270315,1981.203126967676,75.67042968539572,0.0,0.0,0.029883790631972624
2,108.2,7967.664790909399,191.13653029879768,1981.203126967676,75.67042968539572,0.0,0.0,0.029883790631972624
2,108.30000000000001,7975.228455289792,191.36262857056386,1981.203126967676,75.67042968539572,0.0,0.0,0.029883790631972624
2,108.4,7982.792119670185,191.58872684233003,1981.203126967676,75.67042968539572,0.0,0.0,0.029883790631972624
2,108.5,7990.355784050577,191.8148251140962,1981.203126967676,75.67042968539572,0.0,0.0,0.029883790631972624
2,108.60000000000001,7997.91944843097,192.04092338586238,1981.203126967676,75.67042968539572,0.0,0.0,0.029883790631972624
2,108.7,8005.483112811363,192.26702165762856,1981.203126967676,75.67042968539572,0.0,0.0,0.029883790631972624
2,108.80000000000001,8013.046777191756,192.49311992939474,1981.203126967676,75.67042968539572,0.0,0.0,0.029883790631972624
2,108.9,8020.610441572148,192.7192182011609,1981.203126967676,75.67042968539572,0.0,0.0,0.029883790631972624
2,109.0,8028.174105952541,192.9453164729271,1981.203126967676,75.67042968539572,0.0,0.0,0.029883790631972624
2,109.10000000000001,8035.737770332934,193.17141474469327,1981.203126967676,75.67042968539572,0.0,0.0,0.029883790631972624
2,109.2,8043.301434713327,193.39751301645944,1981.203126967676,75.67042968539572,0.0,0.0,0.029883790631972624
2,109.30000000000001,8050.865099093719,193.62361128822562,1981.203126967676,75.67042968539572,0.0,0.0,0.029883790631972624
2,109.4,8058.428763474112,193.8497095599918,1981.203126967676,75.67042968539572,0.0,0.0,0.029883790631972624
2,109.5,8065.992427854505,194.07580783175797,1981.203126967676,75.67042968539572,0.0,0.0,0.029883790631972624
2,109.60000000000001,8073.556092234898,194.30190610352415,1981.203126967676,75.67042968539572,0.0,0.0,0.029883790631972624
2,109.7,8081.1197566152905,194.52800437529032,1981.203126967676,75.67042968539572,0.0,0.0,0.029883790631972624
2,109.80000000000001,8088.683420995683,194.7541026470565,1981.203126967676,75.67042968539572,0.0,0.0,0.029883790631972624
2,109.9,8096.247085376076,194.98020091882267,1981.203126967676,75.67042968539572,0.0,0.0,0.029883790631972624
2,110.0,8103.810749756469,195.20629919058885,1981.203126967676,75.67042968539572,0.0,0.0,0.029883790631972624
2,110.10000000000001,8111.374414136862,195.43239746235503,1981.203126967676,75.67042968539572,0.0,0.0,0.029883790631972624
2,110.2,8118.938078517254,195.6584957341212,1981.203126967676,75.67042968539572,0.0,0.0,0.029883790631972624
2,110.30000000000001,8126.501742897647,195.88459400588738,1981.203126967676,75.67042968539572,0.0,0.0,0.029883790631972624
2,110.4,8134.06540727804,196.11069227765356,1981.203126967676,75.67042968539572,0.0,0.0,0.029883790631972624
2,110.5,8141.629071658433,196.33679054941973,1981.203126967676,75.67042968539572,0.0,0.0,0.029883790631972624
2,110.60000000000001,8149.192736038825,196.5628888211859,1981.203126967676,75.67042968539572,0.0,0.0,0.029883790631972624
2,110.7,8156.756400419218,196.78898709295208,1981.203126967676,75.67042968539572,0.0,0.0,0.029883790631972624
2,110.80000000000001,8164.320064799611,197.01508536471826,1981.203126967676,75.67042968539572,0.0,0.0,0.029883790631972624
2,110.9,8171.883729180004,197.24118363648444,1981.203126967676,75.67042968539572,0.0,0.0,0.029883790631972624
2,111.0,8179.447393560396,197.4672819082506,1981.203126967676,75.67042968539572,0.0,0.0,0.029883790631972624
2,111.10000000000001,8187.011057940789,197.6933801800168,1981.203126967676,75.67042968539572,0.0,0.0,0.029883790631972624
2,111.2,8194.574722321182,197.91947845178296,1981.203126967676,75.67042968539572,0.0,0.0,0.029883790631972624
2,111.30000000000001,8202.138386701576,198.14557672354914,1981.203126967676,75.67042968539572,0.0,0.0,0.029883790631972624
2,111.4,8209.70205108197,198.37167499531532,1981.203126967676,75.67042968539572,0.0,0.0,0.029883790631972624
2,111.5,8217.265715462363,198.5977732670815,1981.203126967676,75.67042968539572,0.0,0.0,0.029883790631972624
2,111.60000000000001,8224.829379842757,198.82387153884767,1981.203126967676,75.67042968539572,0.0,0.0,0.029883790631972624
2,111.7,8232.39304422315,199.04996981061385,1981.203126967676,75.67042968539572,0.0,0.0,0.029883790631972624
2,111.80000000000001,8239.956708603544,199.27606808238002,1981.203126967676,75.67042968539572,0.0,0.0,0.029883790631972624
2,111.9,8247.520372983938,199.5021663541462,1981.203126967676,75.67042968539572,0.0,0.0,0.029883790631972624
2,112.0,8255.084037364331,199.72826462591237,1981.203126967676,75.67042968539572,0.0,0.0,0.029883790631972624
2,112.10000000000001,8262.647701744725,199.95436289767855,1981.203126967676,75.67042968539572,0.0,0.0,0.029883790631972624
2,112.2,8270.211366125119,200.18046116944473,1981.203126967676,75.67042968539572,0.0,0.0,0.029883790631972624
2,112.30000000000001,8277.775030505512,200.4065594412109,1981.203126967676,75.67042968539572,0.0,0.0,0.029883790631972624
2,112.4,8285.338694885906,200.63265771297708,1981.203126967676,75.67042968539572,0.0,0.0,0.029883790631972624
2,112.5,8292.9023592663,200.85875598474325,1981.203126967676,75.67042968539572,0.0,0.0,0.029883790631972624
2,112.60000000000001,8300.466023646693,201.08485425650943,1981.203126967676,75.67042968539572,0.0,0.0,0.029883790631972624
2,112.7,8308.029688027087,201.3109525282756,1981.203126967676,75.67042968539572,0.0,0.0,0.029883790631972624
2,112.80000000000001,8315.59335240748,201.53705080004178,1981.203126967676,75.67042968539572,0.0,0.0,0.029883790631972624
2,112.9,8323.157016787874,201.76314907180796,1981.203126967676,75.67042968539572,0.0,0.0,0.029883790631972624
2,113.0,8330.720681168268,201.98924734357414,1981.203126967676,75.67042968539572,0.0,-0.005235987755982989,0.029883790631972624
2,113.10000000000001,8338.284241867821,202.21534251604115,1981.163506204382,75.67042968539572,0.0,-0.010471975511965978,0.029883790631972624
2,113.2,8345.847491527697,202.44142839069562,1981.0842657640171,75.67042968539572,0.0,-0.015707963267948967,0.029883790631972624
2,113.30000000000001,8353.410222797585,202.6674987692791,1980.965407818998,75.67042968539572,0.0,-0.020943951023931956,0.029883790631972624
2,113.4,8360.972228341388,202.89354745395795,1980.8069356278754,75.67042968539572,0.0,-0.026179938779914945,0.029883790631972624
2,113.5,8368.533300842906,203.1195682474933,1980.6088535352444,75.67042968539572,0.0,-0.031415926535897934,0.029883790631972624
2,113.60000000000001,8376.093233011514,203.34555495341095,1980.3711669716258,75.67042968539572,0.0,-0.03665191429188092,0.029883790631972624
2,113.7,8383.651817587854,203.57150137617117,1980.0938824533166,75.67042968539572,0.0,-0.04188790204786391,0.029883790631972624
2,113.80000000000001,8391.20884734951,203.79740132133864,1979.777007582212,75.67042968539572,0.0,-0.0471238898038469,0.029883790631972624
2,113.9,8398.764115116695,204.02324859575228,1979.4205510455968,75.67042968539572,0.0,-0.05235987755982989,0.029883790631972624
2,114.0,8406.317413757928,204.24903700769494,1979.0245226159068,75.67042968539572,0.0,-0.0471238898038469,0.029883790631972624
2,114.10000000000001,8413.872681525114,204.47488428210858,1978.6680660792915,75.67042968539572,0.0,-0.04188790204786391,0.029883790631972624
2,114.2,8421.42971128677,204.70078422727605,1978.351191208187,75.67042968539572,0.0,-0.03665191429188092,0.029883790631972624
2,114.30000000000001,8428.98829586311,204.92673065003626,1978.0739066898777,75.67042968539572,0.0,-0.031415926535897934,0.029883790631972624
2,114.4,8436.548228031717,205.1527173559539,1977.8362201262591,75.67042968539572,0.0,-0.026179938779914945,0.029883790631972624
2,114.5,8444.109300533235,205.37873814948927,1977.6381380336281,75.67042968539572,0.0,-0.020943951023931956,0.029883790631972624
2,114.60000000000001,8451.671306077038,205.60478683416812,1977.4796658425055,75.67042968539572,0.0,-0.015707963267948967,0.029883790631972624
2,114.7,8459.234037346927,205.8308572127516,1977.3608078974864,75.67042968539572,0.0,-0.010471975511965978,0.029883790631972624
2,114.80000000000001,8466.797287006802,206.05694308740607,1977.2815674571216,75.67042968539572,0.0,-0.005235987755982989,0.029883790631972624
2,114.9,8474.360847706355,206.28303825987308,1977.2419466938275,75.67042968539572,0.0,0.0,0.029883790631972624
2,115.0,8481.924512086749,206.50913653163926,1977.2419466938275,75.67042968539572,0.0,0.0,0.029883790631972624
2,115.10000000000001,8489.488176467143,206.73523480340543,1977.2419466938275,75.67042968539572,0.0,0.0,0.029883790631972624
2,115.2,8497.051840847536,206.9613330751716,1977.2419466938275,75.67042968539572,0.0,0.0,0.029883790631972624
2,115.30000000000001,8504.61550522793,207.18743134693779,1977.2419466938275,75.67042968539572,0.0,0.0,0.029883790631972624
2,115.4,8512.179169608324,207.41352961870396,1977.2419466938275,75.67042968539572,0.0,0.0,0.029883790631972624
2,115.5,8519.742833988717,207.63962789047014,1977.2419466938275,75.67042968539572,0.0,0.0,0.029883790631972624
2,115.60000000000001,8527.306498369111,207.8657261622363,1977.2419466938275,75.67042968539572,0.0,0.0,0.029883790631972624
2,115.7,8534.870162749505,208.0918244340025,1977.2419466938275,75.67042968539572,0.0,0.0,0.029883790631972624
2,115.80000000000001,8542.433827129898,208.31792270576867,1977.2419466938275,75.67042968539572,0.0,0.0,0.029883790631972624
2,115.9,8549.997491510292,208.54402097753484,1977.2419466938275,75.67042968539572,0.0,0.0,0.029883790631972624
2,116.0,8557.561155890686,208.77011924930102,1977.2419466938275,75.67042968539572,0.0,0.0,0.029883790631972624
2,116.10000000000001,8565.12482027108,208.9962175210672,1977.2419466938275,75.67042968539572,0.0,0.0,0.029883790631972624
2,116.2,8572.688484651473,209.22231579283337,1977.2419466938275,75.67042968539572,0.0,0.0,0.029883790631972624
2,116.30000000000001,8580.252149031867,209.44841406459955,1977.2419466938275,75.67042968539572,0.0,0.0,0.029883790631972624
2,116.4,8587.81581341226,209.67451233636572,1977.2419466938275,75.67042968539572,0.0,0.0,0.029883790631972624
2,116.5,8595.379477792654,209.9006106081319,1977.2419466938275,75.67042968539572,0.0,0.0,0.029883790631972624
2,116.60000000000001,8602.943142173048,210.12670887989808,1977.2419466938275,75.67042968539572,0.0,0.0,0.029883790631972624
2,116.7,8610.506806553441,210.35280715166425,1977.2419466938275,75.67042968539572,0.0,0.0,0.029883790631972624
2,116.80000000000001,8618.070470933835,210.57890542343043,1977.2419466938275,75.67042968539572,0.0,0.0,0.029883790631972624
2,116.9,8625.634135314229,210.8050036951966,1977.2419466938275,75.67042968539572,0.0,0.0,0.029883790631972624
2,117.0,8633.197799694623,211.03110196696278,1977.2419466938275,75.67042968539572,0.0,0.0,0.029883790631972624
2,117.10000000000001,8640.761464075016,211.25720023872896,1977.2419466938275,75.67042968539572,0.0,0.0,0.029883790631972624
2,117.2,8648.32512845541,211.48329851049513,1977.2419466938275,75.67042968539572,0.0,0.0,0.029883790631972624
2,117.30000000000001,8655.888792835804,211.7093967822613,1977.2419466938275,75.67042968539572,0.0,0.0,0.029883790631972624
2,117.4,8663.452457216197,211.93549505402748,1977.2419466938275,75.67042968539572,0.0,0.0,0.029883790631972624
2,117.5,8671.01612159659,212.16159332579366,1977.2419466938275,75.67042968539572,0.0,0.0,0.029883790631972624
2,117.60000000000001,8678.579785976985,212.38769159755984,1977.2419466938275,75.67042968539572,0.0,0.0,0.029883790631972624
2,117.7,8686.143450357378,212.613789869326,1977.2419466938275,75.67042968539572,0.0,0.0,0.029883790631972624
2,117.80000000000001,8693.707114737772,212.8398881410922,1977.2419466938275,75.67042968539572,0.0,0.0,0.029883790631972624
2,117.9,8701.270779118166,213.06598641285836,1977.2419466938275,75.67042968539572,0.0,0.0,0.029883790631972624
2,118.0,8708.83444349856,213.29208468462454,1977.2419466938275,75.67042968539572,0.0,0.0,0.029883790631972624
2,118.10000000000001,8716.398107878953,213.51818295639072,1977.2419466938275,75.67042968539572,0.0,0.0,0.029883790631972624
2,118.2,8723.961772259347,213.7442812281569,1977.2419466938275,75.67042968539572,0.0,0.0,0.029883790631972624
2,118.30000000000001,8731.52543663974,213.97037949992307,1977.2419466938275,75.67042968539572,0.0,0.0,0.029883790631972624
2,118.4,8739.089101020134,214.19647777168925,1977.2419466938275,75.67042968539572,0.0,0.0,0.029883790631972624
2,118.5,8746.652765400528,214.42257604345542,1977.2419466938275,75.67042968539572,0.0,0.0,0.029883790631972624
2,118.60000000000001,8754.216429780921,214.6486743152216,1977.2419466938275,75.67042968539572,0.0,0.0,0.029883790631972624
2,118.7,8761.780094161315,214.87477258698777,1977.2419466938275,75.67042968539572,0.0,0.0,0.029883790631972624
2,118.80000000000001,8769.343758541709,215.10087085875395,1977.2419466938275,75.67042968539572,0.0,0.0,0.029883790631972624
2,118.9,8776.907422922102,215.32696913052013,1977.2419466938275,75.67042968539572,0.0,0.0,0.029883790631972624
2,119.0,8784.471087302496,215.5530674022863,1977.2419466938275,75.67042968539572,0.0,0.0,0.029883790631972624
2,119.10000000000001,8792.03475168289,215.77916567405248,1977.2419466938275,75.67042968539572,0.0,0.0,0.029883790631972624
2,119.2,8799.598416063283,216.00526394581865,1977.2419466938275,75.67042968539572,0.0,0.0,0.029883790631972624
2,119.30000000000001,8807.162080443677,216.23136221758483,1977.2419466938275,75.67042968539572,0.0,0.0,0.029883790631972624
2,119.4,8814.72574482407,216.457460489351,1977.2419466938275,75.67042968539572,0.0,0.0,0.029883790631972624
2,119.5,8822.289409204464,216.68355876111718,1977.2419466938275,75.67042968539572,0.0,0.0,0.029883790631972624
2,119.60000000000001,8829.853073584858,216.90965703288336,1977.2419466938275,75.67042968539572,0.0,0.0,0.029883790631972624
2,119.7,8837.416737965252,217.13575530464954,1977.2419466938275,75.67042968539572,0.0,0.0,0.029883790631972624
2,119.80000000000001,8844.980402345645,217.3618535764157,1977.2419466938275,75.67042968539572,0.0,0.0,0.029883790631972624
2,119.9,8852.54406672604,217.5879518481819,1977.2419466938275,75.67042968539572,0.0,0.0,0.029883790631972624
2,120.0,8860.107731106433,217.81405011994806,1977.2419466938275,75.67042968539572,0.0,0.0,0.029883790631972624
2,120.10000000000001,8867.671395486826,218.04014839171424,1977.2419466938275,75.67042968539572,0.0,0.0,0.029883790631972624
2,120.2,8875.23505986722,218.26624666348042,1977.2419466938275,75.67042968539572,0.0,0.0,0.029883790631972624
2,120.30000000000001,8882.798724247614,218.4923449352466,1977.2419466938275,75.67042968539572,0.0,0.0,0.029883790631972624
2,120.4,8890.362388628007,218.71844320701277,1977.2419466938275,75.67042968539572,0.0,0.0,0.029883790631972624
2,120.5,8897.926053008401,218.94454147877894,1977.2419466938275,75.67042968539572,0.0,0.0,0.029883790631972624
2,120.60000000000001,8905.489717388795,219.17063975054512,1977.2419466938275,75.67042968539572,0.0,0.0,0.029883790631972624
2,120.7,8913.053381769188,219.3967380223113,1977.2419466938275,75.67042968539572,0.0,0.0,0.029883790631972624
2,120.80000000000001,8920.617046149582,219.62283629407747,1977.2419466938275,75.67042968539572,0.0,0.0,0.029883790631972624
2,120.9,8928.180710529976,219.84893456584365,1977.2419466938275,75.67042968539572,0.0,0.0,0.029883790631972624
2,121.0,8935.74437491037,220.07503283760983,1977.2419466938275,75.67042968539572,0.0,0.0,0.029883790631972624
2,121.10000000000001,8943.308039290763,220.301131109376,1977.2419466938275,75.67042968539572,0.0,0.0,0.029883790631972624
2,121.2,8950.871703671157,220.52722938114218,1977.2419466938275,75.67042968539572,0.0,0.0,0.029883790631972624
2,121.30000000000001,8958.43536805155,220.75332765290835,1977.2419466938275,75.67042968539572,0.0,0.0,0.029883790631972624
2,121.4,8965.999032431944,220.97942592467453,1977.2419466938275,75.67042968539572,0.0,0.0,0.029883790631972624
2,121.5,8973.562696812338,221.2055241964407,1977.2419466938275,75.67042968539572,0.0,0.0,0.029883790631972624
2,121.60000000000001,8981.126361192732,221.43162246820688,1977.2419466938275,75.67042968539572,0.0,0.0,0.029883790631972624
2,121.7,8988.690025573125,221.65772073997306,1977.2419466938275,75.67042968539572,0.0,0.0,0.029883790631972624
2,121.80000000000001,8996.253689953519,221.88381901173923,1977.2419466938275,75.67042968539572,0.0,0.0,0.029883790631972624
2,121.9,9003.817354333913,222.1099172835054,1977.2419466938275,75.67042968539572,0.0,0.0,0.029883790631972624
2,122.0,9011.381018714306,222.3360155552716,1977.2419466938275,75.67042968539572,0.0,0.0,0.029883790631972624
2,122.10000000000001,9018.9446830947,222.56211382703776,1977.2419466938275,75.67042968539572,0.0,0.0,0.029883790631972624
2,122.2,9026.508347475094,222.78821209880394,1977.2419466938275,75.67042968539572,0.0,0.0,0.029883790631972624
2,122.30000000000001,9034.072011855487,223.01431037057012,1977.2419466938275,75.67042968539572,0.0,0.0,0.029883790631972624
2,122.4,9041.635676235881,223.2404086423363,1977.2419466938275,75.67042968539572,0.0,0.0,0.029883790631972624
2,122.5,9049.199340616275,223.46650691410247,1977.2419466938275,75.67042968539572,0.0,0.0,0.029883790631972624
2,122.60000000000001,9056.763004996668,223.69260518586864,1977.2419466938275,75.67042968539572,0.0,0.0,0.029883790631972624
2,122.7,9064.326669377062,223.91870345763482,1977.2419466938275,75.67042968539572,0.0,0.0,0.029883790631972624
2,122.80000000000001,9071.890333757456,224.144801729401,1977.2419466938275,75.67042968539572,0.0,0.0,0.029883790631972624
2,122.9,9079.45399813785,224.37090000116717,1977.2419466938275,75.67042968539572,0.0,0.0,0.029883790631972624
2,123.0,9087.017662518243,224.59699827293335,1977.2419466938275,75.67042968539572,0.04939433514159089,0.0,0.029883790631972624
2,123.10000000000001,9094.581326898637,224.82309654469952,1977.2419466938275,75.67042968539572,0.05671695585962999,0.0,0.031987376353150215
2,123.2,9102.144498927408,225.06510512087118,1977.2419466938275,75.67042968539572,0.057789990782131796,0.0,0.03440344136410467
2,123.30000000000001,9109.707064173788,225.32538608822907,1977.2419466938275,75.67042968539572,0.05794680955118487,0.0,0.03686531718273156
2,123.4,9117.268965723686,225.60428434452768,1977.2419466938275,75.67042968539572,0.05796971836478323,-2.168404344971009e-20,0.039333888499131185
2,123.5,9124.830155753534,225.9018488253499,1977.2419466938275,75.67042968539572,0.05797306478679146,0.0,0.04180343793511032
2,123.60000000000001,9132.390587877328,226.21808511239186,1977.2419466938275,75.67042968539572,0.05797355361352497,0.0,0.04427313025085319
2,123.7,9139.950215938623,226.5529923571503,1977.2419466938275,75.67042968539572,0.05797362501852526,4.336808689942018e-20,0.04674284343768272
2,123.80000000000001,9147.50899382102,226.9065686746595,1977.2419466938275,75.67042968539572,0.0579736354489554,2.168404344971009e-20,0.04921255967324076
2,123.9,9155.066875418768,227.27881193132973,1977.2419466938275,75.67042968539572,0.05797363697257237,2.168404344971009e-20,0.05168227635413945
2,124.0,9162.623814632432,227.66971986003043,1977.2419466938275,75.67042968539572,0.00857930205354264,-2.168404344971009e-20,0.05415199310009094
2,124.10000000000001,9170.179765368453,228.07929007691124,1977.2419466938275,75.67042968539572,0.0012776307058472124,0.0,0.05451707666747571
2,124.2,9177.73556607357,228.49161881988547,1977.2419466938275,75.67042968539572,0.00019029100699779946,0.0,0.05457144365241818
2,124.30000000000001,9185.29134435045,228.9043583483533,1977.2419466938275,75.67042968539572,2.83421314657647e-05,0.0,0.054579541096194784
2,124.4,9192.847119284947,229.31715905929738,1977.2419466938275,75.67042968539572,4.221305477694002e-06,0.0,0.05458074713749419
2,124.5,9200.402893721583,229.7299688828178,1977.2419466938275,75.67042968539572,6.287254712720799e-07,0.0,0.05458092676649451
2,124.60000000000001,9207.958668084066,230.14278006357438,1977.2419466938275,75.67042968539572,9.364300222483756e-08,0.0,0.05458095352061796
2,124.7,9215.514442435506,230.5555914464791,1977.2419466938275,75.67042968539572,1.3947282663680413e-08,7.888609052210118e-32,0.05458095750540394
2,124.80000000000001,9223.0702167853,230.96840285949196,1977.2419466938275,75.67042968539572,2.0773222673226943e-09,-1.2325951644078266e-33,0.05458095809890196
2,124.9,9230.62599113485,231.38121427698914,1977.2419466938275,75.67042968539572,3.0939846179155156e-10,4.4474804775934136e-48,0.054580958187298155
2,125.0,9238.181765484363,231.79402569515423,1977.2419466938275,75.67042968539572,4.608211718750516e-11,4.4474804775934136e-48,0.05458095820046397
2,125.10000000000001,9245.737539833872,232.2068371134188,1977.2419466938275,75.67042968539572,6.86351674855335e-12,4.4474804775934136e-48,0.0545809582024249
2,125.2,9253.293314183378,232.6196485316982,1977.2419466938275,75.67042968539572,1.0222590677853077e-12,4.4474804775934136e-48,0.05458095820271697
2,125.30000000000001,9260.849088532885,233.0324599499798,1977.2419466938275,75.67042968539572,1.5225629075496134e-13,4.4474804775934136e-48,0.05458095820276047
2,125.4,9268.404862882391,233.44527136826173,1977.2419466938275,75.67042968539572,2.2677204639213773e-14,4.4474804775934136e-48,0.05458095820276695
2,125.5,9275.960637231898,233.8580827865437,1977.2419466938275,75.67042968539572,3.377565601387288e-15,4.4474804775934136e-48,0.05458095820276791
2,125.60000000000001,9283.516411581404,234.27089420482568,1977.2419466938275,75.67042968539572,5.03058007949881e-16,4.4474804775934136e-48,0.05458095820276806
2,125.7,9291.07218593091,234.68370562310767,1977.2419466938275,75.67042968539572,7.492596420882493e-17,6.842277657835997e-50,0.05458095820276808
2,125.80000000000001,9298.627960280417,235.09651704138966,1977.2419466938275,75.67042968539572,1.1159548250708745e-17,3.421138828917986e-50,0.05458095820276808
2,125.9,9306.183734629923,235.50932845967165,1977.2419466938275,75.67042968539572,1.6621143081029408e-18,-2.4688476138975477e-64,0.05458095820276808
2,126.0,9313.73950897943,235.92213987795364,1977.2419466938275,75.67042968539572,2.475569719432917e-19,-2.4688476138975477e-64,0.05458095820276808
2,126.10000000000001,9321.295283328936,236.33495129623563,1977.2419466938275,75.67042968539572,3.68713836701634e-20,-2.4688476138975477e-64,0.05458095820276808
2,126.2,9328.851057678443,236.74776271451762,1977.2419466938275,75.67042968539572,5.491660861257485e-21,-2.4688476138975477e-64,0.05458095820276808
2,126.30000000000001,9336.40683202795,237.1605741327996,1977.2419466938275,75.67042968539572,8.179334761302067e-22,-2.4688476138975477e-64,0.05458095820276808
2,126.4,9343.962606377456,237.5733855510816,1977.2419466938275,75.67042968539572,1.2182383222063198e-22,-2.4688476138975477e-64,0.05458095820276808
2,126.5,9351.518380726962,237.9861969693636,1977.2419466938275,75.67042968539572,1.8144563745130482e-23,-2.4688476138975477e-64,0.05458095820276808
2,126.60000000000001,9359.074155076469,238.39900838764558,1977.2419466938275,75.67042968539572,2.7024695209460512e-24,1.697807512941852e-63,0.05458095820276808
2,126.7,9366.629929425975,238.81181980592757,1977.2419466938275,75.67042968539572,4.0250852069135077e-25,5.697340647455879e-65,0.05458095820276808
2,126.80000000000001,9374.185703775482,239.22463122420956,1977.2419466938275,75.67042968539572,5.995002273787854e-26,0.0,0.05458095820276808
2,126.9,9381.741478124988,239.63744264249155,1977.2419466938275,75.67042968539572,8.929016509014703e-27,0.0,0.05458095820276808
2,127.0,9389.297252474495,240.05025406077354,1977.2419466938275,75.67042968539572,1.329896673548424e-27,0.0,0.05458095820276808
2,127.10000000000001,9396.853026824001,240.46306547905553,1977.2419466938275,75.67042968539572,1.9807614427967118e-28,1.448908652612274e-71,0.05458095820276808
2,127.2,9404.408801173508,240.87587689733752,1977.2419466938275,75.67042968539572,2.9501659574812485e-29,0.0,0.05458095820276808
2,127.30000000000001,9411.964575523014,241.2886883156195,1977.2419466938275,75.67042968539572,4.394006763576978e-30,0.0,0.05458095820276808
2,127.4,9419.52034987252,241.7014997339015,1977.2419466938275,75.67042968539572,6.544477740107932e-31,-1.105429575052089e-76,0.05458095820276808
2,127.5,9427.076124222027,242.1143111521835,1977.2419466938275,75.67042968539572,9.747410779109045e-32,3.454467422037781e-78,0.05458095820276808
2,127.60000000000001,9434.631898571533,242.52712257046548,1977.2419466938275,75.67042968539572,1.4517891368841935e-32,2.8764219523228867e-93,0.05458095820276808
2,127.7,9442.18767292104,242.93993398874747,1977.2419466938275,75.67042968539572,2.1623093001191907e-33,1.6867516709197602e-81,0.05458095820276808
2,127.80000000000001,9449.743447270546,243.35274540702946,1977.2419466938275,75.67042968539572,3.2205651568771186e-34,-2.6355494855199792e-83,0.05458095820276808
2,127.9,9457.299221620053,243.76555682531145,1977.2419466938275,75.67042968539572,4.796742042925689e-35,-8.236092114383683e-85,0.05458095820276808
2,128.0,9464.85499596956,244.17836824359344,1977.2419466938275,75.67042968539572,7.144315704105099e-36,1.286889685018639e-86,0.05458095820276808
2,128.1,9472.410770319066,244.59117966187543,1977.2419466938275,75.67042968539572,1.0640815458316994e-36,-4.0215006016087347e-88,0.05458095820276808
2,128.20000000000002,9479.966544668572,245.00399108015742,1977.2419466938275,75.67042968539572,1.5848537257794784e-37,-6.280763119264755e-90,0.05458095820276808
2,128.3,9487.522319018079,245.4168024984394,1977.2419466938275,75.67042968539572,2.3604970332925654e-38,1.992402549282446e-91,0.05458095820276808
2,128.4,9495.078093367585,245.8296139167214,1977.2419466938275,75.67042968539572,3.515747954242621e-39,2.8765163163355205e-93,0.05458095820276808
2,128.5,9502.633867717092,246.2424253350034,1977.2419466938275,75.67042968539572,5.236390261639103e-40,9.4364012633848e-98,0.05458095820276808
2,128.6,9510.189642066598,246.65523675328538,1977.2419466938275,75.67042968539572,7.799132170183033e-41,9.4364012633848e-98,0.05458095820276808
2,128.70000000000002,9517.745416416104,247.06804817156737,1977.2419466938275,75.67042968539572,1.1616105669890232e-41,7.304855400040236e-100,0.05458095820276808
2,128.8,9525.301190765611,247.48085958984936,1977.2419466938275,75.67042968539572,1.7301144279862792e-42,-7.325383208372885e-100,0.05458095820276808
2,128.9,9532.856965115117,247.89367100813135,1977.2419466938275,75.67042968539572,2.5768497799440018e-43,2.1833357409013062e-101,0.05458095820276808
2,129.0,9540.412739464624,248.30648242641334,1977.2419466938275,75.67042968539572,3.837985904854898e-44,-3.1202329708101593e-103,0.05458095820276808
2,129.1,9547.96851381413,248.71929384469533,1977.2419466938275,75.67042968539572,5.716334696927885e-45,1.1674303965722144e-104,0.05458095820276808
2,129.20000000000002,9555.524288163637,249.13210526297732,1977.2419466938275,75.67042968539572,8.513966225349398e-46,-1.0900382409024423e-107,0.05458095820276808
2,129.3,9563.080062513143,249.5449166812593,1977.2419466938275,75.67042968539572,1.2680786680553706e-46,-5.218603556841356e-114,0.05458095820276808
2,129.4,9570.63583686265,249.9577280995413,1977.2419466938275,75.67042968539572,1.8886890854574605e-47,-5.218603556841356e-114,0.05458095820276808
2,129.5,9578.191611212156,250.3705395178233,1977.2419466938275,75.67042968539572,2.813032465088655e-48,-5.218603556841356e-114,0.05458095820276808
2,129.6,9585.747385561663,250.78335093610528,1977.2419466938275,75.67042968539572,4.189758764728656e-49,-5.218603556841356e-114,0.05458095820276808
2,129.70000000000002,9593.30315991117,251.19616235438727,1977.2419466938275,75.67042968539572,6.240268722269216e-50,-2.0898674018906462e-116,0.05458095820276808
2,129.8,9600.858934260676,251.60897377266926,1977.2419466938275,75.67042968539572,9.294318817101029e-51,1.9708395378143928e-116,0.05458095820276808
2,129.9,9608.414708610182,252.02178519095125,1977.2419466938275,75.67042968539572,1.3843051656676934e-51,3.934613894764599e-119,0.05458095820276808
2,130.0,9615.970482959689,252.43459660923324,1977.2419466938275,75.67042968539572,2.061797996608825e-52,9.604633041603221e-120,0.05458095820276808
2,130.1,9623.526257309195,252.84740802751523,1977.2419466938275,75.67042968539572,3.0708626134251064e-53,6.050927769117189e-124,0.05458095820276808
2,130.20000000000002,9631.082031658701,253.26021944579722,1977.2419466938275,75.67042968539572,4.5737735733774804e-54,-4.235647116649929e-123,0.05458095820276808
2,130.3,9638.637806008208,253.6730308640792,1977.2419466938275,75.67042968539572,6.812224229462875e-55,-1.512728314572886e-124,0.05458095820276808
2,130.4,9646.193580357714,254.0858422823612,1977.2419466938275,75.67042968539572,1.0146195085519387e-55,2.9021651290047875e-130,0.05458095820276808
2,130.5,9653.74935470722,254.4986537006432,1977.2419466938275,75.67042968539572,1.5111844714121322e-56,2.9021651290047875e-130,0.05458095820276808
2,130.6,9661.305129056727,254.91146511892518,1977.2419466938275,75.67042968539572,2.2507733070266173e-57,2.9021651290047875e-130,0.05458095820276808
2,130.70000000000002,9668.860903406234,255.32427653720717,1977.2419466938275,75.67042968539572,3.352324335949273e-58,1.6859310946744922e-132,0.05458095820276808
2,130.8,9676.41667775574,255.73708795548916,1977.2419466938275,75.67042968539572,4.992985485616849e-59,-5.682140756833535e-133,0.05458095820276808
2,130.9,9683.972452105247,256.1498993737711,1977.2419466938275,75.67042968539572,7.436602655727576e-60,-4.677783093892091e-135,0.05458095820276808
2,131.0,9691.528226454753,256.5627107920531,1977.2419466938275,76.23598759041893,1.1076150575339015e-60,-2.7515580803692376e-136,0.05458095820276808
2,131.1,9699.140472373534,256.97860754712866,1977.2419466938275,76.80154549544214,1.7196233026277457e-61,8.397329024206124e-141,0.05458095820276808
2,131.20000000000002,9706.809189861588,257.3975896389978,1977.2419466938275,77.36710340046535,2.7767652961913454e-62,8.397329024206124e-141,0.05458095820276808
2,131.3,9714.534378918914,257.81965706766044,1977.2419466938275,77.93266130548857,4.653993898176674e-63,4.198656456976693e-141,0.05458095820276808
2,131.4,9722.316039545514,258.2448098331167,1977.2419466938275,78.49821921051178,8.08145417939163e-64,-1.6110252737426764e-146,0.05458095820276808
2,131.5,9730.154171741387,258.67304793536647,1977.2419466938275,79.06377711553499,1.4514228947694745e-64,-1.6110252737426764e-146,0.05458095820276808
2,131.6,9738.048775506535,259.1043713744098,1977.2419466938275,79.6293350205582,2.691920700700024e-65,1.120230653542917e-145,0.05458095820276808
2,131.70000000000002,9745.999850840955,259.53878015024674,1977.2419466938275,80.19489292558141,5.148374300645897e-66,-9.358797596196024e-149,0.05458095820276808
2,131.8,9754.00739774465,259.97627426287727,1977.2419466938275,80.76045083060463,1.0140049802794527e-66,-9.358797596196024e-149,0.05458095820276808
2,131.9,9762.071416217617,260.41685371230136,1977.2419466938275,81.32600873562784,2.054171125994195e-67,2.5966912474762818e-151,0.05458095820276808
2,132.0,9770.191906259859,260.860518498519,1977.2419466938275,81.32600873562784,4.2752520335871845e-68,1.5274215667659788e-152,0.05458095820276808
2,132.1,9778.3123963021,261.30418328473667,1977.2419466938275,81.32600873562784,8.897885730841981e-69,-4.661498382361845e-157,0.05458095820276808
2,132.20000000000002,9786.432886344342,261.7478480709543,1977.2419466938275,81.32600873562784,1.8518760965933302e-69,-4.661498382361845e-157,0.05458095820276808
2,132.3,9794.553376386584,262.191512857172,1977.2419466938275,81.32600873562784,3.85422467861838e-70,2.9367213086564644e-155,0.05458095820276808
2,132.4,9802.673866428826,262.6351776433896,1977.2419466938275,81.32600873562784,8.021620831219729e-71,4.661427531638422e-157,0.05458095820276808
2,132.5,9810.794356471068,263.0788424296073,1977.2419466938275,81.32600873562784,1.6695031069886812e-71,2.9130600945080086e-158,0.05458095820276808
2,132.6,9818.91484651331,263.52250721582493,1977.2419466938275,81.32600873562784,3.4746601502243356e-72,1.8173414314074537e-159,0.05458095820276808
2,132.70000000000002,9827.035336555551,263.9661720020426,1977.2419466938275,81.32600873562784,7.231650608505785e-73,1.1026271180291424e-160,0.05458095820276808
2,132.8,9835.155826597793,264.40983678826024,1977.2419466938275,81.32600873562784,1.5050902322094895e-73,1.3877828454390268e-164,0.05458095820276808
2,132.9,9843.276316640035,264.8535015744779,1977.2419466938275,81.32600873562784,3.132475184058257e-74,1.2501576592864415e-163,0.05458095820276808
2,133.0,9851.396806682276,265.29716636069554,1977.2419466938275,81.32600873562784,6.519476752125421e-75,-1.4413729891463226e-167,0.05458095820276808
2,133.1,9859.517296724518,265.7408311469132,1977.2419466938275,81.32600873562784,1.3568687579014953e-75,4.19718838367341e-166,0.05458095820276808
2,133.20000000000002,9867.63778676676,266.18449593313085,1977.2419466938275,81.32600873562784,2.823988636156925e-76,1.271955562471206e-167,0.05458095820276808
2,133.3,9875.758276809001,266.6281607193485,1977.2419466938275,81.32600873562784,5.877437866192221e-77,8.280390049064406e-172,0.05458095820276808
2,133.4,9883.878766851243,267.07182550556615,1977.2419466938275,81.32600873562784,1.2232441529212511e-77,8.280390049064406e-172,0.05458095820276808
2,133.5,9891.999256893485,267.5154902917838,1977.2419466938275,81.32600873562784,2.545881882074994e-78,-8.280453161491786e-172,0.05458095820276808
2,133.6,9900.119746935727,267.95915507800146,1977.2419466938275,81.32600873562784,5.2986270500448264e-79,5.174947941161913e-173,0.05458095820276808
2,133.70000000000002,9908.240236977968,268.4028198642191,1977.2419466938275,81.32600873562784,1.1027789157517457e-79,1.6141142234119149e-174,0.05458095820276808
2,133.8,9916.36072702021,268.84648465043676,1977.2419466938275,81.32600873562784,2.2951631159175606e-80,9.792374392984177e-176,0.05458095820276808
2,133.9,9924.481217062452,269.2901494366544,1977.2419466938275,81.32600873562784,4.776817595462873e-81,3.1618389622121986e-177,0.05458095820276808
2,134.0,9932.601707104694,269.73381422287207,1977.2419466938275,81.32600873562784,9.941771102051503e-82,3.108796624546121e-180,0.05458095820276808
2,134.1,9940.722197146935,270.1774790090897,1977.2419466938275,81.32600873562784,2.069135165208436e-82,-3.0605982301172627e-180,0.05458095820276808
2,134.20000000000002,9948.842687189177,270.6211437953074,1977.2419466938275,81.32600873562784,4.3063960012302885e-83,2.1689278642266005e-181,0.05458095820276808
2,134.3,9956.963177231419,271.064808581525,1977.2419466938275,81.32600873562784,8.962704240514934e-84,-1.4365995250651647e-189,0.05458095820276808
2,134.4,9965.08366727366,271.5084733677427,1977.2419466938275,81.32600873562784,1.8653664753542172e-84,7.530985212451263e-184,0.05458095820276808
2,134.5,9973.204157315902,271.95213815396033,1977.2419466938275,81.32600873562784,3.8823015844328515e-85,-1.4365995250651647e-189,0.05458095820276808
2,134.6,9981.324647358144,272.395802940178,1977.2419466938275,81.32600873562784,8.080056005953313e-86,-1.4365995250651647e-189,0.05458095820276808
2,134.70000000000002,9989.445137400386,272.83946772639564,1977.2419466938275,81.32600873562784,1.6816649515619694e-86,4.452897407385154e-188,0.05458095820276808
2,134.8,9997.565627442627,273.2831325126133,1977.2419466938275,81.32600873562784,3.4999720388426487e-87,1.4362488248671319e-189,0.05458095820276808
2,134.9,10005.68611748487,273.72679729883095,1977.2419466938275,81.32600873562784,7.284331079923185e-88,-1.7535009901524386e-193,0.05458095820276808
2,135.0,10013.80660752711,274.1704620850486,1977.2419466938275,81.32600873562784,0.0524,2.630165867715512e-192,0.05458095820276808
2,135.1,10021.927097569353,274.61412687126625,1977.2419466938275,81.32600873562784,0.10249610565105413,2.630165867715512e-192,0.056657570608671035
2,135.20000000000002,10030.046648783391,275.07465379911605,1977.2419466938275,81.32600873562784,0.11267497639799946,2.630165867715512e-192,0.06073004475977943
2,135.3,10038.164257187134,275.5682434790769,1977.2419466938275,81.32600873562784,0.11469936431670448,2.630165867715512e-192,0.06521024305229985
2,135.4,10046.279572749734,276.0981965789805,1977.2419466938275,81.32600873562784,0.11509979125419523,8.673617379884036e-20,0.06977163939388097
2,135.5,10054.392386569738,276.6651612080552,1977.2419466938275,81.32600873562784,0.11517890698115928,8.673617379884036e-20,0.07434910129598843
2,135.6,10062.502520145432,277.26925586378445,1977.2419466938275,81.32600873562784,0.11519453502619009,8.673617379884036e-20,0.07892973758219256
2,135.70000000000002,10070.609801508712,277.91049362412804,1977.2419466938275,81.32600873562784,0.11519762195880708,8.673617379884036e-20,0.08351100092401738
2,135.8,10078.714060125667,278.58886611633324,1977.2419466938275,81.32600873562784,0.1151982317004052,0.0,0.08809238812539313
2,135.9,10086.815125816007,279.3043601061552,1977.2419466938275,81.32600873562784,0.11519835213846347,0.0,0.09267379979194589
2,136.0,10094.912828527467,280.0569607741507,1977.2419466938275,81.32600873562784,0.06279835213846346,8.673617379884036e-20,0.09725521629093695
2,136.1,10103.006998291154,280.8466523628761,1977.2419466938275,81.32600873562784,0.013004459154252294,-2.1684043449710084e-20,0.09974491094014751
2,136.20000000000002,10111.099176879783,281.6564934944513,1977.2419466938275,81.32600873562784,0.0027059778127505128,6.018531076210112e-36,0.1002598350072226
2,136.3,10119.190937388936,282.4705013759893,1977.2419466938275,81.32600873562784,0.0005631775057794272,6.018531076210112e-36,0.10036697502257115
2,136.4,10127.282610638827,283.28537620419877,1977.2419466938275,81.32600873562784,0.00011721150092452358,6.018531076210112e-36,0.1003892733228139
2,136.5,10135.374265716384,284.10043146276524,1977.2419466938275,81.32600873562784,2.4394691007715983e-05,-1.6543612250458701e-25,0.10039391416330974
2,136.6,10143.465917011312,284.9155242734035,1977.2419466938275,81.32600873562784,5.07715501113749e-06,6.018531076210112e-36,0.10039488004010957
2,136.70000000000002,10151.557567518958,285.73062489957965,1977.2419466938275,81.32600873562784,1.0566849572957449e-06,6.018531076210112e-36,0.10039508106361227
2,136.8,10159.649217862749,286.5457271523677,1977.2419466938275,81.32600873562784,2.199229876890982e-07,-5.0487037748833996e-30,0.10039512290171075
2,136.9,10167.740868172437,287.36082974369504,1977.2419466938275,81.32600873562784,4.5771561504899945e-08,3.155503806194812e-31,0.10039513160928205
2,137.0,10175.832518475028,288.175932405481,1977.2419466938275,81.32600873562784,9.526224905414078e-09,1.9727541161601786e-32,0.10039513342154889
2,137.1,10183.924168776142,288.99103508193116,1977.2419466938275,81.32600873562784,1.9826494435593337e-09,-6.1027905112742674e-34,0.10039513379872766
2,137.20000000000002,10192.015819076949,289.8061377614333,1977.2419466938275,81.32600873562784,4.126397240329767e-10,2.527783052036114e-35,0.10039513387722815
2,137.3,10200.107469377692,290.6212404415707,1977.2419466938275,81.32600873562784,8.58808108529427e-11,2.786677942036325e-46,0.1003951338935661
2,137.4,10208.19911967842,291.43634312184025,1977.2419466938275,81.32600873562784,1.787397878389793e-11,2.786677942036325e-46,0.10039513389696643
2,137.5,10216.290769979147,292.2514458021373,1977.2419466938275,81.32600873562784,3.72002912401806e-12,2.786677942036325e-46,0.10039513389767413
2,137.6,10224.382420279873,293.0665484824401,1977.2419466938275,81.32600873562784,7.742325785912494e-13,7.346867559418718e-41,0.10039513389782141
2,137.70000000000002,10232.4740705806,293.8816511627441,1977.2419466938275,81.32600873562784,1.611374711778049e-13,2.786677942036325e-46,0.10039513389785207
2,137.8,10240.565720881326,294.6967538430483,1977.2419466938275,81.32600873562784,3.353680190624749e-14,2.786677942036325e-46,0.10039513389785845
2,137.9,10248.657371182053,295.5118565233526,1977.2419466938275,81.32600873562784,6.979860574191537e-15,9.246977965882462e-45,0.10039513389785978
2,138.0,10256.74902148278,296.32695920365694,1977.2419466938275,81.32600873562784,1.452686328629259e-15,-1.5918986613311606e-48,0.10039513389786006
2,138.1,10264.840671783506,297.1420618839613,1977.2419466938275,81.32600873562784,3.0234093460108796e-16,-1.5918986613311606e-48,0.10039513389786012
2,138.20000000000002,10272.932322084233,297.9571645642656,1977.2419466938275,81.32600873562784,6.292483031881558e-17,5.02479765494846e-50,0.10039513389786013
2,138.3,10281.023972384959,298.77226724456995,1977.2419466938275,81.32600873562784,1.3096255972999445e-17,-1.8174800028875612e-50,0.10039513389786013
2,138.4,10289.115622685686,299.5873699248743,1977.2419466938275,81.32600873562784,2.7256636154811963e-18,-2.4867942369370337e-61,0.10039513389786013
2,138.5,10297.207272986412,300.4024726051786,1977.2419466938275,81.32600873562784,5.67279851590783e-19,3.3409558627473024e-53,0.10039513389786013
2,138.6,10305.298923287139,301.21757528548295,1977.2419466938275,81.32600873562784,1.1806535046843924e-19,-2.4867942369370337e-61,0.10039513389786013
2,138.70000000000002,10313.390573587865,302.0326779657873,1977.2419466938275,81.32600873562784,2.457239921732814e-20,-2.4867942369370337e-61,0.10039513389786013
2,138.8,10321.482223888592,302.8477806460916,1977.2419466938275,81.32600873562784,5.114140608570464e-21,4.0780666130753844e-57,0.10039513389786013
2,138.9,10329.573874189318,303.66288332639596,1977.2419466938275,81.32600873562784,1.0643825998800192e-21,-2.4867942369370337e-61,0.10039513389786013
2,139.0,10337.665524490045,304.4779860067003,1977.2419466938275,81.32600873562784,2.2152506269162337e-22,-2.4867942369370337e-61,0.10039513389786013
2,139.1,10345.757174790771,305.2930886870046,1977.2419466938275,81.32600873562784,4.610499401818423e-23,2.411874207423127e-64,0.10039513389786013
2,139.20000000000002,10353.848825091498,306.10819136730896,1977.2419466938275,81.32600873562784,9.595620683226564e-24,2.411874207423127e-64,0.10039513389786013
2,139.3,10361.940475392224,306.9232940476133,1977.2419466938275,81.32600873562784,1.997092468118528e-24,2.411874207423127e-64,0.10039513389786013
2,139.4,10370.032125692951,307.73839672791763,1977.2419466938275,81.32600873562784,4.15645684409718e-25,-1.8991135491381554e-66,0.10039513389786013
2,139.5,10378.123775993678,308.55349940822197,1977.2419466938275,81.32600873562784,8.650642758228534e-26,1.3804481096763209e-77,0.10039513389786013
2,139.6,10386.215426294404,309.3686020885263,1977.2419466938275,81.32600873562784,1.8004185520840254e-26,5.934729842480323e-68,0.10039513389786013
2,139.70000000000002,10394.30707659513,310.18370476883064,1977.2419466938275,81.32600873562784,3.74712845424694e-27,1.3804481096763209e-77,0.10039513389786013
2,139.8,10402.398726895857,310.998807449135,1977.2419466938275,81.32600873562784,7.798726377471676e-28,1.3804481096763209e-77,0.10039513389786013
2,139.9,10410.490377196584,311.8139101294393,1977.2419466938275,81.32600873562784,1.6231131078983928e-28,1.3804481096763209e-77,0.10039513389786013
2,140.0,10418.58202749731,312.62901280974364,1977.2419466938275,81.32600873562784,3.3781107754234023e-29,2.264057814517646e-73,0.10039513389786013
2,140.1,10426.673677798037,313.444115490048,1977.2419466938275,81.32600873562784,7.030706828440004e-30,1.3804481096763209e-77,0.10039513389786013
2,140.20000000000002,10434.765328098763,314.2592181703523,1977.2419466938275,81.32600873562784,1.4632687260315605e-30,-2.072814339136546e-76,0.10039513389786013
2,140.3,10442.85697839949,315.07432085065665,1977.2419466938275,81.32600873562784,3.0454340037630523e-31,1.3804481096763209e-77,0.10039513389786013
2,140.4,10450.948628700216,315.889423530961,1977.2419466938275,81.32600873562784,6.338321940652348e-32,4.184198363668191e-79,0.10039513389786013
2,140.5,10459.040279000943,316.7045262112653,1977.2419466938275,81.32600873562784,1.3191658388825384e-32,-1.3388591387903172e-80,0.10039513389786013
2,140.6,10467.13192930167,317.51962889156965,1977.2419466938275,81.32600873562784,2.7455192821833368e-33,1.0542197943189849e-82,0.10039513389786013
2,140.70000000000002,10475.223579602396,318.334731571874,1977.2419466938275,81.32600873562784,5.71412320320985e-34,-4.0674989379110156e-94,0.10039513389786013
2,140.8,10483.315229903123,319.1498342521783,1977.2419466938275,81.32600873562784,1.1892542220827451e-34,-4.0674989379110156e-94,0.10039513389786013
2,140.9,10491.40688020385,319.96493693248266,1977.2419466938275,81.32600873562784,2.4751401998948004e-35,-4.0674989379110156e-94,0.10039513389786013
2,141.0,10499.498530504576,320.780039612787,1977.2419466938275,81.32600873562784,5.1513956354985476e-36,3.2172230866676245e-87,0.10039513389786013
2,141.1,10507.590180805302,321.5951422930913,1977.2419466938275,81.32600873562784,1.0721363175532996e-36,-4.0674989379110156e-94,0.10039513389786013
2,141.20000000000002,10515.681831106029,322.41024497339566,1977.2419466938275,81.32600873562784,2.2313880834460586e-37,-4.0674989379110156e-94,0.10039513389786013
2,141.3,10523.773481406755,323.2253476537,1977.2419466938275,81.32600873562784,4.644085549035183e-38,3.9232072733002704e-91,0.10039513389786013
2,141.4,10531.865131707482,324.04045033400433,1977.2419466938275,81.32600873562784,9.665521989097232e-39,-4.0674989379110156e-94,0.10039513389786013
2,141.5,10539.956782008208,324.85555301430867,1977.2419466938275,81.32600873562784,2.011640705911001e-39,3.6029596016166826e-94,0.10039513389786013
2,141.6,10548.048432308935,325.670655694613,1977.2419466938275,81.32600873562784,4.186735423335452e-40,2.4713399057331453e-95,0.10039513389786013
2,141.70000000000002,10556.140082609661,326.48575837491734,1977.2419466938275,81.32600873562784,8.71366017475458e-41,7.432161213073958e-97,0.10039513389786013
2,141.8,10564.231732910388,327.3008610552217,1977.2419466938275,81.32600873562784,1.813534077599163e-41,4.096466810356605e-98,0.10039513389786013
2,141.9,10572.323383211115,328.115963735526,1977.2419466938275,81.32600873562784,3.7744251952149146e-42,-1.4630238608320029e-99,0.10039513389786013
2,142.0,10580.415033511841,328.93106641583034,1977.2419466938275,81.32600873562784,7.855537830936719e-43,9.143899131189125e-101,0.10039513389786013
2,142.1,10588.506683812568,329.7461690961347,1977.2419466938275,81.32600873562784,1.6349370148204562e-43,2.8574684875149368e-102,0.10039513389786013
2,142.20000000000002,10596.598334113294,330.561271776439,1977.2419466938275,81.32600873562784,3.4027193299268825e-44,9.309249176849393e-111,0.10039513389786013
2,142.3,10604.68998441402,331.37637445674335,1977.2419466938275,81.32600873562784,7.081923482862464e-45,5.5810024307446605e-105,0.10039513389786013
2,142.4,10612.781634714747,332.1914771370477,1977.2419466938275,81.32600873562784,1.473928213121137e-45,3.4882137934264487e-106,0.10039513389786013
2,142.5,10620.873285015474,333.006579817352,1977.2419466938275,81.32600873562784,3.0676191047412647e-46,2.181006363001889e-107,0.10039513389786013
2,142.6,10628.9649353162,333.82168249765635,1977.2419466938275,81.32600873562784,6.384494772541677e-47,-6.719643252241467e-109,0.10039513389786013
2,142.70000000000002,10637.056585616927,334.6367851779607,1977.2419466938275,81.32600873562784,1.3287755783503637e-47,-1.198055002288335e-110,0.10039513389786013
2,142.8,10645.148235917653,335.451887858265,1977.2419466938275,81.32600873562784,2.765519591642547e-48,-5.0379728604251156e-114,0.10039513389786013
2,142.9,10653.23988621838,336.26699053856936,1977.2419466938275,81.32600873562784,5.755748928839927e-49,3.6543666202154484e-113,0.10039513389786013
2,143.0,10661.331536519107,337.0820932188737,1977.2419466938275,81.32600873562784,1.1979175932058975e-49,-2.4391204190138885e-114,0.10039513389786013
2,143.1,10669.423186819833,337.89719589917803,1977.2419466938275,81.32600873562784,2.49317087637705e-50,7.85178836032356e-116,0.10039513389786013
2,143.20000000000002,10677.51483712056,338.71229857948236,1977.2419466938275,81.32600873562784,5.18892205446249e-51,2.379628483766125e-117,0.10039513389786013
2,143.3,10685.606487421286,339.5274012597867,1977.2419466938275,81.32600873562784,1.0799465188047257e-51,1.5892937611493163e-118,0.10039513389786013
2,143.4,10693.698137722013,340.34250394009104,1977.2419466938275,81.32600873562784,2.247643096653257e-52,1.0221846584717806e-119,0.10039513389786013
2,143.5,10701.78978802274,341.15760662039537,1977.2419466938275,81.32600873562784,4.677916361566166e-53,-1.7960704843954753e-123,0.10039513389786013
2,143.6,10709.881438323466,341.9727093006997,1977.2419466938275,81.32600873562784,9.735932505650958e-54,-1.7960704843954753e-123,0.10039513389786013
2,143.70000000000002,10717.973088624192,342.78781198100404,1977.2419466938275,81.32600873562784,2.0262949233845605e-54,6.242994623853487e-124,0.10039513389786013
2,143.8,10726.064738924919,343.6029146613084,1977.2419466938275,81.32600873562784,4.217234573217204e-55,1.9206975690142727e-125,0.10039513389786013
2,143.9,10734.156389225645,344.4180173416127,1977.2419466938275,81.32600873562784,8.777136654831934e-56,2.978354809175388e-127,0.10039513389786013
2,144.0,10742.248039526372,345.23312002191705,1977.2419466938275,81.32600873562784,1.8267451459031412e-56,2.38016514839525e-129,0.10039513389786013
2,144.1,10750.339689827098,346.0482227022214,1977.2419466938275,81.32600873562784,3.80192078500182e-57,7.192049394881586e-131,0.10039513389786013
2,144.20000000000002,10758.431340127825,346.8633253825257,1977.2419466938275,81.32600873562784,7.912763139317122e-58,-7.234479695408627e-131,0.10039513389786013
2,144.3,10766.522990428552,347.67842806283005,1977.2419466938275,81.32600873562784,1.6468470554655644e-58,-2.121515026352056e-133,0.10039513389786013
2,144.4,10774.614640729278,348.4935307431344,1977.2419466938275,81.32600873562784,3.4275071505927275e-59,6.961664365952512e-134,0.10039513389786013
2,144.5,10782.706291030005,349.3086334234387,1977.2419466938275,81.32600873562784,7.133513235716456e-60,-8.253929141575626e-136,0.10039513389786013
2,144.6,10790.797941330731,350.12373610374306,1977.2419466938275,81.32600873562784,1.4846653514739385e-60,9.97019402813521e-140,0.10039513389786013
2,144.70000000000002,10798.889591631458,350.9388387840474,1977.2419466938275,81.32600873562784,3.08996581772775e-61,9.97019402813521e-140,0.10039513389786013
2,144.8,10806.981241932184,351.7539414643517,1977.2419466938275,81.32600873562784,6.431003960082332e-62,6.371320288867192e-139,0.10039513389786013
2,144.9,10815.07289223291,352.56904414465606,1977.2419466938275,81.32600873562784,1.338455321975299e-62,-1.0662013321542415e-141,0.10039513389786013
2,145.0,10823.164542533637,353.3841468249604,1977.2419466938275,81.32600873562784,2.785665597539247e-63,-1.6533190346883815e-143,0.10039513389786013
2,145.1,10831.256192834364,354.19924950526473,1977.2419466938275,81.32600873562784,5.7976778857747323e-64,-1.6533190346883815e-143,0.10039513389786013
2,145.20000000000002,10839.34784313509,355.01435218556907,1977.2419466938275,81.32600873562784,1.2066440744680158e-64,1.918007458323643e-144,0.10039513389786013
2,145.3,10847.439493435817,355.8294548658734,1977.2419466938275,81.32600873562784,2.511332901093404e-65,6.007434599372522e-146,0.10039513389786013
2,145.4,10855.531143736544,356.64455754617774,1977.2419466938275,81.32600873562784,5.22672184247434e-66,1.1853138232192901e-149,0.10039513389786013
2,145.5,10863.62279403727,357.4596602264821,1977.2419466938275,81.32600873562784,1.087813615100737e-66,1.1853138232192901e-149,0.10039513389786013
2,145.6,10871.714444337997,358.2747629067864,1977.2419466938275,81.32600873562784,2.2640165229040378e-67,4.032501141633913e-150,0.10039513389786013
2,145.70000000000002,10879.806094638723,359.08986558709074,1977.2419466938275,81.32600873562784,4.711993621727029e-68,3.665775054343872e-151,0.10039513389786013
2,145.8,10887.89774493945,359.9049682673951,1977.2419466938275,81.32600873562784,9.806855942339467e-69,1.5259823631932607e-152,0.10039513389786013
2,145.9,10895.989395240176,360.7200709476994,1977.2419466938275,81.32600873562784,2.041055892570356e-69,9.398094280282097e-154,0.10039513389786013
2,146.0,10904.081045540903,361.53517362800375,1977.2419466938275,81.32600873562784,4.247955900535413e-70,1.4975177359384003e-155,0.10039513389786013
2,146.1,10912.17269584163,362.3502763083081,1977.2419466938275,81.32600873562784,8.841075542605023e-71,9.907884883836157e-157,0.10039513389786013
2,146.20000000000002,10920.264346142356,363.1653789886124,1977.2419466938275,81.32600873562784,1.840052452997378e-71,2.2761002108817455e-160,0.10039513389786013
2,146.3,10928.355996443082,363.98048166891675,1977.2419466938275,81.32600873562784,3.8296166721634423e-72,-1.593273946490001e-159,0.10039513389786013
2,146.4,10936.447646743809,364.7955843492211,1977.2419466938275,81.32600873562784,7.970405317425535e-73,1.1380477311453848e-160,0.10039513389786013
2,146.5,10944.539297044535,365.6106870295254,1977.2419466938275,81.32600873562784,1.6588438572928286e-73,3.5559391400786323e-162,0.10039513389786013
2,146.6,10952.630947345262,366.42578970982976,1977.2419466938275,81.32600873562784,3.452475543322779e-74,-4.7485909749190956e-166,0.10039513389786013
2,146.70000000000002,10960.722597645989,367.2408923901341,1977.2419466938275,81.32600873562784,7.185478804915515e-75,-4.7485909749190956e-166,0.10039513389786013
2,146.8,10968.814247946715,368.0559950704384,1977.2419466938275,81.32600873562784,1.4954807067568278e-75,-4.072652923310534e-167,0.10039513389786013
2,146.9,10976.905898247442,368.87109775074276,1977.2419466938275,81.32600873562784,3.1124753200189776e-76,1.3540041799245186e-167,0.10039513389786013
2,147.0,10984.997548548168,369.6862004310471,1977.2419466938275,81.32600873562784,6.477851953527387e-77,8.213142135380321e-169,0.10039513389786013
2,147.1,10993.089198848895,370.50130311135143,1977.2419466938275,81.32600873562784,1.3482055797172628e-77,-1.0360970555498787e-172,0.10039513389786013
2,147.20000000000002,11001.180849149621,371.31640579165577,1977.2419466938275,81.32600873562784,2.805958361229591e-78,-1.0360970555498787e-172,0.10039513389786013
2,147.3,11009.272499450348,372.1315084719601,1977.2419466938275,81.32600873562784,5.839912282966087e-79,5.164819954397644e-173,0.10039513389786013
2,147.4,11017.364149751074,372.94661115226444,1977.2419466938275,81.32600873562784,1.2154341256080964e-79,1.5128343557692219e-174,0.10039513389786013
2,147.5,11025.4558000518,373.7617138325688,1977.2419466938275,81.32600873562784,2.5296272308775316e-80,-3.3561237128512255e-177,0.10039513389786013
2,147.6,11033.547450352527,374.5768165128731,1977.2419466938275,81.32600873562784,5.264796990948089e-81,2.9613366183240794e-177,0.10039513389786013
2,147.70000000000002,11041.639100653254,375.39191919317744,1977.2419466938275,81.32600873562784,1.0957380209051825e-81,1.9744772343488344e-178,0.10039513389786013
2,147.8,11049.73075095398,376.2070218734818,1977.2419466938275,81.32600873562784,2.2805092248029755e-82,1.2365877794981942e-179,0.10039513389786013
2,147.9,11057.822401254707,377.0221245537861,1977.2419466938275,81.32600873562784,4.746319124817062e-83,2.7088085655174413e-182,0.10039513389786013
2,148.0,11065.914051555434,377.83722723409045,1977.2419466938275,81.32600873562784,9.878296035636734e-84,1.5038486329659992e-182,0.10039513389786013
2,148.1,11074.00570185616,378.6523299143948,1977.2419466938275,81.32600873562784,2.0559243911235613e-84,-2.3512827233034096e-185,0.10039513389786013
2,148.20000000000002,11082.097352156887,379.4674325946991,1977.2419466938275,81.32600873562784,4.2789010237880916e-85,2.1546449611258163e-188,0.10039513389786013
2,148.3,11090.189002457613,380.28253527500345,1977.2419466938275,81.32600873562784,8.905480206579441e-86,1.4924448047765928e-186,0.10039513389786013
2,148.4,11098.28065275834,381.0976379553078,1977.2419466938275,81.32600873562784,1.853456699953477e-86,6.751202321017491e-188,0.10039513389786013
2,148.5,11106.372303059066,381.9127406356121,1977.2419466938275,81.32600873562784,3.857514315807926e-87,1.4365111617321382e-189,0.10039513389786013
2,148.6,11114.463953359793,382.72784331591646,1977.2419466938275,81.32600873562784,8.028467402036747e-88,8.986349770137542e-191,0.10039513389786013
2,148.70000000000002,11122.55560366052,383.5429459962208,1977.2419466938275,81.32600873562784,1.6709280523322385e-88,8.698676599122658e-194,0.10039513389786013
2,148.8,11130.647253961246,384.35804867652513,1977.2419466938275,81.32600873562784,3.4776258235320236e-89,-2.6370272985011793e-193,0.10039513389786013
2,148.9,11138.738904261972,385.17315135682946,1977.2419466938275,81.32600873562784,7.237822928172443e-90,1.0273438775932453e-194,0.10039513389786013
2,149.0,11146.830554562699,385.9882540371338,1977.2419466938275,81.32600873562784,1.5063748487573973e-90,3.4180266323812543e-196,0.10039513389786013
2,149.1,11154.922204863426,386.80335671743813,1977.2419466938275,81.32600873562784,3.135148797487699e-91,1.0034646542517536e-197,0.10039513389786013
2,149.20000000000002,11163.013855164152,387.61845939774247,1977.2419466938275,81.32600873562784,6.525041220979358e-92,1.3395859971366558e-201,0.10039513389786013
2,149.3,11171.105505464879,388.4335620780468,1977.2419466938275,81.32600873562784,1.3580268652511005e-92,2.2242308823220823e-200,0.10039513389786013
2,149.4,11179.197155765605,389.24866475835114,1977.2419466938275,81.32600873562784,2.826398951801448e-93,3.3165820506394297e-203,0.10039513389786013
2,149.5,11187.288806066332,390.0637674386555,1977.2419466938275,81.32600873562784,5.882454345457476e-94,3.3165820506394297e-203,0.10039513389786013
2,149.6,11195.380456367058,390.8788701189598,1977.2419466938275,81.32600873562784,1.2242882097142236e-94,-5.004290858409374e-207,0.10039513389786013
2,149.70000000000002,11203.472106667785,391.69397279926415,1977.2419466938275,81.32600873562784,2.548054829533389e-95,-5.004290858409374e-207,0.10039513389786013
2,149.8,11211.563756968511,392.5090754795685,1977.2419466938275,81.32600873562784,5.303149505804632e-96,-2.0693382860589885e-209,0.10039513389786013
2,149.9,11219.655407269238,393.3241781598728,1977.2419466938275,81.32600873562784,1.103720153701167e-96,1.3504403825030962e-208,0.10039513389786013
2,150.0,11227.747057569964,394.13928084017715,1977.2419466938275,81.32600873562784,2.2971220712384836e-97,-1.2262052217274526e-210,0.10039513389786013
2,150.1,11235.838707870691,394.9543835204815,1977.2419466938275,81.32600873562784,4.780894679213831e-98,2.9466803130867528e-211,0.10039513389786013
2,150.20000000000002,11243.930358171418,395.7694862007858,1977.2419466938275,81.32600873562784,9.950256549235924e-99,9.504296364401303e-213,0.10039513389786013
2,150.3,11252.022008472144,396.58458888109016,1977.2419466938275,81.32600873562784,2.07090120236435e-99,1.187020761859978e-213,0.10039513389786013
2,150.4,11260.11365877287,397.3996915613945,1977.2419466938275,81.32600873562784,4.3100715732635373e-100,-1.1614670744969743e-216,0.10039513389786013
2,150.5,11268.205309073597,398.2147942416988,1977.2419466938275,81.32600873562784,8.970354039799369e-101,-1.132866553151148e-219,0.10039513389786013
2,150.6,11276.296959374324,399.02989692200316,1977.2419466938275,81.32600873562784,1.8669585929501404e-101,3.5127577445093327e-218,0.10039513389786013
2,150.70000000000002,11284.38860967505,399.8449996023075,1977.2419466938275,81.32600873562784,3.8856151856725646e-102,-1.132866553151148e-219,0.10039513389786013
2,150.8,11292.480259975777,400.66010228261183,1977.2419466938275,81.32600873562784,8.086952452047476e-103,-7.054885789007947e-221,0.10039513389786013
2,150.9,11300.571910276503,401.47520496291617,1977.2419466938275,81.32600873562784,1.683100277217924e-103,2.7232179399176786e-223,0.10039513389786013
2,151.0,11308.66356057723,402.2903076432205,1977.2419466938275,81.32600873562784,3.5029593162178525e-104,1.3399917742131622e-223,0.10039513389786013
2,151.1,11316.755210877956,403.10541032352484,1977.2419466938275,81.32600873562784,7.290548363143464e-105,-4.3234391491354186e-225,0.10039513389786013
2,151.20000000000002,11324.846861178683,403.92051300382917,1977.2419466938275,81.32600873562784,1.5173483514139747e-105,-8.573813088048261e-229,0.10039513389786013
2,151.3,11332.93851147941,404.7356156841335,1977.2419466938275,81.32600873562784,3.1579874446453934e-106,-8.573813088048261e-229,0.10039513389786013
2,151.4,11341.030161780136,405.55071836443784,1977.2419466938275,81.32600873562784,6.572574248520116e-107,1.9793650560596824e-229,0.10039513389786013
2,151.5,11349.121812080863,406.3658210447422,1977.2419466938275,81.32600873562784,1.3679196959936133e-107,6.441540394427256e-233,0.10039513389786013
2,151.6,11357.21346238159,407.1809237250465,1977.2419466938275,81.32600873562784,2.846988446130648e-108,6.441540394427256e-233,0.10039513389786013
2,151.70000000000002,11365.305112682316,407.99602640535085,1977.2419466938275,81.32600873562784,5.925306314501112e-109,3.9162483012218727e-237,0.10039513389786013
2,151.8,11373.396762983042,408.8111290856552,1977.2419466938275,81.32600873562784,1.2332067932479273e-109,3.9162483012218727e-237,0.10039513389786013
2,151.9,11381.488413283769,409.6262317659595,1977.2419466938275,81.32600873562784,2.5666166678859412e-110,3.9162483012218727e-237,0.10039513389786013
2,152.0,11389.580063584495,410.44133444626385,1977.2419466938275,81.81545583394566,5.3417814075774036e-111,-1.5116914596690338e-239,0.10039513389786013
2,152.1,11397.720412140821,411.26134268689145,1977.2419466938275,82.30490293226349,1.137065817576951e-111,-1.5116914596690338e-239,0.10039513389786013
2,152.20000000000002,11405.909458952747,412.0862564878424,1977.2419466938275,82.79435003058131,2.473613644628864e-112,-7.438466909544707e-240,0.10039513389786013
2,152.3,11414.147204020272,412.9160758491166,1977.2419466938275,83.28379712889914,5.495606306821538e-113,-2.399222028456782e-241,0.10039513389786013
2,152.4,11422.433647343396,413.75080077071414,1977.2419466938275,83.77324422721696,1.2460756854985663e-113,2.928737762276947e-245,0.10039513389786013
2,152.5,11430.76878892212,414.59043125263497,1977.2419466938275,84.26269132553479,2.8816513916166956e-114,2.928737762276947e-245,0.10039513389786013
2,152.6,11439.152628756443,415.4349672948791,1977.2419466938275,84.75213842385261,6.7927277421454795e-115,2.928737762276947e-245,0.10039513389786013
2,152.70000000000002,11447.585166846366,416.2844088974465,1977.2419466938275,85.24158552217044,1.631186396646489e-115,-3.664944948179452e-246,0.10039513389786013
2,152.8,11456.066403191888,417.13875606033724,1977.2419466938275,85.73103262048826,3.9882541578800964e-116,-1.1799356033425542e-247,0.10039513389786013
2,152.9,11464.59633779301,417.99800878355126,1977.2419466938275,86.22047971880609,9.923312123993604e-117,-3.575773629571659e-249,0.10039513389786013
2,153.0,11473.17497064973,418.8621670670886,1977.2419466938275,86.22047971880609,2.5113688957793626e-117,-2.1779505029118033e-253,0.10039513389786013
2,153.1,11481.753603506451,419.7263253506259,1977.2419466938275,86.22047971880609,6.355714354120139e-118,-2.1779505029118033e-253,0.10039513389786013
2,153.20000000000002,11490.332236363172,420.59048363416326,1977.2419466938275,86.22047971880609,1.6084894982595862e-118,-2.1779505029118033e-253,0.10039513389786013
2,153.3,11498.910869219893,421.4546419177006,1977.2419466938275,86.22047971880609,4.070728043865248e-119,4.3955874943048985e-256,0.10039513389786013
2,153.4,11507.489502076614,422.31880020123793,1977.2419466938275,86.22047971880609,1.0302104443355645e-119,4.3955874943048985e-256,0.10039513389786013
2,153.5,11516.068134933335,423.18295848477527,1977.2419466938275,86.22047971880609,2.6072327804299156e-120,4.3955874943048985e-256,0.10039513389786013
2,153.60000000000002,11524.646767790056,424.0471167683126,1977.2419466938275,86.22047971880609,6.598324457613578e-121,1.331927864804685e-257,0.10039513389786013
2,153.70000000000002,11533.225400646777,424.91127505184994,1977.2419466938275,86.22047971880609,1.6698887024871791e-121,-7.048139044946348e-262,0.10039513389786013
2,153.8,11541.804033503498,425.7754333353873,1977.2419466938275,86.22047971880609,4.226115730754538e-122,-7.048139044946348e-262,0.10039513389786013
2,153.9,11550.38266636022,426.6395916189246,1977.2419466938275,86.22047971880609,1.0695356009732679e-122,-1.3712610254056494e-260,0.10039513389786013
2,154.0,11558.96129921694,427.50374990246195,1977.2419466938275,86.22047971880609,2.7067559778941848e-123,1.081733673529821e-262,0.10039513389786013
2,154.10000000000002,11567.539932073661,428.3679081859993,1977.2419466938275,86.22047971880609,6.850195465395284e-124,-4.426174611844595e-263,0.10039513389786013
2,154.20000000000002,11576.118564930382,429.2320664695366,1977.2419466938275,86.22047971880609,1.7336316349665628e-124,1.9849531072056067e-265,0.10039513389786013
2,154.3,11584.697197787104,430.09622475307395,1977.2419466938275,86.22047971880609,4.3874348709309565e-125,1.209005463874081e-269,0.10039513389786013
2,154.4,11593.275830643825,430.9603830366113,1977.2419466938275,86.22047971880609,1.1103618760990251e-125,1.209005463874081e-269,0.10039513389786013
2,154.5,11601.854463500546,431.8245413201486,1977.2419466938275,86.22047971880609,2.8100781713314425e-126,-7.632350260875167e-268,0.10039513389786013
2,154.60000000000002,11610.433096357267,432.68869960368596,1977.2419466938275,86.22047971880609,7.11168088437614e-127,-3.6367762906650325e-269,0.10039513389786013
2,154.70000000000002,11619.011729213988,433.5528578872233,1977.2419466938275,86.22047971880609,1.7998077604096553e-127,-3.0530133441939464e-270,0.10039513389786013
2,154.8,11627.590362070709,434.41701617076063,1977.2419466938275,86.22047971880609,4.554911879619555e-128,-2.136880973936871e-271,0.10039513389786013
2,154.9,11636.16899492743,435.28117445429797,1977.2419466938275,86.22047971880609,1.1527465703546611e-128,-1.2569225745335376e-272,0.10039513389786013
2,155.0,11644.74762778415,436.1453327378353,1977.2419466938275,86.22047971880609,2.917344375881589e-129,-7.387038836676278e-274,0.10039513389786013
2,155.10000000000002,11653.326260640872,437.00949102137264,1977.2419466938275,86.22047971880609,7.38314771552035e-130,7.037326866064498e-277,0.10039513389786013
2,155.20000000000002,11661.904893497593,437.87364930491,1977.2419466938275,86.22047971880609,1.868509958572196e-130,-2.1845783147772777e-276,0.10039513389786013
2,155.3,11670.483526354314,438.7378075884473,1977.2419466938275,86.22047971880609,4.728781814759355e-131,-1.834506373948184e-278,0.10039513389786013
2,155.4,11679.062159211035,439.60196587198465,1977.2419466938275,86.22047971880609,1.1967491716600753e-131,-7.062598890326654e-279,0.10039513389786013
2,155.5,11687.640792067756,440.466124155522,1977.2419466938275,86.22047971880609,3.028705142197306e-132,-1.1058359604663955e-281,0.10039513389786013
2,155.60000000000002,11696.219424924477,441.3302824390593,1977.2419466938275,86.22047971880609,7.664976968939923e-133,-5.51304879216764e-281,0.10039513389786013
2,155.70000000000002,11704.798057781198,442.19444072259665,1977.2419466938275,86.22047971880609,1.939834654612674e-133,-5.549343565037401e-282,0.10039513389786013
2,155.8,11713.376690637919,443.058599006134,1977.2419466938275,86.22047971880609,4.909288706912705e-134,-2.1248427664917584e-283,0.10039513389786013
2,155.9,11721.95532349464,443.9227572896713,1977.2419466938275,86.22047971880609,1.2424314387059376e-134,-8.048134553659128e-285,0.10039513389786013
2,156.0,11730.53395635136,444.78691557320866,1977.2419466938275,86.22047971880609,3.1443167677454627e-135,-6.5077414888714155e-286,0.10039513389786013
2,156.10000000000002,11739.112589208082,445.651073856746,1977.2419466938275,86.22047971880609,7.957564198651369e-136,-6.234775305300628e-287,0.10039513389786013
2,156.20000000000002,11747.691222064803,446.51523214028333,1977.2419466938275,86.22047971880609,2.0138819544273123e-136,6.9793221493679335e-289,0.10039513389786013
2,156.3,11756.269854921524,447.37939042382067,1977.2419466938275,86.22047971880609,5.096685901767935e-137,-2.871566173748171e-289,0.10039513389786013
2,156.4,11764.848487778245,448.243548707358,1977.2419466938275,86.22047971880609,1.2898574876334736e-137,1.609587160692697e-292,0.10039513389786013
2,156.5,11773.427120634966,449.10770699089534,1977.2419466938275,86.22047971880609,3.26434151617431e-138,1.609587160692697e-292,0.10039513389786013
2,156.60000000000002,11782.005753491687,449.9718652744327,1977.2419466938275,86.22047971880609,8.261320057745158e-139,-7.954148713180706e-293,0.10039513389786013
2,156.70000000000002,11790.584386348408,450.83602355797,1977.2419466938275,86.22047971880609,2.0907557851510672e-139,-4.385173631470584e-294,0.10039513389786013
2,156.8,11799.163019205129,451.70018184150734,1977.2419466938275,86.22047971880609,5.291236415716044e-140,-1.0553439509555417e-297,0.10039513389786013
2,156.9,11807.74165206185,452.5643401250447,1977.2419466938275,86.22047971880609,1.3390938820229854e-140,-1.0553439509555417e-297,0.10039513389786013
2,157.0,11816.32028491857,453.428498408582,1977.2419466938275,86.22047971880609,3.3889478450543317e-141,-1.0553439509555417e-297,0.10039513389786013
2,157.10000000000002,11824.898917775292,454.29265669211935,1977.2419466938275,86.22047971880609,8.576670874746972e-142,1.499742783343003e-299,0.10039513389786013
2,157.20000000000002,11833.477550632013,455.1568149756567,1977.2419466938275,86.22047971880609,2.170564041021814e-142,6.62498653220587e-301,0.10039513389786013
2,157.3,11842.056183488734,456.020973259194,1977.2419466938275,86.22047971880609,5.493213305000399e-143,6.520993737852684e-302,0.10039513389786013
2,157.4,11850.634816345455,456.88513154273136,1977.2419466938275,86.22047971880609,1.3902097263174069e-143,-9.451152101730671e-303,0.10039513389786013
2,157.5,11859.213449202176,457.7492898262687,1977.2419466938275,86.22047971880609,3.51831064231244e-144,1.0480636064305413e-303,0.10039513389786013
2,157.60000000000002,11867.792082058897,458.61344810980603,1977.2419466938275,86.22047971880609,8.904059251979919e-145,2.730652369264551e-305,0.10039513389786013
2,157.70000000000002,11876.370714915618,459.47760639334336,1977.2419466938275,86.22047971880609,2.253418734812462e-145,-3.5183880690985806e-308,0.10039513389786013
2,157.8,11884.949347772339,460.3417646768807,1977.2419466938275,86.22047971880609,5.702900048957632e-146,-3.5183880690985806e-308,0.10039513389786013
2,157.9,11893.52798062906,461.20592296041804,1977.2419466938275,86.22047971880609,1.443276762812024e-146,-1.7383289822928194e-308,0.10039513389786013
2,158.0,11902.106613485781,462.07008124395537,1977.2419466938275,86.22047971880609,3.652611471691303e-147,-6.95235884124183e-310,0.10039513389786013
2,158.10000000000002,11910.685246342502,462.9342395274927,1977.2419466938275,86.22047971880609,9.243944686767302e-148,9.9696659317e-314,0.10039513389786013
2,158.20000000000002,11919.263879199223,463.79839781103004,1977.2419466938275,86.22047971880609,2.3394361550435157e-148,-4.24615072058e-312,0.10039513389786013
2,158.3,11927.842512055944,464.6625560945674,1977.2419466938275,86.22047971880609,5.920590947887567e-149,9.9696659317e-314,0.10039513389786013
2,158.4,11936.421144912665,465.5267143781047,1977.2419466938275,86.22047971880609,1.4983694723464763e-149,-1.913510498e-314,0.10039513389786013
2,158.5,11944.999777769386,466.39087266164205,1977.2419466938275,86.22047971880609,3.7920388275783535e-150,-1.098140754e-315,0.10039513389786013
2,158.60000000000002,11953.578410626107,467.2550309451794,1977.2419466938275,86.22047971880609,9.59680421634801e-151,-1.03455227e-316,0.10039513389786013
2,158.70000000000002,11962.157043482828,468.1191892287167,1977.2419466938275,86.22047971880609,2.428737029196782e-151,-3.986675e-318,0.10039513389786013
2,158.8,11970.73567633955,468.98334751225406,1977.2419466938275,86.22047971880609,6.1465915361106926e-152,-3.6022e-319,0.10039513389786013
2,158.9,11979.31430919627,469.8475057957914,1977.2419466938275,86.22047971880609,1.5555651788403864e-152,-4.046e-321,0.10039513389786013
2,159.0,11987.892942052991,470.7116640793287,1977.2419466938275,86.22047971880609,3.93678839956211e-153,-2.02e-321,0.10039513389786013
2,159.10000000000002,11996.471574909712,471.57582236286606,1977.2419466938275,86.22047971880609,9.963133087409546e-154,5e-324,0.10039513389786013
2,159.20000000000002,12005.050207766433,472.4399806464034,1977.2419466938275,86.22047971880609,2.5214466931592275e-154,-5e-324,0.10039513389786013
2,159.3,12013.628840623154,473.30413892994073,1977.2419466938275,86.22047971880609,6.3812190107927436e-155,0.0,0.10039513389786013
2,159.4,12022.207473479875,474.16829721347807,1977.2419466938275,86.22047971880609,1.6149441578192947e-155,0.0,0.10039513389786013
2,159.5,12030.786106336596,475.0324554970154,1977.2419466938275,86.22047971880609,4.087063347087146e-156,0.0,0.10039513389786013
2,159.60000000000002,12039.364739193317,475.89661378055274,1977.2419466938275,86.22047971880609,1.0343445451178441e-156,0.0,0.10039513389786013
2,159.70000000000002,12047.943372050038,476.7607720640901,1977.2419466938275,86.22047971880609,2.6176952671348646e-157,0.0,0.10039513389786013
2,159.8,12056.52200490676,477.6249303476274,1977.2419466938275,86.22047971880609,6.624802677138469e-158,0.0,0.10039513389786013
2,159.9,12065.10063776348,478.48908863116475,1977.2419466938275,86.22047971880609,1.6765897490832693e-158,0.0,0.10039513389786013
2,160.0,12073.679270620201,479.3532469147021,1977.2419466938275,86.22047971880609,4.243074584593166e-159,0.0,0.10039513389786013
2,160.10000000000002,12082.257903476922,480.2174051982394,1977.2419466938275,86.22047971880609,1.0738275085043658e-159,0.0,0.10039513389786013
2,160.20000000000002,12090.836536333643,481.08156348177675,1977.2419466938275,86.22047971880609,2.7176178382715268e-160,0.0,0.10039513389786013
2,160.3,12099.415169190364,481.9457217653141,1977.2419466938275,86.22047971880609,6.877684410579224e-161,0.0,0.10039513389786013
2,160.4,12107.993802047085,482.8098800488514,1977.2419466938275,86.22047971880609,1.7405884736762726e-161,0.0,0.10039513389786013
2,160.5,12116.572434903806,483.67403833238876,1977.2419466938275,86.22047971880609,4.4050410775383995e-162,0.0,0.10039513389786013
2,160.60000000000002,12125.151067760527,484.5381966159261,1977.2419466938275,86.22047971880609,1.1148176141725756e-162,0.0,0.10039513389786013
2,160.70000000000002,12133.729700617248,485.40235489946343,1977.2419466938275,86.22047971880609,2.8213546502588754e-163,0.0,0.10039513389786013
2,160.8,12142.30833347397,486.26651318300077,1977.2419466938275,86.22047971880609,7.14021913660323e-164,0.0,0.10039513389786013
2,160.9,12150.88696633069,487.1306714665381,1977.2419466938275,86.22047971880609,1.8070301553204967e-164,0.0,0.10039513389786013
2,161.0,12159.465599187411,487.99482975007544,1977.2419466938275,86.22047971880609,4.573190149722808e-165,0.0,0.10039513389786013
2,161.10000000000002,12168.044232044133,488.8589880336128,1977.2419466938275,86.22047971880609,1.1573723927043358e-165,0.0,0.10039513389786013
2,161.20000000000002,12176.622864900854,489.7231463171501,1977.2419466938275,86.22047971880609,2.9290513001637403e-166,0.0,0.10039513389786013
2,161.3,12185.201497757575,490.58730460068745,1977.2419466938275,86.22047971880609,7.412775328901925e-167,0.0,0.10039513389786013
2,161.4,12193.780130614296,491.4514628842248,1977.2419466938275,86.22047971880609,1.8760080464860845e-167,0.0,0.10039513389786013
2,161.5,12202.358763471017,492.3156211677621,1977.2419466938275,86.22047971880609,4.747757802342397e-168,0.0,0.10039513389786013
2,161.60000000000002,12210.937396327738,493.17977945129945,1977.2419466938275,86.22047971880609,1.2015515707368434e-168,0.0,0.10039513389786013
2,161.70000000000002,12219.516029184459,494.0439377348368,1977.2419466938275,86.22047971880609,3.040858942779022e-169,0.0,0.10039513389786013
2,161.8,12228.09466204118,494.9080960183741,1977.2419466938275,86.22047971880609,7.695735526531413e-170,0.0,0.10039513389786013
2,161.9,12236.6732948979,495.77225430191146,1977.2419466938275,86.22047971880609,1.947618959273165e-170,0.0,0.10039513389786013
2,162.0,12245.251927754622,496.6364125854488,1977.2419466938275,86.22047971880609,4.928989045222488e-171,0.0,0.10039513389786013
2,162.10000000000002,12253.830560611343,497.50057086898613,1977.2419466938275,86.22047971880609,1.2474171547903787e-171,0.0,0.10039513389786013
2,162.20000000000002,12262.409193468064,498.36472915252347,1977.2419466938275,86.22047971880609,3.156934502773044e-172,0.0,0.10039513389786013
2,162.3,12270.987826324785,499.2288874360608,1977.2419466938275,86.22047971880609,7.989496870815167e-173,0.0,0.10039513389786013
2,162.4,12279.566459181506,500.09304571959814,1977.2419466938275,86.22047971880609,2.021963401289935e-173,0.0,0.10039513389786013
2,162.5,12288.145092038227,500.9572040031355,1977.2419466938275,86.22047971880609,5.117138240694788e-174,0.0,0.10039513389786013
2,162.60000000000002,12296.723724894948,501.8213622866728,1977.2419466938275,86.22047971880609,1.2950335182959223e-174,0.0,0.10039513389786013
2,162.70000000000002,12305.302357751669,502.68552057021014,1977.2419466938275,86.22047971880609,3.277440894937015e-175,0.0,0.10039513389786013
2,162.8,12313.88099060839,503.5496788537475,1977.2419466938275,86.22047971880609,8.29447166274118e-176,0.0,0.10039513389786013
2,162.9,12322.45962346511,504.4138371372848,1977.2419466938275,86.22047971880609,2.0991457167174512e-176,0.0,0.10039513389786013
2,163.0,12331.038256321832,505.27799542082215,1977.2419466938275,86.22047971880609,5.312469460600913e-177,0.0,0.10039513389786013
2,163.10000000000002,12339.616889178553,506.1421537043595,1977.2419466938275,86.22047971880609,1.3444674919447787e-177,0.0,0.10039513389786013
2,163.20000000000002,12348.195522035274,507.0063119878968,1977.2419466938275,86.22047971880609,3.402547252839776e-178,0.0,0.10039513389786013
2,163.3,12356.774154891995,507.87047027143416,1977.2419466938275,86.22047971880609,8.611087941636161e-179,0.0,0.10039513389786013
2,163.4,12365.352787748716,508.7346285549715,1977.2419466938275,86.22047971880609,2.179274232759156e-179,0.0,0.10039513389786013
2,163.5,12373.931420605437,509.59878683850883,1977.2419466938275,86.22047971880609,5.515256856923495e-180,0.0,0.10039513389786013
2,163.60000000000002,12382.510053462158,510.46294512204616,1977.2419466938275,86.22047971880609,1.3957884574870442e-180,0.0,0.10039513389786013
2,163.70000000000002,12391.088686318879,511.3271034055835,1977.2419466938275,86.22047971880609,3.5324291662107933e-181,0.0,0.10039513389786013
2,163.8,12399.6673191756,512.1912616891209,1977.2419466938275,86.22047971880609,8.939790085928905e-182,0.0,0.10039513389786013
2,163.9,12408.245952032321,513.0554199726582,1977.2419466938275,86.22047971880609,2.2624614116806786e-182,0.0,0.10039513389786013
2,164.0,12416.824584889042,513.9195782561956,1977.2419466938275,86.22047971880609,5.725785046564948e-183,0.0,0.10039513389786013
2,164.10000000000002,12425.403217745763,514.7837365397329,1977.2419466938275,86.22047971880609,1.4490684451105215e-183,0.0,0.10039513389786013
2,164.20000000000002,12433.981850602484,515.6478948232702,1977.2419466938275,86.22047971880609,3.6672689273844637e-184,0.0,0.10039513389786013
2,164.3,12442.560483459205,516.5120531068076,1977.2419466938275,86.22047971880609,9.281039436845817e-185,0.0,0.10039513389786013
2,164.4,12451.139116315926,517.3762113903449,1977.2419466938275,86.22047971880609,2.348824008653264e-185,0.0,0.10039513389786013
2,164.5,12459.717749172647,518.2403696738822,1977.2419466938275,86.22047971880609,5.944349510814001e-186,0.0,0.10039513389786013
2,164.60000000000002,12468.296382029368,519.1045279574196,1977.2419466938275,86.22047971880609,1.5043822345367932e-186,0.0,0.10039513389786013
2,164.70000000000002,12476.875014886089,519.9686862409569,1977.2419466938275,86.22047971880609,3.8072557871517293e-187,0.0,0.10039513389786013
2,164.8,12485.45364774281,520.8328445244942,1977.2419466938275,86.22047971880609,9.635314945914312e-188,0.0,0.10039513389786013
2,164.9,12494.032280599531,521.6970028080316,1977.2419466938275,86.22047971880609,2.4384832356224286e-188,0.0,0.10039513389786013
2,165.0,12502.610913456252,522.5611610915689,1977.2419466938275,86.22047971880609,6.171257010060701e-189,0.0,0.10039513389786013
2,165.10000000000002,12511.189546312973,523.4253193751063,1977.2419466938275,86.22047971880609,1.5618074599763319e-189,0.0,0.10039513389786013
2,165.20000000000002,12519.768179169694,524.2894776586436,1977.2419466938275,86.22047971880609,3.952586220378025e-190,0.0,0.10039513389786013
2,165.3,12528.346812026415,525.1536359421809,1977.2419466938275,86.22047971880609,1.0003113847182538e-190,0.0,0.10039513389786013
2,165.4,12536.925444883136,526.0177942257183,1977.2419466938275,86.22047971880609,2.531564931431784e-191,0.0,0.10039513389786013
2,165.5,12545.504077739857,526.8819525092556,1977.2419466938275,86.22047971880609,6.406826014341836e-192,0.0,0.10039513389786013
2,165.60000000000002,12554.082710596578,527.7461107927929,1977.2419466938275,86.22047971880609,1.6214247190899428e-192,0.0,0.10039513389786013
2,165.70000000000002,12562.6613434533,528.6102690763303,1977.2419466938275,86.22047971880609,4.103464201760402e-193,0.0,0.10039513389786013
2,165.8,12571.23997631002,529.4744273598676,1977.2419466938275,86.22047971880609,1.0384952355099182e-193,0.0,0.10039513389786013
2,165.9,12579.818609166741,530.3385856434049,1977.2419466938275,86.22047971880609,2.6281997384408308e-194,0.0,0.10039513389786013
2,166.0,12588.397242023462,531.2027439269423,1977.2419466938275,86.22047971880609,6.651387150321192e-195,0.0,0.10039513389786013
2,166.10000000000002,12596.975874880183,532.0669022104796,1977.2419466938275,86.22047971880609,1.6833176861094915e-195,0.0,0.10039513389786013
2,166.20000000000002,12605.554507736904,532.931060494017,1977.2419466938275,86.22047971880609,4.2601014921108315e-196,0.0,0.10039513389786013
2,166.3,12614.133140593625,533.7952187775543,1977.2419466938275,86.22047971880609,1.0781366389032557e-196,0.0,0.10039513389786013
2,166.4,12622.711773450346,534.6593770610916,1977.2419466938275,86.22047971880609,2.72852328588459e-197,0.0,0.10039513389786013
2,166.5,12631.290406307067,535.523535344629,1977.2419466938275,86.22047971880609,6.905283665331853e-198,0.0,0.10039513389786013
2,166.60000000000002,12639.869039163788,536.3876936281663,1977.2419466938275,86.22047971880609,1.7475732292766574e-198,0.0,0.10039513389786013
2,166.70000000000002,12648.44767202051,537.2518519117036,1977.2419466938275,86.22047971880609,4.422717935567499e-199,0.0,0.10039513389786013
2,166.8,12657.02630487723,538.116010195241,1977.2419466938275,86.22047971880609,1.1192912325446161e-199,0.0,0.10039513389786013
2,166.9,12665.604937733951,538.9801684787783,1977.2419466938275,86.22047971880609,2.8326763802324455e-200,0.0,0.10039513389786013
2,167.0,12674.183570590672,539.8443267623156,1977.2419466938275,86.22047971880609,7.168871909131962e-201,0.0,0.10039513389786013
2,167.10000000000002,12682.762203447393,540.708485045853,1977.2419466938275,86.22047971880609,1.8142815327645767e-201,0.0,0.10039513389786013
2,167.20000000000002,12691.340836304114,541.5726433293903,1977.2419466938275,86.22047971880609,4.59154176815128e-202,0.0,0.10039513389786013
2,167.3,12699.919469160835,542.4368016129276,1977.2419466938275,86.22047971880609,1.1620167778786205e-202,0.0,0.10039513389786013
2,167.4,12708.498102017556,543.300959896465,1977.2419466938275,86.22047971880609,2.940805202813355e-203,0.0,0.10039513389786013
2,167.5,12717.076734874277,544.1651181800023,1977.2419466938275,86.22047971880609,7.44252183405003e-204,0.0,0.10039513389786013
2,167.60000000000002,12725.655367730998,545.0292764635396,1977.2419466938275,86.22047971880609,1.8835362232534428e-204,0.0,0.10039513389786013
2,167.70000000000002,12734.23400058772,545.893434747077,1977.2419466938275,86.22047971880609,4.76680993810034e-205,0.0,0.10039513389786013
2,167.8,12742.81263344444,546.7575930306143,1977.2419466938275,86.22047971880609,1.2063732412177078e-205,0.0,0.10039513389786013
2,167.9,12751.391266301162,547.6217513141517,1977.2419466938275,86.22047971880609,3.0530615149847917e-206,0.0,0.10039513389786013
2,168.0,12759.969899157883,548.485909597689,1977.2419466938275,86.22047971880609,7.726617514221769e-207,0.0,0.10039513389786013
2,168.10000000000002,12768.548532014604,549.3500678812263,1977.2419466938275,86.22047971880609,1.9554345013377827e-207,0.0,0.10039513389786013
2,168.20000000000002,12777.127164871325,550.2142261647637,1977.2419466938275,86.22047971880609,4.948768438432622e-208,0.0,0.10039513389786013
2,168.3,12785.705797728046,551.078384448301,1977.2419466938275,86.22047971880609,1.2524228779062745e-208,0.0,0.10039513389786013
2,168.4,12794.284430584767,551.9425427318383,1977.2419466938275,86.22047971880609,3.16960287113339e-209,0.0,0.10039513389786013
2,168.5,12802.863063441488,552.8067010153757,1977.2419466938275,86.22047971880609,8.021557684647195e-210,0.0,0.10039513389786013
2,168.60000000000002,12811.441696298209,553.670859298913,1977.2419466938275,86.22047971880609,2.0300772779497702e-210,0.0,0.10039513389786013
2,168.70000000000002,12820.02032915493,554.5350175824503,1977.2419466938275,86.22047971880609,5.137672652202847e-211,0.0,0.10039513389786013
2,168.8,12828.59896201165,555.3991758659877,1977.2419466938275,86.22047971880609,1.3002303196975211e-211,0.0,0.10039513389786013
2,168.9,12837.177594868372,556.263334149525,1977.2419466938275,86.22047971880609,3.290592839806272e-212,0.0,0.10039513389786013
2,169.0,12845.756227725093,557.1274924330623,1977.2419466938275,86.22047971880609,8.327756300824665e-213,0.0,0.10039513389786013
2,169.10000000000002,12854.334860581814,557.9916507165997,1977.2419466938275,86.22047971880609,2.1075693159901204e-213,0.0,0.10039513389786013
2,169.20000000000002,12862.913493438535,558.855809000137,1977.2419466938275,86.22047971880609,5.3337877109386665e-214,0.0,0.10039513389786013
2,169.3,12871.492126295256,559.7199672836744,1977.2419466938275,86.22047971880609,1.3498626654656467e-214,0.0,0.10039513389786013
2,169.4,12880.070759151977,560.5841255672117,1977.2419466938275,86.22047971880609,3.4162012332833404e-215,0.0,0.10039513389786013
2,169.5,12888.649392008698,561.448283850749,1977.2419466938275,86.22047971880609,8.645643119747153e-216,0.0,0.10039513389786013
2,169.60000000000002,12897.228024865419,562.3124421342864,1977.2419466938275,86.22047971880609,2.188019377365283e-216,0.0,0.10039513389786013
2,169.70000000000002,12905.80665772214,563.1766004178237,1977.2419466938275,86.22047971880609,5.537388866759021e-217,0.0,0.10039513389786013
2,169.8,12914.38529057886,564.040758701361,1977.2419466938275,86.22047971880609,1.4013895753806993e-217,0.0,0.10039513389786013
2,169.9,12922.963923435582,564.9049169848984,1977.2419466938275,86.22047971880609,3.546604345912846e-218,0.0,0.10039513389786013
2,170.0,12931.542556292303,565.7690752684357,1977.2419466938275,86.22047971880609,8.975664303076368e-219,0.0,0.10039513389786013
2,170.10000000000002,12940.121189149024,566.633233551973,1977.2419466938275,86.22047971880609,2.2715403756373543e-219,0.0,0.10039513389786013
2,170.20000000000002,12948.699822005745,567.4973918355104,1977.2419466938275,86.22047971880609,5.748761878697001e-220,0.0,0.10039513389786013
2,170.3,12957.278454862466,568.3615501190477,1977.2419466938275,86.22047971880609,1.4548833686782744e-220,0.0,0.10039513389786013
2,170.4,12965.857087719187,569.225708402585,1977.2419466938275,86.22047971880609,3.681985201544659e-221,0.0,0.10039513389786013
2,170.5,12974.435720575908,570.0898666861224,1977.2419466938275,86.22047971880609,9.318283043341181e-222,0.0,0.10039513389786013
2,170.60000000000002,12983.014353432629,570.9540249696597,1977.2419466938275,86.22047971880609,2.3582495345009245e-222,0.0,0.10039513389786013
2,170.70000000000002,12991.59298628935,571.818183253197,1977.2419466938275,86.22047971880609,5.9682034137693926e-223,0.0,0.10039513389786013
2,170.8,13000.171619146071,572.6823415367344,1977.2419466938275,86.22047971880609,1.5104191251612715e-223,0.0,0.10039513389786013
2,170.9,13008.750252002792,573.5464998202717,1977.2419466938275,86.22047971880609,3.822533810408579e-224,0.0,0.10039513389786013
2,171.0,13017.328884859513,574.410658103809,1977.2419466938275,86.22047971880609,9.673980214039328e-225,0.0,0.10039513389786013
2,171.10000000000002,13025.907517716234,575.2748163873464,1977.2419466938275,86.22047971880609,2.4482685523093194e-225,0.0,0.10039513389786013
2,171.20000000000002,13034.486150572955,576.1389746708837,1977.2419466938275,86.22047971880609,6.1960214633558736e-226,0.0,0.10039513389786013
2,171.3,13043.064783429676,577.0031329544211,1977.2419466938275,86.22047971880609,1.5680747905761728e-226,0.0,0.10039513389786013
2,171.4,13051.643416286397,577.8672912379584,1977.2419466938275,86.22047971880609,3.968447435798176e-227,0.0,0.10039513389786013
2,171.5,13060.222049143118,578.7314495214957,1977.2419466938275,86.22047971880609,1.004325504455465e-227,0.0,0.10039513389786013
2,171.60000000000002,13068.800681999839,579.5956078050331,1977.2419466938275,86.22047971880609,2.5417237728810936e-228,0.0,0.10039513389786013
2,171.70000000000002,13077.37931485656,580.4597660885704,1977.2419466938275,86.22047971880609,6.432535775472158e-229,0.0,0.10039513389786013
2,171.8,13085.957947713281,581.3239243721077,1977.2419466938275,86.22047971880609,1.6279312860117349e-229,0.0,0.10039513389786013
2,171.9,13094.536580570002,582.1880826556451,1977.2419466938275,86.22047971880609,4.1199308709344827e-230,0.0,0.10039513389786013
2,172.0,13103.115213426723,583.0522409391824,1977.2419466938275,86.22047971880609,1.0426625820837382e-230,0.0,0.10039513389786013
2,172.10000000000002,13111.693846283444,583.9163992227197,1977.2419466938275,86.22047971880609,2.638746362826572e-231,0.0,0.10039513389786013
2,172.20000000000002,13120.272479140165,584.7805575062571,1977.2419466938275,86.22047971880609,6.678078303543892e-232,0.0,0.10039513389786013
2,172.3,13128.851111996886,585.6447157897944,1977.2419466938275,86.22047971880609,1.6900726214736516e-232,0.0,0.10039513389786013
2,172.4,13137.429744853607,586.5088740733318,1977.2419466938275,86.22047971880609,4.277196726398113e-233,0.0,0.10039513389786013
2,172.5,13146.008377710328,587.3730323568691,1977.2419466938275,86.22047971880609,1.0824630612830718e-233,0.0,0.10039513389786013
2,172.60000000000002,13154.58701056705,588.2371906404064,1977.2419466938275,86.22047971880609,2.7394724956432965e-234,0.0,0.10039513389786013
2,172.70000000000002,13163.16564342377,589.1013489239438,1977.2419466938275,86.22047971880609,6.932993672311173e-235,0.0,0.10039513389786013
2,172.8,13171.744276280491,589.9655072074811,1977.2419466938275,86.22047971880609,1.7545860137945856e-235,0.0,0.10039513389786013
2,172.9,13180.322909137212,590.8296654910184,1977.2419466938275,86.22047971880609,4.440465728533262e-236,0.0,0.10039513389786013
2,173.0,13188.901541993933,591.6938237745558,1977.2419466938275,86.22047971880609,1.1237828029664687e-236,0.0,0.10039513389786013
2,173.10000000000002,13197.480174850654,592.5579820580931,1977.2419466938275,86.22047971880609,2.844043542838736e-237,0.0,0.10039513389786013
2,173.20000000000002,13206.058807707375,593.4221403416304,1977.2419466938275,86.22047971880609,7.197639661517458e-238,0.0,0.10039513389786013
2,173.3,13214.637440564096,594.2862986251678,1977.2419466938275,86.22047971880609,1.821562009045044e-238,0.0,0.10039513389786013
2,173.4,13223.216073420817,595.1504569087051,1977.2419466938275,86.22047971880609,4.609967029242298e-239,0.0,0.10039513389786013
2,173.5,13231.794706277538,596.0146151922424,1977.2419466938275,86.22047971880609,1.1666798003677267e-239,0.0,0.10039513389786013
2,173.60000000000002,13240.37333913426,596.8787734757798,1977.2419466938275,86.22047971880609,2.952606272348541e-240,0.0,0.10039513389786013
2,173.70000000000002,13248.95197199098,597.7429317593171,1977.2419466938275,86.22047971880609,7.472387708061927e-241,0.0,0.10039513389786013
2,173.8,13257.530604847701,598.6070900428545,1977.2419466938275,86.22047971880609,1.8910946096169424e-241,0.0,0.10039513389786013
2,173.9,13266.109237704422,599.4712483263918,1977.2419466938275,86.22047971880609,4.785938527605931e-242,0.0,0.10039513389786013
2,174.0,13274.687870561143,600.3354066099291,1977.2419466938275,86.22047971880609,1.2112142604363127e-242,0.0,0.10039513389786013
2,174.10000000000002,13283.266503417864,601.1995648934665,1977.2419466938275,86.22047971880609,3.065313054528809e-243,0.0,0.10039513389786013
2,174.20000000000002,13291.845136274585,602.0637231770038,1977.2419466938275,86.22047971880609,7.75762342731994e-244,0.0,0.10039513389786013
2,174.3,13300.423769131306,602.9278814605411,1977.2419466938275,86.22047971880609,1.9632814061581706e-244,0.0,0.10039513389786013
2,174.4,13309.002401988027,603.7920397440785,1977.2419466938275,86.22047971880609,4.968627203780148e-245,0.0,0.10039513389786013
2,174.5,13317.581034844749,604.6561980276158,1977.2419466938275,86.22047971880609,1.2574486883392416e-245,0.0,0.10039513389786013
2,174.60000000000002,13326.15966770147,605.5203563111531,1977.2419466938275,86.22047971880609,3.1823220760114867e-246,0.0,0.10039513389786013
2,174.70000000000002,13334.73830055819,606.3845145946905,1977.2419466938275,86.22047971880609,8.053747154363323e-247,0.0,0.10039513389786013
2,174.8,13343.316933414912,607.2486728782278,1977.2419466938275,86.22047971880609,2.0382237145433783e-247,0.0,0.10039513389786013
2,174.9,13351.895566271633,608.1128311617651,1977.2419466938275,86.22047971880609,5.158289465638715e-248,0.0,0.10039513389786013
2,175.0,13360.474199128354,608.9769894453025,1977.2419466938275,86.22047971880609,1.3054479751885464e-248,0.0,0.10039513389786013
2,175.10000000000002,13369.052831985075,609.8411477288398,1977.2419466938275,86.22047971880609,3.303797561723027e-249,0.0,0.10039513389786013
2,175.20000000000002,13377.631464841796,610.7053060123772,1977.2419466938275,86.22047971880609,8.361174505840078e-250,0.0,0.10039513389786013
2,175.3,13386.210097698517,611.5694642959145,1977.2419466938275,86.22047971880609,2.1160267180731976e-250,0.0,0.10039513389786013
2,175.4,13394.788730555238,612.4336225794518,1977.2419466938275,86.22047971880609,5.355191508647682e-251,0.0,0.10039513389786013
2,175.5,13403.367363411959,613.2977808629892,1977.2419466938275,86.22047971880609,1.3552794891175001e-251,0.0,0.10039513389786013
2,175.60000000000002,13411.94599626868,614.1619391465265,1977.2419466938275,86.22047971880609,3.429910005377988e-252,0.0,0.10039513389786013
2,175.70000000000002,13420.5246291254,615.0260974300638,1977.2419466938275,86.22047971880609,8.680336963302251e-253,0.0,0.10039513389786013
2,175.8,13429.103261982122,615.8902557136012,1977.2419466938275,86.22047971880609,2.196799615101496e-253,0.0,0.10039513389786013
2,175.9,13437.681894838843,616.7544139971385,1977.2419466938275,86.22047971880609,5.559609689477028e-254,0.0,0.10039513389786013
2,176.0,13446.260527695564,617.6185722806758,1977.2419466938275,86.22047971880609,1.4070131698333716e-254,0.0,0.10039513389786013
2,176.10000000000002,13454.839160552285,618.4827305642132,1977.2419466938275,86.22047971880609,3.560836408770944e-255,0.0,0.10039513389786013
2,176.20000000000002,13463.417793409006,619.3468888477505,1977.2419466938275,86.22047971880609,9.011682478800363e-256,0.0,0.10039513389786013
2,176.3,13471.996426265727,620.2110471312878,1977.2419466938275,86.22047971880609,2.2806557722978336e-256,0.0,0.10039513389786013
2,176.4,13480.575059122448,621.0752054148252,1977.2419466938275,86.22047971880609,5.771830913873743e-257,0.0,0.10039513389786013
2,176.5,13489.153691979169,621.9393636983625,1977.2419466938275,86.22047971880609,1.4607216267794604e-257,0.0,0.10039513389786013
2,176.60000000000002,13497.73232483589,622.8035219818998,1977.2419466938275,86.22047971880609,3.69676053020272e-258,0.0,0.10039513389786013
2,176.70000000000002,13506.31095769261,623.6676802654372,1977.2419466938275,86.22047971880609,9.35567610359478e-259,0.0,0.10039513389786013
2,176.8,13514.889590549332,624.5318385489745,1977.2419466938275,86.22047971880609,2.367712883760273e-259,0.0,0.10039513389786013
2,176.9,13523.468223406053,625.3959968325119,1977.2419466938275,86.22047971880609,5.9921530393408366e-260,0.0,0.10039513389786013
2,177.0,13532.046856262774,626.2601551160492,1977.2419466938275,86.22047971880609,1.5164802410441693e-260,0.0,0.10039513389786013
2,177.10000000000002,13540.625489119495,627.1243133995865,1977.2419466938275,86.22047971880609,3.8378731423895016e-261,0.0,0.10039513389786013
2,177.20000000000002,13549.204121976216,627.9884716831239,1977.2419466938275,86.22047971880609,9.712800640866153e-262,0.0,0.10039513389786013
2,177.3,13557.782754832937,628.8526299666612,1977.2419466938275,86.22047971880609,2.458093136201833e-262,0.0,0.10039513389786013
2,177.4,13566.361387689658,629.7167882501985,1977.2419466938275,86.22047971880609,6.220885293187423e-263,0.0,0.10039513389786013
2,177.5,13574.940020546379,630.5809465337359,1977.2419466938275,86.22047971880609,1.5743672711601432e-263,0.0,0.10039513389786013
2,177.60000000000002,13583.5186534031,631.4451048172732,1977.2419466938275,86.22047971880609,3.984372300216853e-264,0.0,0.10039513389786013
2,177.70000000000002,13592.097286259821,632.3092631008105,1977.2419466938275,86.22047971880609,1.0083557323341053e-264,0.0,0.10039513389786013
2,177.8,13600.675919116542,633.1734213843479,1977.2419466938275,86.22047971880609,2.551923380442412e-265,0.0,0.10039513389786013
2,177.9,13609.254551973263,634.0375796678852,1977.2419466938275,86.22047971880609,6.458348706536494e-266,0.0,0.10039513389786013
2,178.0,13617.833184829984,634.9017379514225,1977.2419466938275,86.22047971880609,1.6344639629419644e-266,0.0,0.10039513389786013
2,178.10000000000002,13626.411817686705,635.7658962349599,1977.2419466938275,86.22047971880609,4.136463618714415e-267,0.0,0.10039513389786013
2,178.20000000000002,13634.990450543426,636.6300545184972,1977.2419466938275,86.22047971880609,1.0468466516783947e-267,0.0,0.10039513389786013
2,178.3,13643.569083400147,637.4942128020346,1977.2419466938275,86.22047971880609,2.649335309446916e-268,0.0,0.10039513389786013
2,178.4,13652.147716256868,638.3583710855719,1977.2419466938275,86.22047971880609,6.704876564899696e-269,0.0,0.10039513389786013
2,178.5,13660.72634911359,639.2225293691092,1977.2419466938275,86.22047971880609,1.696854663516571e-269,0.0,0.10039513389786013
2,178.60000000000002,13669.30498197031,640.0866876526466,1977.2419466938275,86.22047971880609,4.294360561641462e-270,0.0,0.10039513389786013
2,178.70000000000002,13677.883614827031,640.9508459361839,1977.2419466938275,86.22047971880609,1.0868068450342855e-270,0.0,0.10039513389786013
2,178.8,13686.462247683752,641.8150042197212,1977.2419466938275,86.22047971880609,2.7504656431594527e-271,0.0,0.10039513389786013
2,178.9,13695.040880540473,642.6791625032586,1977.2419466938275,86.22047971880609,6.960814875951471e-272,0.0,0.10039513389786013
2,179.0,13703.619513397194,643.5433207867959,1977.2419466938275,86.22047971880609,1.7616269397064537e-272,0.0,0.10039513389786013
2,179.10000000000002,13712.198146253915,644.4074790703332,1977.2419466938275,86.22047971880609,4.458284741088352e-273,0.0,0.10039513389786013
2,179.20000000000002,13720.776779110636,645.2716373538706,1977.2419466938275,86.22047971880609,1.1282923974773734e-273,0.0,0.10039513389786013
2,179.3,13729.355411967357,646.1357956374079,1977.2419466938275,86.22047971880609,2.855456320392998e-274,0.0,0.10039513389786013
2,179.4,13737.934044824078,646.9999539209452,1977.2419466938275,86.22047971880609,7.226522855158946e-275,0.0,0.10039513389786013
2,179.5,13746.5126776808,647.8641122044826,1977.2419466938275,86.22047971880609,1.8288717009317506e-275,0.0,0.10039513389786013
2,179.60000000000002,13755.09131053752,648.7282704880199,1977.2419466938275,86.22047971880609,4.628466228514302e-276,0.0,0.10039513389786013
2,179.70000000000002,13763.669943394241,649.5924287715573,1977.2419466938275,86.22047971880609,1.171361534960777e-276,0.0,0.10039513389786013
2,179.8,13772.248576250962,650.4565870550946,1977.2419466938275,86.22047971880609,2.964454698043882e-277,0.0,0.10039513389786013
2,179.9,13780.827209107683,651.3207453386319,1977.2419466938275,86.22047971880609,7.502373429949368e-278,0.0,0.10039513389786013
2,180.0,13789.405841964404,652.1849036221693,1977.2419466938275,86.22047971880609,1.8986833268037704e-278,0.0,0.10039513389786013
2,180.10000000000002,13797.984474821125,653.0490619057066,1977.2419466938275,86.22047971880609,4.805143877658144e-279,0.0,0.10039513389786013
2,180.20000000000002,13806.563107677846,653.9132201892439,1977.2419466938275,86.22047971880609,1.2160747060366345e-279,0.0,0.10039513389786013
2,180.3,13815.141740534567,654.7773784727813,1977.2419466938275,86.22047971880609,3.0776137579106574e-280,0.0,0.10039513389786013
2,180.4,13823.720373391288,655.6415367563186,1977.2419466938275,86.22047971880609,7.788753763122531e-281,0.0,0.10039513389786013
2,180.5,13832.29900624801,656.5056950398559,1977.2419466938275,86.22047971880609,1.971159799589004e-281,0.0,0.10039513389786013
2,180.60000000000002,13840.87763910473,657.3698533233933,1977.2419466938275,86.22047971880609,4.988565659775166e-282,0.0,0.10039513389786013
2,180.70000000000002,13849.456271961451,658.2340116069306,1977.2419466938275,86.22047971880609,1.262494666697081e-282,0.0,0.10039513389786013
2,180.8,13858.034904818172,659.098169890468,1977.2419466938275,86.22047971880609,3.1950923214076926e-283,0.0,0.10039513389786013
2,180.9,13866.613537674893,659.9623281740053,1977.2419466938275,86.22047971880609,8.086065796242939e-284,0.0,0.10039513389786013
2,181.0,13875.192170531614,660.8264864575426,1977.2419466938275,86.22047971880609,2.0464028417295593e-284,0.0,0.10039513389786013
2,181.10000000000002,13883.770803388335,661.69064474108,1977.2419466938275,86.22047971880609,5.178989011670662e-285,0.0,0.10039513389786013
2,181.20000000000002,13892.349436245056,662.5548030246173,1977.2419466938275,86.22047971880609,1.3106865684537632e-285,0.0,0.10039513389786013
2,181.3,13900.928069101778,663.4189613081546,1977.2419466938275,86.22047971880609,3.3170552724747595e-286,0.0,0.10039513389786013
2,181.4,13909.506701958499,664.283119591692,1977.2419466938275,86.22047971880609,8.394726813774275e-287,0.0,0.10039513389786013
2,181.5,13918.08533481522,665.1472778752293,1977.2419466938275,86.22047971880609,2.124518058612997e-287,0.0,0.10039513389786013
2,181.60000000000002,13926.66396767194,666.0114361587666,1977.2419466938275,86.22047971880609,5.376681197018525e-288,0.0,0.10039513389786013
2,181.70000000000002,13935.242600528662,666.875594442304,1977.2419466938275,86.22047971880609,1.3607180497795234e-288,0.0,0.10039513389786013
2,181.8,13943.821233385383,667.7397527258413,1977.2419466938275,86.22047971880609,3.4436737889955454e-289,0.0,0.10039513389786013
2,181.9,13952.399866242104,668.6039110093786,1977.2419466938275,86.22047971880609,8.715170028748002e-290,0.0,0.10039513389786013
2,182.0,13960.978499098825,669.468069292916,1977.2419466938275,86.22047971880609,2.2056150867920006e-290,0.0,0.10039513389786013
2,182.10000000000002,13969.557131955546,670.3322275764533,1977.2419466938275,86.22047971880609,5.58191968147217e-291,0.0,0.10039513389786013
2,182.20000000000002,13978.135764812267,671.1963858599906,1977.2419466938275,86.22047971880609,1.4126593310405974e-291,0.0,0.10039513389786013
2,182.3,13986.714397668988,672.060544143528,1977.2419466938275,86.22047971880609,3.5751255830498592e-292,0.0,0.10039513389786013
2,182.4,13995.293030525709,672.9247024270653,1977.2419466938275,86.22047971880609,9.047845190788093e-293,0.0,0.10039513389786013
2,182.5,14003.87166338243,673.7888607106026,1977.2419466938275,86.22047971880609,2.2898077478618608e-293,0.0,0.10039513389786013
2,182.60000000000002,14012.45029623915,674.65301899414,1977.2419466938275,86.22047971880609,5.794992522094105e-294,0.0,0.10039513389786013
2,182.70000000000002,14021.028929095872,675.5171772776773,1977.2419466938275,86.22047971880609,1.4665833130525557e-294,0.0,0.10039513389786013
2,182.8,14029.607561952593,676.3813355612147,1977.2419466938275,86.22047971880609,3.7115951503367325e-295,0.0,0.10039513389786013
2,182.9,14038.186194809314,677.245493844752,1977.2419466938275,86.22047971880609,9.393219217345257e-296,0.0,0.10039513389786013
2,183.0,14046.764827666035,678.1096521282893,1977.2419466938275,86.22047971880609,2.377214208211782e-296,0.0,0.10039513389786013
2,183.10000000000002,14055.343460522756,678.9738104118267,1977.2419466938275,86.22047971880609,6.016198771650851e-297,0.0,0.10039513389786013
2,183.20000000000002,14063.922093379477,679.837968695364,1977.2419466938275,86.22047971880609,1.5225656793983248e-297,0.0,0.10039513389786013
2,183.3,14072.500726236198,680.7021269789013,1977.2419466938275,86.22047971880609,3.853274029118496e-298,0.0,0.10039513389786013
2,183.4,14081.079359092919,681.5662852624387,1977.2419466938275,86.22047971880609,9.751776849026629e-299,0.0,0.10039513389786013
2,183.5,14089.65799194964,682.430443545976,1977.2419466938275,86.22047971880609,2.4679571448741964e-299,0.0,0.10039513389786013
2,183.60000000000002,14098.23662480636,683.2946018295133,1977.2419466938275,86.22047971880609,6.245848898340559e-300,0.0,0.10039513389786013
2,183.70000000000002,14106.815257663082,684.1587601130507,1977.2419466938275,86.22047971880609,1.580685002651881e-300,0.0,0.10039513389786013
2,183.8,14115.393890519803,685.022918396588,1977.2419466938275,86.22047971880609,4.0003610690492606e-301,0.0,0.10039513389786013
2,183.9,14123.972523376524,685.8870766801253,1977.2419466938275,86.22047971880609,1.0124021329940648e-301,0.0,0.10039513389786013
2,184.0,14132.551156233245,686.7512349636627,1977.2419466938275,86.22047971880609,2.5621639177048777e-302,0.0,0.10039513389786013
2,184.10000000000002,14141.129789089966,687.6153932472,1977.2419466938275,86.22047971880609,6.484265221542444e-303,0.0,0.10039513389786013
2,184.20000000000002,14149.708421946687,688.4795515307374,1977.2419466938275,86.22047971880609,1.6410228546567144e-303,0.0,0.10039513389786013
2,184.3,14158.287054803408,689.3437098142747,1977.2419466938275,86.22047971880609,4.153062710265091e-304,0.0,0.10039513389786013
2,184.4,14166.865687660129,690.207868097812,1977.2419466938275,86.22047971880609,1.051047511401205e-304,0.0,0.10039513389786013
2,184.5,14175.44432051685,691.0720263813494,1977.2419466938275,86.22047971880609,2.659966748135505e-305,0.0,0.10039513389786013
2,184.60000000000002,14184.022953373571,691.9361846648867,1977.2419466938275,86.22047971880609,6.731782364199665e-306,0.0,0.10039513389786013
2,184.70000000000002,14192.601586230292,692.800342948424,1977.2419466938275,86.22047971880609,1.7036639210138375e-306,0.0,0.10039513389786013
2,184.8,14201.180219087013,693.6645012319614,1977.2419466938275,86.22047971880609,4.311593273127621e-307,0.0,0.10039513389786013
2,184.9,14209.758851943734,694.5286595154987,1977.2419466938275,86.22047971880609,1.09116805982583e-307,0.0,0.10039513389786013
2,185.0,14218.337484800455,695.392817799036,1977.2419466938275,86.22047971880609,2.761502904749578e-308,0.0,0.10039513389786013
2,185.10000000000002,14226.916117657176,696.2569760825734,1977.2419466938275,86.22047971880609,6.98874772247053e-309,0.0,0.10039513389786013
2,185.20000000000002,14235.494750513897,697.1211343661107,1977.2419466938275,86.22047971880609,1.768696119940033e-309,0.0,0.10039513389786013
2,185.3,14244.073383370618,697.985292649648,1977.2419466938275,86.22047971880609,4.4761752590278e-310,0.0,0.10039513389786013
2,185.4,14252.65201622734,698.8494509331854,1977.2419466938275,86.22047971880609,1.1328200884057e-310,0.0,0.10039513389786013
2,185.5,14261.23064908406,699.7136092167227,1977.2419466938275,86.22047971880609,2.866914895942e-311,0.0,0.10039513389786013
2,185.60000000000002,14269.809281940781,700.57776750026,1977.2419466938275,86.22047971880609,7.255521953307e-312,0.0,0.10039513389786013
2,185.70000000000002,14278.387914797502,701.4419257837974,1977.2419466938275,86.22047971880609,1.836210725667e-312,0.0,0.10039513389786013
2,185.8,14286.966547654223,702.3060840673347,1977.2419466938275,86.22047971880609,4.6470396627e-313,0.0,0.10039513389786013
2,185.9,14295.545180510944,703.1702423508721,1977.2419466938275,86.22047971880609,1.17606205677e-313,0.0,0.10039513389786013
2,186.0,14304.123813367665,704.0344006344094,1977.2419466938275,86.22047971880609,2.97635067e-314,0.0,0.10039513389786013
2,186.10000000000002,14312.702446224386,704.8985589179467,1977.2419466938275,86.22047971880609,7.53247948e-315,0.0,0.10039513389786013
2,186.20000000000002,14321.281079081107,705.7627172014841,1977.2419466938275,86.22047971880609,1.906302493e-315,0.0,0.10039513389786013
2,186.3,14329.859711937828,706.6268754850214,1977.2419466938275,86.22047971880609,4.82442633e-316,0.0,0.10039513389786013
2,186.4,14338.43834479455,707.4910337685587,1977.2419466938275,86.22047971880609,1.2209547e-316,0.0,0.10039513389786013
2,186.5,14347.01697765127,708.3551920520961,1977.2419466938275,86.22047971880609,3.0899636e-317,0.0,0.10039513389786013
2,186.60000000000002,14355.595610507991,709.2193503356334,1977.2419466938275,86.22047971880609,7.82001e-318,0.0,0.10039513389786013
2,186.70000000000002,14364.174243364712,710.0835086191707,1977.2419466938275,86.22047971880609,1.97907e-318,0.0,0.10039513389786013
2,186.8,14372.752876221433,710.9476669027081,1977.2419466938275,86.22047971880609,5.00854e-319,0.0,0.10039513389786013
2,186.9,14381.331509078154,711.8118251862454,1977.2419466938275,86.22047971880609,1.26757e-319,0.0,0.10039513389786013
2,187.0,14389.910141934875,712.6759834697828,1977.2419466938275,86.22047971880609,3.2075e-320,0.0,0.10039513389786013
2,187.10000000000002,14398.488774791596,713.5401417533201,1977.2419466938275,86.22047971880609,8.113e-321,0.0,0.10039513389786013
2,187.20000000000002,14407.067407648317,714.4043000368574,1977.2419466938275,86.22047971880609,2.055e-321,0.0,0.10039513389786013
2,187.3,14415.646040505038,715.2684583203948,1977.2419466938275,86.22047971880609,5.24e-322,0.0,0.10039513389786013
2,187.4,14424.22467336176,716.1326166039321,1977.2419466938275,86.22047971880609,1.3e-322,0.0,0.10039513389786013
2,187.5,14432.80330621848,716.9967748874694,1977.2419466938275,86.22047971880609,3e-323,0.0,0.10039513389786013
2,187.60000000000002,14441.381939075201,717.8609331710068,1977.2419466938275,86.22047971880609,1e-323,0.0,0.10039513389786013
2,187.70000000000002,14449.960571931922,718.7250914545441,1977.2419466938275,86.22047971880609,0.0,0.0,0.10039513389786013
2,187.8,14458.539204788643,719.5892497380814,1977.2419466938275,86.22047971880609,0.0,0.0,0.10039513389786013
2,187.9,14467.117837645364,720.4534080216188,1977.2419466938275,86.22047971880609,0.0,0.0,0.10039513389786013
2,188.0,14475.696470502086,721.3175663051561,1977.2419466938275,86.22047971880609,0.0,0.0,0.10039513389786013
2,188.10000000000002,14484.275103358807,722.1817245886934,1977.2419466938275,86.22047971880609,0.0,0.0,0.10039513389786013
2,188.20000000000002,14492.853736215528,723.0458828722308,1977.2419466938275,86.22047971880609,0.0,0.0,0.10039513389786013
2,188.3,14501.432369072249,723.9100411557681,1977.2419466938275,86.22047971880609,0.0,0.0,0.10039513389786013
2,188.4,14510.01100192897,724.7741994393054,1977.2419466938275,86.22047971880609,0.0,0.0,0.10039513389786013
2,188.5,14518.58963478569,725.6383577228428,1977.2419466938275,86.22047971880609,0.0,0.0,0.10039513389786013
2,188.60000000000002,14527.168267642412,726.5025160063801,1977.2419466938275,86.22047971880609,0.0,0.0,0.10039513389786013
2,188.70000000000002,14535.746900499133,727.3666742899175,1977.2419466938275,86.22047971880609,0.0,0.0,0.10039513389786013
2,188.8,14544.325533355854,728.2308325734548,1977.2419466938275,86.22047971880609,0.0,0.0,0.10039513389786013
2,188.9,14552.904166212575,729.0949908569921,1977.2419466938275,86.22047971880609,0.0,0.0,0.10039513389786013
2,189.0,14561.482799069296,729.9591491405295,1977.2419466938275,86.22047971880609,0.0,0.0,0.10039513389786013
2,189.10000000000002,14570.061431926017,730.8233074240668,1977.2419466938275,86.22047971880609,0.0,0.0,0.10039513389786013
2,189.20000000000002,14578.640064782738,731.6874657076041,1977.2419466938275,86.22047971880609,0.0,0.0,0.10039513389786013
2,189.3,14587.218697639459,732.5516239911415,1977.2419466938275,86.22047971880609,0.0,0.0,0.10039513389786013
2,189.4,14595.79733049618,733.4157822746788,1977.2419466938275,86.22047971880609,0.0,0.0,0.10039513389786013
2,189.5,14604.3759633529,734.2799405582161,1977.2419466938275,86.22047971880609,0.0,0.0,0.10039513389786013
2,189.60000000000002,14612.954596209622,735.1440988417535,1977.2419466938275,86.22047971880609,0.0,0.0,0.10039513389786013
2,189.70000000000002,14621.533229066343,736.0082571252908,1977.2419466938275,86.22047971880609,0.0,0.0,0.10039513389786013
2,189.8,14630.111861923064,736.8724154088281,1977.2419466938275,86.22047971880609,0.0,0.0,0.10039513389786013
2,189.9,14638.690494779785,737.7365736923655,1977.2419466938275,86.22047971880609,0.0,0.0,0.10039513389786013
2,190.0,14647.269127636506,738.6007319759028,1977.2419466938275,86.22047971880609,0.0,0.0,0.10039513389786013
2,190.10000000000002,14655.847760493227,739.4648902594402,1977.2419466938275,86.22047971880609,0.0,0.0,0.10039513389786013
2,190.20000000000002,14664.426393349948,740.3290485429775,1977.2419466938275,86.22047971880609,0.0,0.0,0.10039513389786013
2,190.3,14673.005026206669,741.1932068265148,1977.2419466938275,86.22047971880609,0.0,0.0,0.10039513389786013
2,190.4,14681.58365906339,742.0573651100522,1977.2419466938275,86.22047971880609,0.0,0.0,0.10039513389786013
2,190.5,14690.16229192011,742.9215233935895,1977.2419466938275,86.22047971880609,0.0,0.0,0.10039513389786013
2,190.60000000000002,14698.740924776832,743.7856816771268,1977.2419466938275,86.22047971880609,0.0,0.0,0.10039513389786013
2,190.70000000000002,14707.319557633553,744.6498399606642,1977.2419466938275,86.22047971880609,0.0,0.0,0.10039513389786013
2,190.8,14715.898190490274,745.5139982442015,1977.2419466938275,86.22047971880609,0.0,0.0,0.10039513389786013
2,190.9,14724.476823346995,746.3781565277388,1977.2419466938275,86.22047971880609,0.0,0.0,0.10039513389786013
2,191.0,14733.055456203716,747.2423148112762,1977.2419466938275,86.22047971880609,0.0,0.0,0.10039513389786013
2,191.10000000000002,14741.634089060437,748.1064730948135,1977.2419466938275,86.22047971880609,0.0,0.0,0.10039513389786013
2,191.20000000000002,14750.212721917158,748.9706313783508,1977.2419466938275,86.22047971880609,0.0,0.0,0.10039513389786013
2,191.3,14758.791354773879,749.8347896618882,1977.2419466938275,86.22047971880609,0.0,0.0,0.10039513389786013
2,191.4,14767.3699876306,750.6989479454255,1977.2419466938275,86.22047971880609,0.0,0.0,0.10039513389786013
2,191.5,14775.948620487321,751.5631062289629,1977.2419466938275,86.22047971880609,0.0,0.0,0.10039513389786013
2,191.60000000000002,14784.527253344042,752.4272645125002,1977.2419466938275,86.22047971880609,0.0,0.0,0.10039513389786013
2,191.70000000000002,14793.105886200763,753.2914227960375,1977.2419466938275,86.22047971880609,0.0,0.0,0.10039513389786013
2,191.8,14801.684519057484,754.1555810795749,1977.2419466938275,86.22047971880609,0.0,0.0,0.10039513389786013
2,191.9,14810.263151914205,755.0197393631122,1977.2419466938275,86.22047971880609,0.0,0.0,0.10039513389786013
2,192.0,14818.841784770926,755.8838976466495,1977.2419466938275,86.22047971880609,0.0,0.0,0.10039513389786013
2,192.10000000000002,14827.420417627647,756.7480559301869,1977.2419466938275,86.22047971880609,0.0,0.0,0.10039513389786013
2,192.20000000000002,14835.999050484368,757.6122142137242,1977.2419466938275,86.22047971880609,0.0,0.0,0.10039513389786013
2,192.3,14844.57768334109,758.4763724972615,1977.2419466938275,86.22047971880609,0.0,0.0,0.10039513389786013
2,192.4,14853.15631619781,759.3405307807989,1977.2419466938275,86.22047971880609,0.0,0.0,0.10039513389786013
2,192.5,14861.734949054531,760.2046890643362,1977.2419466938275,86.22047971880609,0.0,0.0,0.10039513389786013
2,192.60000000000002,14870.313581911252,761.0688473478735,1977.2419466938275,86.22047971880609,0.0,0.0,0.10039513389786013
2,192.70000000000002,14878.892214767973,761.9330056314109,1977.2419466938275,86.22047971880609,0.0,0.0,0.10039513389786013
2,192.8,14887.470847624694,762.7971639149482,1977.2419466938275,86.22047971880609,0.0,0.0,0.10039513389786013
2,192.9,14896.049480481415,763.6613221984855,1977.2419466938275,86.22047971880609,0.0,0.0,0.10039513389786013
2,193.0,14904.628113338136,764.5254804820229,1977.2419466938275,86.49052596081245,0.0,0.0,0.10039513389786013
2,193.10000000000002,14913.233614841054,765.3923453463833,1977.2419466938275,86.7605722028188,0.0,0.0,0.10039513389786013
2,193.20000000000002,14921.865984990169,766.2619167915669,1977.2419466938275,87.03061844482517,0.0,0.0,0.10039513389786013
2,193.3,14930.52522378548,767.1341948175736,1977.2419466938275,87.30066468683152,0.0,0.0,0.10039513389786013
2,193.4,14939.211331226988,768.0091794244034,1977.2419466938275,87.57071092883788,0.0,0.0,0.10039513389786013
2,193.5,14947.924307314695,768.8868706120564,1977.2419466938275,87.84075717084424,0.0,0.0,0.10039513389786013
2,193.60000000000002,14956.6641520486,769.7672683805325,1977.2419466938275,88.1108034128506,0.0,0.0,0.10039513389786013
2,193.70000000000002,14965.4308654287,770.6503727298318,1977.2419466938275,88.38084965485696,0.0,0.0,0.10039513389786013
2,193.8,14974.224447454997,771.5361836599542,1977.2419466938275,88.65089589686332,0.0,0.0,0.10039513389786013
2,193.9,14983.044898127491,772.4247011708997,1977.2419466938275,88.92094213886968,0.0,0.0,0.10039513389786013
2,194.0,14991.892217446182,773.3159252626683,1977.2419466938275,88.92094213886968,0.0,0.0,0.10039513389786013
2,194.10000000000002,15000.739536764873,774.207149354437,1977.2419466938275,88.92094213886968,0.0,0.0,0.10039513389786013
2,194.20000000000002,15009.586856083564,775.0983734462056,1977.2419466938275,88.92094213886968,0.0,0.0,0.10039513389786013
2,194.3,15018.434175402255,775.9895975379743,1977.2419466938275,88.92094213886968,0.0,0.0,0.10039513389786013
2,194.4,15027.281494720946,776.880821629743,1977.2419466938275,88.92094213886968,0.0,0.0,0.10039513389786013
2,194.5,15036.128814039637,777.7720457215116,1977.2419466938275,88.92094213886968,0.0,0.0,0.10039513389786013
2,194.60000000000002,15044.976133358328,778.6632698132803,1977.2419466938275,88.92094213886968,0.0,0.0,0.10039513389786013
2,194.70000000000002,15053.82345267702,779.554493905049,1977.2419466938275,88.92094213886968,0.0,0.0,0.10039513389786013
2,194.8,15062.67077199571,780.4457179968176,1977.2419466938275,88.92094213886968,0.0,0.0,0.10039513389786013
2,194.9,15071.518091314401,781.3369420885863,1977.2419466938275,88.92094213886968,0.0,0.0,0.10039513389786013
2,195.0,15080.365410633092,782.228166180355,1977.2419466938275,88.92094213886968,0.0,0.0,0.10039513389786013
2,195.10000000000002,15089.212729951783,783.1193902721236,1977.2419466938275,88.92094213886968,0.0,0.0,0.10039513389786013
2,195.20000000000002,15098.060049270474,784.0106143638923,1977.2419466938275,88.92094213886968,0.0,0.0,0.10039513389786013
2,195.3,15106.907368589165,784.9018384556609,1977.2419466938275,88.92094213886968,0.0,0.0,0.10039513389786013
2,195.4,15115.754687907856,785.7930625474296,1977.2419466938275,88.92094213886968,0.0,0.0,0.10039513389786013
2,195.5,15124.602007226547,786.6842866391983,1977.2419466938275,88.92094213886968,0.0,0.0,0.10039513389786013
2,195.60000000000002,15133.449326545238,787.5755107309669,1977.2419466938275,88.92094213886968,0.0,0.0,0.10039513389786013
2,195.70000000000002,15142.29664586393,788.4667348227356,1977.2419466938275,88.92094213886968,0.0,0.0,0.10039513389786013
2,195.8,15151.14396518262,789.3579589145043,1977.2419466938275,88.92094213886968,0.0,0.0,0.10039513389786013
2,195.9,15159.991284501311,790.2491830062729,1977.2419466938275,88.92094213886968,0.0,0.0,0.10039513389786013
2,196.0,15168.838603820002,791.1404070980416,1977.2419466938275,88.92094213886968,0.0,0.0,0.10039513389786013
2,196.10000000000002,15177.685923138693,792.0316311898102,1977.2419466938275,88.92094213886968,0.0,0.0,0.10039513389786013
2,196.20000000000002,15186.533242457384,792.9228552815789,1977.2419466938275,88.92094213886968,0.0,0.0,0.10039513389786013
2,196.3,15195.380561776075,793.8140793733476,1977.2419466938275,88.92094213886968,0.0,0.0,0.10039513389786013
2,196.4,15204.227881094766,794.7053034651162,1977.2419466938275,88.92094213886968,0.0,0.0,0.10039513389786013
2,196.5,15213.075200413457,795.5965275568849,1977.2419466938275,88.92094213886968,0.0,0.0,0.10039513389786013
2,196.60000000000002,15221.922519732148,796.4877516486536,1977.2419466938275,88.92094213886968,0.0,0.0,0.10039513389786013
2,196.70000000000002,15230.76983905084,797.3789757404222,1977.2419466938275,88.92094213886968,0.0,0.0,0.10039513389786013
2,196.8,15239.61715836953,798.2701998321909,1977.2419466938275,88.92094213886968,0.0,0.0,0.10039513389786013
2,196.9,15248.464477688221,799.1614239239595,1977.2419466938275,88.92094213886968,0.0,0.0,0.10039513389786013
2,197.0,15257.311797006912,800.0526480157282,1977.2419466938275,88.92094213886968,0.0,0.0,0.10039513389786013
2,197.10000000000002,15266.159116325603,800.9438721074969,1977.2419466938275,88.92094213886968,0.0,0.0,0.10039513389786013
2,197.20000000000002,15275.006435644294,801.8350961992655,1977.2419466938275,88.92094213886968,0.0,0.0,0.10039513389786013
2,197.3,15283.853754962985,802.7263202910342,1977.2419466938275,88.92094213886968,0.0,0.0,0.10039513389786013
2,197.4,15292.701074281676,803.6175443828029,1977.2419466938275,88.92094213886968,0.0,0.0,0.10039513389786013
2,197.5,15301.548393600367,804.5087684745715,1977.2419466938275,88.92094213886968,0.0,0.0,0.10039513389786013
2,197.60000000000002,15310.395712919058,805.3999925663402,1977.2419466938275,88.92094213886968,0.0,0.0,0.10039513389786013
2,197.70000000000002,15319.24303223775,806.2912166581089,1977.2419466938275,88.92094213886968,0.0,0.0,0.10039513389786013
2,197.8,15328.09035155644,807.1824407498775,1977.2419466938275,88.92094213886968,0.0,0.0,0.10039513389786013
2,197.9,15336.937670875132,808.0736648416462,1977.2419466938275,88.92094213886968,0.0,0.0,0.10039513389786013
2,198.0,15345.784990193823,808.9648889334148,1977.2419466938275,88.92094213886968,0.0,0.0,0.10039513389786013
2,198.10000000000002,15354.632309512514,809.8561130251835,1977.2419466938275,88.92094213886968,0.0,0.0,0.10039513389786013
2,198.20000000000002,15363.479628831205,810.7473371169522,1977.2419466938275,88.92094213886968,0.0,0.0,0.10039513389786013
2,198.3,15372.326948149896,811.6385612087208,1977.2419466938275,88.92094213886968,0.0,0.0,0.10039513389786013
2,198.4,15381.174267468587,812.5297853004895,1977.2419466938275,88.92094213886968,0.0,0.0,0.10039513389786013
2,198.5,15390.021586787278,813.4210093922582,1977.2419466938275,88.92094213886968,0.0,0.0,0.10039513389786013
2,198.60000000000002,15398.868906105969,814.3122334840268,1977.2419466938275,88.92094213886968,0.0,0.0,0.10039513389786013
2,198.70000000000002,15407.71622542466,815.2034575757955,1977.2419466938275,88.92094213886968,0.0,0.0,0.10039513389786013
2,198.8,15416.56354474335,816.0946816675641,1977.2419466938275,88.92094213886968,0.0,0.0,0.10039513389786013
2,198.9,15425.410864062042,816.9859057593328,1977.2419466938275,88.92094213886968,0.0,0.0,0.10039513389786013
2,199.0,15434.258183380733,817.8771298511015,1977.2419466938275,88.92094213886968,0.0,0.0,0.10039513389786013
2,199.10000000000002,15443.105502699424,818.7683539428701,1977.2419466938275,88.92094213886968,0.0,0.0,0.10039513389786013
2,199.20000000000002,15451.952822018115,819.6595780346388,1977.2419466938275,88.92094213886968,0.0,0.0,0.10039513389786013
2,199.3,15460.800141336806,820.5508021264075,1977.2419466938275,88.92094213886968,0.0,0.0,0.10039513389786013
2,199.4,15469.647460655497,821.4420262181761,1977.2419466938275,88.92094213886968,0.0,0.0,0.10039513389786013
2,199.5,15478.494779974188,822.3332503099448,1977.2419466938275,88.92094213886968,0.0,0.0,0.10039513389786013
2,199.60000000000002,15487.342099292879,823.2244744017135,1977.2419466938275,88.92094213886968,0.0,0.0,0.10039513389786013
2,199.70000000000002,15496.18941861157,824.1156984934821,1977.2419466938275,88.92094213886968,0.0,0.0,0.10039513389786013
2,199.8,15505.03673793026,825.0069225852508,1977.2419466938275,88.92094213886968,0.0,0.0,0.10039513389786013
2,199.9,15513.884057248952,825.8981466770194,1977.2419466938275,88.92094213886968,0.0,0.0,0.10039513389786013
2,200.0,15522.731376567643,826.7893707687881,1977.2419466938275,88.92094213886968,0.0,0.0,0.10039513389786013
2,200.10000000000002,15531.578695886334,827.6805948605568,1977.2419466938275,88.92094213886968,0.0,0.0,0.10039513389786013
2,200.20000000000002,15540.426015205025,828.5718189523254,1977.2419466938275,88.92094213886968,0.0,0.0,0.10039513389786013
2,200.3,15549.273334523716,829.4630430440941,1977.2419466938275,88.92094213886968,0.0,0.0,0.10039513389786013
2,200.4,15558.120653842407,830.3542671358628,1977.2419466938275,88.92094213886968,0.0,0.0,0.10039513389786013
2,200.5,15566.967973161098,831.2454912276314,1977.2419466938275,88.92094213886968,0.0,0.0,0.10039513389786013
2,200.60000000000002,15575.815292479789,832.1367153194001,1977.2419466938275,88.92094213886968,0.0,0.0,0.10039513389786013
2,200.70000000000002,15584.66261179848,833.0279394111687,1977.2419466938275,88.92094213886968,0.0,0.0,0.10039513389786013
2,200.8,15593.50993111717,833.9191635029374,1977.2419466938275,88.92094213886968,0.0,0.0,0.10039513389786013
2,200.9,15602.357250435862,834.8103875947061,1977.2419466938275,88.92094213886968,0.0,0.0,0.10039513389786013
2,201.0,15611.204569754553,835.7016116864747,1977.2419466938275,88.92094213886968,0.0,0.0,0.10039513389786013
2,201.10000000000002,15620.051889073244,836.5928357782434,1977.2419466938275,88.92094213886968,0.0,0.0,0.10039513389786013
2,201.20000000000002,15628.899208391935,837.4840598700121,1977.2419466938275,88.92094213886968,0.0,0.0,0.10039513389786013
2,201.3,15637.746527710626,838.3752839617807,1977.2419466938275,88.92094213886968,0.0,0.0,0.10039513389786013
2,201.4,15646.593847029317,839.2665080535494,1977.2419466938275,88.92094213886968,0.0,0.0,0.10039513389786013
2,201.5,15655.441166348008,840.157732145318,1977.2419466938275,88.92094213886968,0.0,0.0,0.10039513389786013
2,201.60000000000002,15664.288485666699,841.0489562370867,1977.2419466938275,88.92094213886968,0.0,0.0,0.10039513389786013
2,201.70000000000002,15673.13580498539,841.9401803288554,1977.2419466938275,88.92094213886968,0.0,0.0,0.10039513389786013
2,201.8,15681.98312430408,842.831404420624,1977.2419466938275,88.92094213886968,0.0,0.0,0.10039513389786013
2,201.9,15690.830443622772,843.7226285123927,1977.2419466938275,88.92094213886968,0.0,0.0,0.10039513389786013
2,202.0,15699.677762941463,844.6138526041614,1977.2419466938275,88.92094213886968,0.0,0.0,0.10039513389786013
2,202.10000000000002,15708.525082260154,845.50507669593,1977.2419466938275,88.92094213886968,0.0,0.0,0.10039513389786013
2,202.20000000000002,15717.372401578845,846.3963007876987,1977.2419466938275,88.92094213886968,0.0,0.0,0.10039513389786013
2,202.3,15726.219720897536,847.2875248794674,1977.2419466938275,88.92094213886968,0.0,0.0,0.10039513389786013
2,202.4,15735.067040216227,848.178748971236,1977.2419466938275,88.92094213886968,0.0,0.0,0.10039513389786013
2,202.5,15743.914359534918,849.0699730630047,1977.2419466938275,88.92094213886968,0.0,0.0,0.10039513389786013
2,202.60000000000002,15752.761678853609,849.9611971547733,1977.2419466938275,88.92094213886968,0.0,0.0,0.10039513389786013
2,202.70000000000002,15761.6089981723,850.852421246542,1977.2419466938275,88.92094213886968,0.0,0.0,0.10039513389786013
2,202.8,15770.45631749099,851.7436453383107,1977.2419466938275,88.92094213886968,0.0,0.0,0.10039513389786013
2,202.9,15779.303636809682,852.6348694300793,1977.2419466938275,88.92094213886968,0.0,0.0,0.10039513389786013
2,203.0,15788.150956128373,853.526093521848,1977.2419466938275,88.92094213886968,0.0,0.0,0.10039513389786013
2,203.10000000000002,15796.998275447064,854.4173176136167,1977.2419466938275,88.92094213886968,0.0,0.0,0.10039513389786013
2,203.20000000000002,15805.845594765755,855.3085417053853,1977.2419466938275,88.92094213886968,0.0,0.0,0.10039513389786013
2,203.3,15814.692914084446,856.199765797154,1977.2419466938275,88.92094213886968,0.0,0.0,0.10039513389786013
2,203.4,15823.540233403137,857.0909898889226,1977.2419466938275,88.92094213886968,0.0,0.0,0.10039513389786013
2,203.5,15832.387552721828,857.9822139806913,1977.2419466938275,88.92094213886968,0.0,0.0,0.10039513389786013
2,203.60000000000002,15841.234872040519,858.87343807246,1977.2419466938275,88.92094213886968,0.0,0.0,0.10039513389786013
2,203.70000000000002,15850.08219135921,859.7646621642286,1977.2419466938275,88.92094213886968,0.0,0.0,0.10039513389786013
2,203.8,15858.9295106779,860.6558862559973,1977.2419466938275,88.92094213886968,0.0,0.0,0.10039513389786013
2,203.9,15867.776829996592,861.547110347766,1977.2419466938275,88.92094213886968,0.0,0.0,0.10039513389786013
2,204.0,15876.624149315283,862.4383344395346,1977.2419466938275,88.92094213886968,0.0,0.0,0.10039513389786013
2,204.10000000000002,15885.471468633974,863.3295585313033,1977.2419466938275,88.92094213886968,0.0,0.0,0.10039513389786013
2,204.20000000000002,15894.318787952665,864.220782623072,1977.2419466938275,88.92094213886968,0.0,0.0,0.10039513389786013
2,204.3,15903.166107271356,865.1120067148406,1977.2419466938275,88.92094213886968,0.0,0.0,0.10039513389786013
2,204.4,15912.013426590047,866.0032308066093,1977.2419466938275,88.92094213886968,0.0,0.0,0.10039513389786013
2,204.5,15920.860745908738,866.894454898378,1977.2419466938275,88.92094213886968,0.0,0.0,0.10039513389786013
2,204.60000000000002,15929.708065227429,867.7856789901466,1977.2419466938275,88.92094213886968,0.0,0.0,0.10039513389786013
2,204.70000000000002,15938.55538454612,868.6769030819153,1977.2419466938275,88.92094213886968,0.0,0.0,0.10039513389786013
2,204.8,15947.402703864811,869.5681271736839,1977.2419466938275,88.92094213886968,0.0,0.0,0.10039513389786013
2,204.9,15956.250023183502,870.4593512654526,1977.2419466938275,88.92094213886968,0.0,0.0,0.10039513389786013
2,205.0,15965.097342502193,871.3505753572213,1977.2419466938275,88.92094213886968,0.0,0.0,0.10039513389786013
2,205.10000000000002,15973.944661820884,872.2417994489899,1977.2419466938275,88.92094213886968,0.0,0.0,0.10039513389786013
2,205.20000000000002,15982.791981139575,873.1330235407586,1977.2419466938275,88.92094213886968,0.0,0.0,0.10039513389786013
2,205.3,15991.639300458266,874.0242476325272,1977.2419466938275,88.92094213886968,0.0,0.0,0.10039513389786013
2,205.4,16000.486619776957,874.9154717242959,1977.2419466938275,88.92094213886968,0.0,0.0,0.10039513389786013
2,205.5,16009.333939095648,875.8066958160646,1977.2419466938275,88.92094213886968,0.0,0.0,0.10039513389786013
2,205.60000000000002,16018.181258414339,876.6979199078332,1977.2419466938275,88.92094213886968,0.0,0.0,0.10039513389786013
2,205.70000000000002,16027.02857773303,877.5891439996019,1977.2419466938275,88.92094213886968,0.0,0.0,0.10039513389786013
2,205.8,16035.875897051721,878.4803680913706,1977.2419466938275,88.92094213886968,0.0,0.0,0.10039513389786013
2,205.9,16044.723216370412,879.3715921831392,1977.2419466938275,88.92094213886968,0.0,0.0,0.10039513389786013
2,206.0,16053.570535689103,880.2628162749079,1977.2419466938275,88.92094213886968,0.0,0.0,0.10039513389786013
2,206.10000000000002,16062.417855007794,881.1540403666766,1977.2419466938275,88.92094213886968,0.0,0.0,0.10039513389786013
2,206.20000000000002,16071.265174326485,882.0452644584452,1977.2419466938275,88.92094213886968,0.0,0.0,0.10039513389786013
2,206.3,16080.112493645176,882.9364885502139,1977.2419466938275,88.92094213886968,0.0,0.0,0.10039513389786013
2,206.4,16088.959812963867,883.8277126419825,1977.2419466938275,88.92094213886968,0.0,0.0,0.10039513389786013
2,206.5,16097.807132282558,884.7189367337512,1977.2419466938275,88.92094213886968,0.0,0.0,0.10039513389786013
2,206.60000000000002,16106.65445160125,885.6101608255199,1977.2419466938275,88.92094213886968,0.0,0.0,0.10039513389786013
2,206.70000000000002,16115.50177091994,886.5013849172885,1977.2419466938275,88.92094213886968,0.0,0.0,0.10039513389786013
2,206.8,16124.349090238631,887.3926090090572,1977.2419466938275,88.92094213886968,0.0,0.0,0.10039513389786013
2,206.9,16133.196409557322,888.2838331008259,1977.2419466938275,88.92094213886968,0.0,0.0,0.10039513389786013
2,207.0,16142.043728876013,889.1750571925945,1977.2419466938275,88.92094213886968,0.0,0.0,0.10039513389786013
2,207.10000000000002,16150.891048194704,890.0662812843632,1977.2419466938275,88.92094213886968,0.0,0.0,0.10039513389786013
2,207.20000000000002,16159.738367513395,890.9575053761318,1977.2419466938275,88.92094213886968,0.0,0.0,0.10039513389786013
2,207.3,16168.585686832086,891.8487294679005,1977.2419466938275,88.92094213886968,0.0,0.0,0.10039513389786013
2,207.4,16177.433006150777,892.7399535596692,1977.2419466938275,88.92094213886968,0.0,0.0,0.10039513389786013
2,207.5,16186.280325469468,893.6311776514378,1977.2419466938275,88.92094213886968,0.0,0.0,0.10039513389786013
2,207.60000000000002,16195.12764478816,894.5224017432065,1977.2419466938275,88.92094213886968,0.0,0.0,0.10039513389786013
2,207.70000000000002,16203.97496410685,895.4136258349752,1977.2419466938275,88.92094213886968,0.0,0.0,0.10039513389786013
2,207.8,16212.822283425541,896.3048499267438,1977.2419466938275,88.92094213886968,0.0,0.0,0.10039513389786013
2,207.9,16221.669602744232,897.1960740185125,1977.2419466938275,88.92094213886968,0.0,0.0,0.10039513389786013
2,208.0,16230.516922062923,898.0872981102812,1977.2419466938275,88.92094213886968,0.0,0.0,0.10039513389786013
2,208.10000000000002,16239.364241381614,898.9785222020498,1977.2419466938275,88.92094213886968,0.0,0.0,0.10039513389786013
2,208.20000000000002,16248.211560700305,899.8697462938185,1977.2419466938275,88.92094213886968,0.0,0.0,0.10039513389786013
2,208.3,16257.058880018996,900.7609703855871,1977.2419466938275,88.92094213886968,0.0,0.0,0.10039513389786013
2,208.4,16265.906199337687,901.6521944773558,1977.2419466938275,88.92094213886968,0.0,0.0,0.10039513389786013
2,208.5,16274.753518656378,902.5434185691245,1977.2419466938275,88.92094213886968,0.0,0.0,0.10039513389786013
2,208.60000000000002,16283.60083797507,903.4346426608931,1977.2419466938275,88.92094213886968,0.0,0.0,0.10039513389786013
2,208.70000000000002,16292.44815729376,904.3258667526618,1977.2419466938275,88.92094213886968,0.0,0.0,0.10039513389786013
2,208.8,16301.295476612451,905.2170908444305,1977.2419466938275,88.92094213886968,0.0,0.0,0.10039513389786013
2,208.9,16310.142795931142,906.1083149361991,1977.2419466938275,88.92094213886968,0.0,0.0,0.10039513389786013
2,209.0,16318.990115249833,906.9995390279678,1977.2419466938275,88.92094213886968,0.0,0.0,0.10039513389786013
2,209.10000000000002,16327.837434568524,907.8907631197364,1977.2419466938275,88.92094213886968,0.0,0.0,0.10039513389786013
2,209.20000000000002,16336.684753887215,908.7819872115051,1977.2419466938275,88.92094213886968,0.0,0.0,0.10039513389786013
2,209.3,16345.532073205906,909.6732113032738,1977.2419466938275,88.92094213886968,0.0,0.0,0.10039513389786013
2,209.4,16354.379392524597,910.5644353950424,1977.2419466938275,88.92094213886968,0.0,0.0,0.10039513389786013
2,209.5,16363.226711843288,911.4556594868111,1977.2419466938275,88.92094213886968,0.0,0.0,0.10039513389786013
2,209.60000000000002,16372.07403116198,912.3468835785798,1977.2419466938275,88.92094213886968,0.0,0.0,0.10039513389786013
2,209.70000000000002,16380.92135048067,913.2381076703484,1977.2419466938275,88.92094213886968,0.0,0.0,0.10039513389786013
2,209.8,16389.768669799363,914.1293317621171,1977.2419466938275,88.92094213886968,0.0,0.0,0.10039513389786013
2,209.9,16398.615989118054,915.0205558538858,1977.2419466938275,88.92094213886968,0.0,0.0,0.10039513389786013
2,210.0,16407.463308436745,915.9117799456544,1977.2419466938275,88.92094213886968,0.0,0.0,0.10039513389786013
2,210.10000000000002,16416.310627755436,916.8030040374231,1977.2419466938275,88.92094213886968,0.0,0.0,0.10039513389786013
2,210.20000000000002,16425.157947074127,917.6942281291917,1977.2419466938275,88.92094213886968,0.0,0.0,0.10039513389786013
2,210.3,16434.005266392818,918.5854522209604,1977.2419466938275,88.92094213886968,0.0,0.0,0.10039513389786013
2,210.4,16442.85258571151,919.4766763127291,1977.2419466938275,88.92094213886968,0.0,0.0,0.10039513389786013
2,210.5,16451.6999050302,920.3679004044977,1977.2419466938275,88.92094213886968,0.0,0.0,0.10039513389786013
2,210.60000000000002,16460.54722434889,921.2591244962664,1977.2419466938275,88.92094213886968,0.0,0.0,0.10039513389786013
2,210.70000000000002,16469.394543667582,922.1503485880351,1977.2419466938275,88.92094213886968,0.0,0.0,0.10039513389786013
2,210.8,16478.241862986273,923.0415726798037,1977.2419466938275,88.92094213886968,0.0,0.0,0.10039513389786013
2,210.9,16487.089182304964,923.9327967715724,1977.2419466938275,88.92094213886968,0.0,0.0,0.10039513389786013
2,211.0,16495.936501623655,924.824020863341,1977.2419466938275,88.92094213886968,0.0,0.0,0.10039513389786013
2,211.10000000000002,16504.783820942346,925.7152449551097,1977.2419466938275,88.92094213886968,0.0,0.0,0.10039513389786013
2,211.20000000000002,16513.631140261037,926.6064690468784,1977.2419466938275,88.92094213886968,0.0,0.0,0.10039513389786013
2,211.3,16522.47845957973,927.497693138647,1977.2419466938275,88.92094213886968,0.0,0.0,0.10039513389786013
2,211.4,16531.32577889842,928.3889172304157,1977.2419466938275,88.92094213886968,0.0,0.0,0.10039513389786013
2,211.5,16540.17309821711,929.2801413221844,1977.2419466938275,88.92094213886968,0.0,0.0,0.10039513389786013
2,211.60000000000002,16549.0204175358,930.171365413953,1977.2419466938275,88.92094213886968,0.0,0.0,0.10039513389786013
2,211.70000000000002,16557.867736854492,931.0625895057217,1977.2419466938275,88.92094213886968,0.0,0.0,0.10039513389786013
2,211.8,16566.715056173183,931.9538135974904,1977.2419466938275,88.92094213886968,0.0,0.0,0.10039513389786013
2,211.9,16575.562375491874,932.845037689259,1977.2419466938275,88.92094213886968,0.0,0.0,0.10039513389786013
2,212.0,16584.409694810565,933.7362617810277,1977.2419466938275,88.92094213886968,0.0,0.0,0.10039513389786013
2,212.10000000000002,16593.257014129256,934.6274858727963,1977.2419466938275,88.92094213886968,0.0,0.0,0.10039513389786013
2,212.20000000000002,16602.104333447947,935.518709964565,1977.2419466938275,88.92094213886968,0.0,0.0,0.10039513389786013
2,212.3,16610.95165276664,936.4099340563337,1977.2419466938275,88.92094213886968,0.0,0.0,0.10039513389786013
2,212.4,16619.79897208533,937.3011581481023,1977.2419466938275,88.92094213886968,0.0,0.0,0.10039513389786013
2,212.5,16628.64629140402,938.192382239871,1977.2419466938275,88.92094213886968,0.0,0.0,0.10039513389786013
2,212.60000000000002,16637.49361072271,939.0836063316397,1977.2419466938275,88.92094213886968,0.0,0.0,0.10039513389786013
2,212.70000000000002,16646.340930041402,939.9748304234083,1977.2419466938275,88.92094213886968,0.0,0.0,0.10039513389786013
2,212.8,16655.188249360093,940.866054515177,1977.2419466938275,88.92094213886968,0.0,0.0,0.10039513389786013
2,212.9,16664.035568678784,941.7572786069456,1977.2419466938275,88.92094213886968,0.0,0.0,0.10039513389786013
2,213.0,16672.882887997475,942.6485026987143,1977.2419466938275,88.92094213886968,0.0,0.0,0.10039513389786013
2,213.10000000000002,16681.730207316166,943.539726790483,1977.2419466938275,88.92094213886968,0.0,0.0,0.10039513389786013
2,213.20000000000002,16690.577526634857,944.4309508822516,1977.2419466938275,88.92094213886968,0.0,0.0,0.10039513389786013
2,213.3,16699.42484595355,945.3221749740203,1977.2419466938275,88.92094213886968,0.0,0.0,0.10039513389786013
2,213.4,16708.27216527224,946.213399065789,1977.2419466938275,88.92094213886968,0.0,0.0,0.10039513389786013
2,213.5,16717.11948459093,947.1046231575576,1977.2419466938275,88.92094213886968,0.0,0.0,0.10039513389786013
2,213.60000000000002,16725.96680390962,947.9958472493263,1977.2419466938275,88.92094213886968,0.0,0.0,0.10039513389786013
2,213.70000000000002,16734.814123228312,948.887071341095,1977.2419466938275,88.92094213886968,0.0,0.0,0.10039513389786013
2,213.8,16743.661442547003,949.7782954328636,1977.2419466938275,88.92094213886968,0.0,0.0,0.10039513389786013
2,213.9,16752.508761865694,950.6695195246323,1977.2419466938275,88.92094213886968,0.0,0.0,0.10039513389786013
2,214.0,16761.356081184385,951.5607436164009,1977.2419466938275,88.92094213886968,0.0,0.0,0.10039513389786013
2,214.10000000000002,16770.203400503076,952.4519677081696,1977.2419466938275,88.92094213886968,0.0,0.0,0.10039513389786013
2,214.20000000000002,16779.050719821767,953.3431917999383,1977.2419466938275,88.92094213886968,0.0,0.0,0.10039513389786013
2,214.3,16787.89803914046,954.2344158917069,1977.2419466938275,88.92094213886968,0.0,0.0,0.10039513389786013
2,214.4,16796.74535845915,955.1256399834756,1977.2419466938275,88.92094213886968,0.0,0.0,0.10039513389786013
2,214.5,16805.59267777784,956.0168640752443,1977.2419466938275,88.92094213886968,0.0,0.0,0.10039513389786013
2,214.60000000000002,16814.43999709653,956.9080881670129,1977.2419466938275,88.92094213886968,0.0,0.0,0.10039513389786013
2,214.70000000000002,16823.287316415222,957.7993122587816,1977.2419466938275,88.92094213886968,0.0,0.0,0.10039513389786013
2,214.8,16832.134635733913,958.6905363505502,1977.2419466938275,88.92094213886968,0.0,0.0,0.10039513389786013
2,214.9,16840.981955052604,959.5817604423189,1977.2419466938275,88.92094213886968,0.0,0.0,0.10039513389786013
2,215.0,16849.829274371295,960.4729845340876,1977.2419466938275,88.92094213886968,0.0,0.0,0.10039513389786013
2,215.10000000000002,16858.676593689986,961.3642086258562,1977.2419466938275,88.92094213886968,0.0,0.0,0.10039513389786013
2,215.20000000000002,16867.523913008677,962.2554327176249,1977.2419466938275,88.92094213886968,0.0,0.0,0.10039513389786013
2,215.3,16876.37123232737,963.1466568093936,1977.2419466938275,88.92094213886968,0.0,0.0,0.10039513389786013
2,215.4,16885.21855164606,964.0378809011622,1977.2419466938275,88.92094213886968,0.0,0.0,0.10039513389786013
2,215.5,16894.06587096475,964.9291049929309,1977.2419466938275,88.92094213886968,0.0,0.0,0.10039513389786013
2,215.60000000000002,16902.91319028344,965.8203290846996,1977.2419466938275,88.92094213886968,0.0,0.0,0.10039513389786013
2,215.70000000000002,16911.760509602133,966.7115531764682,1977.2419466938275,88.92094213886968,0.0,0.0,0.10039513389786013
2,215.8,16920.607828920824,967.6027772682369,1977.2419466938275,88.92094213886968,0.0,0.0,0.10039513389786013
2,215.9,16929.455148239515,968.4940013600055,1977.2419466938275,88.92094213886968,0.0,0.0,0.10039513389786013
2,216.0,16938.302467558206,969.3852254517742,1977.2419466938275,88.92094213886968,0.0,0.0,0.10039513389786013
2,216.10000000000002,16947.149786876897,970.2764495435429,1977.2419466938275,88.92094213886968,0.0,0.0,0.10039513389786013
2,216.20000000000002,16955.997106195588,971.1676736353115,1977.2419466938275,88.92094213886968,0.0,0.0,0.10039513389786013
2,216.3,16964.84442551428,972.0588977270802,1977.2419466938275,88.92094213886968,0.0,0.0,0.10039513389786013
2,216.4,16973.69174483297,972.9501218188489,1977.2419466938275,88.92094213886968,0.0,0.0,0.10039513389786013
2,216.5,16982.53906415166,973.8413459106175,1977.2419466938275,88.92094213886968,0.0,0.0,0.10039513389786013
2,216.60000000000002,16991.38638347035,974.7325700023862,1977.2419466938275,88.92094213886968,0.0,0.0,0.10039513389786013
2,216.70000000000002,17000.233702789043,975.6237940941548,1977.2419466938275,88.92094213886968,0.0,0.0,0.10039513389786013
2,216.8,17009.081022107734,976.5150181859235,1977.2419466938275,88.92094213886968,0.0,0.0,0.10039513389786013
2,216.9,17017.928341426425,977.4062422776922,1977.2419466938275,88.92094213886968,0.0,0.0,0.10039513389786013
2,217.0,17026.775660745116,978.2974663694608,1977.2419466938275,88.92094213886968,0.0,0.0,0.10039513389786013
2,217.10000000000002,17035.622980063807,979.1886904612295,1977.2419466938275,88.92094213886968,0.0,0.0,0.10039513389786013
2,217.20000000000002,17044.470299382498,980.0799145529982,1977.2419466938275,88.92094213886968,0.0,0.0,0.10039513389786013
2,217.3,17053.31761870119,980.9711386447668,1977.2419466938275,88.92094213886968,0.0,0.0,0.10039513389786013
2,217.4,17062.16493801988,981.8623627365355,1977.2419466938275,88.92094213886968,0.0,0.0,0.10039513389786013
2,217.5,17071.01225733857,982.7535868283042,1977.2419466938275,88.92094213886968,0.0,0.0,0.10039513389786013
2,217.60000000000002,17079.85957665726,983.6448109200728,1977.2419466938275,88.92094213886968,0.0,0.0,0.10039513389786013
2,217.70000000000002,17088.706895975953,984.5360350118415,1977.2419466938275,88.92094213886968,0.0,0.0,0.10039513389786013
2,217.8,17097.554215294644,985.4272591036101,1977.2419466938275,88.92094213886968,0.0,0.0,0.10039513389786013
2,217.9,17106.401534613335,986.3184831953788,1977.2419466938275,88.92094213886968,0.0,0.0,0.10039513389786013
2,218.0,17115.248853932026,987.2097072871475,1977.2419466938275,88.92094213886968,0.0,0.0,0.10039513389786013
2,218.10000000000002,17124.096173250717,988.1009313789161,1977.2419466938275,88.92094213886968,0.0,0.0,0.10039513389786013
2,218.20000000000002,17132.943492569408,988.9921554706848,1977.2419466938275,88.92094213886968,0.0,0.0,0.10039513389786013
2,218.3,17141.7908118881,989.8833795624535,1977.2419466938275,88.92094213886968,0.0,0.0,0.10039513389786013
2,218.4,17150.63813120679,990.7746036542221,1977.2419466938275,88.92094213886968,0.0,0.0,0.10039513389786013
2,218.5,17159.48545052548,991.6658277459908,1977.2419466938275,88.92094213886968,0.0,0.0,0.10039513389786013
2,218.60000000000002,17168.33276984417,992.5570518377594,1977.2419466938275,88.92094213886968,0.0,0.0,0.10039513389786013
2,218.70000000000002,17177.180089162863,993.4482759295281,1977.2419466938275,88.92094213886968,0.0,0.0,0.10039513389786013
2,218.8,17186.027408481554,994.3395000212968,1977.2419466938275,88.92094213886968,0.0,0.0,0.10039513389786013
2,218.9,17194.874727800245,995.2307241130654,1977.2419466938275,88.92094213886968,0.0,0.0,0.10039513389786013
2,219.0,17203.722047118936,996.1219482048341,1977.2419466938275,88.92094213886968,0.0,0.0,0.10039513389786013
2,219.10000000000002,17212.569366437627,997.0131722966028,1977.2419466938275,88.92094213886968,0.0,0.0,0.10039513389786013
2,219.20000000000002,17221.416685756318,997.9043963883714,1977.2419466938275,88.92094213886968,0.0,0.0,0.10039513389786013
2,219.3,17230.26400507501,998.7956204801401,1977.2419466938275,88.92094213886968,0.0,0.0,0.10039513389786013
2,219.4,17239.1113243937,999.6868445719088,1977.2419466938275,88.92094213886968,0.0,0.0,0.10039513389786013
2,219.5,17247.95864371239,1000.5780686636774,1977.2419466938275,88.92094213886968,0.0,0.0,0.10039513389786013
2,219.60000000000002,17256.80596303108,1001.4692927554461,1977.2419466938275,88.92094213886968,0.0,0.0,0.10039513389786013
2,219.70000000000002,17265.653282349773,1002.3605168472147,1977.2419466938275,88.92094213886968,0.0,0.0,0.10039513389786013
2,219.8,17274.500601668464,1003.2517409389834,1977.2419466938275,88.92094213886968,0.0,0.0,0.10039513389786013
2,219.9,17283.347920987155,1004.1429650307521,1977.2419466938275,88.92094213886968,0.0,0.0,0.10039513389786013
2,220.0,17292.195240305846,1005.0341891225207,1977.2419466938275,88.92094213886968,0.0,0.0,0.10039513389786013
2,220.10000000000002,17301.042559624537,1005.9254132142894,1977.2419466938275,88.92094213886968,0.0,0.0,0.10039513389786013
2,220.20000000000002,17309.889878943228,1006.816637306058,1977.2419466938275,88.92094213886968,0.0,0.0,0.10039513389786013
2,220.3,17318.73719826192,1007.7078613978267,1977.2419466938275,88.92094213886968,0.0,0.0,0.10039513389786013
2,220.4,17327.58451758061,1008.5990854895954,1977.2419466938275,88.92094213886968,0.0,0.0,0.10039513389786013
2,220.5,17336.4318368993,1009.490309581364,1977.2419466938275,88.92094213886968,0.0,0.0,0.10039513389786013
2,220.60000000000002,17345.279156217992,1010.3815336731327,1977.2419466938275,88.92094213886968,0.0,0.0,0.10039513389786013
2,220.70000000000002,17354.126475536683,1011.2727577649014,1977.2419466938275,88.92094213886968,0.0,0.0,0.10039513389786013
2,220.8,17362.973794855374,1012.16398185667,1977.2419466938275,88.92094213886968,0.0,0.0,0.10039513389786013
2,220.9,17371.821114174065,1013.0552059484387,1977.2419466938275,88.92094213886968,0.0,0.0,0.10039513389786013
2,221.0,17380.668433492756,1013.9464300402074,1977.2419466938275,88.92094213886968,0.0,0.0,0.10039513389786013
2,221.10000000000002,17389.515752811447,1014.837654131976,1977.2419466938275,88.92094213886968,0.0,0.0,0.10039513389786013
2,221.20000000000002,17398.363072130138,1015.7288782237447,1977.2419466938275,88.92094213886968,0.0,0.0,0.10039513389786013
2,221.3,17407.21039144883,1016.6201023155133,1977.2419466938275,88.92094213886968,0.0,0.0,0.10039513389786013
2,221.4,17416.05771076752,1017.511326407282,1977.2419466938275,88.92094213886968,0.0,0.0,0.10039513389786013
2,221.5,17424.90503008621,1018.4025504990507,1977.2419466938275,88.92094213886968,0.0,0.0,0.10039513389786013
2,221.60000000000002,17433.752349404902,1019.2937745908193,1977.2419466938275,88.92094213886968,0.0,0.0,0.10039513389786013
2,221.70000000000002,17442.599668723593,1020.184998682588,1977.2419466938275,88.92094213886968,0.0,0.0,0.10039513389786013
2,221.8,17451.446988042284,1021.0762227743567,1977.2419466938275,88.92094213886968,0.0,0.0,0.10039513389786013
2,221.9,17460.294307360975,1021.9674468661253,1977.2419466938275,88.92094213886968,0.0,0.0,0.10039513389786013
2,222.0,17469.141626679666,1022.858670957894,1977.2419466938275,88.92094213886968,0.0,0.0,0.10039513389786013
2,222.10000000000002,17477.988945998357,1023.7498950496627,1977.2419466938275,88.92094213886968,0.0,0.0,0.10039513389786013
2,222.20000000000002,17486.836265317048,1024.6411191414313,1977.2419466938275,88.92094213886968,0.0,0.0,0.10039513389786013
2,222.3,17495.68358463574,1025.5323432332,1977.2419466938275,88.92094213886968,0.0,0.0,0.10039513389786013
2,222.4,17504.53090395443,1026.4235673249686,1977.2419466938275,88.92094213886968,0.0,0.0,0.10039513389786013
2,222.5,17513.37822327312,1027.3147914167373,1977.2419466938275,88.92094213886968,0.0,0.0,0.10039513389786013
2,222.60000000000002,17522.225542591812,1028.206015508506,1977.2419466938275,88.92094213886968,0.0,0.0,0.10039513389786013
2,222.70000000000002,17531.072861910503,1029.0972396002746,1977.2419466938275,88.92094213886968,0.0,0.0,0.10039513389786013
2,222.8,17539.920181229194,1029.9884636920433,1977.2419466938275,88.92094213886968,0.0,0.0,0.10039513389786013
2,222.9,17548.767500547885,1030.879687783812,1977.2419466938275,88.92094213886968,0.0,0.0,0.10039513389786013
2,223.0,17557.614819866576,1031.7709118755806,1977.2419466938275,88.92094213886968,0.0,0.0,0.10039513389786013
2,223.10000000000002,17566.462139185267,1032.6621359673493,1977.2419466938275,88.92094213886968,0.0,0.0,0.10039513389786013
2,223.20000000000002,17575.309458503958,1033.553360059118,1977.2419466938275,88.92094213886968,0.0,0.0,0.10039513389786013
2,223.3,17584.15677782265,1034.4445841508866,1977.2419466938275,88.92094213886968,0.0,0.0,0.10039513389786013
2,223.4,17593.00409714134,1035.3358082426553,1977.2419466938275,88.92094213886968,0.0,0.0,0.10039513389786013
2,223.5,17601.85141646003,1036.227032334424,1977.2419466938275,88.92094213886968,0.0,0.0,0.10039513389786013
2,223.60000000000002,17610.698735778722,1037.1182564261926,1977.2419466938275,88.92094213886968,0.0,0.0,0.10039513389786013
2,223.70000000000002,17619.546055097413,1038.0094805179613,1977.2419466938275,88.92094213886968,0.0,0.0,0.10039513389786013
2,223.8,17628.393374416104,1038.90070460973,1977.2419466938275,88.92094213886968,0.0,0.0,0.10039513389786013
2,223.9,17637.240693734795,1039.7919287014986,1977.2419466938275,88.92094213886968,0.0,0.0,0.10039513389786013
2,224.0,17646.088013053486,1040.6831527932673,1977.2419466938275,88.92094213886968,0.0,0.0,0.10039513389786013
2,224.10000000000002,17654.935332372177,1041.574376885036,1977.2419466938275,88.92094213886968,0.0,0.0,0.10039513389786013
2,224.20000000000002,17663.782651690868,1042.4656009768046,1977.2419466938275,88.92094213886968,0.0,0.0,0.10039513389786013
2,224.3,17672.62997100956,1043.3568250685732,1977.2419466938275,88.92094213886968,0.0,0.0,0.10039513389786013
2,224.4,17681.47729032825,1044.248049160342,1977.2419466938275,88.92094213886968,0.0,0.0,0.10039513389786013
2,224.5,17690.32460964694,1045.1392732521106,1977.2419466938275,88.92094213886968,0.0,0.0,0.10039513389786013
2,224.60000000000002,17699.171928965632,1046.0304973438792,1977.2419466938275,88.92094213886968,0.0,0.0,0.10039513389786013
2,224.70000000000002,17708.019248284323,1046.921721435648,1977.2419466938275,88.92094213886968,0.0,0.0,0.10039513389786013
2,224.8,17716.866567603014,1047.8129455274166,1977.2419466938275,88.92094213886968,0.0,0.0,0.10039513389786013
2,224.9,17725.713886921705,1048.7041696191852,1977.2419466938275,88.92094213886968,0.0,0.0,0.10039513389786013
2,225.0,17734.561206240396,1049.5953937109539,1977.2419466938275,88.92094213886968,0.0,0.0,0.10039513389786013
2,225.10000000000002,17743.408525559087,1050.4866178027225,1977.2419466938275,88.92094213886968,0.0,0.0,0.10039513389786013
2,225.20000000000002,17752.255844877778,1051.3778418944912,1977.2419466938275,88.92094213886968,0.0,0.0,0.10039513389786013
2,225.3,17761.10316419647,1052.2690659862599,1977.2419466938275,88.92094213886968,0.0,0.0,0.10039513389786013
2,225.4,17769.95048351516,1053.1602900780285,1977.2419466938275,88.92094213886968,0.0,0.0,0.10039513389786013
2,225.5,17778.79780283385,1054.0515141697972,1977.2419466938275,88.92094213886968,0.0,0.0,0.10039513389786013
2,225.60000000000002,17787.645122152542,1054.9427382615659,1977.2419466938275,88.92094213886968,0.0,0.0,0.10039513389786013
2,225.70000000000002,17796.492441471233,1055.8339623533345,1977.2419466938275,88.92094213886968,0.0,0.0,0.10039513389786013
2,225.8,17805.339760789924,1056.7251864451032,1977.2419466938275,88.92094213886968,0.0,0.0,0.10039513389786013
2,225.9,17814.187080108615,1057.6164105368719,1977.2419466938275,88.92094213886968,0.0,0.0,0.10039513389786013
2,226.0,17823.034399427306,1058.5076346286405,1977.2419466938275,88.92094213886968,0.0,0.0,0.10039513389786013
2,226.10000000000002,17831.881718745997,1059.3988587204092,1977.2419466938275,88.92094213886968,0.0,0.0,0.10039513389786013
2,226.20000000000002,17840.72903806469,1060.2900828121778,1977.2419466938275,88.92094213886968,0.0,0.0,0.10039513389786013
2,226.3,17849.57635738338,1061.1813069039465,1977.2419466938275,88.92094213886968,0.0,0.0,0.10039513389786013
2,226.4,17858.42367670207,1062.0725309957152,1977.2419466938275,88.92094213886968,0.0,0.0,0.10039513389786013
2,226.5,17867.27099602076,1062.9637550874838,1977.2419466938275,88.92094213886968,0.0,0.0,0.10039513389786013
2,226.60000000000002,17876.118315339452,1063.8549791792525,1977.2419466938275,88.92094213886968,0.0,0.0,0.10039513389786013
2,226.70000000000002,17884.965634658143,1064.7462032710212,1977.2419466938275,88.92094213886968,0.0,0.0,0.10039513389786013
2,226.8,17893.812953976834,1065.6374273627898,1977.2419466938275,88.92094213886968,0.0,0.0,0.10039513389786013
2,226.9,17902.660273295525,1066.5286514545585,1977.2419466938275,88.92094213886968,0.0,0.0,0.10039513389786013
2,227.0,17911.507592614216,1067.4198755463271,1977.2419466938275,88.92094213886968,0.0,0.0,0.10039513389786013
2,227.10000000000002,17920.354911932907,1068.3110996380958,1977.2419466938275,88.92094213886968,0.0,0.0,0.10039513389786013
2,227.20000000000002,17929.2022312516,1069.2023237298645,1977.2419466938275,88.92094213886968,0.0,0.0,0.10039513389786013
2,227.3,17938.04955057029,1070.0935478216331,1977.2419466938275,88.92094213886968,0.0,0.0,0.10039513389786013
2,227.4,17946.89686988898,1070.9847719134018,1977.2419466938275,88.92094213886968,0.0,0.0,0.10039513389786013
2,227.5,17955.74418920767,1071.8759960051705,1977.2419466938275,88.92094213886968,0.0,0.0,0.10039513389786013
2,227.60000000000002,17964.591508526362,1072.7672200969391,1977.2419466938275,88.92094213886968,0.0,0.0,0.10039513389786013
2,227.70000000000002,17973.438827845053,1073.6584441887078,1977.2419466938275,88.92094213886968,0.0,0.0,0.10039513389786013
2,227.8,17982.286147163744,1074.5496682804765,1977.2419466938275,88.92094213886968,0.0,0.0,0.10039513389786013
2,227.9,17991.133466482435,1075.4408923722451,1977.2419466938275,88.92094213886968,0.0,0.0,0.10039513389786013
2,228.0,17999.980785801126,1076.3321164640138,1977.2419466938275,88.92094213886968,0.0,0.0,0.10039513389786013
2,228.10000000000002,18008.828105119817,1077.2233405557824,1977.2419466938275,88.92094213886968,0.0,0.0,0.10039513389786013
2,228.20000000000002,18017.67542443851,1078.114564647551,1977.2419466938275,88.92094213886968,0.0,0.0,0.10039513389786013
2,228.3,18026.5227437572,1079.0057887393198,1977.2419466938275,88.92094213886968,0.0,0.0,0.10039513389786013
2,228.4,18035.37006307589,1079.8970128310884,1977.2419466938275,88.92094213886968,0.0,0.0,0.10039513389786013
2,228.5,18044.21738239458,1080.788236922857,1977.2419466938275,88.92094213886968,0.0,0.0,0.10039513389786013
2,228.60000000000002,18053.064701713272,1081.6794610146258,1977.2419466938275,88.92094213886968,0.0,0.0,0.10039513389786013
2,228.70000000000002,18061.912021031963,1082.5706851063944,1977.2419466938275,88.92094213886968,0.0,0.0,0.10039513389786013
2,228.8,18070.759340350654,1083.461909198163,1977.2419466938275,88.92094213886968,0.0,0.0,0.10039513389786013
2,228.9,18079.606659669345,1084.3531332899317,1977.2419466938275,88.92094213886968,0.0,0.0,0.10039513389786013
2,229.0,18088.453978988036,1085.2443573817004,1977.2419466938275,88.92094213886968,0.0,0.0,0.10039513389786013
2,229.10000000000002,18097.301298306727,1086.135581473469,1977.2419466938275,88.92094213886968,0.0,0.0,0.10039513389786013
2,229.20000000000002,18106.14861762542,1087.0268055652377,1977.2419466938275,88.92094213886968,0.0,0.0,0.10039513389786013
2,229.3,18114.99593694411,1087.9180296570064,1977.2419466938275,88.92094213886968,0.0,0.0,0.10039513389786013
2,229.4,18123.8432562628,1088.809253748775,1977.2419466938275,88.92094213886968,0.0,0.0,0.10039513389786013
2,229.5,18132.69057558149,1089.7004778405437,1977.2419466938275,88.92094213886968,0.0,0.0,0.10039513389786013
2,229.60000000000002,18141.537894900182,1090.5917019323124,1977.2419466938275,88.92094213886968,0.0,0.0,0.10039513389786013
2,229.70000000000002,18150.385214218873,1091.482926024081,1977.2419466938275,88.92094213886968,0.0,0.0,0.10039513389786013
2,229.8,18159.232533537564,1092.3741501158497,1977.2419466938275,88.92094213886968,0.0,0.0,0.10039513389786013
2,229.9,18168.079852856255,1093.2653742076184,1977.2419466938275,88.92094213886968,0.0,0.0,0.10039513389786013
2,230.0,18176.927172174946,1094.156598299387,1977.2419466938275,88.92094213886968,0.0,0.0,0.10039513389786013
2,230.10000000000002,18185.774491493637,1095.0478223911557,1977.2419466938275,88.92094213886968,0.0,0.0,0.10039513389786013
2,230.20000000000002,18194.62181081233,1095.9390464829244,1977.2419466938275,88.92094213886968,0.0,0.0,0.10039513389786013
2,230.3,18203.46913013102,1096.830270574693,1977.2419466938275,88.92094213886968,0.0,0.0,0.10039513389786013
2,230.4,18212.31644944971,1097.7214946664617,1977.2419466938275,88.92094213886968,0.0,0.0,0.10039513389786013
2,230.5,18221.1637687684,1098.6127187582304,1977.2419466938275,88.92094213886968,0.0,0.0,0.10039513389786013
2,230.60000000000002,18230.011088087093,1099.503942849999,1977.2419466938275,88.92094213886968,0.0,0.0,0.10039513389786013
2,230.70000000000002,18238.858407405784,1100.3951669417677,1977.2419466938275,88.92094213886968,0.0,0.0,0.10039513389786013
2,230.8,18247.705726724475,1101.2863910335363,1977.2419466938275,88.92094213886968,0.0,0.0,0.10039513389786013
2,230.9,18256.553046043166,1102.177615125305,1977.2419466938275,88.92094213886968,0.0,0.0,0.10039513389786013
2,231.0,18265.400365361857,1103.0688392170737,1977.2419466938275,88.92094213886968,0.0,0.0,0.10039513389786013
2,231.10000000000002,18274.247684680548,1103.9600633088423,1977.2419466938275,88.92094213886968,0.0,0.0,0.10039513389786013
2,231.20000000000002,18283.09500399924,1104.851287400611,1977.2419466938275,88.92094213886968,0.0,0.0,0.10039513389786013
2,231.3,18291.94232331793,1105.7425114923797,1977.2419466938275,88.92094213886968,0.0,0.0,0.10039513389786013
2,231.4,18300.78964263662,1106.6337355841483,1977.2419466938275,88.92094213886968,0.0,0.0,0.10039513389786013
2,231.5,18309.63696195531,1107.524959675917,1977.2419466938275,88.92094213886968,0.0,0.0,0.10039513389786013
2,231.60000000000002,18318.484281274003,1108.4161837676857,1977.2419466938275,88.92094213886968,0.0,0.0,0.10039513389786013
2,231.70000000000002,18327.331600592694,1109.3074078594543,1977.2419466938275,88.92094213886968,0.0,0.0,0.10039513389786013
2,231.8,18336.178919911385,1110.198631951223,1977.2419466938275,88.92094213886968,0.0,0.0,0.10039513389786013
2,231.9,18345.026239230076,1111.0898560429916,1977.2419466938275,88.92094213886968,0.0,0.0,0.10039513389786013
2,232.0,18353.873558548767,1111.9810801347603,1977.2419466938275,88.92094213886968,0.0,0.0,0.10039513389786013
2,232.10000000000002,18362.720877867458,1112.872304226529,1977.2419466938275,88.92094213886968,0.0,0.0,0.10039513389786013
2,232.20000000000002,18371.56819718615,1113.7635283182976,1977.2419466938275,88.92094213886968,0.0,0.0,0.10039513389786013
2,232.3,18380.41551650484,1114.6547524100663,1977.2419466938275,88.92094213886968,0.0,0.0,0.10039513389786013
2,232.4,18389.26283582353,1115.545976501835,1977.2419466938275,88.92094213886968,0.0,0.0,0.10039513389786013
2,232.5,18398.11015514222,1116.4372005936036,1977.2419466938275,88.92094213886968,0.0,0.0,0.10039513389786013
2,232.60000000000002,18406.957474460913,1117.3284246853723,1977.2419466938275,88.92094213886968,0.0,0.0,0.10039513389786013
2,232.70000000000002,18415.804793779604,1118.219648777141,1977.2419466938275,88.92094213886968,0.0,0.0,0.10039513389786013
2,232.8,18424.652113098295,1119.1108728689096,1977.2419466938275,88.92094213886968,0.0,0.0,0.10039513389786013
2,232.9,18433.499432416986,1120.0020969606783,1977.2419466938275,88.92094213886968,0.0,0.0,0.10039513389786013
2,233.0,18442.346751735677,1120.893321052447,1977.2419466938275,88.92094213886968,0.0,0.0,0.10039513389786013
2,233.10000000000002,18451.194071054368,1121.7845451442156,1977.2419466938275,88.92094213886968,0.0,0.0,0.10039513389786013
2,233.20000000000002,18460.04139037306,1122.6757692359843,1977.2419466938275,88.92094213886968,0.0,0.0,0.10039513389786013
2,233.3,18468.88870969175,1123.566993327753,1977.2419466938275,88.92094213886968,0.0,0.0,0.10039513389786013
2,233.4,18477.73602901044,1124.4582174195216,1977.2419466938275,88.92094213886968,0.0,0.0,0.10039513389786013
2,233.5,18486.58334832913,1125.3494415112903,1977.2419466938275,88.92094213886968,0.0,0.0,0.10039513389786013
2,233.60000000000002,18495.430667647823,1126.240665603059,1977.2419466938275,88.92094213886968,0.0,0.0,0.10039513389786013
2,233.70000000000002,18504.277986966514,1127.1318896948276,1977.2419466938275,88.92094213886968,0.0,0.0,0.10039513389786013
2,233.8,18513.125306285205,1128.0231137865962,1977.2419466938275,88.92094213886968,0.0,0.0,0.10039513389786013
2,233.9,18521.972625603896,1128.914337878365,1977.2419466938275,88.92094213886968,0.0,0.0,0.10039513389786013
2,234.0,18530.819944922587,1129.8055619701336,1977.2419466938275,88.92094213886968,0.0,0.0,0.10039513389786013
2,234.10000000000002,18539.667264241278,1130.6967860619022,1977.2419466938275,88.92094213886968,0.0,0.0,0.10039513389786013
2,234.20000000000002,18548.51458355997,1131.588010153671,1977.2419466938275,88.92094213886968,0.0,0.0,0.10039513389786013
2,234.3,18557.36190287866,1132.4792342454396,1977.2419466938275,88.92094213886968,0.0,0.0,0.10039513389786013
2,234.4,18566.20922219735,1133.3704583372082,1977.2419466938275,88.92094213886968,0.0,0.0,0.10039513389786013
2,234.5,18575.05654151604,1134.2616824289769,1977.2419466938275,88.92094213886968,0.0,0.0,0.10039513389786013
2,234.60000000000002,18583.903860834733,1135.1529065207455,1977.2419466938275,88.92094213886968,0.0,0.0,0.10039513389786013
2,234.70000000000002,18592.751180153424,1136.0441306125142,1977.2419466938275,88.92094213886968,0.0,0.0,0.10039513389786013
2,234.8,18601.598499472115,1136.9353547042829,1977.2419466938275,88.92094213886968,0.0,0.0,0.10039513389786013
2,234.9,18610.445818790806,1137.8265787960515,1977.2419466938275,88.92094213886968,0.0,0.0,0.10039513389786013
2,235.0,18619.293138109497,1138.7178028878202,1977.2419466938275,88.92094213886968,0.0,0.0,0.10039513389786013
2,235.10000000000002,18628.140457428188,1139.6090269795889,1977.2419466938275,88.92094213886968,0.0,0.0,0.10039513389786013
2,235.20000000000002,18636.98777674688,1140.5002510713575,1977.2419466938275,88.92094213886968,0.0,0.0,0.10039513389786013
2,235.3,18645.83509606557,1141.3914751631262,1977.2419466938275,88.92094213886968,0.0,0.0,0.10039513389786013
2,235.4,18654.68241538426,1142.2826992548949,1977.2419466938275,88.92094213886968,0.0,0.0,0.10039513389786013
2,235.5,18663.529734702952,1143.1739233466635,1977.2419466938275,88.92094213886968,0.0,0.0,0.10039513389786013
2,235.60000000000002,18672.377054021643,1144.0651474384322,1977.2419466938275,88.92094213886968,0.0,0.0,0.10039513389786013
2,235.70000000000002,18681.224373340334,1144.9563715302008,1977.2419466938275,88.92094213886968,0.0,0.0,0.10039513389786013
2,235.8,18690.071692659025,1145.8475956219695,1977.2419466938275,88.92094213886968,0.0,0.0,0.10039513389786013
2,235.9,18698.919011977716,1146.7388197137382,1977.2419466938275,88.92094213886968,0.0,0.0,0.10039513389786013
2,236.0,18707.766331296407,1147.6300438055068,1977.2419466938275,88.92094213886968,0.0,0.0,0.10039513389786013
2,236.10000000000002,18716.613650615098,1148.5212678972755,1977.2419466938275,88.92094213886968,0.0,0.0,0.10039513389786013
2,236.20000000000002,18725.46096993379,1149.4124919890442,1977.2419466938275,88.92094213886968,0.0,0.0,0.10039513389786013
2,236.3,18734.30828925248,1150.3037160808128,1977.2419466938275,88.92094213886968,0.0,0.0,0.10039513389786013
2,236.4,18743.15560857117,1151.1949401725815,1977.2419466938275,88.92094213886968,0.0,0.0,0.10039513389786013
2,236.5,18752.002927889862,1152.0861642643501,1977.2419466938275,88.92094213886968,0.0,0.0,0.10039513389786013
2,236.60000000000002,18760.850247208553,1152.9773883561188,1977.2419466938275,88.92094213886968,0.0,0.0,0.10039513389786013
2,236.70000000000002,18769.697566527244,1153.8686124478875,1977.2419466938275,88.92094213886968,0.0,0.0,0.10039513389786013
2,236.8,18778.544885845935,1154.7598365396561,1977.2419466938275,88.92094213886968,0.0,0.0,0.10039513389786013
2,236.9,18787.392205164626,1155.6510606314248,1977.2419466938275,88.92094213886968,0.0,0.0,0.10039513389786013
2,237.0,18796.239524483317,1156.5422847231935,1977.2419466938275,88.92094213886968,0.0,0.0,0.10039513389786013
2,237.10000000000002,18805.086843802008,1157.4335088149621,1977.2419466938275,88.92094213886968,0.0,0.0,0.10039513389786013
2,237.20000000000002,18813.9341631207,1158.3247329067308,1977.2419466938275,88.92094213886968,0.0,0.0,0.10039513389786013
2,237.3,18822.78148243939,1159.2159569984995,1977.2419466938275,88.92094213886968,0.0,0.0,0.10039513389786013
2,237.4,18831.62880175808,1160.107181090268,1977.2419466938275,88.92094213886968,0.0,0.0,0.10039513389786013
2,237.5,18840.476121076772,1160.9984051820368,1977.2419466938275,88.92094213886968,0.0,0.0,0.10039513389786013
2,237.60000000000002,18849.323440395463,1161.8896292738054,1977.2419466938275,88.92094213886968,0.0,0.0,0.10039513389786013
2,237.70000000000002,18858.170759714154,1162.780853365574,1977.2419466938275,88.92094213886968,0.0,0.0,0.10039513389786013
2,237.8,18867.018079032845,1163.6720774573428,1977.2419466938275,88.92094213886968,0.0,0.0,0.10039513389786013
2,237.9,18875.865398351536,1164.5633015491114,1977.2419466938275,88.92094213886968,0.0,0.0,0.10039513389786013
2,238.0,18884.712717670227,1165.45452564088,1977.2419466938275,88.92094213886968,0.0,0.0,0.10039513389786013
2,238.10000000000002,18893.560036988918,1166.3457497326488,1977.2419466938275,88.92094213886968,0.0,0.0,0.10039513389786013
2,238.20000000000002,18902.40735630761,1167.2369738244174,1977.2419466938275,88.92094213886968,0.0,0.0,0.10039513389786013
2,238.3,18911.2546756263,1168.128197916186,1977.2419466938275,88.92094213886968,0.0,0.0,0.10039513389786013
2,238.4,18920.10199494499,1169.0194220079547,1977.2419466938275,88.92094213886968,0.0,0.0,0.10039513389786013
2,238.5,18928.949314263682,1169.9106460997234,1977.2419466938275,88.92094213886968,0.0,0.0,0.10039513389786013
2,238.60000000000002,18937.796633582373,1170.801870191492,1977.2419466938275,88.92094213886968,0.0,0.0,0.10039513389786013
2,238.70000000000002,18946.643952901064,1171.6930942832607,1977.2419466938275,88.92094213886968,0.0,0.0,0.10039513389786013
2,238.8,18955.491272219755,1172.5843183750294,1977.2419466938275,88.92094213886968,0.0,0.0,0.10039513389786013
2,238.9,18964.338591538446,1173.475542466798,1977.2419466938275,88.92094213886968,0.0,0.0,0.10039513389786013
2,239.0,18973.185910857137,1174.3667665585667,1977.2419466938275,88.92094213886968,0.0,0.0,0.10039513389786013
2,239.10000000000002,18982.033230175828,1175.2579906503354,1977.2419466938275,88.92094213886968,0.0,0.0,0.10039513389786013
2,239.20000000000002,18990.88054949452,1176.149214742104,1977.2419466938275,88.92094213886968,0.0,0.0,0.10039513389786013
2,239.3,18999.72786881321,1177.0404388338727,1977.2419466938275,88.92094213886968,0.0,0.0,0.10039513389786013
2,239.4,19008.5751881319,1177.9316629256414,1977.2419466938275,88.92094213886968,0.0,0.0,0.10039513389786013
2,239.5,19017.422507450592,1178.82288701741,1977.2419466938275,88.92094213886968,0.0,0.0,0.10039513389786013
2,239.60000000000002,19026.269826769283,1179.7141111091787,1977.2419466938275,88.92094213886968,0.0,0.0,0.10039513389786013
2,239.70000000000002,19035.117146087974,1180.6053352009474,1977.2419466938275,88.92094213886968,0.0,0.0,0.10039513389786013
2,239.8,19043.964465406665,1181.496559292716,1977.2419466938275,88.92094213886968,0.0,0.0,0.10039513389786013
2,239.9,19052.811784725356,1182.3877833844847,1977.2419466938275,88.92094213886968,0.0,0.0,0.10039513389786013
2,240.0,19061.659104044047,1183.2790074762534,1977.2419466938275,88.92094213886968,0.0,0.0,0.10039513389786013
2,240.10000000000002,19070.506423362738,1184.170231568022,1977.2419466938275,88.92094213886968,0.0,0.0,0.10039513389786013
2,240.20000000000002,19079.35374268143,1185.0614556597907,1977.2419466938275,88.92094213886968,0.0,0.0,0.10039513389786013
2,240.3,19088.20106200012,1185.9526797515593,1977.2419466938275,88.92094213886968,0.0,0.0,0.10039513389786013
2,240.4,19097.04838131881,1186.843903843328,1977.2419466938275,88.92094213886968,0.0,0.0,0.10039513389786013
2,240.5,19105.895700637502,1187.7351279350967,1977.2419466938275,88.92094213886968,0.0,0.0,0.10039513389786013
2,240.60000000000002,19114.743019956193,1188.6263520268653,1977.2419466938275,88.92094213886968,0.0,0.0,0.10039513389786013
2,240.70000000000002,19123.590339274884,1189.517576118634,1977.2419466938275,88.92094213886968,0.0,0.0,0.10039513389786013
2,240.8,19132.437658593575,1190.4088002104027,1977.2419466938275,88.92094213886968,0.0,0.0,0.10039513389786013
2,240.9,19141.284977912266,1191.3000243021713,1977.2419466938275,88.92094213886968,0.0,0.0,0.10039513389786013
2,241.0,19150.132297230957,1192.19124839394,1977.2419466938275,88.92094213886968,0.0,0.0,0.10039513389786013
2,241.10000000000002,19158.97961654965,1193.0824724857086,1977.2419466938275,88.92094213886968,0.0,0.0,0.10039513389786013
2,241.20000000000002,19167.82693586834,1193.9736965774773,1977.2419466938275,88.92094213886968,0.0,0.0,0.10039513389786013
2,241.3,19176.67425518703,1194.864920669246,1977.2419466938275,88.92094213886968,0.0,0.0,0.10039513389786013
2,241.4,19185.52157450572,1195.7561447610146,1977.2419466938275,88.92094213886968,0.0,0.0,0.10039513389786013
2,241.5,19194.368893824412,1196.6473688527833,1977.2419466938275,88.92094213886968,0.0,0.0,0.10039513389786013
2,241.60000000000002,19203.216213143103,1197.538592944552,1977.2419466938275,88.92094213886968,0.0,0.0,0.10039513389786013
2,241.70000000000002,19212.063532461794,1198.4298170363206,1977.2419466938275,88.92094213886968,0.0,0.0,0.10039513389786013
2,241.8,19220.910851780485,1199.3210411280893,1977.2419466938275,88.92094213886968,0.0,0.0,0.10039513389786013
2,241.9,19229.758171099176,1200.212265219858,1977.2419466938275,88.92094213886968,0.0,0.0,0.10039513389786013
2,242.0,19238.605490417867,1201.1034893116266,1977.2419466938275,88.92094213886968,0.0,0.0,0.10039513389786013
2,242.10000000000002,19247.45280973656,1201.9947134033953,1977.2419466938275,88.92094213886968,0.0,0.0,0.10039513389786013
2,242.20000000000002,19256.30012905525,1202.885937495164,1977.2419466938275,88.92094213886968,0.0,0.0,0.10039513389786013
2,242.3,19265.14744837394,1203.7771615869326,1977.2419466938275,88.92094213886968,0.0,0.0,0.10039513389786013
2,242.4,19273.99476769263,1204.6683856787013,1977.2419466938275,88.92094213886968,0.0,0.0,0.10039513389786013
2,242.5,19282.842087011322,1205.55960977047,1977.2419466938275,88.92094213886968,0.0,0.0,0.10039513389786013
2,242.60000000000002,19291.689406330013,1206.4508338622386,1977.2419466938275,88.92094213886968,0.0,0.0,0.10039513389786013
2,242.70000000000002,19300.536725648704,1207.3420579540073,1977.2419466938275,88.92094213886968,0.0,0.0,0.10039513389786013
2,242.8,19309.384044967395,1208.233282045776,1977.2419466938275,88.92094213886968,0.0,0.0,0.10039513389786013
2,242.9,19318.231364286086,1209.1245061375446,1977.2419466938275,88.92094213886968,0.0,0.0,0.10039513389786013
2,243.0,19327.078683604777,1210.0157302293132,1977.2419466938275,88.92094213886968,0.0,0.0,0.10039513389786013
2,243.10000000000002,19335.92600292347,1210.906954321082,1977.2419466938275,88.92094213886968,0.0,0.0,0.10039513389786013
2,243.20000000000002,19344.77332224216,1211.7981784128506,1977.2419466938275,88.92094213886968,0.0,0.0,0.10039513389786013
2,243.3,19353.62064156085,1212.6894025046192,1977.2419466938275,88.92094213886968,0.0,0.0,0.10039513389786013
2,243.4,19362.46796087954,1213.580626596388,1977.2419466938275,88.92094213886968,0.0,0.0,0.10039513389786013
2,243.5,19371.315280198232,1214.4718506881566,1977.2419466938275,88.92094213886968,0.0,0.0,0.10039513389786013
2,243.60000000000002,19380.162599516923,1215.3630747799252,1977.2419466938275,88.92094213886968,0.0,0.0,0.10039513389786013
2,243.70000000000002,19389.009918835614,1216.254298871694,1977.2419466938275,88.92094213886968,0.0,0.0,0.10039513389786013
2,243.8,19397.857238154305,1217.1455229634626,1977.2419466938275,88.92094213886968,0.0,0.0,0.10039513389786013
2,243.9,19406.704557472996,1218.0367470552312,1977.2419466938275,88.92094213886968,0.0,0.0,0.10039513389786013
2,244.0,19415.551876791687,1218.9279711469999,1977.2419466938275,88.92094213886968,0.0,0.0,0.10039513389786013
2,244.10000000000002,19424.39919611038,1219.8191952387685,1977.2419466938275,88.92094213886968,0.0,0.0,0.10039513389786013
2,244.20000000000002,19433.24651542907,1220.7104193305372,1977.2419466938275,88.92094213886968,0.0,0.0,0.10039513389786013
2,244.3,19442.09383474776,1221.6016434223059,1977.2419466938275,88.92094213886968,0.0,0.0,0.10039513389786013
2,244.4,19450.94115406645,1222.4928675140745,1977.2419466938275,88.92094213886968,0.0,0.0,0.10039513389786013
2,244.5,19459.788473385142,1223.3840916058432,1977.2419466938275,88.92094213886968,0.0,0.0,0.10039513389786013
2,244.60000000000002,19468.635792703833,1224.2753156976119,1977.2419466938275,88.92094213886968,0.0,0.0,0.10039513389786013
2,244.70000000000002,19477.483112022524,1225.1665397893805,1977.2419466938275,88.92094213886968,0.0,0.0,0.10039513389786013
2,244.8,19486.330431341215,1226.0577638811492,1977.2419466938275,88.92094213886968,0.0,0.0,0.10039513389786013
2,244.9,19495.177750659906,1226.9489879729178,1977.2419466938275,88.92094213886968,0.0,0.0,0.10039513389786013
2,245.0,19504.025069978597,1227.8402120646865,1977.2419466938275,88.92094213886968,0.0,0.0,0.10039513389786013
2,245.10000000000002,19512.87238929729,1228.7314361564552,1977.2419466938275,88.92094213886968,0.0,0.0,0.10039513389786013
2,245.20000000000002,19521.71970861598,1229.6226602482238,1977.2419466938275,88.92094213886968,0.0,0.0,0.10039513389786013
2,245.3,19530.56702793467,1230.5138843399925,1977.2419466938275,88.92094213886968,0.0,0.0,0.10039513389786013
2,245.4,19539.41434725336,1231.4051084317612,1977.2419466938275,88.92094213886968,0.0,0.0,0.10039513389786013
2,245.5,19548.261666572052,1232.2963325235298,1977.2419466938275,88.92094213886968,0.0,0.0,0.10039513389786013
2,245.60000000000002,19557.108985890743,1233.1875566152985,1977.2419466938275,88.92094213886968,0.0,0.0,0.10039513389786013
2,245.70000000000002,19565.956305209435,1234.0787807070672,1977.2419466938275,88.92094213886968,0.0,0.0,0.10039513389786013
2,245.8,19574.803624528126,1234.9700047988358,1977.2419466938275,88.92094213886968,0.0,0.0,0.10039513389786013
2,245.9,19583.650943846817,1235.8612288906045,1977.2419466938275,88.92094213886968,0.0,0.0,0.10039513389786013
2,246.0,19592.498263165508,1236.7524529823731,1977.2419466938275,88.92094213886968,0.0,0.0,0.10039513389786013
2,246.10000000000002,19601.3455824842,1237.6436770741418,1977.2419466938275,88.92094213886968,0.0,0.0,0.10039513389786013
2,246.20000000000002,19610.19290180289,1238.5349011659105,1977.2419466938275,88.92094213886968,0.0,0.0,0.10039513389786013
2,246.3,19619.04022112158,1239.4261252576791,1977.2419466938275,88.92094213886968,0.0,0.0,0.10039513389786013
2,246.4,19627.88754044027,1240.3173493494478,1977.2419466938275,88.92094213886968,0.0,0.0,0.10039513389786013
2,246.5,19636.734859758963,1241.2085734412165,1977.2419466938275,88.92094213886968,0.0,0.0,0.10039513389786013
2,246.60000000000002,19645.582179077654,1242.0997975329851,1977.2419466938275,88.92094213886968,0.0,0.0,0.10039513389786013
2,246.70000000000002,19654.429498396345,1242.9910216247538,1977.2419466938275,88.92094213886968,0.0,0.0,0.10039513389786013
2,246.8,19663.276817715036,1243.8822457165224,1977.2419466938275,88.92094213886968,0.0,0.0,0.10039513389786013
2,246.9,19672.124137033727,1244.773469808291,1977.2419466938275,88.92094213886968,0.0,0.0,0.10039513389786013
2,247.0,19680.971456352418,1245.6646939000598,1977.2419466938275,88.92094213886968,0.0,0.0,0.10039513389786013
2,247.10000000000002,19689.81877567111,1246.5559179918284,1977.2419466938275,88.92094213886968,0.0,0.0,0.10039513389786013
2,247.20000000000002,19698.6660949898,1247.447142083597,1977.2419466938275,88.92094213886968,0.0,0.0,0.10039513389786013
2,247.3,19707.51341430849,1248.3383661753658,1977.2419466938275,88.92094213886968,0.0,0.0,0.10039513389786013
2,247.4,19716.36073362718,1249.2295902671344,1977.2419466938275,88.92094213886968,0.0,0.0,0.10039513389786013
2,247.5,19725.208052945873,1250.120814358903,1977.2419466938275,88.92094213886968,0.0,0.0,0.10039513389786013
2,247.60000000000002,19734.055372264564,1251.0120384506718,1977.2419466938275,88.92094213886968,0.0,0.0,0.10039513389786013
2,247.70000000000002,19742.902691583255,1251.9032625424404,1977.2419466938275,88.92094213886968,0.0,0.0,0.10039513389786013
2,247.8,19751.750010901946,1252.794486634209,1977.2419466938275,88.92094213886968,0.0,0.0,0.10039513389786013
2,247.9,19760.597330220637,1253.6857107259777,1977.2419466938275,88.92094213886968,0.0,0.0,0.10039513389786013
2,248.0,19769.444649539328,1254.5769348177464,1977.2419466938275,88.92094213886968,0.0,0.0,0.10039513389786013
2,248.10000000000002,19778.29196885802,1255.468158909515,1977.2419466938275,88.92094213886968,0.0,0.0,0.10039513389786013
2,248.20000000000002,19787.13928817671,1256.3593830012837,1977.2419466938275,88.92094213886968,0.0,0.0,0.10039513389786013
2,248.3,19795.9866074954,1257.2506070930524,1977.2419466938275,88.92094213886968,0.0,0.0,0.10039513389786013
2,248.4,19804.83392681409,1258.141831184821,1977.2419466938275,88.92094213886968,0.0,0.0,0.10039513389786013
2,248.5,19813.681246132783,1259.0330552765897,1977.2419466938275,88.92094213886968,0.0,0.0,0.10039513389786013
2,248.60000000000002,19822.528565451474,1259.9242793683584,1977.2419466938275,88.92094213886968,0.0,0.0,0.10039513389786013
2,248.70000000000002,19831.375884770165,1260.815503460127,1977.2419466938275,88.92094213886968,0.0,0.0,0.10039513389786013
2,248.8,19840.223204088856,1261.7067275518957,1977.2419466938275,88.92094213886968,0.0,0.0,0.10039513389786013
2,248.9,19849.070523407547,1262.5979516436644,1977.2419466938275,88.92094213886968,0.0,0.0,0.10039513389786013
2,249.0,19857.917842726238,1263.489175735433,1977.2419466938275,88.92094213886968,0.0,0.0,0.10039513389786013
2,249.10000000000002,19866.76516204493,1264.3803998272017,1977.2419466938275,88.92094213886968,0.0,0.0,0.10039513389786013
2,249.20000000000002,19875.61248136362,1265.2716239189704,1977.2419466938275,88.92094213886968,0.0,0.0,0.10039513389786013
2,249.3,19884.45980068231,1266.162848010739,1977.2419466938275,88.92094213886968,0.0,0.0,0.10039513389786013
2,249.4,19893.307120001,1267.0540721025077,1977.2419466938275,88.92094213886968,0.0,0.0,0.10039513389786013
2,249.5,19902.154439319693,1267.9452961942764,1977.2419466938275,88.92094213886968,0.0,0.0,0.10039513389786013
2,249.60000000000002,19911.001758638384,1268.836520286045,1977.2419466938275,88.92094213886968,0.0,0.0,0.10039513389786013
2,249.70000000000002,19919.849077957075,1269.7277443778137,1977.2419466938275,88.92094213886968,0.0,0.0,0.10039513389786013
2,249.8,19928.696397275766,1270.6189684695823,1977.2419466938275,88.92094213886968,0.0,0.0,0.10039513389786013
2,249.9,19937.543716594457,1271.510192561351,1977.2419466938275,88.92094213886968,0.0,0.0,0.10039513389786013
2,250.0,19946.391035913148,1272.4014166531197,1977.2419466938275,88.92094213886968,0.0,0.0,0.10039513389786013
